100644 blob c6ed67b99ea171b7392f06ea39d9754d7adcbbe3	architecture.json
100644 blob dc40f289b5578881f267f08f4eb52e3f97419224	evidence/coordinator/accepted/stage-1.json
100644 blob 1e3924410476a9bd824186e73f088026c190ba95	evidence/coordinator/append_event.py
100644 blob 969ff4283dc62820085fbbe2bc95915d5283c88e	evidence/coordinator/audit_coverage.py
100644 blob c7fb29d83a56a7824cfce24662543b0ad8bb665e	evidence/coordinator/freeze_stage.py
100644 blob 52024d6706698a67d1b8c31cf6c0228479881399	evidence/coordinator/handoffs/TK-20261004-S1-independent-verifier-A.txt
100644 blob 3d6e3f346afd0f256bab428ce43d6ef986d4cc24	evidence/coordinator/handoffs/TK-20261004-S1-independent-verifier-CANDIDATE-1.txt
100644 blob 96f8a5cedfb219909269b4023e00bba33223d505	evidence/coordinator/handoffs/TK-20261004-S1-independent-verifier-CANDIDATE-2.txt
100644 blob 9bded64a81ac7e207e73c8f646be47cfa9f27655	evidence/coordinator/handoffs/TK-20261004-S1-independent-verifier-CANDIDATE-3.txt
100644 blob 86d31ebdcf54b574b201a112b3c6a83edd1d01c0	evidence/coordinator/handoffs/TK-20261004-S1-independent-verifier-CANDIDATE-4.txt
100644 blob f8f6b7e40611409f75447164a68db115df4a33e5	evidence/coordinator/handoffs/TK-20261004-S1-interface-engineer-A.txt
100644 blob 152502174c9392e471d8466a688e6d66f91fad4c	evidence/coordinator/handoffs/TK-20261004-S1-systems-engineer-A.txt
100644 blob 597784fb089375a4be7d0cef6c6096ca47e2ab6e	evidence/coordinator/handoffs/TK-20261004-S1-systems-engineer-MINUTE-BOUNDARY-4.txt
100644 blob 763db93004d7068f265b33272553473960230d88	evidence/coordinator/handoffs/TK-20261004-S1-systems-engineer-TIMESTAMP-3.txt
100644 blob b109c8227b59bfc31128660b37e5b06320c9f819	evidence/coordinator/handoffs/TK-20261004-S2-independent-verifier-VERIFY-PREP-1.txt
100644 blob 3b1150dc37f07d052875ee5a202fceba13477a39	evidence/coordinator/handoffs/TK-20261004-S2-interface-engineer-IMPLEMENT-1.txt
100644 blob 37d9aa4a4e25dcc840decc7c1b9826b2e1a85f83	evidence/coordinator/handoffs/TK-20261004-S2-systems-engineer-IMPLEMENT-1.txt
100644 blob bc72b1953f4fa645c45a2788b2b063f8925ab54f	evidence/coordinator/initialize_ledger.py
100644 blob c93466240c02d10db2cf99314cf3b54857db2d45	evidence/coordinator/metadata-audit-initial-failure.json
100644 blob e7e6b47c5cc9a88a648679b0408beaa5bc154320	evidence/coordinator/metadata-audit-stage1-pass.json
100644 blob 5f0b653ba7e2dc67cb840af8af10186039e8b2ce	evidence/coordinator/operator-facts.md
100644 blob f5af7ab18d41a6d1947732dc681bd793063186c3	evidence/coordinator/requirements-ledger.csv
100644 blob fb14109a7199a286d3e1f8419771863bc6507cb6	evidence/coordinator/requirements-ledger.md
100644 blob a3b6cf81ac3e26b356e0967c2164cc0152597dd5	evidence/coordinator/run-budget.json
100644 blob ef13b123e0fc36c15ac0c7c65767f84d8b0ae1c7	evidence/coordinator/run-ledger.jsonl
100644 blob 5cdf1da17620aef587d5904ad90af8cc1d6c902c	evidence/coordinator/source-provenance.json
100644 blob c92a0aed71c054e4df5ad427087d0407407ee73a	evidence/coordinator/stage-1-diagnostic-report.json
100644 blob 1cc415fea2d5d975eaec050e157d3072717773d0	evidence/coordinator/stage-2-visual-review-draft.md
100644 blob c628696f1ae48da5ed324d09598b7417f1f6b146	evidence/coordinator/timestamp-representation-decision.md
100644 blob c8165aec7f49150b4e05140488682b4094396b01	evidence/independent-verifier/ledger.jsonl
100644 blob 820ecfc820cdc57175e8f23f4e36764d9722dbbe	evidence/independent-verifier/stage-1/PREPARATION.md
100644 blob 51e5ad54a4adcc7339e8bd43bc3660e9fda75753	evidence/independent-verifier/stage-1/Probe.Dockerfile
100644 blob 8530a807131abade7d9bc4f9b76fc0b00b4e4644	evidence/independent-verifier/stage-1/TIMESTAMP-INTERPRETATION-PREPARATION.md
100644 blob fc3e9da16b7a4ad4dff4e0e9f5e1827a2bd43149	evidence/independent-verifier/stage-1/calendar_edges.py
100644 blob 53504fc4a1a34a7878a4a6c2293565555aaca5f3	evidence/independent-verifier/stage-1/candidate-1/VERDICT.md
100644 blob 19c1b07efb19d0ab4faa89b481617dca0be8bbce	evidence/independent-verifier/stage-1/candidate-1/artifact-manifest.json
100644 blob eeaa2ddbbde7100572819fa53f35fb0e8879abad	evidence/independent-verifier/stage-1/candidate-1/committed-history.txt
100644 blob 1439a97e28809e7bf4124a6e6b9961a8ce332b02	evidence/independent-verifier/stage-1/candidate-1/committed-tree.txt
100644 blob dc1727a65773d2c32cc82902199eb50e98314912	evidence/independent-verifier/stage-1/candidate-1/coverage.csv
100644 blob 25aa27c606374d0b8a30ba379fc713ae722ac602	evidence/independent-verifier/stage-1/candidate-1/official/report.json
100644 blob 20eab55ba1d01f0948d272cf1a83a7f97d6c9dc5	evidence/independent-verifier/stage-1/candidate-1/official/stage-1.counts.json
100644 blob efc3fe858369218664530f8d014befe302af7388	evidence/independent-verifier/stage-1/candidate-1/official/stage-1.log
100644 blob 113b657a723d9a2313b38b91853f84d8aaa3880f	evidence/independent-verifier/stage-1/candidate-1/official/stage-2.counts.json
100644 blob 81ff79d6a80b8c1ba66a83accab4312d02f1f8eb	evidence/independent-verifier/stage-1/candidate-1/official/stage-2.log
100644 blob 57972f66c0de4fbb356b7eb7766d54f510ed48bb	evidence/independent-verifier/stage-1/candidate-1/preflight/RUN-reviewed-source.md
100644 blob 3010d3b30b735b8aa6d35928d85baa40ef59603e	evidence/independent-verifier/stage-1/candidate-1/preflight/command-000.log
100644 blob 3529171eea2a05450e2c32bf59b8fa0861d77a3a	evidence/independent-verifier/stage-1/candidate-1/preflight/command-001.log
100644 blob e69de29bb2d1d6434b8b29ae775ad8c2e48c5391	evidence/independent-verifier/stage-1/candidate-1/preflight/command-002.log
100644 blob 7551129d151221d52374edffd2e98436e831f993	evidence/independent-verifier/stage-1/candidate-1/preflight/command-003.log
100644 blob 1439a97e28809e7bf4124a6e6b9961a8ce332b02	evidence/independent-verifier/stage-1/candidate-1/preflight/command-004.log
100644 blob bad6eba06870c7211e82b14a8562f1593103a4be	evidence/independent-verifier/stage-1/candidate-1/preflight/commands.json
100644 blob 7d84ae5ca9593e230223ccff8b51846a3e5ba0f0	evidence/independent-verifier/stage-1/candidate-1/preflight/preflight.json
100644 blob 57972f66c0de4fbb356b7eb7766d54f510ed48bb	evidence/independent-verifier/stage-1/candidate-1/runtime-01/RUN-reviewed-source.md
100644 blob 018ef8cf6cf5bb613b4b5ace43655907d5df17ad	evidence/independent-verifier/stage-1/candidate-1/runtime-01/command-000.log
100644 blob 3529171eea2a05450e2c32bf59b8fa0861d77a3a	evidence/independent-verifier/stage-1/candidate-1/runtime-01/command-001.log
100644 blob e69de29bb2d1d6434b8b29ae775ad8c2e48c5391	evidence/independent-verifier/stage-1/candidate-1/runtime-01/command-002.log
100644 blob 7551129d151221d52374edffd2e98436e831f993	evidence/independent-verifier/stage-1/candidate-1/runtime-01/command-003.log
100644 blob 1439a97e28809e7bf4124a6e6b9961a8ce332b02	evidence/independent-verifier/stage-1/candidate-1/runtime-01/command-004.log
100644 blob 043f2d02401528225addb4348e0179282997f1ae	evidence/independent-verifier/stage-1/candidate-1/runtime-01/command-005.log
100644 blob bef1df7856be862f7f5c93671ae35a5bbedfcdd4	evidence/independent-verifier/stage-1/candidate-1/runtime-01/command-006.log
100644 blob 7dfa305fe93e1a75180509500a840d63d386f2fc	evidence/independent-verifier/stage-1/candidate-1/runtime-01/command-007.log
100644 blob 66ba451117cb2bf7934617a6e6309c695f818aa2	evidence/independent-verifier/stage-1/candidate-1/runtime-01/command-008.log
100644 blob 5ead737351f3772862f1d44d4bf249471ca5883e	evidence/independent-verifier/stage-1/candidate-1/runtime-01/command-009.log
100644 blob 00ee51cb1ed853859caedfa8270e3632efc19d99	evidence/independent-verifier/stage-1/candidate-1/runtime-01/command-010.log
100644 blob d59405783e1f926cfb5a48c1e70feb9c12754392	evidence/independent-verifier/stage-1/candidate-1/runtime-01/command-011.log
100644 blob be1639a86db6a7ad605df3f1e37184f0ba4c97ba	evidence/independent-verifier/stage-1/candidate-1/runtime-01/command-012.log
100644 blob cee7414015adad840337181764b42a47875904a5	evidence/independent-verifier/stage-1/candidate-1/runtime-01/command-013.log
100644 blob 406fc948cabfbb2f360ade76ba71884324eeaa3a	evidence/independent-verifier/stage-1/candidate-1/runtime-01/command-014.log
100644 blob 3a4b330ac3605571af7d43c2d55f731d123bf15c	evidence/independent-verifier/stage-1/candidate-1/runtime-01/command-015.log
100644 blob 5260ca2622b78349e6fdc9f48d033a066615bc5d	evidence/independent-verifier/stage-1/candidate-1/runtime-01/command-016.log
100644 blob ceccf6cf57c119d166f8a5aaa6a8b18b1ecf9a35	evidence/independent-verifier/stage-1/candidate-1/runtime-01/command-017.log
100644 blob ab9b853fcf22a4ce624810b9c1293d550252b6cc	evidence/independent-verifier/stage-1/candidate-1/runtime-01/command-018.log
100644 blob 19a9a20caef141c119f68ddce78f2410162263d8	evidence/independent-verifier/stage-1/candidate-1/runtime-01/commands.json
100644 blob 4947bad433d9fa807b54c1c3ee96be33a4cc0c3b	evidence/independent-verifier/stage-1/candidate-1/runtime-01/preflight.json
100644 blob 3e6785ac03e291aa2b3252a4874086959fd96696	evidence/independent-verifier/stage-1/candidate-1/runtime-01/probes/assertions.json
100644 blob 79be7ad240c2e0fb1c5cfd35b0c25febb3282e15	evidence/independent-verifier/stage-1/candidate-1/runtime-01/probes/concurrency-timing.json
100644 blob acb67b22b5e6aaac99c23da2c923ea899faf94d1	evidence/independent-verifier/stage-1/candidate-1/runtime-01/probes/coverage.csv
100644 blob e750c539e03c01eb31f76b640408205a1a872999	evidence/independent-verifier/stage-1/candidate-1/runtime-01/probes/operations.jsonl
100644 blob 4a4076ebd64fa339ceed2226862e76632b77caa3	evidence/independent-verifier/stage-1/candidate-1/runtime-01/probes/randomized-occupancy-trace.json
100644 blob 999d3988ae4db0990eb32497438674459d0ebdc4	evidence/independent-verifier/stage-1/candidate-1/runtime-01/probes/summary.json
100644 blob 57972f66c0de4fbb356b7eb7766d54f510ed48bb	evidence/independent-verifier/stage-1/candidate-1/runtime-02/RUN-reviewed-source.md
100644 blob 7637eeadc53a36e49b08c5b7a12e03f0ba7e32c3	evidence/independent-verifier/stage-1/candidate-1/runtime-02/command-000.log
100644 blob 3529171eea2a05450e2c32bf59b8fa0861d77a3a	evidence/independent-verifier/stage-1/candidate-1/runtime-02/command-001.log
100644 blob e69de29bb2d1d6434b8b29ae775ad8c2e48c5391	evidence/independent-verifier/stage-1/candidate-1/runtime-02/command-002.log
100644 blob 7551129d151221d52374edffd2e98436e831f993	evidence/independent-verifier/stage-1/candidate-1/runtime-02/command-003.log
100644 blob 1439a97e28809e7bf4124a6e6b9961a8ce332b02	evidence/independent-verifier/stage-1/candidate-1/runtime-02/command-004.log
100644 blob 619c5ce5c423910e4b1ab3b386776e4c4436f43a	evidence/independent-verifier/stage-1/candidate-1/runtime-02/command-005.log
100644 blob 5b1c861f6f5068b20f8ea841f38a18f1fe92d624	evidence/independent-verifier/stage-1/candidate-1/runtime-02/command-006.log
100644 blob 79d59959e32facea87cdb050b49ce0a22eae7aa6	evidence/independent-verifier/stage-1/candidate-1/runtime-02/command-007.log
100644 blob 8ed0b16068c8fa0753be53b883373b46a3215509	evidence/independent-verifier/stage-1/candidate-1/runtime-02/command-008.log
100644 blob 05bd1f822177f4ca90673b9396b5bb55394a4242	evidence/independent-verifier/stage-1/candidate-1/runtime-02/command-009.log
100644 blob 6c7d9c062b043f48cfc432e2de5054a8b121e2b2	evidence/independent-verifier/stage-1/candidate-1/runtime-02/command-010.log
100644 blob 081e633ed35322ad2d2864d6367a9589f937a34c	evidence/independent-verifier/stage-1/candidate-1/runtime-02/command-011.log
100644 blob 22eae4043a5ca77de4bbd72b182e855983ddd2de	evidence/independent-verifier/stage-1/candidate-1/runtime-02/command-012.log
100644 blob 9c5927c4ffc3e95184298ee0fc2ef1379388b843	evidence/independent-verifier/stage-1/candidate-1/runtime-02/command-013.log
100644 blob fb216cdaf7367322762f7cfe7272d688acccf9cc	evidence/independent-verifier/stage-1/candidate-1/runtime-02/command-014.log
100644 blob d11f9edf45e752d05842b291856e06107fb58a4d	evidence/independent-verifier/stage-1/candidate-1/runtime-02/command-015.log
100644 blob 9c217645ee1cd45083a71d4463b068a43ce96c3f	evidence/independent-verifier/stage-1/candidate-1/runtime-02/command-016.log
100644 blob f353b3ef158630034d7c7b577564bf3d7b40f64b	evidence/independent-verifier/stage-1/candidate-1/runtime-02/command-017.log
100644 blob 4f6ac88147be8f54e7490a1d87dd26908deda0f2	evidence/independent-verifier/stage-1/candidate-1/runtime-02/command-018.log
100644 blob 69aa5f6c6da6f82ed4c653076d9aa2ab65c08b28	evidence/independent-verifier/stage-1/candidate-1/runtime-02/commands.json
100644 blob d4e011999d1a1b17e8bb84df95fffea64abf93b3	evidence/independent-verifier/stage-1/candidate-1/runtime-02/preflight.json
100644 blob 07523ecca2284c2c15a89c1e2f17e76a32292ff5	evidence/independent-verifier/stage-1/candidate-1/runtime-02/probes/assertions.json
100644 blob 78c296c86c28a1f26bae74b6bb1ea1fba1a86b24	evidence/independent-verifier/stage-1/candidate-1/runtime-02/probes/concurrency-timing.json
100644 blob ad5a158ff480048d2ec3f6debe1289b9d92550df	evidence/independent-verifier/stage-1/candidate-1/runtime-02/probes/coverage.csv
100644 blob 1dd63c19c02b53688a69cf1e8b44a35cc77a5210	evidence/independent-verifier/stage-1/candidate-1/runtime-02/probes/operations.jsonl
100644 blob 4a4076ebd64fa339ceed2226862e76632b77caa3	evidence/independent-verifier/stage-1/candidate-1/runtime-02/probes/randomized-occupancy-trace.json
100644 blob c1d9645e9d68d61347b9266177b28247534ea081	evidence/independent-verifier/stage-1/candidate-1/runtime-02/probes/summary.json
100644 blob 57972f66c0de4fbb356b7eb7766d54f510ed48bb	evidence/independent-verifier/stage-1/candidate-1/runtime-03/RUN-reviewed-source.md
100644 blob 3647634499deef23b8acb9cc24ef3f1c5d9b2536	evidence/independent-verifier/stage-1/candidate-1/runtime-03/cleanup.json
100644 blob c378efc96b0fded8dc88e11b2e8d0d3574c29757	evidence/independent-verifier/stage-1/candidate-1/runtime-03/command-000.log
100644 blob 3529171eea2a05450e2c32bf59b8fa0861d77a3a	evidence/independent-verifier/stage-1/candidate-1/runtime-03/command-001.log
100644 blob e69de29bb2d1d6434b8b29ae775ad8c2e48c5391	evidence/independent-verifier/stage-1/candidate-1/runtime-03/command-002.log
100644 blob 7551129d151221d52374edffd2e98436e831f993	evidence/independent-verifier/stage-1/candidate-1/runtime-03/command-003.log
100644 blob 1439a97e28809e7bf4124a6e6b9961a8ce332b02	evidence/independent-verifier/stage-1/candidate-1/runtime-03/command-004.log
100644 blob d0b56997927fd9d36a3d2d071c3b1ffa476ec334	evidence/independent-verifier/stage-1/candidate-1/runtime-03/command-005.log
100644 blob 74b2c28beadd32c64d4a96f4abe958c8f8a0fafe	evidence/independent-verifier/stage-1/candidate-1/runtime-03/command-006.log
100644 blob 6bd28a87ee3e5746ff2a06bbec6ef224a956383f	evidence/independent-verifier/stage-1/candidate-1/runtime-03/command-007.log
100644 blob fe90a757ed44b06f61db34816a470719fe53e62e	evidence/independent-verifier/stage-1/candidate-1/runtime-03/command-008.log
100644 blob 4a0919837edacc7d983ce7039de62922542c9418	evidence/independent-verifier/stage-1/candidate-1/runtime-03/command-009.log
100644 blob 4efcc532346823a2c21c434181b47cc079eb6d42	evidence/independent-verifier/stage-1/candidate-1/runtime-03/command-010.log
100644 blob c3f77db42e6417b1f21402b08e00abce07f09d6f	evidence/independent-verifier/stage-1/candidate-1/runtime-03/command-011.log
100644 blob 21ac2f959261b2f235e017ee3ea0274e708177f0	evidence/independent-verifier/stage-1/candidate-1/runtime-03/command-012.log
100644 blob 29dad55f6208d1752de5dabd9b3a9b9d59ec090e	evidence/independent-verifier/stage-1/candidate-1/runtime-03/command-013.log
100644 blob 519677c75393ef666f50c02ccb4e53a1dda1ff8a	evidence/independent-verifier/stage-1/candidate-1/runtime-03/command-014.log
100644 blob 36e43a83c58ea3d596eed77130dc1cc695a3bd59	evidence/independent-verifier/stage-1/candidate-1/runtime-03/commands.json
100644 blob fd3d25ce4cfa407a77f3d6ff47c965053a30f6fd	evidence/independent-verifier/stage-1/candidate-1/runtime-03/extra-client.log
100644 blob 95faa935b093d2971ec6990250c4d60818b77c58	evidence/independent-verifier/stage-1/candidate-1/runtime-03/extra-command.json
100644 blob bf8afe51992f8c42348e4507f4b71535877b5f24	evidence/independent-verifier/stage-1/candidate-1/runtime-03/preflight.json
100644 blob 7521cfa231faf052c8a8b20db40b15cd5f265c66	evidence/independent-verifier/stage-1/candidate-1/runtime-03/probes-extra/assertions.json
100644 blob 0637a088a01e8ddab3bf3fa98dbe804cbde1a0dc	evidence/independent-verifier/stage-1/candidate-1/runtime-03/probes-extra/concurrency-timing.json
100644 blob a3920cdd39b22758c2b343c07511e788af0706d7	evidence/independent-verifier/stage-1/candidate-1/runtime-03/probes-extra/coverage.csv
100644 blob a47c9cca170946289bab90fc7af4781c82ba6e18	evidence/independent-verifier/stage-1/candidate-1/runtime-03/probes-extra/operations.jsonl
100644 blob 20da2a5a142eb6c96111a928d9f78874b2bb2b93	evidence/independent-verifier/stage-1/candidate-1/runtime-03/probes-extra/summary.json
100644 blob a14f6d9725ddab8b5d66ed9cdff3ab7d43c2e034	evidence/independent-verifier/stage-1/candidate-1/runtime-03/reproductions-client.log
100644 blob 7c0a405a1e884db6e5a27c678ba5fe916ae38f06	evidence/independent-verifier/stage-1/candidate-1/runtime-03/reproductions-command.json
100644 blob 7462c32c36d464de822176ae6e487db378eda44a	evidence/independent-verifier/stage-1/candidate-1/runtime-03/reproductions/assertions.json
100644 blob 0637a088a01e8ddab3bf3fa98dbe804cbde1a0dc	evidence/independent-verifier/stage-1/candidate-1/runtime-03/reproductions/concurrency-timing.json
100644 blob 449100a1fae8e3800f112d27b96a4b763e68b1c6	evidence/independent-verifier/stage-1/candidate-1/runtime-03/reproductions/coverage.csv
100644 blob cdbcd6e96d7009a8ddd6cffd1c4b8fd7c55752a4	evidence/independent-verifier/stage-1/candidate-1/runtime-03/reproductions/operations.jsonl
100644 blob 2a1d081321571c47723e5a3b841641389a49c6a2	evidence/independent-verifier/stage-1/candidate-1/runtime-03/reproductions/summary.json
100644 blob af4c5a035bdfd697a979188b9e03cbd8496570e6	evidence/independent-verifier/stage-1/candidate-1/runtime-audit.json
100644 blob 002c056efa2a9a872bb03a5d6d0282f4960d3e37	evidence/independent-verifier/stage-1/candidate-1/summary.json
100644 blob d5b6251a61266aa49e1fcaaaaa3288f9a5ba85f0	evidence/independent-verifier/stage-1/candidate-2/VERDICT.md
100644 blob 18de590f12f68f4e48eae37246ab4a1a8da0766c	evidence/independent-verifier/stage-1/candidate-2/artifact-manifest.json
100644 blob 266b47412b6b572a3dba7169d60106f92bf847c2	evidence/independent-verifier/stage-1/candidate-2/committed-history.txt
100644 blob 33c2981c0f26b735db16e565ae737d7befeac39c	evidence/independent-verifier/stage-1/candidate-2/committed-tree.txt
100644 blob 95f96ed882a048f7f97f3125b68175d9eec238e2	evidence/independent-verifier/stage-1/candidate-2/coverage.csv
100644 blob d44d7c9af6adb62f2d15dde78f1639dbc618e500	evidence/independent-verifier/stage-1/candidate-2/official/report.json
100644 blob 20eab55ba1d01f0948d272cf1a83a7f97d6c9dc5	evidence/independent-verifier/stage-1/candidate-2/official/stage-1.counts.json
100644 blob 9c0730c0a19e864106ba4f85e1dc787d4182b5c7	evidence/independent-verifier/stage-1/candidate-2/official/stage-1.log
100644 blob 113b657a723d9a2313b38b91853f84d8aaa3880f	evidence/independent-verifier/stage-1/candidate-2/official/stage-2.counts.json
100644 blob 30407da13fd7fda6c45aa4f92ebfaf6d539fef50	evidence/independent-verifier/stage-1/candidate-2/official/stage-2.log
100644 blob 57972f66c0de4fbb356b7eb7766d54f510ed48bb	evidence/independent-verifier/stage-1/candidate-2/preflight/RUN-reviewed-source.md
100644 blob 761c6cf20db82840e7e428787412bff0c5a38147	evidence/independent-verifier/stage-1/candidate-2/preflight/command-000.log
100644 blob 37964602e438566d2615e71119bb122f22ab8072	evidence/independent-verifier/stage-1/candidate-2/preflight/command-001.log
100644 blob e69de29bb2d1d6434b8b29ae775ad8c2e48c5391	evidence/independent-verifier/stage-1/candidate-2/preflight/command-002.log
100644 blob 266b47412b6b572a3dba7169d60106f92bf847c2	evidence/independent-verifier/stage-1/candidate-2/preflight/command-003.log
100644 blob 33c2981c0f26b735db16e565ae737d7befeac39c	evidence/independent-verifier/stage-1/candidate-2/preflight/command-004.log
100644 blob 895cb405d8a66984f0d46e6e6e75a309afa2982b	evidence/independent-verifier/stage-1/candidate-2/preflight/commands.json
100644 blob 4988cee50567e8303faa0933b67ecfdf18ecd7b8	evidence/independent-verifier/stage-1/candidate-2/preflight/preflight.json
100644 blob 57972f66c0de4fbb356b7eb7766d54f510ed48bb	evidence/independent-verifier/stage-1/candidate-2/runtime-01/RUN-reviewed-source.md
100644 blob e0b17a9f574cc7025ccaf535dd8756087d432484	evidence/independent-verifier/stage-1/candidate-2/runtime-01/calendar-client.log
100644 blob b17564d62e676c5a99ef46381618fab8a4cfc381	evidence/independent-verifier/stage-1/candidate-2/runtime-01/calendar/assertions.json
100644 blob 0637a088a01e8ddab3bf3fa98dbe804cbde1a0dc	evidence/independent-verifier/stage-1/candidate-2/runtime-01/calendar/concurrency-timing.json
100644 blob 857b4c9d03f9cd881fc0ee9257bf15b5eafa2069	evidence/independent-verifier/stage-1/candidate-2/runtime-01/calendar/coverage.csv
100644 blob a95c2d23202fa2c68fb25e3ab480636ffe749d6a	evidence/independent-verifier/stage-1/candidate-2/runtime-01/calendar/operations.jsonl
100644 blob bbdb57b66139652e61d4b5a16e6afbc5b018e477	evidence/independent-verifier/stage-1/candidate-2/runtime-01/calendar/summary.json
100644 blob 17d5e88d38d84b981ea98282637548cb21989058	evidence/independent-verifier/stage-1/candidate-2/runtime-01/command-000.log
100644 blob 37964602e438566d2615e71119bb122f22ab8072	evidence/independent-verifier/stage-1/candidate-2/runtime-01/command-001.log
100644 blob e69de29bb2d1d6434b8b29ae775ad8c2e48c5391	evidence/independent-verifier/stage-1/candidate-2/runtime-01/command-002.log
100644 blob 77899d951c405b81eb37a04d25cedce8b87924ec	evidence/independent-verifier/stage-1/candidate-2/runtime-01/command-003.log
100644 blob 33c2981c0f26b735db16e565ae737d7befeac39c	evidence/independent-verifier/stage-1/candidate-2/runtime-01/command-004.log
100644 blob 832bbcf3fc9ffa3a757d3572ca64b067022bc2be	evidence/independent-verifier/stage-1/candidate-2/runtime-01/command-005.log
100644 blob bdb1bd8e8171eecd8979088c3306a3485c1dfbc2	evidence/independent-verifier/stage-1/candidate-2/runtime-01/command-006.log
100644 blob f4969e2cf7f3b467f07e7d19cf228f6e0fa86e81	evidence/independent-verifier/stage-1/candidate-2/runtime-01/command-007.log
100644 blob 03af8580b32b690b6e3b26a304e4bc4fa5154b28	evidence/independent-verifier/stage-1/candidate-2/runtime-01/command-008.log
100644 blob 8829d4dba6743c0f33cb1a1905bb37baa302082a	evidence/independent-verifier/stage-1/candidate-2/runtime-01/command-009.log
100644 blob d85f9ad3a8719416e5940ec19b8216bde4fbd1e8	evidence/independent-verifier/stage-1/candidate-2/runtime-01/command-010.log
100644 blob 6414615524c4ceeb9b0989c728ee867135685a46	evidence/independent-verifier/stage-1/candidate-2/runtime-01/command-011.log
100644 blob d4ba0e1efd16f35252568e892d03529dfe9e4ab1	evidence/independent-verifier/stage-1/candidate-2/runtime-01/command-012.log
100644 blob 847162b4c28af95510615a90980c4a038e676282	evidence/independent-verifier/stage-1/candidate-2/runtime-01/command-013.log
100644 blob 9ef44bae65bb22553c0563f8aced569aeebe360f	evidence/independent-verifier/stage-1/candidate-2/runtime-01/command-014.log
100644 blob 15bc7a39e9ce9d058955995b4765d02216b6a6f7	evidence/independent-verifier/stage-1/candidate-2/runtime-01/command-015.log
100644 blob ade269328e8d6b7708ac794941a438ebbaf1240b	evidence/independent-verifier/stage-1/candidate-2/runtime-01/commands.json
100644 blob 6481f9913bf586373af35fd96d5f897827b45d95	evidence/independent-verifier/stage-1/candidate-2/runtime-01/extra-commands.json
100644 blob 72a74eb670701e859f77dda1e2a4de9e215fb420	evidence/independent-verifier/stage-1/candidate-2/runtime-01/independent-verifier-s1-dd644198b6c0-20261004t005004-peer-cleanup.log
100644 blob 4abfd1c52b0364cff2e2029038a4127ec0a21d41	evidence/independent-verifier/stage-1/candidate-2/runtime-01/independent-verifier-s1-dd644198b6c0-20261004t005004-source-cleanup.log
100644 blob 3a32d6510a71da30bbca87e4f401df8af9abf760	evidence/independent-verifier/stage-1/candidate-2/runtime-01/network-cleanup.log
100644 blob 3876feda462779a28d4a5d04ed10af88b733a66d	evidence/independent-verifier/stage-1/candidate-2/runtime-01/preflight.json
100644 blob 5e84a49ccfb345c2ca623584c9515555a503018c	evidence/independent-verifier/stage-1/candidate-2/runtime-01/probes/assertions.json
100644 blob 27e1051f90171f7d7ca477d2db8873c595274158	evidence/independent-verifier/stage-1/candidate-2/runtime-01/probes/concurrency-timing.json
100644 blob 32b5b240e425483974d58d6b74746ee4a83ce088	evidence/independent-verifier/stage-1/candidate-2/runtime-01/probes/coverage.csv
100644 blob d558757493025fbd5d718bf3a47e05be755d9702	evidence/independent-verifier/stage-1/candidate-2/runtime-01/probes/operations.jsonl
100644 blob 4a4076ebd64fa339ceed2226862e76632b77caa3	evidence/independent-verifier/stage-1/candidate-2/runtime-01/probes/randomized-occupancy-trace.json
100644 blob c6ae03034d9e34f2d6933303d7a33a1eb7e3f4d5	evidence/independent-verifier/stage-1/candidate-2/runtime-01/probes/summary.json
100644 blob c4325cd0bc7d19553235700e34573f7f1a558992	evidence/independent-verifier/stage-1/candidate-2/runtime-01/reproductions-client.log
100644 blob a6d8fc7a11b488dc18f6b89c4e9046735b9e6f33	evidence/independent-verifier/stage-1/candidate-2/runtime-01/reproductions/assertions.json
100644 blob 0637a088a01e8ddab3bf3fa98dbe804cbde1a0dc	evidence/independent-verifier/stage-1/candidate-2/runtime-01/reproductions/concurrency-timing.json
100644 blob 3874059be24f70205b27b53d0c1ad4c39790a738	evidence/independent-verifier/stage-1/candidate-2/runtime-01/reproductions/coverage.csv
100644 blob 1d6d49f9648af62b9e5389e2f4ca55c60440ffe5	evidence/independent-verifier/stage-1/candidate-2/runtime-01/reproductions/operations.jsonl
100644 blob beaa4dfe4253fad80b14a12ddd17e0fc5477b25a	evidence/independent-verifier/stage-1/candidate-2/runtime-01/reproductions/summary.json
100644 blob 57972f66c0de4fbb356b7eb7766d54f510ed48bb	evidence/independent-verifier/stage-1/candidate-2/runtime-02/RUN-reviewed-source.md
100644 blob d2dbb591ae2194dd0c5b62fc197a28c4045f4bcd	evidence/independent-verifier/stage-1/candidate-2/runtime-02/calendar-minimal-client.log
100644 blob fe1c74f4bafbbb13fd3257c1b50d0d50423605a6	evidence/independent-verifier/stage-1/candidate-2/runtime-02/calendar-minimal/assertions.json
100644 blob 0637a088a01e8ddab3bf3fa98dbe804cbde1a0dc	evidence/independent-verifier/stage-1/candidate-2/runtime-02/calendar-minimal/concurrency-timing.json
100644 blob 64362b88c8d9e4f8fe230d3560d14244deaf1988	evidence/independent-verifier/stage-1/candidate-2/runtime-02/calendar-minimal/coverage.csv
100644 blob 75450aef405753a70c9aecfd69d6092a596b68c3	evidence/independent-verifier/stage-1/candidate-2/runtime-02/calendar-minimal/operations.jsonl
100644 blob 21f7a5f264b55c4958c6fcd6706e5c40bcf6fcf6	evidence/independent-verifier/stage-1/candidate-2/runtime-02/calendar-minimal/summary.json
100644 blob 154e768fd078f3123010940160661a32999cac90	evidence/independent-verifier/stage-1/candidate-2/runtime-02/command-000.log
100644 blob 37964602e438566d2615e71119bb122f22ab8072	evidence/independent-verifier/stage-1/candidate-2/runtime-02/command-001.log
100644 blob e69de29bb2d1d6434b8b29ae775ad8c2e48c5391	evidence/independent-verifier/stage-1/candidate-2/runtime-02/command-002.log
100644 blob 97864ee2d1c4acd68bdc046da908b0a286820d1b	evidence/independent-verifier/stage-1/candidate-2/runtime-02/command-003.log
100644 blob 33c2981c0f26b735db16e565ae737d7befeac39c	evidence/independent-verifier/stage-1/candidate-2/runtime-02/command-004.log
100644 blob 3a73eb5911e530f7822f149259b3cd0b96f5c6f1	evidence/independent-verifier/stage-1/candidate-2/runtime-02/command-005.log
100644 blob 82a53a7534984947c2224a0bb9ee4a8b6f4b85ae	evidence/independent-verifier/stage-1/candidate-2/runtime-02/command-006.log
100644 blob 8d057c45535028333a2312f3dd892e13c0e4f420	evidence/independent-verifier/stage-1/candidate-2/runtime-02/command-007.log
100644 blob 14d4f8a06d4560a9cf213868f20396c18733715f	evidence/independent-verifier/stage-1/candidate-2/runtime-02/command-008.log
100644 blob d1e648f4b97a22f0ec904ddfc6b62d317b094bb4	evidence/independent-verifier/stage-1/candidate-2/runtime-02/command-009.log
100644 blob c412824d8f68d98ffc30d1f713ec08ea9b73b562	evidence/independent-verifier/stage-1/candidate-2/runtime-02/command-010.log
100644 blob 2c86f04d53bfb1df7e8694e51324f7992b5cf97b	evidence/independent-verifier/stage-1/candidate-2/runtime-02/command-011.log
100644 blob 4a95fcc5a91611970db5a8754f3fe835e37f866b	evidence/independent-verifier/stage-1/candidate-2/runtime-02/command-012.log
100644 blob b04f0946569e7d1fc89bb74823f5362887b538d4	evidence/independent-verifier/stage-1/candidate-2/runtime-02/command-013.log
100644 blob 49bd1b0ece7fb78ec0b91211a24e0962de58bd02	evidence/independent-verifier/stage-1/candidate-2/runtime-02/command-014.log
100644 blob abc13dbec1949d72fbb0db214204b8eb20fbb80d	evidence/independent-verifier/stage-1/candidate-2/runtime-02/commands.json
100644 blob e2e189303ddffe5db9d6c6bb7cea49a6324c05f3	evidence/independent-verifier/stage-1/candidate-2/runtime-02/extra-commands.json
100644 blob 681de718e5aa1815c8b44917499945a65af1fa18	evidence/independent-verifier/stage-1/candidate-2/runtime-02/independent-verifier-s1-dd644198b6c0-20261004t005121-peer-cleanup.log
100644 blob b88e4f72d08e56cd006fddc1c532f086c7cf5b32	evidence/independent-verifier/stage-1/candidate-2/runtime-02/independent-verifier-s1-dd644198b6c0-20261004t005121-source-cleanup.log
100644 blob 1412ad4b115d401456f0e0b22e75d91fe6a9b7c9	evidence/independent-verifier/stage-1/candidate-2/runtime-02/network-cleanup.log
100644 blob eb890d03b75965987eecb75c30e383952e474e8b	evidence/independent-verifier/stage-1/candidate-2/runtime-02/preflight.json
100644 blob 57972f66c0de4fbb356b7eb7766d54f510ed48bb	evidence/independent-verifier/stage-1/candidate-2/runtime-03/RUN-reviewed-source.md
100644 blob 89c34c695b136516e8e51e00a92b0d8a0f62f6aa	evidence/independent-verifier/stage-1/candidate-2/runtime-03/command-000.log
100644 blob 37964602e438566d2615e71119bb122f22ab8072	evidence/independent-verifier/stage-1/candidate-2/runtime-03/command-001.log
100644 blob e69de29bb2d1d6434b8b29ae775ad8c2e48c5391	evidence/independent-verifier/stage-1/candidate-2/runtime-03/command-002.log
100644 blob 97864ee2d1c4acd68bdc046da908b0a286820d1b	evidence/independent-verifier/stage-1/candidate-2/runtime-03/command-003.log
100644 blob 33c2981c0f26b735db16e565ae737d7befeac39c	evidence/independent-verifier/stage-1/candidate-2/runtime-03/command-004.log
100644 blob 8c6f32bf794415763e500724ccd39d82f7a7737d	evidence/independent-verifier/stage-1/candidate-2/runtime-03/command-005.log
100644 blob f97e87496a3dc7f9dac53f699aa599c91ff89cf4	evidence/independent-verifier/stage-1/candidate-2/runtime-03/command-006.log
100644 blob fb102388e0475320ae03699fb4eb211d3d4029c6	evidence/independent-verifier/stage-1/candidate-2/runtime-03/command-007.log
100644 blob 4ab43a657289b0a140154e44635b79e05b820f9c	evidence/independent-verifier/stage-1/candidate-2/runtime-03/command-008.log
100644 blob 82da14d2fb1c4c02dab6c399d8e0dda29f5150be	evidence/independent-verifier/stage-1/candidate-2/runtime-03/command-009.log
100644 blob 6893f3256a4695490b1b8cb9781db3301430fb39	evidence/independent-verifier/stage-1/candidate-2/runtime-03/command-010.log
100644 blob fc7150dd65bd1514f6c6786c48585ce08b567b82	evidence/independent-verifier/stage-1/candidate-2/runtime-03/command-011.log
100644 blob 0e6f32f7529b4112684f67d2cf588ba7fa523321	evidence/independent-verifier/stage-1/candidate-2/runtime-03/command-012.log
100644 blob 37b30fb9b32544db44fdf5fb35c8e44d581f64bf	evidence/independent-verifier/stage-1/candidate-2/runtime-03/command-013.log
100644 blob a2bbeba6ae69afbc8a1cbe3d182d733fdc036da9	evidence/independent-verifier/stage-1/candidate-2/runtime-03/command-014.log
100644 blob e106708ac625cbc3c27a913eac5382a893c82d51	evidence/independent-verifier/stage-1/candidate-2/runtime-03/commands.json
100644 blob a5e48bb759d676ac88d5280600e067e69bc49f13	evidence/independent-verifier/stage-1/candidate-2/runtime-03/extra-commands.json
100644 blob 1f005ed5be9d6e14d8bee6914fbb5aee3747fdd6	evidence/independent-verifier/stage-1/candidate-2/runtime-03/independent-verifier-s1-dd644198b6c0-20261004t005400-peer-cleanup.log
100644 blob e023a8fca95b397bb7e6a0632ee083378b94c50c	evidence/independent-verifier/stage-1/candidate-2/runtime-03/independent-verifier-s1-dd644198b6c0-20261004t005400-source-cleanup.log
100644 blob 717a697bb5362021d32c38c1ef2ca65540fdd8f2	evidence/independent-verifier/stage-1/candidate-2/runtime-03/network-cleanup.log
100644 blob 233558ebe04ccc3729f44f9716f77f9aa0d2625c	evidence/independent-verifier/stage-1/candidate-2/runtime-03/preflight.json
100644 blob 1e37b3bf6b0836c97ca6fa9ecc4bf880d1dac2a9	evidence/independent-verifier/stage-1/candidate-2/runtime-03/race50-client.log
100644 blob 121b1b1231e51ca4e6494d2390d835b6fbe8aaf1	evidence/independent-verifier/stage-1/candidate-2/runtime-03/race50/assertions.json
100644 blob 58f6e9bb32a90da1cd28887b087373e64ba3448a	evidence/independent-verifier/stage-1/candidate-2/runtime-03/race50/concurrency-timing.json
100644 blob 8e6cfe7f78f378c26149de8367271a84e73174b7	evidence/independent-verifier/stage-1/candidate-2/runtime-03/race50/coverage.csv
100644 blob baed06cc2f09066faf0745f2dd9db2b1c4ff5e44	evidence/independent-verifier/stage-1/candidate-2/runtime-03/race50/operations.jsonl
100644 blob b7e94ba2d93e97aa127a4fe5a55b5104ed3640cc	evidence/independent-verifier/stage-1/candidate-2/runtime-03/race50/summary.json
100644 blob 1951c8006f8a7f5d543a4d24510b4d8d003d5e14	evidence/independent-verifier/stage-1/candidate-2/runtime-03/runner-refresh.log
100644 blob 0a6e13500956313b783234dcdf058910c5f4f5a4	evidence/independent-verifier/stage-1/candidate-2/runtime-audit.json
100644 blob 8239ceaee69044e9ae8e6c233ca3dcf40af93073	evidence/independent-verifier/stage-1/candidate-2/source-audit.json
100644 blob 96f8a5cedfb219909269b4023e00bba33223d505	evidence/independent-verifier/stage-1/candidate-2/source-inputs/candidate-handoff.txt
100644 blob a6ebc6ba27d95f38175b929bf93b3867468cf8f9	evidence/independent-verifier/stage-1/candidate-2/source-inputs/intake-record.jsonl
100644 blob 471c0b89b1350af45e96151f29436ae6d8cb51e1	evidence/independent-verifier/stage-1/candidate-2/source-inputs/intake-tree.txt
100644 blob f8f6b7e40611409f75447164a68db115df4a33e5	evidence/independent-verifier/stage-1/candidate-2/source-inputs/interface-handoff.txt
100644 blob 5505f7ecc5231dad7ca1d30ff2ba8ec26a2507f2	evidence/independent-verifier/stage-1/candidate-2/source-inputs/interface.md
100644 blob 152502174c9392e471d8466a688e6d66f91fad4c	evidence/independent-verifier/stage-1/candidate-2/source-inputs/systems-handoff.txt
100644 blob ef957a12fdd54ac227cee5f2445ceff542deaf6b	evidence/independent-verifier/stage-1/candidate-2/source-inputs/systems.md
100644 blob 907664e50ed984f1fa16fe1d528ba52c3ccf6cd0	evidence/independent-verifier/stage-1/candidate-2/summary.json
100644 blob da365e172fe7dd48c0873ec216f4df381f27904a	evidence/independent-verifier/stage-1/candidate-3-large-minutes/VERDICT.md
100644 blob 914abbe49363e503c6e2f4f9f766823121c8cf35	evidence/independent-verifier/stage-1/candidate-3-large-minutes/artifact-manifest.json
100644 blob 547c2efa16147e384ead15e3da2d5f55fbb644c4	evidence/independent-verifier/stage-1/candidate-3-large-minutes/coverage.csv
100644 blob aee3fafef6581a7ef41e03f5b124ab52c745f9df	evidence/independent-verifier/stage-1/candidate-3-large-minutes/runtime-01/build.log
100644 blob 6b86738b02dc00c68fc59342c36cc4cd7cd9f21e	evidence/independent-verifier/stage-1/candidate-3-large-minutes/runtime-01/checkout.log
100644 blob 8170038941db66f01121850cf30f968cbb5e2ca9	evidence/independent-verifier/stage-1/candidate-3-large-minutes/runtime-01/clone.log
100644 blob c6791bc710643b774bd6838c9f76312a865d950a	evidence/independent-verifier/stage-1/candidate-3-large-minutes/runtime-01/commands.json
100644 blob e69de29bb2d1d6434b8b29ae775ad8c2e48c5391	evidence/independent-verifier/stage-1/candidate-3-large-minutes/runtime-01/status.log
100644 blob 77960da380fcbba9a335ba15ec5c7af102e976df	evidence/independent-verifier/stage-1/candidate-3-large-minutes/runtime-02/build.log
100644 blob 6b86738b02dc00c68fc59342c36cc4cd7cd9f21e	evidence/independent-verifier/stage-1/candidate-3-large-minutes/runtime-02/checkout.log
100644 blob e7dbcb4ca2f5d2410b828bb641fe99adfd8514e2	evidence/independent-verifier/stage-1/candidate-3-large-minutes/runtime-02/cleanup.log
100644 blob f66b4d2f49eb2b9d834ad06ae2feacba284b3a7a	evidence/independent-verifier/stage-1/candidate-3-large-minutes/runtime-02/clone.log
100644 blob 4be9763a43bd5c1eaf1d3a4ec97eae4cf351c9e0	evidence/independent-verifier/stage-1/candidate-3-large-minutes/runtime-02/commands.json
100644 blob 13109c021bc04113d8754587c6473d494f5a4df6	evidence/independent-verifier/stage-1/candidate-3-large-minutes/runtime-02/health.log
100644 blob 58b5733fe2463ee55df3169f2e0deabbc19d0d2c	evidence/independent-verifier/stage-1/candidate-3-large-minutes/runtime-02/identity.json
100644 blob a26ad671c1f24c4a43ed5a3aaf462d2b4d551867	evidence/independent-verifier/stage-1/candidate-3-large-minutes/runtime-02/image-hashes.json
100644 blob c26b8b427c3f692dea81de803d494a8a0a5df2d7	evidence/independent-verifier/stage-1/candidate-3-large-minutes/runtime-02/inspect.json
100644 blob fa491244e2559796cf431cc232f25b34129769a1	evidence/independent-verifier/stage-1/candidate-3-large-minutes/runtime-02/probes.json
100644 blob b42ea668d8a6d9654030f0122ca4c3ae17c8c549	evidence/independent-verifier/stage-1/candidate-3-large-minutes/runtime-02/service.log
100644 blob 5dbb5df6d8479198bf77792cd5bc28de66cc467c	evidence/independent-verifier/stage-1/candidate-3-large-minutes/runtime-02/start.log
100644 blob e69de29bb2d1d6434b8b29ae775ad8c2e48c5391	evidence/independent-verifier/stage-1/candidate-3-large-minutes/runtime-02/status.log
100644 blob 33c0b2ae2ddff0cdfee58dd0e12e489c3e859bdb	evidence/independent-verifier/stage-1/candidate-3-large-minutes/runtime-03/build.log
100644 blob 6b86738b02dc00c68fc59342c36cc4cd7cd9f21e	evidence/independent-verifier/stage-1/candidate-3-large-minutes/runtime-03/checkout.log
100644 blob 625418dcf748d4db34ceb09d470920534b50001d	evidence/independent-verifier/stage-1/candidate-3-large-minutes/runtime-03/cleanup.log
100644 blob 09dae7740606ed5c861173a62d907b9585ea4cd7	evidence/independent-verifier/stage-1/candidate-3-large-minutes/runtime-03/clone.log
100644 blob 1e27bd9d87c7811d7b0c25c9965679efcde800f1	evidence/independent-verifier/stage-1/candidate-3-large-minutes/runtime-03/commands.json
100644 blob 13109c021bc04113d8754587c6473d494f5a4df6	evidence/independent-verifier/stage-1/candidate-3-large-minutes/runtime-03/health.log
100644 blob c9732472ec2efad2fd2aa9ab8efc5623b0ca0df7	evidence/independent-verifier/stage-1/candidate-3-large-minutes/runtime-03/identity.json
100644 blob a26ad671c1f24c4a43ed5a3aaf462d2b4d551867	evidence/independent-verifier/stage-1/candidate-3-large-minutes/runtime-03/image-hashes.json
100644 blob 38912c10043b71e01beb29083a0e58833c365d7a	evidence/independent-verifier/stage-1/candidate-3-large-minutes/runtime-03/inspect.json
100644 blob ec27bbbda093236abb5c66d8cb06fdea8592495b	evidence/independent-verifier/stage-1/candidate-3-large-minutes/runtime-03/probes.json
100644 blob b42ea668d8a6d9654030f0122ca4c3ae17c8c549	evidence/independent-verifier/stage-1/candidate-3-large-minutes/runtime-03/service.log
100644 blob 6c5dae6fd3ef5ba6f4e7e6433b74b6c8cbdc866b	evidence/independent-verifier/stage-1/candidate-3-large-minutes/runtime-03/start.log
100644 blob e69de29bb2d1d6434b8b29ae775ad8c2e48c5391	evidence/independent-verifier/stage-1/candidate-3-large-minutes/runtime-03/status.log
100644 blob 51a7bcd3c545083f21272be37007d47039eb7c49	evidence/independent-verifier/stage-1/candidate-3-large-minutes/summary.json
100644 blob 22dbf7b90f2bbbe390d34b72028c72fdbc87f7ed	evidence/independent-verifier/stage-1/candidate-3/VERDICT.md
100644 blob 9d54359df2cd7bef9d8517a8c1bf6213365c243a	evidence/independent-verifier/stage-1/candidate-3/artifact-manifest.json
100644 blob f1caf5e534a61d9ed2c8ddc51867b99b1b2ccda0	evidence/independent-verifier/stage-1/candidate-3/committed-history.txt
100644 blob d7569775c0e901901fc7c405502bb92a88702efa	evidence/independent-verifier/stage-1/candidate-3/committed-tree.txt
100644 blob 31b8e7da03558b0a60873674ce24db90d7b69480	evidence/independent-verifier/stage-1/candidate-3/coverage.csv
100644 blob ab8d5d0c945b1d69f8af643ee7a48ce20b96e971	evidence/independent-verifier/stage-1/candidate-3/official/report.json
100644 blob 20eab55ba1d01f0948d272cf1a83a7f97d6c9dc5	evidence/independent-verifier/stage-1/candidate-3/official/stage-1.counts.json
100644 blob b8582d088741d16072bfa0726caf26eff0fea4f9	evidence/independent-verifier/stage-1/candidate-3/official/stage-1.log
100644 blob 113b657a723d9a2313b38b91853f84d8aaa3880f	evidence/independent-verifier/stage-1/candidate-3/official/stage-2.counts.json
100644 blob 3d813efe4ecad307393fdd1b9c29efd73bf0e867	evidence/independent-verifier/stage-1/candidate-3/official/stage-2.log
100644 blob 57972f66c0de4fbb356b7eb7766d54f510ed48bb	evidence/independent-verifier/stage-1/candidate-3/preflight/RUN-reviewed-source.md
100644 blob e9d15559a76499c88c763b45e94fe3bb48918c93	evidence/independent-verifier/stage-1/candidate-3/preflight/command-000.log
100644 blob 6b86738b02dc00c68fc59342c36cc4cd7cd9f21e	evidence/independent-verifier/stage-1/candidate-3/preflight/command-001.log
100644 blob e69de29bb2d1d6434b8b29ae775ad8c2e48c5391	evidence/independent-verifier/stage-1/candidate-3/preflight/command-002.log
100644 blob ed3acd5fcb5f86d75dde0d72f64ad385355cd746	evidence/independent-verifier/stage-1/candidate-3/preflight/command-003.log
100644 blob d7569775c0e901901fc7c405502bb92a88702efa	evidence/independent-verifier/stage-1/candidate-3/preflight/command-004.log
100644 blob 4984779fa2fcb3b982f8e81708808ae763f0b3bd	evidence/independent-verifier/stage-1/candidate-3/preflight/commands.json
100644 blob 14f97ed2cd6322f0a4886365bd2171c9bd2a22d1	evidence/independent-verifier/stage-1/candidate-3/preflight/preflight.json
100644 blob a833d8491d1ef729f4ece8a3582d1b064990f920	evidence/independent-verifier/stage-1/candidate-3/runner-issues.json
100644 blob 57972f66c0de4fbb356b7eb7766d54f510ed48bb	evidence/independent-verifier/stage-1/candidate-3/runtime-01/RUN-reviewed-source.md
100644 blob ef643459455d6146d83a021144c44d98cc1243f7	evidence/independent-verifier/stage-1/candidate-3/runtime-01/calendar-minimal-client.log
100644 blob be423071f9b860d8b5f957482e18281c0601e8a3	evidence/independent-verifier/stage-1/candidate-3/runtime-01/calendar-minimal/assertions.json
100644 blob 0637a088a01e8ddab3bf3fa98dbe804cbde1a0dc	evidence/independent-verifier/stage-1/candidate-3/runtime-01/calendar-minimal/concurrency-timing.json
100644 blob 720ca8606cca84032426e3e23c78f467be746397	evidence/independent-verifier/stage-1/candidate-3/runtime-01/calendar-minimal/coverage.csv
100644 blob 73e53435e226a8ade8056ff714732d486b4d1827	evidence/independent-verifier/stage-1/candidate-3/runtime-01/calendar-minimal/operations.jsonl
100644 blob d0a6c3b21ba3a76e2c81893508f875042f70c2a3	evidence/independent-verifier/stage-1/candidate-3/runtime-01/calendar-minimal/summary.json
100644 blob 51fec1380db53c5bfb0c79efd23d7bc66c562b10	evidence/independent-verifier/stage-1/candidate-3/runtime-01/command-000.log
100644 blob 6b86738b02dc00c68fc59342c36cc4cd7cd9f21e	evidence/independent-verifier/stage-1/candidate-3/runtime-01/command-001.log
100644 blob e69de29bb2d1d6434b8b29ae775ad8c2e48c5391	evidence/independent-verifier/stage-1/candidate-3/runtime-01/command-002.log
100644 blob ed3acd5fcb5f86d75dde0d72f64ad385355cd746	evidence/independent-verifier/stage-1/candidate-3/runtime-01/command-003.log
100644 blob d7569775c0e901901fc7c405502bb92a88702efa	evidence/independent-verifier/stage-1/candidate-3/runtime-01/command-004.log
100644 blob 23b7b199390d4d0cf14553f2cc9ced3b0f68e43e	evidence/independent-verifier/stage-1/candidate-3/runtime-01/command-005.log
100644 blob dcbeca25eb74d513ad33ff51022355aa9fc1d4e2	evidence/independent-verifier/stage-1/candidate-3/runtime-01/command-006.log
100644 blob bb748653b0b1610f3aa05d6c8bed369f83ec1fd5	evidence/independent-verifier/stage-1/candidate-3/runtime-01/command-007.log
100644 blob c41411f34d8da252367f50a3807bf0ac3c64f634	evidence/independent-verifier/stage-1/candidate-3/runtime-01/command-008.log
100644 blob ff489894bdba2114a63abc1f252477819a94740b	evidence/independent-verifier/stage-1/candidate-3/runtime-01/command-009.log
100644 blob 814a5c51cfa5a6eea413374b7667b44744007973	evidence/independent-verifier/stage-1/candidate-3/runtime-01/command-010.log
100644 blob 6f8ebafebbf0bc4b8cde0c16134025a27e2bdd32	evidence/independent-verifier/stage-1/candidate-3/runtime-01/command-011.log
100644 blob 03a280907535db5e7fc80e9a6765c94c85906566	evidence/independent-verifier/stage-1/candidate-3/runtime-01/command-012.log
100644 blob adf2eae6e02be084e07cbd0223368746d26cbf76	evidence/independent-verifier/stage-1/candidate-3/runtime-01/command-013.log
100644 blob 975491721d63b847471f1a5acffcd38801efca0e	evidence/independent-verifier/stage-1/candidate-3/runtime-01/command-014.log
100644 blob fcb0857c1f81de8b2ea2fec088075380c6333d20	evidence/independent-verifier/stage-1/candidate-3/runtime-01/command-015.log
100644 blob ae3250c8d2c8e32fc26716dacb4f5e9911fe5591	evidence/independent-verifier/stage-1/candidate-3/runtime-01/commands.json
100644 blob 0aad24489e9b23d5ca9a7f0ce1eea1a23b6af293	evidence/independent-verifier/stage-1/candidate-3/runtime-01/extra-commands.json
100644 blob a313c02abbb3fc33518daf7677eb1febbb2f2686	evidence/independent-verifier/stage-1/candidate-3/runtime-01/independent-verifier-s1-b4a124e3671e-20261004t010732-legacy-cleanup.log
100644 blob 0b330a95b8f94cb5dc3f55a66140ae6dd0313f87	evidence/independent-verifier/stage-1/candidate-3/runtime-01/independent-verifier-s1-b4a124e3671e-20261004t010732-legacy-hash.json
100644 blob bdaa92683253b49e27bf6bdf9b9f255630302723	evidence/independent-verifier/stage-1/candidate-3/runtime-01/independent-verifier-s1-b4a124e3671e-20261004t010732-peer-cleanup.log
100644 blob 1933b999eb2719e1f10704e8c99fe7921991d536	evidence/independent-verifier/stage-1/candidate-3/runtime-01/independent-verifier-s1-b4a124e3671e-20261004t010732-source-cleanup.log
100644 blob a26ad671c1f24c4a43ed5a3aaf462d2b4d551867	evidence/independent-verifier/stage-1/candidate-3/runtime-01/independent-verifier-s1-b4a124e3671e-20261004t010732-source-hash.json
100644 blob 9f5c980c74b4e2d15eabe2caa059e753c0f64ec2	evidence/independent-verifier/stage-1/candidate-3/runtime-01/legacy-build.log
100644 blob 50c39d8e6b9a35a98a5dc5f736d5f70e4cdcba31	evidence/independent-verifier/stage-1/candidate-3/runtime-01/legacy-checkout.log
100644 blob 8c410625b37c10bad0f545d0c2970b47c3ee3a54	evidence/independent-verifier/stage-1/candidate-3/runtime-01/legacy-client.log
100644 blob 2496cd2a582c2f385713728faa8e1bcbe5eed9d1	evidence/independent-verifier/stage-1/candidate-3/runtime-01/legacy-clone.log
100644 blob 8ae1c985678019999f19aff56da344346b9f2402	evidence/independent-verifier/stage-1/candidate-3/runtime-01/legacy-health.log
100644 blob 9bb6b02c758916e0624315cf52ce79a59a28c747	evidence/independent-verifier/stage-1/candidate-3/runtime-01/legacy-identity.json
100644 blob 36340d781c652534444ed9bdf8f1cc01b56fc79b	evidence/independent-verifier/stage-1/candidate-3/runtime-01/legacy-inspect.json
100644 blob 5b0c862e9ef350177d928a74b0d2acc5ea2d02ac	evidence/independent-verifier/stage-1/candidate-3/runtime-01/legacy-start.log
100644 blob e69de29bb2d1d6434b8b29ae775ad8c2e48c5391	evidence/independent-verifier/stage-1/candidate-3/runtime-01/legacy-status.log
100644 blob ca58c533a6c8591e51f1d98438304c67e67c6405	evidence/independent-verifier/stage-1/candidate-3/runtime-01/network-cleanup.log
100644 blob 8e0266efe9a6111d8498da18b26f0e7130f7f905	evidence/independent-verifier/stage-1/candidate-3/runtime-01/original-minimal-client.log
100644 blob 741842795acd339c37defcd7d69199c41f4717a5	evidence/independent-verifier/stage-1/candidate-3/runtime-01/original-minimal/assertions.json
100644 blob 0637a088a01e8ddab3bf3fa98dbe804cbde1a0dc	evidence/independent-verifier/stage-1/candidate-3/runtime-01/original-minimal/concurrency-timing.json
100644 blob 68deabc33e803f4c63396c7a7b1f9304a2855ef4	evidence/independent-verifier/stage-1/candidate-3/runtime-01/original-minimal/coverage.csv
100644 blob e4a39fa34bc2e85d5286bbc8bbfc4288a646a1f2	evidence/independent-verifier/stage-1/candidate-3/runtime-01/original-minimal/operations.jsonl
100644 blob 3d074e1607f9c0d66403a8589897ae8a124fa5c2	evidence/independent-verifier/stage-1/candidate-3/runtime-01/original-minimal/summary.json
100644 blob a9acfbe708cd795fd4a7b03f2f8667837de6510b	evidence/independent-verifier/stage-1/candidate-3/runtime-01/preflight.json
100644 blob 664a33be7c34c2e789d10545f527f09db7d61157	evidence/independent-verifier/stage-1/candidate-3/runtime-01/probes/assertions.json
100644 blob 2d2b6e809f09aeff2e8e3eecd1ed44e362d623cf	evidence/independent-verifier/stage-1/candidate-3/runtime-01/probes/concurrency-timing.json
100644 blob 11b69736d8d9c668bda266569bd3634dac18008c	evidence/independent-verifier/stage-1/candidate-3/runtime-01/probes/coverage.csv
100644 blob ebd84344ee91821680d9cdb76241a1dde3a9fc75	evidence/independent-verifier/stage-1/candidate-3/runtime-01/probes/operations.jsonl
100644 blob 4a4076ebd64fa339ceed2226862e76632b77caa3	evidence/independent-verifier/stage-1/candidate-3/runtime-01/probes/randomized-occupancy-trace.json
100644 blob 32674cdcf4b398f1fb07ef0e3f1151a223cef824	evidence/independent-verifier/stage-1/candidate-3/runtime-01/probes/summary.json
100644 blob 6fd353db00cec3a7f707ba436f2fd578857827be	evidence/independent-verifier/stage-1/candidate-3/runtime-01/race50-client.log
100644 blob bf35a0c483531ab3a56816d0774ff20027f6fb3e	evidence/independent-verifier/stage-1/candidate-3/runtime-01/race50/assertions.json
100644 blob 564c52a95f8d510ec029919b1e9ee9d43a9f6906	evidence/independent-verifier/stage-1/candidate-3/runtime-01/race50/concurrency-timing.json
100644 blob a75c4c263bbccbf0ba14abf2d4a19e4d99e12c29	evidence/independent-verifier/stage-1/candidate-3/runtime-01/race50/coverage.csv
100644 blob 94372bdabd76e0074223fd71e1a2d23c3866baf3	evidence/independent-verifier/stage-1/candidate-3/runtime-01/race50/operations.jsonl
100644 blob c0809b173d45bcebea3daf395b74d51d26ad17bf	evidence/independent-verifier/stage-1/candidate-3/runtime-01/race50/summary.json
100644 blob 57972f66c0de4fbb356b7eb7766d54f510ed48bb	evidence/independent-verifier/stage-1/candidate-3/runtime-02/RUN-reviewed-source.md
100644 blob 9b06f0a8f372f0c2e5bf1456893f3f5a26925f66	evidence/independent-verifier/stage-1/candidate-3/runtime-02/calendar-minimal-client.log
100644 blob 10f8ec947969ef83f09bb12484c8a13a6949cc85	evidence/independent-verifier/stage-1/candidate-3/runtime-02/calendar-minimal/assertions.json
100644 blob 0637a088a01e8ddab3bf3fa98dbe804cbde1a0dc	evidence/independent-verifier/stage-1/candidate-3/runtime-02/calendar-minimal/concurrency-timing.json
100644 blob 11c8f9d3f25cf6b7df8239bfe7a169d6a7f597b9	evidence/independent-verifier/stage-1/candidate-3/runtime-02/calendar-minimal/coverage.csv
100644 blob 466b4b85b28dece1f00bb1bbcf6c13c763ddd31d	evidence/independent-verifier/stage-1/candidate-3/runtime-02/calendar-minimal/operations.jsonl
100644 blob 637878501f0a29f222a3f46ae7984fa0cada59f7	evidence/independent-verifier/stage-1/candidate-3/runtime-02/calendar-minimal/summary.json
100644 blob f7e1d0a16b9297a3501e52ce2d9ecd532cd2aba4	evidence/independent-verifier/stage-1/candidate-3/runtime-02/command-000.log
100644 blob 6b86738b02dc00c68fc59342c36cc4cd7cd9f21e	evidence/independent-verifier/stage-1/candidate-3/runtime-02/command-001.log
100644 blob e69de29bb2d1d6434b8b29ae775ad8c2e48c5391	evidence/independent-verifier/stage-1/candidate-3/runtime-02/command-002.log
100644 blob ed3acd5fcb5f86d75dde0d72f64ad385355cd746	evidence/independent-verifier/stage-1/candidate-3/runtime-02/command-003.log
100644 blob d7569775c0e901901fc7c405502bb92a88702efa	evidence/independent-verifier/stage-1/candidate-3/runtime-02/command-004.log
100644 blob df932963d5c6b48b98d8f73e486495fe2fc17308	evidence/independent-verifier/stage-1/candidate-3/runtime-02/command-005.log
100644 blob ca50dad5149587676448c84ad0105ebcd3d337dc	evidence/independent-verifier/stage-1/candidate-3/runtime-02/command-006.log
100644 blob 2962250c4cc9978173bd3054627976462f6b4681	evidence/independent-verifier/stage-1/candidate-3/runtime-02/command-007.log
100644 blob 1d9eacc02e6e3c6cb02ce4e00172ddb709cfa8c6	evidence/independent-verifier/stage-1/candidate-3/runtime-02/command-008.log
100644 blob fd58c820b070d947462f8be03faa4513cee4b884	evidence/independent-verifier/stage-1/candidate-3/runtime-02/command-009.log
100644 blob 130374e8804533850ca5b6d789e300b8f8d35204	evidence/independent-verifier/stage-1/candidate-3/runtime-02/command-010.log
100644 blob c05695aea4d9f4e40ced6c8ad8b503064cbffc4a	evidence/independent-verifier/stage-1/candidate-3/runtime-02/command-011.log
100644 blob 6071b2b973685b55fe2b9937a5e72a34159da29d	evidence/independent-verifier/stage-1/candidate-3/runtime-02/command-012.log
100644 blob b4ff066fe2f327b000f01b1846e8634ce6d9ab00	evidence/independent-verifier/stage-1/candidate-3/runtime-02/command-013.log
100644 blob 8d72ef80a5bcdce64b3fa684b628f359ffc39671	evidence/independent-verifier/stage-1/candidate-3/runtime-02/command-014.log
100644 blob 41b14b0f4e913b8982b790e030f512dd9dbc969e	evidence/independent-verifier/stage-1/candidate-3/runtime-02/command-015.log
100644 blob 8119bc57845d4611bc0850e123d7fa55af06619c	evidence/independent-verifier/stage-1/candidate-3/runtime-02/commands.json
100644 blob 7695621e2cabfcf3e76868d6b82506b873671d5d	evidence/independent-verifier/stage-1/candidate-3/runtime-02/extra-commands.json
100644 blob 99b4820c0a20f750df1db3d8422aa8d6858cbd97	evidence/independent-verifier/stage-1/candidate-3/runtime-02/independent-verifier-s1-b4a124e3671e-20261004t010907-legacy-cleanup.log
100644 blob 0b330a95b8f94cb5dc3f55a66140ae6dd0313f87	evidence/independent-verifier/stage-1/candidate-3/runtime-02/independent-verifier-s1-b4a124e3671e-20261004t010907-legacy-hash.json
100644 blob f424c0d548933e555306b23ced1cde3acdda738b	evidence/independent-verifier/stage-1/candidate-3/runtime-02/independent-verifier-s1-b4a124e3671e-20261004t010907-peer-cleanup.log
100644 blob 03c349cbe7321d1a809914e496f598e3a15dbf6e	evidence/independent-verifier/stage-1/candidate-3/runtime-02/independent-verifier-s1-b4a124e3671e-20261004t010907-source-cleanup.log
100644 blob a26ad671c1f24c4a43ed5a3aaf462d2b4d551867	evidence/independent-verifier/stage-1/candidate-3/runtime-02/independent-verifier-s1-b4a124e3671e-20261004t010907-source-hash.json
100644 blob 695946d08c937782c01ab8c6ea7ba84f298abc80	evidence/independent-verifier/stage-1/candidate-3/runtime-02/legacy-build.log
100644 blob 50c39d8e6b9a35a98a5dc5f736d5f70e4cdcba31	evidence/independent-verifier/stage-1/candidate-3/runtime-02/legacy-checkout.log
100644 blob be313d3dff91345fce8bbfdacc0b296828634cbb	evidence/independent-verifier/stage-1/candidate-3/runtime-02/legacy-client.log
100644 blob b6f71536b8552c5953f4b5e86ca607924f383631	evidence/independent-verifier/stage-1/candidate-3/runtime-02/legacy-clone.log
100644 blob a621ec85fe5210795e329b09f6ab9513f4d02bad	evidence/independent-verifier/stage-1/candidate-3/runtime-02/legacy-health.log
100644 blob 0801182b31eefb523074f00077954d1989016c80	evidence/independent-verifier/stage-1/candidate-3/runtime-02/legacy-identity.json
100644 blob 458fbc458cf426c734a63bb84063ac6dba93f72f	evidence/independent-verifier/stage-1/candidate-3/runtime-02/legacy-inspect.json
100644 blob c9153cac958c4a04a5f4fb24f148c46d64ba404e	evidence/independent-verifier/stage-1/candidate-3/runtime-02/legacy-start.log
100644 blob e69de29bb2d1d6434b8b29ae775ad8c2e48c5391	evidence/independent-verifier/stage-1/candidate-3/runtime-02/legacy-status.log
100644 blob 402476ddb9c3abb78ed5709f0eedfc9d41971f08	evidence/independent-verifier/stage-1/candidate-3/runtime-02/legacy/assertions.json
100644 blob 0637a088a01e8ddab3bf3fa98dbe804cbde1a0dc	evidence/independent-verifier/stage-1/candidate-3/runtime-02/legacy/concurrency-timing.json
100644 blob 938c5dd9b22d7a1cc68a707d4399677a640e35f6	evidence/independent-verifier/stage-1/candidate-3/runtime-02/legacy/coverage.csv
100644 blob 9b1e796a82a499cb3b12b44e6986c55458add27e	evidence/independent-verifier/stage-1/candidate-3/runtime-02/legacy/operations.jsonl
100644 blob 0df4d2150901076b6c7a396ca8a4b79f451f03fe	evidence/independent-verifier/stage-1/candidate-3/runtime-02/legacy/summary.json
100644 blob 170f0b93b53f67a0a8233ba56dc38b978e0f5126	evidence/independent-verifier/stage-1/candidate-3/runtime-02/network-cleanup.log
100644 blob ad9b7e4cf80ddc315edf28fbd179b117be3cefc5	evidence/independent-verifier/stage-1/candidate-3/runtime-02/original-minimal-client.log
100644 blob 7139914b0bad128a52302a580db611cefb4faa9f	evidence/independent-verifier/stage-1/candidate-3/runtime-02/original-minimal/assertions.json
100644 blob 0637a088a01e8ddab3bf3fa98dbe804cbde1a0dc	evidence/independent-verifier/stage-1/candidate-3/runtime-02/original-minimal/concurrency-timing.json
100644 blob 83aa1345f17e30970ae2570290b61424a4ee646e	evidence/independent-verifier/stage-1/candidate-3/runtime-02/original-minimal/coverage.csv
100644 blob 6c329f695ab8f158ccea889293476288190d1ce0	evidence/independent-verifier/stage-1/candidate-3/runtime-02/original-minimal/operations.jsonl
100644 blob a139df42f1b7d7109b5ffd7b4e951f1599a42b8e	evidence/independent-verifier/stage-1/candidate-3/runtime-02/original-minimal/summary.json
100644 blob 26ed83de5c60a93900c4d8780c38752bee17f109	evidence/independent-verifier/stage-1/candidate-3/runtime-02/preflight.json
100644 blob af0a71464836af9068708d26f3c42590ac8936c2	evidence/independent-verifier/stage-1/candidate-3/runtime-02/probes/assertions.json
100644 blob ac5a438c4e31a51df85b9d0fcec7776230395fee	evidence/independent-verifier/stage-1/candidate-3/runtime-02/probes/concurrency-timing.json
100644 blob 9726d93ec35bc8c753d16179d21f747808c8fef7	evidence/independent-verifier/stage-1/candidate-3/runtime-02/probes/coverage.csv
100644 blob a1d5e2b0f4479a25ff3f25110cc55c65828f9fc7	evidence/independent-verifier/stage-1/candidate-3/runtime-02/probes/operations.jsonl
100644 blob 4a4076ebd64fa339ceed2226862e76632b77caa3	evidence/independent-verifier/stage-1/candidate-3/runtime-02/probes/randomized-occupancy-trace.json
100644 blob 65ae8f1bca5c95677bd61fb8a241e4d0dc165e4d	evidence/independent-verifier/stage-1/candidate-3/runtime-02/probes/summary.json
100644 blob 13127a7102d055333ddc51b38ecabc56409e0cbc	evidence/independent-verifier/stage-1/candidate-3/runtime-02/race50-client.log
100644 blob ca2107dfe77cd179f8a3ac05cee968fd97f394fa	evidence/independent-verifier/stage-1/candidate-3/runtime-02/race50/assertions.json
100644 blob 59a2db688cbb107c7fd96fb46a851a6ff14d15bd	evidence/independent-verifier/stage-1/candidate-3/runtime-02/race50/concurrency-timing.json
100644 blob cfa23b254840e8f8ccacb5e9e3d2100bcf79b7d9	evidence/independent-verifier/stage-1/candidate-3/runtime-02/race50/coverage.csv
100644 blob f5f8bf509d5d6dc3bf8d9f367255319159dc6fed	evidence/independent-verifier/stage-1/candidate-3/runtime-02/race50/operations.jsonl
100644 blob 8c5210c8cc2550f815a08b5c1e8749e5da67f4c7	evidence/independent-verifier/stage-1/candidate-3/runtime-02/race50/summary.json
100644 blob a9d2e2c6a6ccf829750326cb1b163d3b19280a97	evidence/independent-verifier/stage-1/candidate-3/runtime-audit.json
100644 blob bf083da4151ac06e173c197cc9005a7092363207	evidence/independent-verifier/stage-1/candidate-3/source-audit.json
100644 blob 9bded64a81ac7e207e73c8f646be47cfa9f27655	evidence/independent-verifier/stage-1/candidate-3/source-inputs/candidate-handoff.txt
100644 blob a6ebc6ba27d95f38175b929bf93b3867468cf8f9	evidence/independent-verifier/stage-1/candidate-3/source-inputs/intake-record.jsonl
100644 blob 471c0b89b1350af45e96151f29436ae6d8cb51e1	evidence/independent-verifier/stage-1/candidate-3/source-inputs/intake-tree.txt
100644 blob f8f6b7e40611409f75447164a68db115df4a33e5	evidence/independent-verifier/stage-1/candidate-3/source-inputs/interface-handoff.txt
100644 blob f462a6da420c72aa512e620b5ead8adb3b13fccf	evidence/independent-verifier/stage-1/candidate-3/source-inputs/interface.md
100644 blob 152502174c9392e471d8466a688e6d66f91fad4c	evidence/independent-verifier/stage-1/candidate-3/source-inputs/systems-handoff.txt
100644 blob 18b63c47be6d003302d145457148a8a93070f48d	evidence/independent-verifier/stage-1/candidate-3/source-inputs/systems.md
100644 blob c628696f1ae48da5ed324d09598b7417f1f6b146	evidence/independent-verifier/stage-1/candidate-3/source-inputs/timestamp-decision.md
100644 blob c0f8b4bc5ec023dea96f6adc2b1c518f80114cb4	evidence/independent-verifier/stage-1/candidate-3/summary.json
100644 blob cee7f9b6a742eff0c77a33a7cfbdbfe60ddc699c	evidence/independent-verifier/stage-1/candidate-4/VERDICT.md
100644 blob ea0ee07e3ad62fd955a55b6aa859a93a305b334b	evidence/independent-verifier/stage-1/candidate-4/artifact-manifest.json
100644 blob b807899bd9d1bc4e1b38c722ab30eee34f58e5e4	evidence/independent-verifier/stage-1/candidate-4/committed-history.txt
100644 blob 0474525f316ea97914b19cbd27e9199e1b3b34bc	evidence/independent-verifier/stage-1/candidate-4/committed-tree.txt
100644 blob 2b880afe071d333478d9125fd89c9f3185ae98c2	evidence/independent-verifier/stage-1/candidate-4/coverage.csv
100644 blob c43e6f7da14644b315da36500183d058232c5ea9	evidence/independent-verifier/stage-1/candidate-4/official/report.json
100644 blob 20eab55ba1d01f0948d272cf1a83a7f97d6c9dc5	evidence/independent-verifier/stage-1/candidate-4/official/stage-1.counts.json
100644 blob bcd1530e8e60a6ec7786ee8ffeeafe09aeae62dd	evidence/independent-verifier/stage-1/candidate-4/official/stage-1.log
100644 blob 113b657a723d9a2313b38b91853f84d8aaa3880f	evidence/independent-verifier/stage-1/candidate-4/official/stage-2.counts.json
100644 blob 6ad5710bd227985a6791b6571bde032b0d4e70cb	evidence/independent-verifier/stage-1/candidate-4/official/stage-2.log
100644 blob 57972f66c0de4fbb356b7eb7766d54f510ed48bb	evidence/independent-verifier/stage-1/candidate-4/preflight/RUN-reviewed-source.md
100644 blob d5fccb33cba955bf65c8d0c50bb3413fddf647de	evidence/independent-verifier/stage-1/candidate-4/preflight/command-000.log
100644 blob f95528ddc36ffdeb7d7e647aee84f802bfc9aeb6	evidence/independent-verifier/stage-1/candidate-4/preflight/command-001.log
100644 blob e69de29bb2d1d6434b8b29ae775ad8c2e48c5391	evidence/independent-verifier/stage-1/candidate-4/preflight/command-002.log
100644 blob ee1a1f0f6e8c242203d6e138e6d31cc139ffb163	evidence/independent-verifier/stage-1/candidate-4/preflight/command-003.log
100644 blob 0474525f316ea97914b19cbd27e9199e1b3b34bc	evidence/independent-verifier/stage-1/candidate-4/preflight/command-004.log
100644 blob 94a4eda2c05e49db1c9ec360f1e697f97856eb0b	evidence/independent-verifier/stage-1/candidate-4/preflight/commands.json
100644 blob 933d8377076098d433f4e3adebc55b17e706d0fe	evidence/independent-verifier/stage-1/candidate-4/preflight/preflight.json
100644 blob 07847c0b359391c06a4556e7dad29713dd7e3ac7	evidence/independent-verifier/stage-1/candidate-4/runner-issues.json
100644 blob 57972f66c0de4fbb356b7eb7766d54f510ed48bb	evidence/independent-verifier/stage-1/candidate-4/runtime-01/RUN-reviewed-source.md
100644 blob c724f0f4ee107801f08b2f729ee8d4f248c1732e	evidence/independent-verifier/stage-1/candidate-4/runtime-01/calendar-minimal-client.log
100644 blob 93e88305872b1d575e34aeb8be587026f02a47b7	evidence/independent-verifier/stage-1/candidate-4/runtime-01/calendar-minimal/assertions.json
100644 blob 0637a088a01e8ddab3bf3fa98dbe804cbde1a0dc	evidence/independent-verifier/stage-1/candidate-4/runtime-01/calendar-minimal/concurrency-timing.json
100644 blob 21feecf0ed6c891e29a7415665a231064d383697	evidence/independent-verifier/stage-1/candidate-4/runtime-01/calendar-minimal/coverage.csv
100644 blob 0609665b177a7777df60c88bf6c3c9ed4a9fc059	evidence/independent-verifier/stage-1/candidate-4/runtime-01/calendar-minimal/operations.jsonl
100644 blob e61298eeb200637c1352beb610e3697c3c5ad3ad	evidence/independent-verifier/stage-1/candidate-4/runtime-01/calendar-minimal/summary.json
100644 blob 23bd5105ed0b3b0f617b31680870e5e08ceecce8	evidence/independent-verifier/stage-1/candidate-4/runtime-01/command-000.log
100644 blob f95528ddc36ffdeb7d7e647aee84f802bfc9aeb6	evidence/independent-verifier/stage-1/candidate-4/runtime-01/command-001.log
100644 blob e69de29bb2d1d6434b8b29ae775ad8c2e48c5391	evidence/independent-verifier/stage-1/candidate-4/runtime-01/command-002.log
100644 blob fbfa4ce995c84de99af7579ebc28a81caeb7b16a	evidence/independent-verifier/stage-1/candidate-4/runtime-01/command-003.log
100644 blob 0474525f316ea97914b19cbd27e9199e1b3b34bc	evidence/independent-verifier/stage-1/candidate-4/runtime-01/command-004.log
100644 blob 219f603d8eaa92aa923a555815b2224fc57d57a7	evidence/independent-verifier/stage-1/candidate-4/runtime-01/command-005.log
100644 blob b73cc1b1adc0e491dafdb534098a58409a0de709	evidence/independent-verifier/stage-1/candidate-4/runtime-01/command-006.log
100644 blob d855fd68b528355feba6259a317eb3e3111cb068	evidence/independent-verifier/stage-1/candidate-4/runtime-01/command-007.log
100644 blob 2c86afa743263bc995d7f6efe72920515e24b4e3	evidence/independent-verifier/stage-1/candidate-4/runtime-01/command-008.log
100644 blob 4746ac1ce370c205a3612462a51e59efcd7fcbf7	evidence/independent-verifier/stage-1/candidate-4/runtime-01/command-009.log
100644 blob 5e42e86e640a765174264a5498f5d8a4106195a3	evidence/independent-verifier/stage-1/candidate-4/runtime-01/command-010.log
100644 blob 204a8f1198b5305d2b52b51facf0a0d6bd947547	evidence/independent-verifier/stage-1/candidate-4/runtime-01/command-011.log
100644 blob de36f70330b04256e6e390fb8e8056543c1dfd7a	evidence/independent-verifier/stage-1/candidate-4/runtime-01/command-012.log
100644 blob 1c721d3b3d8bf92a556dae83c60801ccb60581dc	evidence/independent-verifier/stage-1/candidate-4/runtime-01/command-013.log
100644 blob 64efb63065485d9065b33d174f1a67b8361da010	evidence/independent-verifier/stage-1/candidate-4/runtime-01/command-014.log
100644 blob 3e8e3e095fc4f16d0492f0da0230a136ba9b9260	evidence/independent-verifier/stage-1/candidate-4/runtime-01/command-015.log
100644 blob a838d8970642134dd803d53e6ba43746c5690504	evidence/independent-verifier/stage-1/candidate-4/runtime-01/commands.json
100644 blob a726bac4aa654dbd28a550a4281c78e92dec2236	evidence/independent-verifier/stage-1/candidate-4/runtime-01/extra-commands.json
100644 blob f85e3147c15105e17c3c1cc72c2fdb80ad0cae05	evidence/independent-verifier/stage-1/candidate-4/runtime-01/independent-verifier-s1-2a4b0408a345-20261004t012358-legacy-cleanup.log
100644 blob 0b330a95b8f94cb5dc3f55a66140ae6dd0313f87	evidence/independent-verifier/stage-1/candidate-4/runtime-01/independent-verifier-s1-2a4b0408a345-20261004t012358-legacy-hash.json
100644 blob 2415f86db552cc7d1a1a6017abbf1050d014cbb3	evidence/independent-verifier/stage-1/candidate-4/runtime-01/independent-verifier-s1-2a4b0408a345-20261004t012358-peer-cleanup.log
100644 blob 63360c00ebeb82c9e64ba856fbf3b5342bd06f8a	evidence/independent-verifier/stage-1/candidate-4/runtime-01/independent-verifier-s1-2a4b0408a345-20261004t012358-source-cleanup.log
100644 blob 5e97e10a67111af8543c3c8fe29fd3aed25f69a3	evidence/independent-verifier/stage-1/candidate-4/runtime-01/independent-verifier-s1-2a4b0408a345-20261004t012358-source-hash.json
100644 blob a4fc7c2166f48a88806b54d7b096ea482b480c15	evidence/independent-verifier/stage-1/candidate-4/runtime-01/large-minutes.json
100644 blob a3b30ddf032ae5ba26877a4e09107fb655c8a083	evidence/independent-verifier/stage-1/candidate-4/runtime-01/legacy-build.log
100644 blob 50c39d8e6b9a35a98a5dc5f736d5f70e4cdcba31	evidence/independent-verifier/stage-1/candidate-4/runtime-01/legacy-checkout.log
100644 blob 54c8eb547fb13a64ab9dad55507c015a83032127	evidence/independent-verifier/stage-1/candidate-4/runtime-01/legacy-client.log
100644 blob 5c8db24f6a6f553f1287b8277bfbd0fd2dfdce22	evidence/independent-verifier/stage-1/candidate-4/runtime-01/legacy-clone.log
100644 blob 66961e1cd4d28f7fea62bbaf98f441978c22dd71	evidence/independent-verifier/stage-1/candidate-4/runtime-01/legacy-health.log
100644 blob 850ba25592673e5320f9c686010161fd4959f207	evidence/independent-verifier/stage-1/candidate-4/runtime-01/legacy-identity.json
100644 blob 197590d405980bde6200fa5abe9cae9868356da3	evidence/independent-verifier/stage-1/candidate-4/runtime-01/legacy-inspect.json
100644 blob 84f312248a9afa65fa93cd619efe1ac5dab43586	evidence/independent-verifier/stage-1/candidate-4/runtime-01/legacy-start.log
100644 blob e69de29bb2d1d6434b8b29ae775ad8c2e48c5391	evidence/independent-verifier/stage-1/candidate-4/runtime-01/legacy-status.log
100644 blob 08b618582427a07971d7b46989e243f8a4b38652	evidence/independent-verifier/stage-1/candidate-4/runtime-01/legacy/assertions.json
100644 blob 0637a088a01e8ddab3bf3fa98dbe804cbde1a0dc	evidence/independent-verifier/stage-1/candidate-4/runtime-01/legacy/concurrency-timing.json
100644 blob 0757ba9a7c3ea924116c63b6b33b52d9246c9180	evidence/independent-verifier/stage-1/candidate-4/runtime-01/legacy/coverage.csv
100644 blob 73a6479bf14a0e64c395f93775a458a468110074	evidence/independent-verifier/stage-1/candidate-4/runtime-01/legacy/operations.jsonl
100644 blob 15fb232199eb3c578f089d89c0a0139b7a9392d3	evidence/independent-verifier/stage-1/candidate-4/runtime-01/legacy/summary.json
100644 blob d265e70c0335c6ce7c431e975557a44f9d9f276a	evidence/independent-verifier/stage-1/candidate-4/runtime-01/network-cleanup.log
100644 blob b2217575331ed45ff8a20cbeca2f635de788e23f	evidence/independent-verifier/stage-1/candidate-4/runtime-01/original-minimal-client.log
100644 blob 31d2341fea69178b05fbb02e9c6586c12aa404ec	evidence/independent-verifier/stage-1/candidate-4/runtime-01/original-minimal/assertions.json
100644 blob 0637a088a01e8ddab3bf3fa98dbe804cbde1a0dc	evidence/independent-verifier/stage-1/candidate-4/runtime-01/original-minimal/concurrency-timing.json
100644 blob e2bb77453e1e2f4e05a60bfa2287921e0d48170a	evidence/independent-verifier/stage-1/candidate-4/runtime-01/original-minimal/coverage.csv
100644 blob 58a6e464d0360eacf1fb6d1af2b81bbec1377a35	evidence/independent-verifier/stage-1/candidate-4/runtime-01/original-minimal/operations.jsonl
100644 blob 7edff8103fe5e6f818de368fb04cc0d92dc484fc	evidence/independent-verifier/stage-1/candidate-4/runtime-01/original-minimal/summary.json
100644 blob 9272b3c94c625bc125f0c6fd427369d42c3aa102	evidence/independent-verifier/stage-1/candidate-4/runtime-01/preflight.json
100644 blob e5d122e1a0ca2de22e6d5f46586da3acd8502125	evidence/independent-verifier/stage-1/candidate-4/runtime-01/probes/assertions.json
100644 blob 7286220703afb7101d677c73bab1751fae0ee18e	evidence/independent-verifier/stage-1/candidate-4/runtime-01/probes/concurrency-timing.json
100644 blob b0ba0f0b1ae0f8c89e84feb9192b088f4ea5b203	evidence/independent-verifier/stage-1/candidate-4/runtime-01/probes/coverage.csv
100644 blob 15a68b2f183d8485e15e6516ba34d6929a655721	evidence/independent-verifier/stage-1/candidate-4/runtime-01/probes/operations.jsonl
100644 blob 4a4076ebd64fa339ceed2226862e76632b77caa3	evidence/independent-verifier/stage-1/candidate-4/runtime-01/probes/randomized-occupancy-trace.json
100644 blob 9d5519d785500081968d38f022f14c3fcfaa9dd2	evidence/independent-verifier/stage-1/candidate-4/runtime-01/probes/summary.json
100644 blob dea5df2fd3c38c28b2d739e92cb9c47f18763634	evidence/independent-verifier/stage-1/candidate-4/runtime-01/race50-client.log
100644 blob 12ebe7bda5d959b523ec1a2968c2f8d0f30bb30f	evidence/independent-verifier/stage-1/candidate-4/runtime-01/race50/assertions.json
100644 blob cc3c8733d1ce0ce271f228a879b5a840a91dd238	evidence/independent-verifier/stage-1/candidate-4/runtime-01/race50/concurrency-timing.json
100644 blob 358228ffefc77b6bb63efaafcbad30fc57ff4409	evidence/independent-verifier/stage-1/candidate-4/runtime-01/race50/coverage.csv
100644 blob 6ec51b642164438929b4131902c218d2cbb4c4ec	evidence/independent-verifier/stage-1/candidate-4/runtime-01/race50/operations.jsonl
100644 blob cbb5c5165b9a00c91c5f83be25a4111426505a67	evidence/independent-verifier/stage-1/candidate-4/runtime-01/race50/summary.json
100644 blob 57972f66c0de4fbb356b7eb7766d54f510ed48bb	evidence/independent-verifier/stage-1/candidate-4/runtime-02/RUN-reviewed-source.md
100644 blob 37191821114c610089850852169936229366d6f8	evidence/independent-verifier/stage-1/candidate-4/runtime-02/command-000.log
100644 blob f95528ddc36ffdeb7d7e647aee84f802bfc9aeb6	evidence/independent-verifier/stage-1/candidate-4/runtime-02/command-001.log
100644 blob e69de29bb2d1d6434b8b29ae775ad8c2e48c5391	evidence/independent-verifier/stage-1/candidate-4/runtime-02/command-002.log
100644 blob fbfa4ce995c84de99af7579ebc28a81caeb7b16a	evidence/independent-verifier/stage-1/candidate-4/runtime-02/command-003.log
100644 blob 0474525f316ea97914b19cbd27e9199e1b3b34bc	evidence/independent-verifier/stage-1/candidate-4/runtime-02/command-004.log
100644 blob 28895576fde11f614d8b02942add636f1793e2af	evidence/independent-verifier/stage-1/candidate-4/runtime-02/command-005.log
100644 blob a61f86bb403dd136ba57f47d946c4d5d0ce8adfc	evidence/independent-verifier/stage-1/candidate-4/runtime-02/command-006.log
100644 blob 3e52b74e911e488bc5b531e9481dfa2867238df0	evidence/independent-verifier/stage-1/candidate-4/runtime-02/command-007.log
100644 blob c9824e3e0597432b206ad3ed9da08d7894cc0bf5	evidence/independent-verifier/stage-1/candidate-4/runtime-02/command-008.log
100644 blob 77b34ea0352ec1b63e89abd43acbc4d79869a7c1	evidence/independent-verifier/stage-1/candidate-4/runtime-02/command-009.log
100644 blob d89ec10a02da23ab5d1edfde1e793e52d966494c	evidence/independent-verifier/stage-1/candidate-4/runtime-02/command-010.log
100644 blob ff0833cc0ed0a12db741df6a7eb7615e9c25a209	evidence/independent-verifier/stage-1/candidate-4/runtime-02/command-011.log
100644 blob a2f1c4905ab9f88c36d331dc2034d918b8386850	evidence/independent-verifier/stage-1/candidate-4/runtime-02/command-012.log
100644 blob 7c8503a0cee6945381a4b3c2be21814471d3e7c5	evidence/independent-verifier/stage-1/candidate-4/runtime-02/command-013.log
100644 blob e596c43292a464ad1bb4216424383cc8d4d969fc	evidence/independent-verifier/stage-1/candidate-4/runtime-02/command-014.log
100644 blob 98119c207a03658521ce01c77a6e93903ce78091	evidence/independent-verifier/stage-1/candidate-4/runtime-02/commands.json
100644 blob f9b7e85b4b47d277cc62111bb59b6733a9b8b9d2	evidence/independent-verifier/stage-1/candidate-4/runtime-02/extra-commands.json
100644 blob 6c9b403f64b0bfad972fa3a760932f318672d917	evidence/independent-verifier/stage-1/candidate-4/runtime-02/independent-verifier-s1-2a4b0408a345-20261004t012537-peer-cleanup.log
100644 blob 64c34febf272eef337006f41fbdfb4e3c40e8b4e	evidence/independent-verifier/stage-1/candidate-4/runtime-02/independent-verifier-s1-2a4b0408a345-20261004t012537-source-cleanup.log
100644 blob 119c090f86dd4bfad9e9f8f80a8738567e52bbae	evidence/independent-verifier/stage-1/candidate-4/runtime-02/large-minutes.json
100644 blob 9921d4d0352a00cf1eae1f8a6e99e540becab0de	evidence/independent-verifier/stage-1/candidate-4/runtime-02/network-cleanup.log
100644 blob f494102c2c0cdbbc5f8f6ff4b76451eb7d8262f0	evidence/independent-verifier/stage-1/candidate-4/runtime-02/preflight.json
100644 blob 0378d7aaed6ab80925f5155b0408bc183212108d	evidence/independent-verifier/stage-1/candidate-4/runtime-audit.json
100644 blob b077a5d82f85035a7e271c7fda82d1b97192260d	evidence/independent-verifier/stage-1/candidate-4/source-audit.json
100644 blob 86d31ebdcf54b574b201a112b3c6a83edd1d01c0	evidence/independent-verifier/stage-1/candidate-4/source-inputs/candidate-handoff.txt
100644 blob a6ebc6ba27d95f38175b929bf93b3867468cf8f9	evidence/independent-verifier/stage-1/candidate-4/source-inputs/intake-record.jsonl
100644 blob 471c0b89b1350af45e96151f29436ae6d8cb51e1	evidence/independent-verifier/stage-1/candidate-4/source-inputs/intake-tree.txt
100644 blob f8f6b7e40611409f75447164a68db115df4a33e5	evidence/independent-verifier/stage-1/candidate-4/source-inputs/interface-handoff.txt
100644 blob f462a6da420c72aa512e620b5ead8adb3b13fccf	evidence/independent-verifier/stage-1/candidate-4/source-inputs/interface.md
100644 blob 152502174c9392e471d8466a688e6d66f91fad4c	evidence/independent-verifier/stage-1/candidate-4/source-inputs/systems-handoff.txt
100644 blob 665553a2050a005917854fda827d467ab2ffc03d	evidence/independent-verifier/stage-1/candidate-4/source-inputs/systems.md
100644 blob c628696f1ae48da5ed324d09598b7417f1f6b146	evidence/independent-verifier/stage-1/candidate-4/source-inputs/timestamp-decision.md
100644 blob bb030e9f9c18eb41a88b4fae341a417e452a1197	evidence/independent-verifier/stage-1/candidate-4/summary.json
100644 blob 0b19740df99db61f4426485217cf868f3e94d937	evidence/independent-verifier/stage-1/candidate1_report.py
100644 blob 7df1183e24f1a609b4cfe7834634ecde06edd7b6	evidence/independent-verifier/stage-1/candidate2_extra.py
100644 blob cf22f0be679a70169ae5f47d6f309d550287c3a3	evidence/independent-verifier/stage-1/candidate2_finalize.py
100644 blob 24f171ec83c763f91fef996b406e45bc94bd6c8c	evidence/independent-verifier/stage-1/candidate2_report.py
100644 blob 1f8e0cfca64527f3e9a15b99a539a5baaf844e67	evidence/independent-verifier/stage-1/candidate3_extra.py
100644 blob 00e87ad1dc6f0ad8863f0b6a9702804578537134	evidence/independent-verifier/stage-1/candidate3_report.py
100644 blob 129f212dfeaa1fe4d0c112888977549c9d6f7c25	evidence/independent-verifier/stage-1/candidate4_extra.py
100644 blob d9a6b4e4f99c16fa8ae888c1ba230f88f45427b9	evidence/independent-verifier/stage-1/candidate4_large.py
100644 blob 42d22155cb5849681b4244a96770e2b5c1bdc776	evidence/independent-verifier/stage-1/candidate4_report.py
100644 blob b69896ed86457a511d1aafba0b659881a3543528	evidence/independent-verifier/stage-1/coverage-prepared.csv
100644 blob ed31973754070e17486f05c21a16fb05dd8c61fb	evidence/independent-verifier/stage-1/finalize_candidate4.py
100644 blob cad9d952107664cfafccecad937f7eb285b25450	evidence/independent-verifier/stage-1/health.py
100644 blob 9c9f3fd1c1449760f5d6f4877378c6b22adc7dca	evidence/independent-verifier/stage-1/large_minutes.py
100644 blob e391f198802afa1a2256f31346f6456bd9eea476	evidence/independent-verifier/stage-1/large_minutes_report.py
100644 blob eba89c429c54254c07679a6e6ab3bd08acdeaabb	evidence/independent-verifier/stage-1/large_minutes_run.py
100644 blob c1550b6cb696a109a94b0a449b8f15f3b6cbc1d9	evidence/independent-verifier/stage-1/legacy_receipts.py
100644 blob 09e88ef3bed2c25eb36e67fb5271096ff841291c	evidence/independent-verifier/stage-1/prepare_candidate3_report.py
100644 blob f808e586f6360889d6f82d4184cbb031fd003ce5	evidence/independent-verifier/stage-1/probe-review.py
100644 blob bb5b4431593cafc15362040204ed9d4b26fdf7c3	evidence/independent-verifier/stage-1/probe.py
100644 blob abee2ae0dfcbbfcb758425fa92b9884d87e4f1ad	evidence/independent-verifier/stage-1/race50.py
100644 blob 8d525b704730a9ce78fb8dce1237906c4343cd36	evidence/independent-verifier/stage-1/reproduce.py
100644 blob 2c339ff8c4389f7a7708b1b960f6e06048e0ce48	evidence/independent-verifier/stage-1/reproduce_calendar.py
100644 blob 54ed637a38f8e509d6227f11c63bf22d310a1c6a	evidence/independent-verifier/stage-1/requirements.py
100644 blob 4da74f9b537a97a611d840693eb55134d6fd50d8	evidence/independent-verifier/stage-1/runtime.py
100644 blob 712f1a61da7370c8483a7eaeedfed0df6cf5f778	evidence/independent-verifier/stage-1/source-manifest.json
100644 blob 1ba773638b68e5b28b7c1bafbc0f189d5633f21c	evidence/independent-verifier/stage-1/supplemental.py
100644 blob c628696f1ae48da5ed324d09598b7417f1f6b146	evidence/independent-verifier/stage-1/timestamp-interpretation-input.md
100644 blob 78ebcbcd74d3e7cc40ba5eef0a6d2f21de0c03dc	evidence/independent-verifier/stage-1/wire_oracle.py
100644 blob 2061a7e64a5f86fe25f81c2e8a36214375b959f7	evidence/independent-verifier/stage-2/Browser.Dockerfile
100644 blob 4650725f6d3257684dfcc215b835459f1d2a14b1	evidence/independent-verifier/stage-2/PROBE_PLAN.md
100644 blob 98578e781c0cc021cc905dfcb1046142fd4fb79b	evidence/independent-verifier/stage-2/api.py
100644 blob 1e18739e9fe1335aae9dee6cd938392612eec2fb	evidence/independent-verifier/stage-2/browser.py
100644 blob 8a2c388cf48c9f69767e73c67586e8a48396eb83	evidence/independent-verifier/stage-2/browser_upgrade.py
100644 blob 287f0a6e0c5df429b5ff3bbed3c0f51db736b210	evidence/independent-verifier/stage-2/coverage-prepared.csv
100644 blob bbd0075c22067240094c87478cade76f388e8fa6	evidence/independent-verifier/stage-2/helper-build-01.json
100644 blob 3d4426ef81f8f06fb8e5e627ed1340d38eb7e577	evidence/independent-verifier/stage-2/helper-build-01.log
100644 blob 68643fbac0396a90a030ae18f7f8aed02e0a6fc8	evidence/independent-verifier/stage-2/helper-build-02.json
100644 blob a2bb699851c3c1cd721d88dab20f70c788e61a2d	evidence/independent-verifier/stage-2/helper-build-02.log
100644 blob 128f2c9a6ae04db7cb562bd8e67f1b1ffe63e77c	evidence/independent-verifier/stage-2/helper-smoke-01.json
100644 blob 393ced4bae81fc77d4bf7f511bb0e8f40d5ccf4d	evidence/independent-verifier/stage-2/helper-smoke-01.log
100644 blob ae5c9501612a4405a9afdb67f71110f76469fa64	evidence/independent-verifier/stage-2/helper-smoke-02.json
100644 blob 7af84c901c423e31e8066a053f52275544bdaa92	evidence/independent-verifier/stage-2/helper-smoke-02.log
100644 blob f2af9bb12f0b1e53284201161c91048df88a3998	evidence/independent-verifier/stage-2/helper_smoke.py
100644 blob ca37379f1b6d1bb7c90fcd7bfa7bc883acdbaf68	evidence/independent-verifier/stage-2/oracle.py
100644 blob d37cba65f84b4b5ab133a5a7e4870491c637a65e	evidence/independent-verifier/stage-2/prep-controls-01.json
100644 blob 81667bd8a6db007237dad4fdec5cde74ccb304da	evidence/independent-verifier/stage-2/prep-controls-01.log
100644 blob 87c15f839e9d130150de4a4ee97f4238edaf1746	evidence/independent-verifier/stage-2/prep-controls-02.json
100644 blob 06b36cb7d235457dfb4fde6cede9b8e9821e580c	evidence/independent-verifier/stage-2/prep-controls-02.log
100644 blob b3a88808c59c3303745910d60b18f00433ef5229	evidence/independent-verifier/stage-2/prep-controls-03.json
100644 blob 06b36cb7d235457dfb4fde6cede9b8e9821e580c	evidence/independent-verifier/stage-2/prep-controls-03.log
100644 blob 8eb5222252d808418e8a4116faa77cc926348c5a	evidence/independent-verifier/stage-2/prep_check.py
100644 blob 021ffea8459cb399f23c421d6c996f995b26a1f2	evidence/independent-verifier/stage-2/preparation-sha256.json
100644 blob 094ca69fdbd9f0958e7f37a5b3a4e8fbb8ab7ffd	evidence/independent-verifier/stage-2/preparation.json
100644 blob f38098ece636f9ff1abf15bd215358505ac03a3e	evidence/independent-verifier/stage-2/requirements.py
100644 blob 69ebb95e5217cd7eabc6cdb1559b2b77427288bb	evidence/independent-verifier/stage-2/runtime.py
100644 blob ccfba535b86ba884753aff5fc53b9961049efada	evidence/independent-verifier/stage-2/upgrade_api.py
100644 blob 4db396515820030a15839d4001d042f01355330e	evidence/interface-engineer/interface-engineer-s1-20261004T002131890279Z/build.log
100644 blob ebf30e9285f57545a0d43630e9e3cf1266fd2ad2	evidence/interface-engineer/interface-engineer-s1-20261004T002131890279Z/cleanup.log
100644 blob 4d670a10dc16aa4a9ebb99eb74079b7ff74ba14f	evidence/interface-engineer/interface-engineer-s1-20261004T002131890279Z/container-limits.json
100644 blob 726fbef4d309edc6244f39aa42c86a50ffde9b24	evidence/interface-engineer/interface-engineer-s1-20261004T002131890279Z/probe.json
100644 blob 89e0fb3a86e3db83b75c034044d5f57dc95ae7e6	evidence/interface-engineer/interface-engineer-s1-20261004T002131890279Z/run.json
100644 blob b2868b8ca316fc9a7d5b702ddfa1b467858cb3fe	evidence/interface-engineer/interface-engineer-s1-20261004T002131890279Z/service.log
100644 blob 3e1f56b3a3e128cd451064b11cdcecd3b484a8e4	evidence/interface-engineer/interface-engineer-s1-20261004T002131890279Z/start.log
100644 blob c25b31377d65855f088eddc1eecde7c6f7c81aef	evidence/interface-engineer/interface-engineer-s1-20261004T002535279440Z/build.log
100644 blob 0769d04af83438d9303661216f2274705afe7092	evidence/interface-engineer/interface-engineer-s1-20261004T002535279440Z/cleanup.log
100644 blob 4d670a10dc16aa4a9ebb99eb74079b7ff74ba14f	evidence/interface-engineer/interface-engineer-s1-20261004T002535279440Z/container-limits.json
100644 blob 0b953d80562bd76e0f60853fcaa9432c5cf38c58	evidence/interface-engineer/interface-engineer-s1-20261004T002535279440Z/image-source-sha256.json
100644 blob 3c0479891d8fba662a214530e5a7cbf931aae481	evidence/interface-engineer/interface-engineer-s1-20261004T002535279440Z/probe.json
100644 blob 6afb4152c2dd0b1bda0734123d512378eed51b86	evidence/interface-engineer/interface-engineer-s1-20261004T002535279440Z/run.json
100644 blob b2868b8ca316fc9a7d5b702ddfa1b467858cb3fe	evidence/interface-engineer/interface-engineer-s1-20261004T002535279440Z/service.log
100644 blob 3a54672790a84276bddb2d4ed6f5e48d33333d62	evidence/interface-engineer/interface-engineer-s1-20261004T002535279440Z/start.log
100644 blob 7d9fca9756458d2e7e5f9ba75161bdd07ed28e5e	evidence/interface-engineer/interface-engineer-s1-20261004T004209079869Z/build.log
100644 blob 858e4f491b0754286f1355fe3d813fc09d4bf270	evidence/interface-engineer/interface-engineer-s1-20261004T004209079869Z/cleanup.log
100644 blob 4d670a10dc16aa4a9ebb99eb74079b7ff74ba14f	evidence/interface-engineer/interface-engineer-s1-20261004T004209079869Z/container-limits.json
100644 blob 6f3a133664039088cbf30421c7198061b19a5d90	evidence/interface-engineer/interface-engineer-s1-20261004T004209079869Z/image-source-sha256.json
100644 blob 7bce2a182ac0fc52ad0e27759e6f4bd41852d347	evidence/interface-engineer/interface-engineer-s1-20261004T004209079869Z/probe.json
100644 blob dad69f691cf509f782fd83be03ff54291d80d232	evidence/interface-engineer/interface-engineer-s1-20261004T004209079869Z/run.json
100644 blob b2868b8ca316fc9a7d5b702ddfa1b467858cb3fe	evidence/interface-engineer/interface-engineer-s1-20261004T004209079869Z/service.log
100644 blob 92b703745adffd1470a453aabde1858e81750067	evidence/interface-engineer/interface-engineer-s1-20261004T004209079869Z/start.log
100644 blob 82be6695ab52d656a8b40f86e0b48da062cab731	evidence/interface-engineer/interface-engineer-s1-20261004T010412572868Z/build.log
100644 blob ba3435c24559c2e3e458093a70560cb5d7c005b4	evidence/interface-engineer/interface-engineer-s1-20261004T010412572868Z/cleanup.log
100644 blob 4d670a10dc16aa4a9ebb99eb74079b7ff74ba14f	evidence/interface-engineer/interface-engineer-s1-20261004T010412572868Z/container-limits.json
100644 blob a26ad671c1f24c4a43ed5a3aaf462d2b4d551867	evidence/interface-engineer/interface-engineer-s1-20261004T010412572868Z/image-source-sha256.json
100644 blob 4f33e5320b242033ed5f545fbce0f21217c2102f	evidence/interface-engineer/interface-engineer-s1-20261004T010412572868Z/probe.json
100644 blob ec25c9f7825ec9f901759aff5429de6188620b79	evidence/interface-engineer/interface-engineer-s1-20261004T010412572868Z/run.json
100644 blob b2868b8ca316fc9a7d5b702ddfa1b467858cb3fe	evidence/interface-engineer/interface-engineer-s1-20261004T010412572868Z/service.log
100644 blob 26b11c59456b4250aa2266b7d494ad687cb8a34e	evidence/interface-engineer/interface-engineer-s1-20261004T010412572868Z/start.log
100644 blob b06e53b85e9f322be98000442d37d88f281314d3	evidence/interface-engineer/interface-engineer-s1-20261004T012257494925Z/build.log
100644 blob c791be8bf23eea1562388984b0027d7db9564b0e	evidence/interface-engineer/interface-engineer-s1-20261004T012257494925Z/cleanup.log
100644 blob 4d670a10dc16aa4a9ebb99eb74079b7ff74ba14f	evidence/interface-engineer/interface-engineer-s1-20261004T012257494925Z/container-limits.json
100644 blob 5e97e10a67111af8543c3c8fe29fd3aed25f69a3	evidence/interface-engineer/interface-engineer-s1-20261004T012257494925Z/image-source-sha256.json
100644 blob 29ddbb3ba1b6db13a29b204ab4f7b42a15ecb3eb	evidence/interface-engineer/interface-engineer-s1-20261004T012257494925Z/probe.json
100644 blob c23b36a31cd9ff0f2c7e2dbe63b27f3216babeaf	evidence/interface-engineer/interface-engineer-s1-20261004T012257494925Z/run.json
100644 blob b2868b8ca316fc9a7d5b702ddfa1b467858cb3fe	evidence/interface-engineer/interface-engineer-s1-20261004T012257494925Z/service.log
100644 blob ec29e8ea6841c0e6a787448af6a87ca3c4bf23ce	evidence/interface-engineer/interface-engineer-s1-20261004T012257494925Z/start.log
100644 blob 685fffebbf2820146f42fc99b3eb3cf2cec9236d	evidence/interface-engineer/interface-engineer-s2-20261004t014738019820z/build-accepted-stage1.log
100644 blob d43c435f35b57793f9c1614ad427111ef2f5e2bf	evidence/interface-engineer/interface-engineer-s2-20261004t014738019820z/build-stage2.log
100644 blob c36bd9eeb68b7091129dea4dde854355d4ccd2fe	evidence/interface-engineer/interface-engineer-s2-20261004t014738019820z/cleanup-interface-engineer-s2-20261004t014738019820z-default.log
100644 blob 42bfa5f6e19f16e6a1cd86682590a3c97705ab5f	evidence/interface-engineer/interface-engineer-s2-20261004t014738019820z/cleanup-interface-engineer-s2-20261004t014738019820z-legacy.log
100644 blob 3090831ad45e1fb982645a27b3883b7f4287d3ef	evidence/interface-engineer/interface-engineer-s2-20261004t014738019820z/cleanup-interface-engineer-s2-20261004t014738019820z-service.log
100644 blob 48578d8d06a622266e3481658a65d512f80535b3	evidence/interface-engineer/interface-engineer-s2-20261004t014738019820z/cleanup-network.log
100644 blob 428298af5392ebb7033161c4edc9ebcaf287559d	evidence/interface-engineer/interface-engineer-s2-20261004t014738019820z/logs-interface-engineer-s2-20261004t014738019820z-default.log
100644 blob 428298af5392ebb7033161c4edc9ebcaf287559d	evidence/interface-engineer/interface-engineer-s2-20261004t014738019820z/logs-interface-engineer-s2-20261004t014738019820z-legacy.log
100644 blob b2868b8ca316fc9a7d5b702ddfa1b467858cb3fe	evidence/interface-engineer/interface-engineer-s2-20261004t014738019820z/logs-interface-engineer-s2-20261004t014738019820z-service.log
100644 blob c63c32c5036bcf301f8c4b1cfea8c3e587da9f0b	evidence/interface-engineer/interface-engineer-s2-20261004t014738019820z/network-create.log
100644 blob 450b3e7eab2aa9b52c2779e08a1a37d013b3d270	evidence/interface-engineer/interface-engineer-s2-20261004t014738019820z/revision.log
100644 blob ffb07e1a59135e4ea50ca257aa55b3efbafc0c4e	evidence/interface-engineer/interface-engineer-s2-20261004t014738019820z/runtime-report.json
100644 blob 3cef8404aaa2b858a2a851b4a81f4ce881534497	evidence/interface-engineer/interface-engineer-s2-20261004t014738019820z/start-interface-engineer-s2-20261004t014738019820z-default.log
100644 blob 60490b86a5a5daa934f27d56979c4343b814bd82	evidence/interface-engineer/interface-engineer-s2-20261004t014738019820z/start-interface-engineer-s2-20261004t014738019820z-legacy.log
100644 blob d7fb920521173a3a5b14eb0afa3834687358d4bb	evidence/interface-engineer/interface-engineer-s2-20261004t014738019820z/start-interface-engineer-s2-20261004t014738019820z-service.log
100644 blob 527d1764c576b59d01c4a78c2611af3ff2ce396b	evidence/interface-engineer/interface-engineer-s2-20261004t014818728142z/browser-report.json
100644 blob 245221dbfa67c97cff4d8f72b72530d75911e210	evidence/interface-engineer/interface-engineer-s2-20261004t014818728142z/browser.log
100644 blob 97c0442f52794ebc9f07392508c21ce31d2ab7ba	evidence/interface-engineer/interface-engineer-s2-20261004t014818728142z/build-accepted-stage1.log
100644 blob ea70ac978043ac64db00ea3aaa0938e86d688d96	evidence/interface-engineer/interface-engineer-s2-20261004t014818728142z/build-stage2.log
100644 blob 1cabf08a8c9311c3287caa442f0af1342e9ded9f	evidence/interface-engineer/interface-engineer-s2-20261004t014818728142z/cancelled-lookup-desktop.png
100644 blob fb5c2689c64d302e6234533dc9ce1e163597ba69	evidence/interface-engineer/interface-engineer-s2-20261004t014818728142z/cancelled-lookup-mobile.png
100644 blob dfa46b9d61ea0b37815743dfd360250107c88316	evidence/interface-engineer/interface-engineer-s2-20261004t014818728142z/cleanup-interface-engineer-s2-20261004t014818728142z-default.log
100644 blob d9ccf2b2c25009fd3e3f588d531380d02f68e6b0	evidence/interface-engineer/interface-engineer-s2-20261004t014818728142z/cleanup-interface-engineer-s2-20261004t014818728142z-legacy.log
100644 blob d4c236ad8dcc823e57bafe537e7058aba1ae840a	evidence/interface-engineer/interface-engineer-s2-20261004t014818728142z/cleanup-interface-engineer-s2-20261004t014818728142z-service.log
100644 blob 9ef8301b27418270a57514053bf9dcd008c59265	evidence/interface-engineer/interface-engineer-s2-20261004t014818728142z/cleanup-network.log
100644 blob f99d4e7d97d63c0999a071a20b647b1bc58fa507	evidence/interface-engineer/interface-engineer-s2-20261004t014818728142z/closed-day-desktop.png
100644 blob 2a8eb53c83e340216984ffed45872634c8980869	evidence/interface-engineer/interface-engineer-s2-20261004t014818728142z/closed-day-mobile.png
100644 blob 6145a5f9e417654873b1519f62b2fa2cab066ec6	evidence/interface-engineer/interface-engineer-s2-20261004t014818728142z/combined-conflict-desktop.png
100644 blob 658a41f4edbe998e11dcc46a109f98d1f4a6793a	evidence/interface-engineer/interface-engineer-s2-20261004t014818728142z/combined-conflict-mobile.png
100644 blob dd3d3ff528514418f2be12deea2a1d13057e11fc	evidence/interface-engineer/interface-engineer-s2-20261004t014818728142z/combined-uncertain-desktop.png
100644 blob e5190cdc45032b7bc9ef80edc883eb95d6550564	evidence/interface-engineer/interface-engineer-s2-20261004t014818728142z/combined-uncertain-mobile.png
100644 blob 339880b2f8b515fc4658c07d9b6cdc5c4bae2a33	evidence/interface-engineer/interface-engineer-s2-20261004t014818728142z/default-health.log
100644 blob e14d6718a559aa99a2643874abb37ef2ba85d90b	evidence/interface-engineer/interface-engineer-s2-20261004t014818728142z/image-hashes.log
100644 blob 1b683aa63797d7e2301904089e96477c7a4de2f5	evidence/interface-engineer/interface-engineer-s2-20261004t014818728142z/inspect-interface-engineer-s2-20261004t014818728142z-default.log
100644 blob bf13274d9c6d6ed9c39d956509c9d87e4818a585	evidence/interface-engineer/interface-engineer-s2-20261004t014818728142z/inspect-interface-engineer-s2-20261004t014818728142z-legacy.log
100644 blob 37d8d45b1e4ada6acadddf75c007a90f10f84756	evidence/interface-engineer/interface-engineer-s2-20261004t014818728142z/inspect-interface-engineer-s2-20261004t014818728142z-service.log
100644 blob 97a3eaa1216022c20f0fa400035df7d2ccd9f5cf	evidence/interface-engineer/interface-engineer-s2-20261004t014818728142z/keyboard-booking-desktop.png
100644 blob f1e3e79143acc3d191e2fbf88a5fdbb1e581cbb7	evidence/interface-engineer/interface-engineer-s2-20261004t014818728142z/keyboard-booking-mobile.png
100644 blob e44e7d38f203daa42c36cec2b49b03d8fe62db16	evidence/interface-engineer/interface-engineer-s2-20261004t014818728142z/legacy-uncertain-desktop.png
100644 blob aff59491d5897a775243cc3f9c6ae34176d36b43	evidence/interface-engineer/interface-engineer-s2-20261004t014818728142z/legacy-uncertain-mobile.png
100644 blob 428298af5392ebb7033161c4edc9ebcaf287559d	evidence/interface-engineer/interface-engineer-s2-20261004t014818728142z/logs-interface-engineer-s2-20261004t014818728142z-default.log
100644 blob 428298af5392ebb7033161c4edc9ebcaf287559d	evidence/interface-engineer/interface-engineer-s2-20261004t014818728142z/logs-interface-engineer-s2-20261004t014818728142z-legacy.log
100644 blob b2868b8ca316fc9a7d5b702ddfa1b467858cb3fe	evidence/interface-engineer/interface-engineer-s2-20261004t014818728142z/logs-interface-engineer-s2-20261004t014818728142z-service.log
100644 blob c860d1c252229be60fdd464faf74189344cba276	evidence/interface-engineer/interface-engineer-s2-20261004t014818728142z/network-create.log
100644 blob 39bb9b63b74bc96200fcded3bdd35fe5a262b87d	evidence/interface-engineer/interface-engineer-s2-20261004t014818728142z/network-inspect.log
100644 blob 834c46f4d0825e9e082092e659f1f8e1f2aaa179	evidence/interface-engineer/interface-engineer-s2-20261004t014818728142z/override-health.log
100644 blob cb599033332fd662a0305875b4fafe812c8e134d	evidence/interface-engineer/interface-engineer-s2-20261004t014818728142z/public-search-desktop.png
100644 blob d3ac661162d519051f0b1e94259be3b167afc829	evidence/interface-engineer/interface-engineer-s2-20261004t014818728142z/public-search-mobile.png
100644 blob 450b3e7eab2aa9b52c2779e08a1a37d013b3d270	evidence/interface-engineer/interface-engineer-s2-20261004t014818728142z/revision.log
100644 blob e87e54e371ae1b22c8188dda3e8b697a7ed6769a	evidence/interface-engineer/interface-engineer-s2-20261004t014818728142z/runtime-report.json
100644 blob b9cfbbb8d18e52d262c8b84d50668209bffe9457	evidence/interface-engineer/interface-engineer-s2-20261004t014818728142z/search-race-desktop.png
100644 blob ab9086b49181bff88f0b004cb1700fc0368eb236	evidence/interface-engineer/interface-engineer-s2-20261004t014818728142z/search-race-mobile.png
100644 blob e03ee8d459883b3c24b3d3890ccd067a4ad2472f	evidence/interface-engineer/interface-engineer-s2-20261004t014818728142z/single-confirmation-desktop.png
100644 blob 3a78cd3a5e7f32f4c549aca3e211453ce1d4e53a	evidence/interface-engineer/interface-engineer-s2-20261004t014818728142z/single-confirmation-mobile.png
100644 blob f0853c42dc25a9fd7bb702a6c8b7a81ca4b90130	evidence/interface-engineer/interface-engineer-s2-20261004t014818728142z/single-conflict-desktop.png
100644 blob 77792fa404fd736ce49aedc00c824495eeeee91d	evidence/interface-engineer/interface-engineer-s2-20261004t014818728142z/single-conflict-mobile.png
100644 blob 4fcd85e2b83661d1e46d5ba44d9b48a458327474	evidence/interface-engineer/interface-engineer-s2-20261004t014818728142z/single-uncertain-desktop.png
100644 blob 5f84102c69e056d42cff6593e06e49f8d6bccc10	evidence/interface-engineer/interface-engineer-s2-20261004t014818728142z/single-uncertain-mobile.png
100644 blob 555ccbbe45d5a01ddd1bfae2afcc3ee2d740d363	evidence/interface-engineer/interface-engineer-s2-20261004t014818728142z/start-interface-engineer-s2-20261004t014818728142z-default.log
100644 blob c87dc97c3997a87b0925cff80a49fcb2b27076ce	evidence/interface-engineer/interface-engineer-s2-20261004t014818728142z/start-interface-engineer-s2-20261004t014818728142z-legacy.log
100644 blob 88cdf8edbfd5da9a4ff5d784fa3129945ece3ee2	evidence/interface-engineer/interface-engineer-s2-20261004t014818728142z/start-interface-engineer-s2-20261004t014818728142z-service.log
100644 blob 9aea369bf06107e43c695c59ce7a419ddf9e6529	evidence/interface-engineer/interface-engineer-s2-20261004t014818728142z/unavailable-grid-desktop.png
100644 blob faca6588156c832a9c66e8914f2a91b4719e19b9	evidence/interface-engineer/interface-engineer-s2-20261004t014818728142z/unavailable-grid-mobile.png
100644 blob 9a418d83c7a970ad932b59956f3d77558893cfc8	evidence/interface-engineer/interface-engineer-s2-20261004t014956072502z/browser-report.json
100644 blob 22d1bf389cdbaf12ce39c17cd87f9cb7de8b3fc8	evidence/interface-engineer/interface-engineer-s2-20261004t014956072502z/browser.log
100644 blob 8f89bf76148f7ba91af92fa9b725c72397f72fe9	evidence/interface-engineer/interface-engineer-s2-20261004t014956072502z/build-accepted-stage1.log
100644 blob e33f9694369ed02cd4e59786029ef8b00b5318de	evidence/interface-engineer/interface-engineer-s2-20261004t014956072502z/build-stage2.log
100644 blob 53d592b96b716c46b93f4e9597986924e3cd1a70	evidence/interface-engineer/interface-engineer-s2-20261004t014956072502z/cancelled-lookup-desktop.png
100644 blob 468ad6132d1eef45b83635d938a47e9fe3399159	evidence/interface-engineer/interface-engineer-s2-20261004t014956072502z/cancelled-lookup-mobile.png
100644 blob f53f3b77daa973c3083e32b0aba9d843b4f3138a	evidence/interface-engineer/interface-engineer-s2-20261004t014956072502z/cleanup-interface-engineer-s2-20261004t014956072502z-default.log
100644 blob 42722b9c0e8efb35c3c240ef4fa7529989b23689	evidence/interface-engineer/interface-engineer-s2-20261004t014956072502z/cleanup-interface-engineer-s2-20261004t014956072502z-legacy.log
100644 blob 2ac6a76c84dda7e5bcfd157e0fe82d92d1051913	evidence/interface-engineer/interface-engineer-s2-20261004t014956072502z/cleanup-interface-engineer-s2-20261004t014956072502z-service.log
100644 blob 69099ac9a4553a1efa0559c88e87712378849016	evidence/interface-engineer/interface-engineer-s2-20261004t014956072502z/cleanup-network.log
100644 blob f99d4e7d97d63c0999a071a20b647b1bc58fa507	evidence/interface-engineer/interface-engineer-s2-20261004t014956072502z/closed-day-desktop.png
100644 blob 2a8eb53c83e340216984ffed45872634c8980869	evidence/interface-engineer/interface-engineer-s2-20261004t014956072502z/closed-day-mobile.png
100644 blob 6145a5f9e417654873b1519f62b2fa2cab066ec6	evidence/interface-engineer/interface-engineer-s2-20261004t014956072502z/combined-conflict-desktop.png
100644 blob 658a41f4edbe998e11dcc46a109f98d1f4a6793a	evidence/interface-engineer/interface-engineer-s2-20261004t014956072502z/combined-conflict-mobile.png
100644 blob dd3d3ff528514418f2be12deea2a1d13057e11fc	evidence/interface-engineer/interface-engineer-s2-20261004t014956072502z/combined-uncertain-desktop.png
100644 blob e5190cdc45032b7bc9ef80edc883eb95d6550564	evidence/interface-engineer/interface-engineer-s2-20261004t014956072502z/combined-uncertain-mobile.png
100644 blob d1bd7348a031afa2cfa84a3dd018ff1f0485a49f	evidence/interface-engineer/interface-engineer-s2-20261004t014956072502z/cutoff-refusal-desktop.png
100644 blob 9420e6dcca9b818ea3afc8e8298864ead22cb38a	evidence/interface-engineer/interface-engineer-s2-20261004t014956072502z/cutoff-refusal-mobile.png
100644 blob 339880b2f8b515fc4658c07d9b6cdc5c4bae2a33	evidence/interface-engineer/interface-engineer-s2-20261004t014956072502z/default-health.log
100644 blob 81d0ccb5774334819e61f511aa55e04c92558421	evidence/interface-engineer/interface-engineer-s2-20261004t014956072502z/image-hashes.log
100644 blob a08eee17000c4c26f3990b33ff6e7260544be5b1	evidence/interface-engineer/interface-engineer-s2-20261004t014956072502z/inspect-interface-engineer-s2-20261004t014956072502z-default.log
100644 blob 96206649acaadc07da4d848352bb50f979973adf	evidence/interface-engineer/interface-engineer-s2-20261004t014956072502z/inspect-interface-engineer-s2-20261004t014956072502z-legacy.log
100644 blob 6a0e04ddbc15e6eeda1a5c0eec095b468c7223ca	evidence/interface-engineer/interface-engineer-s2-20261004t014956072502z/inspect-interface-engineer-s2-20261004t014956072502z-service.log
100644 blob 97a3eaa1216022c20f0fa400035df7d2ccd9f5cf	evidence/interface-engineer/interface-engineer-s2-20261004t014956072502z/keyboard-booking-desktop.png
100644 blob f1e3e79143acc3d191e2fbf88a5fdbb1e581cbb7	evidence/interface-engineer/interface-engineer-s2-20261004t014956072502z/keyboard-booking-mobile.png
100644 blob e44e7d38f203daa42c36cec2b49b03d8fe62db16	evidence/interface-engineer/interface-engineer-s2-20261004t014956072502z/legacy-uncertain-desktop.png
100644 blob aff59491d5897a775243cc3f9c6ae34176d36b43	evidence/interface-engineer/interface-engineer-s2-20261004t014956072502z/legacy-uncertain-mobile.png
100644 blob b6e9f1ca2fb09e62c32352d1863ebf90dcaacdbf	evidence/interface-engineer/interface-engineer-s2-20261004t014956072502z/login-labelled-desktop.png
100644 blob bd5bafe7a04796f7647f8d1ff6fa4e0e14d30324	evidence/interface-engineer/interface-engineer-s2-20261004t014956072502z/login-labelled-mobile.png
100644 blob 428298af5392ebb7033161c4edc9ebcaf287559d	evidence/interface-engineer/interface-engineer-s2-20261004t014956072502z/logs-interface-engineer-s2-20261004t014956072502z-default.log
100644 blob 428298af5392ebb7033161c4edc9ebcaf287559d	evidence/interface-engineer/interface-engineer-s2-20261004t014956072502z/logs-interface-engineer-s2-20261004t014956072502z-legacy.log
100644 blob b2868b8ca316fc9a7d5b702ddfa1b467858cb3fe	evidence/interface-engineer/interface-engineer-s2-20261004t014956072502z/logs-interface-engineer-s2-20261004t014956072502z-service.log
100644 blob 517edd1311e525d1a99d9cd723b1cc9c78e0892d	evidence/interface-engineer/interface-engineer-s2-20261004t014956072502z/mobile-keyboard-confirmed.png
100644 blob 2d2d660e6519790201c70686c61baaf35628dac4	evidence/interface-engineer/interface-engineer-s2-20261004t014956072502z/network-create.log
100644 blob 61c2549f4c0afee355f5424ea6524b423dc588d0	evidence/interface-engineer/interface-engineer-s2-20261004t014956072502z/network-inspect.log
100644 blob 834c46f4d0825e9e082092e659f1f8e1f2aaa179	evidence/interface-engineer/interface-engineer-s2-20261004t014956072502z/override-health.log
100644 blob 4e1f3b984e8eed90f63dbe6e392bfadc63f53316	evidence/interface-engineer/interface-engineer-s2-20261004t014956072502z/private-lookup-refusal-desktop.png
100644 blob 4f9da3f410171073f2921357152e23385c8aae25	evidence/interface-engineer/interface-engineer-s2-20261004t014956072502z/private-lookup-refusal-mobile.png
100644 blob cb599033332fd662a0305875b4fafe812c8e134d	evidence/interface-engineer/interface-engineer-s2-20261004t014956072502z/public-search-desktop.png
100644 blob d3ac661162d519051f0b1e94259be3b167afc829	evidence/interface-engineer/interface-engineer-s2-20261004t014956072502z/public-search-mobile.png
100644 blob 8cde31d0d62ac803089aa6b5223a73e873295d34	evidence/interface-engineer/interface-engineer-s2-20261004t014956072502z/revision.log
100644 blob 9cd93c0fa438d5fe88dc606ead2a6f7875a885d1	evidence/interface-engineer/interface-engineer-s2-20261004t014956072502z/runtime-report.json
100644 blob b9cfbbb8d18e52d262c8b84d50668209bffe9457	evidence/interface-engineer/interface-engineer-s2-20261004t014956072502z/search-race-desktop.png
100644 blob ab9086b49181bff88f0b004cb1700fc0368eb236	evidence/interface-engineer/interface-engineer-s2-20261004t014956072502z/search-race-mobile.png
100644 blob 2162c7340271ea7db36510a44697a0a2bd8ebd03	evidence/interface-engineer/interface-engineer-s2-20261004t014956072502z/signed-in-signup-desktop.png
100644 blob fdcdb3cc261d153778357189358ce16cbe53c92f	evidence/interface-engineer/interface-engineer-s2-20261004t014956072502z/signed-in-signup-mobile.png
100644 blob 38b7555b626bf8bbb3566691297b85eefa8870c4	evidence/interface-engineer/interface-engineer-s2-20261004t014956072502z/signup-labelled-desktop.png
100644 blob 2b3e2704c1f9351ff7f99d01e7710e72588ba2e4	evidence/interface-engineer/interface-engineer-s2-20261004t014956072502z/signup-labelled-mobile.png
100644 blob dde3bf7fb8890a36e5d4e9e4f5d9dba58a0e9d03	evidence/interface-engineer/interface-engineer-s2-20261004t014956072502z/single-confirmation-desktop.png
100644 blob e0a36d7003f04eda828769f2d68b807a2cb158f8	evidence/interface-engineer/interface-engineer-s2-20261004t014956072502z/single-confirmation-mobile.png
100644 blob f0853c42dc25a9fd7bb702a6c8b7a81ca4b90130	evidence/interface-engineer/interface-engineer-s2-20261004t014956072502z/single-conflict-desktop.png
100644 blob 77792fa404fd736ce49aedc00c824495eeeee91d	evidence/interface-engineer/interface-engineer-s2-20261004t014956072502z/single-conflict-mobile.png
100644 blob 4fcd85e2b83661d1e46d5ba44d9b48a458327474	evidence/interface-engineer/interface-engineer-s2-20261004t014956072502z/single-uncertain-desktop.png
100644 blob 5f84102c69e056d42cff6593e06e49f8d6bccc10	evidence/interface-engineer/interface-engineer-s2-20261004t014956072502z/single-uncertain-mobile.png
100644 blob 92a1f1c35c6843d934c40376dcab7949b92cb93b	evidence/interface-engineer/interface-engineer-s2-20261004t014956072502z/start-interface-engineer-s2-20261004t014956072502z-default.log
100644 blob 99291220ee692d07c904f20f1660ec6ede5ac870	evidence/interface-engineer/interface-engineer-s2-20261004t014956072502z/start-interface-engineer-s2-20261004t014956072502z-legacy.log
100644 blob a1009275fe39679039fe752ea76d6d1a09efc22b	evidence/interface-engineer/interface-engineer-s2-20261004t014956072502z/start-interface-engineer-s2-20261004t014956072502z-service.log
100644 blob 9aea369bf06107e43c695c59ce7a419ddf9e6529	evidence/interface-engineer/interface-engineer-s2-20261004t014956072502z/unavailable-grid-desktop.png
100644 blob faca6588156c832a9c66e8914f2a91b4719e19b9	evidence/interface-engineer/interface-engineer-s2-20261004t014956072502z/unavailable-grid-mobile.png
100644 blob eff74aa9cdb3bedb50fbbdb559d8d7bf08513cc0	evidence/interface-engineer/interface-engineer-s2-20261004t015115614162z/browser-report.json
100644 blob 28dd161ae2e5c29199a1393937f064f971d98108	evidence/interface-engineer/interface-engineer-s2-20261004t015115614162z/browser.log
100644 blob 8c2354da1d85fc97b982a8724c90b2d80c3d07b4	evidence/interface-engineer/interface-engineer-s2-20261004t015115614162z/build-accepted-stage1.log
100644 blob 6dbb638ab5b7128658e575b8bf0194a131f316b5	evidence/interface-engineer/interface-engineer-s2-20261004t015115614162z/build-stage2.log
100644 blob 1a0d949082565633ac7b1e6052ab22a30b9d2dd2	evidence/interface-engineer/interface-engineer-s2-20261004t015115614162z/cancelled-lookup-desktop.png
100644 blob 1fd4229b2dd1c6c5e2da31d82d612d822ad0fcb4	evidence/interface-engineer/interface-engineer-s2-20261004t015115614162z/cancelled-lookup-mobile.png
100644 blob 5b1d8c33f79390af84051415e254f76e8cda418f	evidence/interface-engineer/interface-engineer-s2-20261004t015115614162z/cleanup-interface-engineer-s2-20261004t015115614162z-default.log
100644 blob fe5b0ef4baacbf62c10d7a6c2da1f6f8f130ac75	evidence/interface-engineer/interface-engineer-s2-20261004t015115614162z/cleanup-interface-engineer-s2-20261004t015115614162z-legacy.log
100644 blob e5f5abf9f9f8522e50e33a12242202d3e67d3c79	evidence/interface-engineer/interface-engineer-s2-20261004t015115614162z/cleanup-interface-engineer-s2-20261004t015115614162z-service.log
100644 blob 430c5bdf0e746ac4064b2ad36061434c6639715c	evidence/interface-engineer/interface-engineer-s2-20261004t015115614162z/cleanup-network.log
100644 blob 3da0b7075ce4047f191fb2649451c80316c4ab8f	evidence/interface-engineer/interface-engineer-s2-20261004t015115614162z/closed-day-desktop.png
100644 blob 2ac88a10f8f666535c8b21a3a2c78f9fb2993278	evidence/interface-engineer/interface-engineer-s2-20261004t015115614162z/closed-day-mobile.png
100644 blob ac30772692913babf367c69d1f78a781a4fcaa9f	evidence/interface-engineer/interface-engineer-s2-20261004t015115614162z/combined-conflict-desktop.png
100644 blob 4d4b800f50c1ce0ed757a24a91ccf108cad3affa	evidence/interface-engineer/interface-engineer-s2-20261004t015115614162z/combined-conflict-mobile.png
100644 blob 7b41c5f00ce900db4709786fee139a7d26d1bc4e	evidence/interface-engineer/interface-engineer-s2-20261004t015115614162z/combined-uncertain-desktop.png
100644 blob 12f30b51116194db19495b7da96c212f8a6a8030	evidence/interface-engineer/interface-engineer-s2-20261004t015115614162z/combined-uncertain-mobile.png
100644 blob 56a64012b627df63b26388a120867b32bf582d88	evidence/interface-engineer/interface-engineer-s2-20261004t015115614162z/cutoff-refusal-desktop.png
100644 blob 22182d125e271bf0dc16d03af34c1dcb408653f5	evidence/interface-engineer/interface-engineer-s2-20261004t015115614162z/cutoff-refusal-mobile.png
100644 blob 339880b2f8b515fc4658c07d9b6cdc5c4bae2a33	evidence/interface-engineer/interface-engineer-s2-20261004t015115614162z/default-health.log
100644 blob 31fff0cd0326e446760c40179d0761ebbc296f66	evidence/interface-engineer/interface-engineer-s2-20261004t015115614162z/image-hashes.log
100644 blob 7a7345f52f4a8b38164d31c70f458ddbf7c5da09	evidence/interface-engineer/interface-engineer-s2-20261004t015115614162z/inspect-interface-engineer-s2-20261004t015115614162z-default.log
100644 blob 237ffec74b2ca64385632f449357de15d85124c7	evidence/interface-engineer/interface-engineer-s2-20261004t015115614162z/inspect-interface-engineer-s2-20261004t015115614162z-legacy.log
100644 blob 57d1719bdb82d84cdd7c729b0aa7d85813507895	evidence/interface-engineer/interface-engineer-s2-20261004t015115614162z/inspect-interface-engineer-s2-20261004t015115614162z-service.log
100644 blob a425f5ca5bd738810d7a6072dd9da7e3c5db6369	evidence/interface-engineer/interface-engineer-s2-20261004t015115614162z/keyboard-booking-desktop.png
100644 blob fea40d48c3a579c12546412fe648343165bf08fb	evidence/interface-engineer/interface-engineer-s2-20261004t015115614162z/keyboard-booking-mobile.png
100644 blob 54e4dcb5f9c576a45952a5d7148f5486e82fcd2d	evidence/interface-engineer/interface-engineer-s2-20261004t015115614162z/legacy-uncertain-desktop.png
100644 blob 7b8cf8fde1a8baeeb3963e14c26181e52f13c4aa	evidence/interface-engineer/interface-engineer-s2-20261004t015115614162z/legacy-uncertain-mobile.png
100644 blob adf1fb749c0a0d77f8f659c941a5f18918c7c6fe	evidence/interface-engineer/interface-engineer-s2-20261004t015115614162z/login-labelled-desktop.png
100644 blob a550efd83215c032d48a083a76c8c433060a530d	evidence/interface-engineer/interface-engineer-s2-20261004t015115614162z/login-labelled-mobile.png
100644 blob 428298af5392ebb7033161c4edc9ebcaf287559d	evidence/interface-engineer/interface-engineer-s2-20261004t015115614162z/logs-interface-engineer-s2-20261004t015115614162z-default.log
100644 blob 428298af5392ebb7033161c4edc9ebcaf287559d	evidence/interface-engineer/interface-engineer-s2-20261004t015115614162z/logs-interface-engineer-s2-20261004t015115614162z-legacy.log
100644 blob b2868b8ca316fc9a7d5b702ddfa1b467858cb3fe	evidence/interface-engineer/interface-engineer-s2-20261004t015115614162z/logs-interface-engineer-s2-20261004t015115614162z-service.log
100644 blob 67f319880bba093945a90cbea3773c18afe9db6e	evidence/interface-engineer/interface-engineer-s2-20261004t015115614162z/mobile-keyboard-confirmed.png
100644 blob de6160bc675187cd04cbe2afbbb934cc8c0c395b	evidence/interface-engineer/interface-engineer-s2-20261004t015115614162z/network-create.log
100644 blob a96ecbeeb241237876d1280ca5adeae7e25b8362	evidence/interface-engineer/interface-engineer-s2-20261004t015115614162z/network-inspect.log
100644 blob 834c46f4d0825e9e082092e659f1f8e1f2aaa179	evidence/interface-engineer/interface-engineer-s2-20261004t015115614162z/override-health.log
100644 blob 9970ce3af6e7a1ad8a39a67b876809684e945070	evidence/interface-engineer/interface-engineer-s2-20261004t015115614162z/private-lookup-refusal-desktop.png
100644 blob 9cd4409a9e3b76c8533707dde40a88981c48a6d1	evidence/interface-engineer/interface-engineer-s2-20261004t015115614162z/private-lookup-refusal-mobile.png
100644 blob ddd8f9445e4f8e227f5fb266dbb308495592fa7a	evidence/interface-engineer/interface-engineer-s2-20261004t015115614162z/public-search-desktop.png
100644 blob b35c24775ee8edc5f4e6493136c501933943e12d	evidence/interface-engineer/interface-engineer-s2-20261004t015115614162z/public-search-mobile.png
100644 blob 8cb78e76749d461627c7f308dc16cf27adfc9cb4	evidence/interface-engineer/interface-engineer-s2-20261004t015115614162z/revision.log
100644 blob 8eadc41c86ed75a85455f224d197a58e3329405e	evidence/interface-engineer/interface-engineer-s2-20261004t015115614162z/runtime-report.json
100644 blob 59da7aba399fd1f140e13c5e2bd120a181a82483	evidence/interface-engineer/interface-engineer-s2-20261004t015115614162z/search-race-desktop.png
100644 blob 30da18879fa54c2a64cd7e5bb9813277fd26a022	evidence/interface-engineer/interface-engineer-s2-20261004t015115614162z/search-race-mobile.png
100644 blob 056ca912e75dc9f56e7a439e79a4a318bdb88d77	evidence/interface-engineer/interface-engineer-s2-20261004t015115614162z/signed-in-signup-desktop.png
100644 blob 677bb15f9bce01dd54ad9b2ccaef626d91290eab	evidence/interface-engineer/interface-engineer-s2-20261004t015115614162z/signed-in-signup-mobile.png
100644 blob 85248cfda77fa20b05d5f9a8ab7742357b168706	evidence/interface-engineer/interface-engineer-s2-20261004t015115614162z/signup-labelled-desktop.png
100644 blob 855a93a4a139308380e7dcab7985363010a8521d	evidence/interface-engineer/interface-engineer-s2-20261004t015115614162z/signup-labelled-mobile.png
100644 blob 5ac18c8fd75d2fd0260451b84127d09e030a6596	evidence/interface-engineer/interface-engineer-s2-20261004t015115614162z/single-confirmation-desktop.png
100644 blob a2b1a76b7930e489b1347f308f2c6b10efe4d359	evidence/interface-engineer/interface-engineer-s2-20261004t015115614162z/single-confirmation-mobile.png
100644 blob 2cd788f083e45cbcd9785a28f7a0627af96f242c	evidence/interface-engineer/interface-engineer-s2-20261004t015115614162z/single-conflict-desktop.png
100644 blob bbeff25eefe6498fbf955a7e211a8e6a870b92d6	evidence/interface-engineer/interface-engineer-s2-20261004t015115614162z/single-conflict-mobile.png
100644 blob fd26e664204996da16c941202a9cf7800324adbe	evidence/interface-engineer/interface-engineer-s2-20261004t015115614162z/single-uncertain-desktop.png
100644 blob ab72396d86d2a18d6ed1dd7eec6884296fa41f1a	evidence/interface-engineer/interface-engineer-s2-20261004t015115614162z/single-uncertain-mobile.png
100644 blob 2bd374c752a4a7f67dc90a6d902b352e8c0bfa35	evidence/interface-engineer/interface-engineer-s2-20261004t015115614162z/start-interface-engineer-s2-20261004t015115614162z-default.log
100644 blob 4995be0128caae4b6ab8732d74fd613ebdd4009c	evidence/interface-engineer/interface-engineer-s2-20261004t015115614162z/start-interface-engineer-s2-20261004t015115614162z-legacy.log
100644 blob 08d502ff8846d7c763377044ffa7726d8b450a66	evidence/interface-engineer/interface-engineer-s2-20261004t015115614162z/start-interface-engineer-s2-20261004t015115614162z-service.log
100644 blob f9c33649c43fa279274ca07ccbb4dc516c74f9e7	evidence/interface-engineer/interface-engineer-s2-20261004t015115614162z/unavailable-grid-desktop.png
100644 blob 7ea81540e5a9c7dec74f0b40a9f787f64eef745d	evidence/interface-engineer/interface-engineer-s2-20261004t015115614162z/unavailable-grid-mobile.png
100644 blob 6722b2b58767d01017470ac135cda42e1e9d97b5	evidence/interface-engineer/interface-engineer-s2-20261004t015228380301z/browser-report.json
100644 blob 49233f23dda12906b62dc28142a7a5a369f1fa33	evidence/interface-engineer/interface-engineer-s2-20261004t015228380301z/browser.log
100644 blob aac6c0ff4a905cd376ae830100bb1142c90f466c	evidence/interface-engineer/interface-engineer-s2-20261004t015228380301z/build-accepted-stage1.log
100644 blob 06b91e151893358b4db25b51d58a85d3a17d4aa3	evidence/interface-engineer/interface-engineer-s2-20261004t015228380301z/build-stage2.log
100644 blob 59e274a667bfcbdb99d106b494041586a7be89e9	evidence/interface-engineer/interface-engineer-s2-20261004t015228380301z/cancelled-lookup-desktop.png
100644 blob 91ba1199f84b65e6eb5787010c23399184fabcc4	evidence/interface-engineer/interface-engineer-s2-20261004t015228380301z/cancelled-lookup-mobile.png
100644 blob d6495e8dbec4a07556712694e355ad09cb110fd9	evidence/interface-engineer/interface-engineer-s2-20261004t015228380301z/cleanup-interface-engineer-s2-20261004t015228380301z-default.log
100644 blob 62eae97af7836f6e7d1464e3f8d0bd17001d0139	evidence/interface-engineer/interface-engineer-s2-20261004t015228380301z/cleanup-interface-engineer-s2-20261004t015228380301z-legacy.log
100644 blob 2a066559a590a79a31705f09eec7ecd46c380e49	evidence/interface-engineer/interface-engineer-s2-20261004t015228380301z/cleanup-interface-engineer-s2-20261004t015228380301z-service.log
100644 blob 7a8f6a31722c9c23a53b9436c43d5ea584a26fda	evidence/interface-engineer/interface-engineer-s2-20261004t015228380301z/cleanup-network.log
100644 blob 3da0b7075ce4047f191fb2649451c80316c4ab8f	evidence/interface-engineer/interface-engineer-s2-20261004t015228380301z/closed-day-desktop.png
100644 blob 2ac88a10f8f666535c8b21a3a2c78f9fb2993278	evidence/interface-engineer/interface-engineer-s2-20261004t015228380301z/closed-day-mobile.png
100644 blob ac30772692913babf367c69d1f78a781a4fcaa9f	evidence/interface-engineer/interface-engineer-s2-20261004t015228380301z/combined-conflict-desktop.png
100644 blob 4d4b800f50c1ce0ed757a24a91ccf108cad3affa	evidence/interface-engineer/interface-engineer-s2-20261004t015228380301z/combined-conflict-mobile.png
100644 blob 7b41c5f00ce900db4709786fee139a7d26d1bc4e	evidence/interface-engineer/interface-engineer-s2-20261004t015228380301z/combined-uncertain-desktop.png
100644 blob 12f30b51116194db19495b7da96c212f8a6a8030	evidence/interface-engineer/interface-engineer-s2-20261004t015228380301z/combined-uncertain-mobile.png
100644 blob 190932ff63860639425609d5afaae1a8bc917f4b	evidence/interface-engineer/interface-engineer-s2-20261004t015228380301z/cutoff-refusal-desktop.png
100644 blob b1f0ac567d06f048fcf5f42e3b938febcc888f16	evidence/interface-engineer/interface-engineer-s2-20261004t015228380301z/cutoff-refusal-mobile.png
100644 blob 339880b2f8b515fc4658c07d9b6cdc5c4bae2a33	evidence/interface-engineer/interface-engineer-s2-20261004t015228380301z/default-health.log
100644 blob dc98d9d7a71833ceb87500c0a502c4ab4e260109	evidence/interface-engineer/interface-engineer-s2-20261004t015228380301z/image-hashes.log
100644 blob d320bf9e584327c0332a45fa55544878fc19db25	evidence/interface-engineer/interface-engineer-s2-20261004t015228380301z/inspect-interface-engineer-s2-20261004t015228380301z-default.log
100644 blob 7bbd41363cb69b301d7ceaeb7f5d88addac1cdc6	evidence/interface-engineer/interface-engineer-s2-20261004t015228380301z/inspect-interface-engineer-s2-20261004t015228380301z-legacy.log
100644 blob b6d7075d112152f23aab4e5ceda4be2df2816271	evidence/interface-engineer/interface-engineer-s2-20261004t015228380301z/inspect-interface-engineer-s2-20261004t015228380301z-service.log
100644 blob a425f5ca5bd738810d7a6072dd9da7e3c5db6369	evidence/interface-engineer/interface-engineer-s2-20261004t015228380301z/keyboard-booking-desktop.png
100644 blob fea40d48c3a579c12546412fe648343165bf08fb	evidence/interface-engineer/interface-engineer-s2-20261004t015228380301z/keyboard-booking-mobile.png
100644 blob 54e4dcb5f9c576a45952a5d7148f5486e82fcd2d	evidence/interface-engineer/interface-engineer-s2-20261004t015228380301z/legacy-uncertain-desktop.png
100644 blob 7b8cf8fde1a8baeeb3963e14c26181e52f13c4aa	evidence/interface-engineer/interface-engineer-s2-20261004t015228380301z/legacy-uncertain-mobile.png
100644 blob adf1fb749c0a0d77f8f659c941a5f18918c7c6fe	evidence/interface-engineer/interface-engineer-s2-20261004t015228380301z/login-labelled-desktop.png
100644 blob a550efd83215c032d48a083a76c8c433060a530d	evidence/interface-engineer/interface-engineer-s2-20261004t015228380301z/login-labelled-mobile.png
100644 blob 428298af5392ebb7033161c4edc9ebcaf287559d	evidence/interface-engineer/interface-engineer-s2-20261004t015228380301z/logs-interface-engineer-s2-20261004t015228380301z-default.log
100644 blob 428298af5392ebb7033161c4edc9ebcaf287559d	evidence/interface-engineer/interface-engineer-s2-20261004t015228380301z/logs-interface-engineer-s2-20261004t015228380301z-legacy.log
100644 blob b2868b8ca316fc9a7d5b702ddfa1b467858cb3fe	evidence/interface-engineer/interface-engineer-s2-20261004t015228380301z/logs-interface-engineer-s2-20261004t015228380301z-service.log
100644 blob 0620ad8363826b99a635f367019028c1059ca168	evidence/interface-engineer/interface-engineer-s2-20261004t015228380301z/mobile-keyboard-confirmed.png
100644 blob fb7f487dbcae3fbfb208f8cace246a003e507a53	evidence/interface-engineer/interface-engineer-s2-20261004t015228380301z/network-create.log
100644 blob a42ca361310c2e65ed5908b65ff218f1a7bae898	evidence/interface-engineer/interface-engineer-s2-20261004t015228380301z/network-inspect.log
100644 blob 834c46f4d0825e9e082092e659f1f8e1f2aaa179	evidence/interface-engineer/interface-engineer-s2-20261004t015228380301z/override-health.log
100644 blob 77177d88218f6daff4c0c0ec17b1aff9b2135dab	evidence/interface-engineer/interface-engineer-s2-20261004t015228380301z/private-lookup-refusal-desktop.png
100644 blob 42266304b374ff9c45d6b8cabb94e65ddc9fb755	evidence/interface-engineer/interface-engineer-s2-20261004t015228380301z/private-lookup-refusal-mobile.png
100644 blob ddd8f9445e4f8e227f5fb266dbb308495592fa7a	evidence/interface-engineer/interface-engineer-s2-20261004t015228380301z/public-search-desktop.png
100644 blob b35c24775ee8edc5f4e6493136c501933943e12d	evidence/interface-engineer/interface-engineer-s2-20261004t015228380301z/public-search-mobile.png
100644 blob a8c9d650ba668c86e8566e1edec55bbf087b8aa5	evidence/interface-engineer/interface-engineer-s2-20261004t015228380301z/revision.log
100644 blob f630c8ff2fcd6a2afe616079286d6d0027eed29f	evidence/interface-engineer/interface-engineer-s2-20261004t015228380301z/runtime-report.json
100644 blob 59da7aba399fd1f140e13c5e2bd120a181a82483	evidence/interface-engineer/interface-engineer-s2-20261004t015228380301z/search-race-desktop.png
100644 blob 30da18879fa54c2a64cd7e5bb9813277fd26a022	evidence/interface-engineer/interface-engineer-s2-20261004t015228380301z/search-race-mobile.png
100644 blob 056ca912e75dc9f56e7a439e79a4a318bdb88d77	evidence/interface-engineer/interface-engineer-s2-20261004t015228380301z/signed-in-signup-desktop.png
100644 blob 677bb15f9bce01dd54ad9b2ccaef626d91290eab	evidence/interface-engineer/interface-engineer-s2-20261004t015228380301z/signed-in-signup-mobile.png
100644 blob 85248cfda77fa20b05d5f9a8ab7742357b168706	evidence/interface-engineer/interface-engineer-s2-20261004t015228380301z/signup-labelled-desktop.png
100644 blob 855a93a4a139308380e7dcab7985363010a8521d	evidence/interface-engineer/interface-engineer-s2-20261004t015228380301z/signup-labelled-mobile.png
100644 blob b6074b787fcd3b5b9476c638b5b83fd898621155	evidence/interface-engineer/interface-engineer-s2-20261004t015228380301z/single-confirmation-desktop.png
100644 blob 11fc3e69d6858943537b01731014e4998d78d4f5	evidence/interface-engineer/interface-engineer-s2-20261004t015228380301z/single-confirmation-mobile.png
100644 blob 2cd788f083e45cbcd9785a28f7a0627af96f242c	evidence/interface-engineer/interface-engineer-s2-20261004t015228380301z/single-conflict-desktop.png
100644 blob bbeff25eefe6498fbf955a7e211a8e6a870b92d6	evidence/interface-engineer/interface-engineer-s2-20261004t015228380301z/single-conflict-mobile.png
100644 blob fd26e664204996da16c941202a9cf7800324adbe	evidence/interface-engineer/interface-engineer-s2-20261004t015228380301z/single-uncertain-desktop.png
100644 blob ab72396d86d2a18d6ed1dd7eec6884296fa41f1a	evidence/interface-engineer/interface-engineer-s2-20261004t015228380301z/single-uncertain-mobile.png
100644 blob 89564cc45c65a328c3a96de84740e12c95b834b7	evidence/interface-engineer/interface-engineer-s2-20261004t015228380301z/start-interface-engineer-s2-20261004t015228380301z-default.log
100644 blob 43a211188f324b94ed62b6a105921eb7b13be368	evidence/interface-engineer/interface-engineer-s2-20261004t015228380301z/start-interface-engineer-s2-20261004t015228380301z-legacy.log
100644 blob 9cceb292faa9b65ce7c0e22b342ff8e948df6bc8	evidence/interface-engineer/interface-engineer-s2-20261004t015228380301z/start-interface-engineer-s2-20261004t015228380301z-service.log
100644 blob f9c33649c43fa279274ca07ccbb4dc516c74f9e7	evidence/interface-engineer/interface-engineer-s2-20261004t015228380301z/unavailable-grid-desktop.png
100644 blob 7ea81540e5a9c7dec74f0b40a9f787f64eef745d	evidence/interface-engineer/interface-engineer-s2-20261004t015228380301z/unavailable-grid-mobile.png
100644 blob 56d2071768c6fbfcf41a9656abe4a8295fc77402	evidence/interface-engineer/interface-engineer-s2-20261004t015346752119z/browser-report.json
100644 blob 11f2fe2b7ac5273812cb00caa7697b2c87fda13e	evidence/interface-engineer/interface-engineer-s2-20261004t015346752119z/browser.log
100644 blob 56b0fed9ea611ef6888bcb5cc675f7b7e8ff8e91	evidence/interface-engineer/interface-engineer-s2-20261004t015346752119z/build-accepted-stage1.log
100644 blob 9b20ad5136a36bd7f5c0aab82161be0060057073	evidence/interface-engineer/interface-engineer-s2-20261004t015346752119z/build-stage2.log
100644 blob 898a3d435dbfa41199c9955a24a77fa6676538f1	evidence/interface-engineer/interface-engineer-s2-20261004t015346752119z/cancelled-lookup-desktop.png
100644 blob fbf36547164d9ad967d82a6b9eab363f005fc965	evidence/interface-engineer/interface-engineer-s2-20261004t015346752119z/cancelled-lookup-mobile.png
100644 blob 3950e1796c289039569ef0e8d67963e69dbf238e	evidence/interface-engineer/interface-engineer-s2-20261004t015346752119z/cleanup-interface-engineer-s2-20261004t015346752119z-default.log
100644 blob 8bcd1932b4972ff01745ba3b54e774bfeff228ff	evidence/interface-engineer/interface-engineer-s2-20261004t015346752119z/cleanup-interface-engineer-s2-20261004t015346752119z-legacy.log
100644 blob ef686e6284578b0844e62b552f328e76a8350f2b	evidence/interface-engineer/interface-engineer-s2-20261004t015346752119z/cleanup-interface-engineer-s2-20261004t015346752119z-service.log
100644 blob 7351f2155237fabc63bcfbbba7b500135454630f	evidence/interface-engineer/interface-engineer-s2-20261004t015346752119z/cleanup-network.log
100644 blob 3da0b7075ce4047f191fb2649451c80316c4ab8f	evidence/interface-engineer/interface-engineer-s2-20261004t015346752119z/closed-day-desktop.png
100644 blob 2ac88a10f8f666535c8b21a3a2c78f9fb2993278	evidence/interface-engineer/interface-engineer-s2-20261004t015346752119z/closed-day-mobile.png
100644 blob ac30772692913babf367c69d1f78a781a4fcaa9f	evidence/interface-engineer/interface-engineer-s2-20261004t015346752119z/combined-conflict-desktop.png
100644 blob 4d4b800f50c1ce0ed757a24a91ccf108cad3affa	evidence/interface-engineer/interface-engineer-s2-20261004t015346752119z/combined-conflict-mobile.png
100644 blob 7b41c5f00ce900db4709786fee139a7d26d1bc4e	evidence/interface-engineer/interface-engineer-s2-20261004t015346752119z/combined-uncertain-desktop.png
100644 blob 12f30b51116194db19495b7da96c212f8a6a8030	evidence/interface-engineer/interface-engineer-s2-20261004t015346752119z/combined-uncertain-mobile.png
100644 blob 75850b3e9a7b0995cabb8f4cb74e838ddaf78a26	evidence/interface-engineer/interface-engineer-s2-20261004t015346752119z/cutoff-refusal-desktop.png
100644 blob 5cc8705356b2edf5f69a0da40ab01b1486d0771d	evidence/interface-engineer/interface-engineer-s2-20261004t015346752119z/cutoff-refusal-mobile.png
100644 blob 339880b2f8b515fc4658c07d9b6cdc5c4bae2a33	evidence/interface-engineer/interface-engineer-s2-20261004t015346752119z/default-health.log
100644 blob dc98d9d7a71833ceb87500c0a502c4ab4e260109	evidence/interface-engineer/interface-engineer-s2-20261004t015346752119z/image-hashes.log
100644 blob 42c469ec1a5fa6308e8a56d3404c74db220ac813	evidence/interface-engineer/interface-engineer-s2-20261004t015346752119z/inspect-interface-engineer-s2-20261004t015346752119z-default.log
100644 blob 5b0726ba4c15e4d816f10b03b48f85ce804a9c6d	evidence/interface-engineer/interface-engineer-s2-20261004t015346752119z/inspect-interface-engineer-s2-20261004t015346752119z-legacy.log
100644 blob ea87236751a2e16f16c9780fc97edb4c052bab5d	evidence/interface-engineer/interface-engineer-s2-20261004t015346752119z/inspect-interface-engineer-s2-20261004t015346752119z-service.log
100644 blob a425f5ca5bd738810d7a6072dd9da7e3c5db6369	evidence/interface-engineer/interface-engineer-s2-20261004t015346752119z/keyboard-booking-desktop.png
100644 blob fea40d48c3a579c12546412fe648343165bf08fb	evidence/interface-engineer/interface-engineer-s2-20261004t015346752119z/keyboard-booking-mobile.png
100644 blob 54e4dcb5f9c576a45952a5d7148f5486e82fcd2d	evidence/interface-engineer/interface-engineer-s2-20261004t015346752119z/legacy-uncertain-desktop.png
100644 blob 7b8cf8fde1a8baeeb3963e14c26181e52f13c4aa	evidence/interface-engineer/interface-engineer-s2-20261004t015346752119z/legacy-uncertain-mobile.png
100644 blob adf1fb749c0a0d77f8f659c941a5f18918c7c6fe	evidence/interface-engineer/interface-engineer-s2-20261004t015346752119z/login-labelled-desktop.png
100644 blob a550efd83215c032d48a083a76c8c433060a530d	evidence/interface-engineer/interface-engineer-s2-20261004t015346752119z/login-labelled-mobile.png
100644 blob 428298af5392ebb7033161c4edc9ebcaf287559d	evidence/interface-engineer/interface-engineer-s2-20261004t015346752119z/logs-interface-engineer-s2-20261004t015346752119z-default.log
100644 blob 428298af5392ebb7033161c4edc9ebcaf287559d	evidence/interface-engineer/interface-engineer-s2-20261004t015346752119z/logs-interface-engineer-s2-20261004t015346752119z-legacy.log
100644 blob b2868b8ca316fc9a7d5b702ddfa1b467858cb3fe	evidence/interface-engineer/interface-engineer-s2-20261004t015346752119z/logs-interface-engineer-s2-20261004t015346752119z-service.log
100644 blob 8bc81c164c3f58a6e8dcacd55ddf95cf8fc4f28a	evidence/interface-engineer/interface-engineer-s2-20261004t015346752119z/mobile-keyboard-confirmed.png
100644 blob ae96dd4900ef8cbc85c085d4169349cb99f6ba8c	evidence/interface-engineer/interface-engineer-s2-20261004t015346752119z/network-create.log
100644 blob 46074c9fbf64932840ab5e5314c182d04ec456b9	evidence/interface-engineer/interface-engineer-s2-20261004t015346752119z/network-inspect.log
100644 blob 834c46f4d0825e9e082092e659f1f8e1f2aaa179	evidence/interface-engineer/interface-engineer-s2-20261004t015346752119z/override-health.log
100644 blob 1a58895fd6d0b0ba9ea94cd9a1a6de6d75fe98ab	evidence/interface-engineer/interface-engineer-s2-20261004t015346752119z/private-lookup-refusal-desktop.png
100644 blob c52bec3a4501fbc282ddd725d7a81a6c1d26bb9b	evidence/interface-engineer/interface-engineer-s2-20261004t015346752119z/private-lookup-refusal-mobile.png
100644 blob ddd8f9445e4f8e227f5fb266dbb308495592fa7a	evidence/interface-engineer/interface-engineer-s2-20261004t015346752119z/public-search-desktop.png
100644 blob b35c24775ee8edc5f4e6493136c501933943e12d	evidence/interface-engineer/interface-engineer-s2-20261004t015346752119z/public-search-mobile.png
100644 blob 59517379b4c5e0c7e6299fe691e4e7038204233e	evidence/interface-engineer/interface-engineer-s2-20261004t015346752119z/revision.log
100644 blob ce566cfc4d735c61233987950e8dff1141d5483c	evidence/interface-engineer/interface-engineer-s2-20261004t015346752119z/runtime-report.json
100644 blob 59da7aba399fd1f140e13c5e2bd120a181a82483	evidence/interface-engineer/interface-engineer-s2-20261004t015346752119z/search-race-desktop.png
100644 blob 30da18879fa54c2a64cd7e5bb9813277fd26a022	evidence/interface-engineer/interface-engineer-s2-20261004t015346752119z/search-race-mobile.png
100644 blob 056ca912e75dc9f56e7a439e79a4a318bdb88d77	evidence/interface-engineer/interface-engineer-s2-20261004t015346752119z/signed-in-signup-desktop.png
100644 blob 677bb15f9bce01dd54ad9b2ccaef626d91290eab	evidence/interface-engineer/interface-engineer-s2-20261004t015346752119z/signed-in-signup-mobile.png
100644 blob 85248cfda77fa20b05d5f9a8ab7742357b168706	evidence/interface-engineer/interface-engineer-s2-20261004t015346752119z/signup-labelled-desktop.png
100644 blob 855a93a4a139308380e7dcab7985363010a8521d	evidence/interface-engineer/interface-engineer-s2-20261004t015346752119z/signup-labelled-mobile.png
100644 blob 49c833999d24dbe4b1d88969fcca2e45bb650fc3	evidence/interface-engineer/interface-engineer-s2-20261004t015346752119z/single-confirmation-desktop.png
100644 blob 5bc5de1b104d71f7a55cb99ad6ac70ed51b4c75f	evidence/interface-engineer/interface-engineer-s2-20261004t015346752119z/single-confirmation-mobile.png
100644 blob 2cd788f083e45cbcd9785a28f7a0627af96f242c	evidence/interface-engineer/interface-engineer-s2-20261004t015346752119z/single-conflict-desktop.png
100644 blob bbeff25eefe6498fbf955a7e211a8e6a870b92d6	evidence/interface-engineer/interface-engineer-s2-20261004t015346752119z/single-conflict-mobile.png
100644 blob fd26e664204996da16c941202a9cf7800324adbe	evidence/interface-engineer/interface-engineer-s2-20261004t015346752119z/single-uncertain-desktop.png
100644 blob ab72396d86d2a18d6ed1dd7eec6884296fa41f1a	evidence/interface-engineer/interface-engineer-s2-20261004t015346752119z/single-uncertain-mobile.png
100644 blob 6ebcb2dcfc1fa3cc0ec3aa67e3e5563822aee78c	evidence/interface-engineer/interface-engineer-s2-20261004t015346752119z/start-interface-engineer-s2-20261004t015346752119z-default.log
100644 blob 63f3c39bf8e2264c8ba1dfe2ab8605751aabd559	evidence/interface-engineer/interface-engineer-s2-20261004t015346752119z/start-interface-engineer-s2-20261004t015346752119z-legacy.log
100644 blob e7c3266bcdd86c1b1cdf08ef390dd29ed1e272e9	evidence/interface-engineer/interface-engineer-s2-20261004t015346752119z/start-interface-engineer-s2-20261004t015346752119z-service.log
100644 blob f9c33649c43fa279274ca07ccbb4dc516c74f9e7	evidence/interface-engineer/interface-engineer-s2-20261004t015346752119z/unavailable-grid-desktop.png
100644 blob 7ea81540e5a9c7dec74f0b40a9f787f64eef745d	evidence/interface-engineer/interface-engineer-s2-20261004t015346752119z/unavailable-grid-mobile.png
100644 blob 61f21f544c1d4c2637e5cd3cedf72b7229c3d375	evidence/interface-engineer/interface-engineer-s2-20261004t015431148781z/browser-report.json
100644 blob b0bbfe575a825c34b008ade6a99f92a68381ea0e	evidence/interface-engineer/interface-engineer-s2-20261004t015431148781z/browser.log
100644 blob d1a6f3e9b4adf251e48f30a1fb0c3b858d7f7652	evidence/interface-engineer/interface-engineer-s2-20261004t015431148781z/build-accepted-stage1.log
100644 blob 34d139f1848866fa6bc8023b62ecef2b398b2d8c	evidence/interface-engineer/interface-engineer-s2-20261004t015431148781z/build-stage2.log
100644 blob db30f102a82e01d978a1714b4c2eb0c4c7797219	evidence/interface-engineer/interface-engineer-s2-20261004t015431148781z/cancelled-lookup-desktop.png
100644 blob 48326dba5661d82a751f06820fdf61e6d651e5b8	evidence/interface-engineer/interface-engineer-s2-20261004t015431148781z/cancelled-lookup-mobile.png
100644 blob a71c313ffebea2dd31470eec5c9e13af69208f25	evidence/interface-engineer/interface-engineer-s2-20261004t015431148781z/cleanup-interface-engineer-s2-20261004t015431148781z-default.log
100644 blob e4de34d506c8889d6553e7dbe52969121352e43c	evidence/interface-engineer/interface-engineer-s2-20261004t015431148781z/cleanup-interface-engineer-s2-20261004t015431148781z-legacy.log
100644 blob 7068b55a3c4598588877d9d94dcc6a4d9a933c4d	evidence/interface-engineer/interface-engineer-s2-20261004t015431148781z/cleanup-interface-engineer-s2-20261004t015431148781z-service.log
100644 blob 6d4bffbf352cac3d70f44e7b5d242f62cdb03d72	evidence/interface-engineer/interface-engineer-s2-20261004t015431148781z/cleanup-network.log
100644 blob 3da0b7075ce4047f191fb2649451c80316c4ab8f	evidence/interface-engineer/interface-engineer-s2-20261004t015431148781z/closed-day-desktop.png
100644 blob 2ac88a10f8f666535c8b21a3a2c78f9fb2993278	evidence/interface-engineer/interface-engineer-s2-20261004t015431148781z/closed-day-mobile.png
100644 blob ac30772692913babf367c69d1f78a781a4fcaa9f	evidence/interface-engineer/interface-engineer-s2-20261004t015431148781z/combined-conflict-desktop.png
100644 blob 4d4b800f50c1ce0ed757a24a91ccf108cad3affa	evidence/interface-engineer/interface-engineer-s2-20261004t015431148781z/combined-conflict-mobile.png
100644 blob 7b41c5f00ce900db4709786fee139a7d26d1bc4e	evidence/interface-engineer/interface-engineer-s2-20261004t015431148781z/combined-uncertain-desktop.png
100644 blob 12f30b51116194db19495b7da96c212f8a6a8030	evidence/interface-engineer/interface-engineer-s2-20261004t015431148781z/combined-uncertain-mobile.png
100644 blob a3ac0400c71062f27c74df12e2af86813b3a0a38	evidence/interface-engineer/interface-engineer-s2-20261004t015431148781z/cutoff-refusal-desktop.png
100644 blob 409f949ba2d2c8421a7b75b79ef684f74db5d204	evidence/interface-engineer/interface-engineer-s2-20261004t015431148781z/cutoff-refusal-mobile.png
100644 blob 339880b2f8b515fc4658c07d9b6cdc5c4bae2a33	evidence/interface-engineer/interface-engineer-s2-20261004t015431148781z/default-health.log
100644 blob dc98d9d7a71833ceb87500c0a502c4ab4e260109	evidence/interface-engineer/interface-engineer-s2-20261004t015431148781z/image-hashes.log
100644 blob ec5f08b6d46e0ee4e82dc8648c1dc0a3df35f8a4	evidence/interface-engineer/interface-engineer-s2-20261004t015431148781z/inspect-interface-engineer-s2-20261004t015431148781z-default.log
100644 blob 472a78fbefff03ed84ab031dd94ce1b3ec2f1ae3	evidence/interface-engineer/interface-engineer-s2-20261004t015431148781z/inspect-interface-engineer-s2-20261004t015431148781z-legacy.log
100644 blob 5dba2ef2223be040ce106dba104490e2d4cc71ea	evidence/interface-engineer/interface-engineer-s2-20261004t015431148781z/inspect-interface-engineer-s2-20261004t015431148781z-service.log
100644 blob a425f5ca5bd738810d7a6072dd9da7e3c5db6369	evidence/interface-engineer/interface-engineer-s2-20261004t015431148781z/keyboard-booking-desktop.png
100644 blob fea40d48c3a579c12546412fe648343165bf08fb	evidence/interface-engineer/interface-engineer-s2-20261004t015431148781z/keyboard-booking-mobile.png
100644 blob 54e4dcb5f9c576a45952a5d7148f5486e82fcd2d	evidence/interface-engineer/interface-engineer-s2-20261004t015431148781z/legacy-uncertain-desktop.png
100644 blob 7b8cf8fde1a8baeeb3963e14c26181e52f13c4aa	evidence/interface-engineer/interface-engineer-s2-20261004t015431148781z/legacy-uncertain-mobile.png
100644 blob adf1fb749c0a0d77f8f659c941a5f18918c7c6fe	evidence/interface-engineer/interface-engineer-s2-20261004t015431148781z/login-labelled-desktop.png
100644 blob a550efd83215c032d48a083a76c8c433060a530d	evidence/interface-engineer/interface-engineer-s2-20261004t015431148781z/login-labelled-mobile.png
100644 blob 428298af5392ebb7033161c4edc9ebcaf287559d	evidence/interface-engineer/interface-engineer-s2-20261004t015431148781z/logs-interface-engineer-s2-20261004t015431148781z-default.log
100644 blob 428298af5392ebb7033161c4edc9ebcaf287559d	evidence/interface-engineer/interface-engineer-s2-20261004t015431148781z/logs-interface-engineer-s2-20261004t015431148781z-legacy.log
100644 blob b2868b8ca316fc9a7d5b702ddfa1b467858cb3fe	evidence/interface-engineer/interface-engineer-s2-20261004t015431148781z/logs-interface-engineer-s2-20261004t015431148781z-service.log
100644 blob ac889d8264c283c86ea71c0deca13238af0216c6	evidence/interface-engineer/interface-engineer-s2-20261004t015431148781z/mobile-keyboard-confirmed.png
100644 blob 6d7ac3ce2f3ff38a23f3adbf3967676a925f0af3	evidence/interface-engineer/interface-engineer-s2-20261004t015431148781z/network-create.log
100644 blob a088cbeffbcaa982a16a048b3aae71ec7cd9496e	evidence/interface-engineer/interface-engineer-s2-20261004t015431148781z/network-inspect.log
100644 blob 834c46f4d0825e9e082092e659f1f8e1f2aaa179	evidence/interface-engineer/interface-engineer-s2-20261004t015431148781z/override-health.log
100644 blob 347538b0f18dc8564a6a2bd581c0215a8de22c7d	evidence/interface-engineer/interface-engineer-s2-20261004t015431148781z/private-lookup-refusal-desktop.png
100644 blob b76281ee76939c11e8e11c290e31e1297e295080	evidence/interface-engineer/interface-engineer-s2-20261004t015431148781z/private-lookup-refusal-mobile.png
100644 blob ddd8f9445e4f8e227f5fb266dbb308495592fa7a	evidence/interface-engineer/interface-engineer-s2-20261004t015431148781z/public-search-desktop.png
100644 blob b35c24775ee8edc5f4e6493136c501933943e12d	evidence/interface-engineer/interface-engineer-s2-20261004t015431148781z/public-search-mobile.png
100644 blob 25603e22bc5ef1d90e080f6e071a5dcb8dbe2531	evidence/interface-engineer/interface-engineer-s2-20261004t015431148781z/revision.log
100644 blob da7c342a48c86ee74f206fd7f43a30ab526cc8b4	evidence/interface-engineer/interface-engineer-s2-20261004t015431148781z/runtime-report.json
100644 blob 59da7aba399fd1f140e13c5e2bd120a181a82483	evidence/interface-engineer/interface-engineer-s2-20261004t015431148781z/search-race-desktop.png
100644 blob 30da18879fa54c2a64cd7e5bb9813277fd26a022	evidence/interface-engineer/interface-engineer-s2-20261004t015431148781z/search-race-mobile.png
100644 blob 056ca912e75dc9f56e7a439e79a4a318bdb88d77	evidence/interface-engineer/interface-engineer-s2-20261004t015431148781z/signed-in-signup-desktop.png
100644 blob 677bb15f9bce01dd54ad9b2ccaef626d91290eab	evidence/interface-engineer/interface-engineer-s2-20261004t015431148781z/signed-in-signup-mobile.png
100644 blob 85248cfda77fa20b05d5f9a8ab7742357b168706	evidence/interface-engineer/interface-engineer-s2-20261004t015431148781z/signup-labelled-desktop.png
100644 blob 855a93a4a139308380e7dcab7985363010a8521d	evidence/interface-engineer/interface-engineer-s2-20261004t015431148781z/signup-labelled-mobile.png
100644 blob ece0ed7d99d327e93bc904cb2a90ba4a7f1bd416	evidence/interface-engineer/interface-engineer-s2-20261004t015431148781z/single-confirmation-desktop.png
100644 blob 5613a0be9183c8f2e5b3a62f300c7e92cf8d61e9	evidence/interface-engineer/interface-engineer-s2-20261004t015431148781z/single-confirmation-mobile.png
100644 blob 2cd788f083e45cbcd9785a28f7a0627af96f242c	evidence/interface-engineer/interface-engineer-s2-20261004t015431148781z/single-conflict-desktop.png
100644 blob bbeff25eefe6498fbf955a7e211a8e6a870b92d6	evidence/interface-engineer/interface-engineer-s2-20261004t015431148781z/single-conflict-mobile.png
100644 blob fd26e664204996da16c941202a9cf7800324adbe	evidence/interface-engineer/interface-engineer-s2-20261004t015431148781z/single-uncertain-desktop.png
100644 blob ab72396d86d2a18d6ed1dd7eec6884296fa41f1a	evidence/interface-engineer/interface-engineer-s2-20261004t015431148781z/single-uncertain-mobile.png
100644 blob 6962652f4e1ff28d8a1b36d3f824397db4db316f	evidence/interface-engineer/interface-engineer-s2-20261004t015431148781z/start-interface-engineer-s2-20261004t015431148781z-default.log
100644 blob 00ea839609973dc2a63a5e9314bf547385d976cc	evidence/interface-engineer/interface-engineer-s2-20261004t015431148781z/start-interface-engineer-s2-20261004t015431148781z-legacy.log
100644 blob 0d2779841b630f4c109d64571b47ef2ad0956e68	evidence/interface-engineer/interface-engineer-s2-20261004t015431148781z/start-interface-engineer-s2-20261004t015431148781z-service.log
100644 blob f9c33649c43fa279274ca07ccbb4dc516c74f9e7	evidence/interface-engineer/interface-engineer-s2-20261004t015431148781z/unavailable-grid-desktop.png
100644 blob 7ea81540e5a9c7dec74f0b40a9f787f64eef745d	evidence/interface-engineer/interface-engineer-s2-20261004t015431148781z/unavailable-grid-mobile.png
100644 blob a169619f6774c6b044ca53adad025fa728e9d9d1	evidence/interface-engineer/ledger.jsonl
100644 blob e6db9ad3a3b057852cba35b83e2ec9a429e1555d	evidence/interface-engineer/stage-1-container-check.py
100644 blob cf2a17fd664cfc215fbeafa88b92cc9ea29fa3e9	evidence/interface-engineer/stage-1-integration-handoff.md
100644 blob 035b02f992b4800064783b86a72a324a90e2b777	evidence/interface-engineer/stage-1-minute-04-check.md
100644 blob 3a0603b167b5fee153af09b99fa2e8c8b32b55a6	evidence/interface-engineer/stage-1-repair-01-check.md
100644 blob f462a6da420c72aa512e620b5ead8adb3b13fccf	evidence/interface-engineer/stage-1-source-provenance.md
100644 blob 0403c2a628e21be5ae5fa215ba04cddb6dab098b	evidence/interface-engineer/stage-1-state-map.md
100644 blob 5d8e47cf3f0a56c885665e9748c1f39147ecc1b6	evidence/interface-engineer/stage-1-timestamp-03-check.md
100644 blob 50df71e2b3191b60c04057584371c6ad4e445cc2	evidence/interface-engineer/stage-1-transport-probe.py
100644 blob 0856ebc4457fd6f7f3154585db933490b23cadab	evidence/interface-engineer/stage-2-browser-probe.py
100644 blob f9126df32d66650bbc952f9563e64af94af82ef4	evidence/interface-engineer/stage-2-container-check.py
100644 blob b4613aba19af206307bed3b8259d443d111a4ae2	evidence/interface-engineer/stage-2-integration-handoff.md
100644 blob a31030ed77e6579c6575d6f5c85e73786de561d2	evidence/interface-engineer/stage-2-source-provenance.md
100644 blob cff2728466d90055345f20b3a285744b658b04d3	evidence/interface-engineer/stage-2-state-map.md
100644 blob 28f5d0cc38b407b8808d8289cad2699cf61b46ea	evidence/systems-engineer/stage-1-build-01.log
100644 blob 00acb7fb276631ddee80f338c3a218ff4dde2263	evidence/systems-engineer/stage-1-builder-probes-01.log
100644 blob 477d3bdb4751f38bb40f84563554ed9204fd1164	evidence/systems-engineer/stage-1-builder-probes-02.log
100644 blob f2c50d4fcb4343b1e343f848a1a58aa1177d6bcb	evidence/systems-engineer/stage-1-builder-probes.py
100644 blob 38e7880edd6c3f7243d0caf01e137129708b42ad	evidence/systems-engineer/stage-1-builder-report.md
100644 blob d9ce2495c15110b652a4fd560eec8b8cacffa725	evidence/systems-engineer/stage-1-calendar-build-02.log
100644 blob 73cfc87c3279c8658a2d36f8ade9e5a94aef5920	evidence/systems-engineer/stage-1-calendar-final-regression-02.log
100644 blob 67ab2c87215b7d070df6a30b89f0c5d96f39949c	evidence/systems-engineer/stage-1-calendar-http-02.log
100644 blob 0208743211f0396bfaaf464b802f3a15142680f8	evidence/systems-engineer/stage-1-calendar-regression-02.log
100644 blob 4586b710859f499ed78bb5528d6342648cb73333	evidence/systems-engineer/stage-1-calendar-repair-02.md
100644 blob f62c2c2b0c9cbc3b8701698e1cdf9b6a194291d2	evidence/systems-engineer/stage-1-calendar-reproduction-02.log
100644 blob ce70f3758603f1575fb89e41de2e72af8f24ca0f	evidence/systems-engineer/stage-1-calendar-runtime-02.log
100644 blob 8ac47e3b301ba6851687bbf639f2db35664996d5	evidence/systems-engineer/stage-1-container-settings-01.log
100644 blob 4df2d461c65403f7170735847e01fbe6bbe47351	evidence/systems-engineer/stage-1-http-probes-01.log
100644 blob e4ba093ad055b96373bd9fd56161c251634c5147	evidence/systems-engineer/stage-1-http-probes-02.log
100644 blob f47135b6677d9f7c83b8cca5d90f5edf9e478a0a	evidence/systems-engineer/stage-1-invariants.md
100644 blob 5c54be2fba0f71b5b48a73f18732fc51b5dca809	evidence/systems-engineer/stage-1-minute-before-runtime-04.json
100644 blob 689eb779edcb6335e894cd3cdaaf5bc528c32be3	evidence/systems-engineer/stage-1-minute-boundary-repair-04.md
100644 blob 7541b30606b11c1ba9acd3a52fda5575b40e16d6	evidence/systems-engineer/stage-1-minute-build-04.log
100644 blob a385d0addba4fb48706cbb9be5438ff4c63c4f53	evidence/systems-engineer/stage-1-minute-http-04.log
100644 blob 2de474cb976b7157cad63b75bcb6ec623dcc0c7e	evidence/systems-engineer/stage-1-minute-regression-04.log
100644 blob dc94f4276a3c7b1509fa7ea3f3ef4afcbf8ba599	evidence/systems-engineer/stage-1-minute-reproduction-04.log
100644 blob 87e4e368cc001935d58d7335181a7173a113540a	evidence/systems-engineer/stage-1-minute-runtime-04.json
100644 blob e80519808d99a0576263db3eb1524256e19c80f7	evidence/systems-engineer/stage-1-rejection-reproduction-01.log
100644 blob 09e71b88c2f1903526190bd7cdb43654ad29488c	evidence/systems-engineer/stage-1-repair-01.md
100644 blob 9662d18ab4c3fc0c32a6d5007f24c734594a19c2	evidence/systems-engineer/stage-1-repair-build-01.log
100644 blob fb77c0c73e1ea5ccbe4d675c66c8d17abb2eba18	evidence/systems-engineer/stage-1-repair-http-01.log
100644 blob bdee5bc28303fa0466ca17da13cfe14140072327	evidence/systems-engineer/stage-1-repair-regression-01.log
100644 blob 100fad7d4dd72440e8c7252e377205f7caf41c94	evidence/systems-engineer/stage-1-repair-runtime-01.log
100644 blob 665553a2050a005917854fda827d467ab2ffc03d	evidence/systems-engineer/stage-1-source-provenance.md
100644 blob 9f58f25636492dd0bc74cba35ead9b4b18ac54cf	evidence/systems-engineer/stage-1-timestamp-build-03.log
100644 blob ba2e6fd55b87b641db7661e71a12e8b888f93f21	evidence/systems-engineer/stage-1-timestamp-final-regression-03.log
100644 blob 5fa3d1206fa420d027b44d423e0dc0817f156190	evidence/systems-engineer/stage-1-timestamp-http-03.log
100644 blob bc8592801d6c77d209b56620cbc190bca3f07a5f	evidence/systems-engineer/stage-1-timestamp-regression-03.log
100644 blob 2ecc86de6409e27f11ccfcaf119b1091ca349532	evidence/systems-engineer/stage-1-timestamp-repair-03.md
100644 blob 603770766a72daa55a357d0eaab06fbf37d1bea4	evidence/systems-engineer/stage-1-timestamp-reproduction-03.log
100644 blob 138521ddfb6a4f33b584ad3b660cc51d34834cd7	evidence/systems-engineer/stage-1-timestamp-runtime-03.log
100644 blob c6132ab32e68382f2d3a1f1845b31d993ec1370f	evidence/systems-engineer/stage-2-builder-oracle-engine-final.json
100644 blob 5a6d3257497c2a387261a56deb9ed335ffbdfab0	evidence/systems-engineer/stage-2-builder-oracle-engine.json
100644 blob dabd50401c517a1c9aa84bc4123c405ab4c3d9a9	evidence/systems-engineer/stage-2-builder-probes.py
100644 blob 8bba8af31a9e711d00105448a33057969b75d938	evidence/systems-engineer/stage-2-builder-report.md
100644 blob f820138e2566fbdcbb6c59770a09e430c3795738	evidence/systems-engineer/stage-2-container-check.py
100644 blob c7790711f017795b66aa1d9f3b0da4e3bb52ae87	evidence/systems-engineer/stage-2-engine-01.log
100644 blob 40365d874f4aeea94c7946e9390abb409eaf72f7	evidence/systems-engineer/stage-2-engine-final.log
100644 blob e915a1f812b83416f2231f7b6baa243aa0e3145a	evidence/systems-engineer/stage-2-inherited-engine-01.log
100644 blob fee73f2a1ab2dabc2a443d99de234fbfdc33f578	evidence/systems-engineer/stage-2-inherited-engine-final.log
100644 blob ca69fc53fb3b488472520ad760062b993d0a38b5	evidence/systems-engineer/stage-2-invariants.md
100644 blob b2c777befb3e2bc3a1b1ff96e2a4ac670c567322	evidence/systems-engineer/stage-2-legacy-ignored-reproduction-01.log
100644 blob eb5eb2c1b5044709d22ba6d76e108d0ac9cf6f5f	evidence/systems-engineer/stage-2-source-copy.json
100644 blob 141f03729b89fd9ffc3dbf157804907b4fc43a50	evidence/systems-engineer/systems-engineer-s2-api-01/build.log
100644 blob 78fb16c1f7a5b3ba448d408903a1e04b25c95d6d	evidence/systems-engineer/systems-engineer-s2-api-01/inherited-http.log
100644 blob 2368565667a355d7d4ae4708fe8ef096991097d1	evidence/systems-engineer/systems-engineer-s2-api-01/member-oracle.json
100644 blob 1f655f30cd96a376b4f9764bfbf2f01db25ce09d	evidence/systems-engineer/systems-engineer-s2-api-01/runtime.json
100644 blob 8a236d2a2bd1f8bb5e459cadfb647a0546d28e17	evidence/systems-engineer/systems-engineer-s2-api-01/stage-2-http.log
100644 blob 0614fc4d065e1ce9b6ae85ff6e4e587428315b09	evidence/systems-engineer/systems-engineer-s2-api-01/timing-note.md
100644 blob 7426f21d63038ebb77c545765fabb77359871f0f	evidence/systems-engineer/systems-engineer-s2-integrated-api-01/build.log
100644 blob 28ae65f177f90c2b08ced9088d715a157fa54403	evidence/systems-engineer/systems-engineer-s2-integrated-api-01/inherited-http.log
100644 blob 7ff83e397e3c8d6e64569c1ab78c5dd7a25bdf17	evidence/systems-engineer/systems-engineer-s2-integrated-api-01/member-oracle.json
100644 blob bd7c21ca99e315e60ce58e400376d5375f36f708	evidence/systems-engineer/systems-engineer-s2-integrated-api-01/runtime.json
100644 blob 9f6c0d32ff1d1d04e4bd0a220ef21110c0e2e342	evidence/systems-engineer/systems-engineer-s2-integrated-api-01/stage-2-http.log
100644 blob b681349d68c385f9bbdacc068dfa8c323b0b905e	mandates/foundry-coordinator.md
100644 blob 78c7e15cb5de495253430b26fbf78cb68f97ebe0	mandates/independent-verifier.md
100644 blob 00cbc2ad50f29c1c7d4f8e1068ce237741f1ea1c	mandates/interface-engineer.md
100644 blob 7147a59c8404db493fab0ea1d2babc82a7a46109	mandates/systems-engineer.md
100644 blob 74e1b6309025b18d19f421c06e0c5c12039810aa	plan.md
100644 blob 30246a5f06db4da78802fce176ab7157a73ff6d2	stage-1/.dockerignore
100644 blob 37558f372cac89bc2747ec31596fbd20c9a8dfba	stage-1/Dockerfile
100644 blob 57972f66c0de4fbb356b7eb7766d54f510ed48bb	stage-1/RUN.md
100644 blob ac041176b52fc2fd6388bf7e0ddea48ad7cb234f	stage-1/core.py
100644 blob 8e497599c85a2b68f103d3f0947b6e540e85dfa6	stage-1/server.py
100644 blob ab152baa38ad9afdee3e9c62e99b566f45bda96b	stage-2/.dockerignore
100644 blob 69b1159e21778bff35905a35f7249cb845991f7a	stage-2/Dockerfile
100644 blob ceebac153736970716cde22f918687593f14f22b	stage-2/RUN.md
100644 blob aabbd06bdf5537903d47f55f1c5ea068659c2cdb	stage-2/core.py
100644 blob e0b0afe4e21b879c1063e1e5a401e7c87ac01b94	stage-2/server.py
100644 blob a61ae54a338edbb0876e9452fa63cfad6d85eada	stage-2/web/app.css
100644 blob 565fe6057eb9ee3c9ed3293dbe7ee3efe989ef9d	stage-2/web/app.js
100644 blob 62df08592c6e22cef0e8b4ac2d5563e5e912e403	stage-2/web/index.html
