{
  "candidate": "75005d57fe0904753eac4eab5bf4e4c9a78b6d1b",
  "wrapper_depth": 20000,
  "shapes": [
    "array",
    "object"
  ],
  "wave_size": 50,
  "requests": 246,
  "assertions": 38,
  "failed_assertions": 0,
  "checks": [
    {
      "requirement_id": "TK1-deep-race-array-reset",
      "passed": true,
      "expected": 204,
      "observed": "reset"
    },
    {
      "requirement_id": "TK1-deep-race-array-identical-clean-state",
      "passed": true,
      "expected": 204,
      "observed": "reset"
    },
    {
      "requirement_id": "TK1-deep-race-array-identical-one-create",
      "passed": true,
      "expected": "one 201",
      "observed": {
        "200": 49,
        "201": 1
      }
    },
    {
      "requirement_id": "TK1-deep-race-array-identical-other-statuses",
      "passed": true,
      "expected": "49 replay200 or overlap409",
      "observed": {
        "200": 49,
        "201": 1
      }
    },
    {
      "requirement_id": "TK1-deep-race-array-identical-other-bodies",
      "passed": true,
      "expected": "same original receipts or specified overlap errors",
      "observed": "checked"
    },
    {
      "requirement_id": "TK1-deep-race-array-identical-state-once",
      "passed": true,
      "expected": "one original record",
      "observed": 1
    },
    {
      "requirement_id": "TK1-deep-race-array-identical-immutable-alias",
      "passed": true,
      "expected": "original deep numeric-alias receipt after cancel",
      "observed": 200
    },
    {
      "requirement_id": "TK1-deep-race-array-identical-raw-transfer",
      "passed": true,
      "expected": "unchanged capture restores original token/record/receipt",
      "observed": {
        "import_status": 204,
        "replay_status": 200,
        "snapshot_bytes": 41962,
        "snapshot_sha256": "5f8651defdd0a23632e1ae3c79f4173ec32f50d65da42b6368c7e8f1aa30bfdb",
        "deep_export_decoded": false
      }
    },
    {
      "requirement_id": "TK1-deep-race-array-identical-changed-body",
      "passed": true,
      "expected": 409,
      "observed": 409
    },
    {
      "requirement_id": "TK1-deep-race-array-competing-clean-state",
      "passed": true,
      "expected": 204,
      "observed": "reset"
    },
    {
      "requirement_id": "TK1-deep-race-array-competing-one-create",
      "passed": true,
      "expected": "one 201",
      "observed": {
        "409": 49,
        "201": 1
      }
    },
    {
      "requirement_id": "TK1-deep-race-array-competing-other-statuses",
      "passed": true,
      "expected": "49 replay200 or overlap409",
      "observed": {
        "409": 49,
        "201": 1
      }
    },
    {
      "requirement_id": "TK1-deep-race-array-competing-other-bodies",
      "passed": true,
      "expected": "same original receipts or specified overlap errors",
      "observed": "checked"
    },
    {
      "requirement_id": "TK1-deep-race-array-competing-state-once",
      "passed": true,
      "expected": "one original record",
      "observed": 1
    },
    {
      "requirement_id": "TK1-deep-race-array-competing-immutable-alias",
      "passed": true,
      "expected": "original deep numeric-alias receipt after cancel",
      "observed": 200
    },
    {
      "requirement_id": "TK1-deep-race-array-competing-raw-transfer",
      "passed": true,
      "expected": "unchanged capture restores original token/record/receipt",
      "observed": {
        "import_status": 204,
        "replay_status": 200,
        "snapshot_bytes": 41967,
        "snapshot_sha256": "c1e0527edf6dd789e2e9f7b8747bc05863c3109c8b91f8410fc99b6c296956c3",
        "deep_export_decoded": false
      }
    },
    {
      "requirement_id": "TK1-deep-race-array-competing-changed-body",
      "passed": true,
      "expected": 409,
      "observed": 409
    },
    {
      "requirement_id": "TK1-deep-race-array-competing-failed-key-reusable",
      "passed": true,
      "expected": 201,
      "observed": 201
    },
    {
      "requirement_id": "TK1-deep-race-object-reset",
      "passed": true,
      "expected": 204,
      "observed": "reset"
    },
    {
      "requirement_id": "TK1-deep-race-object-identical-clean-state",
      "passed": true,
      "expected": 204,
      "observed": "reset"
    },
    {
      "requirement_id": "TK1-deep-race-object-identical-one-create",
      "passed": true,
      "expected": "one 201",
      "observed": {
        "200": 49,
        "201": 1
      }
    },
    {
      "requirement_id": "TK1-deep-race-object-identical-other-statuses",
      "passed": true,
      "expected": "49 replay200 or overlap409",
      "observed": {
        "200": 49,
        "201": 1
      }
    },
    {
      "requirement_id": "TK1-deep-race-object-identical-other-bodies",
      "passed": true,
      "expected": "same original receipts or specified overlap errors",
      "observed": "checked"
    },
    {
      "requirement_id": "TK1-deep-race-object-identical-state-once",
      "passed": true,
      "expected": "one original record",
      "observed": 1
    },
    {
      "requirement_id": "TK1-deep-race-object-identical-immutable-alias",
      "passed": true,
      "expected": "original deep numeric-alias receipt after cancel",
      "observed": 200
    },
    {
      "requirement_id": "TK1-deep-race-object-identical-raw-transfer",
      "passed": true,
      "expected": "unchanged capture restores original token/record/receipt",
      "observed": {
        "import_status": 204,
        "replay_status": 200,
        "snapshot_bytes": 121962,
        "snapshot_sha256": "6ac8c929af3e0e2f92b6bde327328e52e9a8fb02cd8aabb2973f578bc2875ffa",
        "deep_export_decoded": false
      }
    },
    {
      "requirement_id": "TK1-deep-race-object-identical-changed-body",
      "passed": true,
      "expected": 409,
      "observed": 409
    },
    {
      "requirement_id": "TK1-deep-race-object-competing-clean-state",
      "passed": true,
      "expected": 204,
      "observed": "reset"
    },
    {
      "requirement_id": "TK1-deep-race-object-competing-one-create",
      "passed": true,
      "expected": "one 201",
      "observed": {
        "409": 49,
        "201": 1
      }
    },
    {
      "requirement_id": "TK1-deep-race-object-competing-other-statuses",
      "passed": true,
      "expected": "49 replay200 or overlap409",
      "observed": {
        "409": 49,
        "201": 1
      }
    },
    {
      "requirement_id": "TK1-deep-race-object-competing-other-bodies",
      "passed": true,
      "expected": "same original receipts or specified overlap errors",
      "observed": "checked"
    },
    {
      "requirement_id": "TK1-deep-race-object-competing-state-once",
      "passed": true,
      "expected": "one original record",
      "observed": 1
    },
    {
      "requirement_id": "TK1-deep-race-object-competing-immutable-alias",
      "passed": true,
      "expected": "original deep numeric-alias receipt after cancel",
      "observed": 200
    },
    {
      "requirement_id": "TK1-deep-race-object-competing-raw-transfer",
      "passed": true,
      "expected": "unchanged capture restores original token/record/receipt",
      "observed": {
        "import_status": 204,
        "replay_status": 200,
        "snapshot_bytes": 121966,
        "snapshot_sha256": "33bcbe5158c5ccca3b3911ceeed33b224cb5cf4766f1c9ce5722f91800080db9",
        "deep_export_decoded": false
      }
    },
    {
      "requirement_id": "TK1-deep-race-object-competing-changed-body",
      "passed": true,
      "expected": 409,
      "observed": 409
    },
    {
      "requirement_id": "TK1-deep-race-object-competing-failed-key-reusable",
      "passed": true,
      "expected": 201,
      "observed": 201
    },
    {
      "requirement_id": "TK1-deep-race-all-timing",
      "passed": true,
      "expected": "ordinary<5/control<10",
      "observed": 3.1563992519999147
    },
    {
      "requirement_id": "TK1-deep-race-all-no-5xx",
      "passed": true,
      "expected": "no5xx",
      "observed": "checked"
    }
  ],
  "operations": [
    {
      "method": "POST",
      "path": "/_test/reset",
      "peer": "http://independent-verifier-dr-1004051619159918-source:8080",
      "key": null,
      "status": 204,
      "request_bytes": 607,
      "request_sha256": "74cefc9206668bfa993957c2d83f374d558873eddd8d389940dfffafe6a6de56",
      "response": null,
      "response_bytes": 0,
      "response_sha256": "e3b0c44298fc1c149afbf4c8996fb92427ae41e4649b934ca495991b7852b855",
      "duration_seconds": 0.003596709000021292
    },
    {
      "method": "POST",
      "path": "/auth/signup",
      "peer": "http://independent-verifier-dr-1004051619159918-source:8080",
      "key": null,
      "status": 201,
      "request_bytes": 87,
      "request_sha256": "d9a4d5e4deca95fe0ddb7cf20abb91ae68b60f1228547572593e5c04693dd3c0",
      "response": {
        "user_id": "u_639fe6623cdc4a398bb58d6b1f857c93",
        "display_name": "Race Diner"
      },
      "response_bytes": 130,
      "response_sha256": "0fdfe9c56c16464d7d31f4c38dc8bdfc6bb706e5972027d4732e6d7d7af9e74b",
      "duration_seconds": 0.02238558400006241
    },
    {
      "method": "POST",
      "path": "/_test/reset",
      "peer": "http://independent-verifier-dr-1004051619159918-source:8080",
      "key": null,
      "status": 204,
      "request_bytes": 607,
      "request_sha256": "74cefc9206668bfa993957c2d83f374d558873eddd8d389940dfffafe6a6de56",
      "response": null,
      "response_bytes": 0,
      "response_sha256": "e3b0c44298fc1c149afbf4c8996fb92427ae41e4649b934ca495991b7852b855",
      "duration_seconds": 0.00036441600002490304
    },
    {
      "method": "POST",
      "path": "/auth/signup",
      "peer": "http://independent-verifier-dr-1004051619159918-source:8080",
      "key": null,
      "status": 201,
      "request_bytes": 87,
      "request_sha256": "d9a4d5e4deca95fe0ddb7cf20abb91ae68b60f1228547572593e5c04693dd3c0",
      "response": {
        "user_id": "u_bbddd2fee2914e54a1639175bf16315f",
        "display_name": "Race Diner"
      },
      "response_bytes": 130,
      "response_sha256": "a3e88db5b86bc55749bcec9f5e2c6d9261d64cbb2e604345a577ad38a288ad18",
      "duration_seconds": 0.022282000000018343
    },
    {
      "method": "POST",
      "path": "/reservations",
      "peer": "http://independent-verifier-dr-1004051619159918-source:8080",
      "key": "one-key",
      "status": 201,
      "request_bytes": 40100,
      "request_sha256": "ace2eeb4fa0a8f39ee7a15d01fd07f49a847b8eece15089e342e367fb4d54c39",
      "response": {
        "reservation_id": "res_626def44e47d4e1fba580ca9e719a0dd",
        "reference": "9F10B32EF2",
        "restaurant_id": "r",
        "table_id": "t",
        "party_size": 2,
        "starts_at_local": "2035-06-04T18:00",
        "starts_at": "2035-06-04T18:00:00+00:00",
        "ends_at": "2035-06-04T19:00:00+00:00",
        "status": "confirmed",
        "created_at": "2026-10-04T05:16:32.588535+00:00"
      },
      "response_bytes": 316,
      "response_sha256": "46112260e29de6d0a4d4eeb47951e2a6fd7802e2ab8fafff08049c6108a814b6",
      "duration_seconds": 0.07245579099992483
    },
    {
      "method": "POST",
      "path": "/reservations",
      "peer": "http://independent-verifier-dr-1004051619159918-source:8080",
      "key": "one-key",
      "status": 200,
      "request_bytes": 40100,
      "request_sha256": "ace2eeb4fa0a8f39ee7a15d01fd07f49a847b8eece15089e342e367fb4d54c39",
      "response": {
        "reservation_id": "res_626def44e47d4e1fba580ca9e719a0dd",
        "reference": "9F10B32EF2",
        "restaurant_id": "r",
        "table_id": "t",
        "party_size": 2,
        "starts_at_local": "2035-06-04T18:00",
        "starts_at": "2035-06-04T18:00:00+00:00",
        "ends_at": "2035-06-04T19:00:00+00:00",
        "status": "confirmed",
        "created_at": "2026-10-04T05:16:32.588535+00:00"
      },
      "response_bytes": 316,
      "response_sha256": "46112260e29de6d0a4d4eeb47951e2a6fd7802e2ab8fafff08049c6108a814b6",
      "duration_seconds": 0.09451758400007293
    },
    {
      "method": "POST",
      "path": "/reservations",
      "peer": "http://independent-verifier-dr-1004051619159918-source:8080",
      "key": "one-key",
      "status": 200,
      "request_bytes": 40100,
      "request_sha256": "ace2eeb4fa0a8f39ee7a15d01fd07f49a847b8eece15089e342e367fb4d54c39",
      "response": {
        "reservation_id": "res_626def44e47d4e1fba580ca9e719a0dd",
        "reference": "9F10B32EF2",
        "restaurant_id": "r",
        "table_id": "t",
        "party_size": 2,
        "starts_at_local": "2035-06-04T18:00",
        "starts_at": "2035-06-04T18:00:00+00:00",
        "ends_at": "2035-06-04T19:00:00+00:00",
        "status": "confirmed",
        "created_at": "2026-10-04T05:16:32.588535+00:00"
      },
      "response_bytes": 316,
      "response_sha256": "46112260e29de6d0a4d4eeb47951e2a6fd7802e2ab8fafff08049c6108a814b6",
      "duration_seconds": 0.15665629199997966
    },
    {
      "method": "POST",
      "path": "/reservations",
      "peer": "http://independent-verifier-dr-1004051619159918-source:8080",
      "key": "one-key",
      "status": 200,
      "request_bytes": 40100,
      "request_sha256": "ace2eeb4fa0a8f39ee7a15d01fd07f49a847b8eece15089e342e367fb4d54c39",
      "response": {
        "reservation_id": "res_626def44e47d4e1fba580ca9e719a0dd",
        "reference": "9F10B32EF2",
        "restaurant_id": "r",
        "table_id": "t",
        "party_size": 2,
        "starts_at_local": "2035-06-04T18:00",
        "starts_at": "2035-06-04T18:00:00+00:00",
        "ends_at": "2035-06-04T19:00:00+00:00",
        "status": "confirmed",
        "created_at": "2026-10-04T05:16:32.588535+00:00"
      },
      "response_bytes": 316,
      "response_sha256": "46112260e29de6d0a4d4eeb47951e2a6fd7802e2ab8fafff08049c6108a814b6",
      "duration_seconds": 0.17126074999998764
    },
    {
      "method": "POST",
      "path": "/reservations",
      "peer": "http://independent-verifier-dr-1004051619159918-source:8080",
      "key": "one-key",
      "status": 200,
      "request_bytes": 40100,
      "request_sha256": "ace2eeb4fa0a8f39ee7a15d01fd07f49a847b8eece15089e342e367fb4d54c39",
      "response": {
        "reservation_id": "res_626def44e47d4e1fba580ca9e719a0dd",
        "reference": "9F10B32EF2",
        "restaurant_id": "r",
        "table_id": "t",
        "party_size": 2,
        "starts_at_local": "2035-06-04T18:00",
        "starts_at": "2035-06-04T18:00:00+00:00",
        "ends_at": "2035-06-04T19:00:00+00:00",
        "status": "confirmed",
        "created_at": "2026-10-04T05:16:32.588535+00:00"
      },
      "response_bytes": 316,
      "response_sha256": "46112260e29de6d0a4d4eeb47951e2a6fd7802e2ab8fafff08049c6108a814b6",
      "duration_seconds": 0.20105320900006518
    },
    {
      "method": "POST",
      "path": "/reservations",
      "peer": "http://independent-verifier-dr-1004051619159918-source:8080",
      "key": "one-key",
      "status": 200,
      "request_bytes": 40100,
      "request_sha256": "ace2eeb4fa0a8f39ee7a15d01fd07f49a847b8eece15089e342e367fb4d54c39",
      "response": {
        "reservation_id": "res_626def44e47d4e1fba580ca9e719a0dd",
        "reference": "9F10B32EF2",
        "restaurant_id": "r",
        "table_id": "t",
        "party_size": 2,
        "starts_at_local": "2035-06-04T18:00",
        "starts_at": "2035-06-04T18:00:00+00:00",
        "ends_at": "2035-06-04T19:00:00+00:00",
        "status": "confirmed",
        "created_at": "2026-10-04T05:16:32.588535+00:00"
      },
      "response_bytes": 316,
      "response_sha256": "46112260e29de6d0a4d4eeb47951e2a6fd7802e2ab8fafff08049c6108a814b6",
      "duration_seconds": 0.2543711660000554
    },
    {
      "method": "POST",
      "path": "/reservations",
      "peer": "http://independent-verifier-dr-1004051619159918-source:8080",
      "key": "one-key",
      "status": 200,
      "request_bytes": 40100,
      "request_sha256": "ace2eeb4fa0a8f39ee7a15d01fd07f49a847b8eece15089e342e367fb4d54c39",
      "response": {
        "reservation_id": "res_626def44e47d4e1fba580ca9e719a0dd",
        "reference": "9F10B32EF2",
        "restaurant_id": "r",
        "table_id": "t",
        "party_size": 2,
        "starts_at_local": "2035-06-04T18:00",
        "starts_at": "2035-06-04T18:00:00+00:00",
        "ends_at": "2035-06-04T19:00:00+00:00",
        "status": "confirmed",
        "created_at": "2026-10-04T05:16:32.588535+00:00"
      },
      "response_bytes": 316,
      "response_sha256": "46112260e29de6d0a4d4eeb47951e2a6fd7802e2ab8fafff08049c6108a814b6",
      "duration_seconds": 0.28099120800004584
    },
    {
      "method": "POST",
      "path": "/reservations",
      "peer": "http://independent-verifier-dr-1004051619159918-source:8080",
      "key": "one-key",
      "status": 200,
      "request_bytes": 40100,
      "request_sha256": "ace2eeb4fa0a8f39ee7a15d01fd07f49a847b8eece15089e342e367fb4d54c39",
      "response": {
        "reservation_id": "res_626def44e47d4e1fba580ca9e719a0dd",
        "reference": "9F10B32EF2",
        "restaurant_id": "r",
        "table_id": "t",
        "party_size": 2,
        "starts_at_local": "2035-06-04T18:00",
        "starts_at": "2035-06-04T18:00:00+00:00",
        "ends_at": "2035-06-04T19:00:00+00:00",
        "status": "confirmed",
        "created_at": "2026-10-04T05:16:32.588535+00:00"
      },
      "response_bytes": 316,
      "response_sha256": "46112260e29de6d0a4d4eeb47951e2a6fd7802e2ab8fafff08049c6108a814b6",
      "duration_seconds": 0.3595148340000378
    },
    {
      "method": "POST",
      "path": "/reservations",
      "peer": "http://independent-verifier-dr-1004051619159918-source:8080",
      "key": "one-key",
      "status": 200,
      "request_bytes": 40100,
      "request_sha256": "ace2eeb4fa0a8f39ee7a15d01fd07f49a847b8eece15089e342e367fb4d54c39",
      "response": {
        "reservation_id": "res_626def44e47d4e1fba580ca9e719a0dd",
        "reference": "9F10B32EF2",
        "restaurant_id": "r",
        "table_id": "t",
        "party_size": 2,
        "starts_at_local": "2035-06-04T18:00",
        "starts_at": "2035-06-04T18:00:00+00:00",
        "ends_at": "2035-06-04T19:00:00+00:00",
        "status": "confirmed",
        "created_at": "2026-10-04T05:16:32.588535+00:00"
      },
      "response_bytes": 316,
      "response_sha256": "46112260e29de6d0a4d4eeb47951e2a6fd7802e2ab8fafff08049c6108a814b6",
      "duration_seconds": 0.3764715419999902
    },
    {
      "method": "POST",
      "path": "/reservations",
      "peer": "http://independent-verifier-dr-1004051619159918-source:8080",
      "key": "one-key",
      "status": 200,
      "request_bytes": 40100,
      "request_sha256": "ace2eeb4fa0a8f39ee7a15d01fd07f49a847b8eece15089e342e367fb4d54c39",
      "response": {
        "reservation_id": "res_626def44e47d4e1fba580ca9e719a0dd",
        "reference": "9F10B32EF2",
        "restaurant_id": "r",
        "table_id": "t",
        "party_size": 2,
        "starts_at_local": "2035-06-04T18:00",
        "starts_at": "2035-06-04T18:00:00+00:00",
        "ends_at": "2035-06-04T19:00:00+00:00",
        "status": "confirmed",
        "created_at": "2026-10-04T05:16:32.588535+00:00"
      },
      "response_bytes": 316,
      "response_sha256": "46112260e29de6d0a4d4eeb47951e2a6fd7802e2ab8fafff08049c6108a814b6",
      "duration_seconds": 0.41600704100005714
    },
    {
      "method": "POST",
      "path": "/reservations",
      "peer": "http://independent-verifier-dr-1004051619159918-source:8080",
      "key": "one-key",
      "status": 200,
      "request_bytes": 40100,
      "request_sha256": "ace2eeb4fa0a8f39ee7a15d01fd07f49a847b8eece15089e342e367fb4d54c39",
      "response": {
        "reservation_id": "res_626def44e47d4e1fba580ca9e719a0dd",
        "reference": "9F10B32EF2",
        "restaurant_id": "r",
        "table_id": "t",
        "party_size": 2,
        "starts_at_local": "2035-06-04T18:00",
        "starts_at": "2035-06-04T18:00:00+00:00",
        "ends_at": "2035-06-04T19:00:00+00:00",
        "status": "confirmed",
        "created_at": "2026-10-04T05:16:32.588535+00:00"
      },
      "response_bytes": 316,
      "response_sha256": "46112260e29de6d0a4d4eeb47951e2a6fd7802e2ab8fafff08049c6108a814b6",
      "duration_seconds": 0.4811482499999329
    },
    {
      "method": "POST",
      "path": "/reservations",
      "peer": "http://independent-verifier-dr-1004051619159918-source:8080",
      "key": "one-key",
      "status": 200,
      "request_bytes": 40100,
      "request_sha256": "ace2eeb4fa0a8f39ee7a15d01fd07f49a847b8eece15089e342e367fb4d54c39",
      "response": {
        "reservation_id": "res_626def44e47d4e1fba580ca9e719a0dd",
        "reference": "9F10B32EF2",
        "restaurant_id": "r",
        "table_id": "t",
        "party_size": 2,
        "starts_at_local": "2035-06-04T18:00",
        "starts_at": "2035-06-04T18:00:00+00:00",
        "ends_at": "2035-06-04T19:00:00+00:00",
        "status": "confirmed",
        "created_at": "2026-10-04T05:16:32.588535+00:00"
      },
      "response_bytes": 316,
      "response_sha256": "46112260e29de6d0a4d4eeb47951e2a6fd7802e2ab8fafff08049c6108a814b6",
      "duration_seconds": 0.49630608300003587
    },
    {
      "method": "POST",
      "path": "/reservations",
      "peer": "http://independent-verifier-dr-1004051619159918-source:8080",
      "key": "one-key",
      "status": 200,
      "request_bytes": 40100,
      "request_sha256": "ace2eeb4fa0a8f39ee7a15d01fd07f49a847b8eece15089e342e367fb4d54c39",
      "response": {
        "reservation_id": "res_626def44e47d4e1fba580ca9e719a0dd",
        "reference": "9F10B32EF2",
        "restaurant_id": "r",
        "table_id": "t",
        "party_size": 2,
        "starts_at_local": "2035-06-04T18:00",
        "starts_at": "2035-06-04T18:00:00+00:00",
        "ends_at": "2035-06-04T19:00:00+00:00",
        "status": "confirmed",
        "created_at": "2026-10-04T05:16:32.588535+00:00"
      },
      "response_bytes": 316,
      "response_sha256": "46112260e29de6d0a4d4eeb47951e2a6fd7802e2ab8fafff08049c6108a814b6",
      "duration_seconds": 0.5500095410000085
    },
    {
      "method": "POST",
      "path": "/reservations",
      "peer": "http://independent-verifier-dr-1004051619159918-source:8080",
      "key": "one-key",
      "status": 200,
      "request_bytes": 40100,
      "request_sha256": "ace2eeb4fa0a8f39ee7a15d01fd07f49a847b8eece15089e342e367fb4d54c39",
      "response": {
        "reservation_id": "res_626def44e47d4e1fba580ca9e719a0dd",
        "reference": "9F10B32EF2",
        "restaurant_id": "r",
        "table_id": "t",
        "party_size": 2,
        "starts_at_local": "2035-06-04T18:00",
        "starts_at": "2035-06-04T18:00:00+00:00",
        "ends_at": "2035-06-04T19:00:00+00:00",
        "status": "confirmed",
        "created_at": "2026-10-04T05:16:32.588535+00:00"
      },
      "response_bytes": 316,
      "response_sha256": "46112260e29de6d0a4d4eeb47951e2a6fd7802e2ab8fafff08049c6108a814b6",
      "duration_seconds": 0.578183666999962
    },
    {
      "method": "POST",
      "path": "/reservations",
      "peer": "http://independent-verifier-dr-1004051619159918-source:8080",
      "key": "one-key",
      "status": 200,
      "request_bytes": 40100,
      "request_sha256": "ace2eeb4fa0a8f39ee7a15d01fd07f49a847b8eece15089e342e367fb4d54c39",
      "response": {
        "reservation_id": "res_626def44e47d4e1fba580ca9e719a0dd",
        "reference": "9F10B32EF2",
        "restaurant_id": "r",
        "table_id": "t",
        "party_size": 2,
        "starts_at_local": "2035-06-04T18:00",
        "starts_at": "2035-06-04T18:00:00+00:00",
        "ends_at": "2035-06-04T19:00:00+00:00",
        "status": "confirmed",
        "created_at": "2026-10-04T05:16:32.588535+00:00"
      },
      "response_bytes": 316,
      "response_sha256": "46112260e29de6d0a4d4eeb47951e2a6fd7802e2ab8fafff08049c6108a814b6",
      "duration_seconds": 0.6403149999999869
    },
    {
      "method": "POST",
      "path": "/reservations",
      "peer": "http://independent-verifier-dr-1004051619159918-source:8080",
      "key": "one-key",
      "status": 200,
      "request_bytes": 40100,
      "request_sha256": "ace2eeb4fa0a8f39ee7a15d01fd07f49a847b8eece15089e342e367fb4d54c39",
      "response": {
        "reservation_id": "res_626def44e47d4e1fba580ca9e719a0dd",
        "reference": "9F10B32EF2",
        "restaurant_id": "r",
        "table_id": "t",
        "party_size": 2,
        "starts_at_local": "2035-06-04T18:00",
        "starts_at": "2035-06-04T18:00:00+00:00",
        "ends_at": "2035-06-04T19:00:00+00:00",
        "status": "confirmed",
        "created_at": "2026-10-04T05:16:32.588535+00:00"
      },
      "response_bytes": 316,
      "response_sha256": "46112260e29de6d0a4d4eeb47951e2a6fd7802e2ab8fafff08049c6108a814b6",
      "duration_seconds": 0.7073294169999826
    },
    {
      "method": "POST",
      "path": "/reservations",
      "peer": "http://independent-verifier-dr-1004051619159918-source:8080",
      "key": "one-key",
      "status": 200,
      "request_bytes": 40100,
      "request_sha256": "ace2eeb4fa0a8f39ee7a15d01fd07f49a847b8eece15089e342e367fb4d54c39",
      "response": {
        "reservation_id": "res_626def44e47d4e1fba580ca9e719a0dd",
        "reference": "9F10B32EF2",
        "restaurant_id": "r",
        "table_id": "t",
        "party_size": 2,
        "starts_at_local": "2035-06-04T18:00",
        "starts_at": "2035-06-04T18:00:00+00:00",
        "ends_at": "2035-06-04T19:00:00+00:00",
        "status": "confirmed",
        "created_at": "2026-10-04T05:16:32.588535+00:00"
      },
      "response_bytes": 316,
      "response_sha256": "46112260e29de6d0a4d4eeb47951e2a6fd7802e2ab8fafff08049c6108a814b6",
      "duration_seconds": 0.714526833999912
    },
    {
      "method": "POST",
      "path": "/reservations",
      "peer": "http://independent-verifier-dr-1004051619159918-source:8080",
      "key": "one-key",
      "status": 200,
      "request_bytes": 40100,
      "request_sha256": "ace2eeb4fa0a8f39ee7a15d01fd07f49a847b8eece15089e342e367fb4d54c39",
      "response": {
        "reservation_id": "res_626def44e47d4e1fba580ca9e719a0dd",
        "reference": "9F10B32EF2",
        "restaurant_id": "r",
        "table_id": "t",
        "party_size": 2,
        "starts_at_local": "2035-06-04T18:00",
        "starts_at": "2035-06-04T18:00:00+00:00",
        "ends_at": "2035-06-04T19:00:00+00:00",
        "status": "confirmed",
        "created_at": "2026-10-04T05:16:32.588535+00:00"
      },
      "response_bytes": 316,
      "response_sha256": "46112260e29de6d0a4d4eeb47951e2a6fd7802e2ab8fafff08049c6108a814b6",
      "duration_seconds": 0.8355281670000068
    },
    {
      "method": "POST",
      "path": "/reservations",
      "peer": "http://independent-verifier-dr-1004051619159918-source:8080",
      "key": "one-key",
      "status": 200,
      "request_bytes": 40100,
      "request_sha256": "ace2eeb4fa0a8f39ee7a15d01fd07f49a847b8eece15089e342e367fb4d54c39",
      "response": {
        "reservation_id": "res_626def44e47d4e1fba580ca9e719a0dd",
        "reference": "9F10B32EF2",
        "restaurant_id": "r",
        "table_id": "t",
        "party_size": 2,
        "starts_at_local": "2035-06-04T18:00",
        "starts_at": "2035-06-04T18:00:00+00:00",
        "ends_at": "2035-06-04T19:00:00+00:00",
        "status": "confirmed",
        "created_at": "2026-10-04T05:16:32.588535+00:00"
      },
      "response_bytes": 316,
      "response_sha256": "46112260e29de6d0a4d4eeb47951e2a6fd7802e2ab8fafff08049c6108a814b6",
      "duration_seconds": 0.885084667000001
    },
    {
      "method": "POST",
      "path": "/reservations",
      "peer": "http://independent-verifier-dr-1004051619159918-source:8080",
      "key": "one-key",
      "status": 200,
      "request_bytes": 40100,
      "request_sha256": "ace2eeb4fa0a8f39ee7a15d01fd07f49a847b8eece15089e342e367fb4d54c39",
      "response": {
        "reservation_id": "res_626def44e47d4e1fba580ca9e719a0dd",
        "reference": "9F10B32EF2",
        "restaurant_id": "r",
        "table_id": "t",
        "party_size": 2,
        "starts_at_local": "2035-06-04T18:00",
        "starts_at": "2035-06-04T18:00:00+00:00",
        "ends_at": "2035-06-04T19:00:00+00:00",
        "status": "confirmed",
        "created_at": "2026-10-04T05:16:32.588535+00:00"
      },
      "response_bytes": 316,
      "response_sha256": "46112260e29de6d0a4d4eeb47951e2a6fd7802e2ab8fafff08049c6108a814b6",
      "duration_seconds": 0.8983256669999946
    },
    {
      "method": "POST",
      "path": "/reservations",
      "peer": "http://independent-verifier-dr-1004051619159918-source:8080",
      "key": "one-key",
      "status": 200,
      "request_bytes": 40100,
      "request_sha256": "ace2eeb4fa0a8f39ee7a15d01fd07f49a847b8eece15089e342e367fb4d54c39",
      "response": {
        "reservation_id": "res_626def44e47d4e1fba580ca9e719a0dd",
        "reference": "9F10B32EF2",
        "restaurant_id": "r",
        "table_id": "t",
        "party_size": 2,
        "starts_at_local": "2035-06-04T18:00",
        "starts_at": "2035-06-04T18:00:00+00:00",
        "ends_at": "2035-06-04T19:00:00+00:00",
        "status": "confirmed",
        "created_at": "2026-10-04T05:16:32.588535+00:00"
      },
      "response_bytes": 316,
      "response_sha256": "46112260e29de6d0a4d4eeb47951e2a6fd7802e2ab8fafff08049c6108a814b6",
      "duration_seconds": 0.9835667079998984
    },
    {
      "method": "POST",
      "path": "/reservations",
      "peer": "http://independent-verifier-dr-1004051619159918-source:8080",
      "key": "one-key",
      "status": 200,
      "request_bytes": 40100,
      "request_sha256": "ace2eeb4fa0a8f39ee7a15d01fd07f49a847b8eece15089e342e367fb4d54c39",
      "response": {
        "reservation_id": "res_626def44e47d4e1fba580ca9e719a0dd",
        "reference": "9F10B32EF2",
        "restaurant_id": "r",
        "table_id": "t",
        "party_size": 2,
        "starts_at_local": "2035-06-04T18:00",
        "starts_at": "2035-06-04T18:00:00+00:00",
        "ends_at": "2035-06-04T19:00:00+00:00",
        "status": "confirmed",
        "created_at": "2026-10-04T05:16:32.588535+00:00"
      },
      "response_bytes": 316,
      "response_sha256": "46112260e29de6d0a4d4eeb47951e2a6fd7802e2ab8fafff08049c6108a814b6",
      "duration_seconds": 1.0649625000000924
    },
    {
      "method": "POST",
      "path": "/reservations",
      "peer": "http://independent-verifier-dr-1004051619159918-source:8080",
      "key": "one-key",
      "status": 200,
      "request_bytes": 40100,
      "request_sha256": "ace2eeb4fa0a8f39ee7a15d01fd07f49a847b8eece15089e342e367fb4d54c39",
      "response": {
        "reservation_id": "res_626def44e47d4e1fba580ca9e719a0dd",
        "reference": "9F10B32EF2",
        "restaurant_id": "r",
        "table_id": "t",
        "party_size": 2,
        "starts_at_local": "2035-06-04T18:00",
        "starts_at": "2035-06-04T18:00:00+00:00",
        "ends_at": "2035-06-04T19:00:00+00:00",
        "status": "confirmed",
        "created_at": "2026-10-04T05:16:32.588535+00:00"
      },
      "response_bytes": 316,
      "response_sha256": "46112260e29de6d0a4d4eeb47951e2a6fd7802e2ab8fafff08049c6108a814b6",
      "duration_seconds": 1.1352740009999707
    },
    {
      "method": "POST",
      "path": "/reservations",
      "peer": "http://independent-verifier-dr-1004051619159918-source:8080",
      "key": "one-key",
      "status": 200,
      "request_bytes": 40100,
      "request_sha256": "ace2eeb4fa0a8f39ee7a15d01fd07f49a847b8eece15089e342e367fb4d54c39",
      "response": {
        "reservation_id": "res_626def44e47d4e1fba580ca9e719a0dd",
        "reference": "9F10B32EF2",
        "restaurant_id": "r",
        "table_id": "t",
        "party_size": 2,
        "starts_at_local": "2035-06-04T18:00",
        "starts_at": "2035-06-04T18:00:00+00:00",
        "ends_at": "2035-06-04T19:00:00+00:00",
        "status": "confirmed",
        "created_at": "2026-10-04T05:16:32.588535+00:00"
      },
      "response_bytes": 316,
      "response_sha256": "46112260e29de6d0a4d4eeb47951e2a6fd7802e2ab8fafff08049c6108a814b6",
      "duration_seconds": 1.1518722089999756
    },
    {
      "method": "POST",
      "path": "/reservations",
      "peer": "http://independent-verifier-dr-1004051619159918-source:8080",
      "key": "one-key",
      "status": 200,
      "request_bytes": 40100,
      "request_sha256": "ace2eeb4fa0a8f39ee7a15d01fd07f49a847b8eece15089e342e367fb4d54c39",
      "response": {
        "reservation_id": "res_626def44e47d4e1fba580ca9e719a0dd",
        "reference": "9F10B32EF2",
        "restaurant_id": "r",
        "table_id": "t",
        "party_size": 2,
        "starts_at_local": "2035-06-04T18:00",
        "starts_at": "2035-06-04T18:00:00+00:00",
        "ends_at": "2035-06-04T19:00:00+00:00",
        "status": "confirmed",
        "created_at": "2026-10-04T05:16:32.588535+00:00"
      },
      "response_bytes": 316,
      "response_sha256": "46112260e29de6d0a4d4eeb47951e2a6fd7802e2ab8fafff08049c6108a814b6",
      "duration_seconds": 1.2075489590000643
    },
    {
      "method": "POST",
      "path": "/reservations",
      "peer": "http://independent-verifier-dr-1004051619159918-source:8080",
      "key": "one-key",
      "status": 200,
      "request_bytes": 40100,
      "request_sha256": "ace2eeb4fa0a8f39ee7a15d01fd07f49a847b8eece15089e342e367fb4d54c39",
      "response": {
        "reservation_id": "res_626def44e47d4e1fba580ca9e719a0dd",
        "reference": "9F10B32EF2",
        "restaurant_id": "r",
        "table_id": "t",
        "party_size": 2,
        "starts_at_local": "2035-06-04T18:00",
        "starts_at": "2035-06-04T18:00:00+00:00",
        "ends_at": "2035-06-04T19:00:00+00:00",
        "status": "confirmed",
        "created_at": "2026-10-04T05:16:32.588535+00:00"
      },
      "response_bytes": 316,
      "response_sha256": "46112260e29de6d0a4d4eeb47951e2a6fd7802e2ab8fafff08049c6108a814b6",
      "duration_seconds": 1.2971804590000602
    },
    {
      "method": "POST",
      "path": "/reservations",
      "peer": "http://independent-verifier-dr-1004051619159918-source:8080",
      "key": "one-key",
      "status": 200,
      "request_bytes": 40100,
      "request_sha256": "ace2eeb4fa0a8f39ee7a15d01fd07f49a847b8eece15089e342e367fb4d54c39",
      "response": {
        "reservation_id": "res_626def44e47d4e1fba580ca9e719a0dd",
        "reference": "9F10B32EF2",
        "restaurant_id": "r",
        "table_id": "t",
        "party_size": 2,
        "starts_at_local": "2035-06-04T18:00",
        "starts_at": "2035-06-04T18:00:00+00:00",
        "ends_at": "2035-06-04T19:00:00+00:00",
        "status": "confirmed",
        "created_at": "2026-10-04T05:16:32.588535+00:00"
      },
      "response_bytes": 316,
      "response_sha256": "46112260e29de6d0a4d4eeb47951e2a6fd7802e2ab8fafff08049c6108a814b6",
      "duration_seconds": 1.4095027930000015
    },
    {
      "method": "POST",
      "path": "/reservations",
      "peer": "http://independent-verifier-dr-1004051619159918-source:8080",
      "key": "one-key",
      "status": 200,
      "request_bytes": 40100,
      "request_sha256": "ace2eeb4fa0a8f39ee7a15d01fd07f49a847b8eece15089e342e367fb4d54c39",
      "response": {
        "reservation_id": "res_626def44e47d4e1fba580ca9e719a0dd",
        "reference": "9F10B32EF2",
        "restaurant_id": "r",
        "table_id": "t",
        "party_size": 2,
        "starts_at_local": "2035-06-04T18:00",
        "starts_at": "2035-06-04T18:00:00+00:00",
        "ends_at": "2035-06-04T19:00:00+00:00",
        "status": "confirmed",
        "created_at": "2026-10-04T05:16:32.588535+00:00"
      },
      "response_bytes": 316,
      "response_sha256": "46112260e29de6d0a4d4eeb47951e2a6fd7802e2ab8fafff08049c6108a814b6",
      "duration_seconds": 1.435960876000081
    },
    {
      "method": "POST",
      "path": "/reservations",
      "peer": "http://independent-verifier-dr-1004051619159918-source:8080",
      "key": "one-key",
      "status": 200,
      "request_bytes": 40100,
      "request_sha256": "ace2eeb4fa0a8f39ee7a15d01fd07f49a847b8eece15089e342e367fb4d54c39",
      "response": {
        "reservation_id": "res_626def44e47d4e1fba580ca9e719a0dd",
        "reference": "9F10B32EF2",
        "restaurant_id": "r",
        "table_id": "t",
        "party_size": 2,
        "starts_at_local": "2035-06-04T18:00",
        "starts_at": "2035-06-04T18:00:00+00:00",
        "ends_at": "2035-06-04T19:00:00+00:00",
        "status": "confirmed",
        "created_at": "2026-10-04T05:16:32.588535+00:00"
      },
      "response_bytes": 316,
      "response_sha256": "46112260e29de6d0a4d4eeb47951e2a6fd7802e2ab8fafff08049c6108a814b6",
      "duration_seconds": 1.5481419169999526
    },
    {
      "method": "POST",
      "path": "/reservations",
      "peer": "http://independent-verifier-dr-1004051619159918-source:8080",
      "key": "one-key",
      "status": 200,
      "request_bytes": 40100,
      "request_sha256": "ace2eeb4fa0a8f39ee7a15d01fd07f49a847b8eece15089e342e367fb4d54c39",
      "response": {
        "reservation_id": "res_626def44e47d4e1fba580ca9e719a0dd",
        "reference": "9F10B32EF2",
        "restaurant_id": "r",
        "table_id": "t",
        "party_size": 2,
        "starts_at_local": "2035-06-04T18:00",
        "starts_at": "2035-06-04T18:00:00+00:00",
        "ends_at": "2035-06-04T19:00:00+00:00",
        "status": "confirmed",
        "created_at": "2026-10-04T05:16:32.588535+00:00"
      },
      "response_bytes": 316,
      "response_sha256": "46112260e29de6d0a4d4eeb47951e2a6fd7802e2ab8fafff08049c6108a814b6",
      "duration_seconds": 1.5747732920000317
    },
    {
      "method": "POST",
      "path": "/reservations",
      "peer": "http://independent-verifier-dr-1004051619159918-source:8080",
      "key": "one-key",
      "status": 200,
      "request_bytes": 40100,
      "request_sha256": "ace2eeb4fa0a8f39ee7a15d01fd07f49a847b8eece15089e342e367fb4d54c39",
      "response": {
        "reservation_id": "res_626def44e47d4e1fba580ca9e719a0dd",
        "reference": "9F10B32EF2",
        "restaurant_id": "r",
        "table_id": "t",
        "party_size": 2,
        "starts_at_local": "2035-06-04T18:00",
        "starts_at": "2035-06-04T18:00:00+00:00",
        "ends_at": "2035-06-04T19:00:00+00:00",
        "status": "confirmed",
        "created_at": "2026-10-04T05:16:32.588535+00:00"
      },
      "response_bytes": 316,
      "response_sha256": "46112260e29de6d0a4d4eeb47951e2a6fd7802e2ab8fafff08049c6108a814b6",
      "duration_seconds": 1.6465281680000317
    },
    {
      "method": "POST",
      "path": "/reservations",
      "peer": "http://independent-verifier-dr-1004051619159918-source:8080",
      "key": "one-key",
      "status": 200,
      "request_bytes": 40100,
      "request_sha256": "ace2eeb4fa0a8f39ee7a15d01fd07f49a847b8eece15089e342e367fb4d54c39",
      "response": {
        "reservation_id": "res_626def44e47d4e1fba580ca9e719a0dd",
        "reference": "9F10B32EF2",
        "restaurant_id": "r",
        "table_id": "t",
        "party_size": 2,
        "starts_at_local": "2035-06-04T18:00",
        "starts_at": "2035-06-04T18:00:00+00:00",
        "ends_at": "2035-06-04T19:00:00+00:00",
        "status": "confirmed",
        "created_at": "2026-10-04T05:16:32.588535+00:00"
      },
      "response_bytes": 316,
      "response_sha256": "46112260e29de6d0a4d4eeb47951e2a6fd7802e2ab8fafff08049c6108a814b6",
      "duration_seconds": 1.7246630839999852
    },
    {
      "method": "POST",
      "path": "/reservations",
      "peer": "http://independent-verifier-dr-1004051619159918-source:8080",
      "key": "one-key",
      "status": 200,
      "request_bytes": 40100,
      "request_sha256": "ace2eeb4fa0a8f39ee7a15d01fd07f49a847b8eece15089e342e367fb4d54c39",
      "response": {
        "reservation_id": "res_626def44e47d4e1fba580ca9e719a0dd",
        "reference": "9F10B32EF2",
        "restaurant_id": "r",
        "table_id": "t",
        "party_size": 2,
        "starts_at_local": "2035-06-04T18:00",
        "starts_at": "2035-06-04T18:00:00+00:00",
        "ends_at": "2035-06-04T19:00:00+00:00",
        "status": "confirmed",
        "created_at": "2026-10-04T05:16:32.588535+00:00"
      },
      "response_bytes": 316,
      "response_sha256": "46112260e29de6d0a4d4eeb47951e2a6fd7802e2ab8fafff08049c6108a814b6",
      "duration_seconds": 1.753379625999969
    },
    {
      "method": "POST",
      "path": "/reservations",
      "peer": "http://independent-verifier-dr-1004051619159918-source:8080",
      "key": "one-key",
      "status": 200,
      "request_bytes": 40100,
      "request_sha256": "ace2eeb4fa0a8f39ee7a15d01fd07f49a847b8eece15089e342e367fb4d54c39",
      "response": {
        "reservation_id": "res_626def44e47d4e1fba580ca9e719a0dd",
        "reference": "9F10B32EF2",
        "restaurant_id": "r",
        "table_id": "t",
        "party_size": 2,
        "starts_at_local": "2035-06-04T18:00",
        "starts_at": "2035-06-04T18:00:00+00:00",
        "ends_at": "2035-06-04T19:00:00+00:00",
        "status": "confirmed",
        "created_at": "2026-10-04T05:16:32.588535+00:00"
      },
      "response_bytes": 316,
      "response_sha256": "46112260e29de6d0a4d4eeb47951e2a6fd7802e2ab8fafff08049c6108a814b6",
      "duration_seconds": 1.7718921260000116
    },
    {
      "method": "POST",
      "path": "/reservations",
      "peer": "http://independent-verifier-dr-1004051619159918-source:8080",
      "key": "one-key",
      "status": 200,
      "request_bytes": 40100,
      "request_sha256": "ace2eeb4fa0a8f39ee7a15d01fd07f49a847b8eece15089e342e367fb4d54c39",
      "response": {
        "reservation_id": "res_626def44e47d4e1fba580ca9e719a0dd",
        "reference": "9F10B32EF2",
        "restaurant_id": "r",
        "table_id": "t",
        "party_size": 2,
        "starts_at_local": "2035-06-04T18:00",
        "starts_at": "2035-06-04T18:00:00+00:00",
        "ends_at": "2035-06-04T19:00:00+00:00",
        "status": "confirmed",
        "created_at": "2026-10-04T05:16:32.588535+00:00"
      },
      "response_bytes": 316,
      "response_sha256": "46112260e29de6d0a4d4eeb47951e2a6fd7802e2ab8fafff08049c6108a814b6",
      "duration_seconds": 1.8239707510000471
    },
    {
      "method": "POST",
      "path": "/reservations",
      "peer": "http://independent-verifier-dr-1004051619159918-source:8080",
      "key": "one-key",
      "status": 200,
      "request_bytes": 40100,
      "request_sha256": "ace2eeb4fa0a8f39ee7a15d01fd07f49a847b8eece15089e342e367fb4d54c39",
      "response": {
        "reservation_id": "res_626def44e47d4e1fba580ca9e719a0dd",
        "reference": "9F10B32EF2",
        "restaurant_id": "r",
        "table_id": "t",
        "party_size": 2,
        "starts_at_local": "2035-06-04T18:00",
        "starts_at": "2035-06-04T18:00:00+00:00",
        "ends_at": "2035-06-04T19:00:00+00:00",
        "status": "confirmed",
        "created_at": "2026-10-04T05:16:32.588535+00:00"
      },
      "response_bytes": 316,
      "response_sha256": "46112260e29de6d0a4d4eeb47951e2a6fd7802e2ab8fafff08049c6108a814b6",
      "duration_seconds": 1.840406583999993
    },
    {
      "method": "POST",
      "path": "/reservations",
      "peer": "http://independent-verifier-dr-1004051619159918-source:8080",
      "key": "one-key",
      "status": 200,
      "request_bytes": 40100,
      "request_sha256": "ace2eeb4fa0a8f39ee7a15d01fd07f49a847b8eece15089e342e367fb4d54c39",
      "response": {
        "reservation_id": "res_626def44e47d4e1fba580ca9e719a0dd",
        "reference": "9F10B32EF2",
        "restaurant_id": "r",
        "table_id": "t",
        "party_size": 2,
        "starts_at_local": "2035-06-04T18:00",
        "starts_at": "2035-06-04T18:00:00+00:00",
        "ends_at": "2035-06-04T19:00:00+00:00",
        "status": "confirmed",
        "created_at": "2026-10-04T05:16:32.588535+00:00"
      },
      "response_bytes": 316,
      "response_sha256": "46112260e29de6d0a4d4eeb47951e2a6fd7802e2ab8fafff08049c6108a814b6",
      "duration_seconds": 1.8971893340000179
    },
    {
      "method": "POST",
      "path": "/reservations",
      "peer": "http://independent-verifier-dr-1004051619159918-source:8080",
      "key": "one-key",
      "status": 200,
      "request_bytes": 40100,
      "request_sha256": "ace2eeb4fa0a8f39ee7a15d01fd07f49a847b8eece15089e342e367fb4d54c39",
      "response": {
        "reservation_id": "res_626def44e47d4e1fba580ca9e719a0dd",
        "reference": "9F10B32EF2",
        "restaurant_id": "r",
        "table_id": "t",
        "party_size": 2,
        "starts_at_local": "2035-06-04T18:00",
        "starts_at": "2035-06-04T18:00:00+00:00",
        "ends_at": "2035-06-04T19:00:00+00:00",
        "status": "confirmed",
        "created_at": "2026-10-04T05:16:32.588535+00:00"
      },
      "response_bytes": 316,
      "response_sha256": "46112260e29de6d0a4d4eeb47951e2a6fd7802e2ab8fafff08049c6108a814b6",
      "duration_seconds": 1.9303811669999504
    },
    {
      "method": "POST",
      "path": "/reservations",
      "peer": "http://independent-verifier-dr-1004051619159918-source:8080",
      "key": "one-key",
      "status": 200,
      "request_bytes": 40100,
      "request_sha256": "ace2eeb4fa0a8f39ee7a15d01fd07f49a847b8eece15089e342e367fb4d54c39",
      "response": {
        "reservation_id": "res_626def44e47d4e1fba580ca9e719a0dd",
        "reference": "9F10B32EF2",
        "restaurant_id": "r",
        "table_id": "t",
        "party_size": 2,
        "starts_at_local": "2035-06-04T18:00",
        "starts_at": "2035-06-04T18:00:00+00:00",
        "ends_at": "2035-06-04T19:00:00+00:00",
        "status": "confirmed",
        "created_at": "2026-10-04T05:16:32.588535+00:00"
      },
      "response_bytes": 316,
      "response_sha256": "46112260e29de6d0a4d4eeb47951e2a6fd7802e2ab8fafff08049c6108a814b6",
      "duration_seconds": 1.971173001000011
    },
    {
      "method": "POST",
      "path": "/reservations",
      "peer": "http://independent-verifier-dr-1004051619159918-source:8080",
      "key": "one-key",
      "status": 200,
      "request_bytes": 40100,
      "request_sha256": "ace2eeb4fa0a8f39ee7a15d01fd07f49a847b8eece15089e342e367fb4d54c39",
      "response": {
        "reservation_id": "res_626def44e47d4e1fba580ca9e719a0dd",
        "reference": "9F10B32EF2",
        "restaurant_id": "r",
        "table_id": "t",
        "party_size": 2,
        "starts_at_local": "2035-06-04T18:00",
        "starts_at": "2035-06-04T18:00:00+00:00",
        "ends_at": "2035-06-04T19:00:00+00:00",
        "status": "confirmed",
        "created_at": "2026-10-04T05:16:32.588535+00:00"
      },
      "response_bytes": 316,
      "response_sha256": "46112260e29de6d0a4d4eeb47951e2a6fd7802e2ab8fafff08049c6108a814b6",
      "duration_seconds": 2.0028439590000744
    },
    {
      "method": "POST",
      "path": "/reservations",
      "peer": "http://independent-verifier-dr-1004051619159918-source:8080",
      "key": "one-key",
      "status": 200,
      "request_bytes": 40100,
      "request_sha256": "ace2eeb4fa0a8f39ee7a15d01fd07f49a847b8eece15089e342e367fb4d54c39",
      "response": {
        "reservation_id": "res_626def44e47d4e1fba580ca9e719a0dd",
        "reference": "9F10B32EF2",
        "restaurant_id": "r",
        "table_id": "t",
        "party_size": 2,
        "starts_at_local": "2035-06-04T18:00",
        "starts_at": "2035-06-04T18:00:00+00:00",
        "ends_at": "2035-06-04T19:00:00+00:00",
        "status": "confirmed",
        "created_at": "2026-10-04T05:16:32.588535+00:00"
      },
      "response_bytes": 316,
      "response_sha256": "46112260e29de6d0a4d4eeb47951e2a6fd7802e2ab8fafff08049c6108a814b6",
      "duration_seconds": 2.0493744169999673
    },
    {
      "method": "POST",
      "path": "/reservations",
      "peer": "http://independent-verifier-dr-1004051619159918-source:8080",
      "key": "one-key",
      "status": 200,
      "request_bytes": 40100,
      "request_sha256": "ace2eeb4fa0a8f39ee7a15d01fd07f49a847b8eece15089e342e367fb4d54c39",
      "response": {
        "reservation_id": "res_626def44e47d4e1fba580ca9e719a0dd",
        "reference": "9F10B32EF2",
        "restaurant_id": "r",
        "table_id": "t",
        "party_size": 2,
        "starts_at_local": "2035-06-04T18:00",
        "starts_at": "2035-06-04T18:00:00+00:00",
        "ends_at": "2035-06-04T19:00:00+00:00",
        "status": "confirmed",
        "created_at": "2026-10-04T05:16:32.588535+00:00"
      },
      "response_bytes": 316,
      "response_sha256": "46112260e29de6d0a4d4eeb47951e2a6fd7802e2ab8fafff08049c6108a814b6",
      "duration_seconds": 2.093374251
    },
    {
      "method": "POST",
      "path": "/reservations",
      "peer": "http://independent-verifier-dr-1004051619159918-source:8080",
      "key": "one-key",
      "status": 200,
      "request_bytes": 40100,
      "request_sha256": "ace2eeb4fa0a8f39ee7a15d01fd07f49a847b8eece15089e342e367fb4d54c39",
      "response": {
        "reservation_id": "res_626def44e47d4e1fba580ca9e719a0dd",
        "reference": "9F10B32EF2",
        "restaurant_id": "r",
        "table_id": "t",
        "party_size": 2,
        "starts_at_local": "2035-06-04T18:00",
        "starts_at": "2035-06-04T18:00:00+00:00",
        "ends_at": "2035-06-04T19:00:00+00:00",
        "status": "confirmed",
        "created_at": "2026-10-04T05:16:32.588535+00:00"
      },
      "response_bytes": 316,
      "response_sha256": "46112260e29de6d0a4d4eeb47951e2a6fd7802e2ab8fafff08049c6108a814b6",
      "duration_seconds": 2.112900876000026
    },
    {
      "method": "POST",
      "path": "/reservations",
      "peer": "http://independent-verifier-dr-1004051619159918-source:8080",
      "key": "one-key",
      "status": 200,
      "request_bytes": 40100,
      "request_sha256": "ace2eeb4fa0a8f39ee7a15d01fd07f49a847b8eece15089e342e367fb4d54c39",
      "response": {
        "reservation_id": "res_626def44e47d4e1fba580ca9e719a0dd",
        "reference": "9F10B32EF2",
        "restaurant_id": "r",
        "table_id": "t",
        "party_size": 2,
        "starts_at_local": "2035-06-04T18:00",
        "starts_at": "2035-06-04T18:00:00+00:00",
        "ends_at": "2035-06-04T19:00:00+00:00",
        "status": "confirmed",
        "created_at": "2026-10-04T05:16:32.588535+00:00"
      },
      "response_bytes": 316,
      "response_sha256": "46112260e29de6d0a4d4eeb47951e2a6fd7802e2ab8fafff08049c6108a814b6",
      "duration_seconds": 2.159682459999999
    },
    {
      "method": "POST",
      "path": "/reservations",
      "peer": "http://independent-verifier-dr-1004051619159918-source:8080",
      "key": "one-key",
      "status": 200,
      "request_bytes": 40100,
      "request_sha256": "ace2eeb4fa0a8f39ee7a15d01fd07f49a847b8eece15089e342e367fb4d54c39",
      "response": {
        "reservation_id": "res_626def44e47d4e1fba580ca9e719a0dd",
        "reference": "9F10B32EF2",
        "restaurant_id": "r",
        "table_id": "t",
        "party_size": 2,
        "starts_at_local": "2035-06-04T18:00",
        "starts_at": "2035-06-04T18:00:00+00:00",
        "ends_at": "2035-06-04T19:00:00+00:00",
        "status": "confirmed",
        "created_at": "2026-10-04T05:16:32.588535+00:00"
      },
      "response_bytes": 316,
      "response_sha256": "46112260e29de6d0a4d4eeb47951e2a6fd7802e2ab8fafff08049c6108a814b6",
      "duration_seconds": 2.1780920429999924
    },
    {
      "method": "POST",
      "path": "/reservations",
      "peer": "http://independent-verifier-dr-1004051619159918-source:8080",
      "key": "one-key",
      "status": 200,
      "request_bytes": 40100,
      "request_sha256": "ace2eeb4fa0a8f39ee7a15d01fd07f49a847b8eece15089e342e367fb4d54c39",
      "response": {
        "reservation_id": "res_626def44e47d4e1fba580ca9e719a0dd",
        "reference": "9F10B32EF2",
        "restaurant_id": "r",
        "table_id": "t",
        "party_size": 2,
        "starts_at_local": "2035-06-04T18:00",
        "starts_at": "2035-06-04T18:00:00+00:00",
        "ends_at": "2035-06-04T19:00:00+00:00",
        "status": "confirmed",
        "created_at": "2026-10-04T05:16:32.588535+00:00"
      },
      "response_bytes": 316,
      "response_sha256": "46112260e29de6d0a4d4eeb47951e2a6fd7802e2ab8fafff08049c6108a814b6",
      "duration_seconds": 2.1963539170000104
    },
    {
      "method": "POST",
      "path": "/reservations",
      "peer": "http://independent-verifier-dr-1004051619159918-source:8080",
      "key": "one-key",
      "status": 200,
      "request_bytes": 40100,
      "request_sha256": "ace2eeb4fa0a8f39ee7a15d01fd07f49a847b8eece15089e342e367fb4d54c39",
      "response": {
        "reservation_id": "res_626def44e47d4e1fba580ca9e719a0dd",
        "reference": "9F10B32EF2",
        "restaurant_id": "r",
        "table_id": "t",
        "party_size": 2,
        "starts_at_local": "2035-06-04T18:00",
        "starts_at": "2035-06-04T18:00:00+00:00",
        "ends_at": "2035-06-04T19:00:00+00:00",
        "status": "confirmed",
        "created_at": "2026-10-04T05:16:32.588535+00:00"
      },
      "response_bytes": 316,
      "response_sha256": "46112260e29de6d0a4d4eeb47951e2a6fd7802e2ab8fafff08049c6108a814b6",
      "duration_seconds": 2.2387764589999506
    },
    {
      "method": "POST",
      "path": "/reservations",
      "peer": "http://independent-verifier-dr-1004051619159918-source:8080",
      "key": "one-key",
      "status": 200,
      "request_bytes": 40100,
      "request_sha256": "ace2eeb4fa0a8f39ee7a15d01fd07f49a847b8eece15089e342e367fb4d54c39",
      "response": {
        "reservation_id": "res_626def44e47d4e1fba580ca9e719a0dd",
        "reference": "9F10B32EF2",
        "restaurant_id": "r",
        "table_id": "t",
        "party_size": 2,
        "starts_at_local": "2035-06-04T18:00",
        "starts_at": "2035-06-04T18:00:00+00:00",
        "ends_at": "2035-06-04T19:00:00+00:00",
        "status": "confirmed",
        "created_at": "2026-10-04T05:16:32.588535+00:00"
      },
      "response_bytes": 316,
      "response_sha256": "46112260e29de6d0a4d4eeb47951e2a6fd7802e2ab8fafff08049c6108a814b6",
      "duration_seconds": 2.278232500999934
    },
    {
      "method": "POST",
      "path": "/reservations",
      "peer": "http://independent-verifier-dr-1004051619159918-source:8080",
      "key": "one-key",
      "status": 200,
      "request_bytes": 40100,
      "request_sha256": "ace2eeb4fa0a8f39ee7a15d01fd07f49a847b8eece15089e342e367fb4d54c39",
      "response": {
        "reservation_id": "res_626def44e47d4e1fba580ca9e719a0dd",
        "reference": "9F10B32EF2",
        "restaurant_id": "r",
        "table_id": "t",
        "party_size": 2,
        "starts_at_local": "2035-06-04T18:00",
        "starts_at": "2035-06-04T18:00:00+00:00",
        "ends_at": "2035-06-04T19:00:00+00:00",
        "status": "confirmed",
        "created_at": "2026-10-04T05:16:32.588535+00:00"
      },
      "response_bytes": 316,
      "response_sha256": "46112260e29de6d0a4d4eeb47951e2a6fd7802e2ab8fafff08049c6108a814b6",
      "duration_seconds": 2.297033251000016
    },
    {
      "method": "POST",
      "path": "/reservations",
      "peer": "http://independent-verifier-dr-1004051619159918-source:8080",
      "key": "one-key",
      "status": 200,
      "request_bytes": 40100,
      "request_sha256": "ace2eeb4fa0a8f39ee7a15d01fd07f49a847b8eece15089e342e367fb4d54c39",
      "response": {
        "reservation_id": "res_626def44e47d4e1fba580ca9e719a0dd",
        "reference": "9F10B32EF2",
        "restaurant_id": "r",
        "table_id": "t",
        "party_size": 2,
        "starts_at_local": "2035-06-04T18:00",
        "starts_at": "2035-06-04T18:00:00+00:00",
        "ends_at": "2035-06-04T19:00:00+00:00",
        "status": "confirmed",
        "created_at": "2026-10-04T05:16:32.588535+00:00"
      },
      "response_bytes": 316,
      "response_sha256": "46112260e29de6d0a4d4eeb47951e2a6fd7802e2ab8fafff08049c6108a814b6",
      "duration_seconds": 2.3291401669999914
    },
    {
      "method": "GET",
      "path": "/reservations",
      "peer": "http://independent-verifier-dr-1004051619159918-source:8080",
      "key": null,
      "status": 200,
      "request_bytes": 0,
      "request_sha256": "e3b0c44298fc1c149afbf4c8996fb92427ae41e4649b934ca495991b7852b855",
      "response": {
        "reservations": [
          {
            "reservation_id": "res_626def44e47d4e1fba580ca9e719a0dd",
            "reference": "9F10B32EF2",
            "restaurant_id": "r",
            "table_id": "t",
            "party_size": 2,
            "starts_at_local": "2035-06-04T18:00",
            "starts_at": "2035-06-04T18:00:00+00:00",
            "ends_at": "2035-06-04T19:00:00+00:00",
            "status": "confirmed",
            "created_at": "2026-10-04T05:16:32.588535+00:00"
          }
        ]
      },
      "response_bytes": 335,
      "response_sha256": "d85823ebe1fde11c668976afd0883477d4ad146dfd9821cf1b5a38437f2c627a",
      "duration_seconds": 0.000589333999982955
    },
    {
      "method": "GET",
      "path": "/_test/export",
      "peer": "http://independent-verifier-dr-1004051619159918-source:8080",
      "key": null,
      "status": 200,
      "request_bytes": 0,
      "request_sha256": "e3b0c44298fc1c149afbf4c8996fb92427ae41e4649b934ca495991b7852b855",
      "response": {
        "private_snapshot_sha256": "5f8651defdd0a23632e1ae3c79f4173ec32f50d65da42b6368c7e8f1aa30bfdb"
      },
      "response_bytes": 41962,
      "response_sha256": "5f8651defdd0a23632e1ae3c79f4173ec32f50d65da42b6368c7e8f1aa30bfdb",
      "duration_seconds": 0.019994832999941536
    },
    {
      "method": "POST",
      "path": "/reservations/9F10B32EF2/cancel",
      "peer": "http://independent-verifier-dr-1004051619159918-source:8080",
      "key": null,
      "status": 200,
      "request_bytes": 2,
      "request_sha256": "44136fa355b3678a1146ad16f7e8649e94fb4fc21fe77e8310c060f61caaff8a",
      "response": {
        "reservation_id": "res_626def44e47d4e1fba580ca9e719a0dd",
        "reference": "9F10B32EF2",
        "restaurant_id": "r",
        "table_id": "t",
        "party_size": 2,
        "starts_at_local": "2035-06-04T18:00",
        "starts_at": "2035-06-04T18:00:00+00:00",
        "ends_at": "2035-06-04T19:00:00+00:00",
        "status": "cancelled",
        "created_at": "2026-10-04T05:16:32.588535+00:00"
      },
      "response_bytes": 316,
      "response_sha256": "388f959b55da7d621578212c0cbee84bad5607e32ff5b549995c41539161e3a8",
      "duration_seconds": 0.0005022080000571805
    },
    {
      "method": "POST",
      "path": "/reservations",
      "peer": "http://independent-verifier-dr-1004051619159918-source:8080",
      "key": "one-key",
      "status": 200,
      "request_bytes": 40102,
      "request_sha256": "727bebed6be0e75084027d077b832587f89a659e0cc6b14d9e184248aeb46d43",
      "response": {
        "reservation_id": "res_626def44e47d4e1fba580ca9e719a0dd",
        "reference": "9F10B32EF2",
        "restaurant_id": "r",
        "table_id": "t",
        "party_size": 2,
        "starts_at_local": "2035-06-04T18:00",
        "starts_at": "2035-06-04T18:00:00+00:00",
        "ends_at": "2035-06-04T19:00:00+00:00",
        "status": "confirmed",
        "created_at": "2026-10-04T05:16:32.588535+00:00"
      },
      "response_bytes": 316,
      "response_sha256": "46112260e29de6d0a4d4eeb47951e2a6fd7802e2ab8fafff08049c6108a814b6",
      "duration_seconds": 0.030888124999933098
    },
    {
      "method": "POST",
      "path": "/_test/import",
      "peer": "http://independent-verifier-dr-1004051619159918-peer:8080",
      "key": null,
      "status": 204,
      "request_bytes": 41962,
      "request_sha256": "5f8651defdd0a23632e1ae3c79f4173ec32f50d65da42b6368c7e8f1aa30bfdb",
      "response": null,
      "response_bytes": 0,
      "response_sha256": "e3b0c44298fc1c149afbf4c8996fb92427ae41e4649b934ca495991b7852b855",
      "duration_seconds": 0.02536345800001527
    },
    {
      "method": "POST",
      "path": "/reservations",
      "peer": "http://independent-verifier-dr-1004051619159918-peer:8080",
      "key": "one-key",
      "status": 200,
      "request_bytes": 40100,
      "request_sha256": "ace2eeb4fa0a8f39ee7a15d01fd07f49a847b8eece15089e342e367fb4d54c39",
      "response": {
        "reservation_id": "res_626def44e47d4e1fba580ca9e719a0dd",
        "reference": "9F10B32EF2",
        "restaurant_id": "r",
        "table_id": "t",
        "party_size": 2,
        "starts_at_local": "2035-06-04T18:00",
        "starts_at": "2035-06-04T18:00:00+00:00",
        "ends_at": "2035-06-04T19:00:00+00:00",
        "status": "confirmed",
        "created_at": "2026-10-04T05:16:32.588535+00:00"
      },
      "response_bytes": 316,
      "response_sha256": "46112260e29de6d0a4d4eeb47951e2a6fd7802e2ab8fafff08049c6108a814b6",
      "duration_seconds": 0.03161737499999617
    },
    {
      "method": "GET",
      "path": "/reservations",
      "peer": "http://independent-verifier-dr-1004051619159918-peer:8080",
      "key": null,
      "status": 200,
      "request_bytes": 0,
      "request_sha256": "e3b0c44298fc1c149afbf4c8996fb92427ae41e4649b934ca495991b7852b855",
      "response": {
        "reservations": [
          {
            "reservation_id": "res_626def44e47d4e1fba580ca9e719a0dd",
            "reference": "9F10B32EF2",
            "restaurant_id": "r",
            "table_id": "t",
            "party_size": 2,
            "starts_at_local": "2035-06-04T18:00",
            "starts_at": "2035-06-04T18:00:00+00:00",
            "ends_at": "2035-06-04T19:00:00+00:00",
            "status": "confirmed",
            "created_at": "2026-10-04T05:16:32.588535+00:00"
          }
        ]
      },
      "response_bytes": 335,
      "response_sha256": "d85823ebe1fde11c668976afd0883477d4ad146dfd9821cf1b5a38437f2c627a",
      "duration_seconds": 0.00047162499993191886
    },
    {
      "method": "POST",
      "path": "/reservations",
      "peer": "http://independent-verifier-dr-1004051619159918-peer:8080",
      "key": "one-key",
      "status": 409,
      "request_bytes": 40100,
      "request_sha256": "ebbe2a7bd354e8ce77903497feb0306ae69d44e540906bca70953edb0f8f6d75",
      "response": {
        "error": {
          "code": "idempotency_key_reuse",
          "message": "idempotency key reuse"
        }
      },
      "response_bytes": 76,
      "response_sha256": "2b42a96c539152fcb2135ec70b68ac8da6df9264fe366266e11a895cda131456",
      "duration_seconds": 0.031081167000024834
    },
    {
      "method": "POST",
      "path": "/_test/reset",
      "peer": "http://independent-verifier-dr-1004051619159918-source:8080",
      "key": null,
      "status": 204,
      "request_bytes": 607,
      "request_sha256": "74cefc9206668bfa993957c2d83f374d558873eddd8d389940dfffafe6a6de56",
      "response": null,
      "response_bytes": 0,
      "response_sha256": "e3b0c44298fc1c149afbf4c8996fb92427ae41e4649b934ca495991b7852b855",
      "duration_seconds": 0.0009466670001074817
    },
    {
      "method": "POST",
      "path": "/auth/signup",
      "peer": "http://independent-verifier-dr-1004051619159918-source:8080",
      "key": null,
      "status": 201,
      "request_bytes": 87,
      "request_sha256": "d9a4d5e4deca95fe0ddb7cf20abb91ae68b60f1228547572593e5c04693dd3c0",
      "response": {
        "user_id": "u_5b646ef1692d42e49beea727b27a33fa",
        "display_name": "Race Diner"
      },
      "response_bytes": 130,
      "response_sha256": "171d745a2e371ce8ec4bb399191b6ade75a130a849330891957ef59960031420",
      "duration_seconds": 0.02206300000000283
    },
    {
      "method": "POST",
      "path": "/reservations",
      "peer": "http://independent-verifier-dr-1004051619159918-source:8080",
      "key": "competing-21",
      "status": 201,
      "request_bytes": 40100,
      "request_sha256": "ace2eeb4fa0a8f39ee7a15d01fd07f49a847b8eece15089e342e367fb4d54c39",
      "response": {
        "reservation_id": "res_3525efbd138b4109a4d9017c3a61e4e0",
        "reference": "0356487EFD",
        "restaurant_id": "r",
        "table_id": "t",
        "party_size": 2,
        "starts_at_local": "2035-06-04T18:00",
        "starts_at": "2035-06-04T18:00:00+00:00",
        "ends_at": "2035-06-04T19:00:00+00:00",
        "status": "confirmed",
        "created_at": "2026-10-04T05:16:35.095108+00:00"
      },
      "response_bytes": 316,
      "response_sha256": "c7a52aec421fe0dc7971675abb5d27dafa3ad2802c537336fd00e692e45d0350",
      "duration_seconds": 0.12642633300004036
    },
    {
      "method": "POST",
      "path": "/reservations",
      "peer": "http://independent-verifier-dr-1004051619159918-source:8080",
      "key": "competing-2",
      "status": 409,
      "request_bytes": 40100,
      "request_sha256": "ace2eeb4fa0a8f39ee7a15d01fd07f49a847b8eece15089e342e367fb4d54c39",
      "response": {
        "error": {
          "code": "table_unavailable",
          "message": "table unavailable"
        }
      },
      "response_bytes": 68,
      "response_sha256": "3f6b0170b998d8130c47361f88a1f20e4b6b2b8023802a0802d3ba1366f4140e",
      "duration_seconds": 0.1472099589999516
    },
    {
      "method": "POST",
      "path": "/reservations",
      "peer": "http://independent-verifier-dr-1004051619159918-source:8080",
      "key": "competing-25",
      "status": 409,
      "request_bytes": 40100,
      "request_sha256": "ace2eeb4fa0a8f39ee7a15d01fd07f49a847b8eece15089e342e367fb4d54c39",
      "response": {
        "error": {
          "code": "table_unavailable",
          "message": "table unavailable"
        }
      },
      "response_bytes": 68,
      "response_sha256": "3f6b0170b998d8130c47361f88a1f20e4b6b2b8023802a0802d3ba1366f4140e",
      "duration_seconds": 0.2197062500000584
    },
    {
      "method": "POST",
      "path": "/reservations",
      "peer": "http://independent-verifier-dr-1004051619159918-source:8080",
      "key": "competing-12",
      "status": 409,
      "request_bytes": 40100,
      "request_sha256": "ace2eeb4fa0a8f39ee7a15d01fd07f49a847b8eece15089e342e367fb4d54c39",
      "response": {
        "error": {
          "code": "table_unavailable",
          "message": "table unavailable"
        }
      },
      "response_bytes": 68,
      "response_sha256": "3f6b0170b998d8130c47361f88a1f20e4b6b2b8023802a0802d3ba1366f4140e",
      "duration_seconds": 0.21887354099999357
    },
    {
      "method": "POST",
      "path": "/reservations",
      "peer": "http://independent-verifier-dr-1004051619159918-source:8080",
      "key": "competing-37",
      "status": 409,
      "request_bytes": 40100,
      "request_sha256": "ace2eeb4fa0a8f39ee7a15d01fd07f49a847b8eece15089e342e367fb4d54c39",
      "response": {
        "error": {
          "code": "table_unavailable",
          "message": "table unavailable"
        }
      },
      "response_bytes": 68,
      "response_sha256": "3f6b0170b998d8130c47361f88a1f20e4b6b2b8023802a0802d3ba1366f4140e",
      "duration_seconds": 0.2561532500000112
    },
    {
      "method": "POST",
      "path": "/reservations",
      "peer": "http://independent-verifier-dr-1004051619159918-source:8080",
      "key": "competing-0",
      "status": 409,
      "request_bytes": 40100,
      "request_sha256": "ace2eeb4fa0a8f39ee7a15d01fd07f49a847b8eece15089e342e367fb4d54c39",
      "response": {
        "error": {
          "code": "table_unavailable",
          "message": "table unavailable"
        }
      },
      "response_bytes": 68,
      "response_sha256": "3f6b0170b998d8130c47361f88a1f20e4b6b2b8023802a0802d3ba1366f4140e",
      "duration_seconds": 0.3231490009999334
    },
    {
      "method": "POST",
      "path": "/reservations",
      "peer": "http://independent-verifier-dr-1004051619159918-source:8080",
      "key": "competing-41",
      "status": 409,
      "request_bytes": 40100,
      "request_sha256": "ace2eeb4fa0a8f39ee7a15d01fd07f49a847b8eece15089e342e367fb4d54c39",
      "response": {
        "error": {
          "code": "table_unavailable",
          "message": "table unavailable"
        }
      },
      "response_bytes": 68,
      "response_sha256": "3f6b0170b998d8130c47361f88a1f20e4b6b2b8023802a0802d3ba1366f4140e",
      "duration_seconds": 0.389596417000007
    },
    {
      "method": "POST",
      "path": "/reservations",
      "peer": "http://independent-verifier-dr-1004051619159918-source:8080",
      "key": "competing-28",
      "status": 409,
      "request_bytes": 40100,
      "request_sha256": "ace2eeb4fa0a8f39ee7a15d01fd07f49a847b8eece15089e342e367fb4d54c39",
      "response": {
        "error": {
          "code": "table_unavailable",
          "message": "table unavailable"
        }
      },
      "response_bytes": 68,
      "response_sha256": "3f6b0170b998d8130c47361f88a1f20e4b6b2b8023802a0802d3ba1366f4140e",
      "duration_seconds": 0.43332079199990403
    },
    {
      "method": "POST",
      "path": "/reservations",
      "peer": "http://independent-verifier-dr-1004051619159918-source:8080",
      "key": "competing-40",
      "status": 409,
      "request_bytes": 40100,
      "request_sha256": "ace2eeb4fa0a8f39ee7a15d01fd07f49a847b8eece15089e342e367fb4d54c39",
      "response": {
        "error": {
          "code": "table_unavailable",
          "message": "table unavailable"
        }
      },
      "response_bytes": 68,
      "response_sha256": "3f6b0170b998d8130c47361f88a1f20e4b6b2b8023802a0802d3ba1366f4140e",
      "duration_seconds": 0.4856838750000634
    },
    {
      "method": "POST",
      "path": "/reservations",
      "peer": "http://independent-verifier-dr-1004051619159918-source:8080",
      "key": "competing-49",
      "status": 409,
      "request_bytes": 40100,
      "request_sha256": "ace2eeb4fa0a8f39ee7a15d01fd07f49a847b8eece15089e342e367fb4d54c39",
      "response": {
        "error": {
          "code": "table_unavailable",
          "message": "table unavailable"
        }
      },
      "response_bytes": 68,
      "response_sha256": "3f6b0170b998d8130c47361f88a1f20e4b6b2b8023802a0802d3ba1366f4140e",
      "duration_seconds": 0.5476210839999567
    },
    {
      "method": "POST",
      "path": "/reservations",
      "peer": "http://independent-verifier-dr-1004051619159918-source:8080",
      "key": "competing-11",
      "status": 409,
      "request_bytes": 40100,
      "request_sha256": "ace2eeb4fa0a8f39ee7a15d01fd07f49a847b8eece15089e342e367fb4d54c39",
      "response": {
        "error": {
          "code": "table_unavailable",
          "message": "table unavailable"
        }
      },
      "response_bytes": 68,
      "response_sha256": "3f6b0170b998d8130c47361f88a1f20e4b6b2b8023802a0802d3ba1366f4140e",
      "duration_seconds": 0.5920372090000683
    },
    {
      "method": "POST",
      "path": "/reservations",
      "peer": "http://independent-verifier-dr-1004051619159918-source:8080",
      "key": "competing-1",
      "status": 409,
      "request_bytes": 40100,
      "request_sha256": "ace2eeb4fa0a8f39ee7a15d01fd07f49a847b8eece15089e342e367fb4d54c39",
      "response": {
        "error": {
          "code": "table_unavailable",
          "message": "table unavailable"
        }
      },
      "response_bytes": 68,
      "response_sha256": "3f6b0170b998d8130c47361f88a1f20e4b6b2b8023802a0802d3ba1366f4140e",
      "duration_seconds": 0.6442297920000328
    },
    {
      "method": "POST",
      "path": "/reservations",
      "peer": "http://independent-verifier-dr-1004051619159918-source:8080",
      "key": "competing-6",
      "status": 409,
      "request_bytes": 40100,
      "request_sha256": "ace2eeb4fa0a8f39ee7a15d01fd07f49a847b8eece15089e342e367fb4d54c39",
      "response": {
        "error": {
          "code": "table_unavailable",
          "message": "table unavailable"
        }
      },
      "response_bytes": 68,
      "response_sha256": "3f6b0170b998d8130c47361f88a1f20e4b6b2b8023802a0802d3ba1366f4140e",
      "duration_seconds": 0.7418440420000252
    },
    {
      "method": "POST",
      "path": "/reservations",
      "peer": "http://independent-verifier-dr-1004051619159918-source:8080",
      "key": "competing-15",
      "status": 409,
      "request_bytes": 40100,
      "request_sha256": "ace2eeb4fa0a8f39ee7a15d01fd07f49a847b8eece15089e342e367fb4d54c39",
      "response": {
        "error": {
          "code": "table_unavailable",
          "message": "table unavailable"
        }
      },
      "response_bytes": 68,
      "response_sha256": "3f6b0170b998d8130c47361f88a1f20e4b6b2b8023802a0802d3ba1366f4140e",
      "duration_seconds": 0.8015150839999023
    },
    {
      "method": "POST",
      "path": "/reservations",
      "peer": "http://independent-verifier-dr-1004051619159918-source:8080",
      "key": "competing-23",
      "status": 409,
      "request_bytes": 40100,
      "request_sha256": "ace2eeb4fa0a8f39ee7a15d01fd07f49a847b8eece15089e342e367fb4d54c39",
      "response": {
        "error": {
          "code": "table_unavailable",
          "message": "table unavailable"
        }
      },
      "response_bytes": 68,
      "response_sha256": "3f6b0170b998d8130c47361f88a1f20e4b6b2b8023802a0802d3ba1366f4140e",
      "duration_seconds": 0.8325872509999499
    },
    {
      "method": "POST",
      "path": "/reservations",
      "peer": "http://independent-verifier-dr-1004051619159918-source:8080",
      "key": "competing-33",
      "status": 409,
      "request_bytes": 40100,
      "request_sha256": "ace2eeb4fa0a8f39ee7a15d01fd07f49a847b8eece15089e342e367fb4d54c39",
      "response": {
        "error": {
          "code": "table_unavailable",
          "message": "table unavailable"
        }
      },
      "response_bytes": 68,
      "response_sha256": "3f6b0170b998d8130c47361f88a1f20e4b6b2b8023802a0802d3ba1366f4140e",
      "duration_seconds": 0.8926449169999842
    },
    {
      "method": "POST",
      "path": "/reservations",
      "peer": "http://independent-verifier-dr-1004051619159918-source:8080",
      "key": "competing-14",
      "status": 409,
      "request_bytes": 40100,
      "request_sha256": "ace2eeb4fa0a8f39ee7a15d01fd07f49a847b8eece15089e342e367fb4d54c39",
      "response": {
        "error": {
          "code": "table_unavailable",
          "message": "table unavailable"
        }
      },
      "response_bytes": 68,
      "response_sha256": "3f6b0170b998d8130c47361f88a1f20e4b6b2b8023802a0802d3ba1366f4140e",
      "duration_seconds": 0.9427763759999834
    },
    {
      "method": "POST",
      "path": "/reservations",
      "peer": "http://independent-verifier-dr-1004051619159918-source:8080",
      "key": "competing-5",
      "status": 409,
      "request_bytes": 40100,
      "request_sha256": "ace2eeb4fa0a8f39ee7a15d01fd07f49a847b8eece15089e342e367fb4d54c39",
      "response": {
        "error": {
          "code": "table_unavailable",
          "message": "table unavailable"
        }
      },
      "response_bytes": 68,
      "response_sha256": "3f6b0170b998d8130c47361f88a1f20e4b6b2b8023802a0802d3ba1366f4140e",
      "duration_seconds": 0.9568696669999781
    },
    {
      "method": "POST",
      "path": "/reservations",
      "peer": "http://independent-verifier-dr-1004051619159918-source:8080",
      "key": "competing-39",
      "status": 409,
      "request_bytes": 40100,
      "request_sha256": "ace2eeb4fa0a8f39ee7a15d01fd07f49a847b8eece15089e342e367fb4d54c39",
      "response": {
        "error": {
          "code": "table_unavailable",
          "message": "table unavailable"
        }
      },
      "response_bytes": 68,
      "response_sha256": "3f6b0170b998d8130c47361f88a1f20e4b6b2b8023802a0802d3ba1366f4140e",
      "duration_seconds": 1.0867034589999776
    },
    {
      "method": "POST",
      "path": "/reservations",
      "peer": "http://independent-verifier-dr-1004051619159918-source:8080",
      "key": "competing-13",
      "status": 409,
      "request_bytes": 40100,
      "request_sha256": "ace2eeb4fa0a8f39ee7a15d01fd07f49a847b8eece15089e342e367fb4d54c39",
      "response": {
        "error": {
          "code": "table_unavailable",
          "message": "table unavailable"
        }
      },
      "response_bytes": 68,
      "response_sha256": "3f6b0170b998d8130c47361f88a1f20e4b6b2b8023802a0802d3ba1366f4140e",
      "duration_seconds": 1.1083332919999975
    },
    {
      "method": "POST",
      "path": "/reservations",
      "peer": "http://independent-verifier-dr-1004051619159918-source:8080",
      "key": "competing-8",
      "status": 409,
      "request_bytes": 40100,
      "request_sha256": "ace2eeb4fa0a8f39ee7a15d01fd07f49a847b8eece15089e342e367fb4d54c39",
      "response": {
        "error": {
          "code": "table_unavailable",
          "message": "table unavailable"
        }
      },
      "response_bytes": 68,
      "response_sha256": "3f6b0170b998d8130c47361f88a1f20e4b6b2b8023802a0802d3ba1366f4140e",
      "duration_seconds": 1.1605501260000892
    },
    {
      "method": "POST",
      "path": "/reservations",
      "peer": "http://independent-verifier-dr-1004051619159918-source:8080",
      "key": "competing-16",
      "status": 409,
      "request_bytes": 40100,
      "request_sha256": "ace2eeb4fa0a8f39ee7a15d01fd07f49a847b8eece15089e342e367fb4d54c39",
      "response": {
        "error": {
          "code": "table_unavailable",
          "message": "table unavailable"
        }
      },
      "response_bytes": 68,
      "response_sha256": "3f6b0170b998d8130c47361f88a1f20e4b6b2b8023802a0802d3ba1366f4140e",
      "duration_seconds": 1.1919541249999384
    },
    {
      "method": "POST",
      "path": "/reservations",
      "peer": "http://independent-verifier-dr-1004051619159918-source:8080",
      "key": "competing-17",
      "status": 409,
      "request_bytes": 40100,
      "request_sha256": "ace2eeb4fa0a8f39ee7a15d01fd07f49a847b8eece15089e342e367fb4d54c39",
      "response": {
        "error": {
          "code": "table_unavailable",
          "message": "table unavailable"
        }
      },
      "response_bytes": 68,
      "response_sha256": "3f6b0170b998d8130c47361f88a1f20e4b6b2b8023802a0802d3ba1366f4140e",
      "duration_seconds": 1.2475964589999649
    },
    {
      "method": "POST",
      "path": "/reservations",
      "peer": "http://independent-verifier-dr-1004051619159918-source:8080",
      "key": "competing-27",
      "status": 409,
      "request_bytes": 40100,
      "request_sha256": "ace2eeb4fa0a8f39ee7a15d01fd07f49a847b8eece15089e342e367fb4d54c39",
      "response": {
        "error": {
          "code": "table_unavailable",
          "message": "table unavailable"
        }
      },
      "response_bytes": 68,
      "response_sha256": "3f6b0170b998d8130c47361f88a1f20e4b6b2b8023802a0802d3ba1366f4140e",
      "duration_seconds": 1.267653958999972
    },
    {
      "method": "POST",
      "path": "/reservations",
      "peer": "http://independent-verifier-dr-1004051619159918-source:8080",
      "key": "competing-38",
      "status": 409,
      "request_bytes": 40100,
      "request_sha256": "ace2eeb4fa0a8f39ee7a15d01fd07f49a847b8eece15089e342e367fb4d54c39",
      "response": {
        "error": {
          "code": "table_unavailable",
          "message": "table unavailable"
        }
      },
      "response_bytes": 68,
      "response_sha256": "3f6b0170b998d8130c47361f88a1f20e4b6b2b8023802a0802d3ba1366f4140e",
      "duration_seconds": 1.3209028339999804
    },
    {
      "method": "POST",
      "path": "/reservations",
      "peer": "http://independent-verifier-dr-1004051619159918-source:8080",
      "key": "competing-46",
      "status": 409,
      "request_bytes": 40100,
      "request_sha256": "ace2eeb4fa0a8f39ee7a15d01fd07f49a847b8eece15089e342e367fb4d54c39",
      "response": {
        "error": {
          "code": "table_unavailable",
          "message": "table unavailable"
        }
      },
      "response_bytes": 68,
      "response_sha256": "3f6b0170b998d8130c47361f88a1f20e4b6b2b8023802a0802d3ba1366f4140e",
      "duration_seconds": 1.4043914169999425
    },
    {
      "method": "POST",
      "path": "/reservations",
      "peer": "http://independent-verifier-dr-1004051619159918-source:8080",
      "key": "competing-22",
      "status": 409,
      "request_bytes": 40100,
      "request_sha256": "ace2eeb4fa0a8f39ee7a15d01fd07f49a847b8eece15089e342e367fb4d54c39",
      "response": {
        "error": {
          "code": "table_unavailable",
          "message": "table unavailable"
        }
      },
      "response_bytes": 68,
      "response_sha256": "3f6b0170b998d8130c47361f88a1f20e4b6b2b8023802a0802d3ba1366f4140e",
      "duration_seconds": 1.419038793000027
    },
    {
      "method": "POST",
      "path": "/reservations",
      "peer": "http://independent-verifier-dr-1004051619159918-source:8080",
      "key": "competing-44",
      "status": 409,
      "request_bytes": 40100,
      "request_sha256": "ace2eeb4fa0a8f39ee7a15d01fd07f49a847b8eece15089e342e367fb4d54c39",
      "response": {
        "error": {
          "code": "table_unavailable",
          "message": "table unavailable"
        }
      },
      "response_bytes": 68,
      "response_sha256": "3f6b0170b998d8130c47361f88a1f20e4b6b2b8023802a0802d3ba1366f4140e",
      "duration_seconds": 1.4778101260000085
    },
    {
      "method": "POST",
      "path": "/reservations",
      "peer": "http://independent-verifier-dr-1004051619159918-source:8080",
      "key": "competing-10",
      "status": 409,
      "request_bytes": 40100,
      "request_sha256": "ace2eeb4fa0a8f39ee7a15d01fd07f49a847b8eece15089e342e367fb4d54c39",
      "response": {
        "error": {
          "code": "table_unavailable",
          "message": "table unavailable"
        }
      },
      "response_bytes": 68,
      "response_sha256": "3f6b0170b998d8130c47361f88a1f20e4b6b2b8023802a0802d3ba1366f4140e",
      "duration_seconds": 1.5379419590000225
    },
    {
      "method": "POST",
      "path": "/reservations",
      "peer": "http://independent-verifier-dr-1004051619159918-source:8080",
      "key": "competing-48",
      "status": 409,
      "request_bytes": 40100,
      "request_sha256": "ace2eeb4fa0a8f39ee7a15d01fd07f49a847b8eece15089e342e367fb4d54c39",
      "response": {
        "error": {
          "code": "table_unavailable",
          "message": "table unavailable"
        }
      },
      "response_bytes": 68,
      "response_sha256": "3f6b0170b998d8130c47361f88a1f20e4b6b2b8023802a0802d3ba1366f4140e",
      "duration_seconds": 1.6027829590000238
    },
    {
      "method": "POST",
      "path": "/reservations",
      "peer": "http://independent-verifier-dr-1004051619159918-source:8080",
      "key": "competing-4",
      "status": 409,
      "request_bytes": 40100,
      "request_sha256": "ace2eeb4fa0a8f39ee7a15d01fd07f49a847b8eece15089e342e367fb4d54c39",
      "response": {
        "error": {
          "code": "table_unavailable",
          "message": "table unavailable"
        }
      },
      "response_bytes": 68,
      "response_sha256": "3f6b0170b998d8130c47361f88a1f20e4b6b2b8023802a0802d3ba1366f4140e",
      "duration_seconds": 1.6595180430000482
    },
    {
      "method": "POST",
      "path": "/reservations",
      "peer": "http://independent-verifier-dr-1004051619159918-source:8080",
      "key": "competing-34",
      "status": 409,
      "request_bytes": 40100,
      "request_sha256": "ace2eeb4fa0a8f39ee7a15d01fd07f49a847b8eece15089e342e367fb4d54c39",
      "response": {
        "error": {
          "code": "table_unavailable",
          "message": "table unavailable"
        }
      },
      "response_bytes": 68,
      "response_sha256": "3f6b0170b998d8130c47361f88a1f20e4b6b2b8023802a0802d3ba1366f4140e",
      "duration_seconds": 1.7198795849999442
    },
    {
      "method": "POST",
      "path": "/reservations",
      "peer": "http://independent-verifier-dr-1004051619159918-source:8080",
      "key": "competing-7",
      "status": 409,
      "request_bytes": 40100,
      "request_sha256": "ace2eeb4fa0a8f39ee7a15d01fd07f49a847b8eece15089e342e367fb4d54c39",
      "response": {
        "error": {
          "code": "table_unavailable",
          "message": "table unavailable"
        }
      },
      "response_bytes": 68,
      "response_sha256": "3f6b0170b998d8130c47361f88a1f20e4b6b2b8023802a0802d3ba1366f4140e",
      "duration_seconds": 1.7352122930000178
    },
    {
      "method": "POST",
      "path": "/reservations",
      "peer": "http://independent-verifier-dr-1004051619159918-source:8080",
      "key": "competing-36",
      "status": 409,
      "request_bytes": 40100,
      "request_sha256": "ace2eeb4fa0a8f39ee7a15d01fd07f49a847b8eece15089e342e367fb4d54c39",
      "response": {
        "error": {
          "code": "table_unavailable",
          "message": "table unavailable"
        }
      },
      "response_bytes": 68,
      "response_sha256": "3f6b0170b998d8130c47361f88a1f20e4b6b2b8023802a0802d3ba1366f4140e",
      "duration_seconds": 1.7998799179999878
    },
    {
      "method": "POST",
      "path": "/reservations",
      "peer": "http://independent-verifier-dr-1004051619159918-source:8080",
      "key": "competing-30",
      "status": 409,
      "request_bytes": 40100,
      "request_sha256": "ace2eeb4fa0a8f39ee7a15d01fd07f49a847b8eece15089e342e367fb4d54c39",
      "response": {
        "error": {
          "code": "table_unavailable",
          "message": "table unavailable"
        }
      },
      "response_bytes": 68,
      "response_sha256": "3f6b0170b998d8130c47361f88a1f20e4b6b2b8023802a0802d3ba1366f4140e",
      "duration_seconds": 1.8530423350000547
    },
    {
      "method": "POST",
      "path": "/reservations",
      "peer": "http://independent-verifier-dr-1004051619159918-source:8080",
      "key": "competing-18",
      "status": 409,
      "request_bytes": 40100,
      "request_sha256": "ace2eeb4fa0a8f39ee7a15d01fd07f49a847b8eece15089e342e367fb4d54c39",
      "response": {
        "error": {
          "code": "table_unavailable",
          "message": "table unavailable"
        }
      },
      "response_bytes": 68,
      "response_sha256": "3f6b0170b998d8130c47361f88a1f20e4b6b2b8023802a0802d3ba1366f4140e",
      "duration_seconds": 1.916436125999894
    },
    {
      "method": "POST",
      "path": "/reservations",
      "peer": "http://independent-verifier-dr-1004051619159918-source:8080",
      "key": "competing-31",
      "status": 409,
      "request_bytes": 40100,
      "request_sha256": "ace2eeb4fa0a8f39ee7a15d01fd07f49a847b8eece15089e342e367fb4d54c39",
      "response": {
        "error": {
          "code": "table_unavailable",
          "message": "table unavailable"
        }
      },
      "response_bytes": 68,
      "response_sha256": "3f6b0170b998d8130c47361f88a1f20e4b6b2b8023802a0802d3ba1366f4140e",
      "duration_seconds": 1.9219105009999566
    },
    {
      "method": "POST",
      "path": "/reservations",
      "peer": "http://independent-verifier-dr-1004051619159918-source:8080",
      "key": "competing-20",
      "status": 409,
      "request_bytes": 40100,
      "request_sha256": "ace2eeb4fa0a8f39ee7a15d01fd07f49a847b8eece15089e342e367fb4d54c39",
      "response": {
        "error": {
          "code": "table_unavailable",
          "message": "table unavailable"
        }
      },
      "response_bytes": 68,
      "response_sha256": "3f6b0170b998d8130c47361f88a1f20e4b6b2b8023802a0802d3ba1366f4140e",
      "duration_seconds": 1.947836293000023
    },
    {
      "method": "POST",
      "path": "/reservations",
      "peer": "http://independent-verifier-dr-1004051619159918-source:8080",
      "key": "competing-32",
      "status": 409,
      "request_bytes": 40100,
      "request_sha256": "ace2eeb4fa0a8f39ee7a15d01fd07f49a847b8eece15089e342e367fb4d54c39",
      "response": {
        "error": {
          "code": "table_unavailable",
          "message": "table unavailable"
        }
      },
      "response_bytes": 68,
      "response_sha256": "3f6b0170b998d8130c47361f88a1f20e4b6b2b8023802a0802d3ba1366f4140e",
      "duration_seconds": 1.982799043
    },
    {
      "method": "POST",
      "path": "/reservations",
      "peer": "http://independent-verifier-dr-1004051619159918-source:8080",
      "key": "competing-35",
      "status": 409,
      "request_bytes": 40100,
      "request_sha256": "ace2eeb4fa0a8f39ee7a15d01fd07f49a847b8eece15089e342e367fb4d54c39",
      "response": {
        "error": {
          "code": "table_unavailable",
          "message": "table unavailable"
        }
      },
      "response_bytes": 68,
      "response_sha256": "3f6b0170b998d8130c47361f88a1f20e4b6b2b8023802a0802d3ba1366f4140e",
      "duration_seconds": 2.005945417000021
    },
    {
      "method": "POST",
      "path": "/reservations",
      "peer": "http://independent-verifier-dr-1004051619159918-source:8080",
      "key": "competing-47",
      "status": 409,
      "request_bytes": 40100,
      "request_sha256": "ace2eeb4fa0a8f39ee7a15d01fd07f49a847b8eece15089e342e367fb4d54c39",
      "response": {
        "error": {
          "code": "table_unavailable",
          "message": "table unavailable"
        }
      },
      "response_bytes": 68,
      "response_sha256": "3f6b0170b998d8130c47361f88a1f20e4b6b2b8023802a0802d3ba1366f4140e",
      "duration_seconds": 2.0393970009999975
    },
    {
      "method": "POST",
      "path": "/reservations",
      "peer": "http://independent-verifier-dr-1004051619159918-source:8080",
      "key": "competing-9",
      "status": 409,
      "request_bytes": 40100,
      "request_sha256": "ace2eeb4fa0a8f39ee7a15d01fd07f49a847b8eece15089e342e367fb4d54c39",
      "response": {
        "error": {
          "code": "table_unavailable",
          "message": "table unavailable"
        }
      },
      "response_bytes": 68,
      "response_sha256": "3f6b0170b998d8130c47361f88a1f20e4b6b2b8023802a0802d3ba1366f4140e",
      "duration_seconds": 2.0590540429999464
    },
    {
      "method": "POST",
      "path": "/reservations",
      "peer": "http://independent-verifier-dr-1004051619159918-source:8080",
      "key": "competing-29",
      "status": 409,
      "request_bytes": 40100,
      "request_sha256": "ace2eeb4fa0a8f39ee7a15d01fd07f49a847b8eece15089e342e367fb4d54c39",
      "response": {
        "error": {
          "code": "table_unavailable",
          "message": "table unavailable"
        }
      },
      "response_bytes": 68,
      "response_sha256": "3f6b0170b998d8130c47361f88a1f20e4b6b2b8023802a0802d3ba1366f4140e",
      "duration_seconds": 2.098891793000007
    },
    {
      "method": "POST",
      "path": "/reservations",
      "peer": "http://independent-verifier-dr-1004051619159918-source:8080",
      "key": "competing-3",
      "status": 409,
      "request_bytes": 40100,
      "request_sha256": "ace2eeb4fa0a8f39ee7a15d01fd07f49a847b8eece15089e342e367fb4d54c39",
      "response": {
        "error": {
          "code": "table_unavailable",
          "message": "table unavailable"
        }
      },
      "response_bytes": 68,
      "response_sha256": "3f6b0170b998d8130c47361f88a1f20e4b6b2b8023802a0802d3ba1366f4140e",
      "duration_seconds": 2.1277717510000684
    },
    {
      "method": "POST",
      "path": "/reservations",
      "peer": "http://independent-verifier-dr-1004051619159918-source:8080",
      "key": "competing-42",
      "status": 409,
      "request_bytes": 40100,
      "request_sha256": "ace2eeb4fa0a8f39ee7a15d01fd07f49a847b8eece15089e342e367fb4d54c39",
      "response": {
        "error": {
          "code": "table_unavailable",
          "message": "table unavailable"
        }
      },
      "response_bytes": 68,
      "response_sha256": "3f6b0170b998d8130c47361f88a1f20e4b6b2b8023802a0802d3ba1366f4140e",
      "duration_seconds": 2.1632705429999532
    },
    {
      "method": "POST",
      "path": "/reservations",
      "peer": "http://independent-verifier-dr-1004051619159918-source:8080",
      "key": "competing-45",
      "status": 409,
      "request_bytes": 40100,
      "request_sha256": "ace2eeb4fa0a8f39ee7a15d01fd07f49a847b8eece15089e342e367fb4d54c39",
      "response": {
        "error": {
          "code": "table_unavailable",
          "message": "table unavailable"
        }
      },
      "response_bytes": 68,
      "response_sha256": "3f6b0170b998d8130c47361f88a1f20e4b6b2b8023802a0802d3ba1366f4140e",
      "duration_seconds": 2.1790353760000016
    },
    {
      "method": "POST",
      "path": "/reservations",
      "peer": "http://independent-verifier-dr-1004051619159918-source:8080",
      "key": "competing-26",
      "status": 409,
      "request_bytes": 40100,
      "request_sha256": "ace2eeb4fa0a8f39ee7a15d01fd07f49a847b8eece15089e342e367fb4d54c39",
      "response": {
        "error": {
          "code": "table_unavailable",
          "message": "table unavailable"
        }
      },
      "response_bytes": 68,
      "response_sha256": "3f6b0170b998d8130c47361f88a1f20e4b6b2b8023802a0802d3ba1366f4140e",
      "duration_seconds": 2.2038193760000695
    },
    {
      "method": "POST",
      "path": "/reservations",
      "peer": "http://independent-verifier-dr-1004051619159918-source:8080",
      "key": "competing-43",
      "status": 409,
      "request_bytes": 40100,
      "request_sha256": "ace2eeb4fa0a8f39ee7a15d01fd07f49a847b8eece15089e342e367fb4d54c39",
      "response": {
        "error": {
          "code": "table_unavailable",
          "message": "table unavailable"
        }
      },
      "response_bytes": 68,
      "response_sha256": "3f6b0170b998d8130c47361f88a1f20e4b6b2b8023802a0802d3ba1366f4140e",
      "duration_seconds": 2.2429620010000235
    },
    {
      "method": "POST",
      "path": "/reservations",
      "peer": "http://independent-verifier-dr-1004051619159918-source:8080",
      "key": "competing-24",
      "status": 409,
      "request_bytes": 40100,
      "request_sha256": "ace2eeb4fa0a8f39ee7a15d01fd07f49a847b8eece15089e342e367fb4d54c39",
      "response": {
        "error": {
          "code": "table_unavailable",
          "message": "table unavailable"
        }
      },
      "response_bytes": 68,
      "response_sha256": "3f6b0170b998d8130c47361f88a1f20e4b6b2b8023802a0802d3ba1366f4140e",
      "duration_seconds": 2.249398542999984
    },
    {
      "method": "POST",
      "path": "/reservations",
      "peer": "http://independent-verifier-dr-1004051619159918-source:8080",
      "key": "competing-19",
      "status": 409,
      "request_bytes": 40100,
      "request_sha256": "ace2eeb4fa0a8f39ee7a15d01fd07f49a847b8eece15089e342e367fb4d54c39",
      "response": {
        "error": {
          "code": "table_unavailable",
          "message": "table unavailable"
        }
      },
      "response_bytes": 68,
      "response_sha256": "3f6b0170b998d8130c47361f88a1f20e4b6b2b8023802a0802d3ba1366f4140e",
      "duration_seconds": 2.2629911259999744
    },
    {
      "method": "GET",
      "path": "/reservations",
      "peer": "http://independent-verifier-dr-1004051619159918-source:8080",
      "key": null,
      "status": 200,
      "request_bytes": 0,
      "request_sha256": "e3b0c44298fc1c149afbf4c8996fb92427ae41e4649b934ca495991b7852b855",
      "response": {
        "reservations": [
          {
            "reservation_id": "res_3525efbd138b4109a4d9017c3a61e4e0",
            "reference": "0356487EFD",
            "restaurant_id": "r",
            "table_id": "t",
            "party_size": 2,
            "starts_at_local": "2035-06-04T18:00",
            "starts_at": "2035-06-04T18:00:00+00:00",
            "ends_at": "2035-06-04T19:00:00+00:00",
            "status": "confirmed",
            "created_at": "2026-10-04T05:16:35.095108+00:00"
          }
        ]
      },
      "response_bytes": 335,
      "response_sha256": "52e4927ce9742bbd9e2e58471ccf2545a37ba886d67f7811ba570cf1e62c3487",
      "duration_seconds": 0.00046520900002633425
    },
    {
      "method": "GET",
      "path": "/_test/export",
      "peer": "http://independent-verifier-dr-1004051619159918-source:8080",
      "key": null,
      "status": 200,
      "request_bytes": 0,
      "request_sha256": "e3b0c44298fc1c149afbf4c8996fb92427ae41e4649b934ca495991b7852b855",
      "response": {
        "private_snapshot_sha256": "c1e0527edf6dd789e2e9f7b8747bc05863c3109c8b91f8410fc99b6c296956c3"
      },
      "response_bytes": 41967,
      "response_sha256": "c1e0527edf6dd789e2e9f7b8747bc05863c3109c8b91f8410fc99b6c296956c3",
      "duration_seconds": 0.021780833999969218
    },
    {
      "method": "POST",
      "path": "/reservations/0356487EFD/cancel",
      "peer": "http://independent-verifier-dr-1004051619159918-source:8080",
      "key": null,
      "status": 200,
      "request_bytes": 2,
      "request_sha256": "44136fa355b3678a1146ad16f7e8649e94fb4fc21fe77e8310c060f61caaff8a",
      "response": {
        "reservation_id": "res_3525efbd138b4109a4d9017c3a61e4e0",
        "reference": "0356487EFD",
        "restaurant_id": "r",
        "table_id": "t",
        "party_size": 2,
        "starts_at_local": "2035-06-04T18:00",
        "starts_at": "2035-06-04T18:00:00+00:00",
        "ends_at": "2035-06-04T19:00:00+00:00",
        "status": "cancelled",
        "created_at": "2026-10-04T05:16:35.095108+00:00"
      },
      "response_bytes": 316,
      "response_sha256": "add8c74df969be7ea2297853772288096727eaa205d221d03755f1fa7dd47420",
      "duration_seconds": 0.00048125000000709406
    },
    {
      "method": "POST",
      "path": "/reservations",
      "peer": "http://independent-verifier-dr-1004051619159918-source:8080",
      "key": "competing-21",
      "status": 200,
      "request_bytes": 40102,
      "request_sha256": "727bebed6be0e75084027d077b832587f89a659e0cc6b14d9e184248aeb46d43",
      "response": {
        "reservation_id": "res_3525efbd138b4109a4d9017c3a61e4e0",
        "reference": "0356487EFD",
        "restaurant_id": "r",
        "table_id": "t",
        "party_size": 2,
        "starts_at_local": "2035-06-04T18:00",
        "starts_at": "2035-06-04T18:00:00+00:00",
        "ends_at": "2035-06-04T19:00:00+00:00",
        "status": "confirmed",
        "created_at": "2026-10-04T05:16:35.095108+00:00"
      },
      "response_bytes": 316,
      "response_sha256": "c7a52aec421fe0dc7971675abb5d27dafa3ad2802c537336fd00e692e45d0350",
      "duration_seconds": 0.03203745799999069
    },
    {
      "method": "POST",
      "path": "/_test/import",
      "peer": "http://independent-verifier-dr-1004051619159918-peer:8080",
      "key": null,
      "status": 204,
      "request_bytes": 41967,
      "request_sha256": "c1e0527edf6dd789e2e9f7b8747bc05863c3109c8b91f8410fc99b6c296956c3",
      "response": null,
      "response_bytes": 0,
      "response_sha256": "e3b0c44298fc1c149afbf4c8996fb92427ae41e4649b934ca495991b7852b855",
      "duration_seconds": 0.026043833000017003
    },
    {
      "method": "POST",
      "path": "/reservations",
      "peer": "http://independent-verifier-dr-1004051619159918-peer:8080",
      "key": "competing-21",
      "status": 200,
      "request_bytes": 40100,
      "request_sha256": "ace2eeb4fa0a8f39ee7a15d01fd07f49a847b8eece15089e342e367fb4d54c39",
      "response": {
        "reservation_id": "res_3525efbd138b4109a4d9017c3a61e4e0",
        "reference": "0356487EFD",
        "restaurant_id": "r",
        "table_id": "t",
        "party_size": 2,
        "starts_at_local": "2035-06-04T18:00",
        "starts_at": "2035-06-04T18:00:00+00:00",
        "ends_at": "2035-06-04T19:00:00+00:00",
        "status": "confirmed",
        "created_at": "2026-10-04T05:16:35.095108+00:00"
      },
      "response_bytes": 316,
      "response_sha256": "c7a52aec421fe0dc7971675abb5d27dafa3ad2802c537336fd00e692e45d0350",
      "duration_seconds": 0.032421125000041684
    },
    {
      "method": "GET",
      "path": "/reservations",
      "peer": "http://independent-verifier-dr-1004051619159918-peer:8080",
      "key": null,
      "status": 200,
      "request_bytes": 0,
      "request_sha256": "e3b0c44298fc1c149afbf4c8996fb92427ae41e4649b934ca495991b7852b855",
      "response": {
        "reservations": [
          {
            "reservation_id": "res_3525efbd138b4109a4d9017c3a61e4e0",
            "reference": "0356487EFD",
            "restaurant_id": "r",
            "table_id": "t",
            "party_size": 2,
            "starts_at_local": "2035-06-04T18:00",
            "starts_at": "2035-06-04T18:00:00+00:00",
            "ends_at": "2035-06-04T19:00:00+00:00",
            "status": "confirmed",
            "created_at": "2026-10-04T05:16:35.095108+00:00"
          }
        ]
      },
      "response_bytes": 335,
      "response_sha256": "52e4927ce9742bbd9e2e58471ccf2545a37ba886d67f7811ba570cf1e62c3487",
      "duration_seconds": 0.0005104589999973541
    },
    {
      "method": "POST",
      "path": "/reservations",
      "peer": "http://independent-verifier-dr-1004051619159918-peer:8080",
      "key": "competing-21",
      "status": 409,
      "request_bytes": 40100,
      "request_sha256": "ebbe2a7bd354e8ce77903497feb0306ae69d44e540906bca70953edb0f8f6d75",
      "response": {
        "error": {
          "code": "idempotency_key_reuse",
          "message": "idempotency key reuse"
        }
      },
      "response_bytes": 76,
      "response_sha256": "2b42a96c539152fcb2135ec70b68ac8da6df9264fe366266e11a895cda131456",
      "duration_seconds": 0.03208212499998808
    },
    {
      "method": "POST",
      "path": "/reservations",
      "peer": "http://independent-verifier-dr-1004051619159918-peer:8080",
      "key": "competing-0",
      "status": 201,
      "request_bytes": 40100,
      "request_sha256": "32e5823927c52a3aacace11c05988c68218699196c60d35b540a7b5ca9056a49",
      "response": {
        "reservation_id": "res_6e007c3a6aba411e81448018c7081482",
        "reference": "69573815BD",
        "restaurant_id": "r",
        "table_id": "t",
        "party_size": 2,
        "starts_at_local": "2035-06-04T19:30",
        "starts_at": "2035-06-04T19:30:00+00:00",
        "ends_at": "2035-06-04T20:30:00+00:00",
        "status": "confirmed",
        "created_at": "2026-10-04T05:16:37.469520+00:00"
      },
      "response_bytes": 316,
      "response_sha256": "855beea8feab14ef2de682027a98708988bac04184b560883401231384c5d238",
      "duration_seconds": 0.025798874999964028
    },
    {
      "method": "POST",
      "path": "/_test/reset",
      "peer": "http://independent-verifier-dr-1004051619159918-source:8080",
      "key": null,
      "status": 204,
      "request_bytes": 607,
      "request_sha256": "74cefc9206668bfa993957c2d83f374d558873eddd8d389940dfffafe6a6de56",
      "response": null,
      "response_bytes": 0,
      "response_sha256": "e3b0c44298fc1c149afbf4c8996fb92427ae41e4649b934ca495991b7852b855",
      "duration_seconds": 0.001002874999926462
    },
    {
      "method": "POST",
      "path": "/auth/signup",
      "peer": "http://independent-verifier-dr-1004051619159918-source:8080",
      "key": null,
      "status": 201,
      "request_bytes": 87,
      "request_sha256": "d9a4d5e4deca95fe0ddb7cf20abb91ae68b60f1228547572593e5c04693dd3c0",
      "response": {
        "user_id": "u_9b253b902eec4077accbe9b6d6053abb",
        "display_name": "Race Diner"
      },
      "response_bytes": 130,
      "response_sha256": "d1a9a132106c215be401b52e229a8f22c36c0742cd0c65e0c3904fef320f7156",
      "duration_seconds": 0.02196524999999383
    },
    {
      "method": "POST",
      "path": "/_test/reset",
      "peer": "http://independent-verifier-dr-1004051619159918-source:8080",
      "key": null,
      "status": 204,
      "request_bytes": 607,
      "request_sha256": "74cefc9206668bfa993957c2d83f374d558873eddd8d389940dfffafe6a6de56",
      "response": null,
      "response_bytes": 0,
      "response_sha256": "e3b0c44298fc1c149afbf4c8996fb92427ae41e4649b934ca495991b7852b855",
      "duration_seconds": 0.0003300829999943744
    },
    {
      "method": "POST",
      "path": "/auth/signup",
      "peer": "http://independent-verifier-dr-1004051619159918-source:8080",
      "key": null,
      "status": 201,
      "request_bytes": 87,
      "request_sha256": "d9a4d5e4deca95fe0ddb7cf20abb91ae68b60f1228547572593e5c04693dd3c0",
      "response": {
        "user_id": "u_e494f1a8628d4c33af3a1390b8ae54b4",
        "display_name": "Race Diner"
      },
      "response_bytes": 130,
      "response_sha256": "ac17ef1df23da3f499b15378b95e9655f1d244dfe748d88cc2154b5fb68784f9",
      "duration_seconds": 0.02105929100002868
    },
    {
      "method": "POST",
      "path": "/reservations",
      "peer": "http://independent-verifier-dr-1004051619159918-source:8080",
      "key": "one-key",
      "status": 201,
      "request_bytes": 120100,
      "request_sha256": "14b0ee1442d7360090e4155b22cbe13687f9795390acf529cc1cfe99166c2dbe",
      "response": {
        "reservation_id": "res_348666f29f5e49bb96202755c9d7db1e",
        "reference": "E7C034BD36",
        "restaurant_id": "r",
        "table_id": "t",
        "party_size": 2,
        "starts_at_local": "2035-06-04T18:00",
        "starts_at": "2035-06-04T18:00:00+00:00",
        "ends_at": "2035-06-04T19:00:00+00:00",
        "status": "confirmed",
        "created_at": "2026-10-04T05:16:37.665379+00:00"
      },
      "response_bytes": 316,
      "response_sha256": "0f2bf5967b52d32a4f4629f0cacd28c8a9d4c312068a28fdef706ec8e5330d03",
      "duration_seconds": 0.22712891699995907
    },
    {
      "method": "POST",
      "path": "/reservations",
      "peer": "http://independent-verifier-dr-1004051619159918-source:8080",
      "key": "one-key",
      "status": 200,
      "request_bytes": 120100,
      "request_sha256": "14b0ee1442d7360090e4155b22cbe13687f9795390acf529cc1cfe99166c2dbe",
      "response": {
        "reservation_id": "res_348666f29f5e49bb96202755c9d7db1e",
        "reference": "E7C034BD36",
        "restaurant_id": "r",
        "table_id": "t",
        "party_size": 2,
        "starts_at_local": "2035-06-04T18:00",
        "starts_at": "2035-06-04T18:00:00+00:00",
        "ends_at": "2035-06-04T19:00:00+00:00",
        "status": "confirmed",
        "created_at": "2026-10-04T05:16:37.665379+00:00"
      },
      "response_bytes": 316,
      "response_sha256": "0f2bf5967b52d32a4f4629f0cacd28c8a9d4c312068a28fdef706ec8e5330d03",
      "duration_seconds": 0.4213883329999817
    },
    {
      "method": "POST",
      "path": "/reservations",
      "peer": "http://independent-verifier-dr-1004051619159918-source:8080",
      "key": "one-key",
      "status": 200,
      "request_bytes": 120100,
      "request_sha256": "14b0ee1442d7360090e4155b22cbe13687f9795390acf529cc1cfe99166c2dbe",
      "response": {
        "reservation_id": "res_348666f29f5e49bb96202755c9d7db1e",
        "reference": "E7C034BD36",
        "restaurant_id": "r",
        "table_id": "t",
        "party_size": 2,
        "starts_at_local": "2035-06-04T18:00",
        "starts_at": "2035-06-04T18:00:00+00:00",
        "ends_at": "2035-06-04T19:00:00+00:00",
        "status": "confirmed",
        "created_at": "2026-10-04T05:16:37.665379+00:00"
      },
      "response_bytes": 316,
      "response_sha256": "0f2bf5967b52d32a4f4629f0cacd28c8a9d4c312068a28fdef706ec8e5330d03",
      "duration_seconds": 0.4935969999999088
    },
    {
      "method": "POST",
      "path": "/reservations",
      "peer": "http://independent-verifier-dr-1004051619159918-source:8080",
      "key": "one-key",
      "status": 200,
      "request_bytes": 120100,
      "request_sha256": "14b0ee1442d7360090e4155b22cbe13687f9795390acf529cc1cfe99166c2dbe",
      "response": {
        "reservation_id": "res_348666f29f5e49bb96202755c9d7db1e",
        "reference": "E7C034BD36",
        "restaurant_id": "r",
        "table_id": "t",
        "party_size": 2,
        "starts_at_local": "2035-06-04T18:00",
        "starts_at": "2035-06-04T18:00:00+00:00",
        "ends_at": "2035-06-04T19:00:00+00:00",
        "status": "confirmed",
        "created_at": "2026-10-04T05:16:37.665379+00:00"
      },
      "response_bytes": 316,
      "response_sha256": "0f2bf5967b52d32a4f4629f0cacd28c8a9d4c312068a28fdef706ec8e5330d03",
      "duration_seconds": 0.5826597510000511
    },
    {
      "method": "POST",
      "path": "/reservations",
      "peer": "http://independent-verifier-dr-1004051619159918-source:8080",
      "key": "one-key",
      "status": 200,
      "request_bytes": 120100,
      "request_sha256": "14b0ee1442d7360090e4155b22cbe13687f9795390acf529cc1cfe99166c2dbe",
      "response": {
        "reservation_id": "res_348666f29f5e49bb96202755c9d7db1e",
        "reference": "E7C034BD36",
        "restaurant_id": "r",
        "table_id": "t",
        "party_size": 2,
        "starts_at_local": "2035-06-04T18:00",
        "starts_at": "2035-06-04T18:00:00+00:00",
        "ends_at": "2035-06-04T19:00:00+00:00",
        "status": "confirmed",
        "created_at": "2026-10-04T05:16:37.665379+00:00"
      },
      "response_bytes": 316,
      "response_sha256": "0f2bf5967b52d32a4f4629f0cacd28c8a9d4c312068a28fdef706ec8e5330d03",
      "duration_seconds": 0.7387455839999575
    },
    {
      "method": "POST",
      "path": "/reservations",
      "peer": "http://independent-verifier-dr-1004051619159918-source:8080",
      "key": "one-key",
      "status": 200,
      "request_bytes": 120100,
      "request_sha256": "14b0ee1442d7360090e4155b22cbe13687f9795390acf529cc1cfe99166c2dbe",
      "response": {
        "reservation_id": "res_348666f29f5e49bb96202755c9d7db1e",
        "reference": "E7C034BD36",
        "restaurant_id": "r",
        "table_id": "t",
        "party_size": 2,
        "starts_at_local": "2035-06-04T18:00",
        "starts_at": "2035-06-04T18:00:00+00:00",
        "ends_at": "2035-06-04T19:00:00+00:00",
        "status": "confirmed",
        "created_at": "2026-10-04T05:16:37.665379+00:00"
      },
      "response_bytes": 316,
      "response_sha256": "0f2bf5967b52d32a4f4629f0cacd28c8a9d4c312068a28fdef706ec8e5330d03",
      "duration_seconds": 0.7753397499999437
    },
    {
      "method": "POST",
      "path": "/reservations",
      "peer": "http://independent-verifier-dr-1004051619159918-source:8080",
      "key": "one-key",
      "status": 200,
      "request_bytes": 120100,
      "request_sha256": "14b0ee1442d7360090e4155b22cbe13687f9795390acf529cc1cfe99166c2dbe",
      "response": {
        "reservation_id": "res_348666f29f5e49bb96202755c9d7db1e",
        "reference": "E7C034BD36",
        "restaurant_id": "r",
        "table_id": "t",
        "party_size": 2,
        "starts_at_local": "2035-06-04T18:00",
        "starts_at": "2035-06-04T18:00:00+00:00",
        "ends_at": "2035-06-04T19:00:00+00:00",
        "status": "confirmed",
        "created_at": "2026-10-04T05:16:37.665379+00:00"
      },
      "response_bytes": 316,
      "response_sha256": "0f2bf5967b52d32a4f4629f0cacd28c8a9d4c312068a28fdef706ec8e5330d03",
      "duration_seconds": 0.8148419589999776
    },
    {
      "method": "POST",
      "path": "/reservations",
      "peer": "http://independent-verifier-dr-1004051619159918-source:8080",
      "key": "one-key",
      "status": 200,
      "request_bytes": 120100,
      "request_sha256": "14b0ee1442d7360090e4155b22cbe13687f9795390acf529cc1cfe99166c2dbe",
      "response": {
        "reservation_id": "res_348666f29f5e49bb96202755c9d7db1e",
        "reference": "E7C034BD36",
        "restaurant_id": "r",
        "table_id": "t",
        "party_size": 2,
        "starts_at_local": "2035-06-04T18:00",
        "starts_at": "2035-06-04T18:00:00+00:00",
        "ends_at": "2035-06-04T19:00:00+00:00",
        "status": "confirmed",
        "created_at": "2026-10-04T05:16:37.665379+00:00"
      },
      "response_bytes": 316,
      "response_sha256": "0f2bf5967b52d32a4f4629f0cacd28c8a9d4c312068a28fdef706ec8e5330d03",
      "duration_seconds": 0.9131739580000158
    },
    {
      "method": "POST",
      "path": "/reservations",
      "peer": "http://independent-verifier-dr-1004051619159918-source:8080",
      "key": "one-key",
      "status": 200,
      "request_bytes": 120100,
      "request_sha256": "14b0ee1442d7360090e4155b22cbe13687f9795390acf529cc1cfe99166c2dbe",
      "response": {
        "reservation_id": "res_348666f29f5e49bb96202755c9d7db1e",
        "reference": "E7C034BD36",
        "restaurant_id": "r",
        "table_id": "t",
        "party_size": 2,
        "starts_at_local": "2035-06-04T18:00",
        "starts_at": "2035-06-04T18:00:00+00:00",
        "ends_at": "2035-06-04T19:00:00+00:00",
        "status": "confirmed",
        "created_at": "2026-10-04T05:16:37.665379+00:00"
      },
      "response_bytes": 316,
      "response_sha256": "0f2bf5967b52d32a4f4629f0cacd28c8a9d4c312068a28fdef706ec8e5330d03",
      "duration_seconds": 0.9512526249999382
    },
    {
      "method": "POST",
      "path": "/reservations",
      "peer": "http://independent-verifier-dr-1004051619159918-source:8080",
      "key": "one-key",
      "status": 200,
      "request_bytes": 120100,
      "request_sha256": "14b0ee1442d7360090e4155b22cbe13687f9795390acf529cc1cfe99166c2dbe",
      "response": {
        "reservation_id": "res_348666f29f5e49bb96202755c9d7db1e",
        "reference": "E7C034BD36",
        "restaurant_id": "r",
        "table_id": "t",
        "party_size": 2,
        "starts_at_local": "2035-06-04T18:00",
        "starts_at": "2035-06-04T18:00:00+00:00",
        "ends_at": "2035-06-04T19:00:00+00:00",
        "status": "confirmed",
        "created_at": "2026-10-04T05:16:37.665379+00:00"
      },
      "response_bytes": 316,
      "response_sha256": "0f2bf5967b52d32a4f4629f0cacd28c8a9d4c312068a28fdef706ec8e5330d03",
      "duration_seconds": 1.0256638749999638
    },
    {
      "method": "POST",
      "path": "/reservations",
      "peer": "http://independent-verifier-dr-1004051619159918-source:8080",
      "key": "one-key",
      "status": 200,
      "request_bytes": 120100,
      "request_sha256": "14b0ee1442d7360090e4155b22cbe13687f9795390acf529cc1cfe99166c2dbe",
      "response": {
        "reservation_id": "res_348666f29f5e49bb96202755c9d7db1e",
        "reference": "E7C034BD36",
        "restaurant_id": "r",
        "table_id": "t",
        "party_size": 2,
        "starts_at_local": "2035-06-04T18:00",
        "starts_at": "2035-06-04T18:00:00+00:00",
        "ends_at": "2035-06-04T19:00:00+00:00",
        "status": "confirmed",
        "created_at": "2026-10-04T05:16:37.665379+00:00"
      },
      "response_bytes": 316,
      "response_sha256": "0f2bf5967b52d32a4f4629f0cacd28c8a9d4c312068a28fdef706ec8e5330d03",
      "duration_seconds": 1.1643337919999794
    },
    {
      "method": "POST",
      "path": "/reservations",
      "peer": "http://independent-verifier-dr-1004051619159918-source:8080",
      "key": "one-key",
      "status": 200,
      "request_bytes": 120100,
      "request_sha256": "14b0ee1442d7360090e4155b22cbe13687f9795390acf529cc1cfe99166c2dbe",
      "response": {
        "reservation_id": "res_348666f29f5e49bb96202755c9d7db1e",
        "reference": "E7C034BD36",
        "restaurant_id": "r",
        "table_id": "t",
        "party_size": 2,
        "starts_at_local": "2035-06-04T18:00",
        "starts_at": "2035-06-04T18:00:00+00:00",
        "ends_at": "2035-06-04T19:00:00+00:00",
        "status": "confirmed",
        "created_at": "2026-10-04T05:16:37.665379+00:00"
      },
      "response_bytes": 316,
      "response_sha256": "0f2bf5967b52d32a4f4629f0cacd28c8a9d4c312068a28fdef706ec8e5330d03",
      "duration_seconds": 1.294741333999923
    },
    {
      "method": "POST",
      "path": "/reservations",
      "peer": "http://independent-verifier-dr-1004051619159918-source:8080",
      "key": "one-key",
      "status": 200,
      "request_bytes": 120100,
      "request_sha256": "14b0ee1442d7360090e4155b22cbe13687f9795390acf529cc1cfe99166c2dbe",
      "response": {
        "reservation_id": "res_348666f29f5e49bb96202755c9d7db1e",
        "reference": "E7C034BD36",
        "restaurant_id": "r",
        "table_id": "t",
        "party_size": 2,
        "starts_at_local": "2035-06-04T18:00",
        "starts_at": "2035-06-04T18:00:00+00:00",
        "ends_at": "2035-06-04T19:00:00+00:00",
        "status": "confirmed",
        "created_at": "2026-10-04T05:16:37.665379+00:00"
      },
      "response_bytes": 316,
      "response_sha256": "0f2bf5967b52d32a4f4629f0cacd28c8a9d4c312068a28fdef706ec8e5330d03",
      "duration_seconds": 1.2998154589998876
    },
    {
      "method": "POST",
      "path": "/reservations",
      "peer": "http://independent-verifier-dr-1004051619159918-source:8080",
      "key": "one-key",
      "status": 200,
      "request_bytes": 120100,
      "request_sha256": "14b0ee1442d7360090e4155b22cbe13687f9795390acf529cc1cfe99166c2dbe",
      "response": {
        "reservation_id": "res_348666f29f5e49bb96202755c9d7db1e",
        "reference": "E7C034BD36",
        "restaurant_id": "r",
        "table_id": "t",
        "party_size": 2,
        "starts_at_local": "2035-06-04T18:00",
        "starts_at": "2035-06-04T18:00:00+00:00",
        "ends_at": "2035-06-04T19:00:00+00:00",
        "status": "confirmed",
        "created_at": "2026-10-04T05:16:37.665379+00:00"
      },
      "response_bytes": 316,
      "response_sha256": "0f2bf5967b52d32a4f4629f0cacd28c8a9d4c312068a28fdef706ec8e5330d03",
      "duration_seconds": 1.5193650840000146
    },
    {
      "method": "POST",
      "path": "/reservations",
      "peer": "http://independent-verifier-dr-1004051619159918-source:8080",
      "key": "one-key",
      "status": 200,
      "request_bytes": 120100,
      "request_sha256": "14b0ee1442d7360090e4155b22cbe13687f9795390acf529cc1cfe99166c2dbe",
      "response": {
        "reservation_id": "res_348666f29f5e49bb96202755c9d7db1e",
        "reference": "E7C034BD36",
        "restaurant_id": "r",
        "table_id": "t",
        "party_size": 2,
        "starts_at_local": "2035-06-04T18:00",
        "starts_at": "2035-06-04T18:00:00+00:00",
        "ends_at": "2035-06-04T19:00:00+00:00",
        "status": "confirmed",
        "created_at": "2026-10-04T05:16:37.665379+00:00"
      },
      "response_bytes": 316,
      "response_sha256": "0f2bf5967b52d32a4f4629f0cacd28c8a9d4c312068a28fdef706ec8e5330d03",
      "duration_seconds": 1.574105708999923
    },
    {
      "method": "POST",
      "path": "/reservations",
      "peer": "http://independent-verifier-dr-1004051619159918-source:8080",
      "key": "one-key",
      "status": 200,
      "request_bytes": 120100,
      "request_sha256": "14b0ee1442d7360090e4155b22cbe13687f9795390acf529cc1cfe99166c2dbe",
      "response": {
        "reservation_id": "res_348666f29f5e49bb96202755c9d7db1e",
        "reference": "E7C034BD36",
        "restaurant_id": "r",
        "table_id": "t",
        "party_size": 2,
        "starts_at_local": "2035-06-04T18:00",
        "starts_at": "2035-06-04T18:00:00+00:00",
        "ends_at": "2035-06-04T19:00:00+00:00",
        "status": "confirmed",
        "created_at": "2026-10-04T05:16:37.665379+00:00"
      },
      "response_bytes": 316,
      "response_sha256": "0f2bf5967b52d32a4f4629f0cacd28c8a9d4c312068a28fdef706ec8e5330d03",
      "duration_seconds": 1.6704328759999498
    },
    {
      "method": "POST",
      "path": "/reservations",
      "peer": "http://independent-verifier-dr-1004051619159918-source:8080",
      "key": "one-key",
      "status": 200,
      "request_bytes": 120100,
      "request_sha256": "14b0ee1442d7360090e4155b22cbe13687f9795390acf529cc1cfe99166c2dbe",
      "response": {
        "reservation_id": "res_348666f29f5e49bb96202755c9d7db1e",
        "reference": "E7C034BD36",
        "restaurant_id": "r",
        "table_id": "t",
        "party_size": 2,
        "starts_at_local": "2035-06-04T18:00",
        "starts_at": "2035-06-04T18:00:00+00:00",
        "ends_at": "2035-06-04T19:00:00+00:00",
        "status": "confirmed",
        "created_at": "2026-10-04T05:16:37.665379+00:00"
      },
      "response_bytes": 316,
      "response_sha256": "0f2bf5967b52d32a4f4629f0cacd28c8a9d4c312068a28fdef706ec8e5330d03",
      "duration_seconds": 1.7053636670000287
    },
    {
      "method": "POST",
      "path": "/reservations",
      "peer": "http://independent-verifier-dr-1004051619159918-source:8080",
      "key": "one-key",
      "status": 200,
      "request_bytes": 120100,
      "request_sha256": "14b0ee1442d7360090e4155b22cbe13687f9795390acf529cc1cfe99166c2dbe",
      "response": {
        "reservation_id": "res_348666f29f5e49bb96202755c9d7db1e",
        "reference": "E7C034BD36",
        "restaurant_id": "r",
        "table_id": "t",
        "party_size": 2,
        "starts_at_local": "2035-06-04T18:00",
        "starts_at": "2035-06-04T18:00:00+00:00",
        "ends_at": "2035-06-04T19:00:00+00:00",
        "status": "confirmed",
        "created_at": "2026-10-04T05:16:37.665379+00:00"
      },
      "response_bytes": 316,
      "response_sha256": "0f2bf5967b52d32a4f4629f0cacd28c8a9d4c312068a28fdef706ec8e5330d03",
      "duration_seconds": 1.736911458999998
    },
    {
      "method": "POST",
      "path": "/reservations",
      "peer": "http://independent-verifier-dr-1004051619159918-source:8080",
      "key": "one-key",
      "status": 200,
      "request_bytes": 120100,
      "request_sha256": "14b0ee1442d7360090e4155b22cbe13687f9795390acf529cc1cfe99166c2dbe",
      "response": {
        "reservation_id": "res_348666f29f5e49bb96202755c9d7db1e",
        "reference": "E7C034BD36",
        "restaurant_id": "r",
        "table_id": "t",
        "party_size": 2,
        "starts_at_local": "2035-06-04T18:00",
        "starts_at": "2035-06-04T18:00:00+00:00",
        "ends_at": "2035-06-04T19:00:00+00:00",
        "status": "confirmed",
        "created_at": "2026-10-04T05:16:37.665379+00:00"
      },
      "response_bytes": 316,
      "response_sha256": "0f2bf5967b52d32a4f4629f0cacd28c8a9d4c312068a28fdef706ec8e5330d03",
      "duration_seconds": 1.769173292000005
    },
    {
      "method": "POST",
      "path": "/reservations",
      "peer": "http://independent-verifier-dr-1004051619159918-source:8080",
      "key": "one-key",
      "status": 200,
      "request_bytes": 120100,
      "request_sha256": "14b0ee1442d7360090e4155b22cbe13687f9795390acf529cc1cfe99166c2dbe",
      "response": {
        "reservation_id": "res_348666f29f5e49bb96202755c9d7db1e",
        "reference": "E7C034BD36",
        "restaurant_id": "r",
        "table_id": "t",
        "party_size": 2,
        "starts_at_local": "2035-06-04T18:00",
        "starts_at": "2035-06-04T18:00:00+00:00",
        "ends_at": "2035-06-04T19:00:00+00:00",
        "status": "confirmed",
        "created_at": "2026-10-04T05:16:37.665379+00:00"
      },
      "response_bytes": 316,
      "response_sha256": "0f2bf5967b52d32a4f4629f0cacd28c8a9d4c312068a28fdef706ec8e5330d03",
      "duration_seconds": 1.8652517509999598
    },
    {
      "method": "POST",
      "path": "/reservations",
      "peer": "http://independent-verifier-dr-1004051619159918-source:8080",
      "key": "one-key",
      "status": 200,
      "request_bytes": 120100,
      "request_sha256": "14b0ee1442d7360090e4155b22cbe13687f9795390acf529cc1cfe99166c2dbe",
      "response": {
        "reservation_id": "res_348666f29f5e49bb96202755c9d7db1e",
        "reference": "E7C034BD36",
        "restaurant_id": "r",
        "table_id": "t",
        "party_size": 2,
        "starts_at_local": "2035-06-04T18:00",
        "starts_at": "2035-06-04T18:00:00+00:00",
        "ends_at": "2035-06-04T19:00:00+00:00",
        "status": "confirmed",
        "created_at": "2026-10-04T05:16:37.665379+00:00"
      },
      "response_bytes": 316,
      "response_sha256": "0f2bf5967b52d32a4f4629f0cacd28c8a9d4c312068a28fdef706ec8e5330d03",
      "duration_seconds": 1.8987877499999968
    },
    {
      "method": "POST",
      "path": "/reservations",
      "peer": "http://independent-verifier-dr-1004051619159918-source:8080",
      "key": "one-key",
      "status": 200,
      "request_bytes": 120100,
      "request_sha256": "14b0ee1442d7360090e4155b22cbe13687f9795390acf529cc1cfe99166c2dbe",
      "response": {
        "reservation_id": "res_348666f29f5e49bb96202755c9d7db1e",
        "reference": "E7C034BD36",
        "restaurant_id": "r",
        "table_id": "t",
        "party_size": 2,
        "starts_at_local": "2035-06-04T18:00",
        "starts_at": "2035-06-04T18:00:00+00:00",
        "ends_at": "2035-06-04T19:00:00+00:00",
        "status": "confirmed",
        "created_at": "2026-10-04T05:16:37.665379+00:00"
      },
      "response_bytes": 316,
      "response_sha256": "0f2bf5967b52d32a4f4629f0cacd28c8a9d4c312068a28fdef706ec8e5330d03",
      "duration_seconds": 1.931673749999959
    },
    {
      "method": "POST",
      "path": "/reservations",
      "peer": "http://independent-verifier-dr-1004051619159918-source:8080",
      "key": "one-key",
      "status": 200,
      "request_bytes": 120100,
      "request_sha256": "14b0ee1442d7360090e4155b22cbe13687f9795390acf529cc1cfe99166c2dbe",
      "response": {
        "reservation_id": "res_348666f29f5e49bb96202755c9d7db1e",
        "reference": "E7C034BD36",
        "restaurant_id": "r",
        "table_id": "t",
        "party_size": 2,
        "starts_at_local": "2035-06-04T18:00",
        "starts_at": "2035-06-04T18:00:00+00:00",
        "ends_at": "2035-06-04T19:00:00+00:00",
        "status": "confirmed",
        "created_at": "2026-10-04T05:16:37.665379+00:00"
      },
      "response_bytes": 316,
      "response_sha256": "0f2bf5967b52d32a4f4629f0cacd28c8a9d4c312068a28fdef706ec8e5330d03",
      "duration_seconds": 1.9664716680000538
    },
    {
      "method": "POST",
      "path": "/reservations",
      "peer": "http://independent-verifier-dr-1004051619159918-source:8080",
      "key": "one-key",
      "status": 200,
      "request_bytes": 120100,
      "request_sha256": "14b0ee1442d7360090e4155b22cbe13687f9795390acf529cc1cfe99166c2dbe",
      "response": {
        "reservation_id": "res_348666f29f5e49bb96202755c9d7db1e",
        "reference": "E7C034BD36",
        "restaurant_id": "r",
        "table_id": "t",
        "party_size": 2,
        "starts_at_local": "2035-06-04T18:00",
        "starts_at": "2035-06-04T18:00:00+00:00",
        "ends_at": "2035-06-04T19:00:00+00:00",
        "status": "confirmed",
        "created_at": "2026-10-04T05:16:37.665379+00:00"
      },
      "response_bytes": 316,
      "response_sha256": "0f2bf5967b52d32a4f4629f0cacd28c8a9d4c312068a28fdef706ec8e5330d03",
      "duration_seconds": 2.058439292999992
    },
    {
      "method": "POST",
      "path": "/reservations",
      "peer": "http://independent-verifier-dr-1004051619159918-source:8080",
      "key": "one-key",
      "status": 200,
      "request_bytes": 120100,
      "request_sha256": "14b0ee1442d7360090e4155b22cbe13687f9795390acf529cc1cfe99166c2dbe",
      "response": {
        "reservation_id": "res_348666f29f5e49bb96202755c9d7db1e",
        "reference": "E7C034BD36",
        "restaurant_id": "r",
        "table_id": "t",
        "party_size": 2,
        "starts_at_local": "2035-06-04T18:00",
        "starts_at": "2035-06-04T18:00:00+00:00",
        "ends_at": "2035-06-04T19:00:00+00:00",
        "status": "confirmed",
        "created_at": "2026-10-04T05:16:37.665379+00:00"
      },
      "response_bytes": 316,
      "response_sha256": "0f2bf5967b52d32a4f4629f0cacd28c8a9d4c312068a28fdef706ec8e5330d03",
      "duration_seconds": 2.091295209000009
    },
    {
      "method": "POST",
      "path": "/reservations",
      "peer": "http://independent-verifier-dr-1004051619159918-source:8080",
      "key": "one-key",
      "status": 200,
      "request_bytes": 120100,
      "request_sha256": "14b0ee1442d7360090e4155b22cbe13687f9795390acf529cc1cfe99166c2dbe",
      "response": {
        "reservation_id": "res_348666f29f5e49bb96202755c9d7db1e",
        "reference": "E7C034BD36",
        "restaurant_id": "r",
        "table_id": "t",
        "party_size": 2,
        "starts_at_local": "2035-06-04T18:00",
        "starts_at": "2035-06-04T18:00:00+00:00",
        "ends_at": "2035-06-04T19:00:00+00:00",
        "status": "confirmed",
        "created_at": "2026-10-04T05:16:37.665379+00:00"
      },
      "response_bytes": 316,
      "response_sha256": "0f2bf5967b52d32a4f4629f0cacd28c8a9d4c312068a28fdef706ec8e5330d03",
      "duration_seconds": 2.1326875839999957
    },
    {
      "method": "POST",
      "path": "/reservations",
      "peer": "http://independent-verifier-dr-1004051619159918-source:8080",
      "key": "one-key",
      "status": 200,
      "request_bytes": 120100,
      "request_sha256": "14b0ee1442d7360090e4155b22cbe13687f9795390acf529cc1cfe99166c2dbe",
      "response": {
        "reservation_id": "res_348666f29f5e49bb96202755c9d7db1e",
        "reference": "E7C034BD36",
        "restaurant_id": "r",
        "table_id": "t",
        "party_size": 2,
        "starts_at_local": "2035-06-04T18:00",
        "starts_at": "2035-06-04T18:00:00+00:00",
        "ends_at": "2035-06-04T19:00:00+00:00",
        "status": "confirmed",
        "created_at": "2026-10-04T05:16:37.665379+00:00"
      },
      "response_bytes": 316,
      "response_sha256": "0f2bf5967b52d32a4f4629f0cacd28c8a9d4c312068a28fdef706ec8e5330d03",
      "duration_seconds": 2.141895459000011
    },
    {
      "method": "POST",
      "path": "/reservations",
      "peer": "http://independent-verifier-dr-1004051619159918-source:8080",
      "key": "one-key",
      "status": 200,
      "request_bytes": 120100,
      "request_sha256": "14b0ee1442d7360090e4155b22cbe13687f9795390acf529cc1cfe99166c2dbe",
      "response": {
        "reservation_id": "res_348666f29f5e49bb96202755c9d7db1e",
        "reference": "E7C034BD36",
        "restaurant_id": "r",
        "table_id": "t",
        "party_size": 2,
        "starts_at_local": "2035-06-04T18:00",
        "starts_at": "2035-06-04T18:00:00+00:00",
        "ends_at": "2035-06-04T19:00:00+00:00",
        "status": "confirmed",
        "created_at": "2026-10-04T05:16:37.665379+00:00"
      },
      "response_bytes": 316,
      "response_sha256": "0f2bf5967b52d32a4f4629f0cacd28c8a9d4c312068a28fdef706ec8e5330d03",
      "duration_seconds": 2.227398251000068
    },
    {
      "method": "POST",
      "path": "/reservations",
      "peer": "http://independent-verifier-dr-1004051619159918-source:8080",
      "key": "one-key",
      "status": 200,
      "request_bytes": 120100,
      "request_sha256": "14b0ee1442d7360090e4155b22cbe13687f9795390acf529cc1cfe99166c2dbe",
      "response": {
        "reservation_id": "res_348666f29f5e49bb96202755c9d7db1e",
        "reference": "E7C034BD36",
        "restaurant_id": "r",
        "table_id": "t",
        "party_size": 2,
        "starts_at_local": "2035-06-04T18:00",
        "starts_at": "2035-06-04T18:00:00+00:00",
        "ends_at": "2035-06-04T19:00:00+00:00",
        "status": "confirmed",
        "created_at": "2026-10-04T05:16:37.665379+00:00"
      },
      "response_bytes": 316,
      "response_sha256": "0f2bf5967b52d32a4f4629f0cacd28c8a9d4c312068a28fdef706ec8e5330d03",
      "duration_seconds": 2.2587774179999087
    },
    {
      "method": "POST",
      "path": "/reservations",
      "peer": "http://independent-verifier-dr-1004051619159918-source:8080",
      "key": "one-key",
      "status": 200,
      "request_bytes": 120100,
      "request_sha256": "14b0ee1442d7360090e4155b22cbe13687f9795390acf529cc1cfe99166c2dbe",
      "response": {
        "reservation_id": "res_348666f29f5e49bb96202755c9d7db1e",
        "reference": "E7C034BD36",
        "restaurant_id": "r",
        "table_id": "t",
        "party_size": 2,
        "starts_at_local": "2035-06-04T18:00",
        "starts_at": "2035-06-04T18:00:00+00:00",
        "ends_at": "2035-06-04T19:00:00+00:00",
        "status": "confirmed",
        "created_at": "2026-10-04T05:16:37.665379+00:00"
      },
      "response_bytes": 316,
      "response_sha256": "0f2bf5967b52d32a4f4629f0cacd28c8a9d4c312068a28fdef706ec8e5330d03",
      "duration_seconds": 2.34362954300002
    },
    {
      "method": "POST",
      "path": "/reservations",
      "peer": "http://independent-verifier-dr-1004051619159918-source:8080",
      "key": "one-key",
      "status": 200,
      "request_bytes": 120100,
      "request_sha256": "14b0ee1442d7360090e4155b22cbe13687f9795390acf529cc1cfe99166c2dbe",
      "response": {
        "reservation_id": "res_348666f29f5e49bb96202755c9d7db1e",
        "reference": "E7C034BD36",
        "restaurant_id": "r",
        "table_id": "t",
        "party_size": 2,
        "starts_at_local": "2035-06-04T18:00",
        "starts_at": "2035-06-04T18:00:00+00:00",
        "ends_at": "2035-06-04T19:00:00+00:00",
        "status": "confirmed",
        "created_at": "2026-10-04T05:16:37.665379+00:00"
      },
      "response_bytes": 316,
      "response_sha256": "0f2bf5967b52d32a4f4629f0cacd28c8a9d4c312068a28fdef706ec8e5330d03",
      "duration_seconds": 2.3706344170000193
    },
    {
      "method": "POST",
      "path": "/reservations",
      "peer": "http://independent-verifier-dr-1004051619159918-source:8080",
      "key": "one-key",
      "status": 200,
      "request_bytes": 120100,
      "request_sha256": "14b0ee1442d7360090e4155b22cbe13687f9795390acf529cc1cfe99166c2dbe",
      "response": {
        "reservation_id": "res_348666f29f5e49bb96202755c9d7db1e",
        "reference": "E7C034BD36",
        "restaurant_id": "r",
        "table_id": "t",
        "party_size": 2,
        "starts_at_local": "2035-06-04T18:00",
        "starts_at": "2035-06-04T18:00:00+00:00",
        "ends_at": "2035-06-04T19:00:00+00:00",
        "status": "confirmed",
        "created_at": "2026-10-04T05:16:37.665379+00:00"
      },
      "response_bytes": 316,
      "response_sha256": "0f2bf5967b52d32a4f4629f0cacd28c8a9d4c312068a28fdef706ec8e5330d03",
      "duration_seconds": 2.4133324599999924
    },
    {
      "method": "POST",
      "path": "/reservations",
      "peer": "http://independent-verifier-dr-1004051619159918-source:8080",
      "key": "one-key",
      "status": 200,
      "request_bytes": 120100,
      "request_sha256": "14b0ee1442d7360090e4155b22cbe13687f9795390acf529cc1cfe99166c2dbe",
      "response": {
        "reservation_id": "res_348666f29f5e49bb96202755c9d7db1e",
        "reference": "E7C034BD36",
        "restaurant_id": "r",
        "table_id": "t",
        "party_size": 2,
        "starts_at_local": "2035-06-04T18:00",
        "starts_at": "2035-06-04T18:00:00+00:00",
        "ends_at": "2035-06-04T19:00:00+00:00",
        "status": "confirmed",
        "created_at": "2026-10-04T05:16:37.665379+00:00"
      },
      "response_bytes": 316,
      "response_sha256": "0f2bf5967b52d32a4f4629f0cacd28c8a9d4c312068a28fdef706ec8e5330d03",
      "duration_seconds": 2.475643042999991
    },
    {
      "method": "POST",
      "path": "/reservations",
      "peer": "http://independent-verifier-dr-1004051619159918-source:8080",
      "key": "one-key",
      "status": 200,
      "request_bytes": 120100,
      "request_sha256": "14b0ee1442d7360090e4155b22cbe13687f9795390acf529cc1cfe99166c2dbe",
      "response": {
        "reservation_id": "res_348666f29f5e49bb96202755c9d7db1e",
        "reference": "E7C034BD36",
        "restaurant_id": "r",
        "table_id": "t",
        "party_size": 2,
        "starts_at_local": "2035-06-04T18:00",
        "starts_at": "2035-06-04T18:00:00+00:00",
        "ends_at": "2035-06-04T19:00:00+00:00",
        "status": "confirmed",
        "created_at": "2026-10-04T05:16:37.665379+00:00"
      },
      "response_bytes": 316,
      "response_sha256": "0f2bf5967b52d32a4f4629f0cacd28c8a9d4c312068a28fdef706ec8e5330d03",
      "duration_seconds": 2.509683584999948
    },
    {
      "method": "POST",
      "path": "/reservations",
      "peer": "http://independent-verifier-dr-1004051619159918-source:8080",
      "key": "one-key",
      "status": 200,
      "request_bytes": 120100,
      "request_sha256": "14b0ee1442d7360090e4155b22cbe13687f9795390acf529cc1cfe99166c2dbe",
      "response": {
        "reservation_id": "res_348666f29f5e49bb96202755c9d7db1e",
        "reference": "E7C034BD36",
        "restaurant_id": "r",
        "table_id": "t",
        "party_size": 2,
        "starts_at_local": "2035-06-04T18:00",
        "starts_at": "2035-06-04T18:00:00+00:00",
        "ends_at": "2035-06-04T19:00:00+00:00",
        "status": "confirmed",
        "created_at": "2026-10-04T05:16:37.665379+00:00"
      },
      "response_bytes": 316,
      "response_sha256": "0f2bf5967b52d32a4f4629f0cacd28c8a9d4c312068a28fdef706ec8e5330d03",
      "duration_seconds": 2.57922454200002
    },
    {
      "method": "POST",
      "path": "/reservations",
      "peer": "http://independent-verifier-dr-1004051619159918-source:8080",
      "key": "one-key",
      "status": 200,
      "request_bytes": 120100,
      "request_sha256": "14b0ee1442d7360090e4155b22cbe13687f9795390acf529cc1cfe99166c2dbe",
      "response": {
        "reservation_id": "res_348666f29f5e49bb96202755c9d7db1e",
        "reference": "E7C034BD36",
        "restaurant_id": "r",
        "table_id": "t",
        "party_size": 2,
        "starts_at_local": "2035-06-04T18:00",
        "starts_at": "2035-06-04T18:00:00+00:00",
        "ends_at": "2035-06-04T19:00:00+00:00",
        "status": "confirmed",
        "created_at": "2026-10-04T05:16:37.665379+00:00"
      },
      "response_bytes": 316,
      "response_sha256": "0f2bf5967b52d32a4f4629f0cacd28c8a9d4c312068a28fdef706ec8e5330d03",
      "duration_seconds": 2.6123545430000377
    },
    {
      "method": "POST",
      "path": "/reservations",
      "peer": "http://independent-verifier-dr-1004051619159918-source:8080",
      "key": "one-key",
      "status": 200,
      "request_bytes": 120100,
      "request_sha256": "14b0ee1442d7360090e4155b22cbe13687f9795390acf529cc1cfe99166c2dbe",
      "response": {
        "reservation_id": "res_348666f29f5e49bb96202755c9d7db1e",
        "reference": "E7C034BD36",
        "restaurant_id": "r",
        "table_id": "t",
        "party_size": 2,
        "starts_at_local": "2035-06-04T18:00",
        "starts_at": "2035-06-04T18:00:00+00:00",
        "ends_at": "2035-06-04T19:00:00+00:00",
        "status": "confirmed",
        "created_at": "2026-10-04T05:16:37.665379+00:00"
      },
      "response_bytes": 316,
      "response_sha256": "0f2bf5967b52d32a4f4629f0cacd28c8a9d4c312068a28fdef706ec8e5330d03",
      "duration_seconds": 2.6273477930000126
    },
    {
      "method": "POST",
      "path": "/reservations",
      "peer": "http://independent-verifier-dr-1004051619159918-source:8080",
      "key": "one-key",
      "status": 200,
      "request_bytes": 120100,
      "request_sha256": "14b0ee1442d7360090e4155b22cbe13687f9795390acf529cc1cfe99166c2dbe",
      "response": {
        "reservation_id": "res_348666f29f5e49bb96202755c9d7db1e",
        "reference": "E7C034BD36",
        "restaurant_id": "r",
        "table_id": "t",
        "party_size": 2,
        "starts_at_local": "2035-06-04T18:00",
        "starts_at": "2035-06-04T18:00:00+00:00",
        "ends_at": "2035-06-04T19:00:00+00:00",
        "status": "confirmed",
        "created_at": "2026-10-04T05:16:37.665379+00:00"
      },
      "response_bytes": 316,
      "response_sha256": "0f2bf5967b52d32a4f4629f0cacd28c8a9d4c312068a28fdef706ec8e5330d03",
      "duration_seconds": 2.694625417999987
    },
    {
      "method": "POST",
      "path": "/reservations",
      "peer": "http://independent-verifier-dr-1004051619159918-source:8080",
      "key": "one-key",
      "status": 200,
      "request_bytes": 120100,
      "request_sha256": "14b0ee1442d7360090e4155b22cbe13687f9795390acf529cc1cfe99166c2dbe",
      "response": {
        "reservation_id": "res_348666f29f5e49bb96202755c9d7db1e",
        "reference": "E7C034BD36",
        "restaurant_id": "r",
        "table_id": "t",
        "party_size": 2,
        "starts_at_local": "2035-06-04T18:00",
        "starts_at": "2035-06-04T18:00:00+00:00",
        "ends_at": "2035-06-04T19:00:00+00:00",
        "status": "confirmed",
        "created_at": "2026-10-04T05:16:37.665379+00:00"
      },
      "response_bytes": 316,
      "response_sha256": "0f2bf5967b52d32a4f4629f0cacd28c8a9d4c312068a28fdef706ec8e5330d03",
      "duration_seconds": 2.7508781679999856
    },
    {
      "method": "POST",
      "path": "/reservations",
      "peer": "http://independent-verifier-dr-1004051619159918-source:8080",
      "key": "one-key",
      "status": 200,
      "request_bytes": 120100,
      "request_sha256": "14b0ee1442d7360090e4155b22cbe13687f9795390acf529cc1cfe99166c2dbe",
      "response": {
        "reservation_id": "res_348666f29f5e49bb96202755c9d7db1e",
        "reference": "E7C034BD36",
        "restaurant_id": "r",
        "table_id": "t",
        "party_size": 2,
        "starts_at_local": "2035-06-04T18:00",
        "starts_at": "2035-06-04T18:00:00+00:00",
        "ends_at": "2035-06-04T19:00:00+00:00",
        "status": "confirmed",
        "created_at": "2026-10-04T05:16:37.665379+00:00"
      },
      "response_bytes": 316,
      "response_sha256": "0f2bf5967b52d32a4f4629f0cacd28c8a9d4c312068a28fdef706ec8e5330d03",
      "duration_seconds": 2.7796712100000605
    },
    {
      "method": "POST",
      "path": "/reservations",
      "peer": "http://independent-verifier-dr-1004051619159918-source:8080",
      "key": "one-key",
      "status": 200,
      "request_bytes": 120100,
      "request_sha256": "14b0ee1442d7360090e4155b22cbe13687f9795390acf529cc1cfe99166c2dbe",
      "response": {
        "reservation_id": "res_348666f29f5e49bb96202755c9d7db1e",
        "reference": "E7C034BD36",
        "restaurant_id": "r",
        "table_id": "t",
        "party_size": 2,
        "starts_at_local": "2035-06-04T18:00",
        "starts_at": "2035-06-04T18:00:00+00:00",
        "ends_at": "2035-06-04T19:00:00+00:00",
        "status": "confirmed",
        "created_at": "2026-10-04T05:16:37.665379+00:00"
      },
      "response_bytes": 316,
      "response_sha256": "0f2bf5967b52d32a4f4629f0cacd28c8a9d4c312068a28fdef706ec8e5330d03",
      "duration_seconds": 2.829461834999961
    },
    {
      "method": "POST",
      "path": "/reservations",
      "peer": "http://independent-verifier-dr-1004051619159918-source:8080",
      "key": "one-key",
      "status": 200,
      "request_bytes": 120100,
      "request_sha256": "14b0ee1442d7360090e4155b22cbe13687f9795390acf529cc1cfe99166c2dbe",
      "response": {
        "reservation_id": "res_348666f29f5e49bb96202755c9d7db1e",
        "reference": "E7C034BD36",
        "restaurant_id": "r",
        "table_id": "t",
        "party_size": 2,
        "starts_at_local": "2035-06-04T18:00",
        "starts_at": "2035-06-04T18:00:00+00:00",
        "ends_at": "2035-06-04T19:00:00+00:00",
        "status": "confirmed",
        "created_at": "2026-10-04T05:16:37.665379+00:00"
      },
      "response_bytes": 316,
      "response_sha256": "0f2bf5967b52d32a4f4629f0cacd28c8a9d4c312068a28fdef706ec8e5330d03",
      "duration_seconds": 2.858146626000007
    },
    {
      "method": "POST",
      "path": "/reservations",
      "peer": "http://independent-verifier-dr-1004051619159918-source:8080",
      "key": "one-key",
      "status": 200,
      "request_bytes": 120100,
      "request_sha256": "14b0ee1442d7360090e4155b22cbe13687f9795390acf529cc1cfe99166c2dbe",
      "response": {
        "reservation_id": "res_348666f29f5e49bb96202755c9d7db1e",
        "reference": "E7C034BD36",
        "restaurant_id": "r",
        "table_id": "t",
        "party_size": 2,
        "starts_at_local": "2035-06-04T18:00",
        "starts_at": "2035-06-04T18:00:00+00:00",
        "ends_at": "2035-06-04T19:00:00+00:00",
        "status": "confirmed",
        "created_at": "2026-10-04T05:16:37.665379+00:00"
      },
      "response_bytes": 316,
      "response_sha256": "0f2bf5967b52d32a4f4629f0cacd28c8a9d4c312068a28fdef706ec8e5330d03",
      "duration_seconds": 2.9049967099999776
    },
    {
      "method": "POST",
      "path": "/reservations",
      "peer": "http://independent-verifier-dr-1004051619159918-source:8080",
      "key": "one-key",
      "status": 200,
      "request_bytes": 120100,
      "request_sha256": "14b0ee1442d7360090e4155b22cbe13687f9795390acf529cc1cfe99166c2dbe",
      "response": {
        "reservation_id": "res_348666f29f5e49bb96202755c9d7db1e",
        "reference": "E7C034BD36",
        "restaurant_id": "r",
        "table_id": "t",
        "party_size": 2,
        "starts_at_local": "2035-06-04T18:00",
        "starts_at": "2035-06-04T18:00:00+00:00",
        "ends_at": "2035-06-04T19:00:00+00:00",
        "status": "confirmed",
        "created_at": "2026-10-04T05:16:37.665379+00:00"
      },
      "response_bytes": 316,
      "response_sha256": "0f2bf5967b52d32a4f4629f0cacd28c8a9d4c312068a28fdef706ec8e5330d03",
      "duration_seconds": 2.9412572100000034
    },
    {
      "method": "POST",
      "path": "/reservations",
      "peer": "http://independent-verifier-dr-1004051619159918-source:8080",
      "key": "one-key",
      "status": 200,
      "request_bytes": 120100,
      "request_sha256": "14b0ee1442d7360090e4155b22cbe13687f9795390acf529cc1cfe99166c2dbe",
      "response": {
        "reservation_id": "res_348666f29f5e49bb96202755c9d7db1e",
        "reference": "E7C034BD36",
        "restaurant_id": "r",
        "table_id": "t",
        "party_size": 2,
        "starts_at_local": "2035-06-04T18:00",
        "starts_at": "2035-06-04T18:00:00+00:00",
        "ends_at": "2035-06-04T19:00:00+00:00",
        "status": "confirmed",
        "created_at": "2026-10-04T05:16:37.665379+00:00"
      },
      "response_bytes": 316,
      "response_sha256": "0f2bf5967b52d32a4f4629f0cacd28c8a9d4c312068a28fdef706ec8e5330d03",
      "duration_seconds": 2.9798320429999876
    },
    {
      "method": "POST",
      "path": "/reservations",
      "peer": "http://independent-verifier-dr-1004051619159918-source:8080",
      "key": "one-key",
      "status": 200,
      "request_bytes": 120100,
      "request_sha256": "14b0ee1442d7360090e4155b22cbe13687f9795390acf529cc1cfe99166c2dbe",
      "response": {
        "reservation_id": "res_348666f29f5e49bb96202755c9d7db1e",
        "reference": "E7C034BD36",
        "restaurant_id": "r",
        "table_id": "t",
        "party_size": 2,
        "starts_at_local": "2035-06-04T18:00",
        "starts_at": "2035-06-04T18:00:00+00:00",
        "ends_at": "2035-06-04T19:00:00+00:00",
        "status": "confirmed",
        "created_at": "2026-10-04T05:16:37.665379+00:00"
      },
      "response_bytes": 316,
      "response_sha256": "0f2bf5967b52d32a4f4629f0cacd28c8a9d4c312068a28fdef706ec8e5330d03",
      "duration_seconds": 3.0267890009999974
    },
    {
      "method": "POST",
      "path": "/reservations",
      "peer": "http://independent-verifier-dr-1004051619159918-source:8080",
      "key": "one-key",
      "status": 200,
      "request_bytes": 120100,
      "request_sha256": "14b0ee1442d7360090e4155b22cbe13687f9795390acf529cc1cfe99166c2dbe",
      "response": {
        "reservation_id": "res_348666f29f5e49bb96202755c9d7db1e",
        "reference": "E7C034BD36",
        "restaurant_id": "r",
        "table_id": "t",
        "party_size": 2,
        "starts_at_local": "2035-06-04T18:00",
        "starts_at": "2035-06-04T18:00:00+00:00",
        "ends_at": "2035-06-04T19:00:00+00:00",
        "status": "confirmed",
        "created_at": "2026-10-04T05:16:37.665379+00:00"
      },
      "response_bytes": 316,
      "response_sha256": "0f2bf5967b52d32a4f4629f0cacd28c8a9d4c312068a28fdef706ec8e5330d03",
      "duration_seconds": 3.064529001999972
    },
    {
      "method": "POST",
      "path": "/reservations",
      "peer": "http://independent-verifier-dr-1004051619159918-source:8080",
      "key": "one-key",
      "status": 200,
      "request_bytes": 120100,
      "request_sha256": "14b0ee1442d7360090e4155b22cbe13687f9795390acf529cc1cfe99166c2dbe",
      "response": {
        "reservation_id": "res_348666f29f5e49bb96202755c9d7db1e",
        "reference": "E7C034BD36",
        "restaurant_id": "r",
        "table_id": "t",
        "party_size": 2,
        "starts_at_local": "2035-06-04T18:00",
        "starts_at": "2035-06-04T18:00:00+00:00",
        "ends_at": "2035-06-04T19:00:00+00:00",
        "status": "confirmed",
        "created_at": "2026-10-04T05:16:37.665379+00:00"
      },
      "response_bytes": 316,
      "response_sha256": "0f2bf5967b52d32a4f4629f0cacd28c8a9d4c312068a28fdef706ec8e5330d03",
      "duration_seconds": 3.097063083999956
    },
    {
      "method": "POST",
      "path": "/reservations",
      "peer": "http://independent-verifier-dr-1004051619159918-source:8080",
      "key": "one-key",
      "status": 200,
      "request_bytes": 120100,
      "request_sha256": "14b0ee1442d7360090e4155b22cbe13687f9795390acf529cc1cfe99166c2dbe",
      "response": {
        "reservation_id": "res_348666f29f5e49bb96202755c9d7db1e",
        "reference": "E7C034BD36",
        "restaurant_id": "r",
        "table_id": "t",
        "party_size": 2,
        "starts_at_local": "2035-06-04T18:00",
        "starts_at": "2035-06-04T18:00:00+00:00",
        "ends_at": "2035-06-04T19:00:00+00:00",
        "status": "confirmed",
        "created_at": "2026-10-04T05:16:37.665379+00:00"
      },
      "response_bytes": 316,
      "response_sha256": "0f2bf5967b52d32a4f4629f0cacd28c8a9d4c312068a28fdef706ec8e5330d03",
      "duration_seconds": 3.131225458999893
    },
    {
      "method": "POST",
      "path": "/reservations",
      "peer": "http://independent-verifier-dr-1004051619159918-source:8080",
      "key": "one-key",
      "status": 200,
      "request_bytes": 120100,
      "request_sha256": "14b0ee1442d7360090e4155b22cbe13687f9795390acf529cc1cfe99166c2dbe",
      "response": {
        "reservation_id": "res_348666f29f5e49bb96202755c9d7db1e",
        "reference": "E7C034BD36",
        "restaurant_id": "r",
        "table_id": "t",
        "party_size": 2,
        "starts_at_local": "2035-06-04T18:00",
        "starts_at": "2035-06-04T18:00:00+00:00",
        "ends_at": "2035-06-04T19:00:00+00:00",
        "status": "confirmed",
        "created_at": "2026-10-04T05:16:37.665379+00:00"
      },
      "response_bytes": 316,
      "response_sha256": "0f2bf5967b52d32a4f4629f0cacd28c8a9d4c312068a28fdef706ec8e5330d03",
      "duration_seconds": 3.1563992519999147
    },
    {
      "method": "GET",
      "path": "/reservations",
      "peer": "http://independent-verifier-dr-1004051619159918-source:8080",
      "key": null,
      "status": 200,
      "request_bytes": 0,
      "request_sha256": "e3b0c44298fc1c149afbf4c8996fb92427ae41e4649b934ca495991b7852b855",
      "response": {
        "reservations": [
          {
            "reservation_id": "res_348666f29f5e49bb96202755c9d7db1e",
            "reference": "E7C034BD36",
            "restaurant_id": "r",
            "table_id": "t",
            "party_size": 2,
            "starts_at_local": "2035-06-04T18:00",
            "starts_at": "2035-06-04T18:00:00+00:00",
            "ends_at": "2035-06-04T19:00:00+00:00",
            "status": "confirmed",
            "created_at": "2026-10-04T05:16:37.665379+00:00"
          }
        ]
      },
      "response_bytes": 335,
      "response_sha256": "9f4be8573ce0ccd267fe27647c2fdc30f3090f45923dcc4386d333bc5f959eb8",
      "duration_seconds": 0.0005990829999973357
    },
    {
      "method": "GET",
      "path": "/_test/export",
      "peer": "http://independent-verifier-dr-1004051619159918-source:8080",
      "key": null,
      "status": 200,
      "request_bytes": 0,
      "request_sha256": "e3b0c44298fc1c149afbf4c8996fb92427ae41e4649b934ca495991b7852b855",
      "response": {
        "private_snapshot_sha256": "6ac8c929af3e0e2f92b6bde327328e52e9a8fb02cd8aabb2973f578bc2875ffa"
      },
      "response_bytes": 121962,
      "response_sha256": "6ac8c929af3e0e2f92b6bde327328e52e9a8fb02cd8aabb2973f578bc2875ffa",
      "duration_seconds": 0.027312375000065003
    },
    {
      "method": "POST",
      "path": "/reservations/E7C034BD36/cancel",
      "peer": "http://independent-verifier-dr-1004051619159918-source:8080",
      "key": null,
      "status": 200,
      "request_bytes": 2,
      "request_sha256": "44136fa355b3678a1146ad16f7e8649e94fb4fc21fe77e8310c060f61caaff8a",
      "response": {
        "reservation_id": "res_348666f29f5e49bb96202755c9d7db1e",
        "reference": "E7C034BD36",
        "restaurant_id": "r",
        "table_id": "t",
        "party_size": 2,
        "starts_at_local": "2035-06-04T18:00",
        "starts_at": "2035-06-04T18:00:00+00:00",
        "ends_at": "2035-06-04T19:00:00+00:00",
        "status": "cancelled",
        "created_at": "2026-10-04T05:16:37.665379+00:00"
      },
      "response_bytes": 316,
      "response_sha256": "59ec88818563f5809c5a6e8f42c5e16832d2e55e6875a2631fa456b60a11b1c7",
      "duration_seconds": 0.0006680840000399257
    },
    {
      "method": "POST",
      "path": "/reservations",
      "peer": "http://independent-verifier-dr-1004051619159918-source:8080",
      "key": "one-key",
      "status": 200,
      "request_bytes": 120102,
      "request_sha256": "d51df0705d06fd8f14e33b53807c5014e80985c8d779f69214c68b3f4b09c1c0",
      "response": {
        "reservation_id": "res_348666f29f5e49bb96202755c9d7db1e",
        "reference": "E7C034BD36",
        "restaurant_id": "r",
        "table_id": "t",
        "party_size": 2,
        "starts_at_local": "2035-06-04T18:00",
        "starts_at": "2035-06-04T18:00:00+00:00",
        "ends_at": "2035-06-04T19:00:00+00:00",
        "status": "confirmed",
        "created_at": "2026-10-04T05:16:37.665379+00:00"
      },
      "response_bytes": 316,
      "response_sha256": "0f2bf5967b52d32a4f4629f0cacd28c8a9d4c312068a28fdef706ec8e5330d03",
      "duration_seconds": 0.04328670899997178
    },
    {
      "method": "POST",
      "path": "/_test/import",
      "peer": "http://independent-verifier-dr-1004051619159918-peer:8080",
      "key": null,
      "status": 204,
      "request_bytes": 121962,
      "request_sha256": "6ac8c929af3e0e2f92b6bde327328e52e9a8fb02cd8aabb2973f578bc2875ffa",
      "response": null,
      "response_bytes": 0,
      "response_sha256": "e3b0c44298fc1c149afbf4c8996fb92427ae41e4649b934ca495991b7852b855",
      "duration_seconds": 0.03617512499999975
    },
    {
      "method": "POST",
      "path": "/reservations",
      "peer": "http://independent-verifier-dr-1004051619159918-peer:8080",
      "key": "one-key",
      "status": 200,
      "request_bytes": 120100,
      "request_sha256": "14b0ee1442d7360090e4155b22cbe13687f9795390acf529cc1cfe99166c2dbe",
      "response": {
        "reservation_id": "res_348666f29f5e49bb96202755c9d7db1e",
        "reference": "E7C034BD36",
        "restaurant_id": "r",
        "table_id": "t",
        "party_size": 2,
        "starts_at_local": "2035-06-04T18:00",
        "starts_at": "2035-06-04T18:00:00+00:00",
        "ends_at": "2035-06-04T19:00:00+00:00",
        "status": "confirmed",
        "created_at": "2026-10-04T05:16:37.665379+00:00"
      },
      "response_bytes": 316,
      "response_sha256": "0f2bf5967b52d32a4f4629f0cacd28c8a9d4c312068a28fdef706ec8e5330d03",
      "duration_seconds": 0.04502012500006458
    },
    {
      "method": "GET",
      "path": "/reservations",
      "peer": "http://independent-verifier-dr-1004051619159918-peer:8080",
      "key": null,
      "status": 200,
      "request_bytes": 0,
      "request_sha256": "e3b0c44298fc1c149afbf4c8996fb92427ae41e4649b934ca495991b7852b855",
      "response": {
        "reservations": [
          {
            "reservation_id": "res_348666f29f5e49bb96202755c9d7db1e",
            "reference": "E7C034BD36",
            "restaurant_id": "r",
            "table_id": "t",
            "party_size": 2,
            "starts_at_local": "2035-06-04T18:00",
            "starts_at": "2035-06-04T18:00:00+00:00",
            "ends_at": "2035-06-04T19:00:00+00:00",
            "status": "confirmed",
            "created_at": "2026-10-04T05:16:37.665379+00:00"
          }
        ]
      },
      "response_bytes": 335,
      "response_sha256": "9f4be8573ce0ccd267fe27647c2fdc30f3090f45923dcc4386d333bc5f959eb8",
      "duration_seconds": 0.0005751670000790909
    },
    {
      "method": "POST",
      "path": "/reservations",
      "peer": "http://independent-verifier-dr-1004051619159918-peer:8080",
      "key": "one-key",
      "status": 409,
      "request_bytes": 120100,
      "request_sha256": "61af51a8f8876ac32f7741b85595b4810ba08c0ed4b3cece7a37995d0c8d4409",
      "response": {
        "error": {
          "code": "idempotency_key_reuse",
          "message": "idempotency key reuse"
        }
      },
      "response_bytes": 76,
      "response_sha256": "2b42a96c539152fcb2135ec70b68ac8da6df9264fe366266e11a895cda131456",
      "duration_seconds": 0.044208667000020796
    },
    {
      "method": "POST",
      "path": "/_test/reset",
      "peer": "http://independent-verifier-dr-1004051619159918-source:8080",
      "key": null,
      "status": 204,
      "request_bytes": 607,
      "request_sha256": "74cefc9206668bfa993957c2d83f374d558873eddd8d389940dfffafe6a6de56",
      "response": null,
      "response_bytes": 0,
      "response_sha256": "e3b0c44298fc1c149afbf4c8996fb92427ae41e4649b934ca495991b7852b855",
      "duration_seconds": 0.0009983329999840862
    },
    {
      "method": "POST",
      "path": "/auth/signup",
      "peer": "http://independent-verifier-dr-1004051619159918-source:8080",
      "key": null,
      "status": 201,
      "request_bytes": 87,
      "request_sha256": "d9a4d5e4deca95fe0ddb7cf20abb91ae68b60f1228547572593e5c04693dd3c0",
      "response": {
        "user_id": "u_e584416e5f0b427d9cf5b70d652daff6",
        "display_name": "Race Diner"
      },
      "response_bytes": 130,
      "response_sha256": "31865468015bc04128a64fdc81acc6b928b5a449f81a27c21fe9d89bc6a7dd78",
      "duration_seconds": 0.022023666999984925
    },
    {
      "method": "POST",
      "path": "/reservations",
      "peer": "http://independent-verifier-dr-1004051619159918-source:8080",
      "key": "competing-4",
      "status": 201,
      "request_bytes": 120100,
      "request_sha256": "14b0ee1442d7360090e4155b22cbe13687f9795390acf529cc1cfe99166c2dbe",
      "response": {
        "reservation_id": "res_58c92738a0fb4e70819f2214069d1525",
        "reference": "422B210FBA",
        "restaurant_id": "r",
        "table_id": "t",
        "party_size": 2,
        "starts_at_local": "2035-06-04T18:00",
        "starts_at": "2035-06-04T18:00:00+00:00",
        "ends_at": "2035-06-04T19:00:00+00:00",
        "status": "confirmed",
        "created_at": "2026-10-04T05:16:40.941193+00:00"
      },
      "response_bytes": 316,
      "response_sha256": "7627cb3a25da79af8b421e7af46f18e593ef97f7e175c76382dda77c8e96a712",
      "duration_seconds": 0.03649358300003769
    },
    {
      "method": "POST",
      "path": "/reservations",
      "peer": "http://independent-verifier-dr-1004051619159918-source:8080",
      "key": "competing-45",
      "status": 409,
      "request_bytes": 120100,
      "request_sha256": "14b0ee1442d7360090e4155b22cbe13687f9795390acf529cc1cfe99166c2dbe",
      "response": {
        "error": {
          "code": "table_unavailable",
          "message": "table unavailable"
        }
      },
      "response_bytes": 68,
      "response_sha256": "3f6b0170b998d8130c47361f88a1f20e4b6b2b8023802a0802d3ba1366f4140e",
      "duration_seconds": 0.29636645799996586
    },
    {
      "method": "POST",
      "path": "/reservations",
      "peer": "http://independent-verifier-dr-1004051619159918-source:8080",
      "key": "competing-3",
      "status": 409,
      "request_bytes": 120100,
      "request_sha256": "14b0ee1442d7360090e4155b22cbe13687f9795390acf529cc1cfe99166c2dbe",
      "response": {
        "error": {
          "code": "table_unavailable",
          "message": "table unavailable"
        }
      },
      "response_bytes": 68,
      "response_sha256": "3f6b0170b998d8130c47361f88a1f20e4b6b2b8023802a0802d3ba1366f4140e",
      "duration_seconds": 0.37310341700003846
    },
    {
      "method": "POST",
      "path": "/reservations",
      "peer": "http://independent-verifier-dr-1004051619159918-source:8080",
      "key": "competing-41",
      "status": 409,
      "request_bytes": 120100,
      "request_sha256": "14b0ee1442d7360090e4155b22cbe13687f9795390acf529cc1cfe99166c2dbe",
      "response": {
        "error": {
          "code": "table_unavailable",
          "message": "table unavailable"
        }
      },
      "response_bytes": 68,
      "response_sha256": "3f6b0170b998d8130c47361f88a1f20e4b6b2b8023802a0802d3ba1366f4140e",
      "duration_seconds": 0.4429784580000842
    },
    {
      "method": "POST",
      "path": "/reservations",
      "peer": "http://independent-verifier-dr-1004051619159918-source:8080",
      "key": "competing-7",
      "status": 409,
      "request_bytes": 120100,
      "request_sha256": "14b0ee1442d7360090e4155b22cbe13687f9795390acf529cc1cfe99166c2dbe",
      "response": {
        "error": {
          "code": "table_unavailable",
          "message": "table unavailable"
        }
      },
      "response_bytes": 68,
      "response_sha256": "3f6b0170b998d8130c47361f88a1f20e4b6b2b8023802a0802d3ba1366f4140e",
      "duration_seconds": 0.5175775830000475
    },
    {
      "method": "POST",
      "path": "/reservations",
      "peer": "http://independent-verifier-dr-1004051619159918-source:8080",
      "key": "competing-26",
      "status": 409,
      "request_bytes": 120100,
      "request_sha256": "14b0ee1442d7360090e4155b22cbe13687f9795390acf529cc1cfe99166c2dbe",
      "response": {
        "error": {
          "code": "table_unavailable",
          "message": "table unavailable"
        }
      },
      "response_bytes": 68,
      "response_sha256": "3f6b0170b998d8130c47361f88a1f20e4b6b2b8023802a0802d3ba1366f4140e",
      "duration_seconds": 0.5628706669999701
    },
    {
      "method": "POST",
      "path": "/reservations",
      "peer": "http://independent-verifier-dr-1004051619159918-source:8080",
      "key": "competing-49",
      "status": 409,
      "request_bytes": 120100,
      "request_sha256": "14b0ee1442d7360090e4155b22cbe13687f9795390acf529cc1cfe99166c2dbe",
      "response": {
        "error": {
          "code": "table_unavailable",
          "message": "table unavailable"
        }
      },
      "response_bytes": 68,
      "response_sha256": "3f6b0170b998d8130c47361f88a1f20e4b6b2b8023802a0802d3ba1366f4140e",
      "duration_seconds": 0.6243444589999854
    },
    {
      "method": "POST",
      "path": "/reservations",
      "peer": "http://independent-verifier-dr-1004051619159918-source:8080",
      "key": "competing-42",
      "status": 409,
      "request_bytes": 120100,
      "request_sha256": "14b0ee1442d7360090e4155b22cbe13687f9795390acf529cc1cfe99166c2dbe",
      "response": {
        "error": {
          "code": "table_unavailable",
          "message": "table unavailable"
        }
      },
      "response_bytes": 68,
      "response_sha256": "3f6b0170b998d8130c47361f88a1f20e4b6b2b8023802a0802d3ba1366f4140e",
      "duration_seconds": 0.7090299999999843
    },
    {
      "method": "POST",
      "path": "/reservations",
      "peer": "http://independent-verifier-dr-1004051619159918-source:8080",
      "key": "competing-9",
      "status": 409,
      "request_bytes": 120100,
      "request_sha256": "14b0ee1442d7360090e4155b22cbe13687f9795390acf529cc1cfe99166c2dbe",
      "response": {
        "error": {
          "code": "table_unavailable",
          "message": "table unavailable"
        }
      },
      "response_bytes": 68,
      "response_sha256": "3f6b0170b998d8130c47361f88a1f20e4b6b2b8023802a0802d3ba1366f4140e",
      "duration_seconds": 0.7160336249999091
    },
    {
      "method": "POST",
      "path": "/reservations",
      "peer": "http://independent-verifier-dr-1004051619159918-source:8080",
      "key": "competing-21",
      "status": 409,
      "request_bytes": 120100,
      "request_sha256": "14b0ee1442d7360090e4155b22cbe13687f9795390acf529cc1cfe99166c2dbe",
      "response": {
        "error": {
          "code": "table_unavailable",
          "message": "table unavailable"
        }
      },
      "response_bytes": 68,
      "response_sha256": "3f6b0170b998d8130c47361f88a1f20e4b6b2b8023802a0802d3ba1366f4140e",
      "duration_seconds": 0.8044456669999818
    },
    {
      "method": "POST",
      "path": "/reservations",
      "peer": "http://independent-verifier-dr-1004051619159918-source:8080",
      "key": "competing-28",
      "status": 409,
      "request_bytes": 120100,
      "request_sha256": "14b0ee1442d7360090e4155b22cbe13687f9795390acf529cc1cfe99166c2dbe",
      "response": {
        "error": {
          "code": "table_unavailable",
          "message": "table unavailable"
        }
      },
      "response_bytes": 68,
      "response_sha256": "3f6b0170b998d8130c47361f88a1f20e4b6b2b8023802a0802d3ba1366f4140e",
      "duration_seconds": 0.8491010010000082
    },
    {
      "method": "POST",
      "path": "/reservations",
      "peer": "http://independent-verifier-dr-1004051619159918-source:8080",
      "key": "competing-5",
      "status": 409,
      "request_bytes": 120100,
      "request_sha256": "14b0ee1442d7360090e4155b22cbe13687f9795390acf529cc1cfe99166c2dbe",
      "response": {
        "error": {
          "code": "table_unavailable",
          "message": "table unavailable"
        }
      },
      "response_bytes": 68,
      "response_sha256": "3f6b0170b998d8130c47361f88a1f20e4b6b2b8023802a0802d3ba1366f4140e",
      "duration_seconds": 0.920766083999979
    },
    {
      "method": "POST",
      "path": "/reservations",
      "peer": "http://independent-verifier-dr-1004051619159918-source:8080",
      "key": "competing-31",
      "status": 409,
      "request_bytes": 120100,
      "request_sha256": "14b0ee1442d7360090e4155b22cbe13687f9795390acf529cc1cfe99166c2dbe",
      "response": {
        "error": {
          "code": "table_unavailable",
          "message": "table unavailable"
        }
      },
      "response_bytes": 68,
      "response_sha256": "3f6b0170b998d8130c47361f88a1f20e4b6b2b8023802a0802d3ba1366f4140e",
      "duration_seconds": 0.9951177509999525
    },
    {
      "method": "POST",
      "path": "/reservations",
      "peer": "http://independent-verifier-dr-1004051619159918-source:8080",
      "key": "competing-24",
      "status": 409,
      "request_bytes": 120100,
      "request_sha256": "14b0ee1442d7360090e4155b22cbe13687f9795390acf529cc1cfe99166c2dbe",
      "response": {
        "error": {
          "code": "table_unavailable",
          "message": "table unavailable"
        }
      },
      "response_bytes": 68,
      "response_sha256": "3f6b0170b998d8130c47361f88a1f20e4b6b2b8023802a0802d3ba1366f4140e",
      "duration_seconds": 1.0323138749999998
    },
    {
      "method": "POST",
      "path": "/reservations",
      "peer": "http://independent-verifier-dr-1004051619159918-source:8080",
      "key": "competing-38",
      "status": 409,
      "request_bytes": 120100,
      "request_sha256": "14b0ee1442d7360090e4155b22cbe13687f9795390acf529cc1cfe99166c2dbe",
      "response": {
        "error": {
          "code": "table_unavailable",
          "message": "table unavailable"
        }
      },
      "response_bytes": 68,
      "response_sha256": "3f6b0170b998d8130c47361f88a1f20e4b6b2b8023802a0802d3ba1366f4140e",
      "duration_seconds": 1.0887892509999801
    },
    {
      "method": "POST",
      "path": "/reservations",
      "peer": "http://independent-verifier-dr-1004051619159918-source:8080",
      "key": "competing-48",
      "status": 409,
      "request_bytes": 120100,
      "request_sha256": "14b0ee1442d7360090e4155b22cbe13687f9795390acf529cc1cfe99166c2dbe",
      "response": {
        "error": {
          "code": "table_unavailable",
          "message": "table unavailable"
        }
      },
      "response_bytes": 68,
      "response_sha256": "3f6b0170b998d8130c47361f88a1f20e4b6b2b8023802a0802d3ba1366f4140e",
      "duration_seconds": 1.187827332999973
    },
    {
      "method": "POST",
      "path": "/reservations",
      "peer": "http://independent-verifier-dr-1004051619159918-source:8080",
      "key": "competing-11",
      "status": 409,
      "request_bytes": 120100,
      "request_sha256": "14b0ee1442d7360090e4155b22cbe13687f9795390acf529cc1cfe99166c2dbe",
      "response": {
        "error": {
          "code": "table_unavailable",
          "message": "table unavailable"
        }
      },
      "response_bytes": 68,
      "response_sha256": "3f6b0170b998d8130c47361f88a1f20e4b6b2b8023802a0802d3ba1366f4140e",
      "duration_seconds": 1.3336584169999242
    },
    {
      "method": "POST",
      "path": "/reservations",
      "peer": "http://independent-verifier-dr-1004051619159918-source:8080",
      "key": "competing-15",
      "status": 409,
      "request_bytes": 120100,
      "request_sha256": "14b0ee1442d7360090e4155b22cbe13687f9795390acf529cc1cfe99166c2dbe",
      "response": {
        "error": {
          "code": "table_unavailable",
          "message": "table unavailable"
        }
      },
      "response_bytes": 68,
      "response_sha256": "3f6b0170b998d8130c47361f88a1f20e4b6b2b8023802a0802d3ba1366f4140e",
      "duration_seconds": 1.3659155000000283
    },
    {
      "method": "POST",
      "path": "/reservations",
      "peer": "http://independent-verifier-dr-1004051619159918-source:8080",
      "key": "competing-18",
      "status": 409,
      "request_bytes": 120100,
      "request_sha256": "14b0ee1442d7360090e4155b22cbe13687f9795390acf529cc1cfe99166c2dbe",
      "response": {
        "error": {
          "code": "table_unavailable",
          "message": "table unavailable"
        }
      },
      "response_bytes": 68,
      "response_sha256": "3f6b0170b998d8130c47361f88a1f20e4b6b2b8023802a0802d3ba1366f4140e",
      "duration_seconds": 1.4283858339999824
    },
    {
      "method": "POST",
      "path": "/reservations",
      "peer": "http://independent-verifier-dr-1004051619159918-source:8080",
      "key": "competing-16",
      "status": 409,
      "request_bytes": 120100,
      "request_sha256": "14b0ee1442d7360090e4155b22cbe13687f9795390acf529cc1cfe99166c2dbe",
      "response": {
        "error": {
          "code": "table_unavailable",
          "message": "table unavailable"
        }
      },
      "response_bytes": 68,
      "response_sha256": "3f6b0170b998d8130c47361f88a1f20e4b6b2b8023802a0802d3ba1366f4140e",
      "duration_seconds": 1.4722467929999539
    },
    {
      "method": "POST",
      "path": "/reservations",
      "peer": "http://independent-verifier-dr-1004051619159918-source:8080",
      "key": "competing-13",
      "status": 409,
      "request_bytes": 120100,
      "request_sha256": "14b0ee1442d7360090e4155b22cbe13687f9795390acf529cc1cfe99166c2dbe",
      "response": {
        "error": {
          "code": "table_unavailable",
          "message": "table unavailable"
        }
      },
      "response_bytes": 68,
      "response_sha256": "3f6b0170b998d8130c47361f88a1f20e4b6b2b8023802a0802d3ba1366f4140e",
      "duration_seconds": 1.6685304170000563
    },
    {
      "method": "POST",
      "path": "/reservations",
      "peer": "http://independent-verifier-dr-1004051619159918-source:8080",
      "key": "competing-22",
      "status": 409,
      "request_bytes": 120100,
      "request_sha256": "14b0ee1442d7360090e4155b22cbe13687f9795390acf529cc1cfe99166c2dbe",
      "response": {
        "error": {
          "code": "table_unavailable",
          "message": "table unavailable"
        }
      },
      "response_bytes": 68,
      "response_sha256": "3f6b0170b998d8130c47361f88a1f20e4b6b2b8023802a0802d3ba1366f4140e",
      "duration_seconds": 1.675711500000034
    },
    {
      "method": "POST",
      "path": "/reservations",
      "peer": "http://independent-verifier-dr-1004051619159918-source:8080",
      "key": "competing-37",
      "status": 409,
      "request_bytes": 120100,
      "request_sha256": "14b0ee1442d7360090e4155b22cbe13687f9795390acf529cc1cfe99166c2dbe",
      "response": {
        "error": {
          "code": "table_unavailable",
          "message": "table unavailable"
        }
      },
      "response_bytes": 68,
      "response_sha256": "3f6b0170b998d8130c47361f88a1f20e4b6b2b8023802a0802d3ba1366f4140e",
      "duration_seconds": 1.7793432089999897
    },
    {
      "method": "POST",
      "path": "/reservations",
      "peer": "http://independent-verifier-dr-1004051619159918-source:8080",
      "key": "competing-44",
      "status": 409,
      "request_bytes": 120100,
      "request_sha256": "14b0ee1442d7360090e4155b22cbe13687f9795390acf529cc1cfe99166c2dbe",
      "response": {
        "error": {
          "code": "table_unavailable",
          "message": "table unavailable"
        }
      },
      "response_bytes": 68,
      "response_sha256": "3f6b0170b998d8130c47361f88a1f20e4b6b2b8023802a0802d3ba1366f4140e",
      "duration_seconds": 1.8935978759999443
    },
    {
      "method": "POST",
      "path": "/reservations",
      "peer": "http://independent-verifier-dr-1004051619159918-source:8080",
      "key": "competing-43",
      "status": 409,
      "request_bytes": 120100,
      "request_sha256": "14b0ee1442d7360090e4155b22cbe13687f9795390acf529cc1cfe99166c2dbe",
      "response": {
        "error": {
          "code": "table_unavailable",
          "message": "table unavailable"
        }
      },
      "response_bytes": 68,
      "response_sha256": "3f6b0170b998d8130c47361f88a1f20e4b6b2b8023802a0802d3ba1366f4140e",
      "duration_seconds": 1.914016791999984
    },
    {
      "method": "POST",
      "path": "/reservations",
      "peer": "http://independent-verifier-dr-1004051619159918-source:8080",
      "key": "competing-35",
      "status": 409,
      "request_bytes": 120100,
      "request_sha256": "14b0ee1442d7360090e4155b22cbe13687f9795390acf529cc1cfe99166c2dbe",
      "response": {
        "error": {
          "code": "table_unavailable",
          "message": "table unavailable"
        }
      },
      "response_bytes": 68,
      "response_sha256": "3f6b0170b998d8130c47361f88a1f20e4b6b2b8023802a0802d3ba1366f4140e",
      "duration_seconds": 1.9272293760000139
    },
    {
      "method": "POST",
      "path": "/reservations",
      "peer": "http://independent-verifier-dr-1004051619159918-source:8080",
      "key": "competing-33",
      "status": 409,
      "request_bytes": 120100,
      "request_sha256": "14b0ee1442d7360090e4155b22cbe13687f9795390acf529cc1cfe99166c2dbe",
      "response": {
        "error": {
          "code": "table_unavailable",
          "message": "table unavailable"
        }
      },
      "response_bytes": 68,
      "response_sha256": "3f6b0170b998d8130c47361f88a1f20e4b6b2b8023802a0802d3ba1366f4140e",
      "duration_seconds": 2.0082703340000307
    },
    {
      "method": "POST",
      "path": "/reservations",
      "peer": "http://independent-verifier-dr-1004051619159918-source:8080",
      "key": "competing-20",
      "status": 409,
      "request_bytes": 120100,
      "request_sha256": "14b0ee1442d7360090e4155b22cbe13687f9795390acf529cc1cfe99166c2dbe",
      "response": {
        "error": {
          "code": "table_unavailable",
          "message": "table unavailable"
        }
      },
      "response_bytes": 68,
      "response_sha256": "3f6b0170b998d8130c47361f88a1f20e4b6b2b8023802a0802d3ba1366f4140e",
      "duration_seconds": 2.0525687089999565
    },
    {
      "method": "POST",
      "path": "/reservations",
      "peer": "http://independent-verifier-dr-1004051619159918-source:8080",
      "key": "competing-12",
      "status": 409,
      "request_bytes": 120100,
      "request_sha256": "14b0ee1442d7360090e4155b22cbe13687f9795390acf529cc1cfe99166c2dbe",
      "response": {
        "error": {
          "code": "table_unavailable",
          "message": "table unavailable"
        }
      },
      "response_bytes": 68,
      "response_sha256": "3f6b0170b998d8130c47361f88a1f20e4b6b2b8023802a0802d3ba1366f4140e",
      "duration_seconds": 2.052987250000001
    },
    {
      "method": "POST",
      "path": "/reservations",
      "peer": "http://independent-verifier-dr-1004051619159918-source:8080",
      "key": "competing-23",
      "status": 409,
      "request_bytes": 120100,
      "request_sha256": "14b0ee1442d7360090e4155b22cbe13687f9795390acf529cc1cfe99166c2dbe",
      "response": {
        "error": {
          "code": "table_unavailable",
          "message": "table unavailable"
        }
      },
      "response_bytes": 68,
      "response_sha256": "3f6b0170b998d8130c47361f88a1f20e4b6b2b8023802a0802d3ba1366f4140e",
      "duration_seconds": 2.145155792999958
    },
    {
      "method": "POST",
      "path": "/reservations",
      "peer": "http://independent-verifier-dr-1004051619159918-source:8080",
      "key": "competing-19",
      "status": 409,
      "request_bytes": 120100,
      "request_sha256": "14b0ee1442d7360090e4155b22cbe13687f9795390acf529cc1cfe99166c2dbe",
      "response": {
        "error": {
          "code": "table_unavailable",
          "message": "table unavailable"
        }
      },
      "response_bytes": 68,
      "response_sha256": "3f6b0170b998d8130c47361f88a1f20e4b6b2b8023802a0802d3ba1366f4140e",
      "duration_seconds": 2.161102375999917
    },
    {
      "method": "POST",
      "path": "/reservations",
      "peer": "http://independent-verifier-dr-1004051619159918-source:8080",
      "key": "competing-27",
      "status": 409,
      "request_bytes": 120100,
      "request_sha256": "14b0ee1442d7360090e4155b22cbe13687f9795390acf529cc1cfe99166c2dbe",
      "response": {
        "error": {
          "code": "table_unavailable",
          "message": "table unavailable"
        }
      },
      "response_bytes": 68,
      "response_sha256": "3f6b0170b998d8130c47361f88a1f20e4b6b2b8023802a0802d3ba1366f4140e",
      "duration_seconds": 2.215830417999996
    },
    {
      "method": "POST",
      "path": "/reservations",
      "peer": "http://independent-verifier-dr-1004051619159918-source:8080",
      "key": "competing-29",
      "status": 409,
      "request_bytes": 120100,
      "request_sha256": "14b0ee1442d7360090e4155b22cbe13687f9795390acf529cc1cfe99166c2dbe",
      "response": {
        "error": {
          "code": "table_unavailable",
          "message": "table unavailable"
        }
      },
      "response_bytes": 68,
      "response_sha256": "3f6b0170b998d8130c47361f88a1f20e4b6b2b8023802a0802d3ba1366f4140e",
      "duration_seconds": 2.2545076669999844
    },
    {
      "method": "POST",
      "path": "/reservations",
      "peer": "http://independent-verifier-dr-1004051619159918-source:8080",
      "key": "competing-32",
      "status": 409,
      "request_bytes": 120100,
      "request_sha256": "14b0ee1442d7360090e4155b22cbe13687f9795390acf529cc1cfe99166c2dbe",
      "response": {
        "error": {
          "code": "table_unavailable",
          "message": "table unavailable"
        }
      },
      "response_bytes": 68,
      "response_sha256": "3f6b0170b998d8130c47361f88a1f20e4b6b2b8023802a0802d3ba1366f4140e",
      "duration_seconds": 2.2613443349999898
    },
    {
      "method": "POST",
      "path": "/reservations",
      "peer": "http://independent-verifier-dr-1004051619159918-source:8080",
      "key": "competing-25",
      "status": 409,
      "request_bytes": 120100,
      "request_sha256": "14b0ee1442d7360090e4155b22cbe13687f9795390acf529cc1cfe99166c2dbe",
      "response": {
        "error": {
          "code": "table_unavailable",
          "message": "table unavailable"
        }
      },
      "response_bytes": 68,
      "response_sha256": "3f6b0170b998d8130c47361f88a1f20e4b6b2b8023802a0802d3ba1366f4140e",
      "duration_seconds": 2.3139830840000286
    },
    {
      "method": "POST",
      "path": "/reservations",
      "peer": "http://independent-verifier-dr-1004051619159918-source:8080",
      "key": "competing-0",
      "status": 409,
      "request_bytes": 120100,
      "request_sha256": "14b0ee1442d7360090e4155b22cbe13687f9795390acf529cc1cfe99166c2dbe",
      "response": {
        "error": {
          "code": "table_unavailable",
          "message": "table unavailable"
        }
      },
      "response_bytes": 68,
      "response_sha256": "3f6b0170b998d8130c47361f88a1f20e4b6b2b8023802a0802d3ba1366f4140e",
      "duration_seconds": 2.3447948759999235
    },
    {
      "method": "POST",
      "path": "/reservations",
      "peer": "http://independent-verifier-dr-1004051619159918-source:8080",
      "key": "competing-47",
      "status": 409,
      "request_bytes": 120100,
      "request_sha256": "14b0ee1442d7360090e4155b22cbe13687f9795390acf529cc1cfe99166c2dbe",
      "response": {
        "error": {
          "code": "table_unavailable",
          "message": "table unavailable"
        }
      },
      "response_bytes": 68,
      "response_sha256": "3f6b0170b998d8130c47361f88a1f20e4b6b2b8023802a0802d3ba1366f4140e",
      "duration_seconds": 2.394499709999991
    },
    {
      "method": "POST",
      "path": "/reservations",
      "peer": "http://independent-verifier-dr-1004051619159918-source:8080",
      "key": "competing-1",
      "status": 409,
      "request_bytes": 120100,
      "request_sha256": "14b0ee1442d7360090e4155b22cbe13687f9795390acf529cc1cfe99166c2dbe",
      "response": {
        "error": {
          "code": "table_unavailable",
          "message": "table unavailable"
        }
      },
      "response_bytes": 68,
      "response_sha256": "3f6b0170b998d8130c47361f88a1f20e4b6b2b8023802a0802d3ba1366f4140e",
      "duration_seconds": 2.418808750999915
    },
    {
      "method": "POST",
      "path": "/reservations",
      "peer": "http://independent-verifier-dr-1004051619159918-source:8080",
      "key": "competing-40",
      "status": 409,
      "request_bytes": 120100,
      "request_sha256": "14b0ee1442d7360090e4155b22cbe13687f9795390acf529cc1cfe99166c2dbe",
      "response": {
        "error": {
          "code": "table_unavailable",
          "message": "table unavailable"
        }
      },
      "response_bytes": 68,
      "response_sha256": "3f6b0170b998d8130c47361f88a1f20e4b6b2b8023802a0802d3ba1366f4140e",
      "duration_seconds": 2.4740448759999936
    },
    {
      "method": "POST",
      "path": "/reservations",
      "peer": "http://independent-verifier-dr-1004051619159918-source:8080",
      "key": "competing-39",
      "status": 409,
      "request_bytes": 120100,
      "request_sha256": "14b0ee1442d7360090e4155b22cbe13687f9795390acf529cc1cfe99166c2dbe",
      "response": {
        "error": {
          "code": "table_unavailable",
          "message": "table unavailable"
        }
      },
      "response_bytes": 68,
      "response_sha256": "3f6b0170b998d8130c47361f88a1f20e4b6b2b8023802a0802d3ba1366f4140e",
      "duration_seconds": 2.4869393760000094
    },
    {
      "method": "POST",
      "path": "/reservations",
      "peer": "http://independent-verifier-dr-1004051619159918-source:8080",
      "key": "competing-36",
      "status": 409,
      "request_bytes": 120100,
      "request_sha256": "14b0ee1442d7360090e4155b22cbe13687f9795390acf529cc1cfe99166c2dbe",
      "response": {
        "error": {
          "code": "table_unavailable",
          "message": "table unavailable"
        }
      },
      "response_bytes": 68,
      "response_sha256": "3f6b0170b998d8130c47361f88a1f20e4b6b2b8023802a0802d3ba1366f4140e",
      "duration_seconds": 2.5314660010000125
    },
    {
      "method": "POST",
      "path": "/reservations",
      "peer": "http://independent-verifier-dr-1004051619159918-source:8080",
      "key": "competing-14",
      "status": 409,
      "request_bytes": 120100,
      "request_sha256": "14b0ee1442d7360090e4155b22cbe13687f9795390acf529cc1cfe99166c2dbe",
      "response": {
        "error": {
          "code": "table_unavailable",
          "message": "table unavailable"
        }
      },
      "response_bytes": 68,
      "response_sha256": "3f6b0170b998d8130c47361f88a1f20e4b6b2b8023802a0802d3ba1366f4140e",
      "duration_seconds": 2.5815916679999873
    },
    {
      "method": "POST",
      "path": "/reservations",
      "peer": "http://independent-verifier-dr-1004051619159918-source:8080",
      "key": "competing-34",
      "status": 409,
      "request_bytes": 120100,
      "request_sha256": "14b0ee1442d7360090e4155b22cbe13687f9795390acf529cc1cfe99166c2dbe",
      "response": {
        "error": {
          "code": "table_unavailable",
          "message": "table unavailable"
        }
      },
      "response_bytes": 68,
      "response_sha256": "3f6b0170b998d8130c47361f88a1f20e4b6b2b8023802a0802d3ba1366f4140e",
      "duration_seconds": 2.5971062509999
    },
    {
      "method": "POST",
      "path": "/reservations",
      "peer": "http://independent-verifier-dr-1004051619159918-source:8080",
      "key": "competing-46",
      "status": 409,
      "request_bytes": 120100,
      "request_sha256": "14b0ee1442d7360090e4155b22cbe13687f9795390acf529cc1cfe99166c2dbe",
      "response": {
        "error": {
          "code": "table_unavailable",
          "message": "table unavailable"
        }
      },
      "response_bytes": 68,
      "response_sha256": "3f6b0170b998d8130c47361f88a1f20e4b6b2b8023802a0802d3ba1366f4140e",
      "duration_seconds": 2.6285513760000185
    },
    {
      "method": "POST",
      "path": "/reservations",
      "peer": "http://independent-verifier-dr-1004051619159918-source:8080",
      "key": "competing-6",
      "status": 409,
      "request_bytes": 120100,
      "request_sha256": "14b0ee1442d7360090e4155b22cbe13687f9795390acf529cc1cfe99166c2dbe",
      "response": {
        "error": {
          "code": "table_unavailable",
          "message": "table unavailable"
        }
      },
      "response_bytes": 68,
      "response_sha256": "3f6b0170b998d8130c47361f88a1f20e4b6b2b8023802a0802d3ba1366f4140e",
      "duration_seconds": 2.689470793000055
    },
    {
      "method": "POST",
      "path": "/reservations",
      "peer": "http://independent-verifier-dr-1004051619159918-source:8080",
      "key": "competing-8",
      "status": 409,
      "request_bytes": 120100,
      "request_sha256": "14b0ee1442d7360090e4155b22cbe13687f9795390acf529cc1cfe99166c2dbe",
      "response": {
        "error": {
          "code": "table_unavailable",
          "message": "table unavailable"
        }
      },
      "response_bytes": 68,
      "response_sha256": "3f6b0170b998d8130c47361f88a1f20e4b6b2b8023802a0802d3ba1366f4140e",
      "duration_seconds": 2.7025755009999557
    },
    {
      "method": "POST",
      "path": "/reservations",
      "peer": "http://independent-verifier-dr-1004051619159918-source:8080",
      "key": "competing-30",
      "status": 409,
      "request_bytes": 120100,
      "request_sha256": "14b0ee1442d7360090e4155b22cbe13687f9795390acf529cc1cfe99166c2dbe",
      "response": {
        "error": {
          "code": "table_unavailable",
          "message": "table unavailable"
        }
      },
      "response_bytes": 68,
      "response_sha256": "3f6b0170b998d8130c47361f88a1f20e4b6b2b8023802a0802d3ba1366f4140e",
      "duration_seconds": 2.7077940010000248
    },
    {
      "method": "POST",
      "path": "/reservations",
      "peer": "http://independent-verifier-dr-1004051619159918-source:8080",
      "key": "competing-17",
      "status": 409,
      "request_bytes": 120100,
      "request_sha256": "14b0ee1442d7360090e4155b22cbe13687f9795390acf529cc1cfe99166c2dbe",
      "response": {
        "error": {
          "code": "table_unavailable",
          "message": "table unavailable"
        }
      },
      "response_bytes": 68,
      "response_sha256": "3f6b0170b998d8130c47361f88a1f20e4b6b2b8023802a0802d3ba1366f4140e",
      "duration_seconds": 2.745711333999907
    },
    {
      "method": "POST",
      "path": "/reservations",
      "peer": "http://independent-verifier-dr-1004051619159918-source:8080",
      "key": "competing-10",
      "status": 409,
      "request_bytes": 120100,
      "request_sha256": "14b0ee1442d7360090e4155b22cbe13687f9795390acf529cc1cfe99166c2dbe",
      "response": {
        "error": {
          "code": "table_unavailable",
          "message": "table unavailable"
        }
      },
      "response_bytes": 68,
      "response_sha256": "3f6b0170b998d8130c47361f88a1f20e4b6b2b8023802a0802d3ba1366f4140e",
      "duration_seconds": 2.773844251000014
    },
    {
      "method": "POST",
      "path": "/reservations",
      "peer": "http://independent-verifier-dr-1004051619159918-source:8080",
      "key": "competing-2",
      "status": 409,
      "request_bytes": 120100,
      "request_sha256": "14b0ee1442d7360090e4155b22cbe13687f9795390acf529cc1cfe99166c2dbe",
      "response": {
        "error": {
          "code": "table_unavailable",
          "message": "table unavailable"
        }
      },
      "response_bytes": 68,
      "response_sha256": "3f6b0170b998d8130c47361f88a1f20e4b6b2b8023802a0802d3ba1366f4140e",
      "duration_seconds": 2.789499626999941
    },
    {
      "method": "GET",
      "path": "/reservations",
      "peer": "http://independent-verifier-dr-1004051619159918-source:8080",
      "key": null,
      "status": 200,
      "request_bytes": 0,
      "request_sha256": "e3b0c44298fc1c149afbf4c8996fb92427ae41e4649b934ca495991b7852b855",
      "response": {
        "reservations": [
          {
            "reservation_id": "res_58c92738a0fb4e70819f2214069d1525",
            "reference": "422B210FBA",
            "restaurant_id": "r",
            "table_id": "t",
            "party_size": 2,
            "starts_at_local": "2035-06-04T18:00",
            "starts_at": "2035-06-04T18:00:00+00:00",
            "ends_at": "2035-06-04T19:00:00+00:00",
            "status": "confirmed",
            "created_at": "2026-10-04T05:16:40.941193+00:00"
          }
        ]
      },
      "response_bytes": 335,
      "response_sha256": "77a3575ea559e6b869ecb44d4881629c79034608e52a40139781583748412591",
      "duration_seconds": 0.00047625000001971785
    },
    {
      "method": "GET",
      "path": "/_test/export",
      "peer": "http://independent-verifier-dr-1004051619159918-source:8080",
      "key": null,
      "status": 200,
      "request_bytes": 0,
      "request_sha256": "e3b0c44298fc1c149afbf4c8996fb92427ae41e4649b934ca495991b7852b855",
      "response": {
        "private_snapshot_sha256": "33bcbe5158c5ccca3b3911ceeed33b224cb5cf4766f1c9ce5722f91800080db9"
      },
      "response_bytes": 121966,
      "response_sha256": "33bcbe5158c5ccca3b3911ceeed33b224cb5cf4766f1c9ce5722f91800080db9",
      "duration_seconds": 0.030194875000006505
    },
    {
      "method": "POST",
      "path": "/reservations/422B210FBA/cancel",
      "peer": "http://independent-verifier-dr-1004051619159918-source:8080",
      "key": null,
      "status": 200,
      "request_bytes": 2,
      "request_sha256": "44136fa355b3678a1146ad16f7e8649e94fb4fc21fe77e8310c060f61caaff8a",
      "response": {
        "reservation_id": "res_58c92738a0fb4e70819f2214069d1525",
        "reference": "422B210FBA",
        "restaurant_id": "r",
        "table_id": "t",
        "party_size": 2,
        "starts_at_local": "2035-06-04T18:00",
        "starts_at": "2035-06-04T18:00:00+00:00",
        "ends_at": "2035-06-04T19:00:00+00:00",
        "status": "cancelled",
        "created_at": "2026-10-04T05:16:40.941193+00:00"
      },
      "response_bytes": 316,
      "response_sha256": "4adb206cd1f1721a506723bd3db9ed9356d85ffd70f17e4a3da158db050d7929",
      "duration_seconds": 0.0006169999999201536
    },
    {
      "method": "POST",
      "path": "/reservations",
      "peer": "http://independent-verifier-dr-1004051619159918-source:8080",
      "key": "competing-4",
      "status": 200,
      "request_bytes": 120102,
      "request_sha256": "d51df0705d06fd8f14e33b53807c5014e80985c8d779f69214c68b3f4b09c1c0",
      "response": {
        "reservation_id": "res_58c92738a0fb4e70819f2214069d1525",
        "reference": "422B210FBA",
        "restaurant_id": "r",
        "table_id": "t",
        "party_size": 2,
        "starts_at_local": "2035-06-04T18:00",
        "starts_at": "2035-06-04T18:00:00+00:00",
        "ends_at": "2035-06-04T19:00:00+00:00",
        "status": "confirmed",
        "created_at": "2026-10-04T05:16:40.941193+00:00"
      },
      "response_bytes": 316,
      "response_sha256": "7627cb3a25da79af8b421e7af46f18e593ef97f7e175c76382dda77c8e96a712",
      "duration_seconds": 0.044575291000001016
    },
    {
      "method": "POST",
      "path": "/_test/import",
      "peer": "http://independent-verifier-dr-1004051619159918-peer:8080",
      "key": null,
      "status": 204,
      "request_bytes": 121966,
      "request_sha256": "33bcbe5158c5ccca3b3911ceeed33b224cb5cf4766f1c9ce5722f91800080db9",
      "response": null,
      "response_bytes": 0,
      "response_sha256": "e3b0c44298fc1c149afbf4c8996fb92427ae41e4649b934ca495991b7852b855",
      "duration_seconds": 0.03427741699999842
    },
    {
      "method": "POST",
      "path": "/reservations",
      "peer": "http://independent-verifier-dr-1004051619159918-peer:8080",
      "key": "competing-4",
      "status": 200,
      "request_bytes": 120100,
      "request_sha256": "14b0ee1442d7360090e4155b22cbe13687f9795390acf529cc1cfe99166c2dbe",
      "response": {
        "reservation_id": "res_58c92738a0fb4e70819f2214069d1525",
        "reference": "422B210FBA",
        "restaurant_id": "r",
        "table_id": "t",
        "party_size": 2,
        "starts_at_local": "2035-06-04T18:00",
        "starts_at": "2035-06-04T18:00:00+00:00",
        "ends_at": "2035-06-04T19:00:00+00:00",
        "status": "confirmed",
        "created_at": "2026-10-04T05:16:40.941193+00:00"
      },
      "response_bytes": 316,
      "response_sha256": "7627cb3a25da79af8b421e7af46f18e593ef97f7e175c76382dda77c8e96a712",
      "duration_seconds": 0.044739542000002075
    },
    {
      "method": "GET",
      "path": "/reservations",
      "peer": "http://independent-verifier-dr-1004051619159918-peer:8080",
      "key": null,
      "status": 200,
      "request_bytes": 0,
      "request_sha256": "e3b0c44298fc1c149afbf4c8996fb92427ae41e4649b934ca495991b7852b855",
      "response": {
        "reservations": [
          {
            "reservation_id": "res_58c92738a0fb4e70819f2214069d1525",
            "reference": "422B210FBA",
            "restaurant_id": "r",
            "table_id": "t",
            "party_size": 2,
            "starts_at_local": "2035-06-04T18:00",
            "starts_at": "2035-06-04T18:00:00+00:00",
            "ends_at": "2035-06-04T19:00:00+00:00",
            "status": "confirmed",
            "created_at": "2026-10-04T05:16:40.941193+00:00"
          }
        ]
      },
      "response_bytes": 335,
      "response_sha256": "77a3575ea559e6b869ecb44d4881629c79034608e52a40139781583748412591",
      "duration_seconds": 0.0005702920000203449
    },
    {
      "method": "POST",
      "path": "/reservations",
      "peer": "http://independent-verifier-dr-1004051619159918-peer:8080",
      "key": "competing-4",
      "status": 409,
      "request_bytes": 120100,
      "request_sha256": "61af51a8f8876ac32f7741b85595b4810ba08c0ed4b3cece7a37995d0c8d4409",
      "response": {
        "error": {
          "code": "idempotency_key_reuse",
          "message": "idempotency key reuse"
        }
      },
      "response_bytes": 76,
      "response_sha256": "2b42a96c539152fcb2135ec70b68ac8da6df9264fe366266e11a895cda131456",
      "duration_seconds": 0.0443935829999873
    },
    {
      "method": "POST",
      "path": "/reservations",
      "peer": "http://independent-verifier-dr-1004051619159918-peer:8080",
      "key": "competing-0",
      "status": 201,
      "request_bytes": 120100,
      "request_sha256": "05492574927fa44d60a30efaae24d1beece43a951c37a485fe87f95a44d64913",
      "response": {
        "reservation_id": "res_cbb709bef65a47b789ee910d6bb055b4",
        "reference": "3FA5838126",
        "restaurant_id": "r",
        "table_id": "t",
        "party_size": 2,
        "starts_at_local": "2035-06-04T19:30",
        "starts_at": "2035-06-04T19:30:00+00:00",
        "ends_at": "2035-06-04T20:30:00+00:00",
        "status": "confirmed",
        "created_at": "2026-10-04T05:16:43.928105+00:00"
      },
      "response_bytes": 316,
      "response_sha256": "269ff2299cfed58053ba61bc1488d129f0e45bb3afe8d2585ed99d1c4845ab9b",
      "duration_seconds": 0.03283820799993009
    }
  ],
  "runner_errors": [],
  "duration_seconds": 11.445865421999997,
  "max_request_seconds": 3.1563992519999147,
  "max_request_bytes": 121966
}
