{
  "candidate": "58270860cb6a762c8a4c2a551672701fb00bd613",
  "wrapper_depth": 20000,
  "shapes": [
    "array",
    "object"
  ],
  "wave_size": 50,
  "requests": 246,
  "assertions": 38,
  "failed_assertions": 0,
  "checks": [
    {
      "requirement_id": "TK1-deep-race-array-reset",
      "passed": true,
      "expected": 204,
      "observed": "reset"
    },
    {
      "requirement_id": "TK1-deep-race-array-identical-clean-state",
      "passed": true,
      "expected": 204,
      "observed": "reset"
    },
    {
      "requirement_id": "TK1-deep-race-array-identical-one-create",
      "passed": true,
      "expected": "one 201",
      "observed": {
        "200": 49,
        "201": 1
      }
    },
    {
      "requirement_id": "TK1-deep-race-array-identical-other-statuses",
      "passed": true,
      "expected": "49 replay200 or overlap409",
      "observed": {
        "200": 49,
        "201": 1
      }
    },
    {
      "requirement_id": "TK1-deep-race-array-identical-other-bodies",
      "passed": true,
      "expected": "same original receipts or specified overlap errors",
      "observed": "checked"
    },
    {
      "requirement_id": "TK1-deep-race-array-identical-state-once",
      "passed": true,
      "expected": "one original record",
      "observed": 1
    },
    {
      "requirement_id": "TK1-deep-race-array-identical-immutable-alias",
      "passed": true,
      "expected": "original deep numeric-alias receipt after cancel",
      "observed": 200
    },
    {
      "requirement_id": "TK1-deep-race-array-identical-raw-transfer",
      "passed": true,
      "expected": "unchanged capture restores original token/record/receipt",
      "observed": {
        "import_status": 204,
        "replay_status": 200,
        "snapshot_bytes": 44000,
        "snapshot_sha256": "8ee33521508d40dd3bad4292167d71afe19597139b85747c5cc54856b8ba38bb",
        "deep_export_decoded": false
      }
    },
    {
      "requirement_id": "TK1-deep-race-array-identical-changed-body",
      "passed": true,
      "expected": 409,
      "observed": 409
    },
    {
      "requirement_id": "TK1-deep-race-array-competing-clean-state",
      "passed": true,
      "expected": 204,
      "observed": "reset"
    },
    {
      "requirement_id": "TK1-deep-race-array-competing-one-create",
      "passed": true,
      "expected": "one 201",
      "observed": {
        "201": 1,
        "409": 49
      }
    },
    {
      "requirement_id": "TK1-deep-race-array-competing-other-statuses",
      "passed": true,
      "expected": "49 replay200 or overlap409",
      "observed": {
        "201": 1,
        "409": 49
      }
    },
    {
      "requirement_id": "TK1-deep-race-array-competing-other-bodies",
      "passed": true,
      "expected": "same original receipts or specified overlap errors",
      "observed": "checked"
    },
    {
      "requirement_id": "TK1-deep-race-array-competing-state-once",
      "passed": true,
      "expected": "one original record",
      "observed": 1
    },
    {
      "requirement_id": "TK1-deep-race-array-competing-immutable-alias",
      "passed": true,
      "expected": "original deep numeric-alias receipt after cancel",
      "observed": 200
    },
    {
      "requirement_id": "TK1-deep-race-array-competing-raw-transfer",
      "passed": true,
      "expected": "unchanged capture restores original token/record/receipt",
      "observed": {
        "import_status": 204,
        "replay_status": 200,
        "snapshot_bytes": 44004,
        "snapshot_sha256": "ffa41ab0ca6d512a3f591958faa7e929715ac940d046b836522a024158557db3",
        "deep_export_decoded": false
      }
    },
    {
      "requirement_id": "TK1-deep-race-array-competing-changed-body",
      "passed": true,
      "expected": 409,
      "observed": 409
    },
    {
      "requirement_id": "TK1-deep-race-array-competing-failed-key-reusable",
      "passed": true,
      "expected": 201,
      "observed": 201
    },
    {
      "requirement_id": "TK1-deep-race-object-reset",
      "passed": true,
      "expected": 204,
      "observed": "reset"
    },
    {
      "requirement_id": "TK1-deep-race-object-identical-clean-state",
      "passed": true,
      "expected": 204,
      "observed": "reset"
    },
    {
      "requirement_id": "TK1-deep-race-object-identical-one-create",
      "passed": true,
      "expected": "one 201",
      "observed": {
        "200": 49,
        "201": 1
      }
    },
    {
      "requirement_id": "TK1-deep-race-object-identical-other-statuses",
      "passed": true,
      "expected": "49 replay200 or overlap409",
      "observed": {
        "200": 49,
        "201": 1
      }
    },
    {
      "requirement_id": "TK1-deep-race-object-identical-other-bodies",
      "passed": true,
      "expected": "same original receipts or specified overlap errors",
      "observed": "checked"
    },
    {
      "requirement_id": "TK1-deep-race-object-identical-state-once",
      "passed": true,
      "expected": "one original record",
      "observed": 1
    },
    {
      "requirement_id": "TK1-deep-race-object-identical-immutable-alias",
      "passed": true,
      "expected": "original deep numeric-alias receipt after cancel",
      "observed": 200
    },
    {
      "requirement_id": "TK1-deep-race-object-identical-raw-transfer",
      "passed": true,
      "expected": "unchanged capture restores original token/record/receipt",
      "observed": {
        "import_status": 204,
        "replay_status": 200,
        "snapshot_bytes": 124000,
        "snapshot_sha256": "6b2243d0cb3e3768eff7b248cdb768d4763abaf5f0afbce63293a90332a339aa",
        "deep_export_decoded": false
      }
    },
    {
      "requirement_id": "TK1-deep-race-object-identical-changed-body",
      "passed": true,
      "expected": 409,
      "observed": 409
    },
    {
      "requirement_id": "TK1-deep-race-object-competing-clean-state",
      "passed": true,
      "expected": 204,
      "observed": "reset"
    },
    {
      "requirement_id": "TK1-deep-race-object-competing-one-create",
      "passed": true,
      "expected": "one 201",
      "observed": {
        "409": 49,
        "201": 1
      }
    },
    {
      "requirement_id": "TK1-deep-race-object-competing-other-statuses",
      "passed": true,
      "expected": "49 replay200 or overlap409",
      "observed": {
        "409": 49,
        "201": 1
      }
    },
    {
      "requirement_id": "TK1-deep-race-object-competing-other-bodies",
      "passed": true,
      "expected": "same original receipts or specified overlap errors",
      "observed": "checked"
    },
    {
      "requirement_id": "TK1-deep-race-object-competing-state-once",
      "passed": true,
      "expected": "one original record",
      "observed": 1
    },
    {
      "requirement_id": "TK1-deep-race-object-competing-immutable-alias",
      "passed": true,
      "expected": "original deep numeric-alias receipt after cancel",
      "observed": 200
    },
    {
      "requirement_id": "TK1-deep-race-object-competing-raw-transfer",
      "passed": true,
      "expected": "unchanged capture restores original token/record/receipt",
      "observed": {
        "import_status": 204,
        "replay_status": 200,
        "snapshot_bytes": 124005,
        "snapshot_sha256": "d4e65cf4166ba86e254fbc9434997f84ad549f9b159dcaf27505fd5277883530",
        "deep_export_decoded": false
      }
    },
    {
      "requirement_id": "TK1-deep-race-object-competing-changed-body",
      "passed": true,
      "expected": 409,
      "observed": 409
    },
    {
      "requirement_id": "TK1-deep-race-object-competing-failed-key-reusable",
      "passed": true,
      "expected": 201,
      "observed": 201
    },
    {
      "requirement_id": "TK1-deep-race-all-timing",
      "passed": true,
      "expected": "ordinary<5/control<10",
      "observed": 3.2686127929999884
    },
    {
      "requirement_id": "TK1-deep-race-all-no-5xx",
      "passed": true,
      "expected": "no5xx",
      "observed": "checked"
    }
  ],
  "operations": [
    {
      "method": "POST",
      "path": "/_test/reset",
      "peer": "http://independent-verifier-s4-1004095136-target:18309",
      "key": null,
      "status": 204,
      "request_bytes": 607,
      "request_sha256": "74cefc9206668bfa993957c2d83f374d558873eddd8d389940dfffafe6a6de56",
      "response": null,
      "response_bytes": 0,
      "response_sha256": "e3b0c44298fc1c149afbf4c8996fb92427ae41e4649b934ca495991b7852b855",
      "duration_seconds": 0.002189750000013646
    },
    {
      "method": "POST",
      "path": "/auth/signup",
      "peer": "http://independent-verifier-s4-1004095136-target:18309",
      "key": null,
      "status": 201,
      "request_bytes": 87,
      "request_sha256": "d9a4d5e4deca95fe0ddb7cf20abb91ae68b60f1228547572593e5c04693dd3c0",
      "response": {
        "user_id": "u_fcc0e7480d384083b0057e9eed9b4860",
        "display_name": "Race Diner"
      },
      "response_bytes": 130,
      "response_sha256": "e33a73b339f11397562cc91eb05db92699a073a9b3a8169b259c7db90b58589f",
      "duration_seconds": 0.029113915999971596
    },
    {
      "method": "POST",
      "path": "/_test/reset",
      "peer": "http://independent-verifier-s4-1004095136-target:18309",
      "key": null,
      "status": 204,
      "request_bytes": 607,
      "request_sha256": "74cefc9206668bfa993957c2d83f374d558873eddd8d389940dfffafe6a6de56",
      "response": null,
      "response_bytes": 0,
      "response_sha256": "e3b0c44298fc1c149afbf4c8996fb92427ae41e4649b934ca495991b7852b855",
      "duration_seconds": 0.0006993750000106047
    },
    {
      "method": "POST",
      "path": "/auth/signup",
      "peer": "http://independent-verifier-s4-1004095136-target:18309",
      "key": null,
      "status": 201,
      "request_bytes": 87,
      "request_sha256": "d9a4d5e4deca95fe0ddb7cf20abb91ae68b60f1228547572593e5c04693dd3c0",
      "response": {
        "user_id": "u_8e23f4ca880e4ebcbca53733a3cce84f",
        "display_name": "Race Diner"
      },
      "response_bytes": 130,
      "response_sha256": "05feeed5f2fae341c8ceac8fd5c1c1ac8a0c8e51d167fa3d96c7d8241188cc3e",
      "duration_seconds": 0.023398833000044306
    },
    {
      "method": "POST",
      "path": "/reservations",
      "peer": "http://independent-verifier-s4-1004095136-target:18309",
      "key": "one-key",
      "status": 201,
      "request_bytes": 40100,
      "request_sha256": "ace2eeb4fa0a8f39ee7a15d01fd07f49a847b8eece15089e342e367fb4d54c39",
      "response": {
        "reservation_id": "res_8a79a5fd270e4980b09d045c41fcfa7d",
        "reference": "DE77A8721F",
        "restaurant_id": "r",
        "table_ids": [
          "t"
        ],
        "party_size": 2,
        "starts_at_local": "2035-06-04T18:00",
        "starts_at": "2035-06-04T18:00:00+00:00",
        "ends_at": "2035-06-04T19:00:00+00:00",
        "accepted_terms": {
          "policy_version": 0,
          "slot_minutes": 30,
          "reservation_duration_minutes": 60,
          "cancellation_cutoff_minutes": 0,
          "opening_hours": [
            {
              "weekday": "mon",
              "opens": "00:00",
              "closes": "23:59"
            },
            {
              "weekday": "tue",
              "opens": "00:00",
              "closes": "23:59"
            },
            {
              "weekday": "wed",
              "opens": "00:00",
              "closes": "23:59"
            },
            {
              "weekday": "thu",
              "opens": "00:00",
              "closes": "23:59"
            },
            {
              "weekday": "fri",
              "opens": "00:00",
              "closes": "23:59"
            },
            {
              "weekday": "sat",
              "opens": "00:00",
              "closes": "23:59"
            },
            {
              "weekday": "sun",
              "opens": "00:00",
              "closes": "23:59"
            }
          ],
          "capacities": {
            "t": 4
          }
        },
        "table_id": "t",
        "status": "confirmed",
        "created_at": "2026-10-04T09:58:58.065086+00:00",
        "revision": 1
      },
      "response_bytes": 865,
      "response_sha256": "0fbda0475ef79b967f5b49307371d98251c575dc2ca21f27c1b05697ededa161",
      "duration_seconds": 0.1669060419999937
    },
    {
      "method": "POST",
      "path": "/reservations",
      "peer": "http://independent-verifier-s4-1004095136-target:18309",
      "key": "one-key",
      "status": 200,
      "request_bytes": 40100,
      "request_sha256": "ace2eeb4fa0a8f39ee7a15d01fd07f49a847b8eece15089e342e367fb4d54c39",
      "response": {
        "reservation_id": "res_8a79a5fd270e4980b09d045c41fcfa7d",
        "reference": "DE77A8721F",
        "restaurant_id": "r",
        "table_ids": [
          "t"
        ],
        "party_size": 2,
        "starts_at_local": "2035-06-04T18:00",
        "starts_at": "2035-06-04T18:00:00+00:00",
        "ends_at": "2035-06-04T19:00:00+00:00",
        "accepted_terms": {
          "policy_version": 0,
          "slot_minutes": 30,
          "reservation_duration_minutes": 60,
          "cancellation_cutoff_minutes": 0,
          "opening_hours": [
            {
              "weekday": "mon",
              "opens": "00:00",
              "closes": "23:59"
            },
            {
              "weekday": "tue",
              "opens": "00:00",
              "closes": "23:59"
            },
            {
              "weekday": "wed",
              "opens": "00:00",
              "closes": "23:59"
            },
            {
              "weekday": "thu",
              "opens": "00:00",
              "closes": "23:59"
            },
            {
              "weekday": "fri",
              "opens": "00:00",
              "closes": "23:59"
            },
            {
              "weekday": "sat",
              "opens": "00:00",
              "closes": "23:59"
            },
            {
              "weekday": "sun",
              "opens": "00:00",
              "closes": "23:59"
            }
          ],
          "capacities": {
            "t": 4
          }
        },
        "table_id": "t",
        "status": "confirmed",
        "created_at": "2026-10-04T09:58:58.065086+00:00",
        "revision": 1
      },
      "response_bytes": 865,
      "response_sha256": "0fbda0475ef79b967f5b49307371d98251c575dc2ca21f27c1b05697ededa161",
      "duration_seconds": 0.2992843339999922
    },
    {
      "method": "POST",
      "path": "/reservations",
      "peer": "http://independent-verifier-s4-1004095136-target:18309",
      "key": "one-key",
      "status": 200,
      "request_bytes": 40100,
      "request_sha256": "ace2eeb4fa0a8f39ee7a15d01fd07f49a847b8eece15089e342e367fb4d54c39",
      "response": {
        "reservation_id": "res_8a79a5fd270e4980b09d045c41fcfa7d",
        "reference": "DE77A8721F",
        "restaurant_id": "r",
        "table_ids": [
          "t"
        ],
        "party_size": 2,
        "starts_at_local": "2035-06-04T18:00",
        "starts_at": "2035-06-04T18:00:00+00:00",
        "ends_at": "2035-06-04T19:00:00+00:00",
        "accepted_terms": {
          "policy_version": 0,
          "slot_minutes": 30,
          "reservation_duration_minutes": 60,
          "cancellation_cutoff_minutes": 0,
          "opening_hours": [
            {
              "weekday": "mon",
              "opens": "00:00",
              "closes": "23:59"
            },
            {
              "weekday": "tue",
              "opens": "00:00",
              "closes": "23:59"
            },
            {
              "weekday": "wed",
              "opens": "00:00",
              "closes": "23:59"
            },
            {
              "weekday": "thu",
              "opens": "00:00",
              "closes": "23:59"
            },
            {
              "weekday": "fri",
              "opens": "00:00",
              "closes": "23:59"
            },
            {
              "weekday": "sat",
              "opens": "00:00",
              "closes": "23:59"
            },
            {
              "weekday": "sun",
              "opens": "00:00",
              "closes": "23:59"
            }
          ],
          "capacities": {
            "t": 4
          }
        },
        "table_id": "t",
        "status": "confirmed",
        "created_at": "2026-10-04T09:58:58.065086+00:00",
        "revision": 1
      },
      "response_bytes": 865,
      "response_sha256": "0fbda0475ef79b967f5b49307371d98251c575dc2ca21f27c1b05697ededa161",
      "duration_seconds": 0.39611166700001377
    },
    {
      "method": "POST",
      "path": "/reservations",
      "peer": "http://independent-verifier-s4-1004095136-target:18309",
      "key": "one-key",
      "status": 200,
      "request_bytes": 40100,
      "request_sha256": "ace2eeb4fa0a8f39ee7a15d01fd07f49a847b8eece15089e342e367fb4d54c39",
      "response": {
        "reservation_id": "res_8a79a5fd270e4980b09d045c41fcfa7d",
        "reference": "DE77A8721F",
        "restaurant_id": "r",
        "table_ids": [
          "t"
        ],
        "party_size": 2,
        "starts_at_local": "2035-06-04T18:00",
        "starts_at": "2035-06-04T18:00:00+00:00",
        "ends_at": "2035-06-04T19:00:00+00:00",
        "accepted_terms": {
          "policy_version": 0,
          "slot_minutes": 30,
          "reservation_duration_minutes": 60,
          "cancellation_cutoff_minutes": 0,
          "opening_hours": [
            {
              "weekday": "mon",
              "opens": "00:00",
              "closes": "23:59"
            },
            {
              "weekday": "tue",
              "opens": "00:00",
              "closes": "23:59"
            },
            {
              "weekday": "wed",
              "opens": "00:00",
              "closes": "23:59"
            },
            {
              "weekday": "thu",
              "opens": "00:00",
              "closes": "23:59"
            },
            {
              "weekday": "fri",
              "opens": "00:00",
              "closes": "23:59"
            },
            {
              "weekday": "sat",
              "opens": "00:00",
              "closes": "23:59"
            },
            {
              "weekday": "sun",
              "opens": "00:00",
              "closes": "23:59"
            }
          ],
          "capacities": {
            "t": 4
          }
        },
        "table_id": "t",
        "status": "confirmed",
        "created_at": "2026-10-04T09:58:58.065086+00:00",
        "revision": 1
      },
      "response_bytes": 865,
      "response_sha256": "0fbda0475ef79b967f5b49307371d98251c575dc2ca21f27c1b05697ededa161",
      "duration_seconds": 0.4842812499999809
    },
    {
      "method": "POST",
      "path": "/reservations",
      "peer": "http://independent-verifier-s4-1004095136-target:18309",
      "key": "one-key",
      "status": 200,
      "request_bytes": 40100,
      "request_sha256": "ace2eeb4fa0a8f39ee7a15d01fd07f49a847b8eece15089e342e367fb4d54c39",
      "response": {
        "reservation_id": "res_8a79a5fd270e4980b09d045c41fcfa7d",
        "reference": "DE77A8721F",
        "restaurant_id": "r",
        "table_ids": [
          "t"
        ],
        "party_size": 2,
        "starts_at_local": "2035-06-04T18:00",
        "starts_at": "2035-06-04T18:00:00+00:00",
        "ends_at": "2035-06-04T19:00:00+00:00",
        "accepted_terms": {
          "policy_version": 0,
          "slot_minutes": 30,
          "reservation_duration_minutes": 60,
          "cancellation_cutoff_minutes": 0,
          "opening_hours": [
            {
              "weekday": "mon",
              "opens": "00:00",
              "closes": "23:59"
            },
            {
              "weekday": "tue",
              "opens": "00:00",
              "closes": "23:59"
            },
            {
              "weekday": "wed",
              "opens": "00:00",
              "closes": "23:59"
            },
            {
              "weekday": "thu",
              "opens": "00:00",
              "closes": "23:59"
            },
            {
              "weekday": "fri",
              "opens": "00:00",
              "closes": "23:59"
            },
            {
              "weekday": "sat",
              "opens": "00:00",
              "closes": "23:59"
            },
            {
              "weekday": "sun",
              "opens": "00:00",
              "closes": "23:59"
            }
          ],
          "capacities": {
            "t": 4
          }
        },
        "table_id": "t",
        "status": "confirmed",
        "created_at": "2026-10-04T09:58:58.065086+00:00",
        "revision": 1
      },
      "response_bytes": 865,
      "response_sha256": "0fbda0475ef79b967f5b49307371d98251c575dc2ca21f27c1b05697ededa161",
      "duration_seconds": 0.5409839590000161
    },
    {
      "method": "POST",
      "path": "/reservations",
      "peer": "http://independent-verifier-s4-1004095136-target:18309",
      "key": "one-key",
      "status": 200,
      "request_bytes": 40100,
      "request_sha256": "ace2eeb4fa0a8f39ee7a15d01fd07f49a847b8eece15089e342e367fb4d54c39",
      "response": {
        "reservation_id": "res_8a79a5fd270e4980b09d045c41fcfa7d",
        "reference": "DE77A8721F",
        "restaurant_id": "r",
        "table_ids": [
          "t"
        ],
        "party_size": 2,
        "starts_at_local": "2035-06-04T18:00",
        "starts_at": "2035-06-04T18:00:00+00:00",
        "ends_at": "2035-06-04T19:00:00+00:00",
        "accepted_terms": {
          "policy_version": 0,
          "slot_minutes": 30,
          "reservation_duration_minutes": 60,
          "cancellation_cutoff_minutes": 0,
          "opening_hours": [
            {
              "weekday": "mon",
              "opens": "00:00",
              "closes": "23:59"
            },
            {
              "weekday": "tue",
              "opens": "00:00",
              "closes": "23:59"
            },
            {
              "weekday": "wed",
              "opens": "00:00",
              "closes": "23:59"
            },
            {
              "weekday": "thu",
              "opens": "00:00",
              "closes": "23:59"
            },
            {
              "weekday": "fri",
              "opens": "00:00",
              "closes": "23:59"
            },
            {
              "weekday": "sat",
              "opens": "00:00",
              "closes": "23:59"
            },
            {
              "weekday": "sun",
              "opens": "00:00",
              "closes": "23:59"
            }
          ],
          "capacities": {
            "t": 4
          }
        },
        "table_id": "t",
        "status": "confirmed",
        "created_at": "2026-10-04T09:58:58.065086+00:00",
        "revision": 1
      },
      "response_bytes": 865,
      "response_sha256": "0fbda0475ef79b967f5b49307371d98251c575dc2ca21f27c1b05697ededa161",
      "duration_seconds": 0.5889206670000249
    },
    {
      "method": "POST",
      "path": "/reservations",
      "peer": "http://independent-verifier-s4-1004095136-target:18309",
      "key": "one-key",
      "status": 200,
      "request_bytes": 40100,
      "request_sha256": "ace2eeb4fa0a8f39ee7a15d01fd07f49a847b8eece15089e342e367fb4d54c39",
      "response": {
        "reservation_id": "res_8a79a5fd270e4980b09d045c41fcfa7d",
        "reference": "DE77A8721F",
        "restaurant_id": "r",
        "table_ids": [
          "t"
        ],
        "party_size": 2,
        "starts_at_local": "2035-06-04T18:00",
        "starts_at": "2035-06-04T18:00:00+00:00",
        "ends_at": "2035-06-04T19:00:00+00:00",
        "accepted_terms": {
          "policy_version": 0,
          "slot_minutes": 30,
          "reservation_duration_minutes": 60,
          "cancellation_cutoff_minutes": 0,
          "opening_hours": [
            {
              "weekday": "mon",
              "opens": "00:00",
              "closes": "23:59"
            },
            {
              "weekday": "tue",
              "opens": "00:00",
              "closes": "23:59"
            },
            {
              "weekday": "wed",
              "opens": "00:00",
              "closes": "23:59"
            },
            {
              "weekday": "thu",
              "opens": "00:00",
              "closes": "23:59"
            },
            {
              "weekday": "fri",
              "opens": "00:00",
              "closes": "23:59"
            },
            {
              "weekday": "sat",
              "opens": "00:00",
              "closes": "23:59"
            },
            {
              "weekday": "sun",
              "opens": "00:00",
              "closes": "23:59"
            }
          ],
          "capacities": {
            "t": 4
          }
        },
        "table_id": "t",
        "status": "confirmed",
        "created_at": "2026-10-04T09:58:58.065086+00:00",
        "revision": 1
      },
      "response_bytes": 865,
      "response_sha256": "0fbda0475ef79b967f5b49307371d98251c575dc2ca21f27c1b05697ededa161",
      "duration_seconds": 0.6389572090000115
    },
    {
      "method": "POST",
      "path": "/reservations",
      "peer": "http://independent-verifier-s4-1004095136-target:18309",
      "key": "one-key",
      "status": 200,
      "request_bytes": 40100,
      "request_sha256": "ace2eeb4fa0a8f39ee7a15d01fd07f49a847b8eece15089e342e367fb4d54c39",
      "response": {
        "reservation_id": "res_8a79a5fd270e4980b09d045c41fcfa7d",
        "reference": "DE77A8721F",
        "restaurant_id": "r",
        "table_ids": [
          "t"
        ],
        "party_size": 2,
        "starts_at_local": "2035-06-04T18:00",
        "starts_at": "2035-06-04T18:00:00+00:00",
        "ends_at": "2035-06-04T19:00:00+00:00",
        "accepted_terms": {
          "policy_version": 0,
          "slot_minutes": 30,
          "reservation_duration_minutes": 60,
          "cancellation_cutoff_minutes": 0,
          "opening_hours": [
            {
              "weekday": "mon",
              "opens": "00:00",
              "closes": "23:59"
            },
            {
              "weekday": "tue",
              "opens": "00:00",
              "closes": "23:59"
            },
            {
              "weekday": "wed",
              "opens": "00:00",
              "closes": "23:59"
            },
            {
              "weekday": "thu",
              "opens": "00:00",
              "closes": "23:59"
            },
            {
              "weekday": "fri",
              "opens": "00:00",
              "closes": "23:59"
            },
            {
              "weekday": "sat",
              "opens": "00:00",
              "closes": "23:59"
            },
            {
              "weekday": "sun",
              "opens": "00:00",
              "closes": "23:59"
            }
          ],
          "capacities": {
            "t": 4
          }
        },
        "table_id": "t",
        "status": "confirmed",
        "created_at": "2026-10-04T09:58:58.065086+00:00",
        "revision": 1
      },
      "response_bytes": 865,
      "response_sha256": "0fbda0475ef79b967f5b49307371d98251c575dc2ca21f27c1b05697ededa161",
      "duration_seconds": 0.7209422500000073
    },
    {
      "method": "POST",
      "path": "/reservations",
      "peer": "http://independent-verifier-s4-1004095136-target:18309",
      "key": "one-key",
      "status": 200,
      "request_bytes": 40100,
      "request_sha256": "ace2eeb4fa0a8f39ee7a15d01fd07f49a847b8eece15089e342e367fb4d54c39",
      "response": {
        "reservation_id": "res_8a79a5fd270e4980b09d045c41fcfa7d",
        "reference": "DE77A8721F",
        "restaurant_id": "r",
        "table_ids": [
          "t"
        ],
        "party_size": 2,
        "starts_at_local": "2035-06-04T18:00",
        "starts_at": "2035-06-04T18:00:00+00:00",
        "ends_at": "2035-06-04T19:00:00+00:00",
        "accepted_terms": {
          "policy_version": 0,
          "slot_minutes": 30,
          "reservation_duration_minutes": 60,
          "cancellation_cutoff_minutes": 0,
          "opening_hours": [
            {
              "weekday": "mon",
              "opens": "00:00",
              "closes": "23:59"
            },
            {
              "weekday": "tue",
              "opens": "00:00",
              "closes": "23:59"
            },
            {
              "weekday": "wed",
              "opens": "00:00",
              "closes": "23:59"
            },
            {
              "weekday": "thu",
              "opens": "00:00",
              "closes": "23:59"
            },
            {
              "weekday": "fri",
              "opens": "00:00",
              "closes": "23:59"
            },
            {
              "weekday": "sat",
              "opens": "00:00",
              "closes": "23:59"
            },
            {
              "weekday": "sun",
              "opens": "00:00",
              "closes": "23:59"
            }
          ],
          "capacities": {
            "t": 4
          }
        },
        "table_id": "t",
        "status": "confirmed",
        "created_at": "2026-10-04T09:58:58.065086+00:00",
        "revision": 1
      },
      "response_bytes": 865,
      "response_sha256": "0fbda0475ef79b967f5b49307371d98251c575dc2ca21f27c1b05697ededa161",
      "duration_seconds": 0.7957013330000109
    },
    {
      "method": "POST",
      "path": "/reservations",
      "peer": "http://independent-verifier-s4-1004095136-target:18309",
      "key": "one-key",
      "status": 200,
      "request_bytes": 40100,
      "request_sha256": "ace2eeb4fa0a8f39ee7a15d01fd07f49a847b8eece15089e342e367fb4d54c39",
      "response": {
        "reservation_id": "res_8a79a5fd270e4980b09d045c41fcfa7d",
        "reference": "DE77A8721F",
        "restaurant_id": "r",
        "table_ids": [
          "t"
        ],
        "party_size": 2,
        "starts_at_local": "2035-06-04T18:00",
        "starts_at": "2035-06-04T18:00:00+00:00",
        "ends_at": "2035-06-04T19:00:00+00:00",
        "accepted_terms": {
          "policy_version": 0,
          "slot_minutes": 30,
          "reservation_duration_minutes": 60,
          "cancellation_cutoff_minutes": 0,
          "opening_hours": [
            {
              "weekday": "mon",
              "opens": "00:00",
              "closes": "23:59"
            },
            {
              "weekday": "tue",
              "opens": "00:00",
              "closes": "23:59"
            },
            {
              "weekday": "wed",
              "opens": "00:00",
              "closes": "23:59"
            },
            {
              "weekday": "thu",
              "opens": "00:00",
              "closes": "23:59"
            },
            {
              "weekday": "fri",
              "opens": "00:00",
              "closes": "23:59"
            },
            {
              "weekday": "sat",
              "opens": "00:00",
              "closes": "23:59"
            },
            {
              "weekday": "sun",
              "opens": "00:00",
              "closes": "23:59"
            }
          ],
          "capacities": {
            "t": 4
          }
        },
        "table_id": "t",
        "status": "confirmed",
        "created_at": "2026-10-04T09:58:58.065086+00:00",
        "revision": 1
      },
      "response_bytes": 865,
      "response_sha256": "0fbda0475ef79b967f5b49307371d98251c575dc2ca21f27c1b05697ededa161",
      "duration_seconds": 0.9053325419999965
    },
    {
      "method": "POST",
      "path": "/reservations",
      "peer": "http://independent-verifier-s4-1004095136-target:18309",
      "key": "one-key",
      "status": 200,
      "request_bytes": 40100,
      "request_sha256": "ace2eeb4fa0a8f39ee7a15d01fd07f49a847b8eece15089e342e367fb4d54c39",
      "response": {
        "reservation_id": "res_8a79a5fd270e4980b09d045c41fcfa7d",
        "reference": "DE77A8721F",
        "restaurant_id": "r",
        "table_ids": [
          "t"
        ],
        "party_size": 2,
        "starts_at_local": "2035-06-04T18:00",
        "starts_at": "2035-06-04T18:00:00+00:00",
        "ends_at": "2035-06-04T19:00:00+00:00",
        "accepted_terms": {
          "policy_version": 0,
          "slot_minutes": 30,
          "reservation_duration_minutes": 60,
          "cancellation_cutoff_minutes": 0,
          "opening_hours": [
            {
              "weekday": "mon",
              "opens": "00:00",
              "closes": "23:59"
            },
            {
              "weekday": "tue",
              "opens": "00:00",
              "closes": "23:59"
            },
            {
              "weekday": "wed",
              "opens": "00:00",
              "closes": "23:59"
            },
            {
              "weekday": "thu",
              "opens": "00:00",
              "closes": "23:59"
            },
            {
              "weekday": "fri",
              "opens": "00:00",
              "closes": "23:59"
            },
            {
              "weekday": "sat",
              "opens": "00:00",
              "closes": "23:59"
            },
            {
              "weekday": "sun",
              "opens": "00:00",
              "closes": "23:59"
            }
          ],
          "capacities": {
            "t": 4
          }
        },
        "table_id": "t",
        "status": "confirmed",
        "created_at": "2026-10-04T09:58:58.065086+00:00",
        "revision": 1
      },
      "response_bytes": 865,
      "response_sha256": "0fbda0475ef79b967f5b49307371d98251c575dc2ca21f27c1b05697ededa161",
      "duration_seconds": 0.9484449170000175
    },
    {
      "method": "POST",
      "path": "/reservations",
      "peer": "http://independent-verifier-s4-1004095136-target:18309",
      "key": "one-key",
      "status": 200,
      "request_bytes": 40100,
      "request_sha256": "ace2eeb4fa0a8f39ee7a15d01fd07f49a847b8eece15089e342e367fb4d54c39",
      "response": {
        "reservation_id": "res_8a79a5fd270e4980b09d045c41fcfa7d",
        "reference": "DE77A8721F",
        "restaurant_id": "r",
        "table_ids": [
          "t"
        ],
        "party_size": 2,
        "starts_at_local": "2035-06-04T18:00",
        "starts_at": "2035-06-04T18:00:00+00:00",
        "ends_at": "2035-06-04T19:00:00+00:00",
        "accepted_terms": {
          "policy_version": 0,
          "slot_minutes": 30,
          "reservation_duration_minutes": 60,
          "cancellation_cutoff_minutes": 0,
          "opening_hours": [
            {
              "weekday": "mon",
              "opens": "00:00",
              "closes": "23:59"
            },
            {
              "weekday": "tue",
              "opens": "00:00",
              "closes": "23:59"
            },
            {
              "weekday": "wed",
              "opens": "00:00",
              "closes": "23:59"
            },
            {
              "weekday": "thu",
              "opens": "00:00",
              "closes": "23:59"
            },
            {
              "weekday": "fri",
              "opens": "00:00",
              "closes": "23:59"
            },
            {
              "weekday": "sat",
              "opens": "00:00",
              "closes": "23:59"
            },
            {
              "weekday": "sun",
              "opens": "00:00",
              "closes": "23:59"
            }
          ],
          "capacities": {
            "t": 4
          }
        },
        "table_id": "t",
        "status": "confirmed",
        "created_at": "2026-10-04T09:58:58.065086+00:00",
        "revision": 1
      },
      "response_bytes": 865,
      "response_sha256": "0fbda0475ef79b967f5b49307371d98251c575dc2ca21f27c1b05697ededa161",
      "duration_seconds": 0.9587859590000107
    },
    {
      "method": "POST",
      "path": "/reservations",
      "peer": "http://independent-verifier-s4-1004095136-target:18309",
      "key": "one-key",
      "status": 200,
      "request_bytes": 40100,
      "request_sha256": "ace2eeb4fa0a8f39ee7a15d01fd07f49a847b8eece15089e342e367fb4d54c39",
      "response": {
        "reservation_id": "res_8a79a5fd270e4980b09d045c41fcfa7d",
        "reference": "DE77A8721F",
        "restaurant_id": "r",
        "table_ids": [
          "t"
        ],
        "party_size": 2,
        "starts_at_local": "2035-06-04T18:00",
        "starts_at": "2035-06-04T18:00:00+00:00",
        "ends_at": "2035-06-04T19:00:00+00:00",
        "accepted_terms": {
          "policy_version": 0,
          "slot_minutes": 30,
          "reservation_duration_minutes": 60,
          "cancellation_cutoff_minutes": 0,
          "opening_hours": [
            {
              "weekday": "mon",
              "opens": "00:00",
              "closes": "23:59"
            },
            {
              "weekday": "tue",
              "opens": "00:00",
              "closes": "23:59"
            },
            {
              "weekday": "wed",
              "opens": "00:00",
              "closes": "23:59"
            },
            {
              "weekday": "thu",
              "opens": "00:00",
              "closes": "23:59"
            },
            {
              "weekday": "fri",
              "opens": "00:00",
              "closes": "23:59"
            },
            {
              "weekday": "sat",
              "opens": "00:00",
              "closes": "23:59"
            },
            {
              "weekday": "sun",
              "opens": "00:00",
              "closes": "23:59"
            }
          ],
          "capacities": {
            "t": 4
          }
        },
        "table_id": "t",
        "status": "confirmed",
        "created_at": "2026-10-04T09:58:58.065086+00:00",
        "revision": 1
      },
      "response_bytes": 865,
      "response_sha256": "0fbda0475ef79b967f5b49307371d98251c575dc2ca21f27c1b05697ededa161",
      "duration_seconds": 1.0592807499999708
    },
    {
      "method": "POST",
      "path": "/reservations",
      "peer": "http://independent-verifier-s4-1004095136-target:18309",
      "key": "one-key",
      "status": 200,
      "request_bytes": 40100,
      "request_sha256": "ace2eeb4fa0a8f39ee7a15d01fd07f49a847b8eece15089e342e367fb4d54c39",
      "response": {
        "reservation_id": "res_8a79a5fd270e4980b09d045c41fcfa7d",
        "reference": "DE77A8721F",
        "restaurant_id": "r",
        "table_ids": [
          "t"
        ],
        "party_size": 2,
        "starts_at_local": "2035-06-04T18:00",
        "starts_at": "2035-06-04T18:00:00+00:00",
        "ends_at": "2035-06-04T19:00:00+00:00",
        "accepted_terms": {
          "policy_version": 0,
          "slot_minutes": 30,
          "reservation_duration_minutes": 60,
          "cancellation_cutoff_minutes": 0,
          "opening_hours": [
            {
              "weekday": "mon",
              "opens": "00:00",
              "closes": "23:59"
            },
            {
              "weekday": "tue",
              "opens": "00:00",
              "closes": "23:59"
            },
            {
              "weekday": "wed",
              "opens": "00:00",
              "closes": "23:59"
            },
            {
              "weekday": "thu",
              "opens": "00:00",
              "closes": "23:59"
            },
            {
              "weekday": "fri",
              "opens": "00:00",
              "closes": "23:59"
            },
            {
              "weekday": "sat",
              "opens": "00:00",
              "closes": "23:59"
            },
            {
              "weekday": "sun",
              "opens": "00:00",
              "closes": "23:59"
            }
          ],
          "capacities": {
            "t": 4
          }
        },
        "table_id": "t",
        "status": "confirmed",
        "created_at": "2026-10-04T09:58:58.065086+00:00",
        "revision": 1
      },
      "response_bytes": 865,
      "response_sha256": "0fbda0475ef79b967f5b49307371d98251c575dc2ca21f27c1b05697ededa161",
      "duration_seconds": 1.139723459000038
    },
    {
      "method": "POST",
      "path": "/reservations",
      "peer": "http://independent-verifier-s4-1004095136-target:18309",
      "key": "one-key",
      "status": 200,
      "request_bytes": 40100,
      "request_sha256": "ace2eeb4fa0a8f39ee7a15d01fd07f49a847b8eece15089e342e367fb4d54c39",
      "response": {
        "reservation_id": "res_8a79a5fd270e4980b09d045c41fcfa7d",
        "reference": "DE77A8721F",
        "restaurant_id": "r",
        "table_ids": [
          "t"
        ],
        "party_size": 2,
        "starts_at_local": "2035-06-04T18:00",
        "starts_at": "2035-06-04T18:00:00+00:00",
        "ends_at": "2035-06-04T19:00:00+00:00",
        "accepted_terms": {
          "policy_version": 0,
          "slot_minutes": 30,
          "reservation_duration_minutes": 60,
          "cancellation_cutoff_minutes": 0,
          "opening_hours": [
            {
              "weekday": "mon",
              "opens": "00:00",
              "closes": "23:59"
            },
            {
              "weekday": "tue",
              "opens": "00:00",
              "closes": "23:59"
            },
            {
              "weekday": "wed",
              "opens": "00:00",
              "closes": "23:59"
            },
            {
              "weekday": "thu",
              "opens": "00:00",
              "closes": "23:59"
            },
            {
              "weekday": "fri",
              "opens": "00:00",
              "closes": "23:59"
            },
            {
              "weekday": "sat",
              "opens": "00:00",
              "closes": "23:59"
            },
            {
              "weekday": "sun",
              "opens": "00:00",
              "closes": "23:59"
            }
          ],
          "capacities": {
            "t": 4
          }
        },
        "table_id": "t",
        "status": "confirmed",
        "created_at": "2026-10-04T09:58:58.065086+00:00",
        "revision": 1
      },
      "response_bytes": 865,
      "response_sha256": "0fbda0475ef79b967f5b49307371d98251c575dc2ca21f27c1b05697ededa161",
      "duration_seconds": 1.1597701669999765
    },
    {
      "method": "POST",
      "path": "/reservations",
      "peer": "http://independent-verifier-s4-1004095136-target:18309",
      "key": "one-key",
      "status": 200,
      "request_bytes": 40100,
      "request_sha256": "ace2eeb4fa0a8f39ee7a15d01fd07f49a847b8eece15089e342e367fb4d54c39",
      "response": {
        "reservation_id": "res_8a79a5fd270e4980b09d045c41fcfa7d",
        "reference": "DE77A8721F",
        "restaurant_id": "r",
        "table_ids": [
          "t"
        ],
        "party_size": 2,
        "starts_at_local": "2035-06-04T18:00",
        "starts_at": "2035-06-04T18:00:00+00:00",
        "ends_at": "2035-06-04T19:00:00+00:00",
        "accepted_terms": {
          "policy_version": 0,
          "slot_minutes": 30,
          "reservation_duration_minutes": 60,
          "cancellation_cutoff_minutes": 0,
          "opening_hours": [
            {
              "weekday": "mon",
              "opens": "00:00",
              "closes": "23:59"
            },
            {
              "weekday": "tue",
              "opens": "00:00",
              "closes": "23:59"
            },
            {
              "weekday": "wed",
              "opens": "00:00",
              "closes": "23:59"
            },
            {
              "weekday": "thu",
              "opens": "00:00",
              "closes": "23:59"
            },
            {
              "weekday": "fri",
              "opens": "00:00",
              "closes": "23:59"
            },
            {
              "weekday": "sat",
              "opens": "00:00",
              "closes": "23:59"
            },
            {
              "weekday": "sun",
              "opens": "00:00",
              "closes": "23:59"
            }
          ],
          "capacities": {
            "t": 4
          }
        },
        "table_id": "t",
        "status": "confirmed",
        "created_at": "2026-10-04T09:58:58.065086+00:00",
        "revision": 1
      },
      "response_bytes": 865,
      "response_sha256": "0fbda0475ef79b967f5b49307371d98251c575dc2ca21f27c1b05697ededa161",
      "duration_seconds": 1.1911439169999767
    },
    {
      "method": "POST",
      "path": "/reservations",
      "peer": "http://independent-verifier-s4-1004095136-target:18309",
      "key": "one-key",
      "status": 200,
      "request_bytes": 40100,
      "request_sha256": "ace2eeb4fa0a8f39ee7a15d01fd07f49a847b8eece15089e342e367fb4d54c39",
      "response": {
        "reservation_id": "res_8a79a5fd270e4980b09d045c41fcfa7d",
        "reference": "DE77A8721F",
        "restaurant_id": "r",
        "table_ids": [
          "t"
        ],
        "party_size": 2,
        "starts_at_local": "2035-06-04T18:00",
        "starts_at": "2035-06-04T18:00:00+00:00",
        "ends_at": "2035-06-04T19:00:00+00:00",
        "accepted_terms": {
          "policy_version": 0,
          "slot_minutes": 30,
          "reservation_duration_minutes": 60,
          "cancellation_cutoff_minutes": 0,
          "opening_hours": [
            {
              "weekday": "mon",
              "opens": "00:00",
              "closes": "23:59"
            },
            {
              "weekday": "tue",
              "opens": "00:00",
              "closes": "23:59"
            },
            {
              "weekday": "wed",
              "opens": "00:00",
              "closes": "23:59"
            },
            {
              "weekday": "thu",
              "opens": "00:00",
              "closes": "23:59"
            },
            {
              "weekday": "fri",
              "opens": "00:00",
              "closes": "23:59"
            },
            {
              "weekday": "sat",
              "opens": "00:00",
              "closes": "23:59"
            },
            {
              "weekday": "sun",
              "opens": "00:00",
              "closes": "23:59"
            }
          ],
          "capacities": {
            "t": 4
          }
        },
        "table_id": "t",
        "status": "confirmed",
        "created_at": "2026-10-04T09:58:58.065086+00:00",
        "revision": 1
      },
      "response_bytes": 865,
      "response_sha256": "0fbda0475ef79b967f5b49307371d98251c575dc2ca21f27c1b05697ededa161",
      "duration_seconds": 1.232957333999991
    },
    {
      "method": "POST",
      "path": "/reservations",
      "peer": "http://independent-verifier-s4-1004095136-target:18309",
      "key": "one-key",
      "status": 200,
      "request_bytes": 40100,
      "request_sha256": "ace2eeb4fa0a8f39ee7a15d01fd07f49a847b8eece15089e342e367fb4d54c39",
      "response": {
        "reservation_id": "res_8a79a5fd270e4980b09d045c41fcfa7d",
        "reference": "DE77A8721F",
        "restaurant_id": "r",
        "table_ids": [
          "t"
        ],
        "party_size": 2,
        "starts_at_local": "2035-06-04T18:00",
        "starts_at": "2035-06-04T18:00:00+00:00",
        "ends_at": "2035-06-04T19:00:00+00:00",
        "accepted_terms": {
          "policy_version": 0,
          "slot_minutes": 30,
          "reservation_duration_minutes": 60,
          "cancellation_cutoff_minutes": 0,
          "opening_hours": [
            {
              "weekday": "mon",
              "opens": "00:00",
              "closes": "23:59"
            },
            {
              "weekday": "tue",
              "opens": "00:00",
              "closes": "23:59"
            },
            {
              "weekday": "wed",
              "opens": "00:00",
              "closes": "23:59"
            },
            {
              "weekday": "thu",
              "opens": "00:00",
              "closes": "23:59"
            },
            {
              "weekday": "fri",
              "opens": "00:00",
              "closes": "23:59"
            },
            {
              "weekday": "sat",
              "opens": "00:00",
              "closes": "23:59"
            },
            {
              "weekday": "sun",
              "opens": "00:00",
              "closes": "23:59"
            }
          ],
          "capacities": {
            "t": 4
          }
        },
        "table_id": "t",
        "status": "confirmed",
        "created_at": "2026-10-04T09:58:58.065086+00:00",
        "revision": 1
      },
      "response_bytes": 865,
      "response_sha256": "0fbda0475ef79b967f5b49307371d98251c575dc2ca21f27c1b05697ededa161",
      "duration_seconds": 1.2797323340000162
    },
    {
      "method": "POST",
      "path": "/reservations",
      "peer": "http://independent-verifier-s4-1004095136-target:18309",
      "key": "one-key",
      "status": 200,
      "request_bytes": 40100,
      "request_sha256": "ace2eeb4fa0a8f39ee7a15d01fd07f49a847b8eece15089e342e367fb4d54c39",
      "response": {
        "reservation_id": "res_8a79a5fd270e4980b09d045c41fcfa7d",
        "reference": "DE77A8721F",
        "restaurant_id": "r",
        "table_ids": [
          "t"
        ],
        "party_size": 2,
        "starts_at_local": "2035-06-04T18:00",
        "starts_at": "2035-06-04T18:00:00+00:00",
        "ends_at": "2035-06-04T19:00:00+00:00",
        "accepted_terms": {
          "policy_version": 0,
          "slot_minutes": 30,
          "reservation_duration_minutes": 60,
          "cancellation_cutoff_minutes": 0,
          "opening_hours": [
            {
              "weekday": "mon",
              "opens": "00:00",
              "closes": "23:59"
            },
            {
              "weekday": "tue",
              "opens": "00:00",
              "closes": "23:59"
            },
            {
              "weekday": "wed",
              "opens": "00:00",
              "closes": "23:59"
            },
            {
              "weekday": "thu",
              "opens": "00:00",
              "closes": "23:59"
            },
            {
              "weekday": "fri",
              "opens": "00:00",
              "closes": "23:59"
            },
            {
              "weekday": "sat",
              "opens": "00:00",
              "closes": "23:59"
            },
            {
              "weekday": "sun",
              "opens": "00:00",
              "closes": "23:59"
            }
          ],
          "capacities": {
            "t": 4
          }
        },
        "table_id": "t",
        "status": "confirmed",
        "created_at": "2026-10-04T09:58:58.065086+00:00",
        "revision": 1
      },
      "response_bytes": 865,
      "response_sha256": "0fbda0475ef79b967f5b49307371d98251c575dc2ca21f27c1b05697ededa161",
      "duration_seconds": 1.3108842920000257
    },
    {
      "method": "POST",
      "path": "/reservations",
      "peer": "http://independent-verifier-s4-1004095136-target:18309",
      "key": "one-key",
      "status": 200,
      "request_bytes": 40100,
      "request_sha256": "ace2eeb4fa0a8f39ee7a15d01fd07f49a847b8eece15089e342e367fb4d54c39",
      "response": {
        "reservation_id": "res_8a79a5fd270e4980b09d045c41fcfa7d",
        "reference": "DE77A8721F",
        "restaurant_id": "r",
        "table_ids": [
          "t"
        ],
        "party_size": 2,
        "starts_at_local": "2035-06-04T18:00",
        "starts_at": "2035-06-04T18:00:00+00:00",
        "ends_at": "2035-06-04T19:00:00+00:00",
        "accepted_terms": {
          "policy_version": 0,
          "slot_minutes": 30,
          "reservation_duration_minutes": 60,
          "cancellation_cutoff_minutes": 0,
          "opening_hours": [
            {
              "weekday": "mon",
              "opens": "00:00",
              "closes": "23:59"
            },
            {
              "weekday": "tue",
              "opens": "00:00",
              "closes": "23:59"
            },
            {
              "weekday": "wed",
              "opens": "00:00",
              "closes": "23:59"
            },
            {
              "weekday": "thu",
              "opens": "00:00",
              "closes": "23:59"
            },
            {
              "weekday": "fri",
              "opens": "00:00",
              "closes": "23:59"
            },
            {
              "weekday": "sat",
              "opens": "00:00",
              "closes": "23:59"
            },
            {
              "weekday": "sun",
              "opens": "00:00",
              "closes": "23:59"
            }
          ],
          "capacities": {
            "t": 4
          }
        },
        "table_id": "t",
        "status": "confirmed",
        "created_at": "2026-10-04T09:58:58.065086+00:00",
        "revision": 1
      },
      "response_bytes": 865,
      "response_sha256": "0fbda0475ef79b967f5b49307371d98251c575dc2ca21f27c1b05697ededa161",
      "duration_seconds": 1.3539920840000264
    },
    {
      "method": "POST",
      "path": "/reservations",
      "peer": "http://independent-verifier-s4-1004095136-target:18309",
      "key": "one-key",
      "status": 200,
      "request_bytes": 40100,
      "request_sha256": "ace2eeb4fa0a8f39ee7a15d01fd07f49a847b8eece15089e342e367fb4d54c39",
      "response": {
        "reservation_id": "res_8a79a5fd270e4980b09d045c41fcfa7d",
        "reference": "DE77A8721F",
        "restaurant_id": "r",
        "table_ids": [
          "t"
        ],
        "party_size": 2,
        "starts_at_local": "2035-06-04T18:00",
        "starts_at": "2035-06-04T18:00:00+00:00",
        "ends_at": "2035-06-04T19:00:00+00:00",
        "accepted_terms": {
          "policy_version": 0,
          "slot_minutes": 30,
          "reservation_duration_minutes": 60,
          "cancellation_cutoff_minutes": 0,
          "opening_hours": [
            {
              "weekday": "mon",
              "opens": "00:00",
              "closes": "23:59"
            },
            {
              "weekday": "tue",
              "opens": "00:00",
              "closes": "23:59"
            },
            {
              "weekday": "wed",
              "opens": "00:00",
              "closes": "23:59"
            },
            {
              "weekday": "thu",
              "opens": "00:00",
              "closes": "23:59"
            },
            {
              "weekday": "fri",
              "opens": "00:00",
              "closes": "23:59"
            },
            {
              "weekday": "sat",
              "opens": "00:00",
              "closes": "23:59"
            },
            {
              "weekday": "sun",
              "opens": "00:00",
              "closes": "23:59"
            }
          ],
          "capacities": {
            "t": 4
          }
        },
        "table_id": "t",
        "status": "confirmed",
        "created_at": "2026-10-04T09:58:58.065086+00:00",
        "revision": 1
      },
      "response_bytes": 865,
      "response_sha256": "0fbda0475ef79b967f5b49307371d98251c575dc2ca21f27c1b05697ededa161",
      "duration_seconds": 1.3682374179999783
    },
    {
      "method": "POST",
      "path": "/reservations",
      "peer": "http://independent-verifier-s4-1004095136-target:18309",
      "key": "one-key",
      "status": 200,
      "request_bytes": 40100,
      "request_sha256": "ace2eeb4fa0a8f39ee7a15d01fd07f49a847b8eece15089e342e367fb4d54c39",
      "response": {
        "reservation_id": "res_8a79a5fd270e4980b09d045c41fcfa7d",
        "reference": "DE77A8721F",
        "restaurant_id": "r",
        "table_ids": [
          "t"
        ],
        "party_size": 2,
        "starts_at_local": "2035-06-04T18:00",
        "starts_at": "2035-06-04T18:00:00+00:00",
        "ends_at": "2035-06-04T19:00:00+00:00",
        "accepted_terms": {
          "policy_version": 0,
          "slot_minutes": 30,
          "reservation_duration_minutes": 60,
          "cancellation_cutoff_minutes": 0,
          "opening_hours": [
            {
              "weekday": "mon",
              "opens": "00:00",
              "closes": "23:59"
            },
            {
              "weekday": "tue",
              "opens": "00:00",
              "closes": "23:59"
            },
            {
              "weekday": "wed",
              "opens": "00:00",
              "closes": "23:59"
            },
            {
              "weekday": "thu",
              "opens": "00:00",
              "closes": "23:59"
            },
            {
              "weekday": "fri",
              "opens": "00:00",
              "closes": "23:59"
            },
            {
              "weekday": "sat",
              "opens": "00:00",
              "closes": "23:59"
            },
            {
              "weekday": "sun",
              "opens": "00:00",
              "closes": "23:59"
            }
          ],
          "capacities": {
            "t": 4
          }
        },
        "table_id": "t",
        "status": "confirmed",
        "created_at": "2026-10-04T09:58:58.065086+00:00",
        "revision": 1
      },
      "response_bytes": 865,
      "response_sha256": "0fbda0475ef79b967f5b49307371d98251c575dc2ca21f27c1b05697ededa161",
      "duration_seconds": 1.426626333999991
    },
    {
      "method": "POST",
      "path": "/reservations",
      "peer": "http://independent-verifier-s4-1004095136-target:18309",
      "key": "one-key",
      "status": 200,
      "request_bytes": 40100,
      "request_sha256": "ace2eeb4fa0a8f39ee7a15d01fd07f49a847b8eece15089e342e367fb4d54c39",
      "response": {
        "reservation_id": "res_8a79a5fd270e4980b09d045c41fcfa7d",
        "reference": "DE77A8721F",
        "restaurant_id": "r",
        "table_ids": [
          "t"
        ],
        "party_size": 2,
        "starts_at_local": "2035-06-04T18:00",
        "starts_at": "2035-06-04T18:00:00+00:00",
        "ends_at": "2035-06-04T19:00:00+00:00",
        "accepted_terms": {
          "policy_version": 0,
          "slot_minutes": 30,
          "reservation_duration_minutes": 60,
          "cancellation_cutoff_minutes": 0,
          "opening_hours": [
            {
              "weekday": "mon",
              "opens": "00:00",
              "closes": "23:59"
            },
            {
              "weekday": "tue",
              "opens": "00:00",
              "closes": "23:59"
            },
            {
              "weekday": "wed",
              "opens": "00:00",
              "closes": "23:59"
            },
            {
              "weekday": "thu",
              "opens": "00:00",
              "closes": "23:59"
            },
            {
              "weekday": "fri",
              "opens": "00:00",
              "closes": "23:59"
            },
            {
              "weekday": "sat",
              "opens": "00:00",
              "closes": "23:59"
            },
            {
              "weekday": "sun",
              "opens": "00:00",
              "closes": "23:59"
            }
          ],
          "capacities": {
            "t": 4
          }
        },
        "table_id": "t",
        "status": "confirmed",
        "created_at": "2026-10-04T09:58:58.065086+00:00",
        "revision": 1
      },
      "response_bytes": 865,
      "response_sha256": "0fbda0475ef79b967f5b49307371d98251c575dc2ca21f27c1b05697ededa161",
      "duration_seconds": 1.4598900839999942
    },
    {
      "method": "POST",
      "path": "/reservations",
      "peer": "http://independent-verifier-s4-1004095136-target:18309",
      "key": "one-key",
      "status": 200,
      "request_bytes": 40100,
      "request_sha256": "ace2eeb4fa0a8f39ee7a15d01fd07f49a847b8eece15089e342e367fb4d54c39",
      "response": {
        "reservation_id": "res_8a79a5fd270e4980b09d045c41fcfa7d",
        "reference": "DE77A8721F",
        "restaurant_id": "r",
        "table_ids": [
          "t"
        ],
        "party_size": 2,
        "starts_at_local": "2035-06-04T18:00",
        "starts_at": "2035-06-04T18:00:00+00:00",
        "ends_at": "2035-06-04T19:00:00+00:00",
        "accepted_terms": {
          "policy_version": 0,
          "slot_minutes": 30,
          "reservation_duration_minutes": 60,
          "cancellation_cutoff_minutes": 0,
          "opening_hours": [
            {
              "weekday": "mon",
              "opens": "00:00",
              "closes": "23:59"
            },
            {
              "weekday": "tue",
              "opens": "00:00",
              "closes": "23:59"
            },
            {
              "weekday": "wed",
              "opens": "00:00",
              "closes": "23:59"
            },
            {
              "weekday": "thu",
              "opens": "00:00",
              "closes": "23:59"
            },
            {
              "weekday": "fri",
              "opens": "00:00",
              "closes": "23:59"
            },
            {
              "weekday": "sat",
              "opens": "00:00",
              "closes": "23:59"
            },
            {
              "weekday": "sun",
              "opens": "00:00",
              "closes": "23:59"
            }
          ],
          "capacities": {
            "t": 4
          }
        },
        "table_id": "t",
        "status": "confirmed",
        "created_at": "2026-10-04T09:58:58.065086+00:00",
        "revision": 1
      },
      "response_bytes": 865,
      "response_sha256": "0fbda0475ef79b967f5b49307371d98251c575dc2ca21f27c1b05697ededa161",
      "duration_seconds": 1.4862131670000167
    },
    {
      "method": "POST",
      "path": "/reservations",
      "peer": "http://independent-verifier-s4-1004095136-target:18309",
      "key": "one-key",
      "status": 200,
      "request_bytes": 40100,
      "request_sha256": "ace2eeb4fa0a8f39ee7a15d01fd07f49a847b8eece15089e342e367fb4d54c39",
      "response": {
        "reservation_id": "res_8a79a5fd270e4980b09d045c41fcfa7d",
        "reference": "DE77A8721F",
        "restaurant_id": "r",
        "table_ids": [
          "t"
        ],
        "party_size": 2,
        "starts_at_local": "2035-06-04T18:00",
        "starts_at": "2035-06-04T18:00:00+00:00",
        "ends_at": "2035-06-04T19:00:00+00:00",
        "accepted_terms": {
          "policy_version": 0,
          "slot_minutes": 30,
          "reservation_duration_minutes": 60,
          "cancellation_cutoff_minutes": 0,
          "opening_hours": [
            {
              "weekday": "mon",
              "opens": "00:00",
              "closes": "23:59"
            },
            {
              "weekday": "tue",
              "opens": "00:00",
              "closes": "23:59"
            },
            {
              "weekday": "wed",
              "opens": "00:00",
              "closes": "23:59"
            },
            {
              "weekday": "thu",
              "opens": "00:00",
              "closes": "23:59"
            },
            {
              "weekday": "fri",
              "opens": "00:00",
              "closes": "23:59"
            },
            {
              "weekday": "sat",
              "opens": "00:00",
              "closes": "23:59"
            },
            {
              "weekday": "sun",
              "opens": "00:00",
              "closes": "23:59"
            }
          ],
          "capacities": {
            "t": 4
          }
        },
        "table_id": "t",
        "status": "confirmed",
        "created_at": "2026-10-04T09:58:58.065086+00:00",
        "revision": 1
      },
      "response_bytes": 865,
      "response_sha256": "0fbda0475ef79b967f5b49307371d98251c575dc2ca21f27c1b05697ededa161",
      "duration_seconds": 1.5139985419999675
    },
    {
      "method": "POST",
      "path": "/reservations",
      "peer": "http://independent-verifier-s4-1004095136-target:18309",
      "key": "one-key",
      "status": 200,
      "request_bytes": 40100,
      "request_sha256": "ace2eeb4fa0a8f39ee7a15d01fd07f49a847b8eece15089e342e367fb4d54c39",
      "response": {
        "reservation_id": "res_8a79a5fd270e4980b09d045c41fcfa7d",
        "reference": "DE77A8721F",
        "restaurant_id": "r",
        "table_ids": [
          "t"
        ],
        "party_size": 2,
        "starts_at_local": "2035-06-04T18:00",
        "starts_at": "2035-06-04T18:00:00+00:00",
        "ends_at": "2035-06-04T19:00:00+00:00",
        "accepted_terms": {
          "policy_version": 0,
          "slot_minutes": 30,
          "reservation_duration_minutes": 60,
          "cancellation_cutoff_minutes": 0,
          "opening_hours": [
            {
              "weekday": "mon",
              "opens": "00:00",
              "closes": "23:59"
            },
            {
              "weekday": "tue",
              "opens": "00:00",
              "closes": "23:59"
            },
            {
              "weekday": "wed",
              "opens": "00:00",
              "closes": "23:59"
            },
            {
              "weekday": "thu",
              "opens": "00:00",
              "closes": "23:59"
            },
            {
              "weekday": "fri",
              "opens": "00:00",
              "closes": "23:59"
            },
            {
              "weekday": "sat",
              "opens": "00:00",
              "closes": "23:59"
            },
            {
              "weekday": "sun",
              "opens": "00:00",
              "closes": "23:59"
            }
          ],
          "capacities": {
            "t": 4
          }
        },
        "table_id": "t",
        "status": "confirmed",
        "created_at": "2026-10-04T09:58:58.065086+00:00",
        "revision": 1
      },
      "response_bytes": 865,
      "response_sha256": "0fbda0475ef79b967f5b49307371d98251c575dc2ca21f27c1b05697ededa161",
      "duration_seconds": 1.566252750999979
    },
    {
      "method": "POST",
      "path": "/reservations",
      "peer": "http://independent-verifier-s4-1004095136-target:18309",
      "key": "one-key",
      "status": 200,
      "request_bytes": 40100,
      "request_sha256": "ace2eeb4fa0a8f39ee7a15d01fd07f49a847b8eece15089e342e367fb4d54c39",
      "response": {
        "reservation_id": "res_8a79a5fd270e4980b09d045c41fcfa7d",
        "reference": "DE77A8721F",
        "restaurant_id": "r",
        "table_ids": [
          "t"
        ],
        "party_size": 2,
        "starts_at_local": "2035-06-04T18:00",
        "starts_at": "2035-06-04T18:00:00+00:00",
        "ends_at": "2035-06-04T19:00:00+00:00",
        "accepted_terms": {
          "policy_version": 0,
          "slot_minutes": 30,
          "reservation_duration_minutes": 60,
          "cancellation_cutoff_minutes": 0,
          "opening_hours": [
            {
              "weekday": "mon",
              "opens": "00:00",
              "closes": "23:59"
            },
            {
              "weekday": "tue",
              "opens": "00:00",
              "closes": "23:59"
            },
            {
              "weekday": "wed",
              "opens": "00:00",
              "closes": "23:59"
            },
            {
              "weekday": "thu",
              "opens": "00:00",
              "closes": "23:59"
            },
            {
              "weekday": "fri",
              "opens": "00:00",
              "closes": "23:59"
            },
            {
              "weekday": "sat",
              "opens": "00:00",
              "closes": "23:59"
            },
            {
              "weekday": "sun",
              "opens": "00:00",
              "closes": "23:59"
            }
          ],
          "capacities": {
            "t": 4
          }
        },
        "table_id": "t",
        "status": "confirmed",
        "created_at": "2026-10-04T09:58:58.065086+00:00",
        "revision": 1
      },
      "response_bytes": 865,
      "response_sha256": "0fbda0475ef79b967f5b49307371d98251c575dc2ca21f27c1b05697ededa161",
      "duration_seconds": 1.6004852089999986
    },
    {
      "method": "POST",
      "path": "/reservations",
      "peer": "http://independent-verifier-s4-1004095136-target:18309",
      "key": "one-key",
      "status": 200,
      "request_bytes": 40100,
      "request_sha256": "ace2eeb4fa0a8f39ee7a15d01fd07f49a847b8eece15089e342e367fb4d54c39",
      "response": {
        "reservation_id": "res_8a79a5fd270e4980b09d045c41fcfa7d",
        "reference": "DE77A8721F",
        "restaurant_id": "r",
        "table_ids": [
          "t"
        ],
        "party_size": 2,
        "starts_at_local": "2035-06-04T18:00",
        "starts_at": "2035-06-04T18:00:00+00:00",
        "ends_at": "2035-06-04T19:00:00+00:00",
        "accepted_terms": {
          "policy_version": 0,
          "slot_minutes": 30,
          "reservation_duration_minutes": 60,
          "cancellation_cutoff_minutes": 0,
          "opening_hours": [
            {
              "weekday": "mon",
              "opens": "00:00",
              "closes": "23:59"
            },
            {
              "weekday": "tue",
              "opens": "00:00",
              "closes": "23:59"
            },
            {
              "weekday": "wed",
              "opens": "00:00",
              "closes": "23:59"
            },
            {
              "weekday": "thu",
              "opens": "00:00",
              "closes": "23:59"
            },
            {
              "weekday": "fri",
              "opens": "00:00",
              "closes": "23:59"
            },
            {
              "weekday": "sat",
              "opens": "00:00",
              "closes": "23:59"
            },
            {
              "weekday": "sun",
              "opens": "00:00",
              "closes": "23:59"
            }
          ],
          "capacities": {
            "t": 4
          }
        },
        "table_id": "t",
        "status": "confirmed",
        "created_at": "2026-10-04T09:58:58.065086+00:00",
        "revision": 1
      },
      "response_bytes": 865,
      "response_sha256": "0fbda0475ef79b967f5b49307371d98251c575dc2ca21f27c1b05697ededa161",
      "duration_seconds": 1.657725001000017
    },
    {
      "method": "POST",
      "path": "/reservations",
      "peer": "http://independent-verifier-s4-1004095136-target:18309",
      "key": "one-key",
      "status": 200,
      "request_bytes": 40100,
      "request_sha256": "ace2eeb4fa0a8f39ee7a15d01fd07f49a847b8eece15089e342e367fb4d54c39",
      "response": {
        "reservation_id": "res_8a79a5fd270e4980b09d045c41fcfa7d",
        "reference": "DE77A8721F",
        "restaurant_id": "r",
        "table_ids": [
          "t"
        ],
        "party_size": 2,
        "starts_at_local": "2035-06-04T18:00",
        "starts_at": "2035-06-04T18:00:00+00:00",
        "ends_at": "2035-06-04T19:00:00+00:00",
        "accepted_terms": {
          "policy_version": 0,
          "slot_minutes": 30,
          "reservation_duration_minutes": 60,
          "cancellation_cutoff_minutes": 0,
          "opening_hours": [
            {
              "weekday": "mon",
              "opens": "00:00",
              "closes": "23:59"
            },
            {
              "weekday": "tue",
              "opens": "00:00",
              "closes": "23:59"
            },
            {
              "weekday": "wed",
              "opens": "00:00",
              "closes": "23:59"
            },
            {
              "weekday": "thu",
              "opens": "00:00",
              "closes": "23:59"
            },
            {
              "weekday": "fri",
              "opens": "00:00",
              "closes": "23:59"
            },
            {
              "weekday": "sat",
              "opens": "00:00",
              "closes": "23:59"
            },
            {
              "weekday": "sun",
              "opens": "00:00",
              "closes": "23:59"
            }
          ],
          "capacities": {
            "t": 4
          }
        },
        "table_id": "t",
        "status": "confirmed",
        "created_at": "2026-10-04T09:58:58.065086+00:00",
        "revision": 1
      },
      "response_bytes": 865,
      "response_sha256": "0fbda0475ef79b967f5b49307371d98251c575dc2ca21f27c1b05697ededa161",
      "duration_seconds": 1.676107084000023
    },
    {
      "method": "POST",
      "path": "/reservations",
      "peer": "http://independent-verifier-s4-1004095136-target:18309",
      "key": "one-key",
      "status": 200,
      "request_bytes": 40100,
      "request_sha256": "ace2eeb4fa0a8f39ee7a15d01fd07f49a847b8eece15089e342e367fb4d54c39",
      "response": {
        "reservation_id": "res_8a79a5fd270e4980b09d045c41fcfa7d",
        "reference": "DE77A8721F",
        "restaurant_id": "r",
        "table_ids": [
          "t"
        ],
        "party_size": 2,
        "starts_at_local": "2035-06-04T18:00",
        "starts_at": "2035-06-04T18:00:00+00:00",
        "ends_at": "2035-06-04T19:00:00+00:00",
        "accepted_terms": {
          "policy_version": 0,
          "slot_minutes": 30,
          "reservation_duration_minutes": 60,
          "cancellation_cutoff_minutes": 0,
          "opening_hours": [
            {
              "weekday": "mon",
              "opens": "00:00",
              "closes": "23:59"
            },
            {
              "weekday": "tue",
              "opens": "00:00",
              "closes": "23:59"
            },
            {
              "weekday": "wed",
              "opens": "00:00",
              "closes": "23:59"
            },
            {
              "weekday": "thu",
              "opens": "00:00",
              "closes": "23:59"
            },
            {
              "weekday": "fri",
              "opens": "00:00",
              "closes": "23:59"
            },
            {
              "weekday": "sat",
              "opens": "00:00",
              "closes": "23:59"
            },
            {
              "weekday": "sun",
              "opens": "00:00",
              "closes": "23:59"
            }
          ],
          "capacities": {
            "t": 4
          }
        },
        "table_id": "t",
        "status": "confirmed",
        "created_at": "2026-10-04T09:58:58.065086+00:00",
        "revision": 1
      },
      "response_bytes": 865,
      "response_sha256": "0fbda0475ef79b967f5b49307371d98251c575dc2ca21f27c1b05697ededa161",
      "duration_seconds": 1.7104141249999998
    },
    {
      "method": "POST",
      "path": "/reservations",
      "peer": "http://independent-verifier-s4-1004095136-target:18309",
      "key": "one-key",
      "status": 200,
      "request_bytes": 40100,
      "request_sha256": "ace2eeb4fa0a8f39ee7a15d01fd07f49a847b8eece15089e342e367fb4d54c39",
      "response": {
        "reservation_id": "res_8a79a5fd270e4980b09d045c41fcfa7d",
        "reference": "DE77A8721F",
        "restaurant_id": "r",
        "table_ids": [
          "t"
        ],
        "party_size": 2,
        "starts_at_local": "2035-06-04T18:00",
        "starts_at": "2035-06-04T18:00:00+00:00",
        "ends_at": "2035-06-04T19:00:00+00:00",
        "accepted_terms": {
          "policy_version": 0,
          "slot_minutes": 30,
          "reservation_duration_minutes": 60,
          "cancellation_cutoff_minutes": 0,
          "opening_hours": [
            {
              "weekday": "mon",
              "opens": "00:00",
              "closes": "23:59"
            },
            {
              "weekday": "tue",
              "opens": "00:00",
              "closes": "23:59"
            },
            {
              "weekday": "wed",
              "opens": "00:00",
              "closes": "23:59"
            },
            {
              "weekday": "thu",
              "opens": "00:00",
              "closes": "23:59"
            },
            {
              "weekday": "fri",
              "opens": "00:00",
              "closes": "23:59"
            },
            {
              "weekday": "sat",
              "opens": "00:00",
              "closes": "23:59"
            },
            {
              "weekday": "sun",
              "opens": "00:00",
              "closes": "23:59"
            }
          ],
          "capacities": {
            "t": 4
          }
        },
        "table_id": "t",
        "status": "confirmed",
        "created_at": "2026-10-04T09:58:58.065086+00:00",
        "revision": 1
      },
      "response_bytes": 865,
      "response_sha256": "0fbda0475ef79b967f5b49307371d98251c575dc2ca21f27c1b05697ededa161",
      "duration_seconds": 1.7607253749999927
    },
    {
      "method": "POST",
      "path": "/reservations",
      "peer": "http://independent-verifier-s4-1004095136-target:18309",
      "key": "one-key",
      "status": 200,
      "request_bytes": 40100,
      "request_sha256": "ace2eeb4fa0a8f39ee7a15d01fd07f49a847b8eece15089e342e367fb4d54c39",
      "response": {
        "reservation_id": "res_8a79a5fd270e4980b09d045c41fcfa7d",
        "reference": "DE77A8721F",
        "restaurant_id": "r",
        "table_ids": [
          "t"
        ],
        "party_size": 2,
        "starts_at_local": "2035-06-04T18:00",
        "starts_at": "2035-06-04T18:00:00+00:00",
        "ends_at": "2035-06-04T19:00:00+00:00",
        "accepted_terms": {
          "policy_version": 0,
          "slot_minutes": 30,
          "reservation_duration_minutes": 60,
          "cancellation_cutoff_minutes": 0,
          "opening_hours": [
            {
              "weekday": "mon",
              "opens": "00:00",
              "closes": "23:59"
            },
            {
              "weekday": "tue",
              "opens": "00:00",
              "closes": "23:59"
            },
            {
              "weekday": "wed",
              "opens": "00:00",
              "closes": "23:59"
            },
            {
              "weekday": "thu",
              "opens": "00:00",
              "closes": "23:59"
            },
            {
              "weekday": "fri",
              "opens": "00:00",
              "closes": "23:59"
            },
            {
              "weekday": "sat",
              "opens": "00:00",
              "closes": "23:59"
            },
            {
              "weekday": "sun",
              "opens": "00:00",
              "closes": "23:59"
            }
          ],
          "capacities": {
            "t": 4
          }
        },
        "table_id": "t",
        "status": "confirmed",
        "created_at": "2026-10-04T09:58:58.065086+00:00",
        "revision": 1
      },
      "response_bytes": 865,
      "response_sha256": "0fbda0475ef79b967f5b49307371d98251c575dc2ca21f27c1b05697ededa161",
      "duration_seconds": 1.7911049169999842
    },
    {
      "method": "POST",
      "path": "/reservations",
      "peer": "http://independent-verifier-s4-1004095136-target:18309",
      "key": "one-key",
      "status": 200,
      "request_bytes": 40100,
      "request_sha256": "ace2eeb4fa0a8f39ee7a15d01fd07f49a847b8eece15089e342e367fb4d54c39",
      "response": {
        "reservation_id": "res_8a79a5fd270e4980b09d045c41fcfa7d",
        "reference": "DE77A8721F",
        "restaurant_id": "r",
        "table_ids": [
          "t"
        ],
        "party_size": 2,
        "starts_at_local": "2035-06-04T18:00",
        "starts_at": "2035-06-04T18:00:00+00:00",
        "ends_at": "2035-06-04T19:00:00+00:00",
        "accepted_terms": {
          "policy_version": 0,
          "slot_minutes": 30,
          "reservation_duration_minutes": 60,
          "cancellation_cutoff_minutes": 0,
          "opening_hours": [
            {
              "weekday": "mon",
              "opens": "00:00",
              "closes": "23:59"
            },
            {
              "weekday": "tue",
              "opens": "00:00",
              "closes": "23:59"
            },
            {
              "weekday": "wed",
              "opens": "00:00",
              "closes": "23:59"
            },
            {
              "weekday": "thu",
              "opens": "00:00",
              "closes": "23:59"
            },
            {
              "weekday": "fri",
              "opens": "00:00",
              "closes": "23:59"
            },
            {
              "weekday": "sat",
              "opens": "00:00",
              "closes": "23:59"
            },
            {
              "weekday": "sun",
              "opens": "00:00",
              "closes": "23:59"
            }
          ],
          "capacities": {
            "t": 4
          }
        },
        "table_id": "t",
        "status": "confirmed",
        "created_at": "2026-10-04T09:58:58.065086+00:00",
        "revision": 1
      },
      "response_bytes": 865,
      "response_sha256": "0fbda0475ef79b967f5b49307371d98251c575dc2ca21f27c1b05697ededa161",
      "duration_seconds": 1.8161488339999892
    },
    {
      "method": "POST",
      "path": "/reservations",
      "peer": "http://independent-verifier-s4-1004095136-target:18309",
      "key": "one-key",
      "status": 200,
      "request_bytes": 40100,
      "request_sha256": "ace2eeb4fa0a8f39ee7a15d01fd07f49a847b8eece15089e342e367fb4d54c39",
      "response": {
        "reservation_id": "res_8a79a5fd270e4980b09d045c41fcfa7d",
        "reference": "DE77A8721F",
        "restaurant_id": "r",
        "table_ids": [
          "t"
        ],
        "party_size": 2,
        "starts_at_local": "2035-06-04T18:00",
        "starts_at": "2035-06-04T18:00:00+00:00",
        "ends_at": "2035-06-04T19:00:00+00:00",
        "accepted_terms": {
          "policy_version": 0,
          "slot_minutes": 30,
          "reservation_duration_minutes": 60,
          "cancellation_cutoff_minutes": 0,
          "opening_hours": [
            {
              "weekday": "mon",
              "opens": "00:00",
              "closes": "23:59"
            },
            {
              "weekday": "tue",
              "opens": "00:00",
              "closes": "23:59"
            },
            {
              "weekday": "wed",
              "opens": "00:00",
              "closes": "23:59"
            },
            {
              "weekday": "thu",
              "opens": "00:00",
              "closes": "23:59"
            },
            {
              "weekday": "fri",
              "opens": "00:00",
              "closes": "23:59"
            },
            {
              "weekday": "sat",
              "opens": "00:00",
              "closes": "23:59"
            },
            {
              "weekday": "sun",
              "opens": "00:00",
              "closes": "23:59"
            }
          ],
          "capacities": {
            "t": 4
          }
        },
        "table_id": "t",
        "status": "confirmed",
        "created_at": "2026-10-04T09:58:58.065086+00:00",
        "revision": 1
      },
      "response_bytes": 865,
      "response_sha256": "0fbda0475ef79b967f5b49307371d98251c575dc2ca21f27c1b05697ededa161",
      "duration_seconds": 1.8730039179999949
    },
    {
      "method": "POST",
      "path": "/reservations",
      "peer": "http://independent-verifier-s4-1004095136-target:18309",
      "key": "one-key",
      "status": 200,
      "request_bytes": 40100,
      "request_sha256": "ace2eeb4fa0a8f39ee7a15d01fd07f49a847b8eece15089e342e367fb4d54c39",
      "response": {
        "reservation_id": "res_8a79a5fd270e4980b09d045c41fcfa7d",
        "reference": "DE77A8721F",
        "restaurant_id": "r",
        "table_ids": [
          "t"
        ],
        "party_size": 2,
        "starts_at_local": "2035-06-04T18:00",
        "starts_at": "2035-06-04T18:00:00+00:00",
        "ends_at": "2035-06-04T19:00:00+00:00",
        "accepted_terms": {
          "policy_version": 0,
          "slot_minutes": 30,
          "reservation_duration_minutes": 60,
          "cancellation_cutoff_minutes": 0,
          "opening_hours": [
            {
              "weekday": "mon",
              "opens": "00:00",
              "closes": "23:59"
            },
            {
              "weekday": "tue",
              "opens": "00:00",
              "closes": "23:59"
            },
            {
              "weekday": "wed",
              "opens": "00:00",
              "closes": "23:59"
            },
            {
              "weekday": "thu",
              "opens": "00:00",
              "closes": "23:59"
            },
            {
              "weekday": "fri",
              "opens": "00:00",
              "closes": "23:59"
            },
            {
              "weekday": "sat",
              "opens": "00:00",
              "closes": "23:59"
            },
            {
              "weekday": "sun",
              "opens": "00:00",
              "closes": "23:59"
            }
          ],
          "capacities": {
            "t": 4
          }
        },
        "table_id": "t",
        "status": "confirmed",
        "created_at": "2026-10-04T09:58:58.065086+00:00",
        "revision": 1
      },
      "response_bytes": 865,
      "response_sha256": "0fbda0475ef79b967f5b49307371d98251c575dc2ca21f27c1b05697ededa161",
      "duration_seconds": 1.8898366679999867
    },
    {
      "method": "POST",
      "path": "/reservations",
      "peer": "http://independent-verifier-s4-1004095136-target:18309",
      "key": "one-key",
      "status": 200,
      "request_bytes": 40100,
      "request_sha256": "ace2eeb4fa0a8f39ee7a15d01fd07f49a847b8eece15089e342e367fb4d54c39",
      "response": {
        "reservation_id": "res_8a79a5fd270e4980b09d045c41fcfa7d",
        "reference": "DE77A8721F",
        "restaurant_id": "r",
        "table_ids": [
          "t"
        ],
        "party_size": 2,
        "starts_at_local": "2035-06-04T18:00",
        "starts_at": "2035-06-04T18:00:00+00:00",
        "ends_at": "2035-06-04T19:00:00+00:00",
        "accepted_terms": {
          "policy_version": 0,
          "slot_minutes": 30,
          "reservation_duration_minutes": 60,
          "cancellation_cutoff_minutes": 0,
          "opening_hours": [
            {
              "weekday": "mon",
              "opens": "00:00",
              "closes": "23:59"
            },
            {
              "weekday": "tue",
              "opens": "00:00",
              "closes": "23:59"
            },
            {
              "weekday": "wed",
              "opens": "00:00",
              "closes": "23:59"
            },
            {
              "weekday": "thu",
              "opens": "00:00",
              "closes": "23:59"
            },
            {
              "weekday": "fri",
              "opens": "00:00",
              "closes": "23:59"
            },
            {
              "weekday": "sat",
              "opens": "00:00",
              "closes": "23:59"
            },
            {
              "weekday": "sun",
              "opens": "00:00",
              "closes": "23:59"
            }
          ],
          "capacities": {
            "t": 4
          }
        },
        "table_id": "t",
        "status": "confirmed",
        "created_at": "2026-10-04T09:58:58.065086+00:00",
        "revision": 1
      },
      "response_bytes": 865,
      "response_sha256": "0fbda0475ef79b967f5b49307371d98251c575dc2ca21f27c1b05697ededa161",
      "duration_seconds": 1.9338738339999964
    },
    {
      "method": "POST",
      "path": "/reservations",
      "peer": "http://independent-verifier-s4-1004095136-target:18309",
      "key": "one-key",
      "status": 200,
      "request_bytes": 40100,
      "request_sha256": "ace2eeb4fa0a8f39ee7a15d01fd07f49a847b8eece15089e342e367fb4d54c39",
      "response": {
        "reservation_id": "res_8a79a5fd270e4980b09d045c41fcfa7d",
        "reference": "DE77A8721F",
        "restaurant_id": "r",
        "table_ids": [
          "t"
        ],
        "party_size": 2,
        "starts_at_local": "2035-06-04T18:00",
        "starts_at": "2035-06-04T18:00:00+00:00",
        "ends_at": "2035-06-04T19:00:00+00:00",
        "accepted_terms": {
          "policy_version": 0,
          "slot_minutes": 30,
          "reservation_duration_minutes": 60,
          "cancellation_cutoff_minutes": 0,
          "opening_hours": [
            {
              "weekday": "mon",
              "opens": "00:00",
              "closes": "23:59"
            },
            {
              "weekday": "tue",
              "opens": "00:00",
              "closes": "23:59"
            },
            {
              "weekday": "wed",
              "opens": "00:00",
              "closes": "23:59"
            },
            {
              "weekday": "thu",
              "opens": "00:00",
              "closes": "23:59"
            },
            {
              "weekday": "fri",
              "opens": "00:00",
              "closes": "23:59"
            },
            {
              "weekday": "sat",
              "opens": "00:00",
              "closes": "23:59"
            },
            {
              "weekday": "sun",
              "opens": "00:00",
              "closes": "23:59"
            }
          ],
          "capacities": {
            "t": 4
          }
        },
        "table_id": "t",
        "status": "confirmed",
        "created_at": "2026-10-04T09:58:58.065086+00:00",
        "revision": 1
      },
      "response_bytes": 865,
      "response_sha256": "0fbda0475ef79b967f5b49307371d98251c575dc2ca21f27c1b05697ededa161",
      "duration_seconds": 1.96554366700002
    },
    {
      "method": "POST",
      "path": "/reservations",
      "peer": "http://independent-verifier-s4-1004095136-target:18309",
      "key": "one-key",
      "status": 200,
      "request_bytes": 40100,
      "request_sha256": "ace2eeb4fa0a8f39ee7a15d01fd07f49a847b8eece15089e342e367fb4d54c39",
      "response": {
        "reservation_id": "res_8a79a5fd270e4980b09d045c41fcfa7d",
        "reference": "DE77A8721F",
        "restaurant_id": "r",
        "table_ids": [
          "t"
        ],
        "party_size": 2,
        "starts_at_local": "2035-06-04T18:00",
        "starts_at": "2035-06-04T18:00:00+00:00",
        "ends_at": "2035-06-04T19:00:00+00:00",
        "accepted_terms": {
          "policy_version": 0,
          "slot_minutes": 30,
          "reservation_duration_minutes": 60,
          "cancellation_cutoff_minutes": 0,
          "opening_hours": [
            {
              "weekday": "mon",
              "opens": "00:00",
              "closes": "23:59"
            },
            {
              "weekday": "tue",
              "opens": "00:00",
              "closes": "23:59"
            },
            {
              "weekday": "wed",
              "opens": "00:00",
              "closes": "23:59"
            },
            {
              "weekday": "thu",
              "opens": "00:00",
              "closes": "23:59"
            },
            {
              "weekday": "fri",
              "opens": "00:00",
              "closes": "23:59"
            },
            {
              "weekday": "sat",
              "opens": "00:00",
              "closes": "23:59"
            },
            {
              "weekday": "sun",
              "opens": "00:00",
              "closes": "23:59"
            }
          ],
          "capacities": {
            "t": 4
          }
        },
        "table_id": "t",
        "status": "confirmed",
        "created_at": "2026-10-04T09:58:58.065086+00:00",
        "revision": 1
      },
      "response_bytes": 865,
      "response_sha256": "0fbda0475ef79b967f5b49307371d98251c575dc2ca21f27c1b05697ededa161",
      "duration_seconds": 2.0121684180000443
    },
    {
      "method": "POST",
      "path": "/reservations",
      "peer": "http://independent-verifier-s4-1004095136-target:18309",
      "key": "one-key",
      "status": 200,
      "request_bytes": 40100,
      "request_sha256": "ace2eeb4fa0a8f39ee7a15d01fd07f49a847b8eece15089e342e367fb4d54c39",
      "response": {
        "reservation_id": "res_8a79a5fd270e4980b09d045c41fcfa7d",
        "reference": "DE77A8721F",
        "restaurant_id": "r",
        "table_ids": [
          "t"
        ],
        "party_size": 2,
        "starts_at_local": "2035-06-04T18:00",
        "starts_at": "2035-06-04T18:00:00+00:00",
        "ends_at": "2035-06-04T19:00:00+00:00",
        "accepted_terms": {
          "policy_version": 0,
          "slot_minutes": 30,
          "reservation_duration_minutes": 60,
          "cancellation_cutoff_minutes": 0,
          "opening_hours": [
            {
              "weekday": "mon",
              "opens": "00:00",
              "closes": "23:59"
            },
            {
              "weekday": "tue",
              "opens": "00:00",
              "closes": "23:59"
            },
            {
              "weekday": "wed",
              "opens": "00:00",
              "closes": "23:59"
            },
            {
              "weekday": "thu",
              "opens": "00:00",
              "closes": "23:59"
            },
            {
              "weekday": "fri",
              "opens": "00:00",
              "closes": "23:59"
            },
            {
              "weekday": "sat",
              "opens": "00:00",
              "closes": "23:59"
            },
            {
              "weekday": "sun",
              "opens": "00:00",
              "closes": "23:59"
            }
          ],
          "capacities": {
            "t": 4
          }
        },
        "table_id": "t",
        "status": "confirmed",
        "created_at": "2026-10-04T09:58:58.065086+00:00",
        "revision": 1
      },
      "response_bytes": 865,
      "response_sha256": "0fbda0475ef79b967f5b49307371d98251c575dc2ca21f27c1b05697ededa161",
      "duration_seconds": 2.0333622090000176
    },
    {
      "method": "POST",
      "path": "/reservations",
      "peer": "http://independent-verifier-s4-1004095136-target:18309",
      "key": "one-key",
      "status": 200,
      "request_bytes": 40100,
      "request_sha256": "ace2eeb4fa0a8f39ee7a15d01fd07f49a847b8eece15089e342e367fb4d54c39",
      "response": {
        "reservation_id": "res_8a79a5fd270e4980b09d045c41fcfa7d",
        "reference": "DE77A8721F",
        "restaurant_id": "r",
        "table_ids": [
          "t"
        ],
        "party_size": 2,
        "starts_at_local": "2035-06-04T18:00",
        "starts_at": "2035-06-04T18:00:00+00:00",
        "ends_at": "2035-06-04T19:00:00+00:00",
        "accepted_terms": {
          "policy_version": 0,
          "slot_minutes": 30,
          "reservation_duration_minutes": 60,
          "cancellation_cutoff_minutes": 0,
          "opening_hours": [
            {
              "weekday": "mon",
              "opens": "00:00",
              "closes": "23:59"
            },
            {
              "weekday": "tue",
              "opens": "00:00",
              "closes": "23:59"
            },
            {
              "weekday": "wed",
              "opens": "00:00",
              "closes": "23:59"
            },
            {
              "weekday": "thu",
              "opens": "00:00",
              "closes": "23:59"
            },
            {
              "weekday": "fri",
              "opens": "00:00",
              "closes": "23:59"
            },
            {
              "weekday": "sat",
              "opens": "00:00",
              "closes": "23:59"
            },
            {
              "weekday": "sun",
              "opens": "00:00",
              "closes": "23:59"
            }
          ],
          "capacities": {
            "t": 4
          }
        },
        "table_id": "t",
        "status": "confirmed",
        "created_at": "2026-10-04T09:58:58.065086+00:00",
        "revision": 1
      },
      "response_bytes": 865,
      "response_sha256": "0fbda0475ef79b967f5b49307371d98251c575dc2ca21f27c1b05697ededa161",
      "duration_seconds": 2.071124376
    },
    {
      "method": "POST",
      "path": "/reservations",
      "peer": "http://independent-verifier-s4-1004095136-target:18309",
      "key": "one-key",
      "status": 200,
      "request_bytes": 40100,
      "request_sha256": "ace2eeb4fa0a8f39ee7a15d01fd07f49a847b8eece15089e342e367fb4d54c39",
      "response": {
        "reservation_id": "res_8a79a5fd270e4980b09d045c41fcfa7d",
        "reference": "DE77A8721F",
        "restaurant_id": "r",
        "table_ids": [
          "t"
        ],
        "party_size": 2,
        "starts_at_local": "2035-06-04T18:00",
        "starts_at": "2035-06-04T18:00:00+00:00",
        "ends_at": "2035-06-04T19:00:00+00:00",
        "accepted_terms": {
          "policy_version": 0,
          "slot_minutes": 30,
          "reservation_duration_minutes": 60,
          "cancellation_cutoff_minutes": 0,
          "opening_hours": [
            {
              "weekday": "mon",
              "opens": "00:00",
              "closes": "23:59"
            },
            {
              "weekday": "tue",
              "opens": "00:00",
              "closes": "23:59"
            },
            {
              "weekday": "wed",
              "opens": "00:00",
              "closes": "23:59"
            },
            {
              "weekday": "thu",
              "opens": "00:00",
              "closes": "23:59"
            },
            {
              "weekday": "fri",
              "opens": "00:00",
              "closes": "23:59"
            },
            {
              "weekday": "sat",
              "opens": "00:00",
              "closes": "23:59"
            },
            {
              "weekday": "sun",
              "opens": "00:00",
              "closes": "23:59"
            }
          ],
          "capacities": {
            "t": 4
          }
        },
        "table_id": "t",
        "status": "confirmed",
        "created_at": "2026-10-04T09:58:58.065086+00:00",
        "revision": 1
      },
      "response_bytes": 865,
      "response_sha256": "0fbda0475ef79b967f5b49307371d98251c575dc2ca21f27c1b05697ededa161",
      "duration_seconds": 2.097879500999966
    },
    {
      "method": "POST",
      "path": "/reservations",
      "peer": "http://independent-verifier-s4-1004095136-target:18309",
      "key": "one-key",
      "status": 200,
      "request_bytes": 40100,
      "request_sha256": "ace2eeb4fa0a8f39ee7a15d01fd07f49a847b8eece15089e342e367fb4d54c39",
      "response": {
        "reservation_id": "res_8a79a5fd270e4980b09d045c41fcfa7d",
        "reference": "DE77A8721F",
        "restaurant_id": "r",
        "table_ids": [
          "t"
        ],
        "party_size": 2,
        "starts_at_local": "2035-06-04T18:00",
        "starts_at": "2035-06-04T18:00:00+00:00",
        "ends_at": "2035-06-04T19:00:00+00:00",
        "accepted_terms": {
          "policy_version": 0,
          "slot_minutes": 30,
          "reservation_duration_minutes": 60,
          "cancellation_cutoff_minutes": 0,
          "opening_hours": [
            {
              "weekday": "mon",
              "opens": "00:00",
              "closes": "23:59"
            },
            {
              "weekday": "tue",
              "opens": "00:00",
              "closes": "23:59"
            },
            {
              "weekday": "wed",
              "opens": "00:00",
              "closes": "23:59"
            },
            {
              "weekday": "thu",
              "opens": "00:00",
              "closes": "23:59"
            },
            {
              "weekday": "fri",
              "opens": "00:00",
              "closes": "23:59"
            },
            {
              "weekday": "sat",
              "opens": "00:00",
              "closes": "23:59"
            },
            {
              "weekday": "sun",
              "opens": "00:00",
              "closes": "23:59"
            }
          ],
          "capacities": {
            "t": 4
          }
        },
        "table_id": "t",
        "status": "confirmed",
        "created_at": "2026-10-04T09:58:58.065086+00:00",
        "revision": 1
      },
      "response_bytes": 865,
      "response_sha256": "0fbda0475ef79b967f5b49307371d98251c575dc2ca21f27c1b05697ededa161",
      "duration_seconds": 2.144669042999965
    },
    {
      "method": "POST",
      "path": "/reservations",
      "peer": "http://independent-verifier-s4-1004095136-target:18309",
      "key": "one-key",
      "status": 200,
      "request_bytes": 40100,
      "request_sha256": "ace2eeb4fa0a8f39ee7a15d01fd07f49a847b8eece15089e342e367fb4d54c39",
      "response": {
        "reservation_id": "res_8a79a5fd270e4980b09d045c41fcfa7d",
        "reference": "DE77A8721F",
        "restaurant_id": "r",
        "table_ids": [
          "t"
        ],
        "party_size": 2,
        "starts_at_local": "2035-06-04T18:00",
        "starts_at": "2035-06-04T18:00:00+00:00",
        "ends_at": "2035-06-04T19:00:00+00:00",
        "accepted_terms": {
          "policy_version": 0,
          "slot_minutes": 30,
          "reservation_duration_minutes": 60,
          "cancellation_cutoff_minutes": 0,
          "opening_hours": [
            {
              "weekday": "mon",
              "opens": "00:00",
              "closes": "23:59"
            },
            {
              "weekday": "tue",
              "opens": "00:00",
              "closes": "23:59"
            },
            {
              "weekday": "wed",
              "opens": "00:00",
              "closes": "23:59"
            },
            {
              "weekday": "thu",
              "opens": "00:00",
              "closes": "23:59"
            },
            {
              "weekday": "fri",
              "opens": "00:00",
              "closes": "23:59"
            },
            {
              "weekday": "sat",
              "opens": "00:00",
              "closes": "23:59"
            },
            {
              "weekday": "sun",
              "opens": "00:00",
              "closes": "23:59"
            }
          ],
          "capacities": {
            "t": 4
          }
        },
        "table_id": "t",
        "status": "confirmed",
        "created_at": "2026-10-04T09:58:58.065086+00:00",
        "revision": 1
      },
      "response_bytes": 865,
      "response_sha256": "0fbda0475ef79b967f5b49307371d98251c575dc2ca21f27c1b05697ededa161",
      "duration_seconds": 2.185099000999969
    },
    {
      "method": "POST",
      "path": "/reservations",
      "peer": "http://independent-verifier-s4-1004095136-target:18309",
      "key": "one-key",
      "status": 200,
      "request_bytes": 40100,
      "request_sha256": "ace2eeb4fa0a8f39ee7a15d01fd07f49a847b8eece15089e342e367fb4d54c39",
      "response": {
        "reservation_id": "res_8a79a5fd270e4980b09d045c41fcfa7d",
        "reference": "DE77A8721F",
        "restaurant_id": "r",
        "table_ids": [
          "t"
        ],
        "party_size": 2,
        "starts_at_local": "2035-06-04T18:00",
        "starts_at": "2035-06-04T18:00:00+00:00",
        "ends_at": "2035-06-04T19:00:00+00:00",
        "accepted_terms": {
          "policy_version": 0,
          "slot_minutes": 30,
          "reservation_duration_minutes": 60,
          "cancellation_cutoff_minutes": 0,
          "opening_hours": [
            {
              "weekday": "mon",
              "opens": "00:00",
              "closes": "23:59"
            },
            {
              "weekday": "tue",
              "opens": "00:00",
              "closes": "23:59"
            },
            {
              "weekday": "wed",
              "opens": "00:00",
              "closes": "23:59"
            },
            {
              "weekday": "thu",
              "opens": "00:00",
              "closes": "23:59"
            },
            {
              "weekday": "fri",
              "opens": "00:00",
              "closes": "23:59"
            },
            {
              "weekday": "sat",
              "opens": "00:00",
              "closes": "23:59"
            },
            {
              "weekday": "sun",
              "opens": "00:00",
              "closes": "23:59"
            }
          ],
          "capacities": {
            "t": 4
          }
        },
        "table_id": "t",
        "status": "confirmed",
        "created_at": "2026-10-04T09:58:58.065086+00:00",
        "revision": 1
      },
      "response_bytes": 865,
      "response_sha256": "0fbda0475ef79b967f5b49307371d98251c575dc2ca21f27c1b05697ededa161",
      "duration_seconds": 2.2162825009999665
    },
    {
      "method": "POST",
      "path": "/reservations",
      "peer": "http://independent-verifier-s4-1004095136-target:18309",
      "key": "one-key",
      "status": 200,
      "request_bytes": 40100,
      "request_sha256": "ace2eeb4fa0a8f39ee7a15d01fd07f49a847b8eece15089e342e367fb4d54c39",
      "response": {
        "reservation_id": "res_8a79a5fd270e4980b09d045c41fcfa7d",
        "reference": "DE77A8721F",
        "restaurant_id": "r",
        "table_ids": [
          "t"
        ],
        "party_size": 2,
        "starts_at_local": "2035-06-04T18:00",
        "starts_at": "2035-06-04T18:00:00+00:00",
        "ends_at": "2035-06-04T19:00:00+00:00",
        "accepted_terms": {
          "policy_version": 0,
          "slot_minutes": 30,
          "reservation_duration_minutes": 60,
          "cancellation_cutoff_minutes": 0,
          "opening_hours": [
            {
              "weekday": "mon",
              "opens": "00:00",
              "closes": "23:59"
            },
            {
              "weekday": "tue",
              "opens": "00:00",
              "closes": "23:59"
            },
            {
              "weekday": "wed",
              "opens": "00:00",
              "closes": "23:59"
            },
            {
              "weekday": "thu",
              "opens": "00:00",
              "closes": "23:59"
            },
            {
              "weekday": "fri",
              "opens": "00:00",
              "closes": "23:59"
            },
            {
              "weekday": "sat",
              "opens": "00:00",
              "closes": "23:59"
            },
            {
              "weekday": "sun",
              "opens": "00:00",
              "closes": "23:59"
            }
          ],
          "capacities": {
            "t": 4
          }
        },
        "table_id": "t",
        "status": "confirmed",
        "created_at": "2026-10-04T09:58:58.065086+00:00",
        "revision": 1
      },
      "response_bytes": 865,
      "response_sha256": "0fbda0475ef79b967f5b49307371d98251c575dc2ca21f27c1b05697ededa161",
      "duration_seconds": 2.2359200430000215
    },
    {
      "method": "POST",
      "path": "/reservations",
      "peer": "http://independent-verifier-s4-1004095136-target:18309",
      "key": "one-key",
      "status": 200,
      "request_bytes": 40100,
      "request_sha256": "ace2eeb4fa0a8f39ee7a15d01fd07f49a847b8eece15089e342e367fb4d54c39",
      "response": {
        "reservation_id": "res_8a79a5fd270e4980b09d045c41fcfa7d",
        "reference": "DE77A8721F",
        "restaurant_id": "r",
        "table_ids": [
          "t"
        ],
        "party_size": 2,
        "starts_at_local": "2035-06-04T18:00",
        "starts_at": "2035-06-04T18:00:00+00:00",
        "ends_at": "2035-06-04T19:00:00+00:00",
        "accepted_terms": {
          "policy_version": 0,
          "slot_minutes": 30,
          "reservation_duration_minutes": 60,
          "cancellation_cutoff_minutes": 0,
          "opening_hours": [
            {
              "weekday": "mon",
              "opens": "00:00",
              "closes": "23:59"
            },
            {
              "weekday": "tue",
              "opens": "00:00",
              "closes": "23:59"
            },
            {
              "weekday": "wed",
              "opens": "00:00",
              "closes": "23:59"
            },
            {
              "weekday": "thu",
              "opens": "00:00",
              "closes": "23:59"
            },
            {
              "weekday": "fri",
              "opens": "00:00",
              "closes": "23:59"
            },
            {
              "weekday": "sat",
              "opens": "00:00",
              "closes": "23:59"
            },
            {
              "weekday": "sun",
              "opens": "00:00",
              "closes": "23:59"
            }
          ],
          "capacities": {
            "t": 4
          }
        },
        "table_id": "t",
        "status": "confirmed",
        "created_at": "2026-10-04T09:58:58.065086+00:00",
        "revision": 1
      },
      "response_bytes": 865,
      "response_sha256": "0fbda0475ef79b967f5b49307371d98251c575dc2ca21f27c1b05697ededa161",
      "duration_seconds": 2.2747901260000276
    },
    {
      "method": "POST",
      "path": "/reservations",
      "peer": "http://independent-verifier-s4-1004095136-target:18309",
      "key": "one-key",
      "status": 200,
      "request_bytes": 40100,
      "request_sha256": "ace2eeb4fa0a8f39ee7a15d01fd07f49a847b8eece15089e342e367fb4d54c39",
      "response": {
        "reservation_id": "res_8a79a5fd270e4980b09d045c41fcfa7d",
        "reference": "DE77A8721F",
        "restaurant_id": "r",
        "table_ids": [
          "t"
        ],
        "party_size": 2,
        "starts_at_local": "2035-06-04T18:00",
        "starts_at": "2035-06-04T18:00:00+00:00",
        "ends_at": "2035-06-04T19:00:00+00:00",
        "accepted_terms": {
          "policy_version": 0,
          "slot_minutes": 30,
          "reservation_duration_minutes": 60,
          "cancellation_cutoff_minutes": 0,
          "opening_hours": [
            {
              "weekday": "mon",
              "opens": "00:00",
              "closes": "23:59"
            },
            {
              "weekday": "tue",
              "opens": "00:00",
              "closes": "23:59"
            },
            {
              "weekday": "wed",
              "opens": "00:00",
              "closes": "23:59"
            },
            {
              "weekday": "thu",
              "opens": "00:00",
              "closes": "23:59"
            },
            {
              "weekday": "fri",
              "opens": "00:00",
              "closes": "23:59"
            },
            {
              "weekday": "sat",
              "opens": "00:00",
              "closes": "23:59"
            },
            {
              "weekday": "sun",
              "opens": "00:00",
              "closes": "23:59"
            }
          ],
          "capacities": {
            "t": 4
          }
        },
        "table_id": "t",
        "status": "confirmed",
        "created_at": "2026-10-04T09:58:58.065086+00:00",
        "revision": 1
      },
      "response_bytes": 865,
      "response_sha256": "0fbda0475ef79b967f5b49307371d98251c575dc2ca21f27c1b05697ededa161",
      "duration_seconds": 2.30698729300002
    },
    {
      "method": "POST",
      "path": "/reservations",
      "peer": "http://independent-verifier-s4-1004095136-target:18309",
      "key": "one-key",
      "status": 200,
      "request_bytes": 40100,
      "request_sha256": "ace2eeb4fa0a8f39ee7a15d01fd07f49a847b8eece15089e342e367fb4d54c39",
      "response": {
        "reservation_id": "res_8a79a5fd270e4980b09d045c41fcfa7d",
        "reference": "DE77A8721F",
        "restaurant_id": "r",
        "table_ids": [
          "t"
        ],
        "party_size": 2,
        "starts_at_local": "2035-06-04T18:00",
        "starts_at": "2035-06-04T18:00:00+00:00",
        "ends_at": "2035-06-04T19:00:00+00:00",
        "accepted_terms": {
          "policy_version": 0,
          "slot_minutes": 30,
          "reservation_duration_minutes": 60,
          "cancellation_cutoff_minutes": 0,
          "opening_hours": [
            {
              "weekday": "mon",
              "opens": "00:00",
              "closes": "23:59"
            },
            {
              "weekday": "tue",
              "opens": "00:00",
              "closes": "23:59"
            },
            {
              "weekday": "wed",
              "opens": "00:00",
              "closes": "23:59"
            },
            {
              "weekday": "thu",
              "opens": "00:00",
              "closes": "23:59"
            },
            {
              "weekday": "fri",
              "opens": "00:00",
              "closes": "23:59"
            },
            {
              "weekday": "sat",
              "opens": "00:00",
              "closes": "23:59"
            },
            {
              "weekday": "sun",
              "opens": "00:00",
              "closes": "23:59"
            }
          ],
          "capacities": {
            "t": 4
          }
        },
        "table_id": "t",
        "status": "confirmed",
        "created_at": "2026-10-04T09:58:58.065086+00:00",
        "revision": 1
      },
      "response_bytes": 865,
      "response_sha256": "0fbda0475ef79b967f5b49307371d98251c575dc2ca21f27c1b05697ededa161",
      "duration_seconds": 2.334304626000005
    },
    {
      "method": "POST",
      "path": "/reservations",
      "peer": "http://independent-verifier-s4-1004095136-target:18309",
      "key": "one-key",
      "status": 200,
      "request_bytes": 40100,
      "request_sha256": "ace2eeb4fa0a8f39ee7a15d01fd07f49a847b8eece15089e342e367fb4d54c39",
      "response": {
        "reservation_id": "res_8a79a5fd270e4980b09d045c41fcfa7d",
        "reference": "DE77A8721F",
        "restaurant_id": "r",
        "table_ids": [
          "t"
        ],
        "party_size": 2,
        "starts_at_local": "2035-06-04T18:00",
        "starts_at": "2035-06-04T18:00:00+00:00",
        "ends_at": "2035-06-04T19:00:00+00:00",
        "accepted_terms": {
          "policy_version": 0,
          "slot_minutes": 30,
          "reservation_duration_minutes": 60,
          "cancellation_cutoff_minutes": 0,
          "opening_hours": [
            {
              "weekday": "mon",
              "opens": "00:00",
              "closes": "23:59"
            },
            {
              "weekday": "tue",
              "opens": "00:00",
              "closes": "23:59"
            },
            {
              "weekday": "wed",
              "opens": "00:00",
              "closes": "23:59"
            },
            {
              "weekday": "thu",
              "opens": "00:00",
              "closes": "23:59"
            },
            {
              "weekday": "fri",
              "opens": "00:00",
              "closes": "23:59"
            },
            {
              "weekday": "sat",
              "opens": "00:00",
              "closes": "23:59"
            },
            {
              "weekday": "sun",
              "opens": "00:00",
              "closes": "23:59"
            }
          ],
          "capacities": {
            "t": 4
          }
        },
        "table_id": "t",
        "status": "confirmed",
        "created_at": "2026-10-04T09:58:58.065086+00:00",
        "revision": 1
      },
      "response_bytes": 865,
      "response_sha256": "0fbda0475ef79b967f5b49307371d98251c575dc2ca21f27c1b05697ededa161",
      "duration_seconds": 2.3758438759999763
    },
    {
      "method": "POST",
      "path": "/reservations",
      "peer": "http://independent-verifier-s4-1004095136-target:18309",
      "key": "one-key",
      "status": 200,
      "request_bytes": 40100,
      "request_sha256": "ace2eeb4fa0a8f39ee7a15d01fd07f49a847b8eece15089e342e367fb4d54c39",
      "response": {
        "reservation_id": "res_8a79a5fd270e4980b09d045c41fcfa7d",
        "reference": "DE77A8721F",
        "restaurant_id": "r",
        "table_ids": [
          "t"
        ],
        "party_size": 2,
        "starts_at_local": "2035-06-04T18:00",
        "starts_at": "2035-06-04T18:00:00+00:00",
        "ends_at": "2035-06-04T19:00:00+00:00",
        "accepted_terms": {
          "policy_version": 0,
          "slot_minutes": 30,
          "reservation_duration_minutes": 60,
          "cancellation_cutoff_minutes": 0,
          "opening_hours": [
            {
              "weekday": "mon",
              "opens": "00:00",
              "closes": "23:59"
            },
            {
              "weekday": "tue",
              "opens": "00:00",
              "closes": "23:59"
            },
            {
              "weekday": "wed",
              "opens": "00:00",
              "closes": "23:59"
            },
            {
              "weekday": "thu",
              "opens": "00:00",
              "closes": "23:59"
            },
            {
              "weekday": "fri",
              "opens": "00:00",
              "closes": "23:59"
            },
            {
              "weekday": "sat",
              "opens": "00:00",
              "closes": "23:59"
            },
            {
              "weekday": "sun",
              "opens": "00:00",
              "closes": "23:59"
            }
          ],
          "capacities": {
            "t": 4
          }
        },
        "table_id": "t",
        "status": "confirmed",
        "created_at": "2026-10-04T09:58:58.065086+00:00",
        "revision": 1
      },
      "response_bytes": 865,
      "response_sha256": "0fbda0475ef79b967f5b49307371d98251c575dc2ca21f27c1b05697ededa161",
      "duration_seconds": 2.388033792999977
    },
    {
      "method": "GET",
      "path": "/reservations",
      "peer": "http://independent-verifier-s4-1004095136-target:18309",
      "key": null,
      "status": 200,
      "request_bytes": 0,
      "request_sha256": "e3b0c44298fc1c149afbf4c8996fb92427ae41e4649b934ca495991b7852b855",
      "response": {
        "reservations": [
          {
            "reservation_id": "res_8a79a5fd270e4980b09d045c41fcfa7d",
            "reference": "DE77A8721F",
            "restaurant_id": "r",
            "table_ids": [
              "t"
            ],
            "party_size": 2,
            "starts_at_local": "2035-06-04T18:00",
            "starts_at": "2035-06-04T18:00:00+00:00",
            "ends_at": "2035-06-04T19:00:00+00:00",
            "accepted_terms": {
              "policy_version": 0,
              "slot_minutes": 30,
              "reservation_duration_minutes": 60,
              "cancellation_cutoff_minutes": 0,
              "opening_hours": [
                {
                  "weekday": "mon",
                  "opens": "00:00",
                  "closes": "23:59"
                },
                {
                  "weekday": "tue",
                  "opens": "00:00",
                  "closes": "23:59"
                },
                {
                  "weekday": "wed",
                  "opens": "00:00",
                  "closes": "23:59"
                },
                {
                  "weekday": "thu",
                  "opens": "00:00",
                  "closes": "23:59"
                },
                {
                  "weekday": "fri",
                  "opens": "00:00",
                  "closes": "23:59"
                },
                {
                  "weekday": "sat",
                  "opens": "00:00",
                  "closes": "23:59"
                },
                {
                  "weekday": "sun",
                  "opens": "00:00",
                  "closes": "23:59"
                }
              ],
              "capacities": {
                "t": 4
              }
            },
            "table_id": "t",
            "status": "confirmed",
            "created_at": "2026-10-04T09:58:58.065086+00:00",
            "revision": 1
          }
        ]
      },
      "response_bytes": 884,
      "response_sha256": "c9cb76c518c6bd0da254a7a51e70130ef3e8d9c04d65fb8acdb6e7a087f65a6d",
      "duration_seconds": 0.0005486250000217296
    },
    {
      "method": "GET",
      "path": "/_test/export",
      "peer": "http://independent-verifier-s4-1004095136-target:18309",
      "key": null,
      "status": 200,
      "request_bytes": 0,
      "request_sha256": "e3b0c44298fc1c149afbf4c8996fb92427ae41e4649b934ca495991b7852b855",
      "response": {
        "private_snapshot_sha256": "8ee33521508d40dd3bad4292167d71afe19597139b85747c5cc54856b8ba38bb"
      },
      "response_bytes": 44000,
      "response_sha256": "8ee33521508d40dd3bad4292167d71afe19597139b85747c5cc54856b8ba38bb",
      "duration_seconds": 0.023602416999949583
    },
    {
      "method": "POST",
      "path": "/reservations/DE77A8721F/cancel",
      "peer": "http://independent-verifier-s4-1004095136-target:18309",
      "key": null,
      "status": 200,
      "request_bytes": 2,
      "request_sha256": "44136fa355b3678a1146ad16f7e8649e94fb4fc21fe77e8310c060f61caaff8a",
      "response": {
        "reservation_id": "res_8a79a5fd270e4980b09d045c41fcfa7d",
        "reference": "DE77A8721F",
        "restaurant_id": "r",
        "table_ids": [
          "t"
        ],
        "party_size": 2,
        "starts_at_local": "2035-06-04T18:00",
        "starts_at": "2035-06-04T18:00:00+00:00",
        "ends_at": "2035-06-04T19:00:00+00:00",
        "accepted_terms": {
          "policy_version": 0,
          "slot_minutes": 30,
          "reservation_duration_minutes": 60,
          "cancellation_cutoff_minutes": 0,
          "opening_hours": [
            {
              "weekday": "mon",
              "opens": "00:00",
              "closes": "23:59"
            },
            {
              "weekday": "tue",
              "opens": "00:00",
              "closes": "23:59"
            },
            {
              "weekday": "wed",
              "opens": "00:00",
              "closes": "23:59"
            },
            {
              "weekday": "thu",
              "opens": "00:00",
              "closes": "23:59"
            },
            {
              "weekday": "fri",
              "opens": "00:00",
              "closes": "23:59"
            },
            {
              "weekday": "sat",
              "opens": "00:00",
              "closes": "23:59"
            },
            {
              "weekday": "sun",
              "opens": "00:00",
              "closes": "23:59"
            }
          ],
          "capacities": {
            "t": 4
          }
        },
        "table_id": "t",
        "status": "cancelled",
        "created_at": "2026-10-04T09:58:58.065086+00:00",
        "revision": 2
      },
      "response_bytes": 865,
      "response_sha256": "781c83ed3b1a85708318d09447082ce116a044242e4e016295c920a75d56d951",
      "duration_seconds": 0.000564875000009124
    },
    {
      "method": "POST",
      "path": "/reservations",
      "peer": "http://independent-verifier-s4-1004095136-target:18309",
      "key": "one-key",
      "status": 200,
      "request_bytes": 40102,
      "request_sha256": "727bebed6be0e75084027d077b832587f89a659e0cc6b14d9e184248aeb46d43",
      "response": {
        "reservation_id": "res_8a79a5fd270e4980b09d045c41fcfa7d",
        "reference": "DE77A8721F",
        "restaurant_id": "r",
        "table_ids": [
          "t"
        ],
        "party_size": 2,
        "starts_at_local": "2035-06-04T18:00",
        "starts_at": "2035-06-04T18:00:00+00:00",
        "ends_at": "2035-06-04T19:00:00+00:00",
        "accepted_terms": {
          "policy_version": 0,
          "slot_minutes": 30,
          "reservation_duration_minutes": 60,
          "cancellation_cutoff_minutes": 0,
          "opening_hours": [
            {
              "weekday": "mon",
              "opens": "00:00",
              "closes": "23:59"
            },
            {
              "weekday": "tue",
              "opens": "00:00",
              "closes": "23:59"
            },
            {
              "weekday": "wed",
              "opens": "00:00",
              "closes": "23:59"
            },
            {
              "weekday": "thu",
              "opens": "00:00",
              "closes": "23:59"
            },
            {
              "weekday": "fri",
              "opens": "00:00",
              "closes": "23:59"
            },
            {
              "weekday": "sat",
              "opens": "00:00",
              "closes": "23:59"
            },
            {
              "weekday": "sun",
              "opens": "00:00",
              "closes": "23:59"
            }
          ],
          "capacities": {
            "t": 4
          }
        },
        "table_id": "t",
        "status": "confirmed",
        "created_at": "2026-10-04T09:58:58.065086+00:00",
        "revision": 1
      },
      "response_bytes": 865,
      "response_sha256": "0fbda0475ef79b967f5b49307371d98251c575dc2ca21f27c1b05697ededa161",
      "duration_seconds": 0.035533874999998716
    },
    {
      "method": "POST",
      "path": "/_test/import",
      "peer": "http://independent-verifier-s4-1004095136-peer:8080",
      "key": null,
      "status": 204,
      "request_bytes": 44000,
      "request_sha256": "8ee33521508d40dd3bad4292167d71afe19597139b85747c5cc54856b8ba38bb",
      "response": null,
      "response_bytes": 0,
      "response_sha256": "e3b0c44298fc1c149afbf4c8996fb92427ae41e4649b934ca495991b7852b855",
      "duration_seconds": 0.03583066599998119
    },
    {
      "method": "POST",
      "path": "/reservations",
      "peer": "http://independent-verifier-s4-1004095136-peer:8080",
      "key": "one-key",
      "status": 200,
      "request_bytes": 40100,
      "request_sha256": "ace2eeb4fa0a8f39ee7a15d01fd07f49a847b8eece15089e342e367fb4d54c39",
      "response": {
        "reservation_id": "res_8a79a5fd270e4980b09d045c41fcfa7d",
        "reference": "DE77A8721F",
        "restaurant_id": "r",
        "table_ids": [
          "t"
        ],
        "party_size": 2,
        "starts_at_local": "2035-06-04T18:00",
        "starts_at": "2035-06-04T18:00:00+00:00",
        "ends_at": "2035-06-04T19:00:00+00:00",
        "accepted_terms": {
          "policy_version": 0,
          "slot_minutes": 30,
          "reservation_duration_minutes": 60,
          "cancellation_cutoff_minutes": 0,
          "opening_hours": [
            {
              "weekday": "mon",
              "opens": "00:00",
              "closes": "23:59"
            },
            {
              "weekday": "tue",
              "opens": "00:00",
              "closes": "23:59"
            },
            {
              "weekday": "wed",
              "opens": "00:00",
              "closes": "23:59"
            },
            {
              "weekday": "thu",
              "opens": "00:00",
              "closes": "23:59"
            },
            {
              "weekday": "fri",
              "opens": "00:00",
              "closes": "23:59"
            },
            {
              "weekday": "sat",
              "opens": "00:00",
              "closes": "23:59"
            },
            {
              "weekday": "sun",
              "opens": "00:00",
              "closes": "23:59"
            }
          ],
          "capacities": {
            "t": 4
          }
        },
        "table_id": "t",
        "status": "confirmed",
        "created_at": "2026-10-04T09:58:58.065086+00:00",
        "revision": 1
      },
      "response_bytes": 865,
      "response_sha256": "0fbda0475ef79b967f5b49307371d98251c575dc2ca21f27c1b05697ededa161",
      "duration_seconds": 0.04432950000000346
    },
    {
      "method": "GET",
      "path": "/reservations",
      "peer": "http://independent-verifier-s4-1004095136-peer:8080",
      "key": null,
      "status": 200,
      "request_bytes": 0,
      "request_sha256": "e3b0c44298fc1c149afbf4c8996fb92427ae41e4649b934ca495991b7852b855",
      "response": {
        "reservations": [
          {
            "reservation_id": "res_8a79a5fd270e4980b09d045c41fcfa7d",
            "reference": "DE77A8721F",
            "restaurant_id": "r",
            "table_ids": [
              "t"
            ],
            "party_size": 2,
            "starts_at_local": "2035-06-04T18:00",
            "starts_at": "2035-06-04T18:00:00+00:00",
            "ends_at": "2035-06-04T19:00:00+00:00",
            "accepted_terms": {
              "policy_version": 0,
              "slot_minutes": 30,
              "reservation_duration_minutes": 60,
              "cancellation_cutoff_minutes": 0,
              "opening_hours": [
                {
                  "weekday": "mon",
                  "opens": "00:00",
                  "closes": "23:59"
                },
                {
                  "weekday": "tue",
                  "opens": "00:00",
                  "closes": "23:59"
                },
                {
                  "weekday": "wed",
                  "opens": "00:00",
                  "closes": "23:59"
                },
                {
                  "weekday": "thu",
                  "opens": "00:00",
                  "closes": "23:59"
                },
                {
                  "weekday": "fri",
                  "opens": "00:00",
                  "closes": "23:59"
                },
                {
                  "weekday": "sat",
                  "opens": "00:00",
                  "closes": "23:59"
                },
                {
                  "weekday": "sun",
                  "opens": "00:00",
                  "closes": "23:59"
                }
              ],
              "capacities": {
                "t": 4
              }
            },
            "table_id": "t",
            "status": "confirmed",
            "created_at": "2026-10-04T09:58:58.065086+00:00",
            "revision": 1
          }
        ]
      },
      "response_bytes": 884,
      "response_sha256": "c9cb76c518c6bd0da254a7a51e70130ef3e8d9c04d65fb8acdb6e7a087f65a6d",
      "duration_seconds": 0.0005604589999848031
    },
    {
      "method": "POST",
      "path": "/reservations",
      "peer": "http://independent-verifier-s4-1004095136-peer:8080",
      "key": "one-key",
      "status": 409,
      "request_bytes": 40100,
      "request_sha256": "ebbe2a7bd354e8ce77903497feb0306ae69d44e540906bca70953edb0f8f6d75",
      "response": {
        "error": {
          "code": "idempotency_key_reuse",
          "message": "idempotency key reuse"
        }
      },
      "response_bytes": 76,
      "response_sha256": "2b42a96c539152fcb2135ec70b68ac8da6df9264fe366266e11a895cda131456",
      "duration_seconds": 0.04267079100003457
    },
    {
      "method": "POST",
      "path": "/_test/reset",
      "peer": "http://independent-verifier-s4-1004095136-target:18309",
      "key": null,
      "status": 204,
      "request_bytes": 607,
      "request_sha256": "74cefc9206668bfa993957c2d83f374d558873eddd8d389940dfffafe6a6de56",
      "response": null,
      "response_bytes": 0,
      "response_sha256": "e3b0c44298fc1c149afbf4c8996fb92427ae41e4649b934ca495991b7852b855",
      "duration_seconds": 0.0010325840000291464
    },
    {
      "method": "POST",
      "path": "/auth/signup",
      "peer": "http://independent-verifier-s4-1004095136-target:18309",
      "key": null,
      "status": 201,
      "request_bytes": 87,
      "request_sha256": "d9a4d5e4deca95fe0ddb7cf20abb91ae68b60f1228547572593e5c04693dd3c0",
      "response": {
        "user_id": "u_1836ffd5f17844efb1390642a945d564",
        "display_name": "Race Diner"
      },
      "response_bytes": 130,
      "response_sha256": "e73e1bf93b6cfb38e8b08feff2bceec9404d5d6225cf417a793d222dc264bbf6",
      "duration_seconds": 0.021808500000020103
    },
    {
      "method": "POST",
      "path": "/reservations",
      "peer": "http://independent-verifier-s4-1004095136-target:18309",
      "key": "competing-0",
      "status": 201,
      "request_bytes": 40100,
      "request_sha256": "ace2eeb4fa0a8f39ee7a15d01fd07f49a847b8eece15089e342e367fb4d54c39",
      "response": {
        "reservation_id": "res_ab2c16c81a5d435a8f7a3e70ffa4ee75",
        "reference": "20C262D81A",
        "restaurant_id": "r",
        "table_ids": [
          "t"
        ],
        "party_size": 2,
        "starts_at_local": "2035-06-04T18:00",
        "starts_at": "2035-06-04T18:00:00+00:00",
        "ends_at": "2035-06-04T19:00:00+00:00",
        "accepted_terms": {
          "policy_version": 0,
          "slot_minutes": 30,
          "reservation_duration_minutes": 60,
          "cancellation_cutoff_minutes": 0,
          "opening_hours": [
            {
              "weekday": "mon",
              "opens": "00:00",
              "closes": "23:59"
            },
            {
              "weekday": "tue",
              "opens": "00:00",
              "closes": "23:59"
            },
            {
              "weekday": "wed",
              "opens": "00:00",
              "closes": "23:59"
            },
            {
              "weekday": "thu",
              "opens": "00:00",
              "closes": "23:59"
            },
            {
              "weekday": "fri",
              "opens": "00:00",
              "closes": "23:59"
            },
            {
              "weekday": "sat",
              "opens": "00:00",
              "closes": "23:59"
            },
            {
              "weekday": "sun",
              "opens": "00:00",
              "closes": "23:59"
            }
          ],
          "capacities": {
            "t": 4
          }
        },
        "table_id": "t",
        "status": "confirmed",
        "created_at": "2026-10-04T09:59:00.596128+00:00",
        "revision": 1
      },
      "response_bytes": 865,
      "response_sha256": "463a7bba79133f478d330cbeef33d712698704f047e3dd263fce94ee1a456759",
      "duration_seconds": 0.07687908399998378
    },
    {
      "method": "POST",
      "path": "/reservations",
      "peer": "http://independent-verifier-s4-1004095136-target:18309",
      "key": "competing-2",
      "status": 409,
      "request_bytes": 40100,
      "request_sha256": "ace2eeb4fa0a8f39ee7a15d01fd07f49a847b8eece15089e342e367fb4d54c39",
      "response": {
        "error": {
          "code": "table_unavailable",
          "message": "table unavailable"
        }
      },
      "response_bytes": 68,
      "response_sha256": "3f6b0170b998d8130c47361f88a1f20e4b6b2b8023802a0802d3ba1366f4140e",
      "duration_seconds": 0.08512462500004858
    },
    {
      "method": "POST",
      "path": "/reservations",
      "peer": "http://independent-verifier-s4-1004095136-target:18309",
      "key": "competing-42",
      "status": 409,
      "request_bytes": 40100,
      "request_sha256": "ace2eeb4fa0a8f39ee7a15d01fd07f49a847b8eece15089e342e367fb4d54c39",
      "response": {
        "error": {
          "code": "table_unavailable",
          "message": "table unavailable"
        }
      },
      "response_bytes": 68,
      "response_sha256": "3f6b0170b998d8130c47361f88a1f20e4b6b2b8023802a0802d3ba1366f4140e",
      "duration_seconds": 0.12564641699998447
    },
    {
      "method": "POST",
      "path": "/reservations",
      "peer": "http://independent-verifier-s4-1004095136-target:18309",
      "key": "competing-11",
      "status": 409,
      "request_bytes": 40100,
      "request_sha256": "ace2eeb4fa0a8f39ee7a15d01fd07f49a847b8eece15089e342e367fb4d54c39",
      "response": {
        "error": {
          "code": "table_unavailable",
          "message": "table unavailable"
        }
      },
      "response_bytes": 68,
      "response_sha256": "3f6b0170b998d8130c47361f88a1f20e4b6b2b8023802a0802d3ba1366f4140e",
      "duration_seconds": 0.16635645900004192
    },
    {
      "method": "POST",
      "path": "/reservations",
      "peer": "http://independent-verifier-s4-1004095136-target:18309",
      "key": "competing-13",
      "status": 409,
      "request_bytes": 40100,
      "request_sha256": "ace2eeb4fa0a8f39ee7a15d01fd07f49a847b8eece15089e342e367fb4d54c39",
      "response": {
        "error": {
          "code": "table_unavailable",
          "message": "table unavailable"
        }
      },
      "response_bytes": 68,
      "response_sha256": "3f6b0170b998d8130c47361f88a1f20e4b6b2b8023802a0802d3ba1366f4140e",
      "duration_seconds": 0.21739391699998123
    },
    {
      "method": "POST",
      "path": "/reservations",
      "peer": "http://independent-verifier-s4-1004095136-target:18309",
      "key": "competing-29",
      "status": 409,
      "request_bytes": 40100,
      "request_sha256": "ace2eeb4fa0a8f39ee7a15d01fd07f49a847b8eece15089e342e367fb4d54c39",
      "response": {
        "error": {
          "code": "table_unavailable",
          "message": "table unavailable"
        }
      },
      "response_bytes": 68,
      "response_sha256": "3f6b0170b998d8130c47361f88a1f20e4b6b2b8023802a0802d3ba1366f4140e",
      "duration_seconds": 0.23773737599998412
    },
    {
      "method": "POST",
      "path": "/reservations",
      "peer": "http://independent-verifier-s4-1004095136-target:18309",
      "key": "competing-26",
      "status": 409,
      "request_bytes": 40100,
      "request_sha256": "ace2eeb4fa0a8f39ee7a15d01fd07f49a847b8eece15089e342e367fb4d54c39",
      "response": {
        "error": {
          "code": "table_unavailable",
          "message": "table unavailable"
        }
      },
      "response_bytes": 68,
      "response_sha256": "3f6b0170b998d8130c47361f88a1f20e4b6b2b8023802a0802d3ba1366f4140e",
      "duration_seconds": 0.2469688340000289
    },
    {
      "method": "POST",
      "path": "/reservations",
      "peer": "http://independent-verifier-s4-1004095136-target:18309",
      "key": "competing-12",
      "status": 409,
      "request_bytes": 40100,
      "request_sha256": "ace2eeb4fa0a8f39ee7a15d01fd07f49a847b8eece15089e342e367fb4d54c39",
      "response": {
        "error": {
          "code": "table_unavailable",
          "message": "table unavailable"
        }
      },
      "response_bytes": 68,
      "response_sha256": "3f6b0170b998d8130c47361f88a1f20e4b6b2b8023802a0802d3ba1366f4140e",
      "duration_seconds": 0.26458962499998506
    },
    {
      "method": "POST",
      "path": "/reservations",
      "peer": "http://independent-verifier-s4-1004095136-target:18309",
      "key": "competing-32",
      "status": 409,
      "request_bytes": 40100,
      "request_sha256": "ace2eeb4fa0a8f39ee7a15d01fd07f49a847b8eece15089e342e367fb4d54c39",
      "response": {
        "error": {
          "code": "table_unavailable",
          "message": "table unavailable"
        }
      },
      "response_bytes": 68,
      "response_sha256": "3f6b0170b998d8130c47361f88a1f20e4b6b2b8023802a0802d3ba1366f4140e",
      "duration_seconds": 0.32254962600001136
    },
    {
      "method": "POST",
      "path": "/reservations",
      "peer": "http://independent-verifier-s4-1004095136-target:18309",
      "key": "competing-34",
      "status": 409,
      "request_bytes": 40100,
      "request_sha256": "ace2eeb4fa0a8f39ee7a15d01fd07f49a847b8eece15089e342e367fb4d54c39",
      "response": {
        "error": {
          "code": "table_unavailable",
          "message": "table unavailable"
        }
      },
      "response_bytes": 68,
      "response_sha256": "3f6b0170b998d8130c47361f88a1f20e4b6b2b8023802a0802d3ba1366f4140e",
      "duration_seconds": 0.347507209000014
    },
    {
      "method": "POST",
      "path": "/reservations",
      "peer": "http://independent-verifier-s4-1004095136-target:18309",
      "key": "competing-41",
      "status": 409,
      "request_bytes": 40100,
      "request_sha256": "ace2eeb4fa0a8f39ee7a15d01fd07f49a847b8eece15089e342e367fb4d54c39",
      "response": {
        "error": {
          "code": "table_unavailable",
          "message": "table unavailable"
        }
      },
      "response_bytes": 68,
      "response_sha256": "3f6b0170b998d8130c47361f88a1f20e4b6b2b8023802a0802d3ba1366f4140e",
      "duration_seconds": 0.37277483299999403
    },
    {
      "method": "POST",
      "path": "/reservations",
      "peer": "http://independent-verifier-s4-1004095136-target:18309",
      "key": "competing-30",
      "status": 409,
      "request_bytes": 40100,
      "request_sha256": "ace2eeb4fa0a8f39ee7a15d01fd07f49a847b8eece15089e342e367fb4d54c39",
      "response": {
        "error": {
          "code": "table_unavailable",
          "message": "table unavailable"
        }
      },
      "response_bytes": 68,
      "response_sha256": "3f6b0170b998d8130c47361f88a1f20e4b6b2b8023802a0802d3ba1366f4140e",
      "duration_seconds": 0.3967977079999514
    },
    {
      "method": "POST",
      "path": "/reservations",
      "peer": "http://independent-verifier-s4-1004095136-target:18309",
      "key": "competing-48",
      "status": 409,
      "request_bytes": 40100,
      "request_sha256": "ace2eeb4fa0a8f39ee7a15d01fd07f49a847b8eece15089e342e367fb4d54c39",
      "response": {
        "error": {
          "code": "table_unavailable",
          "message": "table unavailable"
        }
      },
      "response_bytes": 68,
      "response_sha256": "3f6b0170b998d8130c47361f88a1f20e4b6b2b8023802a0802d3ba1366f4140e",
      "duration_seconds": 0.4895987510000168
    },
    {
      "method": "POST",
      "path": "/reservations",
      "peer": "http://independent-verifier-s4-1004095136-target:18309",
      "key": "competing-7",
      "status": 409,
      "request_bytes": 40100,
      "request_sha256": "ace2eeb4fa0a8f39ee7a15d01fd07f49a847b8eece15089e342e367fb4d54c39",
      "response": {
        "error": {
          "code": "table_unavailable",
          "message": "table unavailable"
        }
      },
      "response_bytes": 68,
      "response_sha256": "3f6b0170b998d8130c47361f88a1f20e4b6b2b8023802a0802d3ba1366f4140e",
      "duration_seconds": 0.5137877920000165
    },
    {
      "method": "POST",
      "path": "/reservations",
      "peer": "http://independent-verifier-s4-1004095136-target:18309",
      "key": "competing-10",
      "status": 409,
      "request_bytes": 40100,
      "request_sha256": "ace2eeb4fa0a8f39ee7a15d01fd07f49a847b8eece15089e342e367fb4d54c39",
      "response": {
        "error": {
          "code": "table_unavailable",
          "message": "table unavailable"
        }
      },
      "response_bytes": 68,
      "response_sha256": "3f6b0170b998d8130c47361f88a1f20e4b6b2b8023802a0802d3ba1366f4140e",
      "duration_seconds": 0.5728812499999663
    },
    {
      "method": "POST",
      "path": "/reservations",
      "peer": "http://independent-verifier-s4-1004095136-target:18309",
      "key": "competing-14",
      "status": 409,
      "request_bytes": 40100,
      "request_sha256": "ace2eeb4fa0a8f39ee7a15d01fd07f49a847b8eece15089e342e367fb4d54c39",
      "response": {
        "error": {
          "code": "table_unavailable",
          "message": "table unavailable"
        }
      },
      "response_bytes": 68,
      "response_sha256": "3f6b0170b998d8130c47361f88a1f20e4b6b2b8023802a0802d3ba1366f4140e",
      "duration_seconds": 0.5848139999999944
    },
    {
      "method": "POST",
      "path": "/reservations",
      "peer": "http://independent-verifier-s4-1004095136-target:18309",
      "key": "competing-9",
      "status": 409,
      "request_bytes": 40100,
      "request_sha256": "ace2eeb4fa0a8f39ee7a15d01fd07f49a847b8eece15089e342e367fb4d54c39",
      "response": {
        "error": {
          "code": "table_unavailable",
          "message": "table unavailable"
        }
      },
      "response_bytes": 68,
      "response_sha256": "3f6b0170b998d8130c47361f88a1f20e4b6b2b8023802a0802d3ba1366f4140e",
      "duration_seconds": 0.6358312500000238
    },
    {
      "method": "POST",
      "path": "/reservations",
      "peer": "http://independent-verifier-s4-1004095136-target:18309",
      "key": "competing-31",
      "status": 409,
      "request_bytes": 40100,
      "request_sha256": "ace2eeb4fa0a8f39ee7a15d01fd07f49a847b8eece15089e342e367fb4d54c39",
      "response": {
        "error": {
          "code": "table_unavailable",
          "message": "table unavailable"
        }
      },
      "response_bytes": 68,
      "response_sha256": "3f6b0170b998d8130c47361f88a1f20e4b6b2b8023802a0802d3ba1366f4140e",
      "duration_seconds": 0.7307401250000112
    },
    {
      "method": "POST",
      "path": "/reservations",
      "peer": "http://independent-verifier-s4-1004095136-target:18309",
      "key": "competing-36",
      "status": 409,
      "request_bytes": 40100,
      "request_sha256": "ace2eeb4fa0a8f39ee7a15d01fd07f49a847b8eece15089e342e367fb4d54c39",
      "response": {
        "error": {
          "code": "table_unavailable",
          "message": "table unavailable"
        }
      },
      "response_bytes": 68,
      "response_sha256": "3f6b0170b998d8130c47361f88a1f20e4b6b2b8023802a0802d3ba1366f4140e",
      "duration_seconds": 0.7380514179999977
    },
    {
      "method": "POST",
      "path": "/reservations",
      "peer": "http://independent-verifier-s4-1004095136-target:18309",
      "key": "competing-38",
      "status": 409,
      "request_bytes": 40100,
      "request_sha256": "ace2eeb4fa0a8f39ee7a15d01fd07f49a847b8eece15089e342e367fb4d54c39",
      "response": {
        "error": {
          "code": "table_unavailable",
          "message": "table unavailable"
        }
      },
      "response_bytes": 68,
      "response_sha256": "3f6b0170b998d8130c47361f88a1f20e4b6b2b8023802a0802d3ba1366f4140e",
      "duration_seconds": 0.7796557089999965
    },
    {
      "method": "POST",
      "path": "/reservations",
      "peer": "http://independent-verifier-s4-1004095136-target:18309",
      "key": "competing-19",
      "status": 409,
      "request_bytes": 40100,
      "request_sha256": "ace2eeb4fa0a8f39ee7a15d01fd07f49a847b8eece15089e342e367fb4d54c39",
      "response": {
        "error": {
          "code": "table_unavailable",
          "message": "table unavailable"
        }
      },
      "response_bytes": 68,
      "response_sha256": "3f6b0170b998d8130c47361f88a1f20e4b6b2b8023802a0802d3ba1366f4140e",
      "duration_seconds": 0.8302753340000208
    },
    {
      "method": "POST",
      "path": "/reservations",
      "peer": "http://independent-verifier-s4-1004095136-target:18309",
      "key": "competing-8",
      "status": 409,
      "request_bytes": 40100,
      "request_sha256": "ace2eeb4fa0a8f39ee7a15d01fd07f49a847b8eece15089e342e367fb4d54c39",
      "response": {
        "error": {
          "code": "table_unavailable",
          "message": "table unavailable"
        }
      },
      "response_bytes": 68,
      "response_sha256": "3f6b0170b998d8130c47361f88a1f20e4b6b2b8023802a0802d3ba1366f4140e",
      "duration_seconds": 0.8705971670000281
    },
    {
      "method": "POST",
      "path": "/reservations",
      "peer": "http://independent-verifier-s4-1004095136-target:18309",
      "key": "competing-22",
      "status": 409,
      "request_bytes": 40100,
      "request_sha256": "ace2eeb4fa0a8f39ee7a15d01fd07f49a847b8eece15089e342e367fb4d54c39",
      "response": {
        "error": {
          "code": "table_unavailable",
          "message": "table unavailable"
        }
      },
      "response_bytes": 68,
      "response_sha256": "3f6b0170b998d8130c47361f88a1f20e4b6b2b8023802a0802d3ba1366f4140e",
      "duration_seconds": 0.950060958999984
    },
    {
      "method": "POST",
      "path": "/reservations",
      "peer": "http://independent-verifier-s4-1004095136-target:18309",
      "key": "competing-27",
      "status": 409,
      "request_bytes": 40100,
      "request_sha256": "ace2eeb4fa0a8f39ee7a15d01fd07f49a847b8eece15089e342e367fb4d54c39",
      "response": {
        "error": {
          "code": "table_unavailable",
          "message": "table unavailable"
        }
      },
      "response_bytes": 68,
      "response_sha256": "3f6b0170b998d8130c47361f88a1f20e4b6b2b8023802a0802d3ba1366f4140e",
      "duration_seconds": 1.0263817499999845
    },
    {
      "method": "POST",
      "path": "/reservations",
      "peer": "http://independent-verifier-s4-1004095136-target:18309",
      "key": "competing-20",
      "status": 409,
      "request_bytes": 40100,
      "request_sha256": "ace2eeb4fa0a8f39ee7a15d01fd07f49a847b8eece15089e342e367fb4d54c39",
      "response": {
        "error": {
          "code": "table_unavailable",
          "message": "table unavailable"
        }
      },
      "response_bytes": 68,
      "response_sha256": "3f6b0170b998d8130c47361f88a1f20e4b6b2b8023802a0802d3ba1366f4140e",
      "duration_seconds": 1.027491709000003
    },
    {
      "method": "POST",
      "path": "/reservations",
      "peer": "http://independent-verifier-s4-1004095136-target:18309",
      "key": "competing-21",
      "status": 409,
      "request_bytes": 40100,
      "request_sha256": "ace2eeb4fa0a8f39ee7a15d01fd07f49a847b8eece15089e342e367fb4d54c39",
      "response": {
        "error": {
          "code": "table_unavailable",
          "message": "table unavailable"
        }
      },
      "response_bytes": 68,
      "response_sha256": "3f6b0170b998d8130c47361f88a1f20e4b6b2b8023802a0802d3ba1366f4140e",
      "duration_seconds": 1.0525235420000172
    },
    {
      "method": "POST",
      "path": "/reservations",
      "peer": "http://independent-verifier-s4-1004095136-target:18309",
      "key": "competing-18",
      "status": 409,
      "request_bytes": 40100,
      "request_sha256": "ace2eeb4fa0a8f39ee7a15d01fd07f49a847b8eece15089e342e367fb4d54c39",
      "response": {
        "error": {
          "code": "table_unavailable",
          "message": "table unavailable"
        }
      },
      "response_bytes": 68,
      "response_sha256": "3f6b0170b998d8130c47361f88a1f20e4b6b2b8023802a0802d3ba1366f4140e",
      "duration_seconds": 1.17110704199996
    },
    {
      "method": "POST",
      "path": "/reservations",
      "peer": "http://independent-verifier-s4-1004095136-target:18309",
      "key": "competing-40",
      "status": 409,
      "request_bytes": 40100,
      "request_sha256": "ace2eeb4fa0a8f39ee7a15d01fd07f49a847b8eece15089e342e367fb4d54c39",
      "response": {
        "error": {
          "code": "table_unavailable",
          "message": "table unavailable"
        }
      },
      "response_bytes": 68,
      "response_sha256": "3f6b0170b998d8130c47361f88a1f20e4b6b2b8023802a0802d3ba1366f4140e",
      "duration_seconds": 1.2366216670000085
    },
    {
      "method": "POST",
      "path": "/reservations",
      "peer": "http://independent-verifier-s4-1004095136-target:18309",
      "key": "competing-39",
      "status": 409,
      "request_bytes": 40100,
      "request_sha256": "ace2eeb4fa0a8f39ee7a15d01fd07f49a847b8eece15089e342e367fb4d54c39",
      "response": {
        "error": {
          "code": "table_unavailable",
          "message": "table unavailable"
        }
      },
      "response_bytes": 68,
      "response_sha256": "3f6b0170b998d8130c47361f88a1f20e4b6b2b8023802a0802d3ba1366f4140e",
      "duration_seconds": 1.342852626000024
    },
    {
      "method": "POST",
      "path": "/reservations",
      "peer": "http://independent-verifier-s4-1004095136-target:18309",
      "key": "competing-44",
      "status": 409,
      "request_bytes": 40100,
      "request_sha256": "ace2eeb4fa0a8f39ee7a15d01fd07f49a847b8eece15089e342e367fb4d54c39",
      "response": {
        "error": {
          "code": "table_unavailable",
          "message": "table unavailable"
        }
      },
      "response_bytes": 68,
      "response_sha256": "3f6b0170b998d8130c47361f88a1f20e4b6b2b8023802a0802d3ba1366f4140e",
      "duration_seconds": 1.3439275420000172
    },
    {
      "method": "POST",
      "path": "/reservations",
      "peer": "http://independent-verifier-s4-1004095136-target:18309",
      "key": "competing-3",
      "status": 409,
      "request_bytes": 40100,
      "request_sha256": "ace2eeb4fa0a8f39ee7a15d01fd07f49a847b8eece15089e342e367fb4d54c39",
      "response": {
        "error": {
          "code": "table_unavailable",
          "message": "table unavailable"
        }
      },
      "response_bytes": 68,
      "response_sha256": "3f6b0170b998d8130c47361f88a1f20e4b6b2b8023802a0802d3ba1366f4140e",
      "duration_seconds": 1.4183055839999952
    },
    {
      "method": "POST",
      "path": "/reservations",
      "peer": "http://independent-verifier-s4-1004095136-target:18309",
      "key": "competing-15",
      "status": 409,
      "request_bytes": 40100,
      "request_sha256": "ace2eeb4fa0a8f39ee7a15d01fd07f49a847b8eece15089e342e367fb4d54c39",
      "response": {
        "error": {
          "code": "table_unavailable",
          "message": "table unavailable"
        }
      },
      "response_bytes": 68,
      "response_sha256": "3f6b0170b998d8130c47361f88a1f20e4b6b2b8023802a0802d3ba1366f4140e",
      "duration_seconds": 1.4707953759999555
    },
    {
      "method": "POST",
      "path": "/reservations",
      "peer": "http://independent-verifier-s4-1004095136-target:18309",
      "key": "competing-49",
      "status": 409,
      "request_bytes": 40100,
      "request_sha256": "ace2eeb4fa0a8f39ee7a15d01fd07f49a847b8eece15089e342e367fb4d54c39",
      "response": {
        "error": {
          "code": "table_unavailable",
          "message": "table unavailable"
        }
      },
      "response_bytes": 68,
      "response_sha256": "3f6b0170b998d8130c47361f88a1f20e4b6b2b8023802a0802d3ba1366f4140e",
      "duration_seconds": 1.4896215839999627
    },
    {
      "method": "POST",
      "path": "/reservations",
      "peer": "http://independent-verifier-s4-1004095136-target:18309",
      "key": "competing-24",
      "status": 409,
      "request_bytes": 40100,
      "request_sha256": "ace2eeb4fa0a8f39ee7a15d01fd07f49a847b8eece15089e342e367fb4d54c39",
      "response": {
        "error": {
          "code": "table_unavailable",
          "message": "table unavailable"
        }
      },
      "response_bytes": 68,
      "response_sha256": "3f6b0170b998d8130c47361f88a1f20e4b6b2b8023802a0802d3ba1366f4140e",
      "duration_seconds": 1.5400007510000364
    },
    {
      "method": "POST",
      "path": "/reservations",
      "peer": "http://independent-verifier-s4-1004095136-target:18309",
      "key": "competing-23",
      "status": 409,
      "request_bytes": 40100,
      "request_sha256": "ace2eeb4fa0a8f39ee7a15d01fd07f49a847b8eece15089e342e367fb4d54c39",
      "response": {
        "error": {
          "code": "table_unavailable",
          "message": "table unavailable"
        }
      },
      "response_bytes": 68,
      "response_sha256": "3f6b0170b998d8130c47361f88a1f20e4b6b2b8023802a0802d3ba1366f4140e",
      "duration_seconds": 1.5587489590000132
    },
    {
      "method": "POST",
      "path": "/reservations",
      "peer": "http://independent-verifier-s4-1004095136-target:18309",
      "key": "competing-6",
      "status": 409,
      "request_bytes": 40100,
      "request_sha256": "ace2eeb4fa0a8f39ee7a15d01fd07f49a847b8eece15089e342e367fb4d54c39",
      "response": {
        "error": {
          "code": "table_unavailable",
          "message": "table unavailable"
        }
      },
      "response_bytes": 68,
      "response_sha256": "3f6b0170b998d8130c47361f88a1f20e4b6b2b8023802a0802d3ba1366f4140e",
      "duration_seconds": 1.5870766680000088
    },
    {
      "method": "POST",
      "path": "/reservations",
      "peer": "http://independent-verifier-s4-1004095136-target:18309",
      "key": "competing-16",
      "status": 409,
      "request_bytes": 40100,
      "request_sha256": "ace2eeb4fa0a8f39ee7a15d01fd07f49a847b8eece15089e342e367fb4d54c39",
      "response": {
        "error": {
          "code": "table_unavailable",
          "message": "table unavailable"
        }
      },
      "response_bytes": 68,
      "response_sha256": "3f6b0170b998d8130c47361f88a1f20e4b6b2b8023802a0802d3ba1366f4140e",
      "duration_seconds": 1.6230429590000313
    },
    {
      "method": "POST",
      "path": "/reservations",
      "peer": "http://independent-verifier-s4-1004095136-target:18309",
      "key": "competing-28",
      "status": 409,
      "request_bytes": 40100,
      "request_sha256": "ace2eeb4fa0a8f39ee7a15d01fd07f49a847b8eece15089e342e367fb4d54c39",
      "response": {
        "error": {
          "code": "table_unavailable",
          "message": "table unavailable"
        }
      },
      "response_bytes": 68,
      "response_sha256": "3f6b0170b998d8130c47361f88a1f20e4b6b2b8023802a0802d3ba1366f4140e",
      "duration_seconds": 1.6534220429999777
    },
    {
      "method": "POST",
      "path": "/reservations",
      "peer": "http://independent-verifier-s4-1004095136-target:18309",
      "key": "competing-43",
      "status": 409,
      "request_bytes": 40100,
      "request_sha256": "ace2eeb4fa0a8f39ee7a15d01fd07f49a847b8eece15089e342e367fb4d54c39",
      "response": {
        "error": {
          "code": "table_unavailable",
          "message": "table unavailable"
        }
      },
      "response_bytes": 68,
      "response_sha256": "3f6b0170b998d8130c47361f88a1f20e4b6b2b8023802a0802d3ba1366f4140e",
      "duration_seconds": 1.6875086260000103
    },
    {
      "method": "POST",
      "path": "/reservations",
      "peer": "http://independent-verifier-s4-1004095136-target:18309",
      "key": "competing-17",
      "status": 409,
      "request_bytes": 40100,
      "request_sha256": "ace2eeb4fa0a8f39ee7a15d01fd07f49a847b8eece15089e342e367fb4d54c39",
      "response": {
        "error": {
          "code": "table_unavailable",
          "message": "table unavailable"
        }
      },
      "response_bytes": 68,
      "response_sha256": "3f6b0170b998d8130c47361f88a1f20e4b6b2b8023802a0802d3ba1366f4140e",
      "duration_seconds": 1.7267515010000238
    },
    {
      "method": "POST",
      "path": "/reservations",
      "peer": "http://independent-verifier-s4-1004095136-target:18309",
      "key": "competing-33",
      "status": 409,
      "request_bytes": 40100,
      "request_sha256": "ace2eeb4fa0a8f39ee7a15d01fd07f49a847b8eece15089e342e367fb4d54c39",
      "response": {
        "error": {
          "code": "table_unavailable",
          "message": "table unavailable"
        }
      },
      "response_bytes": 68,
      "response_sha256": "3f6b0170b998d8130c47361f88a1f20e4b6b2b8023802a0802d3ba1366f4140e",
      "duration_seconds": 1.7446120010000072
    },
    {
      "method": "POST",
      "path": "/reservations",
      "peer": "http://independent-verifier-s4-1004095136-target:18309",
      "key": "competing-37",
      "status": 409,
      "request_bytes": 40100,
      "request_sha256": "ace2eeb4fa0a8f39ee7a15d01fd07f49a847b8eece15089e342e367fb4d54c39",
      "response": {
        "error": {
          "code": "table_unavailable",
          "message": "table unavailable"
        }
      },
      "response_bytes": 68,
      "response_sha256": "3f6b0170b998d8130c47361f88a1f20e4b6b2b8023802a0802d3ba1366f4140e",
      "duration_seconds": 1.7999580419999575
    },
    {
      "method": "POST",
      "path": "/reservations",
      "peer": "http://independent-verifier-s4-1004095136-target:18309",
      "key": "competing-5",
      "status": 409,
      "request_bytes": 40100,
      "request_sha256": "ace2eeb4fa0a8f39ee7a15d01fd07f49a847b8eece15089e342e367fb4d54c39",
      "response": {
        "error": {
          "code": "table_unavailable",
          "message": "table unavailable"
        }
      },
      "response_bytes": 68,
      "response_sha256": "3f6b0170b998d8130c47361f88a1f20e4b6b2b8023802a0802d3ba1366f4140e",
      "duration_seconds": 1.8323910419999834
    },
    {
      "method": "POST",
      "path": "/reservations",
      "peer": "http://independent-verifier-s4-1004095136-target:18309",
      "key": "competing-35",
      "status": 409,
      "request_bytes": 40100,
      "request_sha256": "ace2eeb4fa0a8f39ee7a15d01fd07f49a847b8eece15089e342e367fb4d54c39",
      "response": {
        "error": {
          "code": "table_unavailable",
          "message": "table unavailable"
        }
      },
      "response_bytes": 68,
      "response_sha256": "3f6b0170b998d8130c47361f88a1f20e4b6b2b8023802a0802d3ba1366f4140e",
      "duration_seconds": 1.8311690840000097
    },
    {
      "method": "POST",
      "path": "/reservations",
      "peer": "http://independent-verifier-s4-1004095136-target:18309",
      "key": "competing-45",
      "status": 409,
      "request_bytes": 40100,
      "request_sha256": "ace2eeb4fa0a8f39ee7a15d01fd07f49a847b8eece15089e342e367fb4d54c39",
      "response": {
        "error": {
          "code": "table_unavailable",
          "message": "table unavailable"
        }
      },
      "response_bytes": 68,
      "response_sha256": "3f6b0170b998d8130c47361f88a1f20e4b6b2b8023802a0802d3ba1366f4140e",
      "duration_seconds": 1.8730645010000444
    },
    {
      "method": "POST",
      "path": "/reservations",
      "peer": "http://independent-verifier-s4-1004095136-target:18309",
      "key": "competing-46",
      "status": 409,
      "request_bytes": 40100,
      "request_sha256": "ace2eeb4fa0a8f39ee7a15d01fd07f49a847b8eece15089e342e367fb4d54c39",
      "response": {
        "error": {
          "code": "table_unavailable",
          "message": "table unavailable"
        }
      },
      "response_bytes": 68,
      "response_sha256": "3f6b0170b998d8130c47361f88a1f20e4b6b2b8023802a0802d3ba1366f4140e",
      "duration_seconds": 1.9114742499999693
    },
    {
      "method": "POST",
      "path": "/reservations",
      "peer": "http://independent-verifier-s4-1004095136-target:18309",
      "key": "competing-25",
      "status": 409,
      "request_bytes": 40100,
      "request_sha256": "ace2eeb4fa0a8f39ee7a15d01fd07f49a847b8eece15089e342e367fb4d54c39",
      "response": {
        "error": {
          "code": "table_unavailable",
          "message": "table unavailable"
        }
      },
      "response_bytes": 68,
      "response_sha256": "3f6b0170b998d8130c47361f88a1f20e4b6b2b8023802a0802d3ba1366f4140e",
      "duration_seconds": 1.9262140010000053
    },
    {
      "method": "POST",
      "path": "/reservations",
      "peer": "http://independent-verifier-s4-1004095136-target:18309",
      "key": "competing-1",
      "status": 409,
      "request_bytes": 40100,
      "request_sha256": "ace2eeb4fa0a8f39ee7a15d01fd07f49a847b8eece15089e342e367fb4d54c39",
      "response": {
        "error": {
          "code": "table_unavailable",
          "message": "table unavailable"
        }
      },
      "response_bytes": 68,
      "response_sha256": "3f6b0170b998d8130c47361f88a1f20e4b6b2b8023802a0802d3ba1366f4140e",
      "duration_seconds": 1.9380719590000126
    },
    {
      "method": "POST",
      "path": "/reservations",
      "peer": "http://independent-verifier-s4-1004095136-target:18309",
      "key": "competing-47",
      "status": 409,
      "request_bytes": 40100,
      "request_sha256": "ace2eeb4fa0a8f39ee7a15d01fd07f49a847b8eece15089e342e367fb4d54c39",
      "response": {
        "error": {
          "code": "table_unavailable",
          "message": "table unavailable"
        }
      },
      "response_bytes": 68,
      "response_sha256": "3f6b0170b998d8130c47361f88a1f20e4b6b2b8023802a0802d3ba1366f4140e",
      "duration_seconds": 1.9592232090000152
    },
    {
      "method": "POST",
      "path": "/reservations",
      "peer": "http://independent-verifier-s4-1004095136-target:18309",
      "key": "competing-4",
      "status": 409,
      "request_bytes": 40100,
      "request_sha256": "ace2eeb4fa0a8f39ee7a15d01fd07f49a847b8eece15089e342e367fb4d54c39",
      "response": {
        "error": {
          "code": "table_unavailable",
          "message": "table unavailable"
        }
      },
      "response_bytes": 68,
      "response_sha256": "3f6b0170b998d8130c47361f88a1f20e4b6b2b8023802a0802d3ba1366f4140e",
      "duration_seconds": 1.9786612089999949
    },
    {
      "method": "GET",
      "path": "/reservations",
      "peer": "http://independent-verifier-s4-1004095136-target:18309",
      "key": null,
      "status": 200,
      "request_bytes": 0,
      "request_sha256": "e3b0c44298fc1c149afbf4c8996fb92427ae41e4649b934ca495991b7852b855",
      "response": {
        "reservations": [
          {
            "reservation_id": "res_ab2c16c81a5d435a8f7a3e70ffa4ee75",
            "reference": "20C262D81A",
            "restaurant_id": "r",
            "table_ids": [
              "t"
            ],
            "party_size": 2,
            "starts_at_local": "2035-06-04T18:00",
            "starts_at": "2035-06-04T18:00:00+00:00",
            "ends_at": "2035-06-04T19:00:00+00:00",
            "accepted_terms": {
              "policy_version": 0,
              "slot_minutes": 30,
              "reservation_duration_minutes": 60,
              "cancellation_cutoff_minutes": 0,
              "opening_hours": [
                {
                  "weekday": "mon",
                  "opens": "00:00",
                  "closes": "23:59"
                },
                {
                  "weekday": "tue",
                  "opens": "00:00",
                  "closes": "23:59"
                },
                {
                  "weekday": "wed",
                  "opens": "00:00",
                  "closes": "23:59"
                },
                {
                  "weekday": "thu",
                  "opens": "00:00",
                  "closes": "23:59"
                },
                {
                  "weekday": "fri",
                  "opens": "00:00",
                  "closes": "23:59"
                },
                {
                  "weekday": "sat",
                  "opens": "00:00",
                  "closes": "23:59"
                },
                {
                  "weekday": "sun",
                  "opens": "00:00",
                  "closes": "23:59"
                }
              ],
              "capacities": {
                "t": 4
              }
            },
            "table_id": "t",
            "status": "confirmed",
            "created_at": "2026-10-04T09:59:00.596128+00:00",
            "revision": 1
          }
        ]
      },
      "response_bytes": 884,
      "response_sha256": "f8913c6929f01af884a8d5165a1943975cbc79a00f75b7f0c76c40e3e1f2a152",
      "duration_seconds": 0.0004885420000277918
    },
    {
      "method": "GET",
      "path": "/_test/export",
      "peer": "http://independent-verifier-s4-1004095136-target:18309",
      "key": null,
      "status": 200,
      "request_bytes": 0,
      "request_sha256": "e3b0c44298fc1c149afbf4c8996fb92427ae41e4649b934ca495991b7852b855",
      "response": {
        "private_snapshot_sha256": "ffa41ab0ca6d512a3f591958faa7e929715ac940d046b836522a024158557db3"
      },
      "response_bytes": 44004,
      "response_sha256": "ffa41ab0ca6d512a3f591958faa7e929715ac940d046b836522a024158557db3",
      "duration_seconds": 0.024754749999999603
    },
    {
      "method": "POST",
      "path": "/reservations/20C262D81A/cancel",
      "peer": "http://independent-verifier-s4-1004095136-target:18309",
      "key": null,
      "status": 200,
      "request_bytes": 2,
      "request_sha256": "44136fa355b3678a1146ad16f7e8649e94fb4fc21fe77e8310c060f61caaff8a",
      "response": {
        "reservation_id": "res_ab2c16c81a5d435a8f7a3e70ffa4ee75",
        "reference": "20C262D81A",
        "restaurant_id": "r",
        "table_ids": [
          "t"
        ],
        "party_size": 2,
        "starts_at_local": "2035-06-04T18:00",
        "starts_at": "2035-06-04T18:00:00+00:00",
        "ends_at": "2035-06-04T19:00:00+00:00",
        "accepted_terms": {
          "policy_version": 0,
          "slot_minutes": 30,
          "reservation_duration_minutes": 60,
          "cancellation_cutoff_minutes": 0,
          "opening_hours": [
            {
              "weekday": "mon",
              "opens": "00:00",
              "closes": "23:59"
            },
            {
              "weekday": "tue",
              "opens": "00:00",
              "closes": "23:59"
            },
            {
              "weekday": "wed",
              "opens": "00:00",
              "closes": "23:59"
            },
            {
              "weekday": "thu",
              "opens": "00:00",
              "closes": "23:59"
            },
            {
              "weekday": "fri",
              "opens": "00:00",
              "closes": "23:59"
            },
            {
              "weekday": "sat",
              "opens": "00:00",
              "closes": "23:59"
            },
            {
              "weekday": "sun",
              "opens": "00:00",
              "closes": "23:59"
            }
          ],
          "capacities": {
            "t": 4
          }
        },
        "table_id": "t",
        "status": "cancelled",
        "created_at": "2026-10-04T09:59:00.596128+00:00",
        "revision": 2
      },
      "response_bytes": 865,
      "response_sha256": "0642f57746426b691f2c18b51b22c90a56e34b441319d6b049326bb980f1429c",
      "duration_seconds": 0.0005736659999797666
    },
    {
      "method": "POST",
      "path": "/reservations",
      "peer": "http://independent-verifier-s4-1004095136-target:18309",
      "key": "competing-0",
      "status": 200,
      "request_bytes": 40102,
      "request_sha256": "727bebed6be0e75084027d077b832587f89a659e0cc6b14d9e184248aeb46d43",
      "response": {
        "reservation_id": "res_ab2c16c81a5d435a8f7a3e70ffa4ee75",
        "reference": "20C262D81A",
        "restaurant_id": "r",
        "table_ids": [
          "t"
        ],
        "party_size": 2,
        "starts_at_local": "2035-06-04T18:00",
        "starts_at": "2035-06-04T18:00:00+00:00",
        "ends_at": "2035-06-04T19:00:00+00:00",
        "accepted_terms": {
          "policy_version": 0,
          "slot_minutes": 30,
          "reservation_duration_minutes": 60,
          "cancellation_cutoff_minutes": 0,
          "opening_hours": [
            {
              "weekday": "mon",
              "opens": "00:00",
              "closes": "23:59"
            },
            {
              "weekday": "tue",
              "opens": "00:00",
              "closes": "23:59"
            },
            {
              "weekday": "wed",
              "opens": "00:00",
              "closes": "23:59"
            },
            {
              "weekday": "thu",
              "opens": "00:00",
              "closes": "23:59"
            },
            {
              "weekday": "fri",
              "opens": "00:00",
              "closes": "23:59"
            },
            {
              "weekday": "sat",
              "opens": "00:00",
              "closes": "23:59"
            },
            {
              "weekday": "sun",
              "opens": "00:00",
              "closes": "23:59"
            }
          ],
          "capacities": {
            "t": 4
          }
        },
        "table_id": "t",
        "status": "confirmed",
        "created_at": "2026-10-04T09:59:00.596128+00:00",
        "revision": 1
      },
      "response_bytes": 865,
      "response_sha256": "463a7bba79133f478d330cbeef33d712698704f047e3dd263fce94ee1a456759",
      "duration_seconds": 0.036145792000013444
    },
    {
      "method": "POST",
      "path": "/_test/import",
      "peer": "http://independent-verifier-s4-1004095136-peer:8080",
      "key": null,
      "status": 204,
      "request_bytes": 44004,
      "request_sha256": "ffa41ab0ca6d512a3f591958faa7e929715ac940d046b836522a024158557db3",
      "response": null,
      "response_bytes": 0,
      "response_sha256": "e3b0c44298fc1c149afbf4c8996fb92427ae41e4649b934ca495991b7852b855",
      "duration_seconds": 0.03422133300000496
    },
    {
      "method": "POST",
      "path": "/reservations",
      "peer": "http://independent-verifier-s4-1004095136-peer:8080",
      "key": "competing-0",
      "status": 200,
      "request_bytes": 40100,
      "request_sha256": "ace2eeb4fa0a8f39ee7a15d01fd07f49a847b8eece15089e342e367fb4d54c39",
      "response": {
        "reservation_id": "res_ab2c16c81a5d435a8f7a3e70ffa4ee75",
        "reference": "20C262D81A",
        "restaurant_id": "r",
        "table_ids": [
          "t"
        ],
        "party_size": 2,
        "starts_at_local": "2035-06-04T18:00",
        "starts_at": "2035-06-04T18:00:00+00:00",
        "ends_at": "2035-06-04T19:00:00+00:00",
        "accepted_terms": {
          "policy_version": 0,
          "slot_minutes": 30,
          "reservation_duration_minutes": 60,
          "cancellation_cutoff_minutes": 0,
          "opening_hours": [
            {
              "weekday": "mon",
              "opens": "00:00",
              "closes": "23:59"
            },
            {
              "weekday": "tue",
              "opens": "00:00",
              "closes": "23:59"
            },
            {
              "weekday": "wed",
              "opens": "00:00",
              "closes": "23:59"
            },
            {
              "weekday": "thu",
              "opens": "00:00",
              "closes": "23:59"
            },
            {
              "weekday": "fri",
              "opens": "00:00",
              "closes": "23:59"
            },
            {
              "weekday": "sat",
              "opens": "00:00",
              "closes": "23:59"
            },
            {
              "weekday": "sun",
              "opens": "00:00",
              "closes": "23:59"
            }
          ],
          "capacities": {
            "t": 4
          }
        },
        "table_id": "t",
        "status": "confirmed",
        "created_at": "2026-10-04T09:59:00.596128+00:00",
        "revision": 1
      },
      "response_bytes": 865,
      "response_sha256": "463a7bba79133f478d330cbeef33d712698704f047e3dd263fce94ee1a456759",
      "duration_seconds": 0.04308854200002088
    },
    {
      "method": "GET",
      "path": "/reservations",
      "peer": "http://independent-verifier-s4-1004095136-peer:8080",
      "key": null,
      "status": 200,
      "request_bytes": 0,
      "request_sha256": "e3b0c44298fc1c149afbf4c8996fb92427ae41e4649b934ca495991b7852b855",
      "response": {
        "reservations": [
          {
            "reservation_id": "res_ab2c16c81a5d435a8f7a3e70ffa4ee75",
            "reference": "20C262D81A",
            "restaurant_id": "r",
            "table_ids": [
              "t"
            ],
            "party_size": 2,
            "starts_at_local": "2035-06-04T18:00",
            "starts_at": "2035-06-04T18:00:00+00:00",
            "ends_at": "2035-06-04T19:00:00+00:00",
            "accepted_terms": {
              "policy_version": 0,
              "slot_minutes": 30,
              "reservation_duration_minutes": 60,
              "cancellation_cutoff_minutes": 0,
              "opening_hours": [
                {
                  "weekday": "mon",
                  "opens": "00:00",
                  "closes": "23:59"
                },
                {
                  "weekday": "tue",
                  "opens": "00:00",
                  "closes": "23:59"
                },
                {
                  "weekday": "wed",
                  "opens": "00:00",
                  "closes": "23:59"
                },
                {
                  "weekday": "thu",
                  "opens": "00:00",
                  "closes": "23:59"
                },
                {
                  "weekday": "fri",
                  "opens": "00:00",
                  "closes": "23:59"
                },
                {
                  "weekday": "sat",
                  "opens": "00:00",
                  "closes": "23:59"
                },
                {
                  "weekday": "sun",
                  "opens": "00:00",
                  "closes": "23:59"
                }
              ],
              "capacities": {
                "t": 4
              }
            },
            "table_id": "t",
            "status": "confirmed",
            "created_at": "2026-10-04T09:59:00.596128+00:00",
            "revision": 1
          }
        ]
      },
      "response_bytes": 884,
      "response_sha256": "f8913c6929f01af884a8d5165a1943975cbc79a00f75b7f0c76c40e3e1f2a152",
      "duration_seconds": 0.000591584000005696
    },
    {
      "method": "POST",
      "path": "/reservations",
      "peer": "http://independent-verifier-s4-1004095136-peer:8080",
      "key": "competing-0",
      "status": 409,
      "request_bytes": 40100,
      "request_sha256": "ebbe2a7bd354e8ce77903497feb0306ae69d44e540906bca70953edb0f8f6d75",
      "response": {
        "error": {
          "code": "idempotency_key_reuse",
          "message": "idempotency key reuse"
        }
      },
      "response_bytes": 76,
      "response_sha256": "2b42a96c539152fcb2135ec70b68ac8da6df9264fe366266e11a895cda131456",
      "duration_seconds": 0.04386420899999166
    },
    {
      "method": "POST",
      "path": "/reservations",
      "peer": "http://independent-verifier-s4-1004095136-peer:8080",
      "key": "competing-1",
      "status": 201,
      "request_bytes": 40100,
      "request_sha256": "32e5823927c52a3aacace11c05988c68218699196c60d35b540a7b5ca9056a49",
      "response": {
        "reservation_id": "res_e3caa40b712142da9936e200ee47a5af",
        "reference": "900619B29C",
        "restaurant_id": "r",
        "table_ids": [
          "t"
        ],
        "party_size": 2,
        "starts_at_local": "2035-06-04T19:30",
        "starts_at": "2035-06-04T19:30:00+00:00",
        "ends_at": "2035-06-04T20:30:00+00:00",
        "accepted_terms": {
          "policy_version": 0,
          "slot_minutes": 30,
          "reservation_duration_minutes": 60,
          "cancellation_cutoff_minutes": 0,
          "opening_hours": [
            {
              "weekday": "mon",
              "opens": "00:00",
              "closes": "23:59"
            },
            {
              "weekday": "tue",
              "opens": "00:00",
              "closes": "23:59"
            },
            {
              "weekday": "wed",
              "opens": "00:00",
              "closes": "23:59"
            },
            {
              "weekday": "thu",
              "opens": "00:00",
              "closes": "23:59"
            },
            {
              "weekday": "fri",
              "opens": "00:00",
              "closes": "23:59"
            },
            {
              "weekday": "sat",
              "opens": "00:00",
              "closes": "23:59"
            },
            {
              "weekday": "sun",
              "opens": "00:00",
              "closes": "23:59"
            }
          ],
          "capacities": {
            "t": 4
          }
        },
        "table_id": "t",
        "status": "confirmed",
        "created_at": "2026-10-04T09:59:02.746086+00:00",
        "revision": 1
      },
      "response_bytes": 865,
      "response_sha256": "f60c603399af44c8d0fa48aa5c4fc9fdbc9368301b47da52121875bd7ed76506",
      "duration_seconds": 0.033201000000019576
    },
    {
      "method": "POST",
      "path": "/_test/reset",
      "peer": "http://independent-verifier-s4-1004095136-target:18309",
      "key": null,
      "status": 204,
      "request_bytes": 607,
      "request_sha256": "74cefc9206668bfa993957c2d83f374d558873eddd8d389940dfffafe6a6de56",
      "response": null,
      "response_bytes": 0,
      "response_sha256": "e3b0c44298fc1c149afbf4c8996fb92427ae41e4649b934ca495991b7852b855",
      "duration_seconds": 0.0010954999999626125
    },
    {
      "method": "POST",
      "path": "/auth/signup",
      "peer": "http://independent-verifier-s4-1004095136-target:18309",
      "key": null,
      "status": 201,
      "request_bytes": 87,
      "request_sha256": "d9a4d5e4deca95fe0ddb7cf20abb91ae68b60f1228547572593e5c04693dd3c0",
      "response": {
        "user_id": "u_a351d1a050ed401abdbd516d860acf18",
        "display_name": "Race Diner"
      },
      "response_bytes": 130,
      "response_sha256": "d12571cceef908dd880df16161ca5161b626986d6396003f7f37f61a0f4f996a",
      "duration_seconds": 0.021796583000025294
    },
    {
      "method": "POST",
      "path": "/_test/reset",
      "peer": "http://independent-verifier-s4-1004095136-target:18309",
      "key": null,
      "status": 204,
      "request_bytes": 607,
      "request_sha256": "74cefc9206668bfa993957c2d83f374d558873eddd8d389940dfffafe6a6de56",
      "response": null,
      "response_bytes": 0,
      "response_sha256": "e3b0c44298fc1c149afbf4c8996fb92427ae41e4649b934ca495991b7852b855",
      "duration_seconds": 0.00032966600002737323
    },
    {
      "method": "POST",
      "path": "/auth/signup",
      "peer": "http://independent-verifier-s4-1004095136-target:18309",
      "key": null,
      "status": 201,
      "request_bytes": 87,
      "request_sha256": "d9a4d5e4deca95fe0ddb7cf20abb91ae68b60f1228547572593e5c04693dd3c0",
      "response": {
        "user_id": "u_3b23e31f65c041cb91ab6d4954386973",
        "display_name": "Race Diner"
      },
      "response_bytes": 130,
      "response_sha256": "7e3862336a6da0fad982e17da67853cea7d2c1dfe56b3d2cbe72e47def8571e6",
      "duration_seconds": 0.02094545800002834
    },
    {
      "method": "POST",
      "path": "/reservations",
      "peer": "http://independent-verifier-s4-1004095136-target:18309",
      "key": "one-key",
      "status": 201,
      "request_bytes": 120100,
      "request_sha256": "14b0ee1442d7360090e4155b22cbe13687f9795390acf529cc1cfe99166c2dbe",
      "response": {
        "reservation_id": "res_1f0209dfc5064d90b9cc20b45b3147db",
        "reference": "D5294E64E9",
        "restaurant_id": "r",
        "table_ids": [
          "t"
        ],
        "party_size": 2,
        "starts_at_local": "2035-06-04T18:00",
        "starts_at": "2035-06-04T18:00:00+00:00",
        "ends_at": "2035-06-04T19:00:00+00:00",
        "accepted_terms": {
          "policy_version": 0,
          "slot_minutes": 30,
          "reservation_duration_minutes": 60,
          "cancellation_cutoff_minutes": 0,
          "opening_hours": [
            {
              "weekday": "mon",
              "opens": "00:00",
              "closes": "23:59"
            },
            {
              "weekday": "tue",
              "opens": "00:00",
              "closes": "23:59"
            },
            {
              "weekday": "wed",
              "opens": "00:00",
              "closes": "23:59"
            },
            {
              "weekday": "thu",
              "opens": "00:00",
              "closes": "23:59"
            },
            {
              "weekday": "fri",
              "opens": "00:00",
              "closes": "23:59"
            },
            {
              "weekday": "sat",
              "opens": "00:00",
              "closes": "23:59"
            },
            {
              "weekday": "sun",
              "opens": "00:00",
              "closes": "23:59"
            }
          ],
          "capacities": {
            "t": 4
          }
        },
        "table_id": "t",
        "status": "confirmed",
        "created_at": "2026-10-04T09:59:03.203425+00:00",
        "revision": 1
      },
      "response_bytes": 865,
      "response_sha256": "e77220b519f3bb8bb91ec6a1c5ab68e323c292d9a01dd2d271c98d597b011d47",
      "duration_seconds": 0.409471166000003
    },
    {
      "method": "POST",
      "path": "/reservations",
      "peer": "http://independent-verifier-s4-1004095136-target:18309",
      "key": "one-key",
      "status": 200,
      "request_bytes": 120100,
      "request_sha256": "14b0ee1442d7360090e4155b22cbe13687f9795390acf529cc1cfe99166c2dbe",
      "response": {
        "reservation_id": "res_1f0209dfc5064d90b9cc20b45b3147db",
        "reference": "D5294E64E9",
        "restaurant_id": "r",
        "table_ids": [
          "t"
        ],
        "party_size": 2,
        "starts_at_local": "2035-06-04T18:00",
        "starts_at": "2035-06-04T18:00:00+00:00",
        "ends_at": "2035-06-04T19:00:00+00:00",
        "accepted_terms": {
          "policy_version": 0,
          "slot_minutes": 30,
          "reservation_duration_minutes": 60,
          "cancellation_cutoff_minutes": 0,
          "opening_hours": [
            {
              "weekday": "mon",
              "opens": "00:00",
              "closes": "23:59"
            },
            {
              "weekday": "tue",
              "opens": "00:00",
              "closes": "23:59"
            },
            {
              "weekday": "wed",
              "opens": "00:00",
              "closes": "23:59"
            },
            {
              "weekday": "thu",
              "opens": "00:00",
              "closes": "23:59"
            },
            {
              "weekday": "fri",
              "opens": "00:00",
              "closes": "23:59"
            },
            {
              "weekday": "sat",
              "opens": "00:00",
              "closes": "23:59"
            },
            {
              "weekday": "sun",
              "opens": "00:00",
              "closes": "23:59"
            }
          ],
          "capacities": {
            "t": 4
          }
        },
        "table_id": "t",
        "status": "confirmed",
        "created_at": "2026-10-04T09:59:03.203425+00:00",
        "revision": 1
      },
      "response_bytes": 865,
      "response_sha256": "e77220b519f3bb8bb91ec6a1c5ab68e323c292d9a01dd2d271c98d597b011d47",
      "duration_seconds": 0.564391833000002
    },
    {
      "method": "POST",
      "path": "/reservations",
      "peer": "http://independent-verifier-s4-1004095136-target:18309",
      "key": "one-key",
      "status": 200,
      "request_bytes": 120100,
      "request_sha256": "14b0ee1442d7360090e4155b22cbe13687f9795390acf529cc1cfe99166c2dbe",
      "response": {
        "reservation_id": "res_1f0209dfc5064d90b9cc20b45b3147db",
        "reference": "D5294E64E9",
        "restaurant_id": "r",
        "table_ids": [
          "t"
        ],
        "party_size": 2,
        "starts_at_local": "2035-06-04T18:00",
        "starts_at": "2035-06-04T18:00:00+00:00",
        "ends_at": "2035-06-04T19:00:00+00:00",
        "accepted_terms": {
          "policy_version": 0,
          "slot_minutes": 30,
          "reservation_duration_minutes": 60,
          "cancellation_cutoff_minutes": 0,
          "opening_hours": [
            {
              "weekday": "mon",
              "opens": "00:00",
              "closes": "23:59"
            },
            {
              "weekday": "tue",
              "opens": "00:00",
              "closes": "23:59"
            },
            {
              "weekday": "wed",
              "opens": "00:00",
              "closes": "23:59"
            },
            {
              "weekday": "thu",
              "opens": "00:00",
              "closes": "23:59"
            },
            {
              "weekday": "fri",
              "opens": "00:00",
              "closes": "23:59"
            },
            {
              "weekday": "sat",
              "opens": "00:00",
              "closes": "23:59"
            },
            {
              "weekday": "sun",
              "opens": "00:00",
              "closes": "23:59"
            }
          ],
          "capacities": {
            "t": 4
          }
        },
        "table_id": "t",
        "status": "confirmed",
        "created_at": "2026-10-04T09:59:03.203425+00:00",
        "revision": 1
      },
      "response_bytes": 865,
      "response_sha256": "e77220b519f3bb8bb91ec6a1c5ab68e323c292d9a01dd2d271c98d597b011d47",
      "duration_seconds": 0.6188967089999551
    },
    {
      "method": "POST",
      "path": "/reservations",
      "peer": "http://independent-verifier-s4-1004095136-target:18309",
      "key": "one-key",
      "status": 200,
      "request_bytes": 120100,
      "request_sha256": "14b0ee1442d7360090e4155b22cbe13687f9795390acf529cc1cfe99166c2dbe",
      "response": {
        "reservation_id": "res_1f0209dfc5064d90b9cc20b45b3147db",
        "reference": "D5294E64E9",
        "restaurant_id": "r",
        "table_ids": [
          "t"
        ],
        "party_size": 2,
        "starts_at_local": "2035-06-04T18:00",
        "starts_at": "2035-06-04T18:00:00+00:00",
        "ends_at": "2035-06-04T19:00:00+00:00",
        "accepted_terms": {
          "policy_version": 0,
          "slot_minutes": 30,
          "reservation_duration_minutes": 60,
          "cancellation_cutoff_minutes": 0,
          "opening_hours": [
            {
              "weekday": "mon",
              "opens": "00:00",
              "closes": "23:59"
            },
            {
              "weekday": "tue",
              "opens": "00:00",
              "closes": "23:59"
            },
            {
              "weekday": "wed",
              "opens": "00:00",
              "closes": "23:59"
            },
            {
              "weekday": "thu",
              "opens": "00:00",
              "closes": "23:59"
            },
            {
              "weekday": "fri",
              "opens": "00:00",
              "closes": "23:59"
            },
            {
              "weekday": "sat",
              "opens": "00:00",
              "closes": "23:59"
            },
            {
              "weekday": "sun",
              "opens": "00:00",
              "closes": "23:59"
            }
          ],
          "capacities": {
            "t": 4
          }
        },
        "table_id": "t",
        "status": "confirmed",
        "created_at": "2026-10-04T09:59:03.203425+00:00",
        "revision": 1
      },
      "response_bytes": 865,
      "response_sha256": "e77220b519f3bb8bb91ec6a1c5ab68e323c292d9a01dd2d271c98d597b011d47",
      "duration_seconds": 0.646262959000012
    },
    {
      "method": "POST",
      "path": "/reservations",
      "peer": "http://independent-verifier-s4-1004095136-target:18309",
      "key": "one-key",
      "status": 200,
      "request_bytes": 120100,
      "request_sha256": "14b0ee1442d7360090e4155b22cbe13687f9795390acf529cc1cfe99166c2dbe",
      "response": {
        "reservation_id": "res_1f0209dfc5064d90b9cc20b45b3147db",
        "reference": "D5294E64E9",
        "restaurant_id": "r",
        "table_ids": [
          "t"
        ],
        "party_size": 2,
        "starts_at_local": "2035-06-04T18:00",
        "starts_at": "2035-06-04T18:00:00+00:00",
        "ends_at": "2035-06-04T19:00:00+00:00",
        "accepted_terms": {
          "policy_version": 0,
          "slot_minutes": 30,
          "reservation_duration_minutes": 60,
          "cancellation_cutoff_minutes": 0,
          "opening_hours": [
            {
              "weekday": "mon",
              "opens": "00:00",
              "closes": "23:59"
            },
            {
              "weekday": "tue",
              "opens": "00:00",
              "closes": "23:59"
            },
            {
              "weekday": "wed",
              "opens": "00:00",
              "closes": "23:59"
            },
            {
              "weekday": "thu",
              "opens": "00:00",
              "closes": "23:59"
            },
            {
              "weekday": "fri",
              "opens": "00:00",
              "closes": "23:59"
            },
            {
              "weekday": "sat",
              "opens": "00:00",
              "closes": "23:59"
            },
            {
              "weekday": "sun",
              "opens": "00:00",
              "closes": "23:59"
            }
          ],
          "capacities": {
            "t": 4
          }
        },
        "table_id": "t",
        "status": "confirmed",
        "created_at": "2026-10-04T09:59:03.203425+00:00",
        "revision": 1
      },
      "response_bytes": 865,
      "response_sha256": "e77220b519f3bb8bb91ec6a1c5ab68e323c292d9a01dd2d271c98d597b011d47",
      "duration_seconds": 0.8200760840000498
    },
    {
      "method": "POST",
      "path": "/reservations",
      "peer": "http://independent-verifier-s4-1004095136-target:18309",
      "key": "one-key",
      "status": 200,
      "request_bytes": 120100,
      "request_sha256": "14b0ee1442d7360090e4155b22cbe13687f9795390acf529cc1cfe99166c2dbe",
      "response": {
        "reservation_id": "res_1f0209dfc5064d90b9cc20b45b3147db",
        "reference": "D5294E64E9",
        "restaurant_id": "r",
        "table_ids": [
          "t"
        ],
        "party_size": 2,
        "starts_at_local": "2035-06-04T18:00",
        "starts_at": "2035-06-04T18:00:00+00:00",
        "ends_at": "2035-06-04T19:00:00+00:00",
        "accepted_terms": {
          "policy_version": 0,
          "slot_minutes": 30,
          "reservation_duration_minutes": 60,
          "cancellation_cutoff_minutes": 0,
          "opening_hours": [
            {
              "weekday": "mon",
              "opens": "00:00",
              "closes": "23:59"
            },
            {
              "weekday": "tue",
              "opens": "00:00",
              "closes": "23:59"
            },
            {
              "weekday": "wed",
              "opens": "00:00",
              "closes": "23:59"
            },
            {
              "weekday": "thu",
              "opens": "00:00",
              "closes": "23:59"
            },
            {
              "weekday": "fri",
              "opens": "00:00",
              "closes": "23:59"
            },
            {
              "weekday": "sat",
              "opens": "00:00",
              "closes": "23:59"
            },
            {
              "weekday": "sun",
              "opens": "00:00",
              "closes": "23:59"
            }
          ],
          "capacities": {
            "t": 4
          }
        },
        "table_id": "t",
        "status": "confirmed",
        "created_at": "2026-10-04T09:59:03.203425+00:00",
        "revision": 1
      },
      "response_bytes": 865,
      "response_sha256": "e77220b519f3bb8bb91ec6a1c5ab68e323c292d9a01dd2d271c98d597b011d47",
      "duration_seconds": 0.9523490840000477
    },
    {
      "method": "POST",
      "path": "/reservations",
      "peer": "http://independent-verifier-s4-1004095136-target:18309",
      "key": "one-key",
      "status": 200,
      "request_bytes": 120100,
      "request_sha256": "14b0ee1442d7360090e4155b22cbe13687f9795390acf529cc1cfe99166c2dbe",
      "response": {
        "reservation_id": "res_1f0209dfc5064d90b9cc20b45b3147db",
        "reference": "D5294E64E9",
        "restaurant_id": "r",
        "table_ids": [
          "t"
        ],
        "party_size": 2,
        "starts_at_local": "2035-06-04T18:00",
        "starts_at": "2035-06-04T18:00:00+00:00",
        "ends_at": "2035-06-04T19:00:00+00:00",
        "accepted_terms": {
          "policy_version": 0,
          "slot_minutes": 30,
          "reservation_duration_minutes": 60,
          "cancellation_cutoff_minutes": 0,
          "opening_hours": [
            {
              "weekday": "mon",
              "opens": "00:00",
              "closes": "23:59"
            },
            {
              "weekday": "tue",
              "opens": "00:00",
              "closes": "23:59"
            },
            {
              "weekday": "wed",
              "opens": "00:00",
              "closes": "23:59"
            },
            {
              "weekday": "thu",
              "opens": "00:00",
              "closes": "23:59"
            },
            {
              "weekday": "fri",
              "opens": "00:00",
              "closes": "23:59"
            },
            {
              "weekday": "sat",
              "opens": "00:00",
              "closes": "23:59"
            },
            {
              "weekday": "sun",
              "opens": "00:00",
              "closes": "23:59"
            }
          ],
          "capacities": {
            "t": 4
          }
        },
        "table_id": "t",
        "status": "confirmed",
        "created_at": "2026-10-04T09:59:03.203425+00:00",
        "revision": 1
      },
      "response_bytes": 865,
      "response_sha256": "e77220b519f3bb8bb91ec6a1c5ab68e323c292d9a01dd2d271c98d597b011d47",
      "duration_seconds": 1.0675798339999574
    },
    {
      "method": "POST",
      "path": "/reservations",
      "peer": "http://independent-verifier-s4-1004095136-target:18309",
      "key": "one-key",
      "status": 200,
      "request_bytes": 120100,
      "request_sha256": "14b0ee1442d7360090e4155b22cbe13687f9795390acf529cc1cfe99166c2dbe",
      "response": {
        "reservation_id": "res_1f0209dfc5064d90b9cc20b45b3147db",
        "reference": "D5294E64E9",
        "restaurant_id": "r",
        "table_ids": [
          "t"
        ],
        "party_size": 2,
        "starts_at_local": "2035-06-04T18:00",
        "starts_at": "2035-06-04T18:00:00+00:00",
        "ends_at": "2035-06-04T19:00:00+00:00",
        "accepted_terms": {
          "policy_version": 0,
          "slot_minutes": 30,
          "reservation_duration_minutes": 60,
          "cancellation_cutoff_minutes": 0,
          "opening_hours": [
            {
              "weekday": "mon",
              "opens": "00:00",
              "closes": "23:59"
            },
            {
              "weekday": "tue",
              "opens": "00:00",
              "closes": "23:59"
            },
            {
              "weekday": "wed",
              "opens": "00:00",
              "closes": "23:59"
            },
            {
              "weekday": "thu",
              "opens": "00:00",
              "closes": "23:59"
            },
            {
              "weekday": "fri",
              "opens": "00:00",
              "closes": "23:59"
            },
            {
              "weekday": "sat",
              "opens": "00:00",
              "closes": "23:59"
            },
            {
              "weekday": "sun",
              "opens": "00:00",
              "closes": "23:59"
            }
          ],
          "capacities": {
            "t": 4
          }
        },
        "table_id": "t",
        "status": "confirmed",
        "created_at": "2026-10-04T09:59:03.203425+00:00",
        "revision": 1
      },
      "response_bytes": 865,
      "response_sha256": "e77220b519f3bb8bb91ec6a1c5ab68e323c292d9a01dd2d271c98d597b011d47",
      "duration_seconds": 1.1876887089999855
    },
    {
      "method": "POST",
      "path": "/reservations",
      "peer": "http://independent-verifier-s4-1004095136-target:18309",
      "key": "one-key",
      "status": 200,
      "request_bytes": 120100,
      "request_sha256": "14b0ee1442d7360090e4155b22cbe13687f9795390acf529cc1cfe99166c2dbe",
      "response": {
        "reservation_id": "res_1f0209dfc5064d90b9cc20b45b3147db",
        "reference": "D5294E64E9",
        "restaurant_id": "r",
        "table_ids": [
          "t"
        ],
        "party_size": 2,
        "starts_at_local": "2035-06-04T18:00",
        "starts_at": "2035-06-04T18:00:00+00:00",
        "ends_at": "2035-06-04T19:00:00+00:00",
        "accepted_terms": {
          "policy_version": 0,
          "slot_minutes": 30,
          "reservation_duration_minutes": 60,
          "cancellation_cutoff_minutes": 0,
          "opening_hours": [
            {
              "weekday": "mon",
              "opens": "00:00",
              "closes": "23:59"
            },
            {
              "weekday": "tue",
              "opens": "00:00",
              "closes": "23:59"
            },
            {
              "weekday": "wed",
              "opens": "00:00",
              "closes": "23:59"
            },
            {
              "weekday": "thu",
              "opens": "00:00",
              "closes": "23:59"
            },
            {
              "weekday": "fri",
              "opens": "00:00",
              "closes": "23:59"
            },
            {
              "weekday": "sat",
              "opens": "00:00",
              "closes": "23:59"
            },
            {
              "weekday": "sun",
              "opens": "00:00",
              "closes": "23:59"
            }
          ],
          "capacities": {
            "t": 4
          }
        },
        "table_id": "t",
        "status": "confirmed",
        "created_at": "2026-10-04T09:59:03.203425+00:00",
        "revision": 1
      },
      "response_bytes": 865,
      "response_sha256": "e77220b519f3bb8bb91ec6a1c5ab68e323c292d9a01dd2d271c98d597b011d47",
      "duration_seconds": 1.2375319169999557
    },
    {
      "method": "POST",
      "path": "/reservations",
      "peer": "http://independent-verifier-s4-1004095136-target:18309",
      "key": "one-key",
      "status": 200,
      "request_bytes": 120100,
      "request_sha256": "14b0ee1442d7360090e4155b22cbe13687f9795390acf529cc1cfe99166c2dbe",
      "response": {
        "reservation_id": "res_1f0209dfc5064d90b9cc20b45b3147db",
        "reference": "D5294E64E9",
        "restaurant_id": "r",
        "table_ids": [
          "t"
        ],
        "party_size": 2,
        "starts_at_local": "2035-06-04T18:00",
        "starts_at": "2035-06-04T18:00:00+00:00",
        "ends_at": "2035-06-04T19:00:00+00:00",
        "accepted_terms": {
          "policy_version": 0,
          "slot_minutes": 30,
          "reservation_duration_minutes": 60,
          "cancellation_cutoff_minutes": 0,
          "opening_hours": [
            {
              "weekday": "mon",
              "opens": "00:00",
              "closes": "23:59"
            },
            {
              "weekday": "tue",
              "opens": "00:00",
              "closes": "23:59"
            },
            {
              "weekday": "wed",
              "opens": "00:00",
              "closes": "23:59"
            },
            {
              "weekday": "thu",
              "opens": "00:00",
              "closes": "23:59"
            },
            {
              "weekday": "fri",
              "opens": "00:00",
              "closes": "23:59"
            },
            {
              "weekday": "sat",
              "opens": "00:00",
              "closes": "23:59"
            },
            {
              "weekday": "sun",
              "opens": "00:00",
              "closes": "23:59"
            }
          ],
          "capacities": {
            "t": 4
          }
        },
        "table_id": "t",
        "status": "confirmed",
        "created_at": "2026-10-04T09:59:03.203425+00:00",
        "revision": 1
      },
      "response_bytes": 865,
      "response_sha256": "e77220b519f3bb8bb91ec6a1c5ab68e323c292d9a01dd2d271c98d597b011d47",
      "duration_seconds": 1.3673443749999592
    },
    {
      "method": "POST",
      "path": "/reservations",
      "peer": "http://independent-verifier-s4-1004095136-target:18309",
      "key": "one-key",
      "status": 200,
      "request_bytes": 120100,
      "request_sha256": "14b0ee1442d7360090e4155b22cbe13687f9795390acf529cc1cfe99166c2dbe",
      "response": {
        "reservation_id": "res_1f0209dfc5064d90b9cc20b45b3147db",
        "reference": "D5294E64E9",
        "restaurant_id": "r",
        "table_ids": [
          "t"
        ],
        "party_size": 2,
        "starts_at_local": "2035-06-04T18:00",
        "starts_at": "2035-06-04T18:00:00+00:00",
        "ends_at": "2035-06-04T19:00:00+00:00",
        "accepted_terms": {
          "policy_version": 0,
          "slot_minutes": 30,
          "reservation_duration_minutes": 60,
          "cancellation_cutoff_minutes": 0,
          "opening_hours": [
            {
              "weekday": "mon",
              "opens": "00:00",
              "closes": "23:59"
            },
            {
              "weekday": "tue",
              "opens": "00:00",
              "closes": "23:59"
            },
            {
              "weekday": "wed",
              "opens": "00:00",
              "closes": "23:59"
            },
            {
              "weekday": "thu",
              "opens": "00:00",
              "closes": "23:59"
            },
            {
              "weekday": "fri",
              "opens": "00:00",
              "closes": "23:59"
            },
            {
              "weekday": "sat",
              "opens": "00:00",
              "closes": "23:59"
            },
            {
              "weekday": "sun",
              "opens": "00:00",
              "closes": "23:59"
            }
          ],
          "capacities": {
            "t": 4
          }
        },
        "table_id": "t",
        "status": "confirmed",
        "created_at": "2026-10-04T09:59:03.203425+00:00",
        "revision": 1
      },
      "response_bytes": 865,
      "response_sha256": "e77220b519f3bb8bb91ec6a1c5ab68e323c292d9a01dd2d271c98d597b011d47",
      "duration_seconds": 1.4111802090000083
    },
    {
      "method": "POST",
      "path": "/reservations",
      "peer": "http://independent-verifier-s4-1004095136-target:18309",
      "key": "one-key",
      "status": 200,
      "request_bytes": 120100,
      "request_sha256": "14b0ee1442d7360090e4155b22cbe13687f9795390acf529cc1cfe99166c2dbe",
      "response": {
        "reservation_id": "res_1f0209dfc5064d90b9cc20b45b3147db",
        "reference": "D5294E64E9",
        "restaurant_id": "r",
        "table_ids": [
          "t"
        ],
        "party_size": 2,
        "starts_at_local": "2035-06-04T18:00",
        "starts_at": "2035-06-04T18:00:00+00:00",
        "ends_at": "2035-06-04T19:00:00+00:00",
        "accepted_terms": {
          "policy_version": 0,
          "slot_minutes": 30,
          "reservation_duration_minutes": 60,
          "cancellation_cutoff_minutes": 0,
          "opening_hours": [
            {
              "weekday": "mon",
              "opens": "00:00",
              "closes": "23:59"
            },
            {
              "weekday": "tue",
              "opens": "00:00",
              "closes": "23:59"
            },
            {
              "weekday": "wed",
              "opens": "00:00",
              "closes": "23:59"
            },
            {
              "weekday": "thu",
              "opens": "00:00",
              "closes": "23:59"
            },
            {
              "weekday": "fri",
              "opens": "00:00",
              "closes": "23:59"
            },
            {
              "weekday": "sat",
              "opens": "00:00",
              "closes": "23:59"
            },
            {
              "weekday": "sun",
              "opens": "00:00",
              "closes": "23:59"
            }
          ],
          "capacities": {
            "t": 4
          }
        },
        "table_id": "t",
        "status": "confirmed",
        "created_at": "2026-10-04T09:59:03.203425+00:00",
        "revision": 1
      },
      "response_bytes": 865,
      "response_sha256": "e77220b519f3bb8bb91ec6a1c5ab68e323c292d9a01dd2d271c98d597b011d47",
      "duration_seconds": 1.4403947929999958
    },
    {
      "method": "POST",
      "path": "/reservations",
      "peer": "http://independent-verifier-s4-1004095136-target:18309",
      "key": "one-key",
      "status": 200,
      "request_bytes": 120100,
      "request_sha256": "14b0ee1442d7360090e4155b22cbe13687f9795390acf529cc1cfe99166c2dbe",
      "response": {
        "reservation_id": "res_1f0209dfc5064d90b9cc20b45b3147db",
        "reference": "D5294E64E9",
        "restaurant_id": "r",
        "table_ids": [
          "t"
        ],
        "party_size": 2,
        "starts_at_local": "2035-06-04T18:00",
        "starts_at": "2035-06-04T18:00:00+00:00",
        "ends_at": "2035-06-04T19:00:00+00:00",
        "accepted_terms": {
          "policy_version": 0,
          "slot_minutes": 30,
          "reservation_duration_minutes": 60,
          "cancellation_cutoff_minutes": 0,
          "opening_hours": [
            {
              "weekday": "mon",
              "opens": "00:00",
              "closes": "23:59"
            },
            {
              "weekday": "tue",
              "opens": "00:00",
              "closes": "23:59"
            },
            {
              "weekday": "wed",
              "opens": "00:00",
              "closes": "23:59"
            },
            {
              "weekday": "thu",
              "opens": "00:00",
              "closes": "23:59"
            },
            {
              "weekday": "fri",
              "opens": "00:00",
              "closes": "23:59"
            },
            {
              "weekday": "sat",
              "opens": "00:00",
              "closes": "23:59"
            },
            {
              "weekday": "sun",
              "opens": "00:00",
              "closes": "23:59"
            }
          ],
          "capacities": {
            "t": 4
          }
        },
        "table_id": "t",
        "status": "confirmed",
        "created_at": "2026-10-04T09:59:03.203425+00:00",
        "revision": 1
      },
      "response_bytes": 865,
      "response_sha256": "e77220b519f3bb8bb91ec6a1c5ab68e323c292d9a01dd2d271c98d597b011d47",
      "duration_seconds": 1.5366377930000112
    },
    {
      "method": "POST",
      "path": "/reservations",
      "peer": "http://independent-verifier-s4-1004095136-target:18309",
      "key": "one-key",
      "status": 200,
      "request_bytes": 120100,
      "request_sha256": "14b0ee1442d7360090e4155b22cbe13687f9795390acf529cc1cfe99166c2dbe",
      "response": {
        "reservation_id": "res_1f0209dfc5064d90b9cc20b45b3147db",
        "reference": "D5294E64E9",
        "restaurant_id": "r",
        "table_ids": [
          "t"
        ],
        "party_size": 2,
        "starts_at_local": "2035-06-04T18:00",
        "starts_at": "2035-06-04T18:00:00+00:00",
        "ends_at": "2035-06-04T19:00:00+00:00",
        "accepted_terms": {
          "policy_version": 0,
          "slot_minutes": 30,
          "reservation_duration_minutes": 60,
          "cancellation_cutoff_minutes": 0,
          "opening_hours": [
            {
              "weekday": "mon",
              "opens": "00:00",
              "closes": "23:59"
            },
            {
              "weekday": "tue",
              "opens": "00:00",
              "closes": "23:59"
            },
            {
              "weekday": "wed",
              "opens": "00:00",
              "closes": "23:59"
            },
            {
              "weekday": "thu",
              "opens": "00:00",
              "closes": "23:59"
            },
            {
              "weekday": "fri",
              "opens": "00:00",
              "closes": "23:59"
            },
            {
              "weekday": "sat",
              "opens": "00:00",
              "closes": "23:59"
            },
            {
              "weekday": "sun",
              "opens": "00:00",
              "closes": "23:59"
            }
          ],
          "capacities": {
            "t": 4
          }
        },
        "table_id": "t",
        "status": "confirmed",
        "created_at": "2026-10-04T09:59:03.203425+00:00",
        "revision": 1
      },
      "response_bytes": 865,
      "response_sha256": "e77220b519f3bb8bb91ec6a1c5ab68e323c292d9a01dd2d271c98d597b011d47",
      "duration_seconds": 1.5811194180000143
    },
    {
      "method": "POST",
      "path": "/reservations",
      "peer": "http://independent-verifier-s4-1004095136-target:18309",
      "key": "one-key",
      "status": 200,
      "request_bytes": 120100,
      "request_sha256": "14b0ee1442d7360090e4155b22cbe13687f9795390acf529cc1cfe99166c2dbe",
      "response": {
        "reservation_id": "res_1f0209dfc5064d90b9cc20b45b3147db",
        "reference": "D5294E64E9",
        "restaurant_id": "r",
        "table_ids": [
          "t"
        ],
        "party_size": 2,
        "starts_at_local": "2035-06-04T18:00",
        "starts_at": "2035-06-04T18:00:00+00:00",
        "ends_at": "2035-06-04T19:00:00+00:00",
        "accepted_terms": {
          "policy_version": 0,
          "slot_minutes": 30,
          "reservation_duration_minutes": 60,
          "cancellation_cutoff_minutes": 0,
          "opening_hours": [
            {
              "weekday": "mon",
              "opens": "00:00",
              "closes": "23:59"
            },
            {
              "weekday": "tue",
              "opens": "00:00",
              "closes": "23:59"
            },
            {
              "weekday": "wed",
              "opens": "00:00",
              "closes": "23:59"
            },
            {
              "weekday": "thu",
              "opens": "00:00",
              "closes": "23:59"
            },
            {
              "weekday": "fri",
              "opens": "00:00",
              "closes": "23:59"
            },
            {
              "weekday": "sat",
              "opens": "00:00",
              "closes": "23:59"
            },
            {
              "weekday": "sun",
              "opens": "00:00",
              "closes": "23:59"
            }
          ],
          "capacities": {
            "t": 4
          }
        },
        "table_id": "t",
        "status": "confirmed",
        "created_at": "2026-10-04T09:59:03.203425+00:00",
        "revision": 1
      },
      "response_bytes": 865,
      "response_sha256": "e77220b519f3bb8bb91ec6a1c5ab68e323c292d9a01dd2d271c98d597b011d47",
      "duration_seconds": 1.6124336670000048
    },
    {
      "method": "POST",
      "path": "/reservations",
      "peer": "http://independent-verifier-s4-1004095136-target:18309",
      "key": "one-key",
      "status": 200,
      "request_bytes": 120100,
      "request_sha256": "14b0ee1442d7360090e4155b22cbe13687f9795390acf529cc1cfe99166c2dbe",
      "response": {
        "reservation_id": "res_1f0209dfc5064d90b9cc20b45b3147db",
        "reference": "D5294E64E9",
        "restaurant_id": "r",
        "table_ids": [
          "t"
        ],
        "party_size": 2,
        "starts_at_local": "2035-06-04T18:00",
        "starts_at": "2035-06-04T18:00:00+00:00",
        "ends_at": "2035-06-04T19:00:00+00:00",
        "accepted_terms": {
          "policy_version": 0,
          "slot_minutes": 30,
          "reservation_duration_minutes": 60,
          "cancellation_cutoff_minutes": 0,
          "opening_hours": [
            {
              "weekday": "mon",
              "opens": "00:00",
              "closes": "23:59"
            },
            {
              "weekday": "tue",
              "opens": "00:00",
              "closes": "23:59"
            },
            {
              "weekday": "wed",
              "opens": "00:00",
              "closes": "23:59"
            },
            {
              "weekday": "thu",
              "opens": "00:00",
              "closes": "23:59"
            },
            {
              "weekday": "fri",
              "opens": "00:00",
              "closes": "23:59"
            },
            {
              "weekday": "sat",
              "opens": "00:00",
              "closes": "23:59"
            },
            {
              "weekday": "sun",
              "opens": "00:00",
              "closes": "23:59"
            }
          ],
          "capacities": {
            "t": 4
          }
        },
        "table_id": "t",
        "status": "confirmed",
        "created_at": "2026-10-04T09:59:03.203425+00:00",
        "revision": 1
      },
      "response_bytes": 865,
      "response_sha256": "e77220b519f3bb8bb91ec6a1c5ab68e323c292d9a01dd2d271c98d597b011d47",
      "duration_seconds": 1.6579763340000113
    },
    {
      "method": "POST",
      "path": "/reservations",
      "peer": "http://independent-verifier-s4-1004095136-target:18309",
      "key": "one-key",
      "status": 200,
      "request_bytes": 120100,
      "request_sha256": "14b0ee1442d7360090e4155b22cbe13687f9795390acf529cc1cfe99166c2dbe",
      "response": {
        "reservation_id": "res_1f0209dfc5064d90b9cc20b45b3147db",
        "reference": "D5294E64E9",
        "restaurant_id": "r",
        "table_ids": [
          "t"
        ],
        "party_size": 2,
        "starts_at_local": "2035-06-04T18:00",
        "starts_at": "2035-06-04T18:00:00+00:00",
        "ends_at": "2035-06-04T19:00:00+00:00",
        "accepted_terms": {
          "policy_version": 0,
          "slot_minutes": 30,
          "reservation_duration_minutes": 60,
          "cancellation_cutoff_minutes": 0,
          "opening_hours": [
            {
              "weekday": "mon",
              "opens": "00:00",
              "closes": "23:59"
            },
            {
              "weekday": "tue",
              "opens": "00:00",
              "closes": "23:59"
            },
            {
              "weekday": "wed",
              "opens": "00:00",
              "closes": "23:59"
            },
            {
              "weekday": "thu",
              "opens": "00:00",
              "closes": "23:59"
            },
            {
              "weekday": "fri",
              "opens": "00:00",
              "closes": "23:59"
            },
            {
              "weekday": "sat",
              "opens": "00:00",
              "closes": "23:59"
            },
            {
              "weekday": "sun",
              "opens": "00:00",
              "closes": "23:59"
            }
          ],
          "capacities": {
            "t": 4
          }
        },
        "table_id": "t",
        "status": "confirmed",
        "created_at": "2026-10-04T09:59:03.203425+00:00",
        "revision": 1
      },
      "response_bytes": 865,
      "response_sha256": "e77220b519f3bb8bb91ec6a1c5ab68e323c292d9a01dd2d271c98d597b011d47",
      "duration_seconds": 1.7508614590000207
    },
    {
      "method": "POST",
      "path": "/reservations",
      "peer": "http://independent-verifier-s4-1004095136-target:18309",
      "key": "one-key",
      "status": 200,
      "request_bytes": 120100,
      "request_sha256": "14b0ee1442d7360090e4155b22cbe13687f9795390acf529cc1cfe99166c2dbe",
      "response": {
        "reservation_id": "res_1f0209dfc5064d90b9cc20b45b3147db",
        "reference": "D5294E64E9",
        "restaurant_id": "r",
        "table_ids": [
          "t"
        ],
        "party_size": 2,
        "starts_at_local": "2035-06-04T18:00",
        "starts_at": "2035-06-04T18:00:00+00:00",
        "ends_at": "2035-06-04T19:00:00+00:00",
        "accepted_terms": {
          "policy_version": 0,
          "slot_minutes": 30,
          "reservation_duration_minutes": 60,
          "cancellation_cutoff_minutes": 0,
          "opening_hours": [
            {
              "weekday": "mon",
              "opens": "00:00",
              "closes": "23:59"
            },
            {
              "weekday": "tue",
              "opens": "00:00",
              "closes": "23:59"
            },
            {
              "weekday": "wed",
              "opens": "00:00",
              "closes": "23:59"
            },
            {
              "weekday": "thu",
              "opens": "00:00",
              "closes": "23:59"
            },
            {
              "weekday": "fri",
              "opens": "00:00",
              "closes": "23:59"
            },
            {
              "weekday": "sat",
              "opens": "00:00",
              "closes": "23:59"
            },
            {
              "weekday": "sun",
              "opens": "00:00",
              "closes": "23:59"
            }
          ],
          "capacities": {
            "t": 4
          }
        },
        "table_id": "t",
        "status": "confirmed",
        "created_at": "2026-10-04T09:59:03.203425+00:00",
        "revision": 1
      },
      "response_bytes": 865,
      "response_sha256": "e77220b519f3bb8bb91ec6a1c5ab68e323c292d9a01dd2d271c98d597b011d47",
      "duration_seconds": 1.7829725010000175
    },
    {
      "method": "POST",
      "path": "/reservations",
      "peer": "http://independent-verifier-s4-1004095136-target:18309",
      "key": "one-key",
      "status": 200,
      "request_bytes": 120100,
      "request_sha256": "14b0ee1442d7360090e4155b22cbe13687f9795390acf529cc1cfe99166c2dbe",
      "response": {
        "reservation_id": "res_1f0209dfc5064d90b9cc20b45b3147db",
        "reference": "D5294E64E9",
        "restaurant_id": "r",
        "table_ids": [
          "t"
        ],
        "party_size": 2,
        "starts_at_local": "2035-06-04T18:00",
        "starts_at": "2035-06-04T18:00:00+00:00",
        "ends_at": "2035-06-04T19:00:00+00:00",
        "accepted_terms": {
          "policy_version": 0,
          "slot_minutes": 30,
          "reservation_duration_minutes": 60,
          "cancellation_cutoff_minutes": 0,
          "opening_hours": [
            {
              "weekday": "mon",
              "opens": "00:00",
              "closes": "23:59"
            },
            {
              "weekday": "tue",
              "opens": "00:00",
              "closes": "23:59"
            },
            {
              "weekday": "wed",
              "opens": "00:00",
              "closes": "23:59"
            },
            {
              "weekday": "thu",
              "opens": "00:00",
              "closes": "23:59"
            },
            {
              "weekday": "fri",
              "opens": "00:00",
              "closes": "23:59"
            },
            {
              "weekday": "sat",
              "opens": "00:00",
              "closes": "23:59"
            },
            {
              "weekday": "sun",
              "opens": "00:00",
              "closes": "23:59"
            }
          ],
          "capacities": {
            "t": 4
          }
        },
        "table_id": "t",
        "status": "confirmed",
        "created_at": "2026-10-04T09:59:03.203425+00:00",
        "revision": 1
      },
      "response_bytes": 865,
      "response_sha256": "e77220b519f3bb8bb91ec6a1c5ab68e323c292d9a01dd2d271c98d597b011d47",
      "duration_seconds": 1.8101627930000177
    },
    {
      "method": "POST",
      "path": "/reservations",
      "peer": "http://independent-verifier-s4-1004095136-target:18309",
      "key": "one-key",
      "status": 200,
      "request_bytes": 120100,
      "request_sha256": "14b0ee1442d7360090e4155b22cbe13687f9795390acf529cc1cfe99166c2dbe",
      "response": {
        "reservation_id": "res_1f0209dfc5064d90b9cc20b45b3147db",
        "reference": "D5294E64E9",
        "restaurant_id": "r",
        "table_ids": [
          "t"
        ],
        "party_size": 2,
        "starts_at_local": "2035-06-04T18:00",
        "starts_at": "2035-06-04T18:00:00+00:00",
        "ends_at": "2035-06-04T19:00:00+00:00",
        "accepted_terms": {
          "policy_version": 0,
          "slot_minutes": 30,
          "reservation_duration_minutes": 60,
          "cancellation_cutoff_minutes": 0,
          "opening_hours": [
            {
              "weekday": "mon",
              "opens": "00:00",
              "closes": "23:59"
            },
            {
              "weekday": "tue",
              "opens": "00:00",
              "closes": "23:59"
            },
            {
              "weekday": "wed",
              "opens": "00:00",
              "closes": "23:59"
            },
            {
              "weekday": "thu",
              "opens": "00:00",
              "closes": "23:59"
            },
            {
              "weekday": "fri",
              "opens": "00:00",
              "closes": "23:59"
            },
            {
              "weekday": "sat",
              "opens": "00:00",
              "closes": "23:59"
            },
            {
              "weekday": "sun",
              "opens": "00:00",
              "closes": "23:59"
            }
          ],
          "capacities": {
            "t": 4
          }
        },
        "table_id": "t",
        "status": "confirmed",
        "created_at": "2026-10-04T09:59:03.203425+00:00",
        "revision": 1
      },
      "response_bytes": 865,
      "response_sha256": "e77220b519f3bb8bb91ec6a1c5ab68e323c292d9a01dd2d271c98d597b011d47",
      "duration_seconds": 1.8590898340000308
    },
    {
      "method": "POST",
      "path": "/reservations",
      "peer": "http://independent-verifier-s4-1004095136-target:18309",
      "key": "one-key",
      "status": 200,
      "request_bytes": 120100,
      "request_sha256": "14b0ee1442d7360090e4155b22cbe13687f9795390acf529cc1cfe99166c2dbe",
      "response": {
        "reservation_id": "res_1f0209dfc5064d90b9cc20b45b3147db",
        "reference": "D5294E64E9",
        "restaurant_id": "r",
        "table_ids": [
          "t"
        ],
        "party_size": 2,
        "starts_at_local": "2035-06-04T18:00",
        "starts_at": "2035-06-04T18:00:00+00:00",
        "ends_at": "2035-06-04T19:00:00+00:00",
        "accepted_terms": {
          "policy_version": 0,
          "slot_minutes": 30,
          "reservation_duration_minutes": 60,
          "cancellation_cutoff_minutes": 0,
          "opening_hours": [
            {
              "weekday": "mon",
              "opens": "00:00",
              "closes": "23:59"
            },
            {
              "weekday": "tue",
              "opens": "00:00",
              "closes": "23:59"
            },
            {
              "weekday": "wed",
              "opens": "00:00",
              "closes": "23:59"
            },
            {
              "weekday": "thu",
              "opens": "00:00",
              "closes": "23:59"
            },
            {
              "weekday": "fri",
              "opens": "00:00",
              "closes": "23:59"
            },
            {
              "weekday": "sat",
              "opens": "00:00",
              "closes": "23:59"
            },
            {
              "weekday": "sun",
              "opens": "00:00",
              "closes": "23:59"
            }
          ],
          "capacities": {
            "t": 4
          }
        },
        "table_id": "t",
        "status": "confirmed",
        "created_at": "2026-10-04T09:59:03.203425+00:00",
        "revision": 1
      },
      "response_bytes": 865,
      "response_sha256": "e77220b519f3bb8bb91ec6a1c5ab68e323c292d9a01dd2d271c98d597b011d47",
      "duration_seconds": 1.9401860430000397
    },
    {
      "method": "POST",
      "path": "/reservations",
      "peer": "http://independent-verifier-s4-1004095136-target:18309",
      "key": "one-key",
      "status": 200,
      "request_bytes": 120100,
      "request_sha256": "14b0ee1442d7360090e4155b22cbe13687f9795390acf529cc1cfe99166c2dbe",
      "response": {
        "reservation_id": "res_1f0209dfc5064d90b9cc20b45b3147db",
        "reference": "D5294E64E9",
        "restaurant_id": "r",
        "table_ids": [
          "t"
        ],
        "party_size": 2,
        "starts_at_local": "2035-06-04T18:00",
        "starts_at": "2035-06-04T18:00:00+00:00",
        "ends_at": "2035-06-04T19:00:00+00:00",
        "accepted_terms": {
          "policy_version": 0,
          "slot_minutes": 30,
          "reservation_duration_minutes": 60,
          "cancellation_cutoff_minutes": 0,
          "opening_hours": [
            {
              "weekday": "mon",
              "opens": "00:00",
              "closes": "23:59"
            },
            {
              "weekday": "tue",
              "opens": "00:00",
              "closes": "23:59"
            },
            {
              "weekday": "wed",
              "opens": "00:00",
              "closes": "23:59"
            },
            {
              "weekday": "thu",
              "opens": "00:00",
              "closes": "23:59"
            },
            {
              "weekday": "fri",
              "opens": "00:00",
              "closes": "23:59"
            },
            {
              "weekday": "sat",
              "opens": "00:00",
              "closes": "23:59"
            },
            {
              "weekday": "sun",
              "opens": "00:00",
              "closes": "23:59"
            }
          ],
          "capacities": {
            "t": 4
          }
        },
        "table_id": "t",
        "status": "confirmed",
        "created_at": "2026-10-04T09:59:03.203425+00:00",
        "revision": 1
      },
      "response_bytes": 865,
      "response_sha256": "e77220b519f3bb8bb91ec6a1c5ab68e323c292d9a01dd2d271c98d597b011d47",
      "duration_seconds": 1.9761354590000337
    },
    {
      "method": "POST",
      "path": "/reservations",
      "peer": "http://independent-verifier-s4-1004095136-target:18309",
      "key": "one-key",
      "status": 200,
      "request_bytes": 120100,
      "request_sha256": "14b0ee1442d7360090e4155b22cbe13687f9795390acf529cc1cfe99166c2dbe",
      "response": {
        "reservation_id": "res_1f0209dfc5064d90b9cc20b45b3147db",
        "reference": "D5294E64E9",
        "restaurant_id": "r",
        "table_ids": [
          "t"
        ],
        "party_size": 2,
        "starts_at_local": "2035-06-04T18:00",
        "starts_at": "2035-06-04T18:00:00+00:00",
        "ends_at": "2035-06-04T19:00:00+00:00",
        "accepted_terms": {
          "policy_version": 0,
          "slot_minutes": 30,
          "reservation_duration_minutes": 60,
          "cancellation_cutoff_minutes": 0,
          "opening_hours": [
            {
              "weekday": "mon",
              "opens": "00:00",
              "closes": "23:59"
            },
            {
              "weekday": "tue",
              "opens": "00:00",
              "closes": "23:59"
            },
            {
              "weekday": "wed",
              "opens": "00:00",
              "closes": "23:59"
            },
            {
              "weekday": "thu",
              "opens": "00:00",
              "closes": "23:59"
            },
            {
              "weekday": "fri",
              "opens": "00:00",
              "closes": "23:59"
            },
            {
              "weekday": "sat",
              "opens": "00:00",
              "closes": "23:59"
            },
            {
              "weekday": "sun",
              "opens": "00:00",
              "closes": "23:59"
            }
          ],
          "capacities": {
            "t": 4
          }
        },
        "table_id": "t",
        "status": "confirmed",
        "created_at": "2026-10-04T09:59:03.203425+00:00",
        "revision": 1
      },
      "response_bytes": 865,
      "response_sha256": "e77220b519f3bb8bb91ec6a1c5ab68e323c292d9a01dd2d271c98d597b011d47",
      "duration_seconds": 2.0218101670000124
    },
    {
      "method": "POST",
      "path": "/reservations",
      "peer": "http://independent-verifier-s4-1004095136-target:18309",
      "key": "one-key",
      "status": 200,
      "request_bytes": 120100,
      "request_sha256": "14b0ee1442d7360090e4155b22cbe13687f9795390acf529cc1cfe99166c2dbe",
      "response": {
        "reservation_id": "res_1f0209dfc5064d90b9cc20b45b3147db",
        "reference": "D5294E64E9",
        "restaurant_id": "r",
        "table_ids": [
          "t"
        ],
        "party_size": 2,
        "starts_at_local": "2035-06-04T18:00",
        "starts_at": "2035-06-04T18:00:00+00:00",
        "ends_at": "2035-06-04T19:00:00+00:00",
        "accepted_terms": {
          "policy_version": 0,
          "slot_minutes": 30,
          "reservation_duration_minutes": 60,
          "cancellation_cutoff_minutes": 0,
          "opening_hours": [
            {
              "weekday": "mon",
              "opens": "00:00",
              "closes": "23:59"
            },
            {
              "weekday": "tue",
              "opens": "00:00",
              "closes": "23:59"
            },
            {
              "weekday": "wed",
              "opens": "00:00",
              "closes": "23:59"
            },
            {
              "weekday": "thu",
              "opens": "00:00",
              "closes": "23:59"
            },
            {
              "weekday": "fri",
              "opens": "00:00",
              "closes": "23:59"
            },
            {
              "weekday": "sat",
              "opens": "00:00",
              "closes": "23:59"
            },
            {
              "weekday": "sun",
              "opens": "00:00",
              "closes": "23:59"
            }
          ],
          "capacities": {
            "t": 4
          }
        },
        "table_id": "t",
        "status": "confirmed",
        "created_at": "2026-10-04T09:59:03.203425+00:00",
        "revision": 1
      },
      "response_bytes": 865,
      "response_sha256": "e77220b519f3bb8bb91ec6a1c5ab68e323c292d9a01dd2d271c98d597b011d47",
      "duration_seconds": 2.066507917000024
    },
    {
      "method": "POST",
      "path": "/reservations",
      "peer": "http://independent-verifier-s4-1004095136-target:18309",
      "key": "one-key",
      "status": 200,
      "request_bytes": 120100,
      "request_sha256": "14b0ee1442d7360090e4155b22cbe13687f9795390acf529cc1cfe99166c2dbe",
      "response": {
        "reservation_id": "res_1f0209dfc5064d90b9cc20b45b3147db",
        "reference": "D5294E64E9",
        "restaurant_id": "r",
        "table_ids": [
          "t"
        ],
        "party_size": 2,
        "starts_at_local": "2035-06-04T18:00",
        "starts_at": "2035-06-04T18:00:00+00:00",
        "ends_at": "2035-06-04T19:00:00+00:00",
        "accepted_terms": {
          "policy_version": 0,
          "slot_minutes": 30,
          "reservation_duration_minutes": 60,
          "cancellation_cutoff_minutes": 0,
          "opening_hours": [
            {
              "weekday": "mon",
              "opens": "00:00",
              "closes": "23:59"
            },
            {
              "weekday": "tue",
              "opens": "00:00",
              "closes": "23:59"
            },
            {
              "weekday": "wed",
              "opens": "00:00",
              "closes": "23:59"
            },
            {
              "weekday": "thu",
              "opens": "00:00",
              "closes": "23:59"
            },
            {
              "weekday": "fri",
              "opens": "00:00",
              "closes": "23:59"
            },
            {
              "weekday": "sat",
              "opens": "00:00",
              "closes": "23:59"
            },
            {
              "weekday": "sun",
              "opens": "00:00",
              "closes": "23:59"
            }
          ],
          "capacities": {
            "t": 4
          }
        },
        "table_id": "t",
        "status": "confirmed",
        "created_at": "2026-10-04T09:59:03.203425+00:00",
        "revision": 1
      },
      "response_bytes": 865,
      "response_sha256": "e77220b519f3bb8bb91ec6a1c5ab68e323c292d9a01dd2d271c98d597b011d47",
      "duration_seconds": 2.1504711260000136
    },
    {
      "method": "POST",
      "path": "/reservations",
      "peer": "http://independent-verifier-s4-1004095136-target:18309",
      "key": "one-key",
      "status": 200,
      "request_bytes": 120100,
      "request_sha256": "14b0ee1442d7360090e4155b22cbe13687f9795390acf529cc1cfe99166c2dbe",
      "response": {
        "reservation_id": "res_1f0209dfc5064d90b9cc20b45b3147db",
        "reference": "D5294E64E9",
        "restaurant_id": "r",
        "table_ids": [
          "t"
        ],
        "party_size": 2,
        "starts_at_local": "2035-06-04T18:00",
        "starts_at": "2035-06-04T18:00:00+00:00",
        "ends_at": "2035-06-04T19:00:00+00:00",
        "accepted_terms": {
          "policy_version": 0,
          "slot_minutes": 30,
          "reservation_duration_minutes": 60,
          "cancellation_cutoff_minutes": 0,
          "opening_hours": [
            {
              "weekday": "mon",
              "opens": "00:00",
              "closes": "23:59"
            },
            {
              "weekday": "tue",
              "opens": "00:00",
              "closes": "23:59"
            },
            {
              "weekday": "wed",
              "opens": "00:00",
              "closes": "23:59"
            },
            {
              "weekday": "thu",
              "opens": "00:00",
              "closes": "23:59"
            },
            {
              "weekday": "fri",
              "opens": "00:00",
              "closes": "23:59"
            },
            {
              "weekday": "sat",
              "opens": "00:00",
              "closes": "23:59"
            },
            {
              "weekday": "sun",
              "opens": "00:00",
              "closes": "23:59"
            }
          ],
          "capacities": {
            "t": 4
          }
        },
        "table_id": "t",
        "status": "confirmed",
        "created_at": "2026-10-04T09:59:03.203425+00:00",
        "revision": 1
      },
      "response_bytes": 865,
      "response_sha256": "e77220b519f3bb8bb91ec6a1c5ab68e323c292d9a01dd2d271c98d597b011d47",
      "duration_seconds": 2.1769651260000273
    },
    {
      "method": "POST",
      "path": "/reservations",
      "peer": "http://independent-verifier-s4-1004095136-target:18309",
      "key": "one-key",
      "status": 200,
      "request_bytes": 120100,
      "request_sha256": "14b0ee1442d7360090e4155b22cbe13687f9795390acf529cc1cfe99166c2dbe",
      "response": {
        "reservation_id": "res_1f0209dfc5064d90b9cc20b45b3147db",
        "reference": "D5294E64E9",
        "restaurant_id": "r",
        "table_ids": [
          "t"
        ],
        "party_size": 2,
        "starts_at_local": "2035-06-04T18:00",
        "starts_at": "2035-06-04T18:00:00+00:00",
        "ends_at": "2035-06-04T19:00:00+00:00",
        "accepted_terms": {
          "policy_version": 0,
          "slot_minutes": 30,
          "reservation_duration_minutes": 60,
          "cancellation_cutoff_minutes": 0,
          "opening_hours": [
            {
              "weekday": "mon",
              "opens": "00:00",
              "closes": "23:59"
            },
            {
              "weekday": "tue",
              "opens": "00:00",
              "closes": "23:59"
            },
            {
              "weekday": "wed",
              "opens": "00:00",
              "closes": "23:59"
            },
            {
              "weekday": "thu",
              "opens": "00:00",
              "closes": "23:59"
            },
            {
              "weekday": "fri",
              "opens": "00:00",
              "closes": "23:59"
            },
            {
              "weekday": "sat",
              "opens": "00:00",
              "closes": "23:59"
            },
            {
              "weekday": "sun",
              "opens": "00:00",
              "closes": "23:59"
            }
          ],
          "capacities": {
            "t": 4
          }
        },
        "table_id": "t",
        "status": "confirmed",
        "created_at": "2026-10-04T09:59:03.203425+00:00",
        "revision": 1
      },
      "response_bytes": 865,
      "response_sha256": "e77220b519f3bb8bb91ec6a1c5ab68e323c292d9a01dd2d271c98d597b011d47",
      "duration_seconds": 2.207842709000033
    },
    {
      "method": "POST",
      "path": "/reservations",
      "peer": "http://independent-verifier-s4-1004095136-target:18309",
      "key": "one-key",
      "status": 200,
      "request_bytes": 120100,
      "request_sha256": "14b0ee1442d7360090e4155b22cbe13687f9795390acf529cc1cfe99166c2dbe",
      "response": {
        "reservation_id": "res_1f0209dfc5064d90b9cc20b45b3147db",
        "reference": "D5294E64E9",
        "restaurant_id": "r",
        "table_ids": [
          "t"
        ],
        "party_size": 2,
        "starts_at_local": "2035-06-04T18:00",
        "starts_at": "2035-06-04T18:00:00+00:00",
        "ends_at": "2035-06-04T19:00:00+00:00",
        "accepted_terms": {
          "policy_version": 0,
          "slot_minutes": 30,
          "reservation_duration_minutes": 60,
          "cancellation_cutoff_minutes": 0,
          "opening_hours": [
            {
              "weekday": "mon",
              "opens": "00:00",
              "closes": "23:59"
            },
            {
              "weekday": "tue",
              "opens": "00:00",
              "closes": "23:59"
            },
            {
              "weekday": "wed",
              "opens": "00:00",
              "closes": "23:59"
            },
            {
              "weekday": "thu",
              "opens": "00:00",
              "closes": "23:59"
            },
            {
              "weekday": "fri",
              "opens": "00:00",
              "closes": "23:59"
            },
            {
              "weekday": "sat",
              "opens": "00:00",
              "closes": "23:59"
            },
            {
              "weekday": "sun",
              "opens": "00:00",
              "closes": "23:59"
            }
          ],
          "capacities": {
            "t": 4
          }
        },
        "table_id": "t",
        "status": "confirmed",
        "created_at": "2026-10-04T09:59:03.203425+00:00",
        "revision": 1
      },
      "response_bytes": 865,
      "response_sha256": "e77220b519f3bb8bb91ec6a1c5ab68e323c292d9a01dd2d271c98d597b011d47",
      "duration_seconds": 2.2795094170000425
    },
    {
      "method": "POST",
      "path": "/reservations",
      "peer": "http://independent-verifier-s4-1004095136-target:18309",
      "key": "one-key",
      "status": 200,
      "request_bytes": 120100,
      "request_sha256": "14b0ee1442d7360090e4155b22cbe13687f9795390acf529cc1cfe99166c2dbe",
      "response": {
        "reservation_id": "res_1f0209dfc5064d90b9cc20b45b3147db",
        "reference": "D5294E64E9",
        "restaurant_id": "r",
        "table_ids": [
          "t"
        ],
        "party_size": 2,
        "starts_at_local": "2035-06-04T18:00",
        "starts_at": "2035-06-04T18:00:00+00:00",
        "ends_at": "2035-06-04T19:00:00+00:00",
        "accepted_terms": {
          "policy_version": 0,
          "slot_minutes": 30,
          "reservation_duration_minutes": 60,
          "cancellation_cutoff_minutes": 0,
          "opening_hours": [
            {
              "weekday": "mon",
              "opens": "00:00",
              "closes": "23:59"
            },
            {
              "weekday": "tue",
              "opens": "00:00",
              "closes": "23:59"
            },
            {
              "weekday": "wed",
              "opens": "00:00",
              "closes": "23:59"
            },
            {
              "weekday": "thu",
              "opens": "00:00",
              "closes": "23:59"
            },
            {
              "weekday": "fri",
              "opens": "00:00",
              "closes": "23:59"
            },
            {
              "weekday": "sat",
              "opens": "00:00",
              "closes": "23:59"
            },
            {
              "weekday": "sun",
              "opens": "00:00",
              "closes": "23:59"
            }
          ],
          "capacities": {
            "t": 4
          }
        },
        "table_id": "t",
        "status": "confirmed",
        "created_at": "2026-10-04T09:59:03.203425+00:00",
        "revision": 1
      },
      "response_bytes": 865,
      "response_sha256": "e77220b519f3bb8bb91ec6a1c5ab68e323c292d9a01dd2d271c98d597b011d47",
      "duration_seconds": 2.3258155010000223
    },
    {
      "method": "POST",
      "path": "/reservations",
      "peer": "http://independent-verifier-s4-1004095136-target:18309",
      "key": "one-key",
      "status": 200,
      "request_bytes": 120100,
      "request_sha256": "14b0ee1442d7360090e4155b22cbe13687f9795390acf529cc1cfe99166c2dbe",
      "response": {
        "reservation_id": "res_1f0209dfc5064d90b9cc20b45b3147db",
        "reference": "D5294E64E9",
        "restaurant_id": "r",
        "table_ids": [
          "t"
        ],
        "party_size": 2,
        "starts_at_local": "2035-06-04T18:00",
        "starts_at": "2035-06-04T18:00:00+00:00",
        "ends_at": "2035-06-04T19:00:00+00:00",
        "accepted_terms": {
          "policy_version": 0,
          "slot_minutes": 30,
          "reservation_duration_minutes": 60,
          "cancellation_cutoff_minutes": 0,
          "opening_hours": [
            {
              "weekday": "mon",
              "opens": "00:00",
              "closes": "23:59"
            },
            {
              "weekday": "tue",
              "opens": "00:00",
              "closes": "23:59"
            },
            {
              "weekday": "wed",
              "opens": "00:00",
              "closes": "23:59"
            },
            {
              "weekday": "thu",
              "opens": "00:00",
              "closes": "23:59"
            },
            {
              "weekday": "fri",
              "opens": "00:00",
              "closes": "23:59"
            },
            {
              "weekday": "sat",
              "opens": "00:00",
              "closes": "23:59"
            },
            {
              "weekday": "sun",
              "opens": "00:00",
              "closes": "23:59"
            }
          ],
          "capacities": {
            "t": 4
          }
        },
        "table_id": "t",
        "status": "confirmed",
        "created_at": "2026-10-04T09:59:03.203425+00:00",
        "revision": 1
      },
      "response_bytes": 865,
      "response_sha256": "e77220b519f3bb8bb91ec6a1c5ab68e323c292d9a01dd2d271c98d597b011d47",
      "duration_seconds": 2.3636540850000074
    },
    {
      "method": "POST",
      "path": "/reservations",
      "peer": "http://independent-verifier-s4-1004095136-target:18309",
      "key": "one-key",
      "status": 200,
      "request_bytes": 120100,
      "request_sha256": "14b0ee1442d7360090e4155b22cbe13687f9795390acf529cc1cfe99166c2dbe",
      "response": {
        "reservation_id": "res_1f0209dfc5064d90b9cc20b45b3147db",
        "reference": "D5294E64E9",
        "restaurant_id": "r",
        "table_ids": [
          "t"
        ],
        "party_size": 2,
        "starts_at_local": "2035-06-04T18:00",
        "starts_at": "2035-06-04T18:00:00+00:00",
        "ends_at": "2035-06-04T19:00:00+00:00",
        "accepted_terms": {
          "policy_version": 0,
          "slot_minutes": 30,
          "reservation_duration_minutes": 60,
          "cancellation_cutoff_minutes": 0,
          "opening_hours": [
            {
              "weekday": "mon",
              "opens": "00:00",
              "closes": "23:59"
            },
            {
              "weekday": "tue",
              "opens": "00:00",
              "closes": "23:59"
            },
            {
              "weekday": "wed",
              "opens": "00:00",
              "closes": "23:59"
            },
            {
              "weekday": "thu",
              "opens": "00:00",
              "closes": "23:59"
            },
            {
              "weekday": "fri",
              "opens": "00:00",
              "closes": "23:59"
            },
            {
              "weekday": "sat",
              "opens": "00:00",
              "closes": "23:59"
            },
            {
              "weekday": "sun",
              "opens": "00:00",
              "closes": "23:59"
            }
          ],
          "capacities": {
            "t": 4
          }
        },
        "table_id": "t",
        "status": "confirmed",
        "created_at": "2026-10-04T09:59:03.203425+00:00",
        "revision": 1
      },
      "response_bytes": 865,
      "response_sha256": "e77220b519f3bb8bb91ec6a1c5ab68e323c292d9a01dd2d271c98d597b011d47",
      "duration_seconds": 2.4338692090000222
    },
    {
      "method": "POST",
      "path": "/reservations",
      "peer": "http://independent-verifier-s4-1004095136-target:18309",
      "key": "one-key",
      "status": 200,
      "request_bytes": 120100,
      "request_sha256": "14b0ee1442d7360090e4155b22cbe13687f9795390acf529cc1cfe99166c2dbe",
      "response": {
        "reservation_id": "res_1f0209dfc5064d90b9cc20b45b3147db",
        "reference": "D5294E64E9",
        "restaurant_id": "r",
        "table_ids": [
          "t"
        ],
        "party_size": 2,
        "starts_at_local": "2035-06-04T18:00",
        "starts_at": "2035-06-04T18:00:00+00:00",
        "ends_at": "2035-06-04T19:00:00+00:00",
        "accepted_terms": {
          "policy_version": 0,
          "slot_minutes": 30,
          "reservation_duration_minutes": 60,
          "cancellation_cutoff_minutes": 0,
          "opening_hours": [
            {
              "weekday": "mon",
              "opens": "00:00",
              "closes": "23:59"
            },
            {
              "weekday": "tue",
              "opens": "00:00",
              "closes": "23:59"
            },
            {
              "weekday": "wed",
              "opens": "00:00",
              "closes": "23:59"
            },
            {
              "weekday": "thu",
              "opens": "00:00",
              "closes": "23:59"
            },
            {
              "weekday": "fri",
              "opens": "00:00",
              "closes": "23:59"
            },
            {
              "weekday": "sat",
              "opens": "00:00",
              "closes": "23:59"
            },
            {
              "weekday": "sun",
              "opens": "00:00",
              "closes": "23:59"
            }
          ],
          "capacities": {
            "t": 4
          }
        },
        "table_id": "t",
        "status": "confirmed",
        "created_at": "2026-10-04T09:59:03.203425+00:00",
        "revision": 1
      },
      "response_bytes": 865,
      "response_sha256": "e77220b519f3bb8bb91ec6a1c5ab68e323c292d9a01dd2d271c98d597b011d47",
      "duration_seconds": 2.4693363340000474
    },
    {
      "method": "POST",
      "path": "/reservations",
      "peer": "http://independent-verifier-s4-1004095136-target:18309",
      "key": "one-key",
      "status": 200,
      "request_bytes": 120100,
      "request_sha256": "14b0ee1442d7360090e4155b22cbe13687f9795390acf529cc1cfe99166c2dbe",
      "response": {
        "reservation_id": "res_1f0209dfc5064d90b9cc20b45b3147db",
        "reference": "D5294E64E9",
        "restaurant_id": "r",
        "table_ids": [
          "t"
        ],
        "party_size": 2,
        "starts_at_local": "2035-06-04T18:00",
        "starts_at": "2035-06-04T18:00:00+00:00",
        "ends_at": "2035-06-04T19:00:00+00:00",
        "accepted_terms": {
          "policy_version": 0,
          "slot_minutes": 30,
          "reservation_duration_minutes": 60,
          "cancellation_cutoff_minutes": 0,
          "opening_hours": [
            {
              "weekday": "mon",
              "opens": "00:00",
              "closes": "23:59"
            },
            {
              "weekday": "tue",
              "opens": "00:00",
              "closes": "23:59"
            },
            {
              "weekday": "wed",
              "opens": "00:00",
              "closes": "23:59"
            },
            {
              "weekday": "thu",
              "opens": "00:00",
              "closes": "23:59"
            },
            {
              "weekday": "fri",
              "opens": "00:00",
              "closes": "23:59"
            },
            {
              "weekday": "sat",
              "opens": "00:00",
              "closes": "23:59"
            },
            {
              "weekday": "sun",
              "opens": "00:00",
              "closes": "23:59"
            }
          ],
          "capacities": {
            "t": 4
          }
        },
        "table_id": "t",
        "status": "confirmed",
        "created_at": "2026-10-04T09:59:03.203425+00:00",
        "revision": 1
      },
      "response_bytes": 865,
      "response_sha256": "e77220b519f3bb8bb91ec6a1c5ab68e323c292d9a01dd2d271c98d597b011d47",
      "duration_seconds": 2.531985125999995
    },
    {
      "method": "POST",
      "path": "/reservations",
      "peer": "http://independent-verifier-s4-1004095136-target:18309",
      "key": "one-key",
      "status": 200,
      "request_bytes": 120100,
      "request_sha256": "14b0ee1442d7360090e4155b22cbe13687f9795390acf529cc1cfe99166c2dbe",
      "response": {
        "reservation_id": "res_1f0209dfc5064d90b9cc20b45b3147db",
        "reference": "D5294E64E9",
        "restaurant_id": "r",
        "table_ids": [
          "t"
        ],
        "party_size": 2,
        "starts_at_local": "2035-06-04T18:00",
        "starts_at": "2035-06-04T18:00:00+00:00",
        "ends_at": "2035-06-04T19:00:00+00:00",
        "accepted_terms": {
          "policy_version": 0,
          "slot_minutes": 30,
          "reservation_duration_minutes": 60,
          "cancellation_cutoff_minutes": 0,
          "opening_hours": [
            {
              "weekday": "mon",
              "opens": "00:00",
              "closes": "23:59"
            },
            {
              "weekday": "tue",
              "opens": "00:00",
              "closes": "23:59"
            },
            {
              "weekday": "wed",
              "opens": "00:00",
              "closes": "23:59"
            },
            {
              "weekday": "thu",
              "opens": "00:00",
              "closes": "23:59"
            },
            {
              "weekday": "fri",
              "opens": "00:00",
              "closes": "23:59"
            },
            {
              "weekday": "sat",
              "opens": "00:00",
              "closes": "23:59"
            },
            {
              "weekday": "sun",
              "opens": "00:00",
              "closes": "23:59"
            }
          ],
          "capacities": {
            "t": 4
          }
        },
        "table_id": "t",
        "status": "confirmed",
        "created_at": "2026-10-04T09:59:03.203425+00:00",
        "revision": 1
      },
      "response_bytes": 865,
      "response_sha256": "e77220b519f3bb8bb91ec6a1c5ab68e323c292d9a01dd2d271c98d597b011d47",
      "duration_seconds": 2.5757538759999647
    },
    {
      "method": "POST",
      "path": "/reservations",
      "peer": "http://independent-verifier-s4-1004095136-target:18309",
      "key": "one-key",
      "status": 200,
      "request_bytes": 120100,
      "request_sha256": "14b0ee1442d7360090e4155b22cbe13687f9795390acf529cc1cfe99166c2dbe",
      "response": {
        "reservation_id": "res_1f0209dfc5064d90b9cc20b45b3147db",
        "reference": "D5294E64E9",
        "restaurant_id": "r",
        "table_ids": [
          "t"
        ],
        "party_size": 2,
        "starts_at_local": "2035-06-04T18:00",
        "starts_at": "2035-06-04T18:00:00+00:00",
        "ends_at": "2035-06-04T19:00:00+00:00",
        "accepted_terms": {
          "policy_version": 0,
          "slot_minutes": 30,
          "reservation_duration_minutes": 60,
          "cancellation_cutoff_minutes": 0,
          "opening_hours": [
            {
              "weekday": "mon",
              "opens": "00:00",
              "closes": "23:59"
            },
            {
              "weekday": "tue",
              "opens": "00:00",
              "closes": "23:59"
            },
            {
              "weekday": "wed",
              "opens": "00:00",
              "closes": "23:59"
            },
            {
              "weekday": "thu",
              "opens": "00:00",
              "closes": "23:59"
            },
            {
              "weekday": "fri",
              "opens": "00:00",
              "closes": "23:59"
            },
            {
              "weekday": "sat",
              "opens": "00:00",
              "closes": "23:59"
            },
            {
              "weekday": "sun",
              "opens": "00:00",
              "closes": "23:59"
            }
          ],
          "capacities": {
            "t": 4
          }
        },
        "table_id": "t",
        "status": "confirmed",
        "created_at": "2026-10-04T09:59:03.203425+00:00",
        "revision": 1
      },
      "response_bytes": 865,
      "response_sha256": "e77220b519f3bb8bb91ec6a1c5ab68e323c292d9a01dd2d271c98d597b011d47",
      "duration_seconds": 2.6139173759999608
    },
    {
      "method": "POST",
      "path": "/reservations",
      "peer": "http://independent-verifier-s4-1004095136-target:18309",
      "key": "one-key",
      "status": 200,
      "request_bytes": 120100,
      "request_sha256": "14b0ee1442d7360090e4155b22cbe13687f9795390acf529cc1cfe99166c2dbe",
      "response": {
        "reservation_id": "res_1f0209dfc5064d90b9cc20b45b3147db",
        "reference": "D5294E64E9",
        "restaurant_id": "r",
        "table_ids": [
          "t"
        ],
        "party_size": 2,
        "starts_at_local": "2035-06-04T18:00",
        "starts_at": "2035-06-04T18:00:00+00:00",
        "ends_at": "2035-06-04T19:00:00+00:00",
        "accepted_terms": {
          "policy_version": 0,
          "slot_minutes": 30,
          "reservation_duration_minutes": 60,
          "cancellation_cutoff_minutes": 0,
          "opening_hours": [
            {
              "weekday": "mon",
              "opens": "00:00",
              "closes": "23:59"
            },
            {
              "weekday": "tue",
              "opens": "00:00",
              "closes": "23:59"
            },
            {
              "weekday": "wed",
              "opens": "00:00",
              "closes": "23:59"
            },
            {
              "weekday": "thu",
              "opens": "00:00",
              "closes": "23:59"
            },
            {
              "weekday": "fri",
              "opens": "00:00",
              "closes": "23:59"
            },
            {
              "weekday": "sat",
              "opens": "00:00",
              "closes": "23:59"
            },
            {
              "weekday": "sun",
              "opens": "00:00",
              "closes": "23:59"
            }
          ],
          "capacities": {
            "t": 4
          }
        },
        "table_id": "t",
        "status": "confirmed",
        "created_at": "2026-10-04T09:59:03.203425+00:00",
        "revision": 1
      },
      "response_bytes": 865,
      "response_sha256": "e77220b519f3bb8bb91ec6a1c5ab68e323c292d9a01dd2d271c98d597b011d47",
      "duration_seconds": 2.6699065849999783
    },
    {
      "method": "POST",
      "path": "/reservations",
      "peer": "http://independent-verifier-s4-1004095136-target:18309",
      "key": "one-key",
      "status": 200,
      "request_bytes": 120100,
      "request_sha256": "14b0ee1442d7360090e4155b22cbe13687f9795390acf529cc1cfe99166c2dbe",
      "response": {
        "reservation_id": "res_1f0209dfc5064d90b9cc20b45b3147db",
        "reference": "D5294E64E9",
        "restaurant_id": "r",
        "table_ids": [
          "t"
        ],
        "party_size": 2,
        "starts_at_local": "2035-06-04T18:00",
        "starts_at": "2035-06-04T18:00:00+00:00",
        "ends_at": "2035-06-04T19:00:00+00:00",
        "accepted_terms": {
          "policy_version": 0,
          "slot_minutes": 30,
          "reservation_duration_minutes": 60,
          "cancellation_cutoff_minutes": 0,
          "opening_hours": [
            {
              "weekday": "mon",
              "opens": "00:00",
              "closes": "23:59"
            },
            {
              "weekday": "tue",
              "opens": "00:00",
              "closes": "23:59"
            },
            {
              "weekday": "wed",
              "opens": "00:00",
              "closes": "23:59"
            },
            {
              "weekday": "thu",
              "opens": "00:00",
              "closes": "23:59"
            },
            {
              "weekday": "fri",
              "opens": "00:00",
              "closes": "23:59"
            },
            {
              "weekday": "sat",
              "opens": "00:00",
              "closes": "23:59"
            },
            {
              "weekday": "sun",
              "opens": "00:00",
              "closes": "23:59"
            }
          ],
          "capacities": {
            "t": 4
          }
        },
        "table_id": "t",
        "status": "confirmed",
        "created_at": "2026-10-04T09:59:03.203425+00:00",
        "revision": 1
      },
      "response_bytes": 865,
      "response_sha256": "e77220b519f3bb8bb91ec6a1c5ab68e323c292d9a01dd2d271c98d597b011d47",
      "duration_seconds": 2.70853179300002
    },
    {
      "method": "POST",
      "path": "/reservations",
      "peer": "http://independent-verifier-s4-1004095136-target:18309",
      "key": "one-key",
      "status": 200,
      "request_bytes": 120100,
      "request_sha256": "14b0ee1442d7360090e4155b22cbe13687f9795390acf529cc1cfe99166c2dbe",
      "response": {
        "reservation_id": "res_1f0209dfc5064d90b9cc20b45b3147db",
        "reference": "D5294E64E9",
        "restaurant_id": "r",
        "table_ids": [
          "t"
        ],
        "party_size": 2,
        "starts_at_local": "2035-06-04T18:00",
        "starts_at": "2035-06-04T18:00:00+00:00",
        "ends_at": "2035-06-04T19:00:00+00:00",
        "accepted_terms": {
          "policy_version": 0,
          "slot_minutes": 30,
          "reservation_duration_minutes": 60,
          "cancellation_cutoff_minutes": 0,
          "opening_hours": [
            {
              "weekday": "mon",
              "opens": "00:00",
              "closes": "23:59"
            },
            {
              "weekday": "tue",
              "opens": "00:00",
              "closes": "23:59"
            },
            {
              "weekday": "wed",
              "opens": "00:00",
              "closes": "23:59"
            },
            {
              "weekday": "thu",
              "opens": "00:00",
              "closes": "23:59"
            },
            {
              "weekday": "fri",
              "opens": "00:00",
              "closes": "23:59"
            },
            {
              "weekday": "sat",
              "opens": "00:00",
              "closes": "23:59"
            },
            {
              "weekday": "sun",
              "opens": "00:00",
              "closes": "23:59"
            }
          ],
          "capacities": {
            "t": 4
          }
        },
        "table_id": "t",
        "status": "confirmed",
        "created_at": "2026-10-04T09:59:03.203425+00:00",
        "revision": 1
      },
      "response_bytes": 865,
      "response_sha256": "e77220b519f3bb8bb91ec6a1c5ab68e323c292d9a01dd2d271c98d597b011d47",
      "duration_seconds": 2.7639274590000014
    },
    {
      "method": "POST",
      "path": "/reservations",
      "peer": "http://independent-verifier-s4-1004095136-target:18309",
      "key": "one-key",
      "status": 200,
      "request_bytes": 120100,
      "request_sha256": "14b0ee1442d7360090e4155b22cbe13687f9795390acf529cc1cfe99166c2dbe",
      "response": {
        "reservation_id": "res_1f0209dfc5064d90b9cc20b45b3147db",
        "reference": "D5294E64E9",
        "restaurant_id": "r",
        "table_ids": [
          "t"
        ],
        "party_size": 2,
        "starts_at_local": "2035-06-04T18:00",
        "starts_at": "2035-06-04T18:00:00+00:00",
        "ends_at": "2035-06-04T19:00:00+00:00",
        "accepted_terms": {
          "policy_version": 0,
          "slot_minutes": 30,
          "reservation_duration_minutes": 60,
          "cancellation_cutoff_minutes": 0,
          "opening_hours": [
            {
              "weekday": "mon",
              "opens": "00:00",
              "closes": "23:59"
            },
            {
              "weekday": "tue",
              "opens": "00:00",
              "closes": "23:59"
            },
            {
              "weekday": "wed",
              "opens": "00:00",
              "closes": "23:59"
            },
            {
              "weekday": "thu",
              "opens": "00:00",
              "closes": "23:59"
            },
            {
              "weekday": "fri",
              "opens": "00:00",
              "closes": "23:59"
            },
            {
              "weekday": "sat",
              "opens": "00:00",
              "closes": "23:59"
            },
            {
              "weekday": "sun",
              "opens": "00:00",
              "closes": "23:59"
            }
          ],
          "capacities": {
            "t": 4
          }
        },
        "table_id": "t",
        "status": "confirmed",
        "created_at": "2026-10-04T09:59:03.203425+00:00",
        "revision": 1
      },
      "response_bytes": 865,
      "response_sha256": "e77220b519f3bb8bb91ec6a1c5ab68e323c292d9a01dd2d271c98d597b011d47",
      "duration_seconds": 2.8007611259999976
    },
    {
      "method": "POST",
      "path": "/reservations",
      "peer": "http://independent-verifier-s4-1004095136-target:18309",
      "key": "one-key",
      "status": 200,
      "request_bytes": 120100,
      "request_sha256": "14b0ee1442d7360090e4155b22cbe13687f9795390acf529cc1cfe99166c2dbe",
      "response": {
        "reservation_id": "res_1f0209dfc5064d90b9cc20b45b3147db",
        "reference": "D5294E64E9",
        "restaurant_id": "r",
        "table_ids": [
          "t"
        ],
        "party_size": 2,
        "starts_at_local": "2035-06-04T18:00",
        "starts_at": "2035-06-04T18:00:00+00:00",
        "ends_at": "2035-06-04T19:00:00+00:00",
        "accepted_terms": {
          "policy_version": 0,
          "slot_minutes": 30,
          "reservation_duration_minutes": 60,
          "cancellation_cutoff_minutes": 0,
          "opening_hours": [
            {
              "weekday": "mon",
              "opens": "00:00",
              "closes": "23:59"
            },
            {
              "weekday": "tue",
              "opens": "00:00",
              "closes": "23:59"
            },
            {
              "weekday": "wed",
              "opens": "00:00",
              "closes": "23:59"
            },
            {
              "weekday": "thu",
              "opens": "00:00",
              "closes": "23:59"
            },
            {
              "weekday": "fri",
              "opens": "00:00",
              "closes": "23:59"
            },
            {
              "weekday": "sat",
              "opens": "00:00",
              "closes": "23:59"
            },
            {
              "weekday": "sun",
              "opens": "00:00",
              "closes": "23:59"
            }
          ],
          "capacities": {
            "t": 4
          }
        },
        "table_id": "t",
        "status": "confirmed",
        "created_at": "2026-10-04T09:59:03.203425+00:00",
        "revision": 1
      },
      "response_bytes": 865,
      "response_sha256": "e77220b519f3bb8bb91ec6a1c5ab68e323c292d9a01dd2d271c98d597b011d47",
      "duration_seconds": 2.851163168000028
    },
    {
      "method": "POST",
      "path": "/reservations",
      "peer": "http://independent-verifier-s4-1004095136-target:18309",
      "key": "one-key",
      "status": 200,
      "request_bytes": 120100,
      "request_sha256": "14b0ee1442d7360090e4155b22cbe13687f9795390acf529cc1cfe99166c2dbe",
      "response": {
        "reservation_id": "res_1f0209dfc5064d90b9cc20b45b3147db",
        "reference": "D5294E64E9",
        "restaurant_id": "r",
        "table_ids": [
          "t"
        ],
        "party_size": 2,
        "starts_at_local": "2035-06-04T18:00",
        "starts_at": "2035-06-04T18:00:00+00:00",
        "ends_at": "2035-06-04T19:00:00+00:00",
        "accepted_terms": {
          "policy_version": 0,
          "slot_minutes": 30,
          "reservation_duration_minutes": 60,
          "cancellation_cutoff_minutes": 0,
          "opening_hours": [
            {
              "weekday": "mon",
              "opens": "00:00",
              "closes": "23:59"
            },
            {
              "weekday": "tue",
              "opens": "00:00",
              "closes": "23:59"
            },
            {
              "weekday": "wed",
              "opens": "00:00",
              "closes": "23:59"
            },
            {
              "weekday": "thu",
              "opens": "00:00",
              "closes": "23:59"
            },
            {
              "weekday": "fri",
              "opens": "00:00",
              "closes": "23:59"
            },
            {
              "weekday": "sat",
              "opens": "00:00",
              "closes": "23:59"
            },
            {
              "weekday": "sun",
              "opens": "00:00",
              "closes": "23:59"
            }
          ],
          "capacities": {
            "t": 4
          }
        },
        "table_id": "t",
        "status": "confirmed",
        "created_at": "2026-10-04T09:59:03.203425+00:00",
        "revision": 1
      },
      "response_bytes": 865,
      "response_sha256": "e77220b519f3bb8bb91ec6a1c5ab68e323c292d9a01dd2d271c98d597b011d47",
      "duration_seconds": 2.893330250999952
    },
    {
      "method": "POST",
      "path": "/reservations",
      "peer": "http://independent-verifier-s4-1004095136-target:18309",
      "key": "one-key",
      "status": 200,
      "request_bytes": 120100,
      "request_sha256": "14b0ee1442d7360090e4155b22cbe13687f9795390acf529cc1cfe99166c2dbe",
      "response": {
        "reservation_id": "res_1f0209dfc5064d90b9cc20b45b3147db",
        "reference": "D5294E64E9",
        "restaurant_id": "r",
        "table_ids": [
          "t"
        ],
        "party_size": 2,
        "starts_at_local": "2035-06-04T18:00",
        "starts_at": "2035-06-04T18:00:00+00:00",
        "ends_at": "2035-06-04T19:00:00+00:00",
        "accepted_terms": {
          "policy_version": 0,
          "slot_minutes": 30,
          "reservation_duration_minutes": 60,
          "cancellation_cutoff_minutes": 0,
          "opening_hours": [
            {
              "weekday": "mon",
              "opens": "00:00",
              "closes": "23:59"
            },
            {
              "weekday": "tue",
              "opens": "00:00",
              "closes": "23:59"
            },
            {
              "weekday": "wed",
              "opens": "00:00",
              "closes": "23:59"
            },
            {
              "weekday": "thu",
              "opens": "00:00",
              "closes": "23:59"
            },
            {
              "weekday": "fri",
              "opens": "00:00",
              "closes": "23:59"
            },
            {
              "weekday": "sat",
              "opens": "00:00",
              "closes": "23:59"
            },
            {
              "weekday": "sun",
              "opens": "00:00",
              "closes": "23:59"
            }
          ],
          "capacities": {
            "t": 4
          }
        },
        "table_id": "t",
        "status": "confirmed",
        "created_at": "2026-10-04T09:59:03.203425+00:00",
        "revision": 1
      },
      "response_bytes": 865,
      "response_sha256": "e77220b519f3bb8bb91ec6a1c5ab68e323c292d9a01dd2d271c98d597b011d47",
      "duration_seconds": 2.946201417999987
    },
    {
      "method": "POST",
      "path": "/reservations",
      "peer": "http://independent-verifier-s4-1004095136-target:18309",
      "key": "one-key",
      "status": 200,
      "request_bytes": 120100,
      "request_sha256": "14b0ee1442d7360090e4155b22cbe13687f9795390acf529cc1cfe99166c2dbe",
      "response": {
        "reservation_id": "res_1f0209dfc5064d90b9cc20b45b3147db",
        "reference": "D5294E64E9",
        "restaurant_id": "r",
        "table_ids": [
          "t"
        ],
        "party_size": 2,
        "starts_at_local": "2035-06-04T18:00",
        "starts_at": "2035-06-04T18:00:00+00:00",
        "ends_at": "2035-06-04T19:00:00+00:00",
        "accepted_terms": {
          "policy_version": 0,
          "slot_minutes": 30,
          "reservation_duration_minutes": 60,
          "cancellation_cutoff_minutes": 0,
          "opening_hours": [
            {
              "weekday": "mon",
              "opens": "00:00",
              "closes": "23:59"
            },
            {
              "weekday": "tue",
              "opens": "00:00",
              "closes": "23:59"
            },
            {
              "weekday": "wed",
              "opens": "00:00",
              "closes": "23:59"
            },
            {
              "weekday": "thu",
              "opens": "00:00",
              "closes": "23:59"
            },
            {
              "weekday": "fri",
              "opens": "00:00",
              "closes": "23:59"
            },
            {
              "weekday": "sat",
              "opens": "00:00",
              "closes": "23:59"
            },
            {
              "weekday": "sun",
              "opens": "00:00",
              "closes": "23:59"
            }
          ],
          "capacities": {
            "t": 4
          }
        },
        "table_id": "t",
        "status": "confirmed",
        "created_at": "2026-10-04T09:59:03.203425+00:00",
        "revision": 1
      },
      "response_bytes": 865,
      "response_sha256": "e77220b519f3bb8bb91ec6a1c5ab68e323c292d9a01dd2d271c98d597b011d47",
      "duration_seconds": 2.978672334999999
    },
    {
      "method": "POST",
      "path": "/reservations",
      "peer": "http://independent-verifier-s4-1004095136-target:18309",
      "key": "one-key",
      "status": 200,
      "request_bytes": 120100,
      "request_sha256": "14b0ee1442d7360090e4155b22cbe13687f9795390acf529cc1cfe99166c2dbe",
      "response": {
        "reservation_id": "res_1f0209dfc5064d90b9cc20b45b3147db",
        "reference": "D5294E64E9",
        "restaurant_id": "r",
        "table_ids": [
          "t"
        ],
        "party_size": 2,
        "starts_at_local": "2035-06-04T18:00",
        "starts_at": "2035-06-04T18:00:00+00:00",
        "ends_at": "2035-06-04T19:00:00+00:00",
        "accepted_terms": {
          "policy_version": 0,
          "slot_minutes": 30,
          "reservation_duration_minutes": 60,
          "cancellation_cutoff_minutes": 0,
          "opening_hours": [
            {
              "weekday": "mon",
              "opens": "00:00",
              "closes": "23:59"
            },
            {
              "weekday": "tue",
              "opens": "00:00",
              "closes": "23:59"
            },
            {
              "weekday": "wed",
              "opens": "00:00",
              "closes": "23:59"
            },
            {
              "weekday": "thu",
              "opens": "00:00",
              "closes": "23:59"
            },
            {
              "weekday": "fri",
              "opens": "00:00",
              "closes": "23:59"
            },
            {
              "weekday": "sat",
              "opens": "00:00",
              "closes": "23:59"
            },
            {
              "weekday": "sun",
              "opens": "00:00",
              "closes": "23:59"
            }
          ],
          "capacities": {
            "t": 4
          }
        },
        "table_id": "t",
        "status": "confirmed",
        "created_at": "2026-10-04T09:59:03.203425+00:00",
        "revision": 1
      },
      "response_bytes": 865,
      "response_sha256": "e77220b519f3bb8bb91ec6a1c5ab68e323c292d9a01dd2d271c98d597b011d47",
      "duration_seconds": 3.0302396269999576
    },
    {
      "method": "POST",
      "path": "/reservations",
      "peer": "http://independent-verifier-s4-1004095136-target:18309",
      "key": "one-key",
      "status": 200,
      "request_bytes": 120100,
      "request_sha256": "14b0ee1442d7360090e4155b22cbe13687f9795390acf529cc1cfe99166c2dbe",
      "response": {
        "reservation_id": "res_1f0209dfc5064d90b9cc20b45b3147db",
        "reference": "D5294E64E9",
        "restaurant_id": "r",
        "table_ids": [
          "t"
        ],
        "party_size": 2,
        "starts_at_local": "2035-06-04T18:00",
        "starts_at": "2035-06-04T18:00:00+00:00",
        "ends_at": "2035-06-04T19:00:00+00:00",
        "accepted_terms": {
          "policy_version": 0,
          "slot_minutes": 30,
          "reservation_duration_minutes": 60,
          "cancellation_cutoff_minutes": 0,
          "opening_hours": [
            {
              "weekday": "mon",
              "opens": "00:00",
              "closes": "23:59"
            },
            {
              "weekday": "tue",
              "opens": "00:00",
              "closes": "23:59"
            },
            {
              "weekday": "wed",
              "opens": "00:00",
              "closes": "23:59"
            },
            {
              "weekday": "thu",
              "opens": "00:00",
              "closes": "23:59"
            },
            {
              "weekday": "fri",
              "opens": "00:00",
              "closes": "23:59"
            },
            {
              "weekday": "sat",
              "opens": "00:00",
              "closes": "23:59"
            },
            {
              "weekday": "sun",
              "opens": "00:00",
              "closes": "23:59"
            }
          ],
          "capacities": {
            "t": 4
          }
        },
        "table_id": "t",
        "status": "confirmed",
        "created_at": "2026-10-04T09:59:03.203425+00:00",
        "revision": 1
      },
      "response_bytes": 865,
      "response_sha256": "e77220b519f3bb8bb91ec6a1c5ab68e323c292d9a01dd2d271c98d597b011d47",
      "duration_seconds": 3.0734980009999617
    },
    {
      "method": "POST",
      "path": "/reservations",
      "peer": "http://independent-verifier-s4-1004095136-target:18309",
      "key": "one-key",
      "status": 200,
      "request_bytes": 120100,
      "request_sha256": "14b0ee1442d7360090e4155b22cbe13687f9795390acf529cc1cfe99166c2dbe",
      "response": {
        "reservation_id": "res_1f0209dfc5064d90b9cc20b45b3147db",
        "reference": "D5294E64E9",
        "restaurant_id": "r",
        "table_ids": [
          "t"
        ],
        "party_size": 2,
        "starts_at_local": "2035-06-04T18:00",
        "starts_at": "2035-06-04T18:00:00+00:00",
        "ends_at": "2035-06-04T19:00:00+00:00",
        "accepted_terms": {
          "policy_version": 0,
          "slot_minutes": 30,
          "reservation_duration_minutes": 60,
          "cancellation_cutoff_minutes": 0,
          "opening_hours": [
            {
              "weekday": "mon",
              "opens": "00:00",
              "closes": "23:59"
            },
            {
              "weekday": "tue",
              "opens": "00:00",
              "closes": "23:59"
            },
            {
              "weekday": "wed",
              "opens": "00:00",
              "closes": "23:59"
            },
            {
              "weekday": "thu",
              "opens": "00:00",
              "closes": "23:59"
            },
            {
              "weekday": "fri",
              "opens": "00:00",
              "closes": "23:59"
            },
            {
              "weekday": "sat",
              "opens": "00:00",
              "closes": "23:59"
            },
            {
              "weekday": "sun",
              "opens": "00:00",
              "closes": "23:59"
            }
          ],
          "capacities": {
            "t": 4
          }
        },
        "table_id": "t",
        "status": "confirmed",
        "created_at": "2026-10-04T09:59:03.203425+00:00",
        "revision": 1
      },
      "response_bytes": 865,
      "response_sha256": "e77220b519f3bb8bb91ec6a1c5ab68e323c292d9a01dd2d271c98d597b011d47",
      "duration_seconds": 3.1113017100000206
    },
    {
      "method": "POST",
      "path": "/reservations",
      "peer": "http://independent-verifier-s4-1004095136-target:18309",
      "key": "one-key",
      "status": 200,
      "request_bytes": 120100,
      "request_sha256": "14b0ee1442d7360090e4155b22cbe13687f9795390acf529cc1cfe99166c2dbe",
      "response": {
        "reservation_id": "res_1f0209dfc5064d90b9cc20b45b3147db",
        "reference": "D5294E64E9",
        "restaurant_id": "r",
        "table_ids": [
          "t"
        ],
        "party_size": 2,
        "starts_at_local": "2035-06-04T18:00",
        "starts_at": "2035-06-04T18:00:00+00:00",
        "ends_at": "2035-06-04T19:00:00+00:00",
        "accepted_terms": {
          "policy_version": 0,
          "slot_minutes": 30,
          "reservation_duration_minutes": 60,
          "cancellation_cutoff_minutes": 0,
          "opening_hours": [
            {
              "weekday": "mon",
              "opens": "00:00",
              "closes": "23:59"
            },
            {
              "weekday": "tue",
              "opens": "00:00",
              "closes": "23:59"
            },
            {
              "weekday": "wed",
              "opens": "00:00",
              "closes": "23:59"
            },
            {
              "weekday": "thu",
              "opens": "00:00",
              "closes": "23:59"
            },
            {
              "weekday": "fri",
              "opens": "00:00",
              "closes": "23:59"
            },
            {
              "weekday": "sat",
              "opens": "00:00",
              "closes": "23:59"
            },
            {
              "weekday": "sun",
              "opens": "00:00",
              "closes": "23:59"
            }
          ],
          "capacities": {
            "t": 4
          }
        },
        "table_id": "t",
        "status": "confirmed",
        "created_at": "2026-10-04T09:59:03.203425+00:00",
        "revision": 1
      },
      "response_bytes": 865,
      "response_sha256": "e77220b519f3bb8bb91ec6a1c5ab68e323c292d9a01dd2d271c98d597b011d47",
      "duration_seconds": 3.15397358499996
    },
    {
      "method": "POST",
      "path": "/reservations",
      "peer": "http://independent-verifier-s4-1004095136-target:18309",
      "key": "one-key",
      "status": 200,
      "request_bytes": 120100,
      "request_sha256": "14b0ee1442d7360090e4155b22cbe13687f9795390acf529cc1cfe99166c2dbe",
      "response": {
        "reservation_id": "res_1f0209dfc5064d90b9cc20b45b3147db",
        "reference": "D5294E64E9",
        "restaurant_id": "r",
        "table_ids": [
          "t"
        ],
        "party_size": 2,
        "starts_at_local": "2035-06-04T18:00",
        "starts_at": "2035-06-04T18:00:00+00:00",
        "ends_at": "2035-06-04T19:00:00+00:00",
        "accepted_terms": {
          "policy_version": 0,
          "slot_minutes": 30,
          "reservation_duration_minutes": 60,
          "cancellation_cutoff_minutes": 0,
          "opening_hours": [
            {
              "weekday": "mon",
              "opens": "00:00",
              "closes": "23:59"
            },
            {
              "weekday": "tue",
              "opens": "00:00",
              "closes": "23:59"
            },
            {
              "weekday": "wed",
              "opens": "00:00",
              "closes": "23:59"
            },
            {
              "weekday": "thu",
              "opens": "00:00",
              "closes": "23:59"
            },
            {
              "weekday": "fri",
              "opens": "00:00",
              "closes": "23:59"
            },
            {
              "weekday": "sat",
              "opens": "00:00",
              "closes": "23:59"
            },
            {
              "weekday": "sun",
              "opens": "00:00",
              "closes": "23:59"
            }
          ],
          "capacities": {
            "t": 4
          }
        },
        "table_id": "t",
        "status": "confirmed",
        "created_at": "2026-10-04T09:59:03.203425+00:00",
        "revision": 1
      },
      "response_bytes": 865,
      "response_sha256": "e77220b519f3bb8bb91ec6a1c5ab68e323c292d9a01dd2d271c98d597b011d47",
      "duration_seconds": 3.201634958999989
    },
    {
      "method": "POST",
      "path": "/reservations",
      "peer": "http://independent-verifier-s4-1004095136-target:18309",
      "key": "one-key",
      "status": 200,
      "request_bytes": 120100,
      "request_sha256": "14b0ee1442d7360090e4155b22cbe13687f9795390acf529cc1cfe99166c2dbe",
      "response": {
        "reservation_id": "res_1f0209dfc5064d90b9cc20b45b3147db",
        "reference": "D5294E64E9",
        "restaurant_id": "r",
        "table_ids": [
          "t"
        ],
        "party_size": 2,
        "starts_at_local": "2035-06-04T18:00",
        "starts_at": "2035-06-04T18:00:00+00:00",
        "ends_at": "2035-06-04T19:00:00+00:00",
        "accepted_terms": {
          "policy_version": 0,
          "slot_minutes": 30,
          "reservation_duration_minutes": 60,
          "cancellation_cutoff_minutes": 0,
          "opening_hours": [
            {
              "weekday": "mon",
              "opens": "00:00",
              "closes": "23:59"
            },
            {
              "weekday": "tue",
              "opens": "00:00",
              "closes": "23:59"
            },
            {
              "weekday": "wed",
              "opens": "00:00",
              "closes": "23:59"
            },
            {
              "weekday": "thu",
              "opens": "00:00",
              "closes": "23:59"
            },
            {
              "weekday": "fri",
              "opens": "00:00",
              "closes": "23:59"
            },
            {
              "weekday": "sat",
              "opens": "00:00",
              "closes": "23:59"
            },
            {
              "weekday": "sun",
              "opens": "00:00",
              "closes": "23:59"
            }
          ],
          "capacities": {
            "t": 4
          }
        },
        "table_id": "t",
        "status": "confirmed",
        "created_at": "2026-10-04T09:59:03.203425+00:00",
        "revision": 1
      },
      "response_bytes": 865,
      "response_sha256": "e77220b519f3bb8bb91ec6a1c5ab68e323c292d9a01dd2d271c98d597b011d47",
      "duration_seconds": 3.2419962090000354
    },
    {
      "method": "POST",
      "path": "/reservations",
      "peer": "http://independent-verifier-s4-1004095136-target:18309",
      "key": "one-key",
      "status": 200,
      "request_bytes": 120100,
      "request_sha256": "14b0ee1442d7360090e4155b22cbe13687f9795390acf529cc1cfe99166c2dbe",
      "response": {
        "reservation_id": "res_1f0209dfc5064d90b9cc20b45b3147db",
        "reference": "D5294E64E9",
        "restaurant_id": "r",
        "table_ids": [
          "t"
        ],
        "party_size": 2,
        "starts_at_local": "2035-06-04T18:00",
        "starts_at": "2035-06-04T18:00:00+00:00",
        "ends_at": "2035-06-04T19:00:00+00:00",
        "accepted_terms": {
          "policy_version": 0,
          "slot_minutes": 30,
          "reservation_duration_minutes": 60,
          "cancellation_cutoff_minutes": 0,
          "opening_hours": [
            {
              "weekday": "mon",
              "opens": "00:00",
              "closes": "23:59"
            },
            {
              "weekday": "tue",
              "opens": "00:00",
              "closes": "23:59"
            },
            {
              "weekday": "wed",
              "opens": "00:00",
              "closes": "23:59"
            },
            {
              "weekday": "thu",
              "opens": "00:00",
              "closes": "23:59"
            },
            {
              "weekday": "fri",
              "opens": "00:00",
              "closes": "23:59"
            },
            {
              "weekday": "sat",
              "opens": "00:00",
              "closes": "23:59"
            },
            {
              "weekday": "sun",
              "opens": "00:00",
              "closes": "23:59"
            }
          ],
          "capacities": {
            "t": 4
          }
        },
        "table_id": "t",
        "status": "confirmed",
        "created_at": "2026-10-04T09:59:03.203425+00:00",
        "revision": 1
      },
      "response_bytes": 865,
      "response_sha256": "e77220b519f3bb8bb91ec6a1c5ab68e323c292d9a01dd2d271c98d597b011d47",
      "duration_seconds": 3.2686127929999884
    },
    {
      "method": "GET",
      "path": "/reservations",
      "peer": "http://independent-verifier-s4-1004095136-target:18309",
      "key": null,
      "status": 200,
      "request_bytes": 0,
      "request_sha256": "e3b0c44298fc1c149afbf4c8996fb92427ae41e4649b934ca495991b7852b855",
      "response": {
        "reservations": [
          {
            "reservation_id": "res_1f0209dfc5064d90b9cc20b45b3147db",
            "reference": "D5294E64E9",
            "restaurant_id": "r",
            "table_ids": [
              "t"
            ],
            "party_size": 2,
            "starts_at_local": "2035-06-04T18:00",
            "starts_at": "2035-06-04T18:00:00+00:00",
            "ends_at": "2035-06-04T19:00:00+00:00",
            "accepted_terms": {
              "policy_version": 0,
              "slot_minutes": 30,
              "reservation_duration_minutes": 60,
              "cancellation_cutoff_minutes": 0,
              "opening_hours": [
                {
                  "weekday": "mon",
                  "opens": "00:00",
                  "closes": "23:59"
                },
                {
                  "weekday": "tue",
                  "opens": "00:00",
                  "closes": "23:59"
                },
                {
                  "weekday": "wed",
                  "opens": "00:00",
                  "closes": "23:59"
                },
                {
                  "weekday": "thu",
                  "opens": "00:00",
                  "closes": "23:59"
                },
                {
                  "weekday": "fri",
                  "opens": "00:00",
                  "closes": "23:59"
                },
                {
                  "weekday": "sat",
                  "opens": "00:00",
                  "closes": "23:59"
                },
                {
                  "weekday": "sun",
                  "opens": "00:00",
                  "closes": "23:59"
                }
              ],
              "capacities": {
                "t": 4
              }
            },
            "table_id": "t",
            "status": "confirmed",
            "created_at": "2026-10-04T09:59:03.203425+00:00",
            "revision": 1
          }
        ]
      },
      "response_bytes": 884,
      "response_sha256": "c6ccba797d2e7dab2725dea2527d755c626180724bbc3be1f8fa16369176f4eb",
      "duration_seconds": 0.0010798750000162727
    },
    {
      "method": "GET",
      "path": "/_test/export",
      "peer": "http://independent-verifier-s4-1004095136-target:18309",
      "key": null,
      "status": 200,
      "request_bytes": 0,
      "request_sha256": "e3b0c44298fc1c149afbf4c8996fb92427ae41e4649b934ca495991b7852b855",
      "response": {
        "private_snapshot_sha256": "6b2243d0cb3e3768eff7b248cdb768d4763abaf5f0afbce63293a90332a339aa"
      },
      "response_bytes": 124000,
      "response_sha256": "6b2243d0cb3e3768eff7b248cdb768d4763abaf5f0afbce63293a90332a339aa",
      "duration_seconds": 0.03493862499999523
    },
    {
      "method": "POST",
      "path": "/reservations/D5294E64E9/cancel",
      "peer": "http://independent-verifier-s4-1004095136-target:18309",
      "key": null,
      "status": 200,
      "request_bytes": 2,
      "request_sha256": "44136fa355b3678a1146ad16f7e8649e94fb4fc21fe77e8310c060f61caaff8a",
      "response": {
        "reservation_id": "res_1f0209dfc5064d90b9cc20b45b3147db",
        "reference": "D5294E64E9",
        "restaurant_id": "r",
        "table_ids": [
          "t"
        ],
        "party_size": 2,
        "starts_at_local": "2035-06-04T18:00",
        "starts_at": "2035-06-04T18:00:00+00:00",
        "ends_at": "2035-06-04T19:00:00+00:00",
        "accepted_terms": {
          "policy_version": 0,
          "slot_minutes": 30,
          "reservation_duration_minutes": 60,
          "cancellation_cutoff_minutes": 0,
          "opening_hours": [
            {
              "weekday": "mon",
              "opens": "00:00",
              "closes": "23:59"
            },
            {
              "weekday": "tue",
              "opens": "00:00",
              "closes": "23:59"
            },
            {
              "weekday": "wed",
              "opens": "00:00",
              "closes": "23:59"
            },
            {
              "weekday": "thu",
              "opens": "00:00",
              "closes": "23:59"
            },
            {
              "weekday": "fri",
              "opens": "00:00",
              "closes": "23:59"
            },
            {
              "weekday": "sat",
              "opens": "00:00",
              "closes": "23:59"
            },
            {
              "weekday": "sun",
              "opens": "00:00",
              "closes": "23:59"
            }
          ],
          "capacities": {
            "t": 4
          }
        },
        "table_id": "t",
        "status": "cancelled",
        "created_at": "2026-10-04T09:59:03.203425+00:00",
        "revision": 2
      },
      "response_bytes": 865,
      "response_sha256": "bc95b7a3c9517e6d5af2f688c496866a01829ee9892bf29d46ca270fcd16b377",
      "duration_seconds": 0.0006849580000221067
    },
    {
      "method": "POST",
      "path": "/reservations",
      "peer": "http://independent-verifier-s4-1004095136-target:18309",
      "key": "one-key",
      "status": 200,
      "request_bytes": 120102,
      "request_sha256": "d51df0705d06fd8f14e33b53807c5014e80985c8d779f69214c68b3f4b09c1c0",
      "response": {
        "reservation_id": "res_1f0209dfc5064d90b9cc20b45b3147db",
        "reference": "D5294E64E9",
        "restaurant_id": "r",
        "table_ids": [
          "t"
        ],
        "party_size": 2,
        "starts_at_local": "2035-06-04T18:00",
        "starts_at": "2035-06-04T18:00:00+00:00",
        "ends_at": "2035-06-04T19:00:00+00:00",
        "accepted_terms": {
          "policy_version": 0,
          "slot_minutes": 30,
          "reservation_duration_minutes": 60,
          "cancellation_cutoff_minutes": 0,
          "opening_hours": [
            {
              "weekday": "mon",
              "opens": "00:00",
              "closes": "23:59"
            },
            {
              "weekday": "tue",
              "opens": "00:00",
              "closes": "23:59"
            },
            {
              "weekday": "wed",
              "opens": "00:00",
              "closes": "23:59"
            },
            {
              "weekday": "thu",
              "opens": "00:00",
              "closes": "23:59"
            },
            {
              "weekday": "fri",
              "opens": "00:00",
              "closes": "23:59"
            },
            {
              "weekday": "sat",
              "opens": "00:00",
              "closes": "23:59"
            },
            {
              "weekday": "sun",
              "opens": "00:00",
              "closes": "23:59"
            }
          ],
          "capacities": {
            "t": 4
          }
        },
        "table_id": "t",
        "status": "confirmed",
        "created_at": "2026-10-04T09:59:03.203425+00:00",
        "revision": 1
      },
      "response_bytes": 865,
      "response_sha256": "e77220b519f3bb8bb91ec6a1c5ab68e323c292d9a01dd2d271c98d597b011d47",
      "duration_seconds": 0.054835707999984606
    },
    {
      "method": "POST",
      "path": "/_test/import",
      "peer": "http://independent-verifier-s4-1004095136-peer:8080",
      "key": null,
      "status": 204,
      "request_bytes": 124000,
      "request_sha256": "6b2243d0cb3e3768eff7b248cdb768d4763abaf5f0afbce63293a90332a339aa",
      "response": null,
      "response_bytes": 0,
      "response_sha256": "e3b0c44298fc1c149afbf4c8996fb92427ae41e4649b934ca495991b7852b855",
      "duration_seconds": 0.04753916600003549
    },
    {
      "method": "POST",
      "path": "/reservations",
      "peer": "http://independent-verifier-s4-1004095136-peer:8080",
      "key": "one-key",
      "status": 200,
      "request_bytes": 120100,
      "request_sha256": "14b0ee1442d7360090e4155b22cbe13687f9795390acf529cc1cfe99166c2dbe",
      "response": {
        "reservation_id": "res_1f0209dfc5064d90b9cc20b45b3147db",
        "reference": "D5294E64E9",
        "restaurant_id": "r",
        "table_ids": [
          "t"
        ],
        "party_size": 2,
        "starts_at_local": "2035-06-04T18:00",
        "starts_at": "2035-06-04T18:00:00+00:00",
        "ends_at": "2035-06-04T19:00:00+00:00",
        "accepted_terms": {
          "policy_version": 0,
          "slot_minutes": 30,
          "reservation_duration_minutes": 60,
          "cancellation_cutoff_minutes": 0,
          "opening_hours": [
            {
              "weekday": "mon",
              "opens": "00:00",
              "closes": "23:59"
            },
            {
              "weekday": "tue",
              "opens": "00:00",
              "closes": "23:59"
            },
            {
              "weekday": "wed",
              "opens": "00:00",
              "closes": "23:59"
            },
            {
              "weekday": "thu",
              "opens": "00:00",
              "closes": "23:59"
            },
            {
              "weekday": "fri",
              "opens": "00:00",
              "closes": "23:59"
            },
            {
              "weekday": "sat",
              "opens": "00:00",
              "closes": "23:59"
            },
            {
              "weekday": "sun",
              "opens": "00:00",
              "closes": "23:59"
            }
          ],
          "capacities": {
            "t": 4
          }
        },
        "table_id": "t",
        "status": "confirmed",
        "created_at": "2026-10-04T09:59:03.203425+00:00",
        "revision": 1
      },
      "response_bytes": 865,
      "response_sha256": "e77220b519f3bb8bb91ec6a1c5ab68e323c292d9a01dd2d271c98d597b011d47",
      "duration_seconds": 0.05981941699997151
    },
    {
      "method": "GET",
      "path": "/reservations",
      "peer": "http://independent-verifier-s4-1004095136-peer:8080",
      "key": null,
      "status": 200,
      "request_bytes": 0,
      "request_sha256": "e3b0c44298fc1c149afbf4c8996fb92427ae41e4649b934ca495991b7852b855",
      "response": {
        "reservations": [
          {
            "reservation_id": "res_1f0209dfc5064d90b9cc20b45b3147db",
            "reference": "D5294E64E9",
            "restaurant_id": "r",
            "table_ids": [
              "t"
            ],
            "party_size": 2,
            "starts_at_local": "2035-06-04T18:00",
            "starts_at": "2035-06-04T18:00:00+00:00",
            "ends_at": "2035-06-04T19:00:00+00:00",
            "accepted_terms": {
              "policy_version": 0,
              "slot_minutes": 30,
              "reservation_duration_minutes": 60,
              "cancellation_cutoff_minutes": 0,
              "opening_hours": [
                {
                  "weekday": "mon",
                  "opens": "00:00",
                  "closes": "23:59"
                },
                {
                  "weekday": "tue",
                  "opens": "00:00",
                  "closes": "23:59"
                },
                {
                  "weekday": "wed",
                  "opens": "00:00",
                  "closes": "23:59"
                },
                {
                  "weekday": "thu",
                  "opens": "00:00",
                  "closes": "23:59"
                },
                {
                  "weekday": "fri",
                  "opens": "00:00",
                  "closes": "23:59"
                },
                {
                  "weekday": "sat",
                  "opens": "00:00",
                  "closes": "23:59"
                },
                {
                  "weekday": "sun",
                  "opens": "00:00",
                  "closes": "23:59"
                }
              ],
              "capacities": {
                "t": 4
              }
            },
            "table_id": "t",
            "status": "confirmed",
            "created_at": "2026-10-04T09:59:03.203425+00:00",
            "revision": 1
          }
        ]
      },
      "response_bytes": 884,
      "response_sha256": "c6ccba797d2e7dab2725dea2527d755c626180724bbc3be1f8fa16369176f4eb",
      "duration_seconds": 0.0006099580000409333
    },
    {
      "method": "POST",
      "path": "/reservations",
      "peer": "http://independent-verifier-s4-1004095136-peer:8080",
      "key": "one-key",
      "status": 409,
      "request_bytes": 120100,
      "request_sha256": "61af51a8f8876ac32f7741b85595b4810ba08c0ed4b3cece7a37995d0c8d4409",
      "response": {
        "error": {
          "code": "idempotency_key_reuse",
          "message": "idempotency key reuse"
        }
      },
      "response_bytes": 76,
      "response_sha256": "2b42a96c539152fcb2135ec70b68ac8da6df9264fe366266e11a895cda131456",
      "duration_seconds": 0.05952245899999298
    },
    {
      "method": "POST",
      "path": "/_test/reset",
      "peer": "http://independent-verifier-s4-1004095136-target:18309",
      "key": null,
      "status": 204,
      "request_bytes": 607,
      "request_sha256": "74cefc9206668bfa993957c2d83f374d558873eddd8d389940dfffafe6a6de56",
      "response": null,
      "response_bytes": 0,
      "response_sha256": "e3b0c44298fc1c149afbf4c8996fb92427ae41e4649b934ca495991b7852b855",
      "duration_seconds": 0.0012342910000029406
    },
    {
      "method": "POST",
      "path": "/auth/signup",
      "peer": "http://independent-verifier-s4-1004095136-target:18309",
      "key": null,
      "status": 201,
      "request_bytes": 87,
      "request_sha256": "d9a4d5e4deca95fe0ddb7cf20abb91ae68b60f1228547572593e5c04693dd3c0",
      "response": {
        "user_id": "u_da546a26466748d7a54e8d1f824ee35a",
        "display_name": "Race Diner"
      },
      "response_bytes": 130,
      "response_sha256": "ff58f49fd5b1f499edb5b827fe1764932022ccec6b8e2b0ca7ff2c142cc87e96",
      "duration_seconds": 0.022555334000003313
    },
    {
      "method": "POST",
      "path": "/reservations",
      "peer": "http://independent-verifier-s4-1004095136-target:18309",
      "key": "competing-45",
      "status": 201,
      "request_bytes": 120100,
      "request_sha256": "14b0ee1442d7360090e4155b22cbe13687f9795390acf529cc1cfe99166c2dbe",
      "response": {
        "reservation_id": "res_c8d8a0e14a0344f59ad0dba277e786b5",
        "reference": "7FAFC7BB72",
        "restaurant_id": "r",
        "table_ids": [
          "t"
        ],
        "party_size": 2,
        "starts_at_local": "2035-06-04T18:00",
        "starts_at": "2035-06-04T18:00:00+00:00",
        "ends_at": "2035-06-04T19:00:00+00:00",
        "accepted_terms": {
          "policy_version": 0,
          "slot_minutes": 30,
          "reservation_duration_minutes": 60,
          "cancellation_cutoff_minutes": 0,
          "opening_hours": [
            {
              "weekday": "mon",
              "opens": "00:00",
              "closes": "23:59"
            },
            {
              "weekday": "tue",
              "opens": "00:00",
              "closes": "23:59"
            },
            {
              "weekday": "wed",
              "opens": "00:00",
              "closes": "23:59"
            },
            {
              "weekday": "thu",
              "opens": "00:00",
              "closes": "23:59"
            },
            {
              "weekday": "fri",
              "opens": "00:00",
              "closes": "23:59"
            },
            {
              "weekday": "sat",
              "opens": "00:00",
              "closes": "23:59"
            },
            {
              "weekday": "sun",
              "opens": "00:00",
              "closes": "23:59"
            }
          ],
          "capacities": {
            "t": 4
          }
        },
        "table_id": "t",
        "status": "confirmed",
        "created_at": "2026-10-04T09:59:06.460720+00:00",
        "revision": 1
      },
      "response_bytes": 865,
      "response_sha256": "12d992f11cca3dbc2b7b331c0e1113538caa214f4f1c25132590c272e230f923",
      "duration_seconds": 0.12597779100002526
    },
    {
      "method": "POST",
      "path": "/reservations",
      "peer": "http://independent-verifier-s4-1004095136-target:18309",
      "key": "competing-20",
      "status": 409,
      "request_bytes": 120100,
      "request_sha256": "14b0ee1442d7360090e4155b22cbe13687f9795390acf529cc1cfe99166c2dbe",
      "response": {
        "error": {
          "code": "table_unavailable",
          "message": "table unavailable"
        }
      },
      "response_bytes": 68,
      "response_sha256": "3f6b0170b998d8130c47361f88a1f20e4b6b2b8023802a0802d3ba1366f4140e",
      "duration_seconds": 0.23388266599999952
    },
    {
      "method": "POST",
      "path": "/reservations",
      "peer": "http://independent-verifier-s4-1004095136-target:18309",
      "key": "competing-38",
      "status": 409,
      "request_bytes": 120100,
      "request_sha256": "14b0ee1442d7360090e4155b22cbe13687f9795390acf529cc1cfe99166c2dbe",
      "response": {
        "error": {
          "code": "table_unavailable",
          "message": "table unavailable"
        }
      },
      "response_bytes": 68,
      "response_sha256": "3f6b0170b998d8130c47361f88a1f20e4b6b2b8023802a0802d3ba1366f4140e",
      "duration_seconds": 0.3448444160000008
    },
    {
      "method": "POST",
      "path": "/reservations",
      "peer": "http://independent-verifier-s4-1004095136-target:18309",
      "key": "competing-24",
      "status": 409,
      "request_bytes": 120100,
      "request_sha256": "14b0ee1442d7360090e4155b22cbe13687f9795390acf529cc1cfe99166c2dbe",
      "response": {
        "error": {
          "code": "table_unavailable",
          "message": "table unavailable"
        }
      },
      "response_bytes": 68,
      "response_sha256": "3f6b0170b998d8130c47361f88a1f20e4b6b2b8023802a0802d3ba1366f4140e",
      "duration_seconds": 0.4442733749999661
    },
    {
      "method": "POST",
      "path": "/reservations",
      "peer": "http://independent-verifier-s4-1004095136-target:18309",
      "key": "competing-32",
      "status": 409,
      "request_bytes": 120100,
      "request_sha256": "14b0ee1442d7360090e4155b22cbe13687f9795390acf529cc1cfe99166c2dbe",
      "response": {
        "error": {
          "code": "table_unavailable",
          "message": "table unavailable"
        }
      },
      "response_bytes": 68,
      "response_sha256": "3f6b0170b998d8130c47361f88a1f20e4b6b2b8023802a0802d3ba1366f4140e",
      "duration_seconds": 0.540901458999997
    },
    {
      "method": "POST",
      "path": "/reservations",
      "peer": "http://independent-verifier-s4-1004095136-target:18309",
      "key": "competing-10",
      "status": 409,
      "request_bytes": 120100,
      "request_sha256": "14b0ee1442d7360090e4155b22cbe13687f9795390acf529cc1cfe99166c2dbe",
      "response": {
        "error": {
          "code": "table_unavailable",
          "message": "table unavailable"
        }
      },
      "response_bytes": 68,
      "response_sha256": "3f6b0170b998d8130c47361f88a1f20e4b6b2b8023802a0802d3ba1366f4140e",
      "duration_seconds": 0.5675480419999985
    },
    {
      "method": "POST",
      "path": "/reservations",
      "peer": "http://independent-verifier-s4-1004095136-target:18309",
      "key": "competing-8",
      "status": 409,
      "request_bytes": 120100,
      "request_sha256": "14b0ee1442d7360090e4155b22cbe13687f9795390acf529cc1cfe99166c2dbe",
      "response": {
        "error": {
          "code": "table_unavailable",
          "message": "table unavailable"
        }
      },
      "response_bytes": 68,
      "response_sha256": "3f6b0170b998d8130c47361f88a1f20e4b6b2b8023802a0802d3ba1366f4140e",
      "duration_seconds": 0.6687455840000212
    },
    {
      "method": "POST",
      "path": "/reservations",
      "peer": "http://independent-verifier-s4-1004095136-target:18309",
      "key": "competing-13",
      "status": 409,
      "request_bytes": 120100,
      "request_sha256": "14b0ee1442d7360090e4155b22cbe13687f9795390acf529cc1cfe99166c2dbe",
      "response": {
        "error": {
          "code": "table_unavailable",
          "message": "table unavailable"
        }
      },
      "response_bytes": 68,
      "response_sha256": "3f6b0170b998d8130c47361f88a1f20e4b6b2b8023802a0802d3ba1366f4140e",
      "duration_seconds": 0.7494090420000248
    },
    {
      "method": "POST",
      "path": "/reservations",
      "peer": "http://independent-verifier-s4-1004095136-target:18309",
      "key": "competing-29",
      "status": 409,
      "request_bytes": 120100,
      "request_sha256": "14b0ee1442d7360090e4155b22cbe13687f9795390acf529cc1cfe99166c2dbe",
      "response": {
        "error": {
          "code": "table_unavailable",
          "message": "table unavailable"
        }
      },
      "response_bytes": 68,
      "response_sha256": "3f6b0170b998d8130c47361f88a1f20e4b6b2b8023802a0802d3ba1366f4140e",
      "duration_seconds": 0.893479458999991
    },
    {
      "method": "POST",
      "path": "/reservations",
      "peer": "http://independent-verifier-s4-1004095136-target:18309",
      "key": "competing-34",
      "status": 409,
      "request_bytes": 120100,
      "request_sha256": "14b0ee1442d7360090e4155b22cbe13687f9795390acf529cc1cfe99166c2dbe",
      "response": {
        "error": {
          "code": "table_unavailable",
          "message": "table unavailable"
        }
      },
      "response_bytes": 68,
      "response_sha256": "3f6b0170b998d8130c47361f88a1f20e4b6b2b8023802a0802d3ba1366f4140e",
      "duration_seconds": 0.9207801250000216
    },
    {
      "method": "POST",
      "path": "/reservations",
      "peer": "http://independent-verifier-s4-1004095136-target:18309",
      "key": "competing-19",
      "status": 409,
      "request_bytes": 120100,
      "request_sha256": "14b0ee1442d7360090e4155b22cbe13687f9795390acf529cc1cfe99166c2dbe",
      "response": {
        "error": {
          "code": "table_unavailable",
          "message": "table unavailable"
        }
      },
      "response_bytes": 68,
      "response_sha256": "3f6b0170b998d8130c47361f88a1f20e4b6b2b8023802a0802d3ba1366f4140e",
      "duration_seconds": 0.9334341249999625
    },
    {
      "method": "POST",
      "path": "/reservations",
      "peer": "http://independent-verifier-s4-1004095136-target:18309",
      "key": "competing-3",
      "status": 409,
      "request_bytes": 120100,
      "request_sha256": "14b0ee1442d7360090e4155b22cbe13687f9795390acf529cc1cfe99166c2dbe",
      "response": {
        "error": {
          "code": "table_unavailable",
          "message": "table unavailable"
        }
      },
      "response_bytes": 68,
      "response_sha256": "3f6b0170b998d8130c47361f88a1f20e4b6b2b8023802a0802d3ba1366f4140e",
      "duration_seconds": 1.0219570840000074
    },
    {
      "method": "POST",
      "path": "/reservations",
      "peer": "http://independent-verifier-s4-1004095136-target:18309",
      "key": "competing-0",
      "status": 409,
      "request_bytes": 120100,
      "request_sha256": "14b0ee1442d7360090e4155b22cbe13687f9795390acf529cc1cfe99166c2dbe",
      "response": {
        "error": {
          "code": "table_unavailable",
          "message": "table unavailable"
        }
      },
      "response_bytes": 68,
      "response_sha256": "3f6b0170b998d8130c47361f88a1f20e4b6b2b8023802a0802d3ba1366f4140e",
      "duration_seconds": 1.1992293750000158
    },
    {
      "method": "POST",
      "path": "/reservations",
      "peer": "http://independent-verifier-s4-1004095136-target:18309",
      "key": "competing-49",
      "status": 409,
      "request_bytes": 120100,
      "request_sha256": "14b0ee1442d7360090e4155b22cbe13687f9795390acf529cc1cfe99166c2dbe",
      "response": {
        "error": {
          "code": "table_unavailable",
          "message": "table unavailable"
        }
      },
      "response_bytes": 68,
      "response_sha256": "3f6b0170b998d8130c47361f88a1f20e4b6b2b8023802a0802d3ba1366f4140e",
      "duration_seconds": 1.262975292999954
    },
    {
      "method": "POST",
      "path": "/reservations",
      "peer": "http://independent-verifier-s4-1004095136-target:18309",
      "key": "competing-6",
      "status": 409,
      "request_bytes": 120100,
      "request_sha256": "14b0ee1442d7360090e4155b22cbe13687f9795390acf529cc1cfe99166c2dbe",
      "response": {
        "error": {
          "code": "table_unavailable",
          "message": "table unavailable"
        }
      },
      "response_bytes": 68,
      "response_sha256": "3f6b0170b998d8130c47361f88a1f20e4b6b2b8023802a0802d3ba1366f4140e",
      "duration_seconds": 1.28943183399997
    },
    {
      "method": "POST",
      "path": "/reservations",
      "peer": "http://independent-verifier-s4-1004095136-target:18309",
      "key": "competing-7",
      "status": 409,
      "request_bytes": 120100,
      "request_sha256": "14b0ee1442d7360090e4155b22cbe13687f9795390acf529cc1cfe99166c2dbe",
      "response": {
        "error": {
          "code": "table_unavailable",
          "message": "table unavailable"
        }
      },
      "response_bytes": 68,
      "response_sha256": "3f6b0170b998d8130c47361f88a1f20e4b6b2b8023802a0802d3ba1366f4140e",
      "duration_seconds": 1.3794506670000146
    },
    {
      "method": "POST",
      "path": "/reservations",
      "peer": "http://independent-verifier-s4-1004095136-target:18309",
      "key": "competing-30",
      "status": 409,
      "request_bytes": 120100,
      "request_sha256": "14b0ee1442d7360090e4155b22cbe13687f9795390acf529cc1cfe99166c2dbe",
      "response": {
        "error": {
          "code": "table_unavailable",
          "message": "table unavailable"
        }
      },
      "response_bytes": 68,
      "response_sha256": "3f6b0170b998d8130c47361f88a1f20e4b6b2b8023802a0802d3ba1366f4140e",
      "duration_seconds": 1.422417251000013
    },
    {
      "method": "POST",
      "path": "/reservations",
      "peer": "http://independent-verifier-s4-1004095136-target:18309",
      "key": "competing-43",
      "status": 409,
      "request_bytes": 120100,
      "request_sha256": "14b0ee1442d7360090e4155b22cbe13687f9795390acf529cc1cfe99166c2dbe",
      "response": {
        "error": {
          "code": "table_unavailable",
          "message": "table unavailable"
        }
      },
      "response_bytes": 68,
      "response_sha256": "3f6b0170b998d8130c47361f88a1f20e4b6b2b8023802a0802d3ba1366f4140e",
      "duration_seconds": 1.488942292000047
    },
    {
      "method": "POST",
      "path": "/reservations",
      "peer": "http://independent-verifier-s4-1004095136-target:18309",
      "key": "competing-9",
      "status": 409,
      "request_bytes": 120100,
      "request_sha256": "14b0ee1442d7360090e4155b22cbe13687f9795390acf529cc1cfe99166c2dbe",
      "response": {
        "error": {
          "code": "table_unavailable",
          "message": "table unavailable"
        }
      },
      "response_bytes": 68,
      "response_sha256": "3f6b0170b998d8130c47361f88a1f20e4b6b2b8023802a0802d3ba1366f4140e",
      "duration_seconds": 1.533320834000051
    },
    {
      "method": "POST",
      "path": "/reservations",
      "peer": "http://independent-verifier-s4-1004095136-target:18309",
      "key": "competing-5",
      "status": 409,
      "request_bytes": 120100,
      "request_sha256": "14b0ee1442d7360090e4155b22cbe13687f9795390acf529cc1cfe99166c2dbe",
      "response": {
        "error": {
          "code": "table_unavailable",
          "message": "table unavailable"
        }
      },
      "response_bytes": 68,
      "response_sha256": "3f6b0170b998d8130c47361f88a1f20e4b6b2b8023802a0802d3ba1366f4140e",
      "duration_seconds": 1.6118963339999937
    },
    {
      "method": "POST",
      "path": "/reservations",
      "peer": "http://independent-verifier-s4-1004095136-target:18309",
      "key": "competing-22",
      "status": 409,
      "request_bytes": 120100,
      "request_sha256": "14b0ee1442d7360090e4155b22cbe13687f9795390acf529cc1cfe99166c2dbe",
      "response": {
        "error": {
          "code": "table_unavailable",
          "message": "table unavailable"
        }
      },
      "response_bytes": 68,
      "response_sha256": "3f6b0170b998d8130c47361f88a1f20e4b6b2b8023802a0802d3ba1366f4140e",
      "duration_seconds": 1.7277585420000037
    },
    {
      "method": "POST",
      "path": "/reservations",
      "peer": "http://independent-verifier-s4-1004095136-target:18309",
      "key": "competing-27",
      "status": 409,
      "request_bytes": 120100,
      "request_sha256": "14b0ee1442d7360090e4155b22cbe13687f9795390acf529cc1cfe99166c2dbe",
      "response": {
        "error": {
          "code": "table_unavailable",
          "message": "table unavailable"
        }
      },
      "response_bytes": 68,
      "response_sha256": "3f6b0170b998d8130c47361f88a1f20e4b6b2b8023802a0802d3ba1366f4140e",
      "duration_seconds": 1.7511367920000112
    },
    {
      "method": "POST",
      "path": "/reservations",
      "peer": "http://independent-verifier-s4-1004095136-target:18309",
      "key": "competing-21",
      "status": 409,
      "request_bytes": 120100,
      "request_sha256": "14b0ee1442d7360090e4155b22cbe13687f9795390acf529cc1cfe99166c2dbe",
      "response": {
        "error": {
          "code": "table_unavailable",
          "message": "table unavailable"
        }
      },
      "response_bytes": 68,
      "response_sha256": "3f6b0170b998d8130c47361f88a1f20e4b6b2b8023802a0802d3ba1366f4140e",
      "duration_seconds": 1.8388135420000253
    },
    {
      "method": "POST",
      "path": "/reservations",
      "peer": "http://independent-verifier-s4-1004095136-target:18309",
      "key": "competing-35",
      "status": 409,
      "request_bytes": 120100,
      "request_sha256": "14b0ee1442d7360090e4155b22cbe13687f9795390acf529cc1cfe99166c2dbe",
      "response": {
        "error": {
          "code": "table_unavailable",
          "message": "table unavailable"
        }
      },
      "response_bytes": 68,
      "response_sha256": "3f6b0170b998d8130c47361f88a1f20e4b6b2b8023802a0802d3ba1366f4140e",
      "duration_seconds": 1.864373458999978
    },
    {
      "method": "POST",
      "path": "/reservations",
      "peer": "http://independent-verifier-s4-1004095136-target:18309",
      "key": "competing-33",
      "status": 409,
      "request_bytes": 120100,
      "request_sha256": "14b0ee1442d7360090e4155b22cbe13687f9795390acf529cc1cfe99166c2dbe",
      "response": {
        "error": {
          "code": "table_unavailable",
          "message": "table unavailable"
        }
      },
      "response_bytes": 68,
      "response_sha256": "3f6b0170b998d8130c47361f88a1f20e4b6b2b8023802a0802d3ba1366f4140e",
      "duration_seconds": 1.8970011260000206
    },
    {
      "method": "POST",
      "path": "/reservations",
      "peer": "http://independent-verifier-s4-1004095136-target:18309",
      "key": "competing-39",
      "status": 409,
      "request_bytes": 120100,
      "request_sha256": "14b0ee1442d7360090e4155b22cbe13687f9795390acf529cc1cfe99166c2dbe",
      "response": {
        "error": {
          "code": "table_unavailable",
          "message": "table unavailable"
        }
      },
      "response_bytes": 68,
      "response_sha256": "3f6b0170b998d8130c47361f88a1f20e4b6b2b8023802a0802d3ba1366f4140e",
      "duration_seconds": 1.9746005430000082
    },
    {
      "method": "POST",
      "path": "/reservations",
      "peer": "http://independent-verifier-s4-1004095136-target:18309",
      "key": "competing-16",
      "status": 409,
      "request_bytes": 120100,
      "request_sha256": "14b0ee1442d7360090e4155b22cbe13687f9795390acf529cc1cfe99166c2dbe",
      "response": {
        "error": {
          "code": "table_unavailable",
          "message": "table unavailable"
        }
      },
      "response_bytes": 68,
      "response_sha256": "3f6b0170b998d8130c47361f88a1f20e4b6b2b8023802a0802d3ba1366f4140e",
      "duration_seconds": 1.9799199180000073
    },
    {
      "method": "POST",
      "path": "/reservations",
      "peer": "http://independent-verifier-s4-1004095136-target:18309",
      "key": "competing-2",
      "status": 409,
      "request_bytes": 120100,
      "request_sha256": "14b0ee1442d7360090e4155b22cbe13687f9795390acf529cc1cfe99166c2dbe",
      "response": {
        "error": {
          "code": "table_unavailable",
          "message": "table unavailable"
        }
      },
      "response_bytes": 68,
      "response_sha256": "3f6b0170b998d8130c47361f88a1f20e4b6b2b8023802a0802d3ba1366f4140e",
      "duration_seconds": 2.00762587600002
    },
    {
      "method": "POST",
      "path": "/reservations",
      "peer": "http://independent-verifier-s4-1004095136-target:18309",
      "key": "competing-1",
      "status": 409,
      "request_bytes": 120100,
      "request_sha256": "14b0ee1442d7360090e4155b22cbe13687f9795390acf529cc1cfe99166c2dbe",
      "response": {
        "error": {
          "code": "table_unavailable",
          "message": "table unavailable"
        }
      },
      "response_bytes": 68,
      "response_sha256": "3f6b0170b998d8130c47361f88a1f20e4b6b2b8023802a0802d3ba1366f4140e",
      "duration_seconds": 2.0783029169999736
    },
    {
      "method": "POST",
      "path": "/reservations",
      "peer": "http://independent-verifier-s4-1004095136-target:18309",
      "key": "competing-18",
      "status": 409,
      "request_bytes": 120100,
      "request_sha256": "14b0ee1442d7360090e4155b22cbe13687f9795390acf529cc1cfe99166c2dbe",
      "response": {
        "error": {
          "code": "table_unavailable",
          "message": "table unavailable"
        }
      },
      "response_bytes": 68,
      "response_sha256": "3f6b0170b998d8130c47361f88a1f20e4b6b2b8023802a0802d3ba1366f4140e",
      "duration_seconds": 2.107817001000001
    },
    {
      "method": "POST",
      "path": "/reservations",
      "peer": "http://independent-verifier-s4-1004095136-target:18309",
      "key": "competing-44",
      "status": 409,
      "request_bytes": 120100,
      "request_sha256": "14b0ee1442d7360090e4155b22cbe13687f9795390acf529cc1cfe99166c2dbe",
      "response": {
        "error": {
          "code": "table_unavailable",
          "message": "table unavailable"
        }
      },
      "response_bytes": 68,
      "response_sha256": "3f6b0170b998d8130c47361f88a1f20e4b6b2b8023802a0802d3ba1366f4140e",
      "duration_seconds": 2.1667777509999837
    },
    {
      "method": "POST",
      "path": "/reservations",
      "peer": "http://independent-verifier-s4-1004095136-target:18309",
      "key": "competing-31",
      "status": 409,
      "request_bytes": 120100,
      "request_sha256": "14b0ee1442d7360090e4155b22cbe13687f9795390acf529cc1cfe99166c2dbe",
      "response": {
        "error": {
          "code": "table_unavailable",
          "message": "table unavailable"
        }
      },
      "response_bytes": 68,
      "response_sha256": "3f6b0170b998d8130c47361f88a1f20e4b6b2b8023802a0802d3ba1366f4140e",
      "duration_seconds": 2.203716335000024
    },
    {
      "method": "POST",
      "path": "/reservations",
      "peer": "http://independent-verifier-s4-1004095136-target:18309",
      "key": "competing-28",
      "status": 409,
      "request_bytes": 120100,
      "request_sha256": "14b0ee1442d7360090e4155b22cbe13687f9795390acf529cc1cfe99166c2dbe",
      "response": {
        "error": {
          "code": "table_unavailable",
          "message": "table unavailable"
        }
      },
      "response_bytes": 68,
      "response_sha256": "3f6b0170b998d8130c47361f88a1f20e4b6b2b8023802a0802d3ba1366f4140e",
      "duration_seconds": 2.2593580010000096
    },
    {
      "method": "POST",
      "path": "/reservations",
      "peer": "http://independent-verifier-s4-1004095136-target:18309",
      "key": "competing-41",
      "status": 409,
      "request_bytes": 120100,
      "request_sha256": "14b0ee1442d7360090e4155b22cbe13687f9795390acf529cc1cfe99166c2dbe",
      "response": {
        "error": {
          "code": "table_unavailable",
          "message": "table unavailable"
        }
      },
      "response_bytes": 68,
      "response_sha256": "3f6b0170b998d8130c47361f88a1f20e4b6b2b8023802a0802d3ba1366f4140e",
      "duration_seconds": 2.2677422510000156
    },
    {
      "method": "POST",
      "path": "/reservations",
      "peer": "http://independent-verifier-s4-1004095136-target:18309",
      "key": "competing-4",
      "status": 409,
      "request_bytes": 120100,
      "request_sha256": "14b0ee1442d7360090e4155b22cbe13687f9795390acf529cc1cfe99166c2dbe",
      "response": {
        "error": {
          "code": "table_unavailable",
          "message": "table unavailable"
        }
      },
      "response_bytes": 68,
      "response_sha256": "3f6b0170b998d8130c47361f88a1f20e4b6b2b8023802a0802d3ba1366f4140e",
      "duration_seconds": 2.2980903760000047
    },
    {
      "method": "POST",
      "path": "/reservations",
      "peer": "http://independent-verifier-s4-1004095136-target:18309",
      "key": "competing-36",
      "status": 409,
      "request_bytes": 120100,
      "request_sha256": "14b0ee1442d7360090e4155b22cbe13687f9795390acf529cc1cfe99166c2dbe",
      "response": {
        "error": {
          "code": "table_unavailable",
          "message": "table unavailable"
        }
      },
      "response_bytes": 68,
      "response_sha256": "3f6b0170b998d8130c47361f88a1f20e4b6b2b8023802a0802d3ba1366f4140e",
      "duration_seconds": 2.3503980009999736
    },
    {
      "method": "POST",
      "path": "/reservations",
      "peer": "http://independent-verifier-s4-1004095136-target:18309",
      "key": "competing-37",
      "status": 409,
      "request_bytes": 120100,
      "request_sha256": "14b0ee1442d7360090e4155b22cbe13687f9795390acf529cc1cfe99166c2dbe",
      "response": {
        "error": {
          "code": "table_unavailable",
          "message": "table unavailable"
        }
      },
      "response_bytes": 68,
      "response_sha256": "3f6b0170b998d8130c47361f88a1f20e4b6b2b8023802a0802d3ba1366f4140e",
      "duration_seconds": 2.3766974600000026
    },
    {
      "method": "POST",
      "path": "/reservations",
      "peer": "http://independent-verifier-s4-1004095136-target:18309",
      "key": "competing-15",
      "status": 409,
      "request_bytes": 120100,
      "request_sha256": "14b0ee1442d7360090e4155b22cbe13687f9795390acf529cc1cfe99166c2dbe",
      "response": {
        "error": {
          "code": "table_unavailable",
          "message": "table unavailable"
        }
      },
      "response_bytes": 68,
      "response_sha256": "3f6b0170b998d8130c47361f88a1f20e4b6b2b8023802a0802d3ba1366f4140e",
      "duration_seconds": 2.4177125010000395
    },
    {
      "method": "POST",
      "path": "/reservations",
      "peer": "http://independent-verifier-s4-1004095136-target:18309",
      "key": "competing-17",
      "status": 409,
      "request_bytes": 120100,
      "request_sha256": "14b0ee1442d7360090e4155b22cbe13687f9795390acf529cc1cfe99166c2dbe",
      "response": {
        "error": {
          "code": "table_unavailable",
          "message": "table unavailable"
        }
      },
      "response_bytes": 68,
      "response_sha256": "3f6b0170b998d8130c47361f88a1f20e4b6b2b8023802a0802d3ba1366f4140e",
      "duration_seconds": 2.457328208999968
    },
    {
      "method": "POST",
      "path": "/reservations",
      "peer": "http://independent-verifier-s4-1004095136-target:18309",
      "key": "competing-26",
      "status": 409,
      "request_bytes": 120100,
      "request_sha256": "14b0ee1442d7360090e4155b22cbe13687f9795390acf529cc1cfe99166c2dbe",
      "response": {
        "error": {
          "code": "table_unavailable",
          "message": "table unavailable"
        }
      },
      "response_bytes": 68,
      "response_sha256": "3f6b0170b998d8130c47361f88a1f20e4b6b2b8023802a0802d3ba1366f4140e",
      "duration_seconds": 2.49378983400004
    },
    {
      "method": "POST",
      "path": "/reservations",
      "peer": "http://independent-verifier-s4-1004095136-target:18309",
      "key": "competing-25",
      "status": 409,
      "request_bytes": 120100,
      "request_sha256": "14b0ee1442d7360090e4155b22cbe13687f9795390acf529cc1cfe99166c2dbe",
      "response": {
        "error": {
          "code": "table_unavailable",
          "message": "table unavailable"
        }
      },
      "response_bytes": 68,
      "response_sha256": "3f6b0170b998d8130c47361f88a1f20e4b6b2b8023802a0802d3ba1366f4140e",
      "duration_seconds": 2.53893366799997
    },
    {
      "method": "POST",
      "path": "/reservations",
      "peer": "http://independent-verifier-s4-1004095136-target:18309",
      "key": "competing-47",
      "status": 409,
      "request_bytes": 120100,
      "request_sha256": "14b0ee1442d7360090e4155b22cbe13687f9795390acf529cc1cfe99166c2dbe",
      "response": {
        "error": {
          "code": "table_unavailable",
          "message": "table unavailable"
        }
      },
      "response_bytes": 68,
      "response_sha256": "3f6b0170b998d8130c47361f88a1f20e4b6b2b8023802a0802d3ba1366f4140e",
      "duration_seconds": 2.5651005010000176
    },
    {
      "method": "POST",
      "path": "/reservations",
      "peer": "http://independent-verifier-s4-1004095136-target:18309",
      "key": "competing-48",
      "status": 409,
      "request_bytes": 120100,
      "request_sha256": "14b0ee1442d7360090e4155b22cbe13687f9795390acf529cc1cfe99166c2dbe",
      "response": {
        "error": {
          "code": "table_unavailable",
          "message": "table unavailable"
        }
      },
      "response_bytes": 68,
      "response_sha256": "3f6b0170b998d8130c47361f88a1f20e4b6b2b8023802a0802d3ba1366f4140e",
      "duration_seconds": 2.6134532089999993
    },
    {
      "method": "POST",
      "path": "/reservations",
      "peer": "http://independent-verifier-s4-1004095136-target:18309",
      "key": "competing-42",
      "status": 409,
      "request_bytes": 120100,
      "request_sha256": "14b0ee1442d7360090e4155b22cbe13687f9795390acf529cc1cfe99166c2dbe",
      "response": {
        "error": {
          "code": "table_unavailable",
          "message": "table unavailable"
        }
      },
      "response_bytes": 68,
      "response_sha256": "3f6b0170b998d8130c47361f88a1f20e4b6b2b8023802a0802d3ba1366f4140e",
      "duration_seconds": 2.625495500999989
    },
    {
      "method": "POST",
      "path": "/reservations",
      "peer": "http://independent-verifier-s4-1004095136-target:18309",
      "key": "competing-40",
      "status": 409,
      "request_bytes": 120100,
      "request_sha256": "14b0ee1442d7360090e4155b22cbe13687f9795390acf529cc1cfe99166c2dbe",
      "response": {
        "error": {
          "code": "table_unavailable",
          "message": "table unavailable"
        }
      },
      "response_bytes": 68,
      "response_sha256": "3f6b0170b998d8130c47361f88a1f20e4b6b2b8023802a0802d3ba1366f4140e",
      "duration_seconds": 2.6632822089999877
    },
    {
      "method": "POST",
      "path": "/reservations",
      "peer": "http://independent-verifier-s4-1004095136-target:18309",
      "key": "competing-11",
      "status": 409,
      "request_bytes": 120100,
      "request_sha256": "14b0ee1442d7360090e4155b22cbe13687f9795390acf529cc1cfe99166c2dbe",
      "response": {
        "error": {
          "code": "table_unavailable",
          "message": "table unavailable"
        }
      },
      "response_bytes": 68,
      "response_sha256": "3f6b0170b998d8130c47361f88a1f20e4b6b2b8023802a0802d3ba1366f4140e",
      "duration_seconds": 2.683579917999964
    },
    {
      "method": "POST",
      "path": "/reservations",
      "peer": "http://independent-verifier-s4-1004095136-target:18309",
      "key": "competing-23",
      "status": 409,
      "request_bytes": 120100,
      "request_sha256": "14b0ee1442d7360090e4155b22cbe13687f9795390acf529cc1cfe99166c2dbe",
      "response": {
        "error": {
          "code": "table_unavailable",
          "message": "table unavailable"
        }
      },
      "response_bytes": 68,
      "response_sha256": "3f6b0170b998d8130c47361f88a1f20e4b6b2b8023802a0802d3ba1366f4140e",
      "duration_seconds": 2.722299668000005
    },
    {
      "method": "POST",
      "path": "/reservations",
      "peer": "http://independent-verifier-s4-1004095136-target:18309",
      "key": "competing-46",
      "status": 409,
      "request_bytes": 120100,
      "request_sha256": "14b0ee1442d7360090e4155b22cbe13687f9795390acf529cc1cfe99166c2dbe",
      "response": {
        "error": {
          "code": "table_unavailable",
          "message": "table unavailable"
        }
      },
      "response_bytes": 68,
      "response_sha256": "3f6b0170b998d8130c47361f88a1f20e4b6b2b8023802a0802d3ba1366f4140e",
      "duration_seconds": 2.7471350010000037
    },
    {
      "method": "POST",
      "path": "/reservations",
      "peer": "http://independent-verifier-s4-1004095136-target:18309",
      "key": "competing-14",
      "status": 409,
      "request_bytes": 120100,
      "request_sha256": "14b0ee1442d7360090e4155b22cbe13687f9795390acf529cc1cfe99166c2dbe",
      "response": {
        "error": {
          "code": "table_unavailable",
          "message": "table unavailable"
        }
      },
      "response_bytes": 68,
      "response_sha256": "3f6b0170b998d8130c47361f88a1f20e4b6b2b8023802a0802d3ba1366f4140e",
      "duration_seconds": 2.7741721259999963
    },
    {
      "method": "POST",
      "path": "/reservations",
      "peer": "http://independent-verifier-s4-1004095136-target:18309",
      "key": "competing-12",
      "status": 409,
      "request_bytes": 120100,
      "request_sha256": "14b0ee1442d7360090e4155b22cbe13687f9795390acf529cc1cfe99166c2dbe",
      "response": {
        "error": {
          "code": "table_unavailable",
          "message": "table unavailable"
        }
      },
      "response_bytes": 68,
      "response_sha256": "3f6b0170b998d8130c47361f88a1f20e4b6b2b8023802a0802d3ba1366f4140e",
      "duration_seconds": 2.7982253349999837
    },
    {
      "method": "GET",
      "path": "/reservations",
      "peer": "http://independent-verifier-s4-1004095136-target:18309",
      "key": null,
      "status": 200,
      "request_bytes": 0,
      "request_sha256": "e3b0c44298fc1c149afbf4c8996fb92427ae41e4649b934ca495991b7852b855",
      "response": {
        "reservations": [
          {
            "reservation_id": "res_c8d8a0e14a0344f59ad0dba277e786b5",
            "reference": "7FAFC7BB72",
            "restaurant_id": "r",
            "table_ids": [
              "t"
            ],
            "party_size": 2,
            "starts_at_local": "2035-06-04T18:00",
            "starts_at": "2035-06-04T18:00:00+00:00",
            "ends_at": "2035-06-04T19:00:00+00:00",
            "accepted_terms": {
              "policy_version": 0,
              "slot_minutes": 30,
              "reservation_duration_minutes": 60,
              "cancellation_cutoff_minutes": 0,
              "opening_hours": [
                {
                  "weekday": "mon",
                  "opens": "00:00",
                  "closes": "23:59"
                },
                {
                  "weekday": "tue",
                  "opens": "00:00",
                  "closes": "23:59"
                },
                {
                  "weekday": "wed",
                  "opens": "00:00",
                  "closes": "23:59"
                },
                {
                  "weekday": "thu",
                  "opens": "00:00",
                  "closes": "23:59"
                },
                {
                  "weekday": "fri",
                  "opens": "00:00",
                  "closes": "23:59"
                },
                {
                  "weekday": "sat",
                  "opens": "00:00",
                  "closes": "23:59"
                },
                {
                  "weekday": "sun",
                  "opens": "00:00",
                  "closes": "23:59"
                }
              ],
              "capacities": {
                "t": 4
              }
            },
            "table_id": "t",
            "status": "confirmed",
            "created_at": "2026-10-04T09:59:06.460720+00:00",
            "revision": 1
          }
        ]
      },
      "response_bytes": 884,
      "response_sha256": "d47c94d3614c1ee0ba1db861c7e1c3d5a7a0e78678b43a03d4db004267a46bdd",
      "duration_seconds": 0.0005204170000183694
    },
    {
      "method": "GET",
      "path": "/_test/export",
      "peer": "http://independent-verifier-s4-1004095136-target:18309",
      "key": null,
      "status": 200,
      "request_bytes": 0,
      "request_sha256": "e3b0c44298fc1c149afbf4c8996fb92427ae41e4649b934ca495991b7852b855",
      "response": {
        "private_snapshot_sha256": "d4e65cf4166ba86e254fbc9434997f84ad549f9b159dcaf27505fd5277883530"
      },
      "response_bytes": 124005,
      "response_sha256": "d4e65cf4166ba86e254fbc9434997f84ad549f9b159dcaf27505fd5277883530",
      "duration_seconds": 0.02752195800002255
    },
    {
      "method": "POST",
      "path": "/reservations/7FAFC7BB72/cancel",
      "peer": "http://independent-verifier-s4-1004095136-target:18309",
      "key": null,
      "status": 200,
      "request_bytes": 2,
      "request_sha256": "44136fa355b3678a1146ad16f7e8649e94fb4fc21fe77e8310c060f61caaff8a",
      "response": {
        "reservation_id": "res_c8d8a0e14a0344f59ad0dba277e786b5",
        "reference": "7FAFC7BB72",
        "restaurant_id": "r",
        "table_ids": [
          "t"
        ],
        "party_size": 2,
        "starts_at_local": "2035-06-04T18:00",
        "starts_at": "2035-06-04T18:00:00+00:00",
        "ends_at": "2035-06-04T19:00:00+00:00",
        "accepted_terms": {
          "policy_version": 0,
          "slot_minutes": 30,
          "reservation_duration_minutes": 60,
          "cancellation_cutoff_minutes": 0,
          "opening_hours": [
            {
              "weekday": "mon",
              "opens": "00:00",
              "closes": "23:59"
            },
            {
              "weekday": "tue",
              "opens": "00:00",
              "closes": "23:59"
            },
            {
              "weekday": "wed",
              "opens": "00:00",
              "closes": "23:59"
            },
            {
              "weekday": "thu",
              "opens": "00:00",
              "closes": "23:59"
            },
            {
              "weekday": "fri",
              "opens": "00:00",
              "closes": "23:59"
            },
            {
              "weekday": "sat",
              "opens": "00:00",
              "closes": "23:59"
            },
            {
              "weekday": "sun",
              "opens": "00:00",
              "closes": "23:59"
            }
          ],
          "capacities": {
            "t": 4
          }
        },
        "table_id": "t",
        "status": "cancelled",
        "created_at": "2026-10-04T09:59:06.460720+00:00",
        "revision": 2
      },
      "response_bytes": 865,
      "response_sha256": "b7eda68288078296f851bf84ac08ff6661ede1cef12d44d14df4ce0fc0f35e93",
      "duration_seconds": 0.0006356669999831865
    },
    {
      "method": "POST",
      "path": "/reservations",
      "peer": "http://independent-verifier-s4-1004095136-target:18309",
      "key": "competing-45",
      "status": 200,
      "request_bytes": 120102,
      "request_sha256": "d51df0705d06fd8f14e33b53807c5014e80985c8d779f69214c68b3f4b09c1c0",
      "response": {
        "reservation_id": "res_c8d8a0e14a0344f59ad0dba277e786b5",
        "reference": "7FAFC7BB72",
        "restaurant_id": "r",
        "table_ids": [
          "t"
        ],
        "party_size": 2,
        "starts_at_local": "2035-06-04T18:00",
        "starts_at": "2035-06-04T18:00:00+00:00",
        "ends_at": "2035-06-04T19:00:00+00:00",
        "accepted_terms": {
          "policy_version": 0,
          "slot_minutes": 30,
          "reservation_duration_minutes": 60,
          "cancellation_cutoff_minutes": 0,
          "opening_hours": [
            {
              "weekday": "mon",
              "opens": "00:00",
              "closes": "23:59"
            },
            {
              "weekday": "tue",
              "opens": "00:00",
              "closes": "23:59"
            },
            {
              "weekday": "wed",
              "opens": "00:00",
              "closes": "23:59"
            },
            {
              "weekday": "thu",
              "opens": "00:00",
              "closes": "23:59"
            },
            {
              "weekday": "fri",
              "opens": "00:00",
              "closes": "23:59"
            },
            {
              "weekday": "sat",
              "opens": "00:00",
              "closes": "23:59"
            },
            {
              "weekday": "sun",
              "opens": "00:00",
              "closes": "23:59"
            }
          ],
          "capacities": {
            "t": 4
          }
        },
        "table_id": "t",
        "status": "confirmed",
        "created_at": "2026-10-04T09:59:06.460720+00:00",
        "revision": 1
      },
      "response_bytes": 865,
      "response_sha256": "12d992f11cca3dbc2b7b331c0e1113538caa214f4f1c25132590c272e230f923",
      "duration_seconds": 0.049228042000038386
    },
    {
      "method": "POST",
      "path": "/_test/import",
      "peer": "http://independent-verifier-s4-1004095136-peer:8080",
      "key": null,
      "status": 204,
      "request_bytes": 124005,
      "request_sha256": "d4e65cf4166ba86e254fbc9434997f84ad549f9b159dcaf27505fd5277883530",
      "response": null,
      "response_bytes": 0,
      "response_sha256": "e3b0c44298fc1c149afbf4c8996fb92427ae41e4649b934ca495991b7852b855",
      "duration_seconds": 0.04597479200003818
    },
    {
      "method": "POST",
      "path": "/reservations",
      "peer": "http://independent-verifier-s4-1004095136-peer:8080",
      "key": "competing-45",
      "status": 200,
      "request_bytes": 120100,
      "request_sha256": "14b0ee1442d7360090e4155b22cbe13687f9795390acf529cc1cfe99166c2dbe",
      "response": {
        "reservation_id": "res_c8d8a0e14a0344f59ad0dba277e786b5",
        "reference": "7FAFC7BB72",
        "restaurant_id": "r",
        "table_ids": [
          "t"
        ],
        "party_size": 2,
        "starts_at_local": "2035-06-04T18:00",
        "starts_at": "2035-06-04T18:00:00+00:00",
        "ends_at": "2035-06-04T19:00:00+00:00",
        "accepted_terms": {
          "policy_version": 0,
          "slot_minutes": 30,
          "reservation_duration_minutes": 60,
          "cancellation_cutoff_minutes": 0,
          "opening_hours": [
            {
              "weekday": "mon",
              "opens": "00:00",
              "closes": "23:59"
            },
            {
              "weekday": "tue",
              "opens": "00:00",
              "closes": "23:59"
            },
            {
              "weekday": "wed",
              "opens": "00:00",
              "closes": "23:59"
            },
            {
              "weekday": "thu",
              "opens": "00:00",
              "closes": "23:59"
            },
            {
              "weekday": "fri",
              "opens": "00:00",
              "closes": "23:59"
            },
            {
              "weekday": "sat",
              "opens": "00:00",
              "closes": "23:59"
            },
            {
              "weekday": "sun",
              "opens": "00:00",
              "closes": "23:59"
            }
          ],
          "capacities": {
            "t": 4
          }
        },
        "table_id": "t",
        "status": "confirmed",
        "created_at": "2026-10-04T09:59:06.460720+00:00",
        "revision": 1
      },
      "response_bytes": 865,
      "response_sha256": "12d992f11cca3dbc2b7b331c0e1113538caa214f4f1c25132590c272e230f923",
      "duration_seconds": 0.05934516600001416
    },
    {
      "method": "GET",
      "path": "/reservations",
      "peer": "http://independent-verifier-s4-1004095136-peer:8080",
      "key": null,
      "status": 200,
      "request_bytes": 0,
      "request_sha256": "e3b0c44298fc1c149afbf4c8996fb92427ae41e4649b934ca495991b7852b855",
      "response": {
        "reservations": [
          {
            "reservation_id": "res_c8d8a0e14a0344f59ad0dba277e786b5",
            "reference": "7FAFC7BB72",
            "restaurant_id": "r",
            "table_ids": [
              "t"
            ],
            "party_size": 2,
            "starts_at_local": "2035-06-04T18:00",
            "starts_at": "2035-06-04T18:00:00+00:00",
            "ends_at": "2035-06-04T19:00:00+00:00",
            "accepted_terms": {
              "policy_version": 0,
              "slot_minutes": 30,
              "reservation_duration_minutes": 60,
              "cancellation_cutoff_minutes": 0,
              "opening_hours": [
                {
                  "weekday": "mon",
                  "opens": "00:00",
                  "closes": "23:59"
                },
                {
                  "weekday": "tue",
                  "opens": "00:00",
                  "closes": "23:59"
                },
                {
                  "weekday": "wed",
                  "opens": "00:00",
                  "closes": "23:59"
                },
                {
                  "weekday": "thu",
                  "opens": "00:00",
                  "closes": "23:59"
                },
                {
                  "weekday": "fri",
                  "opens": "00:00",
                  "closes": "23:59"
                },
                {
                  "weekday": "sat",
                  "opens": "00:00",
                  "closes": "23:59"
                },
                {
                  "weekday": "sun",
                  "opens": "00:00",
                  "closes": "23:59"
                }
              ],
              "capacities": {
                "t": 4
              }
            },
            "table_id": "t",
            "status": "confirmed",
            "created_at": "2026-10-04T09:59:06.460720+00:00",
            "revision": 1
          }
        ]
      },
      "response_bytes": 884,
      "response_sha256": "d47c94d3614c1ee0ba1db861c7e1c3d5a7a0e78678b43a03d4db004267a46bdd",
      "duration_seconds": 0.0006238330000201131
    },
    {
      "method": "POST",
      "path": "/reservations",
      "peer": "http://independent-verifier-s4-1004095136-peer:8080",
      "key": "competing-45",
      "status": 409,
      "request_bytes": 120100,
      "request_sha256": "61af51a8f8876ac32f7741b85595b4810ba08c0ed4b3cece7a37995d0c8d4409",
      "response": {
        "error": {
          "code": "idempotency_key_reuse",
          "message": "idempotency key reuse"
        }
      },
      "response_bytes": 76,
      "response_sha256": "2b42a96c539152fcb2135ec70b68ac8da6df9264fe366266e11a895cda131456",
      "duration_seconds": 0.057812417000036476
    },
    {
      "method": "POST",
      "path": "/reservations",
      "peer": "http://independent-verifier-s4-1004095136-peer:8080",
      "key": "competing-0",
      "status": 201,
      "request_bytes": 120100,
      "request_sha256": "05492574927fa44d60a30efaae24d1beece43a951c37a485fe87f95a44d64913",
      "response": {
        "reservation_id": "res_c186235dd53546b5b50fa3abfd887be3",
        "reference": "8D002BD680",
        "restaurant_id": "r",
        "table_ids": [
          "t"
        ],
        "party_size": 2,
        "starts_at_local": "2035-06-04T19:30",
        "starts_at": "2035-06-04T19:30:00+00:00",
        "ends_at": "2035-06-04T20:30:00+00:00",
        "accepted_terms": {
          "policy_version": 0,
          "slot_minutes": 30,
          "reservation_duration_minutes": 60,
          "cancellation_cutoff_minutes": 0,
          "opening_hours": [
            {
              "weekday": "mon",
              "opens": "00:00",
              "closes": "23:59"
            },
            {
              "weekday": "tue",
              "opens": "00:00",
              "closes": "23:59"
            },
            {
              "weekday": "wed",
              "opens": "00:00",
              "closes": "23:59"
            },
            {
              "weekday": "thu",
              "opens": "00:00",
              "closes": "23:59"
            },
            {
              "weekday": "fri",
              "opens": "00:00",
              "closes": "23:59"
            },
            {
              "weekday": "sat",
              "opens": "00:00",
              "closes": "23:59"
            },
            {
              "weekday": "sun",
              "opens": "00:00",
              "closes": "23:59"
            }
          ],
          "capacities": {
            "t": 4
          }
        },
        "table_id": "t",
        "status": "confirmed",
        "created_at": "2026-10-04T09:59:09.440676+00:00",
        "revision": 1
      },
      "response_bytes": 865,
      "response_sha256": "d6c3c66c77e2c4b546f4b1653b8f6fb80731c59e0c251d62eb8877d194b94e41",
      "duration_seconds": 0.0467884160000267
    }
  ],
  "runner_errors": [],
  "duration_seconds": 11.554340464000006,
  "max_request_seconds": 3.2686127929999884,
  "max_request_bytes": 124005
}
