requirement_id,source_section,source_line,introduced_stage,applicable_stages,owner,implementation_owner,verification_owner,interpretation_note,requirement_text,candidate_full_revision,verification_method,case,executable_command_or_interaction,evidence_path,verdict
TK1-overlap,1. Scope,10,1,"1,2,3,4",systems-engineer,systems-engineer,independent-verifier,,Confirmed reservations never overlap on the same table.,f5e0a532dcf6c2f0c44eb32d5213a9bf7812c250,black-box HTTP,invariants,python3 /verifier/probe.py --base http://independent-verifier-s1-f5e0a532dcf6-20261004t024727-source:18309 --peer http://independent-verifier-s1-f5e0a532dcf6-20261004t024727-peer:8080 --candidate f5e0a532dcf6c2f0c44eb32d5213a9bf7812c250 --out /evidence/probes --case all,/evidence/probes/assertions.json#TK1-overlap,verified
TK1-half-open,1. Scope,10,1,"1,2,3,4",systems-engineer,systems-engineer,independent-verifier,,A reservation beginning exactly at another's end does not overlap.,f5e0a532dcf6c2f0c44eb32d5213a9bf7812c250,black-box HTTP,invariants,python3 /verifier/probe.py --base http://independent-verifier-s1-f5e0a532dcf6-20261004t024727-source:18309 --peer http://independent-verifier-s1-f5e0a532dcf6-20261004t024727-peer:8080 --candidate f5e0a532dcf6c2f0c44eb32d5213a9bf7812c250 --out /evidence/probes --case all,/evidence/probes/assertions.json#TK1-half-open,verified
TK1-reject-no-partial,1. Scope,10,1,"1,2,3,4",systems-engineer,systems-engineer,independent-verifier,,Rejected writes leave records and occupancy unchanged.,f5e0a532dcf6c2f0c44eb32d5213a9bf7812c250,black-box HTTP,invariants,python3 /verifier/probe.py --base http://independent-verifier-s1-f5e0a532dcf6-20261004t024727-source:18309 --peer http://independent-verifier-s1-f5e0a532dcf6-20261004t024727-peer:8080 --candidate f5e0a532dcf6c2f0c44eb32d5213a9bf7812c250 --out /evidence/probes --case all,/evidence/probes/assertions.json#TK1-reject-no-partial,verified
TK1-retry-no-duplicate,1. Scope,10,1,"1,2,3,4",systems-engineer,systems-engineer,independent-verifier,,Retries do not create duplicate reservations.,f5e0a532dcf6c2f0c44eb32d5213a9bf7812c250,black-box HTTP,invariants,python3 /verifier/probe.py --base http://independent-verifier-s1-f5e0a532dcf6-20261004t024727-source:18309 --peer http://independent-verifier-s1-f5e0a532dcf6-20261004t024727-peer:8080 --candidate f5e0a532dcf6c2f0c44eb32d5213a9bf7812c250 --out /evidence/probes --case all,/evidence/probes/assertions.json#TK1-retry-no-duplicate,verified
TK1-restaurant-independent,1. Scope,10,1,"1,2,3,4",systems-engineer,systems-engineer,independent-verifier,,"Each restaurant uses its own capacities, hours and cutoff.",f5e0a532dcf6c2f0c44eb32d5213a9bf7812c250,black-box HTTP,invariants,python3 /verifier/probe.py --base http://independent-verifier-s1-f5e0a532dcf6-20261004t024727-source:18309 --peer http://independent-verifier-s1-f5e0a532dcf6-20261004t024727-peer:8080 --candidate f5e0a532dcf6c2f0c44eb32d5213a9bf7812c250 --out /evidence/probes --case all,/evidence/probes/assertions.json#TK1-restaurant-independent,verified
TK1-dockerfile,2. Delivery and deployment / Resource limits,23,1,"1,2,3,4",interface-engineer,interface-engineer,independent-verifier,,Stage 1 includes a Dockerfile that builds a complete service.,f5e0a532dcf6c2f0c44eb32d5213a9bf7812c250,"clean clone, build and constrained offline execution",runtime,python3 evidence/independent-verifier/stage-1/runtime.py --repo RESULT_REPOSITORY --workspace WORKSPACE_ROOT --candidate FULL_REVISION --out NEW_DIRECTORY,UNVERIFIED,unverified
TK1-run-document,2. Delivery and deployment / Resource limits,23,1,"1,2,3,4",interface-engineer,interface-engineer,independent-verifier,,RUN.md provides a build/start command without manual setup.,f5e0a532dcf6c2f0c44eb32d5213a9bf7812c250,"clean clone, build and constrained offline execution",runtime,python3 evidence/independent-verifier/stage-1/runtime.py --repo RESULT_REPOSITORY --workspace WORKSPACE_ROOT --candidate FULL_REVISION --out NEW_DIRECTORY,UNVERIFIED,unverified
TK1-single-image,2. Delivery and deployment / Resource limits,23,1,"1,2,3,4",interface-engineer,interface-engineer,independent-verifier,,"No separate runtime service, host dependency or compose startup is needed.",f5e0a532dcf6c2f0c44eb32d5213a9bf7812c250,"clean clone, build and constrained offline execution",runtime,python3 evidence/independent-verifier/stage-1/runtime.py --repo RESULT_REPOSITORY --workspace WORKSPACE_ROOT --candidate FULL_REVISION --out NEW_DIRECTORY,UNVERIFIED,unverified
TK1-offline,2. Delivery and deployment / Resource limits,23,1,"1,2,3,4",systems-engineer,systems-engineer,independent-verifier,,Service works without outbound runtime network.,f5e0a532dcf6c2f0c44eb32d5213a9bf7812c250,"clean clone, build and constrained offline execution",runtime,python3 evidence/independent-verifier/stage-1/runtime.py --repo RESULT_REPOSITORY --workspace WORKSPACE_ROOT --candidate FULL_REVISION --out NEW_DIRECTORY,UNVERIFIED,unverified
TK1-cpu,2. Delivery and deployment / Resource limits,23,1,"1,2,3,4",systems-engineer,systems-engineer,independent-verifier,,Service works with 2 vCPU.,f5e0a532dcf6c2f0c44eb32d5213a9bf7812c250,"clean clone, build and constrained offline execution",runtime,python3 evidence/independent-verifier/stage-1/runtime.py --repo RESULT_REPOSITORY --workspace WORKSPACE_ROOT --candidate FULL_REVISION --out NEW_DIRECTORY,UNVERIFIED,unverified
TK1-memory,2. Delivery and deployment / Resource limits,23,1,"1,2,3,4",systems-engineer,systems-engineer,independent-verifier,,Service works with 2 GiB memory.,f5e0a532dcf6c2f0c44eb32d5213a9bf7812c250,"clean clone, build and constrained offline execution",runtime,python3 evidence/independent-verifier/stage-1/runtime.py --repo RESULT_REPOSITORY --workspace WORKSPACE_ROOT --candidate FULL_REVISION --out NEW_DIRECTORY,UNVERIFIED,unverified
TK1-startup,2. Delivery and deployment / Resource limits,23,1,"1,2,3,4",systems-engineer,systems-engineer,independent-verifier,,First healthy response occurs within 60 seconds.,f5e0a532dcf6c2f0c44eb32d5213a9bf7812c250,"clean clone, build and constrained offline execution",runtime,python3 evidence/independent-verifier/stage-1/runtime.py --repo RESULT_REPOSITORY --workspace WORKSPACE_ROOT --candidate FULL_REVISION --out NEW_DIRECTORY,UNVERIFIED,unverified
TK1-max-concurrency,2. Delivery and deployment / Resource limits,23,1,"1,2,3,4",systems-engineer,systems-engineer,independent-verifier,,Service supports 50 in-flight requests.,f5e0a532dcf6c2f0c44eb32d5213a9bf7812c250,"clean clone, build and constrained offline execution",runtime,python3 /verifier/probe.py --base http://independent-verifier-s1-f5e0a532dcf6-20261004t024727-source:18309 --peer http://independent-verifier-s1-f5e0a532dcf6-20261004t024727-peer:8080 --candidate f5e0a532dcf6c2f0c44eb32d5213a9bf7812c250 --out /evidence/probes --case all,/evidence/probes/assertions.json#TK1-max-concurrency,verified
TK1-request-timeout,2. Delivery and deployment / Resource limits,23,1,"1,2,3,4",systems-engineer,systems-engineer,independent-verifier,,Ordinary requests complete within 5 seconds.,f5e0a532dcf6c2f0c44eb32d5213a9bf7812c250,"clean clone, build and constrained offline execution",runtime,python3 /verifier/probe.py --base http://independent-verifier-s1-f5e0a532dcf6-20261004t024727-source:18309 --peer http://independent-verifier-s1-f5e0a532dcf6-20261004t024727-peer:8080 --candidate f5e0a532dcf6c2f0c44eb32d5213a9bf7812c250 --out /evidence/probes --case all,/evidence/probes/assertions.json#TK1-request-timeout,verified
TK1-reset-timeout,2. Delivery and deployment / Resource limits,23,1,"1,2,3,4",systems-engineer,systems-engineer,independent-verifier,,POST /_test/reset completes within 10 seconds.,f5e0a532dcf6c2f0c44eb32d5213a9bf7812c250,"clean clone, build and constrained offline execution",runtime,python3 /verifier/probe.py --base http://independent-verifier-s1-f5e0a532dcf6-20261004t024727-source:18309 --peer http://independent-verifier-s1-f5e0a532dcf6-20261004t024727-peer:8080 --candidate f5e0a532dcf6c2f0c44eb32d5213a9bf7812c250 --out /evidence/probes --case all,/evidence/probes/assertions.json#TK1-reset-timeout,verified
TK1-import-timeout,2. Delivery and deployment / Resource limits,23,1,"1,2,3,4",systems-engineer,systems-engineer,independent-verifier,,POST /_test/import completes within 10 seconds.,f5e0a532dcf6c2f0c44eb32d5213a9bf7812c250,"clean clone, build and constrained offline execution",runtime,python3 /verifier/probe.py --base http://independent-verifier-s1-f5e0a532dcf6-20261004t024727-source:18309 --peer http://independent-verifier-s1-f5e0a532dcf6-20261004t024727-peer:8080 --candidate f5e0a532dcf6c2f0c44eb32d5213a9bf7812c250 --out /evidence/probes --case all,/evidence/probes/assertions.json#TK1-import-timeout,verified
TK1-export-timeout,2. Delivery and deployment / Resource limits,23,1,"1,2,3,4",systems-engineer,systems-engineer,independent-verifier,,GET /_test/export completes within 10 seconds.,f5e0a532dcf6c2f0c44eb32d5213a9bf7812c250,"clean clone, build and constrained offline execution",runtime,python3 /verifier/probe.py --base http://independent-verifier-s1-f5e0a532dcf6-20261004t024727-source:18309 --peer http://independent-verifier-s1-f5e0a532dcf6-20261004t024727-peer:8080 --candidate f5e0a532dcf6c2f0c44eb32d5213a9bf7812c250 --out /evidence/probes --case all,/evidence/probes/assertions.json#TK1-export-timeout,verified
TK1-max-concurrency-timing,2. Delivery and deployment / Resource limits,23,1,"1,2,3,4",systems-engineer,systems-engineer,independent-verifier,,Fifty concurrent ordinary requests each complete within 5 seconds.,f5e0a532dcf6c2f0c44eb32d5213a9bf7812c250,"clean clone, build and constrained offline execution",runtime,python3 /verifier/probe.py --base http://independent-verifier-s1-f5e0a532dcf6-20261004t024727-source:18309 --peer http://independent-verifier-s1-f5e0a532dcf6-20261004t024727-peer:8080 --candidate f5e0a532dcf6c2f0c44eb32d5213a9bf7812c250 --out /evidence/probes --case all,/evidence/probes/assertions.json#TK1-max-concurrency-timing,verified
TK1-packaged-assets,2. Delivery and deployment / Resource limits,23,1,"1,2,3,4",interface-engineer,interface-engineer,independent-verifier,,"All runtime initialization, seed data and assets are in the image.",f5e0a532dcf6c2f0c44eb32d5213a9bf7812c250,"clean clone, build and constrained offline execution",runtime,python3 evidence/independent-verifier/stage-1/runtime.py --repo RESULT_REPOSITORY --workspace WORKSPACE_ROOT --candidate FULL_REVISION --out NEW_DIRECTORY,UNVERIFIED,unverified
TK1-listen-all,3.1 Listening,58,1,"1,2,3,4",interface-engineer,interface-engineer,independent-verifier,,Service listens on 0.0.0.0.,f5e0a532dcf6c2f0c44eb32d5213a9bf7812c250,container network HTTP and process configuration,runtime,python3 evidence/independent-verifier/stage-1/runtime.py --repo RESULT_REPOSITORY --workspace WORKSPACE_ROOT --candidate FULL_REVISION --out NEW_DIRECTORY,UNVERIFIED,unverified
TK1-port-override,3.1 Listening,58,1,"1,2,3,4",interface-engineer,interface-engineer,independent-verifier,,Service honors nondefault PORT environment value.,f5e0a532dcf6c2f0c44eb32d5213a9bf7812c250,container network HTTP and process configuration,runtime,python3 evidence/independent-verifier/stage-1/runtime.py --repo RESULT_REPOSITORY --workspace WORKSPACE_ROOT --candidate FULL_REVISION --out NEW_DIRECTORY,UNVERIFIED,unverified
TK1-port-default,3.1 Listening,58,1,"1,2,3,4",interface-engineer,interface-engineer,independent-verifier,,Service defaults to port 8080 when PORT is absent.,f5e0a532dcf6c2f0c44eb32d5213a9bf7812c250,container network HTTP and process configuration,runtime,python3 evidence/independent-verifier/stage-1/runtime.py --repo RESULT_REPOSITORY --workspace WORKSPACE_ROOT --candidate FULL_REVISION --out NEW_DIRECTORY,UNVERIFIED,unverified
TK1-health-status,3.2 Health,62,1,"1,2,3,4",interface-engineer,interface-engineer,independent-verifier,,GET /health returns HTTP 200 when ready.,f5e0a532dcf6c2f0c44eb32d5213a9bf7812c250,black-box HTTP,basics,python3 /verifier/probe.py --base http://independent-verifier-s1-f5e0a532dcf6-20261004t024727-source:18309 --peer http://independent-verifier-s1-f5e0a532dcf6-20261004t024727-peer:8080 --candidate f5e0a532dcf6c2f0c44eb32d5213a9bf7812c250 --out /evidence/probes --case all,/evidence/probes/assertions.json#TK1-health-status,verified
TK1-health-body,3.2 Health,62,1,"1,2,3,4",interface-engineer,interface-engineer,independent-verifier,,GET /health returns exactly the JSON value {status: ok}.,f5e0a532dcf6c2f0c44eb32d5213a9bf7812c250,black-box HTTP,basics,python3 /verifier/probe.py --base http://independent-verifier-s1-f5e0a532dcf6-20261004t024727-source:18309 --peer http://independent-verifier-s1-f5e0a532dcf6-20261004t024727-peer:8080 --candidate f5e0a532dcf6c2f0c44eb32d5213a9bf7812c250 --out /evidence/probes --case all,/evidence/probes/assertions.json#TK1-health-body,verified
TK1-health-public,3.2 Health,62,1,"1,2,3,4",interface-engineer,interface-engineer,independent-verifier,,Health does not require authentication.,f5e0a532dcf6c2f0c44eb32d5213a9bf7812c250,black-box HTTP,basics,python3 /verifier/probe.py --base http://independent-verifier-s1-f5e0a532dcf6-20261004t024727-source:18309 --peer http://independent-verifier-s1-f5e0a532dcf6-20261004t024727-peer:8080 --candidate f5e0a532dcf6c2f0c44eb32d5213a9bf7812c250 --out /evidence/probes --case all,/evidence/probes/assertions.json#TK1-health-public,verified
TK1-reset-status,3.3 Reset and seed,71,1,"1,2,3,4",systems-engineer,systems-engineer,independent-verifier,,POST /_test/reset returns 204 with no content.,f5e0a532dcf6c2f0c44eb32d5213a9bf7812c250,black-box HTTP,basics,python3 /verifier/probe.py --base http://independent-verifier-s1-f5e0a532dcf6-20261004t024727-source:18309 --peer http://independent-verifier-s1-f5e0a532dcf6-20261004t024727-peer:8080 --candidate f5e0a532dcf6c2f0c44eb32d5213a9bf7812c250 --out /evidence/probes --case all,/evidence/probes/assertions.json#TK1-reset-status,verified
TK1-reset-public,3.3 Reset and seed,71,1,"1,2,3,4",systems-engineer,systems-engineer,independent-verifier,,Reset requires no authentication and is enabled in the delivered image.,f5e0a532dcf6c2f0c44eb32d5213a9bf7812c250,black-box HTTP,basics,python3 /verifier/probe.py --base http://independent-verifier-s1-f5e0a532dcf6-20261004t024727-source:18309 --peer http://independent-verifier-s1-f5e0a532dcf6-20261004t024727-peer:8080 --candidate f5e0a532dcf6c2f0c44eb32d5213a9bf7812c250 --out /evidence/probes --case all,/evidence/probes/assertions.json#TK1-reset-public,verified
TK1-reset-replacement,3.3 Reset and seed,71,1,"1,2,3,4",systems-engineer,systems-engineer,independent-verifier,,After reset only the supplied fixture is visible.,f5e0a532dcf6c2f0c44eb32d5213a9bf7812c250,black-box HTTP,basics,python3 /verifier/probe.py --base http://independent-verifier-s1-f5e0a532dcf6-20261004t024727-source:18309 --peer http://independent-verifier-s1-f5e0a532dcf6-20261004t024727-peer:8080 --candidate f5e0a532dcf6c2f0c44eb32d5213a9bf7812c250 --out /evidence/probes --case all,/evidence/probes/assertions.json#TK1-reset-replacement,verified
TK1-reset-repeat,3.3 Reset and seed,71,1,"1,2,3,4",systems-engineer,systems-engineer,independent-verifier,,Repeated resets are supported.,f5e0a532dcf6c2f0c44eb32d5213a9bf7812c250,black-box HTTP,basics,python3 /verifier/probe.py --base http://independent-verifier-s1-f5e0a532dcf6-20261004t024727-source:18309 --peer http://independent-verifier-s1-f5e0a532dcf6-20261004t024727-peer:8080 --candidate f5e0a532dcf6c2f0c44eb32d5213a9bf7812c250 --out /evidence/probes --case all,/evidence/probes/assertions.json#TK1-reset-repeat,verified
TK1-reset-sessions,3.3 Reset and seed,71,1,"1,2,3,4",systems-engineer,systems-engineer,independent-verifier,,Reset clears old bearer tokens.,f5e0a532dcf6c2f0c44eb32d5213a9bf7812c250,black-box HTTP,basics,python3 /verifier/probe.py --base http://independent-verifier-s1-f5e0a532dcf6-20261004t024727-source:18309 --peer http://independent-verifier-s1-f5e0a532dcf6-20261004t024727-peer:8080 --candidate f5e0a532dcf6c2f0c44eb32d5213a9bf7812c250 --out /evidence/probes --case all,/evidence/probes/assertions.json#TK1-reset-sessions,verified
TK1-reset-receipts,3.3 Reset and seed,71,1,"1,2,3,4",systems-engineer,systems-engineer,independent-verifier,,Reset clears successful idempotency receipts.,f5e0a532dcf6c2f0c44eb32d5213a9bf7812c250,black-box HTTP,basics,python3 /verifier/probe.py --base http://independent-verifier-s1-f5e0a532dcf6-20261004t024727-source:18309 --peer http://independent-verifier-s1-f5e0a532dcf6-20261004t024727-peer:8080 --candidate f5e0a532dcf6c2f0c44eb32d5213a9bf7812c250 --out /evidence/probes --case all,/evidence/probes/assertions.json#TK1-reset-receipts,verified
TK1-json-content-type,3.4 Conventions / 5. Errors,86,1,"1,2,3,4",interface-engineer,interface-engineer,independent-verifier,,JSON responses carry application/json; charset=utf-8.,f5e0a532dcf6c2f0c44eb32d5213a9bf7812c250,black-box HTTP,conventions,python3 /verifier/probe.py --base http://independent-verifier-s1-f5e0a532dcf6-20261004t024727-source:18309 --peer http://independent-verifier-s1-f5e0a532dcf6-20261004t024727-peer:8080 --candidate f5e0a532dcf6c2f0c44eb32d5213a9bf7812c250 --out /evidence/probes --case all,/evidence/probes/assertions.json#TK1-json-content-type,verified
TK1-timestamp-offset,3.4 Conventions / 5. Errors,86,1,"1,2,3,4",systems-engineer,systems-engineer,independent-verifier,"New output follows the recorded nearest representable minute-offset interpretation while retaining exact IANA instants and original local fields. Successful original imported record/receipt strings are immutable, including historical offset seconds; this is an explicit backward-preservation exception.",Every response timestamp uses RFC 3339 with an explicit offset.,f5e0a532dcf6c2f0c44eb32d5213a9bf7812c250,black-box HTTP,conventions,python3 /verifier/probe.py --base http://independent-verifier-s1-f5e0a532dcf6-20261004t024727-source:18309 --peer http://independent-verifier-s1-f5e0a532dcf6-20261004t024727-peer:8080 --candidate f5e0a532dcf6c2f0c44eb32d5213a9bf7812c250 --out /evidence/probes --case all,/evidence/probes/assertions.json#TK1-timestamp-offset,verified
TK1-unknown-body,3.4 Conventions / 5. Errors,86,1,"1,2,3,4",systems-engineer,systems-engineer,independent-verifier,,Unknown request body fields are ignored.,f5e0a532dcf6c2f0c44eb32d5213a9bf7812c250,black-box HTTP,conventions,python3 /verifier/probe.py --base http://independent-verifier-s1-f5e0a532dcf6-20261004t024727-source:18309 --peer http://independent-verifier-s1-f5e0a532dcf6-20261004t024727-peer:8080 --candidate f5e0a532dcf6c2f0c44eb32d5213a9bf7812c250 --out /evidence/probes --case all,/evidence/probes/assertions.json#TK1-unknown-body,verified
TK1-unknown-query,3.4 Conventions / 5. Errors,86,1,"1,2,3,4",systems-engineer,systems-engineer,independent-verifier,,Unknown query parameters are ignored.,f5e0a532dcf6c2f0c44eb32d5213a9bf7812c250,black-box HTTP,conventions,python3 /verifier/probe.py --base http://independent-verifier-s1-f5e0a532dcf6-20261004t024727-source:18309 --peer http://independent-verifier-s1-f5e0a532dcf6-20261004t024727-peer:8080 --candidate f5e0a532dcf6c2f0c44eb32d5213a9bf7812c250 --out /evidence/probes --case all,/evidence/probes/assertions.json#TK1-unknown-query,verified
TK1-generated-id-limit,3.4 Conventions / 5. Errors,86,1,"1,2,3,4",systems-engineer,systems-engineer,independent-verifier,,Generated IDs are opaque strings of at most 64 characters.,f5e0a532dcf6c2f0c44eb32d5213a9bf7812c250,black-box HTTP,conventions,python3 /verifier/probe.py --base http://independent-verifier-s1-f5e0a532dcf6-20261004t024727-source:18309 --peer http://independent-verifier-s1-f5e0a532dcf6-20261004t024727-peer:8080 --candidate f5e0a532dcf6c2f0c44eb32d5213a9bf7812c250 --out /evidence/probes --case all,/evidence/probes/assertions.json#TK1-generated-id-limit,verified
TK1-fixture-id-max,3.4 Conventions / 5. Errors,86,1,"1,2,3,4",systems-engineer,systems-engineer,independent-verifier,,IDs of exactly 64 characters are accepted in reset fixtures.,f5e0a532dcf6c2f0c44eb32d5213a9bf7812c250,black-box HTTP,conventions,python3 /verifier/probe.py --base http://independent-verifier-s1-f5e0a532dcf6-20261004t024727-source:18309 --peer http://independent-verifier-s1-f5e0a532dcf6-20261004t024727-peer:8080 --candidate f5e0a532dcf6c2f0c44eb32d5213a9bf7812c250 --out /evidence/probes --case all,/evidence/probes/assertions.json#TK1-fixture-id-max,verified
TK1-fixture-id-over,3.4 Conventions / 5. Errors,86,1,"1,2,3,4",systems-engineer,systems-engineer,independent-verifier,,Fixture IDs longer than 64 characters are rejected with 422 validation_failed.,f5e0a532dcf6c2f0c44eb32d5213a9bf7812c250,black-box HTTP,conventions,python3 /verifier/probe.py --base http://independent-verifier-s1-f5e0a532dcf6-20261004t024727-source:18309 --peer http://independent-verifier-s1-f5e0a532dcf6-20261004t024727-peer:8080 --candidate f5e0a532dcf6c2f0c44eb32d5213a9bf7812c250 --out /evidence/probes --case all,/evidence/probes/assertions.json#TK1-fixture-id-over,verified
TK1-error-envelope,3.4 Conventions / 5. Errors,86,1,"1,2,3,4",interface-engineer,interface-engineer,independent-verifier,,Every 4xx and 5xx response has error.code and a human-readable error.message.,f5e0a532dcf6c2f0c44eb32d5213a9bf7812c250,black-box HTTP,conventions,python3 /verifier/probe.py --base http://independent-verifier-s1-f5e0a532dcf6-20261004t024727-source:18309 --peer http://independent-verifier-s1-f5e0a532dcf6-20261004t024727-peer:8080 --candidate f5e0a532dcf6c2f0c44eb32d5213a9bf7812c250 --out /evidence/probes --case all,/evidence/probes/assertions.json#TK1-error-envelope,verified
TK1-no-5xx,3.4 Conventions / 5. Errors,86,1,"1,2,3,4",systems-engineer,systems-engineer,independent-verifier,,"Requests do not produce 5xx, including concurrent load.",f5e0a532dcf6c2f0c44eb32d5213a9bf7812c250,black-box HTTP,conventions,python3 /verifier/probe.py --base http://independent-verifier-s1-f5e0a532dcf6-20261004t024727-source:18309 --peer http://independent-verifier-s1-f5e0a532dcf6-20261004t024727-peer:8080 --candidate f5e0a532dcf6c2f0c44eb32d5213a9bf7812c250 --out /evidence/probes --case all,/evidence/probes/assertions.json#TK1-no-5xx,verified
TK1-timezone-model,4. Model / Fixture format,100,1,"1,2,3,4",systems-engineer,systems-engineer,independent-verifier,,Restaurant local dates/times follow its IANA timezone.,f5e0a532dcf6c2f0c44eb32d5213a9bf7812c250,black-box HTTP,fixture,python3 /verifier/probe.py --base http://independent-verifier-s1-f5e0a532dcf6-20261004t024727-source:18309 --peer http://independent-verifier-s1-f5e0a532dcf6-20261004t024727-peer:8080 --candidate f5e0a532dcf6c2f0c44eb32d5213a9bf7812c250 --out /evidence/probes --case all,/evidence/probes/assertions.json#TK1-timezone-model,verified
TK1-grid-from-opening,4. Model / Fixture format,100,1,"1,2,3,4",systems-engineer,systems-engineer,independent-verifier,,Start grid is measured from opening rather than midnight.,f5e0a532dcf6c2f0c44eb32d5213a9bf7812c250,black-box HTTP,fixture,python3 /verifier/probe.py --base http://independent-verifier-s1-f5e0a532dcf6-20261004t024727-source:18309 --peer http://independent-verifier-s1-f5e0a532dcf6-20261004t024727-peer:8080 --candidate f5e0a532dcf6c2f0c44eb32d5213a9bf7812c250 --out /evidence/probes --case all,/evidence/probes/assertions.json#TK1-grid-from-opening,verified
TK1-duration-model,4. Model / Fixture format,100,1,"1,2,3,4",systems-engineer,systems-engineer,independent-verifier,,Every booking occupies the restaurant's configured duration.,f5e0a532dcf6c2f0c44eb32d5213a9bf7812c250,black-box HTTP,fixture,python3 /verifier/probe.py --base http://independent-verifier-s1-f5e0a532dcf6-20261004t024727-source:18309 --peer http://independent-verifier-s1-f5e0a532dcf6-20261004t024727-peer:8080 --candidate f5e0a532dcf6c2f0c44eb32d5213a9bf7812c250 --out /evidence/probes --case all,/evidence/probes/assertions.json#TK1-duration-model,verified
TK1-cutoff-model,4. Model / Fixture format,100,1,"1,2,3,4",systems-engineer,systems-engineer,independent-verifier,,Each reservation uses its restaurant's cancellation cutoff.,f5e0a532dcf6c2f0c44eb32d5213a9bf7812c250,black-box HTTP,fixture,python3 /verifier/probe.py --base http://independent-verifier-s1-f5e0a532dcf6-20261004t024727-source:18309 --peer http://independent-verifier-s1-f5e0a532dcf6-20261004t024727-peer:8080 --candidate f5e0a532dcf6c2f0c44eb32d5213a9bf7812c250 --out /evidence/probes --case all,/evidence/probes/assertions.json#TK1-cutoff-model,verified
TK1-closed-weekday,4. Model / Fixture format,100,1,"1,2,3,4",systems-engineer,systems-engineer,independent-verifier,,A weekday absent from opening_hours is closed.,f5e0a532dcf6c2f0c44eb32d5213a9bf7812c250,black-box HTTP,fixture,python3 /verifier/probe.py --base http://independent-verifier-s1-f5e0a532dcf6-20261004t024727-source:18309 --peer http://independent-verifier-s1-f5e0a532dcf6-20261004t024727-peer:8080 --candidate f5e0a532dcf6c2f0c44eb32d5213a9bf7812c250 --out /evidence/probes --case all,/evidence/probes/assertions.json#TK1-closed-weekday,verified
TK1-table-capacity,4. Model / Fixture format,100,1,"1,2,3,4",systems-engineer,systems-engineer,independent-verifier,,Table capacity bounds party size.,f5e0a532dcf6c2f0c44eb32d5213a9bf7812c250,black-box HTTP,fixture,python3 /verifier/probe.py --base http://independent-verifier-s1-f5e0a532dcf6-20261004t024727-source:18309 --peer http://independent-verifier-s1-f5e0a532dcf6-20261004t024727-peer:8080 --candidate f5e0a532dcf6c2f0c44eb32d5213a9bf7812c250 --out /evidence/probes --case all,/evidence/probes/assertions.json#TK1-table-capacity,verified
TK1-weekdays,4. Model / Fixture format,100,1,"1,2,3,4",systems-engineer,systems-engineer,independent-verifier,,All seven weekday values are supported.,f5e0a532dcf6c2f0c44eb32d5213a9bf7812c250,black-box HTTP,fixture,python3 /verifier/probe.py --base http://independent-verifier-s1-f5e0a532dcf6-20261004t024727-source:18309 --peer http://independent-verifier-s1-f5e0a532dcf6-20261004t024727-peer:8080 --candidate f5e0a532dcf6c2f0c44eb32d5213a9bf7812c250 --out /evidence/probes --case all,/evidence/probes/assertions.json#TK1-weekdays,verified
TK1-same-day-hours,4. Model / Fixture format,100,1,"1,2,3,4",systems-engineer,systems-engineer,independent-verifier,,Legal opening hours are local HH:MM with later same-day closes.,f5e0a532dcf6c2f0c44eb32d5213a9bf7812c250,black-box HTTP,fixture,python3 /verifier/probe.py --base http://independent-verifier-s1-f5e0a532dcf6-20261004t024727-source:18309 --peer http://independent-verifier-s1-f5e0a532dcf6-20261004t024727-peer:8080 --candidate f5e0a532dcf6c2f0c44eb32d5213a9bf7812c250 --out /evidence/probes --case all,/evidence/probes/assertions.json#TK1-same-day-hours,verified
TK1-seeded-login,4. Model / Fixture format,100,1,"1,2,3,4",systems-engineer,systems-engineer,independent-verifier,,Seeded users can immediately login with their given password.,f5e0a532dcf6c2f0c44eb32d5213a9bf7812c250,black-box HTTP,fixture,python3 /verifier/probe.py --base http://independent-verifier-s1-f5e0a532dcf6-20261004t024727-source:18309 --peer http://independent-verifier-s1-f5e0a532dcf6-20261004t024727-peer:8080 --candidate f5e0a532dcf6c2f0c44eb32d5213a9bf7812c250 --out /evidence/probes --case all,/evidence/probes/assertions.json#TK1-seeded-login,verified
TK1-seeded-reservation,4. Model / Fixture format,100,1,"1,2,3,4",systems-engineer,systems-engineer,independent-verifier,,Reset accepts confirmed reservations with body fields plus id/reference/user_id.,f5e0a532dcf6c2f0c44eb32d5213a9bf7812c250,black-box HTTP,fixture,python3 /verifier/probe.py --base http://independent-verifier-s1-f5e0a532dcf6-20261004t024727-source:18309 --peer http://independent-verifier-s1-f5e0a532dcf6-20261004t024727-peer:8080 --candidate f5e0a532dcf6c2f0c44eb32d5213a9bf7812c250 --out /evidence/probes --case all,/evidence/probes/assertions.json#TK1-seeded-reservation,verified
TK1-past-create,4. Model / Fixture format,100,1,"1,2,3,4",systems-engineer,systems-engineer,independent-verifier,,A reservation is not refused solely because its date is in the past.,f5e0a532dcf6c2f0c44eb32d5213a9bf7812c250,black-box HTTP,fixture,python3 /verifier/probe.py --base http://independent-verifier-s1-f5e0a532dcf6-20261004t024727-source:18309 --peer http://independent-verifier-s1-f5e0a532dcf6-20261004t024727-peer:8080 --candidate f5e0a532dcf6c2f0c44eb32d5213a9bf7812c250 --out /evidence/probes --case all,/evidence/probes/assertions.json#TK1-past-create,verified
TK1-past-cutoff,4. Model / Fixture format,100,1,"1,2,3,4",systems-engineer,systems-engineer,independent-verifier,,Past reservations remain subject to cancellation/amendment cutoff.,f5e0a532dcf6c2f0c44eb32d5213a9bf7812c250,black-box HTTP,fixture,python3 /verifier/probe.py --base http://independent-verifier-s1-f5e0a532dcf6-20261004t024727-source:18309 --peer http://independent-verifier-s1-f5e0a532dcf6-20261004t024727-peer:8080 --candidate f5e0a532dcf6c2f0c44eb32d5213a9bf7812c250 --out /evidence/probes --case all,/evidence/probes/assertions.json#TK1-past-cutoff,verified
TK1-fixture-user-id,4. Fixture format,109,1,"1,2,3,4",systems-engineer,systems-engineer,independent-verifier,,Reset preserves and uses fixture fixture-user field id.,f5e0a532dcf6c2f0c44eb32d5213a9bf7812c250,black-box HTTP,fixture,python3 /verifier/probe.py --base http://independent-verifier-s1-f5e0a532dcf6-20261004t024727-source:18309 --peer http://independent-verifier-s1-f5e0a532dcf6-20261004t024727-peer:8080 --candidate f5e0a532dcf6c2f0c44eb32d5213a9bf7812c250 --out /evidence/probes --case all,/evidence/probes/assertions.json#TK1-fixture-user-id,verified
TK1-fixture-user-email,4. Fixture format,109,1,"1,2,3,4",systems-engineer,systems-engineer,independent-verifier,,Reset preserves and uses fixture fixture-user field email.,f5e0a532dcf6c2f0c44eb32d5213a9bf7812c250,black-box HTTP,fixture,python3 /verifier/probe.py --base http://independent-verifier-s1-f5e0a532dcf6-20261004t024727-source:18309 --peer http://independent-verifier-s1-f5e0a532dcf6-20261004t024727-peer:8080 --candidate f5e0a532dcf6c2f0c44eb32d5213a9bf7812c250 --out /evidence/probes --case all,/evidence/probes/assertions.json#TK1-fixture-user-email,verified
TK1-fixture-user-password,4. Fixture format,109,1,"1,2,3,4",systems-engineer,systems-engineer,independent-verifier,,Reset preserves and uses fixture fixture-user field password.,f5e0a532dcf6c2f0c44eb32d5213a9bf7812c250,black-box HTTP,fixture,python3 /verifier/probe.py --base http://independent-verifier-s1-f5e0a532dcf6-20261004t024727-source:18309 --peer http://independent-verifier-s1-f5e0a532dcf6-20261004t024727-peer:8080 --candidate f5e0a532dcf6c2f0c44eb32d5213a9bf7812c250 --out /evidence/probes --case all,/evidence/probes/assertions.json#TK1-fixture-user-password,verified
TK1-fixture-user-display_name,4. Fixture format,109,1,"1,2,3,4",systems-engineer,systems-engineer,independent-verifier,,Reset preserves and uses fixture fixture-user field display_name.,f5e0a532dcf6c2f0c44eb32d5213a9bf7812c250,black-box HTTP,fixture,python3 /verifier/probe.py --base http://independent-verifier-s1-f5e0a532dcf6-20261004t024727-source:18309 --peer http://independent-verifier-s1-f5e0a532dcf6-20261004t024727-peer:8080 --candidate f5e0a532dcf6c2f0c44eb32d5213a9bf7812c250 --out /evidence/probes --case all,/evidence/probes/assertions.json#TK1-fixture-user-display_name,verified
TK1-fixture-restaurant-id,4. Fixture format,109,1,"1,2,3,4",systems-engineer,systems-engineer,independent-verifier,,Reset preserves and uses fixture fixture-restaurant field id.,f5e0a532dcf6c2f0c44eb32d5213a9bf7812c250,black-box HTTP,fixture,python3 /verifier/probe.py --base http://independent-verifier-s1-f5e0a532dcf6-20261004t024727-source:18309 --peer http://independent-verifier-s1-f5e0a532dcf6-20261004t024727-peer:8080 --candidate f5e0a532dcf6c2f0c44eb32d5213a9bf7812c250 --out /evidence/probes --case all,/evidence/probes/assertions.json#TK1-fixture-restaurant-id,verified
TK1-fixture-restaurant-name,4. Fixture format,109,1,"1,2,3,4",systems-engineer,systems-engineer,independent-verifier,,Reset preserves and uses fixture fixture-restaurant field name.,f5e0a532dcf6c2f0c44eb32d5213a9bf7812c250,black-box HTTP,fixture,python3 /verifier/probe.py --base http://independent-verifier-s1-f5e0a532dcf6-20261004t024727-source:18309 --peer http://independent-verifier-s1-f5e0a532dcf6-20261004t024727-peer:8080 --candidate f5e0a532dcf6c2f0c44eb32d5213a9bf7812c250 --out /evidence/probes --case all,/evidence/probes/assertions.json#TK1-fixture-restaurant-name,verified
TK1-fixture-restaurant-timezone,4. Fixture format,109,1,"1,2,3,4",systems-engineer,systems-engineer,independent-verifier,,Reset preserves and uses fixture fixture-restaurant field timezone.,f5e0a532dcf6c2f0c44eb32d5213a9bf7812c250,black-box HTTP,fixture,python3 /verifier/probe.py --base http://independent-verifier-s1-f5e0a532dcf6-20261004t024727-source:18309 --peer http://independent-verifier-s1-f5e0a532dcf6-20261004t024727-peer:8080 --candidate f5e0a532dcf6c2f0c44eb32d5213a9bf7812c250 --out /evidence/probes --case all,/evidence/probes/assertions.json#TK1-fixture-restaurant-timezone,verified
TK1-fixture-restaurant-slot_minutes,4. Fixture format,109,1,"1,2,3,4",systems-engineer,systems-engineer,independent-verifier,,Reset preserves and uses fixture fixture-restaurant field slot_minutes.,f5e0a532dcf6c2f0c44eb32d5213a9bf7812c250,black-box HTTP,fixture,python3 /verifier/probe.py --base http://independent-verifier-s1-f5e0a532dcf6-20261004t024727-source:18309 --peer http://independent-verifier-s1-f5e0a532dcf6-20261004t024727-peer:8080 --candidate f5e0a532dcf6c2f0c44eb32d5213a9bf7812c250 --out /evidence/probes --case all,/evidence/probes/assertions.json#TK1-fixture-restaurant-slot_minutes,verified
TK1-fixture-restaurant-reservation_duration_minutes,4. Fixture format,109,1,"1,2,3,4",systems-engineer,systems-engineer,independent-verifier,,Reset preserves and uses fixture fixture-restaurant field reservation_duration_minutes.,f5e0a532dcf6c2f0c44eb32d5213a9bf7812c250,black-box HTTP,fixture,python3 /verifier/probe.py --base http://independent-verifier-s1-f5e0a532dcf6-20261004t024727-source:18309 --peer http://independent-verifier-s1-f5e0a532dcf6-20261004t024727-peer:8080 --candidate f5e0a532dcf6c2f0c44eb32d5213a9bf7812c250 --out /evidence/probes --case all,/evidence/probes/assertions.json#TK1-fixture-restaurant-reservation_duration_minutes,verified
TK1-fixture-restaurant-cancellation_cutoff_minutes,4. Fixture format,109,1,"1,2,3,4",systems-engineer,systems-engineer,independent-verifier,,Reset preserves and uses fixture fixture-restaurant field cancellation_cutoff_minutes.,f5e0a532dcf6c2f0c44eb32d5213a9bf7812c250,black-box HTTP,fixture,python3 /verifier/probe.py --base http://independent-verifier-s1-f5e0a532dcf6-20261004t024727-source:18309 --peer http://independent-verifier-s1-f5e0a532dcf6-20261004t024727-peer:8080 --candidate f5e0a532dcf6c2f0c44eb32d5213a9bf7812c250 --out /evidence/probes --case all,/evidence/probes/assertions.json#TK1-fixture-restaurant-cancellation_cutoff_minutes,verified
TK1-fixture-restaurant-opening_hours,4. Fixture format,109,1,"1,2,3,4",systems-engineer,systems-engineer,independent-verifier,,Reset preserves and uses fixture fixture-restaurant field opening_hours.,f5e0a532dcf6c2f0c44eb32d5213a9bf7812c250,black-box HTTP,fixture,python3 /verifier/probe.py --base http://independent-verifier-s1-f5e0a532dcf6-20261004t024727-source:18309 --peer http://independent-verifier-s1-f5e0a532dcf6-20261004t024727-peer:8080 --candidate f5e0a532dcf6c2f0c44eb32d5213a9bf7812c250 --out /evidence/probes --case all,/evidence/probes/assertions.json#TK1-fixture-restaurant-opening_hours,verified
TK1-fixture-restaurant-tables,4. Fixture format,109,1,"1,2,3,4",systems-engineer,systems-engineer,independent-verifier,,Reset preserves and uses fixture fixture-restaurant field tables.,f5e0a532dcf6c2f0c44eb32d5213a9bf7812c250,black-box HTTP,fixture,python3 /verifier/probe.py --base http://independent-verifier-s1-f5e0a532dcf6-20261004t024727-source:18309 --peer http://independent-verifier-s1-f5e0a532dcf6-20261004t024727-peer:8080 --candidate f5e0a532dcf6c2f0c44eb32d5213a9bf7812c250 --out /evidence/probes --case all,/evidence/probes/assertions.json#TK1-fixture-restaurant-tables,verified
TK1-fixture-hours-weekday,4. Fixture format,109,1,"1,2,3,4",systems-engineer,systems-engineer,independent-verifier,,Reset preserves and uses fixture fixture-hours field weekday.,f5e0a532dcf6c2f0c44eb32d5213a9bf7812c250,black-box HTTP,fixture,python3 /verifier/probe.py --base http://independent-verifier-s1-f5e0a532dcf6-20261004t024727-source:18309 --peer http://independent-verifier-s1-f5e0a532dcf6-20261004t024727-peer:8080 --candidate f5e0a532dcf6c2f0c44eb32d5213a9bf7812c250 --out /evidence/probes --case all,/evidence/probes/assertions.json#TK1-fixture-hours-weekday,verified
TK1-fixture-hours-opens,4. Fixture format,109,1,"1,2,3,4",systems-engineer,systems-engineer,independent-verifier,,Reset preserves and uses fixture fixture-hours field opens.,f5e0a532dcf6c2f0c44eb32d5213a9bf7812c250,black-box HTTP,fixture,python3 /verifier/probe.py --base http://independent-verifier-s1-f5e0a532dcf6-20261004t024727-source:18309 --peer http://independent-verifier-s1-f5e0a532dcf6-20261004t024727-peer:8080 --candidate f5e0a532dcf6c2f0c44eb32d5213a9bf7812c250 --out /evidence/probes --case all,/evidence/probes/assertions.json#TK1-fixture-hours-opens,verified
TK1-fixture-hours-closes,4. Fixture format,109,1,"1,2,3,4",systems-engineer,systems-engineer,independent-verifier,,Reset preserves and uses fixture fixture-hours field closes.,f5e0a532dcf6c2f0c44eb32d5213a9bf7812c250,black-box HTTP,fixture,python3 /verifier/probe.py --base http://independent-verifier-s1-f5e0a532dcf6-20261004t024727-source:18309 --peer http://independent-verifier-s1-f5e0a532dcf6-20261004t024727-peer:8080 --candidate f5e0a532dcf6c2f0c44eb32d5213a9bf7812c250 --out /evidence/probes --case all,/evidence/probes/assertions.json#TK1-fixture-hours-closes,verified
TK1-fixture-table-id,4. Fixture format,109,1,"1,2,3,4",systems-engineer,systems-engineer,independent-verifier,,Reset preserves and uses fixture fixture-table field id.,f5e0a532dcf6c2f0c44eb32d5213a9bf7812c250,black-box HTTP,fixture,python3 /verifier/probe.py --base http://independent-verifier-s1-f5e0a532dcf6-20261004t024727-source:18309 --peer http://independent-verifier-s1-f5e0a532dcf6-20261004t024727-peer:8080 --candidate f5e0a532dcf6c2f0c44eb32d5213a9bf7812c250 --out /evidence/probes --case all,/evidence/probes/assertions.json#TK1-fixture-table-id,verified
TK1-fixture-table-label,4. Fixture format,109,1,"1,2,3,4",systems-engineer,systems-engineer,independent-verifier,,Reset preserves and uses fixture fixture-table field label.,f5e0a532dcf6c2f0c44eb32d5213a9bf7812c250,black-box HTTP,fixture,python3 /verifier/probe.py --base http://independent-verifier-s1-f5e0a532dcf6-20261004t024727-source:18309 --peer http://independent-verifier-s1-f5e0a532dcf6-20261004t024727-peer:8080 --candidate f5e0a532dcf6c2f0c44eb32d5213a9bf7812c250 --out /evidence/probes --case all,/evidence/probes/assertions.json#TK1-fixture-table-label,verified
TK1-fixture-table-capacity,4. Fixture format,109,1,"1,2,3,4",systems-engineer,systems-engineer,independent-verifier,,Reset preserves and uses fixture fixture-table field capacity.,f5e0a532dcf6c2f0c44eb32d5213a9bf7812c250,black-box HTTP,fixture,python3 /verifier/probe.py --base http://independent-verifier-s1-f5e0a532dcf6-20261004t024727-source:18309 --peer http://independent-verifier-s1-f5e0a532dcf6-20261004t024727-peer:8080 --candidate f5e0a532dcf6c2f0c44eb32d5213a9bf7812c250 --out /evidence/probes --case all,/evidence/probes/assertions.json#TK1-fixture-table-capacity,verified
TK1-fixture-reservation-restaurant_id,4. Fixture format,109,1,"1,2,3,4",systems-engineer,systems-engineer,independent-verifier,,Reset preserves and uses fixture fixture-reservation field restaurant_id.,f5e0a532dcf6c2f0c44eb32d5213a9bf7812c250,black-box HTTP,fixture,python3 /verifier/probe.py --base http://independent-verifier-s1-f5e0a532dcf6-20261004t024727-source:18309 --peer http://independent-verifier-s1-f5e0a532dcf6-20261004t024727-peer:8080 --candidate f5e0a532dcf6c2f0c44eb32d5213a9bf7812c250 --out /evidence/probes --case all,/evidence/probes/assertions.json#TK1-fixture-reservation-restaurant_id,verified
TK1-fixture-reservation-table_id,4. Fixture format,109,1,"1,2,3,4",systems-engineer,systems-engineer,independent-verifier,,Reset preserves and uses fixture fixture-reservation field table_id.,f5e0a532dcf6c2f0c44eb32d5213a9bf7812c250,black-box HTTP,fixture,python3 /verifier/probe.py --base http://independent-verifier-s1-f5e0a532dcf6-20261004t024727-source:18309 --peer http://independent-verifier-s1-f5e0a532dcf6-20261004t024727-peer:8080 --candidate f5e0a532dcf6c2f0c44eb32d5213a9bf7812c250 --out /evidence/probes --case all,/evidence/probes/assertions.json#TK1-fixture-reservation-table_id,verified
TK1-fixture-reservation-starts_at_local,4. Fixture format,109,1,"1,2,3,4",systems-engineer,systems-engineer,independent-verifier,,Reset preserves and uses fixture fixture-reservation field starts_at_local.,f5e0a532dcf6c2f0c44eb32d5213a9bf7812c250,black-box HTTP,fixture,python3 /verifier/probe.py --base http://independent-verifier-s1-f5e0a532dcf6-20261004t024727-source:18309 --peer http://independent-verifier-s1-f5e0a532dcf6-20261004t024727-peer:8080 --candidate f5e0a532dcf6c2f0c44eb32d5213a9bf7812c250 --out /evidence/probes --case all,/evidence/probes/assertions.json#TK1-fixture-reservation-starts_at_local,verified
TK1-fixture-reservation-party_size,4. Fixture format,109,1,"1,2,3,4",systems-engineer,systems-engineer,independent-verifier,,Reset preserves and uses fixture fixture-reservation field party_size.,f5e0a532dcf6c2f0c44eb32d5213a9bf7812c250,black-box HTTP,fixture,python3 /verifier/probe.py --base http://independent-verifier-s1-f5e0a532dcf6-20261004t024727-source:18309 --peer http://independent-verifier-s1-f5e0a532dcf6-20261004t024727-peer:8080 --candidate f5e0a532dcf6c2f0c44eb32d5213a9bf7812c250 --out /evidence/probes --case all,/evidence/probes/assertions.json#TK1-fixture-reservation-party_size,verified
TK1-fixture-reservation-id,4. Fixture format,109,1,"1,2,3,4",systems-engineer,systems-engineer,independent-verifier,,Reset preserves and uses fixture fixture-reservation field id.,f5e0a532dcf6c2f0c44eb32d5213a9bf7812c250,black-box HTTP,fixture,python3 /verifier/probe.py --base http://independent-verifier-s1-f5e0a532dcf6-20261004t024727-source:18309 --peer http://independent-verifier-s1-f5e0a532dcf6-20261004t024727-peer:8080 --candidate f5e0a532dcf6c2f0c44eb32d5213a9bf7812c250 --out /evidence/probes --case all,/evidence/probes/assertions.json#TK1-fixture-reservation-id,verified
TK1-fixture-reservation-reference,4. Fixture format,109,1,"1,2,3,4",systems-engineer,systems-engineer,independent-verifier,,Reset preserves and uses fixture fixture-reservation field reference.,f5e0a532dcf6c2f0c44eb32d5213a9bf7812c250,black-box HTTP,fixture,python3 /verifier/probe.py --base http://independent-verifier-s1-f5e0a532dcf6-20261004t024727-source:18309 --peer http://independent-verifier-s1-f5e0a532dcf6-20261004t024727-peer:8080 --candidate f5e0a532dcf6c2f0c44eb32d5213a9bf7812c250 --out /evidence/probes --case all,/evidence/probes/assertions.json#TK1-fixture-reservation-reference,verified
TK1-fixture-reservation-user_id,4. Fixture format,109,1,"1,2,3,4",systems-engineer,systems-engineer,independent-verifier,,Reset preserves and uses fixture fixture-reservation field user_id.,f5e0a532dcf6c2f0c44eb32d5213a9bf7812c250,black-box HTTP,fixture,python3 /verifier/probe.py --base http://independent-verifier-s1-f5e0a532dcf6-20261004t024727-source:18309 --peer http://independent-verifier-s1-f5e0a532dcf6-20261004t024727-peer:8080 --candidate f5e0a532dcf6c2f0c44eb32d5213a9bf7812c250 --out /evidence/probes --case all,/evidence/probes/assertions.json#TK1-fixture-reservation-user_id,verified
TK1-invalid-json,5. Errors,160,1,"1,2,3,4",interface-engineer,interface-engineer,independent-verifier,,Unparseable JSON body returns 400 malformed_request.,f5e0a532dcf6c2f0c44eb32d5213a9bf7812c250,black-box HTTP,validation,python3 /verifier/probe.py --base http://independent-verifier-s1-f5e0a532dcf6-20261004t024727-source:18309 --peer http://independent-verifier-s1-f5e0a532dcf6-20261004t024727-peer:8080 --candidate f5e0a532dcf6c2f0c44eb32d5213a9bf7812c250 --out /evidence/probes --case all,/evidence/probes/assertions.json#TK1-invalid-json,verified
TK1-nonobject-json,5. Errors,160,1,"1,2,3,4",interface-engineer,interface-engineer,independent-verifier,,Wrong JSON body shape returns 400 malformed_request.,f5e0a532dcf6c2f0c44eb32d5213a9bf7812c250,black-box HTTP,validation,python3 /verifier/probe.py --base http://independent-verifier-s1-f5e0a532dcf6-20261004t024727-source:18309 --peer http://independent-verifier-s1-f5e0a532dcf6-20261004t024727-peer:8080 --candidate f5e0a532dcf6c2f0c44eb32d5213a9bf7812c250 --out /evidence/probes --case all,/evidence/probes/assertions.json#TK1-nonobject-json,verified
TK1-wrong-field-type,5. Errors,160,1,"1,2,3,4",systems-engineer,systems-engineer,independent-verifier,,Wrong field types return 400 malformed_request except documented endpoint precedence.,f5e0a532dcf6c2f0c44eb32d5213a9bf7812c250,black-box HTTP,validation,python3 /verifier/probe.py --base http://independent-verifier-s1-f5e0a532dcf6-20261004t024727-source:18309 --peer http://independent-verifier-s1-f5e0a532dcf6-20261004t024727-peer:8080 --candidate f5e0a532dcf6c2f0c44eb32d5213a9bf7812c250 --out /evidence/probes --case all,/evidence/probes/assertions.json#TK1-wrong-field-type,verified
TK1-invalid-format,5. Errors,160,1,"1,2,3,4",systems-engineer,systems-engineer,independent-verifier,,Correct-type fields with invalid formats return 422 validation_failed.,f5e0a532dcf6c2f0c44eb32d5213a9bf7812c250,black-box HTTP,validation,python3 /verifier/probe.py --base http://independent-verifier-s1-f5e0a532dcf6-20261004t024727-source:18309 --peer http://independent-verifier-s1-f5e0a532dcf6-20261004t024727-peer:8080 --candidate f5e0a532dcf6c2f0c44eb32d5213a9bf7812c250 --out /evidence/probes --case all,/evidence/probes/assertions.json#TK1-invalid-format,verified
TK1-missing-required,5. Errors,160,1,"1,2,3,4",systems-engineer,systems-engineer,independent-verifier,,Missing required fields return 422 validation_failed.,f5e0a532dcf6c2f0c44eb32d5213a9bf7812c250,black-box HTTP,validation,python3 /verifier/probe.py --base http://independent-verifier-s1-f5e0a532dcf6-20261004t024727-source:18309 --peer http://independent-verifier-s1-f5e0a532dcf6-20261004t024727-peer:8080 --candidate f5e0a532dcf6c2f0c44eb32d5213a9bf7812c250 --out /evidence/probes --case all,/evidence/probes/assertions.json#TK1-missing-required,verified
TK1-invalid-date,5. Errors,160,1,"1,2,3,4",systems-engineer,systems-engineer,independent-verifier,,Invalid calendar dates return 422 validation_failed.,f5e0a532dcf6c2f0c44eb32d5213a9bf7812c250,black-box HTTP,validation,python3 /verifier/probe.py --base http://independent-verifier-s1-f5e0a532dcf6-20261004t024727-source:18309 --peer http://independent-verifier-s1-f5e0a532dcf6-20261004t024727-peer:8080 --candidate f5e0a532dcf6c2f0c44eb32d5213a9bf7812c250 --out /evidence/probes --case all,/evidence/probes/assertions.json#TK1-invalid-date,verified
TK1-party-string,5. Errors,160,1,"1,2,3,4",systems-engineer,systems-engineer,independent-verifier,,String party_size is 422 validation_failed.,f5e0a532dcf6c2f0c44eb32d5213a9bf7812c250,black-box HTTP,validation,python3 /verifier/probe.py --base http://independent-verifier-s1-f5e0a532dcf6-20261004t024727-source:18309 --peer http://independent-verifier-s1-f5e0a532dcf6-20261004t024727-peer:8080 --candidate f5e0a532dcf6c2f0c44eb32d5213a9bf7812c250 --out /evidence/probes --case all,/evidence/probes/assertions.json#TK1-party-string,verified
TK1-party-bool,5. Errors,160,1,"1,2,3,4",systems-engineer,systems-engineer,independent-verifier,,Boolean party_size is 422 validation_failed.,f5e0a532dcf6c2f0c44eb32d5213a9bf7812c250,black-box HTTP,validation,python3 /verifier/probe.py --base http://independent-verifier-s1-f5e0a532dcf6-20261004t024727-source:18309 --peer http://independent-verifier-s1-f5e0a532dcf6-20261004t024727-peer:8080 --candidate f5e0a532dcf6c2f0c44eb32d5213a9bf7812c250 --out /evidence/probes --case all,/evidence/probes/assertions.json#TK1-party-bool,verified
TK1-party-fraction,5. Errors,160,1,"1,2,3,4",systems-engineer,systems-engineer,independent-verifier,,Fractional party_size is 422 validation_failed.,f5e0a532dcf6c2f0c44eb32d5213a9bf7812c250,black-box HTTP,validation,python3 /verifier/probe.py --base http://independent-verifier-s1-f5e0a532dcf6-20261004t024727-source:18309 --peer http://independent-verifier-s1-f5e0a532dcf6-20261004t024727-peer:8080 --candidate f5e0a532dcf6c2f0c44eb32d5213a9bf7812c250 --out /evidence/probes --case all,/evidence/probes/assertions.json#TK1-party-fraction,verified
TK1-party-zero,5. Errors,160,1,"1,2,3,4",systems-engineer,systems-engineer,independent-verifier,,party_size below 1 is 422 validation_failed.,f5e0a532dcf6c2f0c44eb32d5213a9bf7812c250,black-box HTTP,validation,python3 /verifier/probe.py --base http://independent-verifier-s1-f5e0a532dcf6-20261004t024727-source:18309 --peer http://independent-verifier-s1-f5e0a532dcf6-20261004t024727-peer:8080 --candidate f5e0a532dcf6c2f0c44eb32d5213a9bf7812c250 --out /evidence/probes --case all,/evidence/probes/assertions.json#TK1-party-zero,verified
TK1-bare-time,5. Errors,160,1,"1,2,3,4",systems-engineer,systems-engineer,independent-verifier,,Non-bare starts_at_local strings return 422 validation_failed.,f5e0a532dcf6c2f0c44eb32d5213a9bf7812c250,black-box HTTP,validation,python3 /verifier/probe.py --base http://independent-verifier-s1-f5e0a532dcf6-20261004t024727-source:18309 --peer http://independent-verifier-s1-f5e0a532dcf6-20261004t024727-peer:8080 --candidate f5e0a532dcf6c2f0c44eb32d5213a9bf7812c250 --out /evidence/probes --case all,/evidence/probes/assertions.json#TK1-bare-time,verified
TK1-time-wrong-type,5. Errors,160,1,"1,2,3,4",systems-engineer,systems-engineer,independent-verifier,,Nonstring starts_at_local returns 400 malformed_request.,f5e0a532dcf6c2f0c44eb32d5213a9bf7812c250,black-box HTTP,validation,python3 /verifier/probe.py --base http://independent-verifier-s1-f5e0a532dcf6-20261004t024727-source:18309 --peer http://independent-verifier-s1-f5e0a532dcf6-20261004t024727-peer:8080 --candidate f5e0a532dcf6c2f0c44eb32d5213a9bf7812c250 --out /evidence/probes --case all,/evidence/probes/assertions.json#TK1-time-wrong-type,verified
TK1-decimal-query,5. Errors,160,1,"1,2,3,4",systems-engineer,systems-engineer,independent-verifier,,Integer query values must use plain decimal digits.,f5e0a532dcf6c2f0c44eb32d5213a9bf7812c250,black-box HTTP,validation,python3 /verifier/probe.py --base http://independent-verifier-s1-f5e0a532dcf6-20261004t024727-source:18309 --peer http://independent-verifier-s1-f5e0a532dcf6-20261004t024727-peer:8080 --candidate f5e0a532dcf6c2f0c44eb32d5213a9bf7812c250 --out /evidence/probes --case all,/evidence/probes/assertions.json#TK1-decimal-query,verified
TK1-query-positive,5. Errors,160,1,"1,2,3,4",systems-engineer,systems-engineer,independent-verifier,,Availability party_size must be at least 1.,f5e0a532dcf6c2f0c44eb32d5213a9bf7812c250,black-box HTTP,validation,python3 /verifier/probe.py --base http://independent-verifier-s1-f5e0a532dcf6-20261004t024727-source:18309 --peer http://independent-verifier-s1-f5e0a532dcf6-20261004t024727-peer:8080 --candidate f5e0a532dcf6c2f0c44eb32d5213a9bf7812c250 --out /evidence/probes --case all,/evidence/probes/assertions.json#TK1-query-positive,verified
TK1-query-date,5. Errors,160,1,"1,2,3,4",systems-engineer,systems-engineer,independent-verifier,,Availability date must be a valid local calendar date.,f5e0a532dcf6c2f0c44eb32d5213a9bf7812c250,black-box HTTP,validation,python3 /verifier/probe.py --base http://independent-verifier-s1-f5e0a532dcf6-20261004t024727-source:18309 --peer http://independent-verifier-s1-f5e0a532dcf6-20261004t024727-peer:8080 --candidate f5e0a532dcf6c2f0c44eb32d5213a9bf7812c250 --out /evidence/probes --case all,/evidence/probes/assertions.json#TK1-query-date,verified
TK1-signup-status,6. Authentication,193,1,"1,2,3,4",systems-engineer,systems-engineer,independent-verifier,,Successful signup returns 201.,f5e0a532dcf6c2f0c44eb32d5213a9bf7812c250,HTTP; hash evidence additionally requires committed storage review and export inspection,auth,python3 /verifier/probe.py --base http://independent-verifier-s1-f5e0a532dcf6-20261004t024727-source:18309 --peer http://independent-verifier-s1-f5e0a532dcf6-20261004t024727-peer:8080 --candidate f5e0a532dcf6c2f0c44eb32d5213a9bf7812c250 --out /evidence/probes --case all,/evidence/probes/assertions.json#TK1-signup-status,verified
TK1-login-status,6. Authentication,193,1,"1,2,3,4",systems-engineer,systems-engineer,independent-verifier,,Successful login returns 200.,f5e0a532dcf6c2f0c44eb32d5213a9bf7812c250,HTTP; hash evidence additionally requires committed storage review and export inspection,auth,python3 /verifier/probe.py --base http://independent-verifier-s1-f5e0a532dcf6-20261004t024727-source:18309 --peer http://independent-verifier-s1-f5e0a532dcf6-20261004t024727-peer:8080 --candidate f5e0a532dcf6c2f0c44eb32d5213a9bf7812c250 --out /evidence/probes --case all,/evidence/probes/assertions.json#TK1-login-status,verified
TK1-email-duplicate,6. Authentication,193,1,"1,2,3,4",systems-engineer,systems-engineer,independent-verifier,,Duplicate signup email returns 409 email_taken.,f5e0a532dcf6c2f0c44eb32d5213a9bf7812c250,HTTP; hash evidence additionally requires committed storage review and export inspection,auth,python3 /verifier/probe.py --base http://independent-verifier-s1-f5e0a532dcf6-20261004t024727-source:18309 --peer http://independent-verifier-s1-f5e0a532dcf6-20261004t024727-peer:8080 --candidate f5e0a532dcf6c2f0c44eb32d5213a9bf7812c250 --out /evidence/probes --case all,/evidence/probes/assertions.json#TK1-email-duplicate,verified
TK1-password-minimum,6. Authentication,193,1,"1,2,3,4",systems-engineer,systems-engineer,independent-verifier,,Signup passwords below 8 characters return 422 validation_failed.,f5e0a532dcf6c2f0c44eb32d5213a9bf7812c250,HTTP; hash evidence additionally requires committed storage review and export inspection,auth,python3 /verifier/probe.py --base http://independent-verifier-s1-f5e0a532dcf6-20261004t024727-source:18309 --peer http://independent-verifier-s1-f5e0a532dcf6-20261004t024727-peer:8080 --candidate f5e0a532dcf6c2f0c44eb32d5213a9bf7812c250 --out /evidence/probes --case all,/evidence/probes/assertions.json#TK1-password-minimum,verified
TK1-email-format,6. Authentication,193,1,"1,2,3,4",systems-engineer,systems-engineer,independent-verifier,,Signup email outside local@domain returns 422 validation_failed.,f5e0a532dcf6c2f0c44eb32d5213a9bf7812c250,HTTP; hash evidence additionally requires committed storage review and export inspection,auth,python3 /verifier/probe.py --base http://independent-verifier-s1-f5e0a532dcf6-20261004t024727-source:18309 --peer http://independent-verifier-s1-f5e0a532dcf6-20261004t024727-peer:8080 --candidate f5e0a532dcf6c2f0c44eb32d5213a9bf7812c250 --out /evidence/probes --case all,/evidence/probes/assertions.json#TK1-email-format,verified
TK1-login-wrong-password,6. Authentication,193,1,"1,2,3,4",systems-engineer,systems-engineer,independent-verifier,,Wrong password returns 401 unauthenticated.,f5e0a532dcf6c2f0c44eb32d5213a9bf7812c250,HTTP; hash evidence additionally requires committed storage review and export inspection,auth,python3 /verifier/probe.py --base http://independent-verifier-s1-f5e0a532dcf6-20261004t024727-source:18309 --peer http://independent-verifier-s1-f5e0a532dcf6-20261004t024727-peer:8080 --candidate f5e0a532dcf6c2f0c44eb32d5213a9bf7812c250 --out /evidence/probes --case all,/evidence/probes/assertions.json#TK1-login-wrong-password,verified
TK1-login-unknown-email,6. Authentication,193,1,"1,2,3,4",systems-engineer,systems-engineer,independent-verifier,,Unknown login email returns 401 unauthenticated.,f5e0a532dcf6c2f0c44eb32d5213a9bf7812c250,HTTP; hash evidence additionally requires committed storage review and export inspection,auth,python3 /verifier/probe.py --base http://independent-verifier-s1-f5e0a532dcf6-20261004t024727-source:18309 --peer http://independent-verifier-s1-f5e0a532dcf6-20261004t024727-peer:8080 --candidate f5e0a532dcf6c2f0c44eb32d5213a9bf7812c250 --out /evidence/probes --case all,/evidence/probes/assertions.json#TK1-login-unknown-email,verified
TK1-tokens-multiple,6. Authentication,193,1,"1,2,3,4",systems-engineer,systems-engineer,independent-verifier,,Multiple login/signup tokens remain concurrently valid.,f5e0a532dcf6c2f0c44eb32d5213a9bf7812c250,HTTP; hash evidence additionally requires committed storage review and export inspection,auth,python3 /verifier/probe.py --base http://independent-verifier-s1-f5e0a532dcf6-20261004t024727-source:18309 --peer http://independent-verifier-s1-f5e0a532dcf6-20261004t024727-peer:8080 --candidate f5e0a532dcf6c2f0c44eb32d5213a9bf7812c250 --out /evidence/probes --case all,/evidence/probes/assertions.json#TK1-tokens-multiple,verified
TK1-tokens-persistent,6. Authentication,193,1,"1,2,3,4",systems-engineer,systems-engineer,independent-verifier,,Bearer tokens do not expire.,f5e0a532dcf6c2f0c44eb32d5213a9bf7812c250,HTTP; hash evidence additionally requires committed storage review and export inspection,auth,python3 /verifier/probe.py --base http://independent-verifier-s1-f5e0a532dcf6-20261004t024727-source:18309 --peer http://independent-verifier-s1-f5e0a532dcf6-20261004t024727-peer:8080 --candidate f5e0a532dcf6c2f0c44eb32d5213a9bf7812c250 --out /evidence/probes --case all,/evidence/probes/assertions.json#TK1-tokens-persistent,verified
TK1-password-hashed,6. Authentication,193,1,"1,2,3,4",systems-engineer,systems-engineer,independent-verifier,,"Stored passwords use a password hash, never plaintext.",f5e0a532dcf6c2f0c44eb32d5213a9bf7812c250,HTTP; hash evidence additionally requires committed storage review and export inspection,auth,python3 /verifier/probe.py --base http://independent-verifier-s1-f5e0a532dcf6-20261004t024727-source:18309 --peer http://independent-verifier-s1-f5e0a532dcf6-20261004t024727-peer:8080 --candidate f5e0a532dcf6c2f0c44eb32d5213a9bf7812c250 --out /evidence/probes --case all,/evidence/probes/assertions.json#TK1-password-hashed,verified
TK1-signup-email-required,6. Authentication,193,1,"1,2,3,4",systems-engineer,systems-engineer,independent-verifier,,signup requires email; missing returns 422 validation_failed.,f5e0a532dcf6c2f0c44eb32d5213a9bf7812c250,black-box HTTP,auth,python3 /verifier/probe.py --base http://independent-verifier-s1-f5e0a532dcf6-20261004t024727-source:18309 --peer http://independent-verifier-s1-f5e0a532dcf6-20261004t024727-peer:8080 --candidate f5e0a532dcf6c2f0c44eb32d5213a9bf7812c250 --out /evidence/probes --case all,/evidence/probes/assertions.json#TK1-signup-email-required,verified
TK1-signup-password-required,6. Authentication,193,1,"1,2,3,4",systems-engineer,systems-engineer,independent-verifier,,signup requires password; missing returns 422 validation_failed.,f5e0a532dcf6c2f0c44eb32d5213a9bf7812c250,black-box HTTP,auth,python3 /verifier/probe.py --base http://independent-verifier-s1-f5e0a532dcf6-20261004t024727-source:18309 --peer http://independent-verifier-s1-f5e0a532dcf6-20261004t024727-peer:8080 --candidate f5e0a532dcf6c2f0c44eb32d5213a9bf7812c250 --out /evidence/probes --case all,/evidence/probes/assertions.json#TK1-signup-password-required,verified
TK1-signup-display_name-required,6. Authentication,193,1,"1,2,3,4",systems-engineer,systems-engineer,independent-verifier,,signup requires display_name; missing returns 422 validation_failed.,f5e0a532dcf6c2f0c44eb32d5213a9bf7812c250,black-box HTTP,auth,python3 /verifier/probe.py --base http://independent-verifier-s1-f5e0a532dcf6-20261004t024727-source:18309 --peer http://independent-verifier-s1-f5e0a532dcf6-20261004t024727-peer:8080 --candidate f5e0a532dcf6c2f0c44eb32d5213a9bf7812c250 --out /evidence/probes --case all,/evidence/probes/assertions.json#TK1-signup-display_name-required,verified
TK1-signup-email-type,6. Authentication,193,1,"1,2,3,4",systems-engineer,systems-engineer,independent-verifier,,signup email must be a string; wrong type returns 400 malformed_request.,f5e0a532dcf6c2f0c44eb32d5213a9bf7812c250,black-box HTTP,auth,python3 /verifier/probe.py --base http://independent-verifier-s1-f5e0a532dcf6-20261004t024727-source:18309 --peer http://independent-verifier-s1-f5e0a532dcf6-20261004t024727-peer:8080 --candidate f5e0a532dcf6c2f0c44eb32d5213a9bf7812c250 --out /evidence/probes --case all,/evidence/probes/assertions.json#TK1-signup-email-type,verified
TK1-signup-password-type,6. Authentication,193,1,"1,2,3,4",systems-engineer,systems-engineer,independent-verifier,,signup password must be a string; wrong type returns 400 malformed_request.,f5e0a532dcf6c2f0c44eb32d5213a9bf7812c250,black-box HTTP,auth,python3 /verifier/probe.py --base http://independent-verifier-s1-f5e0a532dcf6-20261004t024727-source:18309 --peer http://independent-verifier-s1-f5e0a532dcf6-20261004t024727-peer:8080 --candidate f5e0a532dcf6c2f0c44eb32d5213a9bf7812c250 --out /evidence/probes --case all,/evidence/probes/assertions.json#TK1-signup-password-type,verified
TK1-signup-display_name-type,6. Authentication,193,1,"1,2,3,4",systems-engineer,systems-engineer,independent-verifier,,signup display_name must be a string; wrong type returns 400 malformed_request.,f5e0a532dcf6c2f0c44eb32d5213a9bf7812c250,black-box HTTP,auth,python3 /verifier/probe.py --base http://independent-verifier-s1-f5e0a532dcf6-20261004t024727-source:18309 --peer http://independent-verifier-s1-f5e0a532dcf6-20261004t024727-peer:8080 --candidate f5e0a532dcf6c2f0c44eb32d5213a9bf7812c250 --out /evidence/probes --case all,/evidence/probes/assertions.json#TK1-signup-display_name-type,verified
TK1-signup-response-user_id,6. Authentication,193,1,"1,2,3,4",systems-engineer,systems-engineer,independent-verifier,,signup response includes correct user_id.,f5e0a532dcf6c2f0c44eb32d5213a9bf7812c250,black-box HTTP,auth,python3 /verifier/probe.py --base http://independent-verifier-s1-f5e0a532dcf6-20261004t024727-source:18309 --peer http://independent-verifier-s1-f5e0a532dcf6-20261004t024727-peer:8080 --candidate f5e0a532dcf6c2f0c44eb32d5213a9bf7812c250 --out /evidence/probes --case all,/evidence/probes/assertions.json#TK1-signup-response-user_id,verified
TK1-signup-response-display_name,6. Authentication,193,1,"1,2,3,4",systems-engineer,systems-engineer,independent-verifier,,signup response includes correct display_name.,f5e0a532dcf6c2f0c44eb32d5213a9bf7812c250,black-box HTTP,auth,python3 /verifier/probe.py --base http://independent-verifier-s1-f5e0a532dcf6-20261004t024727-source:18309 --peer http://independent-verifier-s1-f5e0a532dcf6-20261004t024727-peer:8080 --candidate f5e0a532dcf6c2f0c44eb32d5213a9bf7812c250 --out /evidence/probes --case all,/evidence/probes/assertions.json#TK1-signup-response-display_name,verified
TK1-signup-response-token,6. Authentication,193,1,"1,2,3,4",systems-engineer,systems-engineer,independent-verifier,,signup response includes correct token.,f5e0a532dcf6c2f0c44eb32d5213a9bf7812c250,black-box HTTP,auth,python3 /verifier/probe.py --base http://independent-verifier-s1-f5e0a532dcf6-20261004t024727-source:18309 --peer http://independent-verifier-s1-f5e0a532dcf6-20261004t024727-peer:8080 --candidate f5e0a532dcf6c2f0c44eb32d5213a9bf7812c250 --out /evidence/probes --case all,/evidence/probes/assertions.json#TK1-signup-response-token,verified
TK1-login-email-required,6. Authentication,200,1,"1,2,3,4",systems-engineer,systems-engineer,independent-verifier,,login requires email; missing returns 422 validation_failed.,f5e0a532dcf6c2f0c44eb32d5213a9bf7812c250,black-box HTTP,auth,python3 /verifier/probe.py --base http://independent-verifier-s1-f5e0a532dcf6-20261004t024727-source:18309 --peer http://independent-verifier-s1-f5e0a532dcf6-20261004t024727-peer:8080 --candidate f5e0a532dcf6c2f0c44eb32d5213a9bf7812c250 --out /evidence/probes --case all,/evidence/probes/assertions.json#TK1-login-email-required,verified
TK1-login-password-required,6. Authentication,200,1,"1,2,3,4",systems-engineer,systems-engineer,independent-verifier,,login requires password; missing returns 422 validation_failed.,f5e0a532dcf6c2f0c44eb32d5213a9bf7812c250,black-box HTTP,auth,python3 /verifier/probe.py --base http://independent-verifier-s1-f5e0a532dcf6-20261004t024727-source:18309 --peer http://independent-verifier-s1-f5e0a532dcf6-20261004t024727-peer:8080 --candidate f5e0a532dcf6c2f0c44eb32d5213a9bf7812c250 --out /evidence/probes --case all,/evidence/probes/assertions.json#TK1-login-password-required,verified
TK1-login-email-type,6. Authentication,200,1,"1,2,3,4",systems-engineer,systems-engineer,independent-verifier,,login email must be a string; wrong type returns 400 malformed_request.,f5e0a532dcf6c2f0c44eb32d5213a9bf7812c250,black-box HTTP,auth,python3 /verifier/probe.py --base http://independent-verifier-s1-f5e0a532dcf6-20261004t024727-source:18309 --peer http://independent-verifier-s1-f5e0a532dcf6-20261004t024727-peer:8080 --candidate f5e0a532dcf6c2f0c44eb32d5213a9bf7812c250 --out /evidence/probes --case all,/evidence/probes/assertions.json#TK1-login-email-type,verified
TK1-login-password-type,6. Authentication,200,1,"1,2,3,4",systems-engineer,systems-engineer,independent-verifier,,login password must be a string; wrong type returns 400 malformed_request.,f5e0a532dcf6c2f0c44eb32d5213a9bf7812c250,black-box HTTP,auth,python3 /verifier/probe.py --base http://independent-verifier-s1-f5e0a532dcf6-20261004t024727-source:18309 --peer http://independent-verifier-s1-f5e0a532dcf6-20261004t024727-peer:8080 --candidate f5e0a532dcf6c2f0c44eb32d5213a9bf7812c250 --out /evidence/probes --case all,/evidence/probes/assertions.json#TK1-login-password-type,verified
TK1-login-response-user_id,6. Authentication,200,1,"1,2,3,4",systems-engineer,systems-engineer,independent-verifier,,login response includes correct user_id.,f5e0a532dcf6c2f0c44eb32d5213a9bf7812c250,black-box HTTP,auth,python3 /verifier/probe.py --base http://independent-verifier-s1-f5e0a532dcf6-20261004t024727-source:18309 --peer http://independent-verifier-s1-f5e0a532dcf6-20261004t024727-peer:8080 --candidate f5e0a532dcf6c2f0c44eb32d5213a9bf7812c250 --out /evidence/probes --case all,/evidence/probes/assertions.json#TK1-login-response-user_id,verified
TK1-login-response-display_name,6. Authentication,200,1,"1,2,3,4",systems-engineer,systems-engineer,independent-verifier,,login response includes correct display_name.,f5e0a532dcf6c2f0c44eb32d5213a9bf7812c250,black-box HTTP,auth,python3 /verifier/probe.py --base http://independent-verifier-s1-f5e0a532dcf6-20261004t024727-source:18309 --peer http://independent-verifier-s1-f5e0a532dcf6-20261004t024727-peer:8080 --candidate f5e0a532dcf6c2f0c44eb32d5213a9bf7812c250 --out /evidence/probes --case all,/evidence/probes/assertions.json#TK1-login-response-display_name,verified
TK1-login-response-token,6. Authentication,200,1,"1,2,3,4",systems-engineer,systems-engineer,independent-verifier,,login response includes correct token.,f5e0a532dcf6c2f0c44eb32d5213a9bf7812c250,black-box HTTP,auth,python3 /verifier/probe.py --base http://independent-verifier-s1-f5e0a532dcf6-20261004t024727-source:18309 --peer http://independent-verifier-s1-f5e0a532dcf6-20261004t024727-peer:8080 --candidate f5e0a532dcf6c2f0c44eb32d5213a9bf7812c250 --out /evidence/probes --case all,/evidence/probes/assertions.json#TK1-login-response-token,verified
TK1-auth-restaurants,6. Authentication / 8. API,214,1,"1,2,3,4",systems-engineer,systems-engineer,independent-verifier,,restaurants is public without token.,f5e0a532dcf6c2f0c44eb32d5213a9bf7812c250,black-box HTTP,auth,python3 /verifier/probe.py --base http://independent-verifier-s1-f5e0a532dcf6-20261004t024727-source:18309 --peer http://independent-verifier-s1-f5e0a532dcf6-20261004t024727-peer:8080 --candidate f5e0a532dcf6c2f0c44eb32d5213a9bf7812c250 --out /evidence/probes --case all,/evidence/probes/assertions.json#TK1-auth-restaurants,verified
TK1-auth-restaurant-detail,6. Authentication / 8. API,214,1,"1,2,3,4",systems-engineer,systems-engineer,independent-verifier,,restaurant-detail is public without token.,f5e0a532dcf6c2f0c44eb32d5213a9bf7812c250,black-box HTTP,auth,python3 /verifier/probe.py --base http://independent-verifier-s1-f5e0a532dcf6-20261004t024727-source:18309 --peer http://independent-verifier-s1-f5e0a532dcf6-20261004t024727-peer:8080 --candidate f5e0a532dcf6c2f0c44eb32d5213a9bf7812c250 --out /evidence/probes --case all,/evidence/probes/assertions.json#TK1-auth-restaurant-detail,verified
TK1-auth-availability,6. Authentication / 8. API,214,1,"1,2,3,4",systems-engineer,systems-engineer,independent-verifier,,availability is public without token.,f5e0a532dcf6c2f0c44eb32d5213a9bf7812c250,black-box HTTP,auth,python3 /verifier/probe.py --base http://independent-verifier-s1-f5e0a532dcf6-20261004t024727-source:18309 --peer http://independent-verifier-s1-f5e0a532dcf6-20261004t024727-peer:8080 --candidate f5e0a532dcf6c2f0c44eb32d5213a9bf7812c250 --out /evidence/probes --case all,/evidence/probes/assertions.json#TK1-auth-availability,verified
TK1-auth-reservation-list-absent,6. Authentication / 8. API,214,1,"1,2,3,4",systems-engineer,systems-engineer,independent-verifier,,reservation-list: absent Authorization header gives 401 unauthenticated.,f5e0a532dcf6c2f0c44eb32d5213a9bf7812c250,black-box HTTP,auth,python3 /verifier/probe.py --base http://independent-verifier-s1-f5e0a532dcf6-20261004t024727-source:18309 --peer http://independent-verifier-s1-f5e0a532dcf6-20261004t024727-peer:8080 --candidate f5e0a532dcf6c2f0c44eb32d5213a9bf7812c250 --out /evidence/probes --case all,/evidence/probes/assertions.json#TK1-auth-reservation-list-absent,verified
TK1-auth-reservation-list-unknown,6. Authentication / 8. API,214,1,"1,2,3,4",systems-engineer,systems-engineer,independent-verifier,,reservation-list: unknown Bearer token gives 401 unauthenticated.,f5e0a532dcf6c2f0c44eb32d5213a9bf7812c250,black-box HTTP,auth,python3 /verifier/probe.py --base http://independent-verifier-s1-f5e0a532dcf6-20261004t024727-source:18309 --peer http://independent-verifier-s1-f5e0a532dcf6-20261004t024727-peer:8080 --candidate f5e0a532dcf6c2f0c44eb32d5213a9bf7812c250 --out /evidence/probes --case all,/evidence/probes/assertions.json#TK1-auth-reservation-list-unknown,verified
TK1-auth-reservation-list-basic,6. Authentication / 8. API,214,1,"1,2,3,4",systems-engineer,systems-engineer,independent-verifier,,reservation-list: malformed Basic authorization gives 401 unauthenticated.,f5e0a532dcf6c2f0c44eb32d5213a9bf7812c250,black-box HTTP,auth,python3 /verifier/probe.py --base http://independent-verifier-s1-f5e0a532dcf6-20261004t024727-source:18309 --peer http://independent-verifier-s1-f5e0a532dcf6-20261004t024727-peer:8080 --candidate f5e0a532dcf6c2f0c44eb32d5213a9bf7812c250 --out /evidence/probes --case all,/evidence/probes/assertions.json#TK1-auth-reservation-list-basic,verified
TK1-auth-reservation-list-bearer-no-value,6. Authentication / 8. API,214,1,"1,2,3,4",systems-engineer,systems-engineer,independent-verifier,,reservation-list: malformed Bearer header without a token gives 401 unauthenticated.,f5e0a532dcf6c2f0c44eb32d5213a9bf7812c250,black-box HTTP,auth,python3 /verifier/probe.py --base http://independent-verifier-s1-f5e0a532dcf6-20261004t024727-source:18309 --peer http://independent-verifier-s1-f5e0a532dcf6-20261004t024727-peer:8080 --candidate f5e0a532dcf6c2f0c44eb32d5213a9bf7812c250 --out /evidence/probes --case all,/evidence/probes/assertions.json#TK1-auth-reservation-list-bearer-no-value,verified
TK1-auth-reservation-list-bearer-empty,6. Authentication / 8. API,214,1,"1,2,3,4",systems-engineer,systems-engineer,independent-verifier,,reservation-list: malformed Bearer header with empty value gives 401 unauthenticated.,f5e0a532dcf6c2f0c44eb32d5213a9bf7812c250,black-box HTTP,auth,python3 /verifier/probe.py --base http://independent-verifier-s1-f5e0a532dcf6-20261004t024727-source:18309 --peer http://independent-verifier-s1-f5e0a532dcf6-20261004t024727-peer:8080 --candidate f5e0a532dcf6c2f0c44eb32d5213a9bf7812c250 --out /evidence/probes --case all,/evidence/probes/assertions.json#TK1-auth-reservation-list-bearer-empty,verified
TK1-auth-reservation-lookup-absent,6. Authentication / 8. API,214,1,"1,2,3,4",systems-engineer,systems-engineer,independent-verifier,,reservation-lookup: absent Authorization header gives 401 unauthenticated.,f5e0a532dcf6c2f0c44eb32d5213a9bf7812c250,black-box HTTP,auth,python3 /verifier/probe.py --base http://independent-verifier-s1-f5e0a532dcf6-20261004t024727-source:18309 --peer http://independent-verifier-s1-f5e0a532dcf6-20261004t024727-peer:8080 --candidate f5e0a532dcf6c2f0c44eb32d5213a9bf7812c250 --out /evidence/probes --case all,/evidence/probes/assertions.json#TK1-auth-reservation-lookup-absent,verified
TK1-auth-reservation-lookup-unknown,6. Authentication / 8. API,214,1,"1,2,3,4",systems-engineer,systems-engineer,independent-verifier,,reservation-lookup: unknown Bearer token gives 401 unauthenticated.,f5e0a532dcf6c2f0c44eb32d5213a9bf7812c250,black-box HTTP,auth,python3 /verifier/probe.py --base http://independent-verifier-s1-f5e0a532dcf6-20261004t024727-source:18309 --peer http://independent-verifier-s1-f5e0a532dcf6-20261004t024727-peer:8080 --candidate f5e0a532dcf6c2f0c44eb32d5213a9bf7812c250 --out /evidence/probes --case all,/evidence/probes/assertions.json#TK1-auth-reservation-lookup-unknown,verified
TK1-auth-reservation-lookup-basic,6. Authentication / 8. API,214,1,"1,2,3,4",systems-engineer,systems-engineer,independent-verifier,,reservation-lookup: malformed Basic authorization gives 401 unauthenticated.,f5e0a532dcf6c2f0c44eb32d5213a9bf7812c250,black-box HTTP,auth,python3 /verifier/probe.py --base http://independent-verifier-s1-f5e0a532dcf6-20261004t024727-source:18309 --peer http://independent-verifier-s1-f5e0a532dcf6-20261004t024727-peer:8080 --candidate f5e0a532dcf6c2f0c44eb32d5213a9bf7812c250 --out /evidence/probes --case all,/evidence/probes/assertions.json#TK1-auth-reservation-lookup-basic,verified
TK1-auth-reservation-lookup-bearer-no-value,6. Authentication / 8. API,214,1,"1,2,3,4",systems-engineer,systems-engineer,independent-verifier,,reservation-lookup: malformed Bearer header without a token gives 401 unauthenticated.,f5e0a532dcf6c2f0c44eb32d5213a9bf7812c250,black-box HTTP,auth,python3 /verifier/probe.py --base http://independent-verifier-s1-f5e0a532dcf6-20261004t024727-source:18309 --peer http://independent-verifier-s1-f5e0a532dcf6-20261004t024727-peer:8080 --candidate f5e0a532dcf6c2f0c44eb32d5213a9bf7812c250 --out /evidence/probes --case all,/evidence/probes/assertions.json#TK1-auth-reservation-lookup-bearer-no-value,verified
TK1-auth-reservation-lookup-bearer-empty,6. Authentication / 8. API,214,1,"1,2,3,4",systems-engineer,systems-engineer,independent-verifier,,reservation-lookup: malformed Bearer header with empty value gives 401 unauthenticated.,f5e0a532dcf6c2f0c44eb32d5213a9bf7812c250,black-box HTTP,auth,python3 /verifier/probe.py --base http://independent-verifier-s1-f5e0a532dcf6-20261004t024727-source:18309 --peer http://independent-verifier-s1-f5e0a532dcf6-20261004t024727-peer:8080 --candidate f5e0a532dcf6c2f0c44eb32d5213a9bf7812c250 --out /evidence/probes --case all,/evidence/probes/assertions.json#TK1-auth-reservation-lookup-bearer-empty,verified
TK1-auth-reservation-create-absent,6. Authentication / 8. API,214,1,"1,2,3,4",systems-engineer,systems-engineer,independent-verifier,,reservation-create: absent Authorization header gives 401 unauthenticated.,f5e0a532dcf6c2f0c44eb32d5213a9bf7812c250,black-box HTTP,auth,python3 /verifier/probe.py --base http://independent-verifier-s1-f5e0a532dcf6-20261004t024727-source:18309 --peer http://independent-verifier-s1-f5e0a532dcf6-20261004t024727-peer:8080 --candidate f5e0a532dcf6c2f0c44eb32d5213a9bf7812c250 --out /evidence/probes --case all,/evidence/probes/assertions.json#TK1-auth-reservation-create-absent,verified
TK1-auth-reservation-create-unknown,6. Authentication / 8. API,214,1,"1,2,3,4",systems-engineer,systems-engineer,independent-verifier,,reservation-create: unknown Bearer token gives 401 unauthenticated.,f5e0a532dcf6c2f0c44eb32d5213a9bf7812c250,black-box HTTP,auth,python3 /verifier/probe.py --base http://independent-verifier-s1-f5e0a532dcf6-20261004t024727-source:18309 --peer http://independent-verifier-s1-f5e0a532dcf6-20261004t024727-peer:8080 --candidate f5e0a532dcf6c2f0c44eb32d5213a9bf7812c250 --out /evidence/probes --case all,/evidence/probes/assertions.json#TK1-auth-reservation-create-unknown,verified
TK1-auth-reservation-create-basic,6. Authentication / 8. API,214,1,"1,2,3,4",systems-engineer,systems-engineer,independent-verifier,,reservation-create: malformed Basic authorization gives 401 unauthenticated.,f5e0a532dcf6c2f0c44eb32d5213a9bf7812c250,black-box HTTP,auth,python3 /verifier/probe.py --base http://independent-verifier-s1-f5e0a532dcf6-20261004t024727-source:18309 --peer http://independent-verifier-s1-f5e0a532dcf6-20261004t024727-peer:8080 --candidate f5e0a532dcf6c2f0c44eb32d5213a9bf7812c250 --out /evidence/probes --case all,/evidence/probes/assertions.json#TK1-auth-reservation-create-basic,verified
TK1-auth-reservation-create-bearer-no-value,6. Authentication / 8. API,214,1,"1,2,3,4",systems-engineer,systems-engineer,independent-verifier,,reservation-create: malformed Bearer header without a token gives 401 unauthenticated.,f5e0a532dcf6c2f0c44eb32d5213a9bf7812c250,black-box HTTP,auth,python3 /verifier/probe.py --base http://independent-verifier-s1-f5e0a532dcf6-20261004t024727-source:18309 --peer http://independent-verifier-s1-f5e0a532dcf6-20261004t024727-peer:8080 --candidate f5e0a532dcf6c2f0c44eb32d5213a9bf7812c250 --out /evidence/probes --case all,/evidence/probes/assertions.json#TK1-auth-reservation-create-bearer-no-value,verified
TK1-auth-reservation-create-bearer-empty,6. Authentication / 8. API,214,1,"1,2,3,4",systems-engineer,systems-engineer,independent-verifier,,reservation-create: malformed Bearer header with empty value gives 401 unauthenticated.,f5e0a532dcf6c2f0c44eb32d5213a9bf7812c250,black-box HTTP,auth,python3 /verifier/probe.py --base http://independent-verifier-s1-f5e0a532dcf6-20261004t024727-source:18309 --peer http://independent-verifier-s1-f5e0a532dcf6-20261004t024727-peer:8080 --candidate f5e0a532dcf6c2f0c44eb32d5213a9bf7812c250 --out /evidence/probes --case all,/evidence/probes/assertions.json#TK1-auth-reservation-create-bearer-empty,verified
TK1-auth-reservation-cancel-absent,6. Authentication / 8. API,214,1,"1,2,3,4",systems-engineer,systems-engineer,independent-verifier,,reservation-cancel: absent Authorization header gives 401 unauthenticated.,f5e0a532dcf6c2f0c44eb32d5213a9bf7812c250,black-box HTTP,auth,python3 /verifier/probe.py --base http://independent-verifier-s1-f5e0a532dcf6-20261004t024727-source:18309 --peer http://independent-verifier-s1-f5e0a532dcf6-20261004t024727-peer:8080 --candidate f5e0a532dcf6c2f0c44eb32d5213a9bf7812c250 --out /evidence/probes --case all,/evidence/probes/assertions.json#TK1-auth-reservation-cancel-absent,verified
TK1-auth-reservation-cancel-unknown,6. Authentication / 8. API,214,1,"1,2,3,4",systems-engineer,systems-engineer,independent-verifier,,reservation-cancel: unknown Bearer token gives 401 unauthenticated.,f5e0a532dcf6c2f0c44eb32d5213a9bf7812c250,black-box HTTP,auth,python3 /verifier/probe.py --base http://independent-verifier-s1-f5e0a532dcf6-20261004t024727-source:18309 --peer http://independent-verifier-s1-f5e0a532dcf6-20261004t024727-peer:8080 --candidate f5e0a532dcf6c2f0c44eb32d5213a9bf7812c250 --out /evidence/probes --case all,/evidence/probes/assertions.json#TK1-auth-reservation-cancel-unknown,verified
TK1-auth-reservation-cancel-basic,6. Authentication / 8. API,214,1,"1,2,3,4",systems-engineer,systems-engineer,independent-verifier,,reservation-cancel: malformed Basic authorization gives 401 unauthenticated.,f5e0a532dcf6c2f0c44eb32d5213a9bf7812c250,black-box HTTP,auth,python3 /verifier/probe.py --base http://independent-verifier-s1-f5e0a532dcf6-20261004t024727-source:18309 --peer http://independent-verifier-s1-f5e0a532dcf6-20261004t024727-peer:8080 --candidate f5e0a532dcf6c2f0c44eb32d5213a9bf7812c250 --out /evidence/probes --case all,/evidence/probes/assertions.json#TK1-auth-reservation-cancel-basic,verified
TK1-auth-reservation-cancel-bearer-no-value,6. Authentication / 8. API,214,1,"1,2,3,4",systems-engineer,systems-engineer,independent-verifier,,reservation-cancel: malformed Bearer header without a token gives 401 unauthenticated.,f5e0a532dcf6c2f0c44eb32d5213a9bf7812c250,black-box HTTP,auth,python3 /verifier/probe.py --base http://independent-verifier-s1-f5e0a532dcf6-20261004t024727-source:18309 --peer http://independent-verifier-s1-f5e0a532dcf6-20261004t024727-peer:8080 --candidate f5e0a532dcf6c2f0c44eb32d5213a9bf7812c250 --out /evidence/probes --case all,/evidence/probes/assertions.json#TK1-auth-reservation-cancel-bearer-no-value,verified
TK1-auth-reservation-cancel-bearer-empty,6. Authentication / 8. API,214,1,"1,2,3,4",systems-engineer,systems-engineer,independent-verifier,,reservation-cancel: malformed Bearer header with empty value gives 401 unauthenticated.,f5e0a532dcf6c2f0c44eb32d5213a9bf7812c250,black-box HTTP,auth,python3 /verifier/probe.py --base http://independent-verifier-s1-f5e0a532dcf6-20261004t024727-source:18309 --peer http://independent-verifier-s1-f5e0a532dcf6-20261004t024727-peer:8080 --candidate f5e0a532dcf6c2f0c44eb32d5213a9bf7812c250 --out /evidence/probes --case all,/evidence/probes/assertions.json#TK1-auth-reservation-cancel-bearer-empty,verified
TK1-auth-reservation-patch-absent,6. Authentication / 8. API,214,1,"1,2,3,4",systems-engineer,systems-engineer,independent-verifier,,reservation-patch: absent Authorization header gives 401 unauthenticated.,f5e0a532dcf6c2f0c44eb32d5213a9bf7812c250,black-box HTTP,auth,python3 /verifier/probe.py --base http://independent-verifier-s1-f5e0a532dcf6-20261004t024727-source:18309 --peer http://independent-verifier-s1-f5e0a532dcf6-20261004t024727-peer:8080 --candidate f5e0a532dcf6c2f0c44eb32d5213a9bf7812c250 --out /evidence/probes --case all,/evidence/probes/assertions.json#TK1-auth-reservation-patch-absent,verified
TK1-auth-reservation-patch-unknown,6. Authentication / 8. API,214,1,"1,2,3,4",systems-engineer,systems-engineer,independent-verifier,,reservation-patch: unknown Bearer token gives 401 unauthenticated.,f5e0a532dcf6c2f0c44eb32d5213a9bf7812c250,black-box HTTP,auth,python3 /verifier/probe.py --base http://independent-verifier-s1-f5e0a532dcf6-20261004t024727-source:18309 --peer http://independent-verifier-s1-f5e0a532dcf6-20261004t024727-peer:8080 --candidate f5e0a532dcf6c2f0c44eb32d5213a9bf7812c250 --out /evidence/probes --case all,/evidence/probes/assertions.json#TK1-auth-reservation-patch-unknown,verified
TK1-auth-reservation-patch-basic,6. Authentication / 8. API,214,1,"1,2,3,4",systems-engineer,systems-engineer,independent-verifier,,reservation-patch: malformed Basic authorization gives 401 unauthenticated.,f5e0a532dcf6c2f0c44eb32d5213a9bf7812c250,black-box HTTP,auth,python3 /verifier/probe.py --base http://independent-verifier-s1-f5e0a532dcf6-20261004t024727-source:18309 --peer http://independent-verifier-s1-f5e0a532dcf6-20261004t024727-peer:8080 --candidate f5e0a532dcf6c2f0c44eb32d5213a9bf7812c250 --out /evidence/probes --case all,/evidence/probes/assertions.json#TK1-auth-reservation-patch-basic,verified
TK1-auth-reservation-patch-bearer-no-value,6. Authentication / 8. API,214,1,"1,2,3,4",systems-engineer,systems-engineer,independent-verifier,,reservation-patch: malformed Bearer header without a token gives 401 unauthenticated.,f5e0a532dcf6c2f0c44eb32d5213a9bf7812c250,black-box HTTP,auth,python3 /verifier/probe.py --base http://independent-verifier-s1-f5e0a532dcf6-20261004t024727-source:18309 --peer http://independent-verifier-s1-f5e0a532dcf6-20261004t024727-peer:8080 --candidate f5e0a532dcf6c2f0c44eb32d5213a9bf7812c250 --out /evidence/probes --case all,/evidence/probes/assertions.json#TK1-auth-reservation-patch-bearer-no-value,verified
TK1-auth-reservation-patch-bearer-empty,6. Authentication / 8. API,214,1,"1,2,3,4",systems-engineer,systems-engineer,independent-verifier,,reservation-patch: malformed Bearer header with empty value gives 401 unauthenticated.,f5e0a532dcf6c2f0c44eb32d5213a9bf7812c250,black-box HTTP,auth,python3 /verifier/probe.py --base http://independent-verifier-s1-f5e0a532dcf6-20261004t024727-source:18309 --peer http://independent-verifier-s1-f5e0a532dcf6-20261004t024727-peer:8080 --candidate f5e0a532dcf6c2f0c44eb32d5213a9bf7812c250 --out /evidence/probes --case all,/evidence/probes/assertions.json#TK1-auth-reservation-patch-bearer-empty,verified
TK1-auth-moves-absent,6. Authentication / 8. API,214,1,"1,2,3,4",systems-engineer,systems-engineer,independent-verifier,,moves: absent Authorization header gives 401 unauthenticated.,f5e0a532dcf6c2f0c44eb32d5213a9bf7812c250,black-box HTTP,auth,python3 /verifier/probe.py --base http://independent-verifier-s1-f5e0a532dcf6-20261004t024727-source:18309 --peer http://independent-verifier-s1-f5e0a532dcf6-20261004t024727-peer:8080 --candidate f5e0a532dcf6c2f0c44eb32d5213a9bf7812c250 --out /evidence/probes --case all,/evidence/probes/assertions.json#TK1-auth-moves-absent,verified
TK1-auth-moves-unknown,6. Authentication / 8. API,214,1,"1,2,3,4",systems-engineer,systems-engineer,independent-verifier,,moves: unknown Bearer token gives 401 unauthenticated.,f5e0a532dcf6c2f0c44eb32d5213a9bf7812c250,black-box HTTP,auth,python3 /verifier/probe.py --base http://independent-verifier-s1-f5e0a532dcf6-20261004t024727-source:18309 --peer http://independent-verifier-s1-f5e0a532dcf6-20261004t024727-peer:8080 --candidate f5e0a532dcf6c2f0c44eb32d5213a9bf7812c250 --out /evidence/probes --case all,/evidence/probes/assertions.json#TK1-auth-moves-unknown,verified
TK1-auth-moves-basic,6. Authentication / 8. API,214,1,"1,2,3,4",systems-engineer,systems-engineer,independent-verifier,,moves: malformed Basic authorization gives 401 unauthenticated.,f5e0a532dcf6c2f0c44eb32d5213a9bf7812c250,black-box HTTP,auth,python3 /verifier/probe.py --base http://independent-verifier-s1-f5e0a532dcf6-20261004t024727-source:18309 --peer http://independent-verifier-s1-f5e0a532dcf6-20261004t024727-peer:8080 --candidate f5e0a532dcf6c2f0c44eb32d5213a9bf7812c250 --out /evidence/probes --case all,/evidence/probes/assertions.json#TK1-auth-moves-basic,verified
TK1-auth-moves-bearer-no-value,6. Authentication / 8. API,214,1,"1,2,3,4",systems-engineer,systems-engineer,independent-verifier,,moves: malformed Bearer header without a token gives 401 unauthenticated.,f5e0a532dcf6c2f0c44eb32d5213a9bf7812c250,black-box HTTP,auth,python3 /verifier/probe.py --base http://independent-verifier-s1-f5e0a532dcf6-20261004t024727-source:18309 --peer http://independent-verifier-s1-f5e0a532dcf6-20261004t024727-peer:8080 --candidate f5e0a532dcf6c2f0c44eb32d5213a9bf7812c250 --out /evidence/probes --case all,/evidence/probes/assertions.json#TK1-auth-moves-bearer-no-value,verified
TK1-auth-moves-bearer-empty,6. Authentication / 8. API,214,1,"1,2,3,4",systems-engineer,systems-engineer,independent-verifier,,moves: malformed Bearer header with empty value gives 401 unauthenticated.,f5e0a532dcf6c2f0c44eb32d5213a9bf7812c250,black-box HTTP,auth,python3 /verifier/probe.py --base http://independent-verifier-s1-f5e0a532dcf6-20261004t024727-source:18309 --peer http://independent-verifier-s1-f5e0a532dcf6-20261004t024727-peer:8080 --candidate f5e0a532dcf6c2f0c44eb32d5213a9bf7812c250 --out /evidence/probes --case all,/evidence/probes/assertions.json#TK1-auth-moves-bearer-empty,verified
TK1-validation-create-party-string,5. Errors / 8. POST/PATCH /reservations / 11. Atomic reservation moves,169,1,"1,2,3,4",systems-engineer,systems-engineer,independent-verifier,,create: string party size returns 422 validation_failed.,f5e0a532dcf6c2f0c44eb32d5213a9bf7812c250,black-box HTTP,validation,python3 /verifier/probe.py --base http://independent-verifier-s1-f5e0a532dcf6-20261004t024727-source:18309 --peer http://independent-verifier-s1-f5e0a532dcf6-20261004t024727-peer:8080 --candidate f5e0a532dcf6c2f0c44eb32d5213a9bf7812c250 --out /evidence/probes --case all,/evidence/probes/assertions.json#TK1-validation-create-party-string,verified
TK1-validation-create-party-bool,5. Errors / 8. POST/PATCH /reservations / 11. Atomic reservation moves,169,1,"1,2,3,4",systems-engineer,systems-engineer,independent-verifier,,create: boolean party size returns 422 validation_failed.,f5e0a532dcf6c2f0c44eb32d5213a9bf7812c250,black-box HTTP,validation,python3 /verifier/probe.py --base http://independent-verifier-s1-f5e0a532dcf6-20261004t024727-source:18309 --peer http://independent-verifier-s1-f5e0a532dcf6-20261004t024727-peer:8080 --candidate f5e0a532dcf6c2f0c44eb32d5213a9bf7812c250 --out /evidence/probes --case all,/evidence/probes/assertions.json#TK1-validation-create-party-bool,verified
TK1-validation-create-party-fraction,5. Errors / 8. POST/PATCH /reservations / 11. Atomic reservation moves,169,1,"1,2,3,4",systems-engineer,systems-engineer,independent-verifier,,create: nonintegral party size returns 422 validation_failed.,f5e0a532dcf6c2f0c44eb32d5213a9bf7812c250,black-box HTTP,validation,python3 /verifier/probe.py --base http://independent-verifier-s1-f5e0a532dcf6-20261004t024727-source:18309 --peer http://independent-verifier-s1-f5e0a532dcf6-20261004t024727-peer:8080 --candidate f5e0a532dcf6c2f0c44eb32d5213a9bf7812c250 --out /evidence/probes --case all,/evidence/probes/assertions.json#TK1-validation-create-party-fraction,verified
TK1-validation-create-party-zero,5. Errors / 8. POST/PATCH /reservations / 11. Atomic reservation moves,169,1,"1,2,3,4",systems-engineer,systems-engineer,independent-verifier,,create: zero party size returns 422 validation_failed.,f5e0a532dcf6c2f0c44eb32d5213a9bf7812c250,black-box HTTP,validation,python3 /verifier/probe.py --base http://independent-verifier-s1-f5e0a532dcf6-20261004t024727-source:18309 --peer http://independent-verifier-s1-f5e0a532dcf6-20261004t024727-peer:8080 --candidate f5e0a532dcf6c2f0c44eb32d5213a9bf7812c250 --out /evidence/probes --case all,/evidence/probes/assertions.json#TK1-validation-create-party-zero,verified
TK1-validation-create-party-negative,5. Errors / 8. POST/PATCH /reservations / 11. Atomic reservation moves,169,1,"1,2,3,4",systems-engineer,systems-engineer,independent-verifier,,create: negative party size returns 422 validation_failed.,f5e0a532dcf6c2f0c44eb32d5213a9bf7812c250,black-box HTTP,validation,python3 /verifier/probe.py --base http://independent-verifier-s1-f5e0a532dcf6-20261004t024727-source:18309 --peer http://independent-verifier-s1-f5e0a532dcf6-20261004t024727-peer:8080 --candidate f5e0a532dcf6c2f0c44eb32d5213a9bf7812c250 --out /evidence/probes --case all,/evidence/probes/assertions.json#TK1-validation-create-party-negative,verified
TK1-validation-create-time-wrong-type,5. Errors / 8. POST/PATCH /reservations / 11. Atomic reservation moves,169,1,"1,2,3,4",systems-engineer,systems-engineer,independent-verifier,,create: numeric local timestamp returns 400 malformed_request.,f5e0a532dcf6c2f0c44eb32d5213a9bf7812c250,black-box HTTP,validation,python3 /verifier/probe.py --base http://independent-verifier-s1-f5e0a532dcf6-20261004t024727-source:18309 --peer http://independent-verifier-s1-f5e0a532dcf6-20261004t024727-peer:8080 --candidate f5e0a532dcf6c2f0c44eb32d5213a9bf7812c250 --out /evidence/probes --case all,/evidence/probes/assertions.json#TK1-validation-create-time-wrong-type,verified
TK1-validation-create-time-z,5. Errors / 8. POST/PATCH /reservations / 11. Atomic reservation moves,169,1,"1,2,3,4",systems-engineer,systems-engineer,independent-verifier,,create: local timestamp ending in Z returns 422 validation_failed.,f5e0a532dcf6c2f0c44eb32d5213a9bf7812c250,black-box HTTP,validation,python3 /verifier/probe.py --base http://independent-verifier-s1-f5e0a532dcf6-20261004t024727-source:18309 --peer http://independent-verifier-s1-f5e0a532dcf6-20261004t024727-peer:8080 --candidate f5e0a532dcf6c2f0c44eb32d5213a9bf7812c250 --out /evidence/probes --case all,/evidence/probes/assertions.json#TK1-validation-create-time-z,verified
TK1-validation-create-time-offset,5. Errors / 8. POST/PATCH /reservations / 11. Atomic reservation moves,169,1,"1,2,3,4",systems-engineer,systems-engineer,independent-verifier,,create: local timestamp with explicit offset returns 422 validation_failed.,f5e0a532dcf6c2f0c44eb32d5213a9bf7812c250,black-box HTTP,validation,python3 /verifier/probe.py --base http://independent-verifier-s1-f5e0a532dcf6-20261004t024727-source:18309 --peer http://independent-verifier-s1-f5e0a532dcf6-20261004t024727-peer:8080 --candidate f5e0a532dcf6c2f0c44eb32d5213a9bf7812c250 --out /evidence/probes --case all,/evidence/probes/assertions.json#TK1-validation-create-time-offset,verified
TK1-validation-create-time-seconds,5. Errors / 8. POST/PATCH /reservations / 11. Atomic reservation moves,169,1,"1,2,3,4",systems-engineer,systems-engineer,independent-verifier,,create: local timestamp including seconds returns 422 validation_failed.,f5e0a532dcf6c2f0c44eb32d5213a9bf7812c250,black-box HTTP,validation,python3 /verifier/probe.py --base http://independent-verifier-s1-f5e0a532dcf6-20261004t024727-source:18309 --peer http://independent-verifier-s1-f5e0a532dcf6-20261004t024727-peer:8080 --candidate f5e0a532dcf6c2f0c44eb32d5213a9bf7812c250 --out /evidence/probes --case all,/evidence/probes/assertions.json#TK1-validation-create-time-seconds,verified
TK1-validation-create-time-space,5. Errors / 8. POST/PATCH /reservations / 11. Atomic reservation moves,169,1,"1,2,3,4",systems-engineer,systems-engineer,independent-verifier,,create: space instead of T separator returns 422 validation_failed.,f5e0a532dcf6c2f0c44eb32d5213a9bf7812c250,black-box HTTP,validation,python3 /verifier/probe.py --base http://independent-verifier-s1-f5e0a532dcf6-20261004t024727-source:18309 --peer http://independent-verifier-s1-f5e0a532dcf6-20261004t024727-peer:8080 --candidate f5e0a532dcf6c2f0c44eb32d5213a9bf7812c250 --out /evidence/probes --case all,/evidence/probes/assertions.json#TK1-validation-create-time-space,verified
TK1-validation-create-time-unpadded,5. Errors / 8. POST/PATCH /reservations / 11. Atomic reservation moves,169,1,"1,2,3,4",systems-engineer,systems-engineer,independent-verifier,,create: unpadded calendar components returns 422 validation_failed.,f5e0a532dcf6c2f0c44eb32d5213a9bf7812c250,black-box HTTP,validation,python3 /verifier/probe.py --base http://independent-verifier-s1-f5e0a532dcf6-20261004t024727-source:18309 --peer http://independent-verifier-s1-f5e0a532dcf6-20261004t024727-peer:8080 --candidate f5e0a532dcf6c2f0c44eb32d5213a9bf7812c250 --out /evidence/probes --case all,/evidence/probes/assertions.json#TK1-validation-create-time-unpadded,verified
TK1-validation-create-date-nonleap,5. Errors / 8. POST/PATCH /reservations / 11. Atomic reservation moves,169,1,"1,2,3,4",systems-engineer,systems-engineer,independent-verifier,,create: February 29 in a non-leap year returns 422 validation_failed.,f5e0a532dcf6c2f0c44eb32d5213a9bf7812c250,black-box HTTP,validation,python3 /verifier/probe.py --base http://independent-verifier-s1-f5e0a532dcf6-20261004t024727-source:18309 --peer http://independent-verifier-s1-f5e0a532dcf6-20261004t024727-peer:8080 --candidate f5e0a532dcf6c2f0c44eb32d5213a9bf7812c250 --out /evidence/probes --case all,/evidence/probes/assertions.json#TK1-validation-create-date-nonleap,verified
TK1-validation-create-date-month,5. Errors / 8. POST/PATCH /reservations / 11. Atomic reservation moves,169,1,"1,2,3,4",systems-engineer,systems-engineer,independent-verifier,,create: month thirteen returns 422 validation_failed.,f5e0a532dcf6c2f0c44eb32d5213a9bf7812c250,black-box HTTP,validation,python3 /verifier/probe.py --base http://independent-verifier-s1-f5e0a532dcf6-20261004t024727-source:18309 --peer http://independent-verifier-s1-f5e0a532dcf6-20261004t024727-peer:8080 --candidate f5e0a532dcf6c2f0c44eb32d5213a9bf7812c250 --out /evidence/probes --case all,/evidence/probes/assertions.json#TK1-validation-create-date-month,verified
TK1-validation-create-date-day,5. Errors / 8. POST/PATCH /reservations / 11. Atomic reservation moves,169,1,"1,2,3,4",systems-engineer,systems-engineer,independent-verifier,,create: April 31 returns 422 validation_failed.,f5e0a532dcf6c2f0c44eb32d5213a9bf7812c250,black-box HTTP,validation,python3 /verifier/probe.py --base http://independent-verifier-s1-f5e0a532dcf6-20261004t024727-source:18309 --peer http://independent-verifier-s1-f5e0a532dcf6-20261004t024727-peer:8080 --candidate f5e0a532dcf6c2f0c44eb32d5213a9bf7812c250 --out /evidence/probes --case all,/evidence/probes/assertions.json#TK1-validation-create-date-day,verified
TK1-validation-create-restaurant_id-bool,5. Errors / 8. POST/PATCH /reservations / 11. Atomic reservation moves,169,1,"1,2,3,4",systems-engineer,systems-engineer,independent-verifier,,create: bool restaurant_id returns 400 malformed_request.,f5e0a532dcf6c2f0c44eb32d5213a9bf7812c250,black-box HTTP,validation,python3 /verifier/probe.py --base http://independent-verifier-s1-f5e0a532dcf6-20261004t024727-source:18309 --peer http://independent-verifier-s1-f5e0a532dcf6-20261004t024727-peer:8080 --candidate f5e0a532dcf6c2f0c44eb32d5213a9bf7812c250 --out /evidence/probes --case all,/evidence/probes/assertions.json#TK1-validation-create-restaurant_id-bool,verified
TK1-validation-create-restaurant_id-array,5. Errors / 8. POST/PATCH /reservations / 11. Atomic reservation moves,169,1,"1,2,3,4",systems-engineer,systems-engineer,independent-verifier,,create: array restaurant_id returns 400 malformed_request.,f5e0a532dcf6c2f0c44eb32d5213a9bf7812c250,black-box HTTP,validation,python3 /verifier/probe.py --base http://independent-verifier-s1-f5e0a532dcf6-20261004t024727-source:18309 --peer http://independent-verifier-s1-f5e0a532dcf6-20261004t024727-peer:8080 --candidate f5e0a532dcf6c2f0c44eb32d5213a9bf7812c250 --out /evidence/probes --case all,/evidence/probes/assertions.json#TK1-validation-create-restaurant_id-array,verified
TK1-validation-create-restaurant_id-object,5. Errors / 8. POST/PATCH /reservations / 11. Atomic reservation moves,169,1,"1,2,3,4",systems-engineer,systems-engineer,independent-verifier,,create: object restaurant_id returns 400 malformed_request.,f5e0a532dcf6c2f0c44eb32d5213a9bf7812c250,black-box HTTP,validation,python3 /verifier/probe.py --base http://independent-verifier-s1-f5e0a532dcf6-20261004t024727-source:18309 --peer http://independent-verifier-s1-f5e0a532dcf6-20261004t024727-peer:8080 --candidate f5e0a532dcf6c2f0c44eb32d5213a9bf7812c250 --out /evidence/probes --case all,/evidence/probes/assertions.json#TK1-validation-create-restaurant_id-object,verified
TK1-validation-create-restaurant_id-number,5. Errors / 8. POST/PATCH /reservations / 11. Atomic reservation moves,169,1,"1,2,3,4",systems-engineer,systems-engineer,independent-verifier,,create: number restaurant_id returns 400 malformed_request.,f5e0a532dcf6c2f0c44eb32d5213a9bf7812c250,black-box HTTP,validation,python3 /verifier/probe.py --base http://independent-verifier-s1-f5e0a532dcf6-20261004t024727-source:18309 --peer http://independent-verifier-s1-f5e0a532dcf6-20261004t024727-peer:8080 --candidate f5e0a532dcf6c2f0c44eb32d5213a9bf7812c250 --out /evidence/probes --case all,/evidence/probes/assertions.json#TK1-validation-create-restaurant_id-number,verified
TK1-validation-create-restaurant_id-null,5. Errors / 8. POST/PATCH /reservations / 11. Atomic reservation moves,169,1,"1,2,3,4",systems-engineer,systems-engineer,independent-verifier,,create: null restaurant_id returns 400 malformed_request.,f5e0a532dcf6c2f0c44eb32d5213a9bf7812c250,black-box HTTP,validation,python3 /verifier/probe.py --base http://independent-verifier-s1-f5e0a532dcf6-20261004t024727-source:18309 --peer http://independent-verifier-s1-f5e0a532dcf6-20261004t024727-peer:8080 --candidate f5e0a532dcf6c2f0c44eb32d5213a9bf7812c250 --out /evidence/probes --case all,/evidence/probes/assertions.json#TK1-validation-create-restaurant_id-null,verified
TK1-validation-create-table_id-bool,5. Errors / 8. POST/PATCH /reservations / 11. Atomic reservation moves,169,1,"1,2,3,4",systems-engineer,systems-engineer,independent-verifier,,create: bool table_id returns 400 malformed_request.,f5e0a532dcf6c2f0c44eb32d5213a9bf7812c250,black-box HTTP,validation,python3 /verifier/probe.py --base http://independent-verifier-s1-f5e0a532dcf6-20261004t024727-source:18309 --peer http://independent-verifier-s1-f5e0a532dcf6-20261004t024727-peer:8080 --candidate f5e0a532dcf6c2f0c44eb32d5213a9bf7812c250 --out /evidence/probes --case all,/evidence/probes/assertions.json#TK1-validation-create-table_id-bool,verified
TK1-validation-create-table_id-array,5. Errors / 8. POST/PATCH /reservations / 11. Atomic reservation moves,169,1,"1,2,3,4",systems-engineer,systems-engineer,independent-verifier,,create: array table_id returns 400 malformed_request.,f5e0a532dcf6c2f0c44eb32d5213a9bf7812c250,black-box HTTP,validation,python3 /verifier/probe.py --base http://independent-verifier-s1-f5e0a532dcf6-20261004t024727-source:18309 --peer http://independent-verifier-s1-f5e0a532dcf6-20261004t024727-peer:8080 --candidate f5e0a532dcf6c2f0c44eb32d5213a9bf7812c250 --out /evidence/probes --case all,/evidence/probes/assertions.json#TK1-validation-create-table_id-array,verified
TK1-validation-create-table_id-object,5. Errors / 8. POST/PATCH /reservations / 11. Atomic reservation moves,169,1,"1,2,3,4",systems-engineer,systems-engineer,independent-verifier,,create: object table_id returns 400 malformed_request.,f5e0a532dcf6c2f0c44eb32d5213a9bf7812c250,black-box HTTP,validation,python3 /verifier/probe.py --base http://independent-verifier-s1-f5e0a532dcf6-20261004t024727-source:18309 --peer http://independent-verifier-s1-f5e0a532dcf6-20261004t024727-peer:8080 --candidate f5e0a532dcf6c2f0c44eb32d5213a9bf7812c250 --out /evidence/probes --case all,/evidence/probes/assertions.json#TK1-validation-create-table_id-object,verified
TK1-validation-create-table_id-number,5. Errors / 8. POST/PATCH /reservations / 11. Atomic reservation moves,169,1,"1,2,3,4",systems-engineer,systems-engineer,independent-verifier,,create: number table_id returns 400 malformed_request.,f5e0a532dcf6c2f0c44eb32d5213a9bf7812c250,black-box HTTP,validation,python3 /verifier/probe.py --base http://independent-verifier-s1-f5e0a532dcf6-20261004t024727-source:18309 --peer http://independent-verifier-s1-f5e0a532dcf6-20261004t024727-peer:8080 --candidate f5e0a532dcf6c2f0c44eb32d5213a9bf7812c250 --out /evidence/probes --case all,/evidence/probes/assertions.json#TK1-validation-create-table_id-number,verified
TK1-validation-create-table_id-null,5. Errors / 8. POST/PATCH /reservations / 11. Atomic reservation moves,169,1,"1,2,3,4",systems-engineer,systems-engineer,independent-verifier,,create: null table_id returns 400 malformed_request.,f5e0a532dcf6c2f0c44eb32d5213a9bf7812c250,black-box HTTP,validation,python3 /verifier/probe.py --base http://independent-verifier-s1-f5e0a532dcf6-20261004t024727-source:18309 --peer http://independent-verifier-s1-f5e0a532dcf6-20261004t024727-peer:8080 --candidate f5e0a532dcf6c2f0c44eb32d5213a9bf7812c250 --out /evidence/probes --case all,/evidence/probes/assertions.json#TK1-validation-create-table_id-null,verified
TK1-validation-patch-party-string,5. Errors / 8. POST/PATCH /reservations / 11. Atomic reservation moves,169,1,"1,2,3,4",systems-engineer,systems-engineer,independent-verifier,,patch: string party size returns 422 validation_failed.,f5e0a532dcf6c2f0c44eb32d5213a9bf7812c250,black-box HTTP,validation,python3 /verifier/probe.py --base http://independent-verifier-s1-f5e0a532dcf6-20261004t024727-source:18309 --peer http://independent-verifier-s1-f5e0a532dcf6-20261004t024727-peer:8080 --candidate f5e0a532dcf6c2f0c44eb32d5213a9bf7812c250 --out /evidence/probes --case all,/evidence/probes/assertions.json#TK1-validation-patch-party-string,verified
TK1-validation-patch-party-bool,5. Errors / 8. POST/PATCH /reservations / 11. Atomic reservation moves,169,1,"1,2,3,4",systems-engineer,systems-engineer,independent-verifier,,patch: boolean party size returns 422 validation_failed.,f5e0a532dcf6c2f0c44eb32d5213a9bf7812c250,black-box HTTP,validation,python3 /verifier/probe.py --base http://independent-verifier-s1-f5e0a532dcf6-20261004t024727-source:18309 --peer http://independent-verifier-s1-f5e0a532dcf6-20261004t024727-peer:8080 --candidate f5e0a532dcf6c2f0c44eb32d5213a9bf7812c250 --out /evidence/probes --case all,/evidence/probes/assertions.json#TK1-validation-patch-party-bool,verified
TK1-validation-patch-party-fraction,5. Errors / 8. POST/PATCH /reservations / 11. Atomic reservation moves,169,1,"1,2,3,4",systems-engineer,systems-engineer,independent-verifier,,patch: nonintegral party size returns 422 validation_failed.,f5e0a532dcf6c2f0c44eb32d5213a9bf7812c250,black-box HTTP,validation,python3 /verifier/probe.py --base http://independent-verifier-s1-f5e0a532dcf6-20261004t024727-source:18309 --peer http://independent-verifier-s1-f5e0a532dcf6-20261004t024727-peer:8080 --candidate f5e0a532dcf6c2f0c44eb32d5213a9bf7812c250 --out /evidence/probes --case all,/evidence/probes/assertions.json#TK1-validation-patch-party-fraction,verified
TK1-validation-patch-party-zero,5. Errors / 8. POST/PATCH /reservations / 11. Atomic reservation moves,169,1,"1,2,3,4",systems-engineer,systems-engineer,independent-verifier,,patch: zero party size returns 422 validation_failed.,f5e0a532dcf6c2f0c44eb32d5213a9bf7812c250,black-box HTTP,validation,python3 /verifier/probe.py --base http://independent-verifier-s1-f5e0a532dcf6-20261004t024727-source:18309 --peer http://independent-verifier-s1-f5e0a532dcf6-20261004t024727-peer:8080 --candidate f5e0a532dcf6c2f0c44eb32d5213a9bf7812c250 --out /evidence/probes --case all,/evidence/probes/assertions.json#TK1-validation-patch-party-zero,verified
TK1-validation-patch-party-negative,5. Errors / 8. POST/PATCH /reservations / 11. Atomic reservation moves,169,1,"1,2,3,4",systems-engineer,systems-engineer,independent-verifier,,patch: negative party size returns 422 validation_failed.,f5e0a532dcf6c2f0c44eb32d5213a9bf7812c250,black-box HTTP,validation,python3 /verifier/probe.py --base http://independent-verifier-s1-f5e0a532dcf6-20261004t024727-source:18309 --peer http://independent-verifier-s1-f5e0a532dcf6-20261004t024727-peer:8080 --candidate f5e0a532dcf6c2f0c44eb32d5213a9bf7812c250 --out /evidence/probes --case all,/evidence/probes/assertions.json#TK1-validation-patch-party-negative,verified
TK1-validation-patch-time-wrong-type,5. Errors / 8. POST/PATCH /reservations / 11. Atomic reservation moves,169,1,"1,2,3,4",systems-engineer,systems-engineer,independent-verifier,,patch: numeric local timestamp returns 400 malformed_request.,f5e0a532dcf6c2f0c44eb32d5213a9bf7812c250,black-box HTTP,validation,python3 /verifier/probe.py --base http://independent-verifier-s1-f5e0a532dcf6-20261004t024727-source:18309 --peer http://independent-verifier-s1-f5e0a532dcf6-20261004t024727-peer:8080 --candidate f5e0a532dcf6c2f0c44eb32d5213a9bf7812c250 --out /evidence/probes --case all,/evidence/probes/assertions.json#TK1-validation-patch-time-wrong-type,verified
TK1-validation-patch-time-z,5. Errors / 8. POST/PATCH /reservations / 11. Atomic reservation moves,169,1,"1,2,3,4",systems-engineer,systems-engineer,independent-verifier,,patch: local timestamp ending in Z returns 422 validation_failed.,f5e0a532dcf6c2f0c44eb32d5213a9bf7812c250,black-box HTTP,validation,python3 /verifier/probe.py --base http://independent-verifier-s1-f5e0a532dcf6-20261004t024727-source:18309 --peer http://independent-verifier-s1-f5e0a532dcf6-20261004t024727-peer:8080 --candidate f5e0a532dcf6c2f0c44eb32d5213a9bf7812c250 --out /evidence/probes --case all,/evidence/probes/assertions.json#TK1-validation-patch-time-z,verified
TK1-validation-patch-time-offset,5. Errors / 8. POST/PATCH /reservations / 11. Atomic reservation moves,169,1,"1,2,3,4",systems-engineer,systems-engineer,independent-verifier,,patch: local timestamp with explicit offset returns 422 validation_failed.,f5e0a532dcf6c2f0c44eb32d5213a9bf7812c250,black-box HTTP,validation,python3 /verifier/probe.py --base http://independent-verifier-s1-f5e0a532dcf6-20261004t024727-source:18309 --peer http://independent-verifier-s1-f5e0a532dcf6-20261004t024727-peer:8080 --candidate f5e0a532dcf6c2f0c44eb32d5213a9bf7812c250 --out /evidence/probes --case all,/evidence/probes/assertions.json#TK1-validation-patch-time-offset,verified
TK1-validation-patch-time-seconds,5. Errors / 8. POST/PATCH /reservations / 11. Atomic reservation moves,169,1,"1,2,3,4",systems-engineer,systems-engineer,independent-verifier,,patch: local timestamp including seconds returns 422 validation_failed.,f5e0a532dcf6c2f0c44eb32d5213a9bf7812c250,black-box HTTP,validation,python3 /verifier/probe.py --base http://independent-verifier-s1-f5e0a532dcf6-20261004t024727-source:18309 --peer http://independent-verifier-s1-f5e0a532dcf6-20261004t024727-peer:8080 --candidate f5e0a532dcf6c2f0c44eb32d5213a9bf7812c250 --out /evidence/probes --case all,/evidence/probes/assertions.json#TK1-validation-patch-time-seconds,verified
TK1-validation-patch-time-space,5. Errors / 8. POST/PATCH /reservations / 11. Atomic reservation moves,169,1,"1,2,3,4",systems-engineer,systems-engineer,independent-verifier,,patch: space instead of T separator returns 422 validation_failed.,f5e0a532dcf6c2f0c44eb32d5213a9bf7812c250,black-box HTTP,validation,python3 /verifier/probe.py --base http://independent-verifier-s1-f5e0a532dcf6-20261004t024727-source:18309 --peer http://independent-verifier-s1-f5e0a532dcf6-20261004t024727-peer:8080 --candidate f5e0a532dcf6c2f0c44eb32d5213a9bf7812c250 --out /evidence/probes --case all,/evidence/probes/assertions.json#TK1-validation-patch-time-space,verified
TK1-validation-patch-time-unpadded,5. Errors / 8. POST/PATCH /reservations / 11. Atomic reservation moves,169,1,"1,2,3,4",systems-engineer,systems-engineer,independent-verifier,,patch: unpadded calendar components returns 422 validation_failed.,f5e0a532dcf6c2f0c44eb32d5213a9bf7812c250,black-box HTTP,validation,python3 /verifier/probe.py --base http://independent-verifier-s1-f5e0a532dcf6-20261004t024727-source:18309 --peer http://independent-verifier-s1-f5e0a532dcf6-20261004t024727-peer:8080 --candidate f5e0a532dcf6c2f0c44eb32d5213a9bf7812c250 --out /evidence/probes --case all,/evidence/probes/assertions.json#TK1-validation-patch-time-unpadded,verified
TK1-validation-patch-date-nonleap,5. Errors / 8. POST/PATCH /reservations / 11. Atomic reservation moves,169,1,"1,2,3,4",systems-engineer,systems-engineer,independent-verifier,,patch: February 29 in a non-leap year returns 422 validation_failed.,f5e0a532dcf6c2f0c44eb32d5213a9bf7812c250,black-box HTTP,validation,python3 /verifier/probe.py --base http://independent-verifier-s1-f5e0a532dcf6-20261004t024727-source:18309 --peer http://independent-verifier-s1-f5e0a532dcf6-20261004t024727-peer:8080 --candidate f5e0a532dcf6c2f0c44eb32d5213a9bf7812c250 --out /evidence/probes --case all,/evidence/probes/assertions.json#TK1-validation-patch-date-nonleap,verified
TK1-validation-patch-date-month,5. Errors / 8. POST/PATCH /reservations / 11. Atomic reservation moves,169,1,"1,2,3,4",systems-engineer,systems-engineer,independent-verifier,,patch: month thirteen returns 422 validation_failed.,f5e0a532dcf6c2f0c44eb32d5213a9bf7812c250,black-box HTTP,validation,python3 /verifier/probe.py --base http://independent-verifier-s1-f5e0a532dcf6-20261004t024727-source:18309 --peer http://independent-verifier-s1-f5e0a532dcf6-20261004t024727-peer:8080 --candidate f5e0a532dcf6c2f0c44eb32d5213a9bf7812c250 --out /evidence/probes --case all,/evidence/probes/assertions.json#TK1-validation-patch-date-month,verified
TK1-validation-patch-date-day,5. Errors / 8. POST/PATCH /reservations / 11. Atomic reservation moves,169,1,"1,2,3,4",systems-engineer,systems-engineer,independent-verifier,,patch: April 31 returns 422 validation_failed.,f5e0a532dcf6c2f0c44eb32d5213a9bf7812c250,black-box HTTP,validation,python3 /verifier/probe.py --base http://independent-verifier-s1-f5e0a532dcf6-20261004t024727-source:18309 --peer http://independent-verifier-s1-f5e0a532dcf6-20261004t024727-peer:8080 --candidate f5e0a532dcf6c2f0c44eb32d5213a9bf7812c250 --out /evidence/probes --case all,/evidence/probes/assertions.json#TK1-validation-patch-date-day,verified
TK1-validation-patch-table_id-bool,5. Errors / 8. POST/PATCH /reservations / 11. Atomic reservation moves,169,1,"1,2,3,4",systems-engineer,systems-engineer,independent-verifier,,patch: bool table_id returns 400 malformed_request.,f5e0a532dcf6c2f0c44eb32d5213a9bf7812c250,black-box HTTP,validation,python3 /verifier/probe.py --base http://independent-verifier-s1-f5e0a532dcf6-20261004t024727-source:18309 --peer http://independent-verifier-s1-f5e0a532dcf6-20261004t024727-peer:8080 --candidate f5e0a532dcf6c2f0c44eb32d5213a9bf7812c250 --out /evidence/probes --case all,/evidence/probes/assertions.json#TK1-validation-patch-table_id-bool,verified
TK1-validation-patch-table_id-array,5. Errors / 8. POST/PATCH /reservations / 11. Atomic reservation moves,169,1,"1,2,3,4",systems-engineer,systems-engineer,independent-verifier,,patch: array table_id returns 400 malformed_request.,f5e0a532dcf6c2f0c44eb32d5213a9bf7812c250,black-box HTTP,validation,python3 /verifier/probe.py --base http://independent-verifier-s1-f5e0a532dcf6-20261004t024727-source:18309 --peer http://independent-verifier-s1-f5e0a532dcf6-20261004t024727-peer:8080 --candidate f5e0a532dcf6c2f0c44eb32d5213a9bf7812c250 --out /evidence/probes --case all,/evidence/probes/assertions.json#TK1-validation-patch-table_id-array,verified
TK1-validation-patch-table_id-object,5. Errors / 8. POST/PATCH /reservations / 11. Atomic reservation moves,169,1,"1,2,3,4",systems-engineer,systems-engineer,independent-verifier,,patch: object table_id returns 400 malformed_request.,f5e0a532dcf6c2f0c44eb32d5213a9bf7812c250,black-box HTTP,validation,python3 /verifier/probe.py --base http://independent-verifier-s1-f5e0a532dcf6-20261004t024727-source:18309 --peer http://independent-verifier-s1-f5e0a532dcf6-20261004t024727-peer:8080 --candidate f5e0a532dcf6c2f0c44eb32d5213a9bf7812c250 --out /evidence/probes --case all,/evidence/probes/assertions.json#TK1-validation-patch-table_id-object,verified
TK1-validation-patch-table_id-number,5. Errors / 8. POST/PATCH /reservations / 11. Atomic reservation moves,169,1,"1,2,3,4",systems-engineer,systems-engineer,independent-verifier,,patch: number table_id returns 400 malformed_request.,f5e0a532dcf6c2f0c44eb32d5213a9bf7812c250,black-box HTTP,validation,python3 /verifier/probe.py --base http://independent-verifier-s1-f5e0a532dcf6-20261004t024727-source:18309 --peer http://independent-verifier-s1-f5e0a532dcf6-20261004t024727-peer:8080 --candidate f5e0a532dcf6c2f0c44eb32d5213a9bf7812c250 --out /evidence/probes --case all,/evidence/probes/assertions.json#TK1-validation-patch-table_id-number,verified
TK1-validation-patch-table_id-null,5. Errors / 8. POST/PATCH /reservations / 11. Atomic reservation moves,169,1,"1,2,3,4",systems-engineer,systems-engineer,independent-verifier,,patch: null table_id returns 400 malformed_request.,f5e0a532dcf6c2f0c44eb32d5213a9bf7812c250,black-box HTTP,validation,python3 /verifier/probe.py --base http://independent-verifier-s1-f5e0a532dcf6-20261004t024727-source:18309 --peer http://independent-verifier-s1-f5e0a532dcf6-20261004t024727-peer:8080 --candidate f5e0a532dcf6c2f0c44eb32d5213a9bf7812c250 --out /evidence/probes --case all,/evidence/probes/assertions.json#TK1-validation-patch-table_id-null,verified
TK1-validation-batch-party-string,5. Errors / 8. POST/PATCH /reservations / 11. Atomic reservation moves,169,1,"1,2,3,4",systems-engineer,systems-engineer,independent-verifier,,batch: string party size returns 422 validation_failed.,f5e0a532dcf6c2f0c44eb32d5213a9bf7812c250,black-box HTTP,validation,python3 /verifier/probe.py --base http://independent-verifier-s1-f5e0a532dcf6-20261004t024727-source:18309 --peer http://independent-verifier-s1-f5e0a532dcf6-20261004t024727-peer:8080 --candidate f5e0a532dcf6c2f0c44eb32d5213a9bf7812c250 --out /evidence/probes --case all,/evidence/probes/assertions.json#TK1-validation-batch-party-string,verified
TK1-validation-batch-party-bool,5. Errors / 8. POST/PATCH /reservations / 11. Atomic reservation moves,169,1,"1,2,3,4",systems-engineer,systems-engineer,independent-verifier,,batch: boolean party size returns 422 validation_failed.,f5e0a532dcf6c2f0c44eb32d5213a9bf7812c250,black-box HTTP,validation,python3 /verifier/probe.py --base http://independent-verifier-s1-f5e0a532dcf6-20261004t024727-source:18309 --peer http://independent-verifier-s1-f5e0a532dcf6-20261004t024727-peer:8080 --candidate f5e0a532dcf6c2f0c44eb32d5213a9bf7812c250 --out /evidence/probes --case all,/evidence/probes/assertions.json#TK1-validation-batch-party-bool,verified
TK1-validation-batch-party-fraction,5. Errors / 8. POST/PATCH /reservations / 11. Atomic reservation moves,169,1,"1,2,3,4",systems-engineer,systems-engineer,independent-verifier,,batch: nonintegral party size returns 422 validation_failed.,f5e0a532dcf6c2f0c44eb32d5213a9bf7812c250,black-box HTTP,validation,python3 /verifier/probe.py --base http://independent-verifier-s1-f5e0a532dcf6-20261004t024727-source:18309 --peer http://independent-verifier-s1-f5e0a532dcf6-20261004t024727-peer:8080 --candidate f5e0a532dcf6c2f0c44eb32d5213a9bf7812c250 --out /evidence/probes --case all,/evidence/probes/assertions.json#TK1-validation-batch-party-fraction,verified
TK1-validation-batch-party-zero,5. Errors / 8. POST/PATCH /reservations / 11. Atomic reservation moves,169,1,"1,2,3,4",systems-engineer,systems-engineer,independent-verifier,,batch: zero party size returns 422 validation_failed.,f5e0a532dcf6c2f0c44eb32d5213a9bf7812c250,black-box HTTP,validation,python3 /verifier/probe.py --base http://independent-verifier-s1-f5e0a532dcf6-20261004t024727-source:18309 --peer http://independent-verifier-s1-f5e0a532dcf6-20261004t024727-peer:8080 --candidate f5e0a532dcf6c2f0c44eb32d5213a9bf7812c250 --out /evidence/probes --case all,/evidence/probes/assertions.json#TK1-validation-batch-party-zero,verified
TK1-validation-batch-party-negative,5. Errors / 8. POST/PATCH /reservations / 11. Atomic reservation moves,169,1,"1,2,3,4",systems-engineer,systems-engineer,independent-verifier,,batch: negative party size returns 422 validation_failed.,f5e0a532dcf6c2f0c44eb32d5213a9bf7812c250,black-box HTTP,validation,python3 /verifier/probe.py --base http://independent-verifier-s1-f5e0a532dcf6-20261004t024727-source:18309 --peer http://independent-verifier-s1-f5e0a532dcf6-20261004t024727-peer:8080 --candidate f5e0a532dcf6c2f0c44eb32d5213a9bf7812c250 --out /evidence/probes --case all,/evidence/probes/assertions.json#TK1-validation-batch-party-negative,verified
TK1-validation-batch-time-wrong-type,5. Errors / 8. POST/PATCH /reservations / 11. Atomic reservation moves,169,1,"1,2,3,4",systems-engineer,systems-engineer,independent-verifier,,batch: numeric local timestamp returns 400 malformed_request.,f5e0a532dcf6c2f0c44eb32d5213a9bf7812c250,black-box HTTP,validation,python3 /verifier/probe.py --base http://independent-verifier-s1-f5e0a532dcf6-20261004t024727-source:18309 --peer http://independent-verifier-s1-f5e0a532dcf6-20261004t024727-peer:8080 --candidate f5e0a532dcf6c2f0c44eb32d5213a9bf7812c250 --out /evidence/probes --case all,/evidence/probes/assertions.json#TK1-validation-batch-time-wrong-type,verified
TK1-validation-batch-time-z,5. Errors / 8. POST/PATCH /reservations / 11. Atomic reservation moves,169,1,"1,2,3,4",systems-engineer,systems-engineer,independent-verifier,,batch: local timestamp ending in Z returns 422 validation_failed.,f5e0a532dcf6c2f0c44eb32d5213a9bf7812c250,black-box HTTP,validation,python3 /verifier/probe.py --base http://independent-verifier-s1-f5e0a532dcf6-20261004t024727-source:18309 --peer http://independent-verifier-s1-f5e0a532dcf6-20261004t024727-peer:8080 --candidate f5e0a532dcf6c2f0c44eb32d5213a9bf7812c250 --out /evidence/probes --case all,/evidence/probes/assertions.json#TK1-validation-batch-time-z,verified
TK1-validation-batch-time-offset,5. Errors / 8. POST/PATCH /reservations / 11. Atomic reservation moves,169,1,"1,2,3,4",systems-engineer,systems-engineer,independent-verifier,,batch: local timestamp with explicit offset returns 422 validation_failed.,f5e0a532dcf6c2f0c44eb32d5213a9bf7812c250,black-box HTTP,validation,python3 /verifier/probe.py --base http://independent-verifier-s1-f5e0a532dcf6-20261004t024727-source:18309 --peer http://independent-verifier-s1-f5e0a532dcf6-20261004t024727-peer:8080 --candidate f5e0a532dcf6c2f0c44eb32d5213a9bf7812c250 --out /evidence/probes --case all,/evidence/probes/assertions.json#TK1-validation-batch-time-offset,verified
TK1-validation-batch-time-seconds,5. Errors / 8. POST/PATCH /reservations / 11. Atomic reservation moves,169,1,"1,2,3,4",systems-engineer,systems-engineer,independent-verifier,,batch: local timestamp including seconds returns 422 validation_failed.,f5e0a532dcf6c2f0c44eb32d5213a9bf7812c250,black-box HTTP,validation,python3 /verifier/probe.py --base http://independent-verifier-s1-f5e0a532dcf6-20261004t024727-source:18309 --peer http://independent-verifier-s1-f5e0a532dcf6-20261004t024727-peer:8080 --candidate f5e0a532dcf6c2f0c44eb32d5213a9bf7812c250 --out /evidence/probes --case all,/evidence/probes/assertions.json#TK1-validation-batch-time-seconds,verified
TK1-validation-batch-time-space,5. Errors / 8. POST/PATCH /reservations / 11. Atomic reservation moves,169,1,"1,2,3,4",systems-engineer,systems-engineer,independent-verifier,,batch: space instead of T separator returns 422 validation_failed.,f5e0a532dcf6c2f0c44eb32d5213a9bf7812c250,black-box HTTP,validation,python3 /verifier/probe.py --base http://independent-verifier-s1-f5e0a532dcf6-20261004t024727-source:18309 --peer http://independent-verifier-s1-f5e0a532dcf6-20261004t024727-peer:8080 --candidate f5e0a532dcf6c2f0c44eb32d5213a9bf7812c250 --out /evidence/probes --case all,/evidence/probes/assertions.json#TK1-validation-batch-time-space,verified
TK1-validation-batch-time-unpadded,5. Errors / 8. POST/PATCH /reservations / 11. Atomic reservation moves,169,1,"1,2,3,4",systems-engineer,systems-engineer,independent-verifier,,batch: unpadded calendar components returns 422 validation_failed.,f5e0a532dcf6c2f0c44eb32d5213a9bf7812c250,black-box HTTP,validation,python3 /verifier/probe.py --base http://independent-verifier-s1-f5e0a532dcf6-20261004t024727-source:18309 --peer http://independent-verifier-s1-f5e0a532dcf6-20261004t024727-peer:8080 --candidate f5e0a532dcf6c2f0c44eb32d5213a9bf7812c250 --out /evidence/probes --case all,/evidence/probes/assertions.json#TK1-validation-batch-time-unpadded,verified
TK1-validation-batch-date-nonleap,5. Errors / 8. POST/PATCH /reservations / 11. Atomic reservation moves,169,1,"1,2,3,4",systems-engineer,systems-engineer,independent-verifier,,batch: February 29 in a non-leap year returns 422 validation_failed.,f5e0a532dcf6c2f0c44eb32d5213a9bf7812c250,black-box HTTP,validation,python3 /verifier/probe.py --base http://independent-verifier-s1-f5e0a532dcf6-20261004t024727-source:18309 --peer http://independent-verifier-s1-f5e0a532dcf6-20261004t024727-peer:8080 --candidate f5e0a532dcf6c2f0c44eb32d5213a9bf7812c250 --out /evidence/probes --case all,/evidence/probes/assertions.json#TK1-validation-batch-date-nonleap,verified
TK1-validation-batch-date-month,5. Errors / 8. POST/PATCH /reservations / 11. Atomic reservation moves,169,1,"1,2,3,4",systems-engineer,systems-engineer,independent-verifier,,batch: month thirteen returns 422 validation_failed.,f5e0a532dcf6c2f0c44eb32d5213a9bf7812c250,black-box HTTP,validation,python3 /verifier/probe.py --base http://independent-verifier-s1-f5e0a532dcf6-20261004t024727-source:18309 --peer http://independent-verifier-s1-f5e0a532dcf6-20261004t024727-peer:8080 --candidate f5e0a532dcf6c2f0c44eb32d5213a9bf7812c250 --out /evidence/probes --case all,/evidence/probes/assertions.json#TK1-validation-batch-date-month,verified
TK1-validation-batch-date-day,5. Errors / 8. POST/PATCH /reservations / 11. Atomic reservation moves,169,1,"1,2,3,4",systems-engineer,systems-engineer,independent-verifier,,batch: April 31 returns 422 validation_failed.,f5e0a532dcf6c2f0c44eb32d5213a9bf7812c250,black-box HTTP,validation,python3 /verifier/probe.py --base http://independent-verifier-s1-f5e0a532dcf6-20261004t024727-source:18309 --peer http://independent-verifier-s1-f5e0a532dcf6-20261004t024727-peer:8080 --candidate f5e0a532dcf6c2f0c44eb32d5213a9bf7812c250 --out /evidence/probes --case all,/evidence/probes/assertions.json#TK1-validation-batch-date-day,verified
TK1-validation-batch-table_id-bool,5. Errors / 8. POST/PATCH /reservations / 11. Atomic reservation moves,169,1,"1,2,3,4",systems-engineer,systems-engineer,independent-verifier,,batch: bool table_id returns 400 malformed_request.,f5e0a532dcf6c2f0c44eb32d5213a9bf7812c250,black-box HTTP,validation,python3 /verifier/probe.py --base http://independent-verifier-s1-f5e0a532dcf6-20261004t024727-source:18309 --peer http://independent-verifier-s1-f5e0a532dcf6-20261004t024727-peer:8080 --candidate f5e0a532dcf6c2f0c44eb32d5213a9bf7812c250 --out /evidence/probes --case all,/evidence/probes/assertions.json#TK1-validation-batch-table_id-bool,verified
TK1-validation-batch-table_id-array,5. Errors / 8. POST/PATCH /reservations / 11. Atomic reservation moves,169,1,"1,2,3,4",systems-engineer,systems-engineer,independent-verifier,,batch: array table_id returns 400 malformed_request.,f5e0a532dcf6c2f0c44eb32d5213a9bf7812c250,black-box HTTP,validation,python3 /verifier/probe.py --base http://independent-verifier-s1-f5e0a532dcf6-20261004t024727-source:18309 --peer http://independent-verifier-s1-f5e0a532dcf6-20261004t024727-peer:8080 --candidate f5e0a532dcf6c2f0c44eb32d5213a9bf7812c250 --out /evidence/probes --case all,/evidence/probes/assertions.json#TK1-validation-batch-table_id-array,verified
TK1-validation-batch-table_id-object,5. Errors / 8. POST/PATCH /reservations / 11. Atomic reservation moves,169,1,"1,2,3,4",systems-engineer,systems-engineer,independent-verifier,,batch: object table_id returns 400 malformed_request.,f5e0a532dcf6c2f0c44eb32d5213a9bf7812c250,black-box HTTP,validation,python3 /verifier/probe.py --base http://independent-verifier-s1-f5e0a532dcf6-20261004t024727-source:18309 --peer http://independent-verifier-s1-f5e0a532dcf6-20261004t024727-peer:8080 --candidate f5e0a532dcf6c2f0c44eb32d5213a9bf7812c250 --out /evidence/probes --case all,/evidence/probes/assertions.json#TK1-validation-batch-table_id-object,verified
TK1-validation-batch-table_id-number,5. Errors / 8. POST/PATCH /reservations / 11. Atomic reservation moves,169,1,"1,2,3,4",systems-engineer,systems-engineer,independent-verifier,,batch: number table_id returns 400 malformed_request.,f5e0a532dcf6c2f0c44eb32d5213a9bf7812c250,black-box HTTP,validation,python3 /verifier/probe.py --base http://independent-verifier-s1-f5e0a532dcf6-20261004t024727-source:18309 --peer http://independent-verifier-s1-f5e0a532dcf6-20261004t024727-peer:8080 --candidate f5e0a532dcf6c2f0c44eb32d5213a9bf7812c250 --out /evidence/probes --case all,/evidence/probes/assertions.json#TK1-validation-batch-table_id-number,verified
TK1-validation-batch-table_id-null,5. Errors / 8. POST/PATCH /reservations / 11. Atomic reservation moves,169,1,"1,2,3,4",systems-engineer,systems-engineer,independent-verifier,,batch: null table_id returns 400 malformed_request.,f5e0a532dcf6c2f0c44eb32d5213a9bf7812c250,black-box HTTP,validation,python3 /verifier/probe.py --base http://independent-verifier-s1-f5e0a532dcf6-20261004t024727-source:18309 --peer http://independent-verifier-s1-f5e0a532dcf6-20261004t024727-peer:8080 --candidate f5e0a532dcf6c2f0c44eb32d5213a9bf7812c250 --out /evidence/probes --case all,/evidence/probes/assertions.json#TK1-validation-batch-table_id-null,verified
TK1-query-decimal-exponent,5. Errors,175,1,"1,2,3,4",systems-engineer,systems-engineer,independent-verifier,,party_size query written as 1e9 returns 422 validation_failed.,f5e0a532dcf6c2f0c44eb32d5213a9bf7812c250,black-box HTTP,validation,python3 /verifier/probe.py --base http://independent-verifier-s1-f5e0a532dcf6-20261004t024727-source:18309 --peer http://independent-verifier-s1-f5e0a532dcf6-20261004t024727-peer:8080 --candidate f5e0a532dcf6c2f0c44eb32d5213a9bf7812c250 --out /evidence/probes --case all,/evidence/probes/assertions.json#TK1-query-decimal-exponent,verified
TK1-query-decimal-fraction,5. Errors,175,1,"1,2,3,4",systems-engineer,systems-engineer,independent-verifier,,party_size query written as 4.0 returns 422 validation_failed.,f5e0a532dcf6c2f0c44eb32d5213a9bf7812c250,black-box HTTP,validation,python3 /verifier/probe.py --base http://independent-verifier-s1-f5e0a532dcf6-20261004t024727-source:18309 --peer http://independent-verifier-s1-f5e0a532dcf6-20261004t024727-peer:8080 --candidate f5e0a532dcf6c2f0c44eb32d5213a9bf7812c250 --out /evidence/probes --case all,/evidence/probes/assertions.json#TK1-query-decimal-fraction,verified
TK1-query-decimal-plus,5. Errors,175,1,"1,2,3,4",systems-engineer,systems-engineer,independent-verifier,,party_size query written as +4 returns 422 validation_failed.,f5e0a532dcf6c2f0c44eb32d5213a9bf7812c250,black-box HTTP,validation,python3 /verifier/probe.py --base http://independent-verifier-s1-f5e0a532dcf6-20261004t024727-source:18309 --peer http://independent-verifier-s1-f5e0a532dcf6-20261004t024727-peer:8080 --candidate f5e0a532dcf6c2f0c44eb32d5213a9bf7812c250 --out /evidence/probes --case all,/evidence/probes/assertions.json#TK1-query-decimal-plus,verified
TK1-query-decimal-negative,5. Errors,175,1,"1,2,3,4",systems-engineer,systems-engineer,independent-verifier,,party_size query written as -4 returns 422 validation_failed.,f5e0a532dcf6c2f0c44eb32d5213a9bf7812c250,black-box HTTP,validation,python3 /verifier/probe.py --base http://independent-verifier-s1-f5e0a532dcf6-20261004t024727-source:18309 --peer http://independent-verifier-s1-f5e0a532dcf6-20261004t024727-peer:8080 --candidate f5e0a532dcf6c2f0c44eb32d5213a9bf7812c250 --out /evidence/probes --case all,/evidence/probes/assertions.json#TK1-query-decimal-negative,verified
TK1-query-decimal-leading-space,5. Errors,175,1,"1,2,3,4",systems-engineer,systems-engineer,independent-verifier,,party_size query written as leading whitespace returns 422 validation_failed.,f5e0a532dcf6c2f0c44eb32d5213a9bf7812c250,black-box HTTP,validation,python3 /verifier/probe.py --base http://independent-verifier-s1-f5e0a532dcf6-20261004t024727-source:18309 --peer http://independent-verifier-s1-f5e0a532dcf6-20261004t024727-peer:8080 --candidate f5e0a532dcf6c2f0c44eb32d5213a9bf7812c250 --out /evidence/probes --case all,/evidence/probes/assertions.json#TK1-query-decimal-leading-space,verified
TK1-query-decimal-trailing-space,5. Errors,175,1,"1,2,3,4",systems-engineer,systems-engineer,independent-verifier,,party_size query written as trailing whitespace returns 422 validation_failed.,f5e0a532dcf6c2f0c44eb32d5213a9bf7812c250,black-box HTTP,validation,python3 /verifier/probe.py --base http://independent-verifier-s1-f5e0a532dcf6-20261004t024727-source:18309 --peer http://independent-verifier-s1-f5e0a532dcf6-20261004t024727-peer:8080 --candidate f5e0a532dcf6c2f0c44eb32d5213a9bf7812c250 --out /evidence/probes --case all,/evidence/probes/assertions.json#TK1-query-decimal-trailing-space,verified
TK1-signup-email-type-bool,5. Errors / 6. Authentication,169,1,"1,2,3,4",systems-engineer,systems-engineer,independent-verifier,,signup: bool email returns 400 malformed_request.,f5e0a532dcf6c2f0c44eb32d5213a9bf7812c250,black-box HTTP,auth,python3 /verifier/probe.py --base http://independent-verifier-s1-f5e0a532dcf6-20261004t024727-source:18309 --peer http://independent-verifier-s1-f5e0a532dcf6-20261004t024727-peer:8080 --candidate f5e0a532dcf6c2f0c44eb32d5213a9bf7812c250 --out /evidence/probes --case all,/evidence/probes/assertions.json#TK1-signup-email-type-bool,verified
TK1-signup-email-type-number,5. Errors / 6. Authentication,169,1,"1,2,3,4",systems-engineer,systems-engineer,independent-verifier,,signup: number email returns 400 malformed_request.,f5e0a532dcf6c2f0c44eb32d5213a9bf7812c250,black-box HTTP,auth,python3 /verifier/probe.py --base http://independent-verifier-s1-f5e0a532dcf6-20261004t024727-source:18309 --peer http://independent-verifier-s1-f5e0a532dcf6-20261004t024727-peer:8080 --candidate f5e0a532dcf6c2f0c44eb32d5213a9bf7812c250 --out /evidence/probes --case all,/evidence/probes/assertions.json#TK1-signup-email-type-number,verified
TK1-signup-email-type-array,5. Errors / 6. Authentication,169,1,"1,2,3,4",systems-engineer,systems-engineer,independent-verifier,,signup: array email returns 400 malformed_request.,f5e0a532dcf6c2f0c44eb32d5213a9bf7812c250,black-box HTTP,auth,python3 /verifier/probe.py --base http://independent-verifier-s1-f5e0a532dcf6-20261004t024727-source:18309 --peer http://independent-verifier-s1-f5e0a532dcf6-20261004t024727-peer:8080 --candidate f5e0a532dcf6c2f0c44eb32d5213a9bf7812c250 --out /evidence/probes --case all,/evidence/probes/assertions.json#TK1-signup-email-type-array,verified
TK1-signup-email-type-object,5. Errors / 6. Authentication,169,1,"1,2,3,4",systems-engineer,systems-engineer,independent-verifier,,signup: object email returns 400 malformed_request.,f5e0a532dcf6c2f0c44eb32d5213a9bf7812c250,black-box HTTP,auth,python3 /verifier/probe.py --base http://independent-verifier-s1-f5e0a532dcf6-20261004t024727-source:18309 --peer http://independent-verifier-s1-f5e0a532dcf6-20261004t024727-peer:8080 --candidate f5e0a532dcf6c2f0c44eb32d5213a9bf7812c250 --out /evidence/probes --case all,/evidence/probes/assertions.json#TK1-signup-email-type-object,verified
TK1-signup-email-type-null,5. Errors / 6. Authentication,169,1,"1,2,3,4",systems-engineer,systems-engineer,independent-verifier,,signup: null email returns 400 malformed_request.,f5e0a532dcf6c2f0c44eb32d5213a9bf7812c250,black-box HTTP,auth,python3 /verifier/probe.py --base http://independent-verifier-s1-f5e0a532dcf6-20261004t024727-source:18309 --peer http://independent-verifier-s1-f5e0a532dcf6-20261004t024727-peer:8080 --candidate f5e0a532dcf6c2f0c44eb32d5213a9bf7812c250 --out /evidence/probes --case all,/evidence/probes/assertions.json#TK1-signup-email-type-null,verified
TK1-signup-password-type-bool,5. Errors / 6. Authentication,169,1,"1,2,3,4",systems-engineer,systems-engineer,independent-verifier,,signup: bool password returns 400 malformed_request.,f5e0a532dcf6c2f0c44eb32d5213a9bf7812c250,black-box HTTP,auth,python3 /verifier/probe.py --base http://independent-verifier-s1-f5e0a532dcf6-20261004t024727-source:18309 --peer http://independent-verifier-s1-f5e0a532dcf6-20261004t024727-peer:8080 --candidate f5e0a532dcf6c2f0c44eb32d5213a9bf7812c250 --out /evidence/probes --case all,/evidence/probes/assertions.json#TK1-signup-password-type-bool,verified
TK1-signup-password-type-number,5. Errors / 6. Authentication,169,1,"1,2,3,4",systems-engineer,systems-engineer,independent-verifier,,signup: number password returns 400 malformed_request.,f5e0a532dcf6c2f0c44eb32d5213a9bf7812c250,black-box HTTP,auth,python3 /verifier/probe.py --base http://independent-verifier-s1-f5e0a532dcf6-20261004t024727-source:18309 --peer http://independent-verifier-s1-f5e0a532dcf6-20261004t024727-peer:8080 --candidate f5e0a532dcf6c2f0c44eb32d5213a9bf7812c250 --out /evidence/probes --case all,/evidence/probes/assertions.json#TK1-signup-password-type-number,verified
TK1-signup-password-type-array,5. Errors / 6. Authentication,169,1,"1,2,3,4",systems-engineer,systems-engineer,independent-verifier,,signup: array password returns 400 malformed_request.,f5e0a532dcf6c2f0c44eb32d5213a9bf7812c250,black-box HTTP,auth,python3 /verifier/probe.py --base http://independent-verifier-s1-f5e0a532dcf6-20261004t024727-source:18309 --peer http://independent-verifier-s1-f5e0a532dcf6-20261004t024727-peer:8080 --candidate f5e0a532dcf6c2f0c44eb32d5213a9bf7812c250 --out /evidence/probes --case all,/evidence/probes/assertions.json#TK1-signup-password-type-array,verified
TK1-signup-password-type-object,5. Errors / 6. Authentication,169,1,"1,2,3,4",systems-engineer,systems-engineer,independent-verifier,,signup: object password returns 400 malformed_request.,f5e0a532dcf6c2f0c44eb32d5213a9bf7812c250,black-box HTTP,auth,python3 /verifier/probe.py --base http://independent-verifier-s1-f5e0a532dcf6-20261004t024727-source:18309 --peer http://independent-verifier-s1-f5e0a532dcf6-20261004t024727-peer:8080 --candidate f5e0a532dcf6c2f0c44eb32d5213a9bf7812c250 --out /evidence/probes --case all,/evidence/probes/assertions.json#TK1-signup-password-type-object,verified
TK1-signup-password-type-null,5. Errors / 6. Authentication,169,1,"1,2,3,4",systems-engineer,systems-engineer,independent-verifier,,signup: null password returns 400 malformed_request.,f5e0a532dcf6c2f0c44eb32d5213a9bf7812c250,black-box HTTP,auth,python3 /verifier/probe.py --base http://independent-verifier-s1-f5e0a532dcf6-20261004t024727-source:18309 --peer http://independent-verifier-s1-f5e0a532dcf6-20261004t024727-peer:8080 --candidate f5e0a532dcf6c2f0c44eb32d5213a9bf7812c250 --out /evidence/probes --case all,/evidence/probes/assertions.json#TK1-signup-password-type-null,verified
TK1-signup-display_name-type-bool,5. Errors / 6. Authentication,169,1,"1,2,3,4",systems-engineer,systems-engineer,independent-verifier,,signup: bool display_name returns 400 malformed_request.,f5e0a532dcf6c2f0c44eb32d5213a9bf7812c250,black-box HTTP,auth,python3 /verifier/probe.py --base http://independent-verifier-s1-f5e0a532dcf6-20261004t024727-source:18309 --peer http://independent-verifier-s1-f5e0a532dcf6-20261004t024727-peer:8080 --candidate f5e0a532dcf6c2f0c44eb32d5213a9bf7812c250 --out /evidence/probes --case all,/evidence/probes/assertions.json#TK1-signup-display_name-type-bool,verified
TK1-signup-display_name-type-number,5. Errors / 6. Authentication,169,1,"1,2,3,4",systems-engineer,systems-engineer,independent-verifier,,signup: number display_name returns 400 malformed_request.,f5e0a532dcf6c2f0c44eb32d5213a9bf7812c250,black-box HTTP,auth,python3 /verifier/probe.py --base http://independent-verifier-s1-f5e0a532dcf6-20261004t024727-source:18309 --peer http://independent-verifier-s1-f5e0a532dcf6-20261004t024727-peer:8080 --candidate f5e0a532dcf6c2f0c44eb32d5213a9bf7812c250 --out /evidence/probes --case all,/evidence/probes/assertions.json#TK1-signup-display_name-type-number,verified
TK1-signup-display_name-type-array,5. Errors / 6. Authentication,169,1,"1,2,3,4",systems-engineer,systems-engineer,independent-verifier,,signup: array display_name returns 400 malformed_request.,f5e0a532dcf6c2f0c44eb32d5213a9bf7812c250,black-box HTTP,auth,python3 /verifier/probe.py --base http://independent-verifier-s1-f5e0a532dcf6-20261004t024727-source:18309 --peer http://independent-verifier-s1-f5e0a532dcf6-20261004t024727-peer:8080 --candidate f5e0a532dcf6c2f0c44eb32d5213a9bf7812c250 --out /evidence/probes --case all,/evidence/probes/assertions.json#TK1-signup-display_name-type-array,verified
TK1-signup-display_name-type-object,5. Errors / 6. Authentication,169,1,"1,2,3,4",systems-engineer,systems-engineer,independent-verifier,,signup: object display_name returns 400 malformed_request.,f5e0a532dcf6c2f0c44eb32d5213a9bf7812c250,black-box HTTP,auth,python3 /verifier/probe.py --base http://independent-verifier-s1-f5e0a532dcf6-20261004t024727-source:18309 --peer http://independent-verifier-s1-f5e0a532dcf6-20261004t024727-peer:8080 --candidate f5e0a532dcf6c2f0c44eb32d5213a9bf7812c250 --out /evidence/probes --case all,/evidence/probes/assertions.json#TK1-signup-display_name-type-object,verified
TK1-signup-display_name-type-null,5. Errors / 6. Authentication,169,1,"1,2,3,4",systems-engineer,systems-engineer,independent-verifier,,signup: null display_name returns 400 malformed_request.,f5e0a532dcf6c2f0c44eb32d5213a9bf7812c250,black-box HTTP,auth,python3 /verifier/probe.py --base http://independent-verifier-s1-f5e0a532dcf6-20261004t024727-source:18309 --peer http://independent-verifier-s1-f5e0a532dcf6-20261004t024727-peer:8080 --candidate f5e0a532dcf6c2f0c44eb32d5213a9bf7812c250 --out /evidence/probes --case all,/evidence/probes/assertions.json#TK1-signup-display_name-type-null,verified
TK1-login-email-type-bool,5. Errors / 6. Authentication,169,1,"1,2,3,4",systems-engineer,systems-engineer,independent-verifier,,login: bool email returns 400 malformed_request.,f5e0a532dcf6c2f0c44eb32d5213a9bf7812c250,black-box HTTP,auth,python3 /verifier/probe.py --base http://independent-verifier-s1-f5e0a532dcf6-20261004t024727-source:18309 --peer http://independent-verifier-s1-f5e0a532dcf6-20261004t024727-peer:8080 --candidate f5e0a532dcf6c2f0c44eb32d5213a9bf7812c250 --out /evidence/probes --case all,/evidence/probes/assertions.json#TK1-login-email-type-bool,verified
TK1-login-email-type-number,5. Errors / 6. Authentication,169,1,"1,2,3,4",systems-engineer,systems-engineer,independent-verifier,,login: number email returns 400 malformed_request.,f5e0a532dcf6c2f0c44eb32d5213a9bf7812c250,black-box HTTP,auth,python3 /verifier/probe.py --base http://independent-verifier-s1-f5e0a532dcf6-20261004t024727-source:18309 --peer http://independent-verifier-s1-f5e0a532dcf6-20261004t024727-peer:8080 --candidate f5e0a532dcf6c2f0c44eb32d5213a9bf7812c250 --out /evidence/probes --case all,/evidence/probes/assertions.json#TK1-login-email-type-number,verified
TK1-login-email-type-array,5. Errors / 6. Authentication,169,1,"1,2,3,4",systems-engineer,systems-engineer,independent-verifier,,login: array email returns 400 malformed_request.,f5e0a532dcf6c2f0c44eb32d5213a9bf7812c250,black-box HTTP,auth,python3 /verifier/probe.py --base http://independent-verifier-s1-f5e0a532dcf6-20261004t024727-source:18309 --peer http://independent-verifier-s1-f5e0a532dcf6-20261004t024727-peer:8080 --candidate f5e0a532dcf6c2f0c44eb32d5213a9bf7812c250 --out /evidence/probes --case all,/evidence/probes/assertions.json#TK1-login-email-type-array,verified
TK1-login-email-type-object,5. Errors / 6. Authentication,169,1,"1,2,3,4",systems-engineer,systems-engineer,independent-verifier,,login: object email returns 400 malformed_request.,f5e0a532dcf6c2f0c44eb32d5213a9bf7812c250,black-box HTTP,auth,python3 /verifier/probe.py --base http://independent-verifier-s1-f5e0a532dcf6-20261004t024727-source:18309 --peer http://independent-verifier-s1-f5e0a532dcf6-20261004t024727-peer:8080 --candidate f5e0a532dcf6c2f0c44eb32d5213a9bf7812c250 --out /evidence/probes --case all,/evidence/probes/assertions.json#TK1-login-email-type-object,verified
TK1-login-email-type-null,5. Errors / 6. Authentication,169,1,"1,2,3,4",systems-engineer,systems-engineer,independent-verifier,,login: null email returns 400 malformed_request.,f5e0a532dcf6c2f0c44eb32d5213a9bf7812c250,black-box HTTP,auth,python3 /verifier/probe.py --base http://independent-verifier-s1-f5e0a532dcf6-20261004t024727-source:18309 --peer http://independent-verifier-s1-f5e0a532dcf6-20261004t024727-peer:8080 --candidate f5e0a532dcf6c2f0c44eb32d5213a9bf7812c250 --out /evidence/probes --case all,/evidence/probes/assertions.json#TK1-login-email-type-null,verified
TK1-login-password-type-bool,5. Errors / 6. Authentication,169,1,"1,2,3,4",systems-engineer,systems-engineer,independent-verifier,,login: bool password returns 400 malformed_request.,f5e0a532dcf6c2f0c44eb32d5213a9bf7812c250,black-box HTTP,auth,python3 /verifier/probe.py --base http://independent-verifier-s1-f5e0a532dcf6-20261004t024727-source:18309 --peer http://independent-verifier-s1-f5e0a532dcf6-20261004t024727-peer:8080 --candidate f5e0a532dcf6c2f0c44eb32d5213a9bf7812c250 --out /evidence/probes --case all,/evidence/probes/assertions.json#TK1-login-password-type-bool,verified
TK1-login-password-type-number,5. Errors / 6. Authentication,169,1,"1,2,3,4",systems-engineer,systems-engineer,independent-verifier,,login: number password returns 400 malformed_request.,f5e0a532dcf6c2f0c44eb32d5213a9bf7812c250,black-box HTTP,auth,python3 /verifier/probe.py --base http://independent-verifier-s1-f5e0a532dcf6-20261004t024727-source:18309 --peer http://independent-verifier-s1-f5e0a532dcf6-20261004t024727-peer:8080 --candidate f5e0a532dcf6c2f0c44eb32d5213a9bf7812c250 --out /evidence/probes --case all,/evidence/probes/assertions.json#TK1-login-password-type-number,verified
TK1-login-password-type-array,5. Errors / 6. Authentication,169,1,"1,2,3,4",systems-engineer,systems-engineer,independent-verifier,,login: array password returns 400 malformed_request.,f5e0a532dcf6c2f0c44eb32d5213a9bf7812c250,black-box HTTP,auth,python3 /verifier/probe.py --base http://independent-verifier-s1-f5e0a532dcf6-20261004t024727-source:18309 --peer http://independent-verifier-s1-f5e0a532dcf6-20261004t024727-peer:8080 --candidate f5e0a532dcf6c2f0c44eb32d5213a9bf7812c250 --out /evidence/probes --case all,/evidence/probes/assertions.json#TK1-login-password-type-array,verified
TK1-login-password-type-object,5. Errors / 6. Authentication,169,1,"1,2,3,4",systems-engineer,systems-engineer,independent-verifier,,login: object password returns 400 malformed_request.,f5e0a532dcf6c2f0c44eb32d5213a9bf7812c250,black-box HTTP,auth,python3 /verifier/probe.py --base http://independent-verifier-s1-f5e0a532dcf6-20261004t024727-source:18309 --peer http://independent-verifier-s1-f5e0a532dcf6-20261004t024727-peer:8080 --candidate f5e0a532dcf6c2f0c44eb32d5213a9bf7812c250 --out /evidence/probes --case all,/evidence/probes/assertions.json#TK1-login-password-type-object,verified
TK1-login-password-type-null,5. Errors / 6. Authentication,169,1,"1,2,3,4",systems-engineer,systems-engineer,independent-verifier,,login: null password returns 400 malformed_request.,f5e0a532dcf6c2f0c44eb32d5213a9bf7812c250,black-box HTTP,auth,python3 /verifier/probe.py --base http://independent-verifier-s1-f5e0a532dcf6-20261004t024727-source:18309 --peer http://independent-verifier-s1-f5e0a532dcf6-20261004t024727-peer:8080 --candidate f5e0a532dcf6c2f0c44eb32d5213a9bf7812c250 --out /evidence/probes --case all,/evidence/probes/assertions.json#TK1-login-password-type-null,verified
TK1-fixture-id-user-max,3.4 Conventions / 4. Fixture format,89,1,"1,2,3,4",systems-engineer,systems-engineer,independent-verifier,,Reset fixture user IDs of 64 characters are accepted.,f5e0a532dcf6c2f0c44eb32d5213a9bf7812c250,black-box HTTP,conventions,python3 /verifier/probe.py --base http://independent-verifier-s1-f5e0a532dcf6-20261004t024727-source:18309 --peer http://independent-verifier-s1-f5e0a532dcf6-20261004t024727-peer:8080 --candidate f5e0a532dcf6c2f0c44eb32d5213a9bf7812c250 --out /evidence/probes --case all,/evidence/probes/assertions.json#TK1-fixture-id-user-max,verified
TK1-fixture-id-user-over,3.4 Conventions / 4. Fixture format,89,1,"1,2,3,4",systems-engineer,systems-engineer,independent-verifier,,Reset fixture user IDs of 65 characters return 422 validation_failed.,f5e0a532dcf6c2f0c44eb32d5213a9bf7812c250,black-box HTTP,conventions,python3 /verifier/probe.py --base http://independent-verifier-s1-f5e0a532dcf6-20261004t024727-source:18309 --peer http://independent-verifier-s1-f5e0a532dcf6-20261004t024727-peer:8080 --candidate f5e0a532dcf6c2f0c44eb32d5213a9bf7812c250 --out /evidence/probes --case all,/evidence/probes/assertions.json#TK1-fixture-id-user-over,verified
TK1-fixture-id-restaurant-max,3.4 Conventions / 4. Fixture format,89,1,"1,2,3,4",systems-engineer,systems-engineer,independent-verifier,,Reset fixture restaurant IDs of 64 characters are accepted.,f5e0a532dcf6c2f0c44eb32d5213a9bf7812c250,black-box HTTP,conventions,python3 /verifier/probe.py --base http://independent-verifier-s1-f5e0a532dcf6-20261004t024727-source:18309 --peer http://independent-verifier-s1-f5e0a532dcf6-20261004t024727-peer:8080 --candidate f5e0a532dcf6c2f0c44eb32d5213a9bf7812c250 --out /evidence/probes --case all,/evidence/probes/assertions.json#TK1-fixture-id-restaurant-max,verified
TK1-fixture-id-restaurant-over,3.4 Conventions / 4. Fixture format,89,1,"1,2,3,4",systems-engineer,systems-engineer,independent-verifier,,Reset fixture restaurant IDs of 65 characters return 422 validation_failed.,f5e0a532dcf6c2f0c44eb32d5213a9bf7812c250,black-box HTTP,conventions,python3 /verifier/probe.py --base http://independent-verifier-s1-f5e0a532dcf6-20261004t024727-source:18309 --peer http://independent-verifier-s1-f5e0a532dcf6-20261004t024727-peer:8080 --candidate f5e0a532dcf6c2f0c44eb32d5213a9bf7812c250 --out /evidence/probes --case all,/evidence/probes/assertions.json#TK1-fixture-id-restaurant-over,verified
TK1-fixture-id-table-max,3.4 Conventions / 4. Fixture format,89,1,"1,2,3,4",systems-engineer,systems-engineer,independent-verifier,,Reset fixture table IDs of 64 characters are accepted.,f5e0a532dcf6c2f0c44eb32d5213a9bf7812c250,black-box HTTP,conventions,python3 /verifier/probe.py --base http://independent-verifier-s1-f5e0a532dcf6-20261004t024727-source:18309 --peer http://independent-verifier-s1-f5e0a532dcf6-20261004t024727-peer:8080 --candidate f5e0a532dcf6c2f0c44eb32d5213a9bf7812c250 --out /evidence/probes --case all,/evidence/probes/assertions.json#TK1-fixture-id-table-max,verified
TK1-fixture-id-table-over,3.4 Conventions / 4. Fixture format,89,1,"1,2,3,4",systems-engineer,systems-engineer,independent-verifier,,Reset fixture table IDs of 65 characters return 422 validation_failed.,f5e0a532dcf6c2f0c44eb32d5213a9bf7812c250,black-box HTTP,conventions,python3 /verifier/probe.py --base http://independent-verifier-s1-f5e0a532dcf6-20261004t024727-source:18309 --peer http://independent-verifier-s1-f5e0a532dcf6-20261004t024727-peer:8080 --candidate f5e0a532dcf6c2f0c44eb32d5213a9bf7812c250 --out /evidence/probes --case all,/evidence/probes/assertions.json#TK1-fixture-id-table-over,verified
TK1-fixture-id-reservation-max,3.4 Conventions / 4. Fixture format,89,1,"1,2,3,4",systems-engineer,systems-engineer,independent-verifier,,Reset fixture reservation IDs of 64 characters are accepted.,f5e0a532dcf6c2f0c44eb32d5213a9bf7812c250,black-box HTTP,conventions,python3 /verifier/probe.py --base http://independent-verifier-s1-f5e0a532dcf6-20261004t024727-source:18309 --peer http://independent-verifier-s1-f5e0a532dcf6-20261004t024727-peer:8080 --candidate f5e0a532dcf6c2f0c44eb32d5213a9bf7812c250 --out /evidence/probes --case all,/evidence/probes/assertions.json#TK1-fixture-id-reservation-max,verified
TK1-fixture-id-reservation-over,3.4 Conventions / 4. Fixture format,89,1,"1,2,3,4",systems-engineer,systems-engineer,independent-verifier,,Reset fixture reservation IDs of 65 characters return 422 validation_failed.,f5e0a532dcf6c2f0c44eb32d5213a9bf7812c250,black-box HTTP,conventions,python3 /verifier/probe.py --base http://independent-verifier-s1-f5e0a532dcf6-20261004t024727-source:18309 --peer http://independent-verifier-s1-f5e0a532dcf6-20261004t024727-peer:8080 --candidate f5e0a532dcf6c2f0c44eb32d5213a9bf7812c250 --out /evidence/probes --case all,/evidence/probes/assertions.json#TK1-fixture-id-reservation-over,verified
TK1-create-key-missing,7. Idempotency,229,1,"1,2,3,4",systems-engineer,systems-engineer,independent-verifier,,create: absent key returns 400 missing_idempotency_key.,f5e0a532dcf6c2f0c44eb32d5213a9bf7812c250,black-box HTTP,idempotency,python3 /verifier/probe.py --base http://independent-verifier-s1-f5e0a532dcf6-20261004t024727-source:18309 --peer http://independent-verifier-s1-f5e0a532dcf6-20261004t024727-peer:8080 --candidate f5e0a532dcf6c2f0c44eb32d5213a9bf7812c250 --out /evidence/probes --case all,/evidence/probes/assertions.json#TK1-create-key-missing,verified
TK1-create-key-empty,7. Idempotency,229,1,"1,2,3,4",systems-engineer,systems-engineer,independent-verifier,,create: empty key returns 400 missing_idempotency_key.,f5e0a532dcf6c2f0c44eb32d5213a9bf7812c250,black-box HTTP,idempotency,python3 /verifier/probe.py --base http://independent-verifier-s1-f5e0a532dcf6-20261004t024727-source:18309 --peer http://independent-verifier-s1-f5e0a532dcf6-20261004t024727-peer:8080 --candidate f5e0a532dcf6c2f0c44eb32d5213a9bf7812c250 --out /evidence/probes --case all,/evidence/probes/assertions.json#TK1-create-key-empty,verified
TK1-create-key-1,7. Idempotency,229,1,"1,2,3,4",systems-engineer,systems-engineer,independent-verifier,,create: a one-character key is valid.,f5e0a532dcf6c2f0c44eb32d5213a9bf7812c250,black-box HTTP,idempotency,python3 /verifier/probe.py --base http://independent-verifier-s1-f5e0a532dcf6-20261004t024727-source:18309 --peer http://independent-verifier-s1-f5e0a532dcf6-20261004t024727-peer:8080 --candidate f5e0a532dcf6c2f0c44eb32d5213a9bf7812c250 --out /evidence/probes --case all,/evidence/probes/assertions.json#TK1-create-key-1,verified
TK1-create-key-255,7. Idempotency,229,1,"1,2,3,4",systems-engineer,systems-engineer,independent-verifier,,create: a 255-character key is valid.,f5e0a532dcf6c2f0c44eb32d5213a9bf7812c250,black-box HTTP,idempotency,python3 /verifier/probe.py --base http://independent-verifier-s1-f5e0a532dcf6-20261004t024727-source:18309 --peer http://independent-verifier-s1-f5e0a532dcf6-20261004t024727-peer:8080 --candidate f5e0a532dcf6c2f0c44eb32d5213a9bf7812c250 --out /evidence/probes --case all,/evidence/probes/assertions.json#TK1-create-key-255,verified
TK1-create-key-256,7. Idempotency,229,1,"1,2,3,4",systems-engineer,systems-engineer,independent-verifier,,create: a 256-character key returns 422 validation_failed.,f5e0a532dcf6c2f0c44eb32d5213a9bf7812c250,black-box HTTP,idempotency,python3 /verifier/probe.py --base http://independent-verifier-s1-f5e0a532dcf6-20261004t024727-source:18309 --peer http://independent-verifier-s1-f5e0a532dcf6-20261004t024727-peer:8080 --candidate f5e0a532dcf6c2f0c44eb32d5213a9bf7812c250 --out /evidence/probes --case all,/evidence/probes/assertions.json#TK1-create-key-256,verified
TK1-create-key-user,7. Idempotency,229,1,"1,2,3,4",systems-engineer,systems-engineer,independent-verifier,,create: identical key strings are independent across users.,f5e0a532dcf6c2f0c44eb32d5213a9bf7812c250,black-box HTTP,idempotency,python3 /verifier/probe.py --base http://independent-verifier-s1-f5e0a532dcf6-20261004t024727-source:18309 --peer http://independent-verifier-s1-f5e0a532dcf6-20261004t024727-peer:8080 --candidate f5e0a532dcf6c2f0c44eb32d5213a9bf7812c250 --out /evidence/probes --case all,/evidence/probes/assertions.json#TK1-create-key-user,verified
TK1-create-key-first,7. Idempotency,229,1,"1,2,3,4",systems-engineer,systems-engineer,independent-verifier,,create: first successful keyed request returns 201.,f5e0a532dcf6c2f0c44eb32d5213a9bf7812c250,black-box HTTP,idempotency,python3 /verifier/probe.py --base http://independent-verifier-s1-f5e0a532dcf6-20261004t024727-source:18309 --peer http://independent-verifier-s1-f5e0a532dcf6-20261004t024727-peer:8080 --candidate f5e0a532dcf6c2f0c44eb32d5213a9bf7812c250 --out /evidence/probes --case all,/evidence/probes/assertions.json#TK1-create-key-first,verified
TK1-create-key-replay-status,7. Idempotency,229,1,"1,2,3,4",systems-engineer,systems-engineer,independent-verifier,,create: replay returns 200.,f5e0a532dcf6c2f0c44eb32d5213a9bf7812c250,black-box HTTP,idempotency,python3 /verifier/probe.py --base http://independent-verifier-s1-f5e0a532dcf6-20261004t024727-source:18309 --peer http://independent-verifier-s1-f5e0a532dcf6-20261004t024727-peer:8080 --candidate f5e0a532dcf6c2f0c44eb32d5213a9bf7812c250 --out /evidence/probes --case all,/evidence/probes/assertions.json#TK1-create-key-replay-status,verified
TK1-create-key-replay-body,7. Idempotency,229,1,"1,2,3,4",systems-engineer,systems-engineer,independent-verifier,,create: replay returns original JSON response exactly.,f5e0a532dcf6c2f0c44eb32d5213a9bf7812c250,black-box HTTP,idempotency,python3 /verifier/probe.py --base http://independent-verifier-s1-f5e0a532dcf6-20261004t024727-source:18309 --peer http://independent-verifier-s1-f5e0a532dcf6-20261004t024727-peer:8080 --candidate f5e0a532dcf6c2f0c44eb32d5213a9bf7812c250 --out /evidence/probes --case all,/evidence/probes/assertions.json#TK1-create-key-replay-body,verified
TK1-create-key-json-value,7. Idempotency,229,1,"1,2,3,4",systems-engineer,systems-engineer,independent-verifier,,create: whitespace/key order do not change parsed body identity.,f5e0a532dcf6c2f0c44eb32d5213a9bf7812c250,black-box HTTP,idempotency,python3 /verifier/probe.py --base http://independent-verifier-s1-f5e0a532dcf6-20261004t024727-source:18309 --peer http://independent-verifier-s1-f5e0a532dcf6-20261004t024727-peer:8080 --candidate f5e0a532dcf6c2f0c44eb32d5213a9bf7812c250 --out /evidence/probes --case all,/evidence/probes/assertions.json#TK1-create-key-json-value,verified
TK1-create-key-conflict,7. Idempotency,229,1,"1,2,3,4",systems-engineer,systems-engineer,independent-verifier,,create: same key with different body returns 409 idempotency_key_reuse.,f5e0a532dcf6c2f0c44eb32d5213a9bf7812c250,black-box HTTP,idempotency,python3 /verifier/probe.py --base http://independent-verifier-s1-f5e0a532dcf6-20261004t024727-source:18309 --peer http://independent-verifier-s1-f5e0a532dcf6-20261004t024727-peer:8080 --candidate f5e0a532dcf6c2f0c44eb32d5213a9bf7812c250 --out /evidence/probes --case all,/evidence/probes/assertions.json#TK1-create-key-conflict,verified
TK1-create-key-before-validation,7. Idempotency,229,1,"1,2,3,4",systems-engineer,systems-engineer,independent-verifier,,create: body conflict is resolved before field validation.,f5e0a532dcf6c2f0c44eb32d5213a9bf7812c250,black-box HTTP,idempotency,python3 /verifier/probe.py --base http://independent-verifier-s1-f5e0a532dcf6-20261004t024727-source:18309 --peer http://independent-verifier-s1-f5e0a532dcf6-20261004t024727-peer:8080 --candidate f5e0a532dcf6c2f0c44eb32d5213a9bf7812c250 --out /evidence/probes --case all,/evidence/probes/assertions.json#TK1-create-key-before-validation,verified
TK1-create-key-before-resource,7. Idempotency,229,1,"1,2,3,4",systems-engineer,systems-engineer,independent-verifier,,create: receipt replay is resolved before current-resource checks.,f5e0a532dcf6c2f0c44eb32d5213a9bf7812c250,black-box HTTP,idempotency,python3 /verifier/probe.py --base http://independent-verifier-s1-f5e0a532dcf6-20261004t024727-source:18309 --peer http://independent-verifier-s1-f5e0a532dcf6-20261004t024727-peer:8080 --candidate f5e0a532dcf6c2f0c44eb32d5213a9bf7812c250 --out /evidence/probes --case all,/evidence/probes/assertions.json#TK1-create-key-before-resource,verified
TK1-create-key-failed-reuse,7. Idempotency,229,1,"1,2,3,4",systems-engineer,systems-engineer,independent-verifier,,create: a key used by a failed 4xx request remains reusable.,f5e0a532dcf6c2f0c44eb32d5213a9bf7812c250,black-box HTTP,idempotency,python3 /verifier/probe.py --base http://independent-verifier-s1-f5e0a532dcf6-20261004t024727-source:18309 --peer http://independent-verifier-s1-f5e0a532dcf6-20261004t024727-peer:8080 --candidate f5e0a532dcf6c2f0c44eb32d5213a9bf7812c250 --out /evidence/probes --case all,/evidence/probes/assertions.json#TK1-create-key-failed-reuse,verified
TK1-create-key-concurrent-first,7. Idempotency,229,1,"1,2,3,4",systems-engineer,systems-engineer,independent-verifier,,create: concurrent identical fresh-key requests have exactly one 201.,f5e0a532dcf6c2f0c44eb32d5213a9bf7812c250,black-box HTTP,idempotency,python3 /verifier/probe.py --base http://independent-verifier-s1-f5e0a532dcf6-20261004t024727-source:18309 --peer http://independent-verifier-s1-f5e0a532dcf6-20261004t024727-peer:8080 --candidate f5e0a532dcf6c2f0c44eb32d5213a9bf7812c250 --out /evidence/probes --case all,/evidence/probes/assertions.json#TK1-create-key-concurrent-first,verified
TK1-create-key-concurrent-replays,7. Idempotency,229,1,"1,2,3,4",systems-engineer,systems-engineer,independent-verifier,,create: all other identical concurrent requests are 200 with the original body.,f5e0a532dcf6c2f0c44eb32d5213a9bf7812c250,black-box HTTP,idempotency,python3 /verifier/probe.py --base http://independent-verifier-s1-f5e0a532dcf6-20261004t024727-source:18309 --peer http://independent-verifier-s1-f5e0a532dcf6-20261004t024727-peer:8080 --candidate f5e0a532dcf6c2f0c44eb32d5213a9bf7812c250 --out /evidence/probes --case all,/evidence/probes/assertions.json#TK1-create-key-concurrent-replays,verified
TK1-create-key-once,7. Idempotency,229,1,"1,2,3,4",systems-engineer,systems-engineer,independent-verifier,,create: concurrent identical request changes state exactly once.,f5e0a532dcf6c2f0c44eb32d5213a9bf7812c250,black-box HTTP,idempotency,python3 /verifier/probe.py --base http://independent-verifier-s1-f5e0a532dcf6-20261004t024727-source:18309 --peer http://independent-verifier-s1-f5e0a532dcf6-20261004t024727-peer:8080 --candidate f5e0a532dcf6c2f0c44eb32d5213a9bf7812c250 --out /evidence/probes --case all,/evidence/probes/assertions.json#TK1-create-key-once,verified
TK1-create-key-after-amend,7. Idempotency,229,1,"1,2,3,4",systems-engineer,systems-engineer,independent-verifier,,create: replay after amendment returns the original response.,f5e0a532dcf6c2f0c44eb32d5213a9bf7812c250,black-box HTTP,idempotency,python3 /verifier/probe.py --base http://independent-verifier-s1-f5e0a532dcf6-20261004t024727-source:18309 --peer http://independent-verifier-s1-f5e0a532dcf6-20261004t024727-peer:8080 --candidate f5e0a532dcf6c2f0c44eb32d5213a9bf7812c250 --out /evidence/probes --case all,/evidence/probes/assertions.json#TK1-create-key-after-amend,verified
TK1-create-key-after-cancel,7. Idempotency,229,1,"1,2,3,4",systems-engineer,systems-engineer,independent-verifier,,create: replay after cancellation returns the original response.,f5e0a532dcf6c2f0c44eb32d5213a9bf7812c250,black-box HTTP,idempotency,python3 /verifier/probe.py --base http://independent-verifier-s1-f5e0a532dcf6-20261004t024727-source:18309 --peer http://independent-verifier-s1-f5e0a532dcf6-20261004t024727-peer:8080 --candidate f5e0a532dcf6c2f0c44eb32d5213a9bf7812c250 --out /evidence/probes --case all,/evidence/probes/assertions.json#TK1-create-key-after-cancel,verified
TK1-create-key-no-mutation,7. Idempotency,229,1,"1,2,3,4",systems-engineer,systems-engineer,independent-verifier,,create: successful replay has no additional state changes.,f5e0a532dcf6c2f0c44eb32d5213a9bf7812c250,black-box HTTP,idempotency,python3 /verifier/probe.py --base http://independent-verifier-s1-f5e0a532dcf6-20261004t024727-source:18309 --peer http://independent-verifier-s1-f5e0a532dcf6-20261004t024727-peer:8080 --candidate f5e0a532dcf6c2f0c44eb32d5213a9bf7812c250 --out /evidence/probes --case all,/evidence/probes/assertions.json#TK1-create-key-no-mutation,verified
TK1-batch-key-missing,7. Idempotency,229,1,"1,2,3,4",systems-engineer,systems-engineer,independent-verifier,,batch: absent key returns 400 missing_idempotency_key.,f5e0a532dcf6c2f0c44eb32d5213a9bf7812c250,black-box HTTP,idempotency,python3 /verifier/probe.py --base http://independent-verifier-s1-f5e0a532dcf6-20261004t024727-source:18309 --peer http://independent-verifier-s1-f5e0a532dcf6-20261004t024727-peer:8080 --candidate f5e0a532dcf6c2f0c44eb32d5213a9bf7812c250 --out /evidence/probes --case all,/evidence/probes/assertions.json#TK1-batch-key-missing,verified
TK1-batch-key-empty,7. Idempotency,229,1,"1,2,3,4",systems-engineer,systems-engineer,independent-verifier,,batch: empty key returns 400 missing_idempotency_key.,f5e0a532dcf6c2f0c44eb32d5213a9bf7812c250,black-box HTTP,idempotency,python3 /verifier/probe.py --base http://independent-verifier-s1-f5e0a532dcf6-20261004t024727-source:18309 --peer http://independent-verifier-s1-f5e0a532dcf6-20261004t024727-peer:8080 --candidate f5e0a532dcf6c2f0c44eb32d5213a9bf7812c250 --out /evidence/probes --case all,/evidence/probes/assertions.json#TK1-batch-key-empty,verified
TK1-batch-key-1,7. Idempotency,229,1,"1,2,3,4",systems-engineer,systems-engineer,independent-verifier,,batch: a one-character key is valid.,f5e0a532dcf6c2f0c44eb32d5213a9bf7812c250,black-box HTTP,idempotency,python3 /verifier/probe.py --base http://independent-verifier-s1-f5e0a532dcf6-20261004t024727-source:18309 --peer http://independent-verifier-s1-f5e0a532dcf6-20261004t024727-peer:8080 --candidate f5e0a532dcf6c2f0c44eb32d5213a9bf7812c250 --out /evidence/probes --case all,/evidence/probes/assertions.json#TK1-batch-key-1,verified
TK1-batch-key-255,7. Idempotency,229,1,"1,2,3,4",systems-engineer,systems-engineer,independent-verifier,,batch: a 255-character key is valid.,f5e0a532dcf6c2f0c44eb32d5213a9bf7812c250,black-box HTTP,idempotency,python3 /verifier/probe.py --base http://independent-verifier-s1-f5e0a532dcf6-20261004t024727-source:18309 --peer http://independent-verifier-s1-f5e0a532dcf6-20261004t024727-peer:8080 --candidate f5e0a532dcf6c2f0c44eb32d5213a9bf7812c250 --out /evidence/probes --case all,/evidence/probes/assertions.json#TK1-batch-key-255,verified
TK1-batch-key-256,7. Idempotency,229,1,"1,2,3,4",systems-engineer,systems-engineer,independent-verifier,,batch: a 256-character key returns 422 validation_failed.,f5e0a532dcf6c2f0c44eb32d5213a9bf7812c250,black-box HTTP,idempotency,python3 /verifier/probe.py --base http://independent-verifier-s1-f5e0a532dcf6-20261004t024727-source:18309 --peer http://independent-verifier-s1-f5e0a532dcf6-20261004t024727-peer:8080 --candidate f5e0a532dcf6c2f0c44eb32d5213a9bf7812c250 --out /evidence/probes --case all,/evidence/probes/assertions.json#TK1-batch-key-256,verified
TK1-batch-key-user,7. Idempotency,229,1,"1,2,3,4",systems-engineer,systems-engineer,independent-verifier,,batch: identical key strings are independent across users.,f5e0a532dcf6c2f0c44eb32d5213a9bf7812c250,black-box HTTP,idempotency,python3 /verifier/probe.py --base http://independent-verifier-s1-f5e0a532dcf6-20261004t024727-source:18309 --peer http://independent-verifier-s1-f5e0a532dcf6-20261004t024727-peer:8080 --candidate f5e0a532dcf6c2f0c44eb32d5213a9bf7812c250 --out /evidence/probes --case all,/evidence/probes/assertions.json#TK1-batch-key-user,verified
TK1-batch-key-first,7. Idempotency,229,1,"1,2,3,4",systems-engineer,systems-engineer,independent-verifier,,batch: first successful keyed request returns 201.,f5e0a532dcf6c2f0c44eb32d5213a9bf7812c250,black-box HTTP,idempotency,python3 /verifier/probe.py --base http://independent-verifier-s1-f5e0a532dcf6-20261004t024727-source:18309 --peer http://independent-verifier-s1-f5e0a532dcf6-20261004t024727-peer:8080 --candidate f5e0a532dcf6c2f0c44eb32d5213a9bf7812c250 --out /evidence/probes --case all,/evidence/probes/assertions.json#TK1-batch-key-first,verified
TK1-batch-key-replay-status,7. Idempotency,229,1,"1,2,3,4",systems-engineer,systems-engineer,independent-verifier,,batch: replay returns 200.,f5e0a532dcf6c2f0c44eb32d5213a9bf7812c250,black-box HTTP,idempotency,python3 /verifier/probe.py --base http://independent-verifier-s1-f5e0a532dcf6-20261004t024727-source:18309 --peer http://independent-verifier-s1-f5e0a532dcf6-20261004t024727-peer:8080 --candidate f5e0a532dcf6c2f0c44eb32d5213a9bf7812c250 --out /evidence/probes --case all,/evidence/probes/assertions.json#TK1-batch-key-replay-status,verified
TK1-batch-key-replay-body,7. Idempotency,229,1,"1,2,3,4",systems-engineer,systems-engineer,independent-verifier,,batch: replay returns original JSON response exactly.,f5e0a532dcf6c2f0c44eb32d5213a9bf7812c250,black-box HTTP,idempotency,python3 /verifier/probe.py --base http://independent-verifier-s1-f5e0a532dcf6-20261004t024727-source:18309 --peer http://independent-verifier-s1-f5e0a532dcf6-20261004t024727-peer:8080 --candidate f5e0a532dcf6c2f0c44eb32d5213a9bf7812c250 --out /evidence/probes --case all,/evidence/probes/assertions.json#TK1-batch-key-replay-body,verified
TK1-batch-key-json-value,7. Idempotency,229,1,"1,2,3,4",systems-engineer,systems-engineer,independent-verifier,,batch: whitespace/key order do not change parsed body identity.,f5e0a532dcf6c2f0c44eb32d5213a9bf7812c250,black-box HTTP,idempotency,python3 /verifier/probe.py --base http://independent-verifier-s1-f5e0a532dcf6-20261004t024727-source:18309 --peer http://independent-verifier-s1-f5e0a532dcf6-20261004t024727-peer:8080 --candidate f5e0a532dcf6c2f0c44eb32d5213a9bf7812c250 --out /evidence/probes --case all,/evidence/probes/assertions.json#TK1-batch-key-json-value,verified
TK1-batch-key-conflict,7. Idempotency,229,1,"1,2,3,4",systems-engineer,systems-engineer,independent-verifier,,batch: same key with different body returns 409 idempotency_key_reuse.,f5e0a532dcf6c2f0c44eb32d5213a9bf7812c250,black-box HTTP,idempotency,python3 /verifier/probe.py --base http://independent-verifier-s1-f5e0a532dcf6-20261004t024727-source:18309 --peer http://independent-verifier-s1-f5e0a532dcf6-20261004t024727-peer:8080 --candidate f5e0a532dcf6c2f0c44eb32d5213a9bf7812c250 --out /evidence/probes --case all,/evidence/probes/assertions.json#TK1-batch-key-conflict,verified
TK1-batch-key-before-validation,7. Idempotency,229,1,"1,2,3,4",systems-engineer,systems-engineer,independent-verifier,,batch: body conflict is resolved before field validation.,f5e0a532dcf6c2f0c44eb32d5213a9bf7812c250,black-box HTTP,idempotency,python3 /verifier/probe.py --base http://independent-verifier-s1-f5e0a532dcf6-20261004t024727-source:18309 --peer http://independent-verifier-s1-f5e0a532dcf6-20261004t024727-peer:8080 --candidate f5e0a532dcf6c2f0c44eb32d5213a9bf7812c250 --out /evidence/probes --case all,/evidence/probes/assertions.json#TK1-batch-key-before-validation,verified
TK1-batch-key-before-resource,7. Idempotency,229,1,"1,2,3,4",systems-engineer,systems-engineer,independent-verifier,,batch: receipt replay is resolved before current-resource checks.,f5e0a532dcf6c2f0c44eb32d5213a9bf7812c250,black-box HTTP,idempotency,python3 /verifier/probe.py --base http://independent-verifier-s1-f5e0a532dcf6-20261004t024727-source:18309 --peer http://independent-verifier-s1-f5e0a532dcf6-20261004t024727-peer:8080 --candidate f5e0a532dcf6c2f0c44eb32d5213a9bf7812c250 --out /evidence/probes --case all,/evidence/probes/assertions.json#TK1-batch-key-before-resource,verified
TK1-batch-key-failed-reuse,7. Idempotency,229,1,"1,2,3,4",systems-engineer,systems-engineer,independent-verifier,,batch: a key used by a failed 4xx request remains reusable.,f5e0a532dcf6c2f0c44eb32d5213a9bf7812c250,black-box HTTP,idempotency,python3 /verifier/probe.py --base http://independent-verifier-s1-f5e0a532dcf6-20261004t024727-source:18309 --peer http://independent-verifier-s1-f5e0a532dcf6-20261004t024727-peer:8080 --candidate f5e0a532dcf6c2f0c44eb32d5213a9bf7812c250 --out /evidence/probes --case all,/evidence/probes/assertions.json#TK1-batch-key-failed-reuse,verified
TK1-batch-key-concurrent-first,7. Idempotency,229,1,"1,2,3,4",systems-engineer,systems-engineer,independent-verifier,,batch: concurrent identical fresh-key requests have exactly one 201.,f5e0a532dcf6c2f0c44eb32d5213a9bf7812c250,black-box HTTP,idempotency,python3 /verifier/probe.py --base http://independent-verifier-s1-f5e0a532dcf6-20261004t024727-source:18309 --peer http://independent-verifier-s1-f5e0a532dcf6-20261004t024727-peer:8080 --candidate f5e0a532dcf6c2f0c44eb32d5213a9bf7812c250 --out /evidence/probes --case all,/evidence/probes/assertions.json#TK1-batch-key-concurrent-first,verified
TK1-batch-key-concurrent-replays,7. Idempotency,229,1,"1,2,3,4",systems-engineer,systems-engineer,independent-verifier,,batch: all other identical concurrent requests are 200 with the original body.,f5e0a532dcf6c2f0c44eb32d5213a9bf7812c250,black-box HTTP,idempotency,python3 /verifier/probe.py --base http://independent-verifier-s1-f5e0a532dcf6-20261004t024727-source:18309 --peer http://independent-verifier-s1-f5e0a532dcf6-20261004t024727-peer:8080 --candidate f5e0a532dcf6c2f0c44eb32d5213a9bf7812c250 --out /evidence/probes --case all,/evidence/probes/assertions.json#TK1-batch-key-concurrent-replays,verified
TK1-batch-key-once,7. Idempotency,229,1,"1,2,3,4",systems-engineer,systems-engineer,independent-verifier,,batch: concurrent identical request changes state exactly once.,f5e0a532dcf6c2f0c44eb32d5213a9bf7812c250,black-box HTTP,idempotency,python3 /verifier/probe.py --base http://independent-verifier-s1-f5e0a532dcf6-20261004t024727-source:18309 --peer http://independent-verifier-s1-f5e0a532dcf6-20261004t024727-peer:8080 --candidate f5e0a532dcf6c2f0c44eb32d5213a9bf7812c250 --out /evidence/probes --case all,/evidence/probes/assertions.json#TK1-batch-key-once,verified
TK1-batch-key-after-amend,7. Idempotency,229,1,"1,2,3,4",systems-engineer,systems-engineer,independent-verifier,,batch: replay after amendment returns the original response.,f5e0a532dcf6c2f0c44eb32d5213a9bf7812c250,black-box HTTP,idempotency,python3 /verifier/probe.py --base http://independent-verifier-s1-f5e0a532dcf6-20261004t024727-source:18309 --peer http://independent-verifier-s1-f5e0a532dcf6-20261004t024727-peer:8080 --candidate f5e0a532dcf6c2f0c44eb32d5213a9bf7812c250 --out /evidence/probes --case all,/evidence/probes/assertions.json#TK1-batch-key-after-amend,verified
TK1-batch-key-after-cancel,7. Idempotency,229,1,"1,2,3,4",systems-engineer,systems-engineer,independent-verifier,,batch: replay after cancellation returns the original response.,f5e0a532dcf6c2f0c44eb32d5213a9bf7812c250,black-box HTTP,idempotency,python3 /verifier/probe.py --base http://independent-verifier-s1-f5e0a532dcf6-20261004t024727-source:18309 --peer http://independent-verifier-s1-f5e0a532dcf6-20261004t024727-peer:8080 --candidate f5e0a532dcf6c2f0c44eb32d5213a9bf7812c250 --out /evidence/probes --case all,/evidence/probes/assertions.json#TK1-batch-key-after-cancel,verified
TK1-batch-key-no-mutation,7. Idempotency,229,1,"1,2,3,4",systems-engineer,systems-engineer,independent-verifier,,batch: successful replay has no additional state changes.,f5e0a532dcf6c2f0c44eb32d5213a9bf7812c250,black-box HTTP,idempotency,python3 /verifier/probe.py --base http://independent-verifier-s1-f5e0a532dcf6-20261004t024727-source:18309 --peer http://independent-verifier-s1-f5e0a532dcf6-20261004t024727-peer:8080 --candidate f5e0a532dcf6c2f0c44eb32d5213a9bf7812c250 --out /evidence/probes --case all,/evidence/probes/assertions.json#TK1-batch-key-no-mutation,verified
TK1-key-path-scope,7. Idempotency,237,1,"1,2,3,4",systems-engineer,systems-engineer,independent-verifier,,Same user/key/JSON body on different paths is independent and succeeds normally.,f5e0a532dcf6c2f0c44eb32d5213a9bf7812c250,black-box HTTP,idempotency,python3 /verifier/probe.py --base http://independent-verifier-s1-f5e0a532dcf6-20261004t024727-source:18309 --peer http://independent-verifier-s1-f5e0a532dcf6-20261004t024727-peer:8080 --candidate f5e0a532dcf6c2f0c44eb32d5213a9bf7812c250 --out /evidence/probes --case all,/evidence/probes/assertions.json#TK1-key-path-scope,verified
TK1-restaurants-status,8. GET /restaurants,269,1,"1,2,3,4",systems-engineer,systems-engineer,independent-verifier,,Public list returns 200.,f5e0a532dcf6c2f0c44eb32d5213a9bf7812c250,black-box HTTP,basics,python3 /verifier/probe.py --base http://independent-verifier-s1-f5e0a532dcf6-20261004t024727-source:18309 --peer http://independent-verifier-s1-f5e0a532dcf6-20261004t024727-peer:8080 --candidate f5e0a532dcf6c2f0c44eb32d5213a9bf7812c250 --out /evidence/probes --case all,/evidence/probes/assertions.json#TK1-restaurants-status,verified
TK1-restaurants-envelope,8. GET /restaurants,269,1,"1,2,3,4",systems-engineer,systems-engineer,independent-verifier,,List returns a restaurants array.,f5e0a532dcf6c2f0c44eb32d5213a9bf7812c250,black-box HTTP,basics,python3 /verifier/probe.py --base http://independent-verifier-s1-f5e0a532dcf6-20261004t024727-source:18309 --peer http://independent-verifier-s1-f5e0a532dcf6-20261004t024727-peer:8080 --candidate f5e0a532dcf6c2f0c44eb32d5213a9bf7812c250 --out /evidence/probes --case all,/evidence/probes/assertions.json#TK1-restaurants-envelope,verified
TK1-restaurants-id,8. GET /restaurants,269,1,"1,2,3,4",systems-engineer,systems-engineer,independent-verifier,,List exposes each fixture restaurant id.,f5e0a532dcf6c2f0c44eb32d5213a9bf7812c250,black-box HTTP,basics,python3 /verifier/probe.py --base http://independent-verifier-s1-f5e0a532dcf6-20261004t024727-source:18309 --peer http://independent-verifier-s1-f5e0a532dcf6-20261004t024727-peer:8080 --candidate f5e0a532dcf6c2f0c44eb32d5213a9bf7812c250 --out /evidence/probes --case all,/evidence/probes/assertions.json#TK1-restaurants-id,verified
TK1-restaurants-name,8. GET /restaurants,269,1,"1,2,3,4",systems-engineer,systems-engineer,independent-verifier,,List exposes each fixture restaurant name.,f5e0a532dcf6c2f0c44eb32d5213a9bf7812c250,black-box HTTP,basics,python3 /verifier/probe.py --base http://independent-verifier-s1-f5e0a532dcf6-20261004t024727-source:18309 --peer http://independent-verifier-s1-f5e0a532dcf6-20261004t024727-peer:8080 --candidate f5e0a532dcf6c2f0c44eb32d5213a9bf7812c250 --out /evidence/probes --case all,/evidence/probes/assertions.json#TK1-restaurants-name,verified
TK1-restaurants-timezone,8. GET /restaurants,269,1,"1,2,3,4",systems-engineer,systems-engineer,independent-verifier,,List exposes each fixture restaurant timezone.,f5e0a532dcf6c2f0c44eb32d5213a9bf7812c250,black-box HTTP,basics,python3 /verifier/probe.py --base http://independent-verifier-s1-f5e0a532dcf6-20261004t024727-source:18309 --peer http://independent-verifier-s1-f5e0a532dcf6-20261004t024727-peer:8080 --candidate f5e0a532dcf6c2f0c44eb32d5213a9bf7812c250 --out /evidence/probes --case all,/evidence/probes/assertions.json#TK1-restaurants-timezone,verified
TK1-detail-status,8. GET /restaurants/{id},275,1,"1,2,3,4",systems-engineer,systems-engineer,independent-verifier,,Restaurant detail returns 200.,f5e0a532dcf6c2f0c44eb32d5213a9bf7812c250,black-box HTTP,basics,python3 /verifier/probe.py --base http://independent-verifier-s1-f5e0a532dcf6-20261004t024727-source:18309 --peer http://independent-verifier-s1-f5e0a532dcf6-20261004t024727-peer:8080 --candidate f5e0a532dcf6c2f0c44eb32d5213a9bf7812c250 --out /evidence/probes --case all,/evidence/probes/assertions.json#TK1-detail-status,verified
TK1-detail-unknown,8. GET /restaurants/{id},275,1,"1,2,3,4",systems-engineer,systems-engineer,independent-verifier,,Unknown restaurant detail returns 404 not_found.,f5e0a532dcf6c2f0c44eb32d5213a9bf7812c250,black-box HTTP,basics,python3 /verifier/probe.py --base http://independent-verifier-s1-f5e0a532dcf6-20261004t024727-source:18309 --peer http://independent-verifier-s1-f5e0a532dcf6-20261004t024727-peer:8080 --candidate f5e0a532dcf6c2f0c44eb32d5213a9bf7812c250 --out /evidence/probes --case all,/evidence/probes/assertions.json#TK1-detail-unknown,verified
TK1-detail-id,8. GET /restaurants/{id},275,1,"1,2,3,4",systems-engineer,systems-engineer,independent-verifier,,Restaurant detail preserves fixture id.,f5e0a532dcf6c2f0c44eb32d5213a9bf7812c250,black-box HTTP,basics,python3 /verifier/probe.py --base http://independent-verifier-s1-f5e0a532dcf6-20261004t024727-source:18309 --peer http://independent-verifier-s1-f5e0a532dcf6-20261004t024727-peer:8080 --candidate f5e0a532dcf6c2f0c44eb32d5213a9bf7812c250 --out /evidence/probes --case all,/evidence/probes/assertions.json#TK1-detail-id,verified
TK1-detail-name,8. GET /restaurants/{id},275,1,"1,2,3,4",systems-engineer,systems-engineer,independent-verifier,,Restaurant detail preserves fixture name.,f5e0a532dcf6c2f0c44eb32d5213a9bf7812c250,black-box HTTP,basics,python3 /verifier/probe.py --base http://independent-verifier-s1-f5e0a532dcf6-20261004t024727-source:18309 --peer http://independent-verifier-s1-f5e0a532dcf6-20261004t024727-peer:8080 --candidate f5e0a532dcf6c2f0c44eb32d5213a9bf7812c250 --out /evidence/probes --case all,/evidence/probes/assertions.json#TK1-detail-name,verified
TK1-detail-timezone,8. GET /restaurants/{id},275,1,"1,2,3,4",systems-engineer,systems-engineer,independent-verifier,,Restaurant detail preserves fixture timezone.,f5e0a532dcf6c2f0c44eb32d5213a9bf7812c250,black-box HTTP,basics,python3 /verifier/probe.py --base http://independent-verifier-s1-f5e0a532dcf6-20261004t024727-source:18309 --peer http://independent-verifier-s1-f5e0a532dcf6-20261004t024727-peer:8080 --candidate f5e0a532dcf6c2f0c44eb32d5213a9bf7812c250 --out /evidence/probes --case all,/evidence/probes/assertions.json#TK1-detail-timezone,verified
TK1-detail-slot_minutes,8. GET /restaurants/{id},275,1,"1,2,3,4",systems-engineer,systems-engineer,independent-verifier,,Restaurant detail preserves fixture slot_minutes.,f5e0a532dcf6c2f0c44eb32d5213a9bf7812c250,black-box HTTP,basics,python3 /verifier/probe.py --base http://independent-verifier-s1-f5e0a532dcf6-20261004t024727-source:18309 --peer http://independent-verifier-s1-f5e0a532dcf6-20261004t024727-peer:8080 --candidate f5e0a532dcf6c2f0c44eb32d5213a9bf7812c250 --out /evidence/probes --case all,/evidence/probes/assertions.json#TK1-detail-slot_minutes,verified
TK1-detail-reservation_duration_minutes,8. GET /restaurants/{id},275,1,"1,2,3,4",systems-engineer,systems-engineer,independent-verifier,,Restaurant detail preserves fixture reservation_duration_minutes.,f5e0a532dcf6c2f0c44eb32d5213a9bf7812c250,black-box HTTP,basics,python3 /verifier/probe.py --base http://independent-verifier-s1-f5e0a532dcf6-20261004t024727-source:18309 --peer http://independent-verifier-s1-f5e0a532dcf6-20261004t024727-peer:8080 --candidate f5e0a532dcf6c2f0c44eb32d5213a9bf7812c250 --out /evidence/probes --case all,/evidence/probes/assertions.json#TK1-detail-reservation_duration_minutes,verified
TK1-detail-cancellation_cutoff_minutes,8. GET /restaurants/{id},275,1,"1,2,3,4",systems-engineer,systems-engineer,independent-verifier,,Restaurant detail preserves fixture cancellation_cutoff_minutes.,f5e0a532dcf6c2f0c44eb32d5213a9bf7812c250,black-box HTTP,basics,python3 /verifier/probe.py --base http://independent-verifier-s1-f5e0a532dcf6-20261004t024727-source:18309 --peer http://independent-verifier-s1-f5e0a532dcf6-20261004t024727-peer:8080 --candidate f5e0a532dcf6c2f0c44eb32d5213a9bf7812c250 --out /evidence/probes --case all,/evidence/probes/assertions.json#TK1-detail-cancellation_cutoff_minutes,verified
TK1-detail-opening_hours,8. GET /restaurants/{id},275,1,"1,2,3,4",systems-engineer,systems-engineer,independent-verifier,,Restaurant detail preserves fixture opening_hours.,f5e0a532dcf6c2f0c44eb32d5213a9bf7812c250,black-box HTTP,basics,python3 /verifier/probe.py --base http://independent-verifier-s1-f5e0a532dcf6-20261004t024727-source:18309 --peer http://independent-verifier-s1-f5e0a532dcf6-20261004t024727-peer:8080 --candidate f5e0a532dcf6c2f0c44eb32d5213a9bf7812c250 --out /evidence/probes --case all,/evidence/probes/assertions.json#TK1-detail-opening_hours,verified
TK1-detail-tables,8. GET /restaurants/{id},275,1,"1,2,3,4",systems-engineer,systems-engineer,independent-verifier,,Restaurant detail preserves fixture tables.,f5e0a532dcf6c2f0c44eb32d5213a9bf7812c250,black-box HTTP,basics,python3 /verifier/probe.py --base http://independent-verifier-s1-f5e0a532dcf6-20261004t024727-source:18309 --peer http://independent-verifier-s1-f5e0a532dcf6-20261004t024727-peer:8080 --candidate f5e0a532dcf6c2f0c44eb32d5213a9bf7812c250 --out /evidence/probes --case all,/evidence/probes/assertions.json#TK1-detail-tables,verified
TK1-availability-status,8. GET /availability,281,1,"1,2,3,4",systems-engineer,systems-engineer,independent-verifier,,Public availability returns 200.,f5e0a532dcf6c2f0c44eb32d5213a9bf7812c250,black-box HTTP,availability,python3 /verifier/probe.py --base http://independent-verifier-s1-f5e0a532dcf6-20261004t024727-source:18309 --peer http://independent-verifier-s1-f5e0a532dcf6-20261004t024727-peer:8080 --candidate f5e0a532dcf6c2f0c44eb32d5213a9bf7812c250 --out /evidence/probes --case all,/evidence/probes/assertions.json#TK1-availability-status,verified
TK1-availability-required-restaurant,8. GET /availability,281,1,"1,2,3,4",systems-engineer,systems-engineer,independent-verifier,,Missing restaurant_id query returns 422 validation_failed.,f5e0a532dcf6c2f0c44eb32d5213a9bf7812c250,black-box HTTP,availability,python3 /verifier/probe.py --base http://independent-verifier-s1-f5e0a532dcf6-20261004t024727-source:18309 --peer http://independent-verifier-s1-f5e0a532dcf6-20261004t024727-peer:8080 --candidate f5e0a532dcf6c2f0c44eb32d5213a9bf7812c250 --out /evidence/probes --case all,/evidence/probes/assertions.json#TK1-availability-required-restaurant,verified
TK1-availability-required-date,8. GET /availability,281,1,"1,2,3,4",systems-engineer,systems-engineer,independent-verifier,,Missing date query returns 422 validation_failed.,f5e0a532dcf6c2f0c44eb32d5213a9bf7812c250,black-box HTTP,availability,python3 /verifier/probe.py --base http://independent-verifier-s1-f5e0a532dcf6-20261004t024727-source:18309 --peer http://independent-verifier-s1-f5e0a532dcf6-20261004t024727-peer:8080 --candidate f5e0a532dcf6c2f0c44eb32d5213a9bf7812c250 --out /evidence/probes --case all,/evidence/probes/assertions.json#TK1-availability-required-date,verified
TK1-availability-required-party,8. GET /availability,281,1,"1,2,3,4",systems-engineer,systems-engineer,independent-verifier,,Missing party_size query returns 422 validation_failed.,f5e0a532dcf6c2f0c44eb32d5213a9bf7812c250,black-box HTTP,availability,python3 /verifier/probe.py --base http://independent-verifier-s1-f5e0a532dcf6-20261004t024727-source:18309 --peer http://independent-verifier-s1-f5e0a532dcf6-20261004t024727-peer:8080 --candidate f5e0a532dcf6c2f0c44eb32d5213a9bf7812c250 --out /evidence/probes --case all,/evidence/probes/assertions.json#TK1-availability-required-party,verified
TK1-availability-restaurant,8. GET /availability,281,1,"1,2,3,4",systems-engineer,systems-engineer,independent-verifier,,Availability echoes restaurant_id.,f5e0a532dcf6c2f0c44eb32d5213a9bf7812c250,black-box HTTP,availability,python3 /verifier/probe.py --base http://independent-verifier-s1-f5e0a532dcf6-20261004t024727-source:18309 --peer http://independent-verifier-s1-f5e0a532dcf6-20261004t024727-peer:8080 --candidate f5e0a532dcf6c2f0c44eb32d5213a9bf7812c250 --out /evidence/probes --case all,/evidence/probes/assertions.json#TK1-availability-restaurant,verified
TK1-availability-date,8. GET /availability,281,1,"1,2,3,4",systems-engineer,systems-engineer,independent-verifier,,Availability echoes local calendar date.,f5e0a532dcf6c2f0c44eb32d5213a9bf7812c250,black-box HTTP,availability,python3 /verifier/probe.py --base http://independent-verifier-s1-f5e0a532dcf6-20261004t024727-source:18309 --peer http://independent-verifier-s1-f5e0a532dcf6-20261004t024727-peer:8080 --candidate f5e0a532dcf6c2f0c44eb32d5213a9bf7812c250 --out /evidence/probes --case all,/evidence/probes/assertions.json#TK1-availability-date,verified
TK1-availability-timezone,8. GET /availability,281,1,"1,2,3,4",systems-engineer,systems-engineer,independent-verifier,,Availability echoes restaurant timezone.,f5e0a532dcf6c2f0c44eb32d5213a9bf7812c250,black-box HTTP,availability,python3 /verifier/probe.py --base http://independent-verifier-s1-f5e0a532dcf6-20261004t024727-source:18309 --peer http://independent-verifier-s1-f5e0a532dcf6-20261004t024727-peer:8080 --candidate f5e0a532dcf6c2f0c44eb32d5213a9bf7812c250 --out /evidence/probes --case all,/evidence/probes/assertions.json#TK1-availability-timezone,verified
TK1-availability-slots-array,8. GET /availability,281,1,"1,2,3,4",systems-engineer,systems-engineer,independent-verifier,,Availability includes slots array.,f5e0a532dcf6c2f0c44eb32d5213a9bf7812c250,black-box HTTP,availability,python3 /verifier/probe.py --base http://independent-verifier-s1-f5e0a532dcf6-20261004t024727-source:18309 --peer http://independent-verifier-s1-f5e0a532dcf6-20261004t024727-peer:8080 --candidate f5e0a532dcf6c2f0c44eb32d5213a9bf7812c250 --out /evidence/probes --case all,/evidence/probes/assertions.json#TK1-availability-slots-array,verified
TK1-availability-local,8. GET /availability,281,1,"1,2,3,4",systems-engineer,systems-engineer,independent-verifier,,Every slot starts_at_local is full YYYY-MM-DDTHH:MM.,f5e0a532dcf6c2f0c44eb32d5213a9bf7812c250,black-box HTTP,availability,python3 /verifier/probe.py --base http://independent-verifier-s1-f5e0a532dcf6-20261004t024727-source:18309 --peer http://independent-verifier-s1-f5e0a532dcf6-20261004t024727-peer:8080 --candidate f5e0a532dcf6c2f0c44eb32d5213a9bf7812c250 --out /evidence/probes --case all,/evidence/probes/assertions.json#TK1-availability-local,verified
TK1-availability-absolute,8. GET /availability,281,1,"1,2,3,4",systems-engineer,systems-engineer,independent-verifier,,Every slot starts_at has the correct explicit offset.,f5e0a532dcf6c2f0c44eb32d5213a9bf7812c250,black-box HTTP,availability,python3 /verifier/probe.py --base http://independent-verifier-s1-f5e0a532dcf6-20261004t024727-source:18309 --peer http://independent-verifier-s1-f5e0a532dcf6-20261004t024727-peer:8080 --candidate f5e0a532dcf6c2f0c44eb32d5213a9bf7812c250 --out /evidence/probes --case all,/evidence/probes/assertions.json#TK1-availability-absolute,verified
TK1-availability-table-ids,8. GET /availability,281,1,"1,2,3,4",systems-engineer,systems-engineer,independent-verifier,,Every slot has available_table_ids array.,f5e0a532dcf6c2f0c44eb32d5213a9bf7812c250,black-box HTTP,availability,python3 /verifier/probe.py --base http://independent-verifier-s1-f5e0a532dcf6-20261004t024727-source:18309 --peer http://independent-verifier-s1-f5e0a532dcf6-20261004t024727-peer:8080 --candidate f5e0a532dcf6c2f0c44eb32d5213a9bf7812c250 --out /evidence/probes --case all,/evidence/probes/assertions.json#TK1-availability-table-ids,verified
TK1-availability-grid,8. GET /availability,281,1,"1,2,3,4",systems-engineer,systems-engineer,independent-verifier,,Slots follow every slot step from opening.,f5e0a532dcf6c2f0c44eb32d5213a9bf7812c250,black-box HTTP,availability,python3 /verifier/probe.py --base http://independent-verifier-s1-f5e0a532dcf6-20261004t024727-source:18309 --peer http://independent-verifier-s1-f5e0a532dcf6-20261004t024727-peer:8080 --candidate f5e0a532dcf6c2f0c44eb32d5213a9bf7812c250 --out /evidence/probes --case all,/evidence/probes/assertions.json#TK1-availability-grid,verified
TK1-availability-final,8. GET /availability,281,1,"1,2,3,4",systems-engineer,systems-engineer,independent-verifier,,Final allowed slot ends at or before closing; later slots are absent.,f5e0a532dcf6c2f0c44eb32d5213a9bf7812c250,black-box HTTP,availability,python3 /verifier/probe.py --base http://independent-verifier-s1-f5e0a532dcf6-20261004t024727-source:18309 --peer http://independent-verifier-s1-f5e0a532dcf6-20261004t024727-peer:8080 --candidate f5e0a532dcf6c2f0c44eb32d5213a9bf7812c250 --out /evidence/probes --case all,/evidence/probes/assertions.json#TK1-availability-final,verified
TK1-availability-capacity,8. GET /availability,281,1,"1,2,3,4",systems-engineer,systems-engineer,independent-verifier,,Available tables have capacity at least party size.,f5e0a532dcf6c2f0c44eb32d5213a9bf7812c250,black-box HTTP,availability,python3 /verifier/probe.py --base http://independent-verifier-s1-f5e0a532dcf6-20261004t024727-source:18309 --peer http://independent-verifier-s1-f5e0a532dcf6-20261004t024727-peer:8080 --candidate f5e0a532dcf6c2f0c44eb32d5213a9bf7812c250 --out /evidence/probes --case all,/evidence/probes/assertions.json#TK1-availability-capacity,verified
TK1-availability-occupancy,8. GET /availability,281,1,"1,2,3,4",systems-engineer,systems-engineer,independent-verifier,,Overlapping confirmed reservations remove tables from availability.,f5e0a532dcf6c2f0c44eb32d5213a9bf7812c250,black-box HTTP,availability,python3 /verifier/probe.py --base http://independent-verifier-s1-f5e0a532dcf6-20261004t024727-source:18309 --peer http://independent-verifier-s1-f5e0a532dcf6-20261004t024727-peer:8080 --candidate f5e0a532dcf6c2f0c44eb32d5213a9bf7812c250 --out /evidence/probes --case all,/evidence/probes/assertions.json#TK1-availability-occupancy,verified
TK1-availability-order,8. GET /availability,281,1,"1,2,3,4",systems-engineer,systems-engineer,independent-verifier,,Available table IDs retain fixture order.,f5e0a532dcf6c2f0c44eb32d5213a9bf7812c250,black-box HTTP,availability,python3 /verifier/probe.py --base http://independent-verifier-s1-f5e0a532dcf6-20261004t024727-source:18309 --peer http://independent-verifier-s1-f5e0a532dcf6-20261004t024727-peer:8080 --candidate f5e0a532dcf6c2f0c44eb32d5213a9bf7812c250 --out /evidence/probes --case all,/evidence/probes/assertions.json#TK1-availability-order,verified
TK1-availability-empty-slot,8. GET /availability,281,1,"1,2,3,4",systems-engineer,systems-engineer,independent-verifier,,An occupied/full slot still appears with empty table list.,f5e0a532dcf6c2f0c44eb32d5213a9bf7812c250,black-box HTTP,availability,python3 /verifier/probe.py --base http://independent-verifier-s1-f5e0a532dcf6-20261004t024727-source:18309 --peer http://independent-verifier-s1-f5e0a532dcf6-20261004t024727-peer:8080 --candidate f5e0a532dcf6c2f0c44eb32d5213a9bf7812c250 --out /evidence/probes --case all,/evidence/probes/assertions.json#TK1-availability-empty-slot,verified
TK1-availability-closed,8. GET /availability,281,1,"1,2,3,4",systems-engineer,systems-engineer,independent-verifier,,A closed day returns slots: [].,f5e0a532dcf6c2f0c44eb32d5213a9bf7812c250,black-box HTTP,availability,python3 /verifier/probe.py --base http://independent-verifier-s1-f5e0a532dcf6-20261004t024727-source:18309 --peer http://independent-verifier-s1-f5e0a532dcf6-20261004t024727-peer:8080 --candidate f5e0a532dcf6c2f0c44eb32d5213a9bf7812c250 --out /evidence/probes --case all,/evidence/probes/assertions.json#TK1-availability-closed,verified
TK1-availability-create-roundtrip,8. GET /availability,281,1,"1,2,3,4",systems-engineer,systems-engineer,independent-verifier,,Slot's starts_at_local is accepted unchanged by booking.,f5e0a532dcf6c2f0c44eb32d5213a9bf7812c250,black-box HTTP,availability,python3 /verifier/probe.py --base http://independent-verifier-s1-f5e0a532dcf6-20261004t024727-source:18309 --peer http://independent-verifier-s1-f5e0a532dcf6-20261004t024727-peer:8080 --candidate f5e0a532dcf6c2f0c44eb32d5213a9bf7812c250 --out /evidence/probes --case all,/evidence/probes/assertions.json#TK1-availability-create-roundtrip,verified
TK1-create-response-reservation_id,8. API / create,312,1,"1,2,3,4",systems-engineer,systems-engineer,independent-verifier,,create response carries the correct reservation reservation_id.,f5e0a532dcf6c2f0c44eb32d5213a9bf7812c250,black-box HTTP,booking,python3 /verifier/probe.py --base http://independent-verifier-s1-f5e0a532dcf6-20261004t024727-source:18309 --peer http://independent-verifier-s1-f5e0a532dcf6-20261004t024727-peer:8080 --candidate f5e0a532dcf6c2f0c44eb32d5213a9bf7812c250 --out /evidence/probes --case all,/evidence/probes/assertions.json#TK1-create-response-reservation_id,verified
TK1-create-response-reference,8. API / create,312,1,"1,2,3,4",systems-engineer,systems-engineer,independent-verifier,,create response carries the correct reservation reference.,f5e0a532dcf6c2f0c44eb32d5213a9bf7812c250,black-box HTTP,booking,python3 /verifier/probe.py --base http://independent-verifier-s1-f5e0a532dcf6-20261004t024727-source:18309 --peer http://independent-verifier-s1-f5e0a532dcf6-20261004t024727-peer:8080 --candidate f5e0a532dcf6c2f0c44eb32d5213a9bf7812c250 --out /evidence/probes --case all,/evidence/probes/assertions.json#TK1-create-response-reference,verified
TK1-create-response-restaurant_id,8. API / create,312,1,"1,2,3,4",systems-engineer,systems-engineer,independent-verifier,,create response carries the correct reservation restaurant_id.,f5e0a532dcf6c2f0c44eb32d5213a9bf7812c250,black-box HTTP,booking,python3 /verifier/probe.py --base http://independent-verifier-s1-f5e0a532dcf6-20261004t024727-source:18309 --peer http://independent-verifier-s1-f5e0a532dcf6-20261004t024727-peer:8080 --candidate f5e0a532dcf6c2f0c44eb32d5213a9bf7812c250 --out /evidence/probes --case all,/evidence/probes/assertions.json#TK1-create-response-restaurant_id,verified
TK1-create-response-table_id,8. API / create,312,1,"1,2,3,4",systems-engineer,systems-engineer,independent-verifier,,create response carries the correct reservation table_id.,f5e0a532dcf6c2f0c44eb32d5213a9bf7812c250,black-box HTTP,booking,python3 /verifier/probe.py --base http://independent-verifier-s1-f5e0a532dcf6-20261004t024727-source:18309 --peer http://independent-verifier-s1-f5e0a532dcf6-20261004t024727-peer:8080 --candidate f5e0a532dcf6c2f0c44eb32d5213a9bf7812c250 --out /evidence/probes --case all,/evidence/probes/assertions.json#TK1-create-response-table_id,verified
TK1-create-response-party_size,8. API / create,312,1,"1,2,3,4",systems-engineer,systems-engineer,independent-verifier,,create response carries the correct reservation party_size.,f5e0a532dcf6c2f0c44eb32d5213a9bf7812c250,black-box HTTP,booking,python3 /verifier/probe.py --base http://independent-verifier-s1-f5e0a532dcf6-20261004t024727-source:18309 --peer http://independent-verifier-s1-f5e0a532dcf6-20261004t024727-peer:8080 --candidate f5e0a532dcf6c2f0c44eb32d5213a9bf7812c250 --out /evidence/probes --case all,/evidence/probes/assertions.json#TK1-create-response-party_size,verified
TK1-create-response-status,8. API / create,312,1,"1,2,3,4",systems-engineer,systems-engineer,independent-verifier,,create response carries the correct reservation status.,f5e0a532dcf6c2f0c44eb32d5213a9bf7812c250,black-box HTTP,booking,python3 /verifier/probe.py --base http://independent-verifier-s1-f5e0a532dcf6-20261004t024727-source:18309 --peer http://independent-verifier-s1-f5e0a532dcf6-20261004t024727-peer:8080 --candidate f5e0a532dcf6c2f0c44eb32d5213a9bf7812c250 --out /evidence/probes --case all,/evidence/probes/assertions.json#TK1-create-response-status,verified
TK1-create-response-starts_at_local,8. API / create,312,1,"1,2,3,4",systems-engineer,systems-engineer,independent-verifier,,create response carries the correct reservation starts_at_local.,f5e0a532dcf6c2f0c44eb32d5213a9bf7812c250,black-box HTTP,booking,python3 /verifier/probe.py --base http://independent-verifier-s1-f5e0a532dcf6-20261004t024727-source:18309 --peer http://independent-verifier-s1-f5e0a532dcf6-20261004t024727-peer:8080 --candidate f5e0a532dcf6c2f0c44eb32d5213a9bf7812c250 --out /evidence/probes --case all,/evidence/probes/assertions.json#TK1-create-response-starts_at_local,verified
TK1-create-response-starts_at,8. API / create,312,1,"1,2,3,4",systems-engineer,systems-engineer,independent-verifier,,create response carries the correct reservation starts_at.,f5e0a532dcf6c2f0c44eb32d5213a9bf7812c250,black-box HTTP,booking,python3 /verifier/probe.py --base http://independent-verifier-s1-f5e0a532dcf6-20261004t024727-source:18309 --peer http://independent-verifier-s1-f5e0a532dcf6-20261004t024727-peer:8080 --candidate f5e0a532dcf6c2f0c44eb32d5213a9bf7812c250 --out /evidence/probes --case all,/evidence/probes/assertions.json#TK1-create-response-starts_at,verified
TK1-create-response-ends_at,8. API / create,312,1,"1,2,3,4",systems-engineer,systems-engineer,independent-verifier,,create response carries the correct reservation ends_at.,f5e0a532dcf6c2f0c44eb32d5213a9bf7812c250,black-box HTTP,booking,python3 /verifier/probe.py --base http://independent-verifier-s1-f5e0a532dcf6-20261004t024727-source:18309 --peer http://independent-verifier-s1-f5e0a532dcf6-20261004t024727-peer:8080 --candidate f5e0a532dcf6c2f0c44eb32d5213a9bf7812c250 --out /evidence/probes --case all,/evidence/probes/assertions.json#TK1-create-response-ends_at,verified
TK1-create-response-created_at,8. API / create,312,1,"1,2,3,4",systems-engineer,systems-engineer,independent-verifier,,create response carries the correct reservation created_at.,f5e0a532dcf6c2f0c44eb32d5213a9bf7812c250,black-box HTTP,booking,python3 /verifier/probe.py --base http://independent-verifier-s1-f5e0a532dcf6-20261004t024727-source:18309 --peer http://independent-verifier-s1-f5e0a532dcf6-20261004t024727-peer:8080 --candidate f5e0a532dcf6c2f0c44eb32d5213a9bf7812c250 --out /evidence/probes --case all,/evidence/probes/assertions.json#TK1-create-response-created_at,verified
TK1-list-response-reservation_id,8. API / list,356,1,"1,2,3,4",systems-engineer,systems-engineer,independent-verifier,,list response carries the correct reservation reservation_id.,f5e0a532dcf6c2f0c44eb32d5213a9bf7812c250,black-box HTTP,booking,python3 /verifier/probe.py --base http://independent-verifier-s1-f5e0a532dcf6-20261004t024727-source:18309 --peer http://independent-verifier-s1-f5e0a532dcf6-20261004t024727-peer:8080 --candidate f5e0a532dcf6c2f0c44eb32d5213a9bf7812c250 --out /evidence/probes --case all,/evidence/probes/assertions.json#TK1-list-response-reservation_id,verified
TK1-list-response-reference,8. API / list,356,1,"1,2,3,4",systems-engineer,systems-engineer,independent-verifier,,list response carries the correct reservation reference.,f5e0a532dcf6c2f0c44eb32d5213a9bf7812c250,black-box HTTP,booking,python3 /verifier/probe.py --base http://independent-verifier-s1-f5e0a532dcf6-20261004t024727-source:18309 --peer http://independent-verifier-s1-f5e0a532dcf6-20261004t024727-peer:8080 --candidate f5e0a532dcf6c2f0c44eb32d5213a9bf7812c250 --out /evidence/probes --case all,/evidence/probes/assertions.json#TK1-list-response-reference,verified
TK1-list-response-restaurant_id,8. API / list,356,1,"1,2,3,4",systems-engineer,systems-engineer,independent-verifier,,list response carries the correct reservation restaurant_id.,f5e0a532dcf6c2f0c44eb32d5213a9bf7812c250,black-box HTTP,booking,python3 /verifier/probe.py --base http://independent-verifier-s1-f5e0a532dcf6-20261004t024727-source:18309 --peer http://independent-verifier-s1-f5e0a532dcf6-20261004t024727-peer:8080 --candidate f5e0a532dcf6c2f0c44eb32d5213a9bf7812c250 --out /evidence/probes --case all,/evidence/probes/assertions.json#TK1-list-response-restaurant_id,verified
TK1-list-response-table_id,8. API / list,356,1,"1,2,3,4",systems-engineer,systems-engineer,independent-verifier,,list response carries the correct reservation table_id.,f5e0a532dcf6c2f0c44eb32d5213a9bf7812c250,black-box HTTP,booking,python3 /verifier/probe.py --base http://independent-verifier-s1-f5e0a532dcf6-20261004t024727-source:18309 --peer http://independent-verifier-s1-f5e0a532dcf6-20261004t024727-peer:8080 --candidate f5e0a532dcf6c2f0c44eb32d5213a9bf7812c250 --out /evidence/probes --case all,/evidence/probes/assertions.json#TK1-list-response-table_id,verified
TK1-list-response-party_size,8. API / list,356,1,"1,2,3,4",systems-engineer,systems-engineer,independent-verifier,,list response carries the correct reservation party_size.,f5e0a532dcf6c2f0c44eb32d5213a9bf7812c250,black-box HTTP,booking,python3 /verifier/probe.py --base http://independent-verifier-s1-f5e0a532dcf6-20261004t024727-source:18309 --peer http://independent-verifier-s1-f5e0a532dcf6-20261004t024727-peer:8080 --candidate f5e0a532dcf6c2f0c44eb32d5213a9bf7812c250 --out /evidence/probes --case all,/evidence/probes/assertions.json#TK1-list-response-party_size,verified
TK1-list-response-status,8. API / list,356,1,"1,2,3,4",systems-engineer,systems-engineer,independent-verifier,,list response carries the correct reservation status.,f5e0a532dcf6c2f0c44eb32d5213a9bf7812c250,black-box HTTP,booking,python3 /verifier/probe.py --base http://independent-verifier-s1-f5e0a532dcf6-20261004t024727-source:18309 --peer http://independent-verifier-s1-f5e0a532dcf6-20261004t024727-peer:8080 --candidate f5e0a532dcf6c2f0c44eb32d5213a9bf7812c250 --out /evidence/probes --case all,/evidence/probes/assertions.json#TK1-list-response-status,verified
TK1-list-response-starts_at_local,8. API / list,356,1,"1,2,3,4",systems-engineer,systems-engineer,independent-verifier,,list response carries the correct reservation starts_at_local.,f5e0a532dcf6c2f0c44eb32d5213a9bf7812c250,black-box HTTP,booking,python3 /verifier/probe.py --base http://independent-verifier-s1-f5e0a532dcf6-20261004t024727-source:18309 --peer http://independent-verifier-s1-f5e0a532dcf6-20261004t024727-peer:8080 --candidate f5e0a532dcf6c2f0c44eb32d5213a9bf7812c250 --out /evidence/probes --case all,/evidence/probes/assertions.json#TK1-list-response-starts_at_local,verified
TK1-list-response-starts_at,8. API / list,356,1,"1,2,3,4",systems-engineer,systems-engineer,independent-verifier,,list response carries the correct reservation starts_at.,f5e0a532dcf6c2f0c44eb32d5213a9bf7812c250,black-box HTTP,booking,python3 /verifier/probe.py --base http://independent-verifier-s1-f5e0a532dcf6-20261004t024727-source:18309 --peer http://independent-verifier-s1-f5e0a532dcf6-20261004t024727-peer:8080 --candidate f5e0a532dcf6c2f0c44eb32d5213a9bf7812c250 --out /evidence/probes --case all,/evidence/probes/assertions.json#TK1-list-response-starts_at,verified
TK1-list-response-ends_at,8. API / list,356,1,"1,2,3,4",systems-engineer,systems-engineer,independent-verifier,,list response carries the correct reservation ends_at.,f5e0a532dcf6c2f0c44eb32d5213a9bf7812c250,black-box HTTP,booking,python3 /verifier/probe.py --base http://independent-verifier-s1-f5e0a532dcf6-20261004t024727-source:18309 --peer http://independent-verifier-s1-f5e0a532dcf6-20261004t024727-peer:8080 --candidate f5e0a532dcf6c2f0c44eb32d5213a9bf7812c250 --out /evidence/probes --case all,/evidence/probes/assertions.json#TK1-list-response-ends_at,verified
TK1-list-response-created_at,8. API / list,356,1,"1,2,3,4",systems-engineer,systems-engineer,independent-verifier,,list response carries the correct reservation created_at.,f5e0a532dcf6c2f0c44eb32d5213a9bf7812c250,black-box HTTP,booking,python3 /verifier/probe.py --base http://independent-verifier-s1-f5e0a532dcf6-20261004t024727-source:18309 --peer http://independent-verifier-s1-f5e0a532dcf6-20261004t024727-peer:8080 --candidate f5e0a532dcf6c2f0c44eb32d5213a9bf7812c250 --out /evidence/probes --case all,/evidence/probes/assertions.json#TK1-list-response-created_at,verified
TK1-lookup-response-reservation_id,8. API / lookup,362,1,"1,2,3,4",systems-engineer,systems-engineer,independent-verifier,,lookup response carries the correct reservation reservation_id.,f5e0a532dcf6c2f0c44eb32d5213a9bf7812c250,black-box HTTP,booking,python3 /verifier/probe.py --base http://independent-verifier-s1-f5e0a532dcf6-20261004t024727-source:18309 --peer http://independent-verifier-s1-f5e0a532dcf6-20261004t024727-peer:8080 --candidate f5e0a532dcf6c2f0c44eb32d5213a9bf7812c250 --out /evidence/probes --case all,/evidence/probes/assertions.json#TK1-lookup-response-reservation_id,verified
TK1-lookup-response-reference,8. API / lookup,362,1,"1,2,3,4",systems-engineer,systems-engineer,independent-verifier,,lookup response carries the correct reservation reference.,f5e0a532dcf6c2f0c44eb32d5213a9bf7812c250,black-box HTTP,booking,python3 /verifier/probe.py --base http://independent-verifier-s1-f5e0a532dcf6-20261004t024727-source:18309 --peer http://independent-verifier-s1-f5e0a532dcf6-20261004t024727-peer:8080 --candidate f5e0a532dcf6c2f0c44eb32d5213a9bf7812c250 --out /evidence/probes --case all,/evidence/probes/assertions.json#TK1-lookup-response-reference,verified
TK1-lookup-response-restaurant_id,8. API / lookup,362,1,"1,2,3,4",systems-engineer,systems-engineer,independent-verifier,,lookup response carries the correct reservation restaurant_id.,f5e0a532dcf6c2f0c44eb32d5213a9bf7812c250,black-box HTTP,booking,python3 /verifier/probe.py --base http://independent-verifier-s1-f5e0a532dcf6-20261004t024727-source:18309 --peer http://independent-verifier-s1-f5e0a532dcf6-20261004t024727-peer:8080 --candidate f5e0a532dcf6c2f0c44eb32d5213a9bf7812c250 --out /evidence/probes --case all,/evidence/probes/assertions.json#TK1-lookup-response-restaurant_id,verified
TK1-lookup-response-table_id,8. API / lookup,362,1,"1,2,3,4",systems-engineer,systems-engineer,independent-verifier,,lookup response carries the correct reservation table_id.,f5e0a532dcf6c2f0c44eb32d5213a9bf7812c250,black-box HTTP,booking,python3 /verifier/probe.py --base http://independent-verifier-s1-f5e0a532dcf6-20261004t024727-source:18309 --peer http://independent-verifier-s1-f5e0a532dcf6-20261004t024727-peer:8080 --candidate f5e0a532dcf6c2f0c44eb32d5213a9bf7812c250 --out /evidence/probes --case all,/evidence/probes/assertions.json#TK1-lookup-response-table_id,verified
TK1-lookup-response-party_size,8. API / lookup,362,1,"1,2,3,4",systems-engineer,systems-engineer,independent-verifier,,lookup response carries the correct reservation party_size.,f5e0a532dcf6c2f0c44eb32d5213a9bf7812c250,black-box HTTP,booking,python3 /verifier/probe.py --base http://independent-verifier-s1-f5e0a532dcf6-20261004t024727-source:18309 --peer http://independent-verifier-s1-f5e0a532dcf6-20261004t024727-peer:8080 --candidate f5e0a532dcf6c2f0c44eb32d5213a9bf7812c250 --out /evidence/probes --case all,/evidence/probes/assertions.json#TK1-lookup-response-party_size,verified
TK1-lookup-response-status,8. API / lookup,362,1,"1,2,3,4",systems-engineer,systems-engineer,independent-verifier,,lookup response carries the correct reservation status.,f5e0a532dcf6c2f0c44eb32d5213a9bf7812c250,black-box HTTP,booking,python3 /verifier/probe.py --base http://independent-verifier-s1-f5e0a532dcf6-20261004t024727-source:18309 --peer http://independent-verifier-s1-f5e0a532dcf6-20261004t024727-peer:8080 --candidate f5e0a532dcf6c2f0c44eb32d5213a9bf7812c250 --out /evidence/probes --case all,/evidence/probes/assertions.json#TK1-lookup-response-status,verified
TK1-lookup-response-starts_at_local,8. API / lookup,362,1,"1,2,3,4",systems-engineer,systems-engineer,independent-verifier,,lookup response carries the correct reservation starts_at_local.,f5e0a532dcf6c2f0c44eb32d5213a9bf7812c250,black-box HTTP,booking,python3 /verifier/probe.py --base http://independent-verifier-s1-f5e0a532dcf6-20261004t024727-source:18309 --peer http://independent-verifier-s1-f5e0a532dcf6-20261004t024727-peer:8080 --candidate f5e0a532dcf6c2f0c44eb32d5213a9bf7812c250 --out /evidence/probes --case all,/evidence/probes/assertions.json#TK1-lookup-response-starts_at_local,verified
TK1-lookup-response-starts_at,8. API / lookup,362,1,"1,2,3,4",systems-engineer,systems-engineer,independent-verifier,,lookup response carries the correct reservation starts_at.,f5e0a532dcf6c2f0c44eb32d5213a9bf7812c250,black-box HTTP,booking,python3 /verifier/probe.py --base http://independent-verifier-s1-f5e0a532dcf6-20261004t024727-source:18309 --peer http://independent-verifier-s1-f5e0a532dcf6-20261004t024727-peer:8080 --candidate f5e0a532dcf6c2f0c44eb32d5213a9bf7812c250 --out /evidence/probes --case all,/evidence/probes/assertions.json#TK1-lookup-response-starts_at,verified
TK1-lookup-response-ends_at,8. API / lookup,362,1,"1,2,3,4",systems-engineer,systems-engineer,independent-verifier,,lookup response carries the correct reservation ends_at.,f5e0a532dcf6c2f0c44eb32d5213a9bf7812c250,black-box HTTP,booking,python3 /verifier/probe.py --base http://independent-verifier-s1-f5e0a532dcf6-20261004t024727-source:18309 --peer http://independent-verifier-s1-f5e0a532dcf6-20261004t024727-peer:8080 --candidate f5e0a532dcf6c2f0c44eb32d5213a9bf7812c250 --out /evidence/probes --case all,/evidence/probes/assertions.json#TK1-lookup-response-ends_at,verified
TK1-lookup-response-created_at,8. API / lookup,362,1,"1,2,3,4",systems-engineer,systems-engineer,independent-verifier,,lookup response carries the correct reservation created_at.,f5e0a532dcf6c2f0c44eb32d5213a9bf7812c250,black-box HTTP,booking,python3 /verifier/probe.py --base http://independent-verifier-s1-f5e0a532dcf6-20261004t024727-source:18309 --peer http://independent-verifier-s1-f5e0a532dcf6-20261004t024727-peer:8080 --candidate f5e0a532dcf6c2f0c44eb32d5213a9bf7812c250 --out /evidence/probes --case all,/evidence/probes/assertions.json#TK1-lookup-response-created_at,verified
TK1-cancel-response-reservation_id,8. API / cancel,367,1,"1,2,3,4",systems-engineer,systems-engineer,independent-verifier,,cancel response carries the correct reservation reservation_id.,f5e0a532dcf6c2f0c44eb32d5213a9bf7812c250,black-box HTTP,cancel,python3 /verifier/probe.py --base http://independent-verifier-s1-f5e0a532dcf6-20261004t024727-source:18309 --peer http://independent-verifier-s1-f5e0a532dcf6-20261004t024727-peer:8080 --candidate f5e0a532dcf6c2f0c44eb32d5213a9bf7812c250 --out /evidence/probes --case all,/evidence/probes/assertions.json#TK1-cancel-response-reservation_id,verified
TK1-cancel-response-reference,8. API / cancel,367,1,"1,2,3,4",systems-engineer,systems-engineer,independent-verifier,,cancel response carries the correct reservation reference.,f5e0a532dcf6c2f0c44eb32d5213a9bf7812c250,black-box HTTP,cancel,python3 /verifier/probe.py --base http://independent-verifier-s1-f5e0a532dcf6-20261004t024727-source:18309 --peer http://independent-verifier-s1-f5e0a532dcf6-20261004t024727-peer:8080 --candidate f5e0a532dcf6c2f0c44eb32d5213a9bf7812c250 --out /evidence/probes --case all,/evidence/probes/assertions.json#TK1-cancel-response-reference,verified
TK1-cancel-response-restaurant_id,8. API / cancel,367,1,"1,2,3,4",systems-engineer,systems-engineer,independent-verifier,,cancel response carries the correct reservation restaurant_id.,f5e0a532dcf6c2f0c44eb32d5213a9bf7812c250,black-box HTTP,cancel,python3 /verifier/probe.py --base http://independent-verifier-s1-f5e0a532dcf6-20261004t024727-source:18309 --peer http://independent-verifier-s1-f5e0a532dcf6-20261004t024727-peer:8080 --candidate f5e0a532dcf6c2f0c44eb32d5213a9bf7812c250 --out /evidence/probes --case all,/evidence/probes/assertions.json#TK1-cancel-response-restaurant_id,verified
TK1-cancel-response-table_id,8. API / cancel,367,1,"1,2,3,4",systems-engineer,systems-engineer,independent-verifier,,cancel response carries the correct reservation table_id.,f5e0a532dcf6c2f0c44eb32d5213a9bf7812c250,black-box HTTP,cancel,python3 /verifier/probe.py --base http://independent-verifier-s1-f5e0a532dcf6-20261004t024727-source:18309 --peer http://independent-verifier-s1-f5e0a532dcf6-20261004t024727-peer:8080 --candidate f5e0a532dcf6c2f0c44eb32d5213a9bf7812c250 --out /evidence/probes --case all,/evidence/probes/assertions.json#TK1-cancel-response-table_id,verified
TK1-cancel-response-party_size,8. API / cancel,367,1,"1,2,3,4",systems-engineer,systems-engineer,independent-verifier,,cancel response carries the correct reservation party_size.,f5e0a532dcf6c2f0c44eb32d5213a9bf7812c250,black-box HTTP,cancel,python3 /verifier/probe.py --base http://independent-verifier-s1-f5e0a532dcf6-20261004t024727-source:18309 --peer http://independent-verifier-s1-f5e0a532dcf6-20261004t024727-peer:8080 --candidate f5e0a532dcf6c2f0c44eb32d5213a9bf7812c250 --out /evidence/probes --case all,/evidence/probes/assertions.json#TK1-cancel-response-party_size,verified
TK1-cancel-response-status,8. API / cancel,367,1,"1,2,3,4",systems-engineer,systems-engineer,independent-verifier,,cancel response carries the correct reservation status.,f5e0a532dcf6c2f0c44eb32d5213a9bf7812c250,black-box HTTP,cancel,python3 /verifier/probe.py --base http://independent-verifier-s1-f5e0a532dcf6-20261004t024727-source:18309 --peer http://independent-verifier-s1-f5e0a532dcf6-20261004t024727-peer:8080 --candidate f5e0a532dcf6c2f0c44eb32d5213a9bf7812c250 --out /evidence/probes --case all,/evidence/probes/assertions.json#TK1-cancel-response-status,verified
TK1-cancel-response-starts_at_local,8. API / cancel,367,1,"1,2,3,4",systems-engineer,systems-engineer,independent-verifier,,cancel response carries the correct reservation starts_at_local.,f5e0a532dcf6c2f0c44eb32d5213a9bf7812c250,black-box HTTP,cancel,python3 /verifier/probe.py --base http://independent-verifier-s1-f5e0a532dcf6-20261004t024727-source:18309 --peer http://independent-verifier-s1-f5e0a532dcf6-20261004t024727-peer:8080 --candidate f5e0a532dcf6c2f0c44eb32d5213a9bf7812c250 --out /evidence/probes --case all,/evidence/probes/assertions.json#TK1-cancel-response-starts_at_local,verified
TK1-cancel-response-starts_at,8. API / cancel,367,1,"1,2,3,4",systems-engineer,systems-engineer,independent-verifier,,cancel response carries the correct reservation starts_at.,f5e0a532dcf6c2f0c44eb32d5213a9bf7812c250,black-box HTTP,cancel,python3 /verifier/probe.py --base http://independent-verifier-s1-f5e0a532dcf6-20261004t024727-source:18309 --peer http://independent-verifier-s1-f5e0a532dcf6-20261004t024727-peer:8080 --candidate f5e0a532dcf6c2f0c44eb32d5213a9bf7812c250 --out /evidence/probes --case all,/evidence/probes/assertions.json#TK1-cancel-response-starts_at,verified
TK1-cancel-response-ends_at,8. API / cancel,367,1,"1,2,3,4",systems-engineer,systems-engineer,independent-verifier,,cancel response carries the correct reservation ends_at.,f5e0a532dcf6c2f0c44eb32d5213a9bf7812c250,black-box HTTP,cancel,python3 /verifier/probe.py --base http://independent-verifier-s1-f5e0a532dcf6-20261004t024727-source:18309 --peer http://independent-verifier-s1-f5e0a532dcf6-20261004t024727-peer:8080 --candidate f5e0a532dcf6c2f0c44eb32d5213a9bf7812c250 --out /evidence/probes --case all,/evidence/probes/assertions.json#TK1-cancel-response-ends_at,verified
TK1-cancel-response-created_at,8. API / cancel,367,1,"1,2,3,4",systems-engineer,systems-engineer,independent-verifier,,cancel response carries the correct reservation created_at.,f5e0a532dcf6c2f0c44eb32d5213a9bf7812c250,black-box HTTP,cancel,python3 /verifier/probe.py --base http://independent-verifier-s1-f5e0a532dcf6-20261004t024727-source:18309 --peer http://independent-verifier-s1-f5e0a532dcf6-20261004t024727-peer:8080 --candidate f5e0a532dcf6c2f0c44eb32d5213a9bf7812c250 --out /evidence/probes --case all,/evidence/probes/assertions.json#TK1-cancel-response-created_at,verified
TK1-patch-response-reservation_id,8. API / patch,382,1,"1,2,3,4",systems-engineer,systems-engineer,independent-verifier,,patch response carries the correct reservation reservation_id.,f5e0a532dcf6c2f0c44eb32d5213a9bf7812c250,black-box HTTP,patch,python3 /verifier/probe.py --base http://independent-verifier-s1-f5e0a532dcf6-20261004t024727-source:18309 --peer http://independent-verifier-s1-f5e0a532dcf6-20261004t024727-peer:8080 --candidate f5e0a532dcf6c2f0c44eb32d5213a9bf7812c250 --out /evidence/probes --case all,/evidence/probes/assertions.json#TK1-patch-response-reservation_id,verified
TK1-patch-response-reference,8. API / patch,382,1,"1,2,3,4",systems-engineer,systems-engineer,independent-verifier,,patch response carries the correct reservation reference.,f5e0a532dcf6c2f0c44eb32d5213a9bf7812c250,black-box HTTP,patch,python3 /verifier/probe.py --base http://independent-verifier-s1-f5e0a532dcf6-20261004t024727-source:18309 --peer http://independent-verifier-s1-f5e0a532dcf6-20261004t024727-peer:8080 --candidate f5e0a532dcf6c2f0c44eb32d5213a9bf7812c250 --out /evidence/probes --case all,/evidence/probes/assertions.json#TK1-patch-response-reference,verified
TK1-patch-response-restaurant_id,8. API / patch,382,1,"1,2,3,4",systems-engineer,systems-engineer,independent-verifier,,patch response carries the correct reservation restaurant_id.,f5e0a532dcf6c2f0c44eb32d5213a9bf7812c250,black-box HTTP,patch,python3 /verifier/probe.py --base http://independent-verifier-s1-f5e0a532dcf6-20261004t024727-source:18309 --peer http://independent-verifier-s1-f5e0a532dcf6-20261004t024727-peer:8080 --candidate f5e0a532dcf6c2f0c44eb32d5213a9bf7812c250 --out /evidence/probes --case all,/evidence/probes/assertions.json#TK1-patch-response-restaurant_id,verified
TK1-patch-response-table_id,8. API / patch,382,1,"1,2,3,4",systems-engineer,systems-engineer,independent-verifier,,patch response carries the correct reservation table_id.,f5e0a532dcf6c2f0c44eb32d5213a9bf7812c250,black-box HTTP,patch,python3 /verifier/probe.py --base http://independent-verifier-s1-f5e0a532dcf6-20261004t024727-source:18309 --peer http://independent-verifier-s1-f5e0a532dcf6-20261004t024727-peer:8080 --candidate f5e0a532dcf6c2f0c44eb32d5213a9bf7812c250 --out /evidence/probes --case all,/evidence/probes/assertions.json#TK1-patch-response-table_id,verified
TK1-patch-response-party_size,8. API / patch,382,1,"1,2,3,4",systems-engineer,systems-engineer,independent-verifier,,patch response carries the correct reservation party_size.,f5e0a532dcf6c2f0c44eb32d5213a9bf7812c250,black-box HTTP,patch,python3 /verifier/probe.py --base http://independent-verifier-s1-f5e0a532dcf6-20261004t024727-source:18309 --peer http://independent-verifier-s1-f5e0a532dcf6-20261004t024727-peer:8080 --candidate f5e0a532dcf6c2f0c44eb32d5213a9bf7812c250 --out /evidence/probes --case all,/evidence/probes/assertions.json#TK1-patch-response-party_size,verified
TK1-patch-response-status,8. API / patch,382,1,"1,2,3,4",systems-engineer,systems-engineer,independent-verifier,,patch response carries the correct reservation status.,f5e0a532dcf6c2f0c44eb32d5213a9bf7812c250,black-box HTTP,patch,python3 /verifier/probe.py --base http://independent-verifier-s1-f5e0a532dcf6-20261004t024727-source:18309 --peer http://independent-verifier-s1-f5e0a532dcf6-20261004t024727-peer:8080 --candidate f5e0a532dcf6c2f0c44eb32d5213a9bf7812c250 --out /evidence/probes --case all,/evidence/probes/assertions.json#TK1-patch-response-status,verified
TK1-patch-response-starts_at_local,8. API / patch,382,1,"1,2,3,4",systems-engineer,systems-engineer,independent-verifier,,patch response carries the correct reservation starts_at_local.,f5e0a532dcf6c2f0c44eb32d5213a9bf7812c250,black-box HTTP,patch,python3 /verifier/probe.py --base http://independent-verifier-s1-f5e0a532dcf6-20261004t024727-source:18309 --peer http://independent-verifier-s1-f5e0a532dcf6-20261004t024727-peer:8080 --candidate f5e0a532dcf6c2f0c44eb32d5213a9bf7812c250 --out /evidence/probes --case all,/evidence/probes/assertions.json#TK1-patch-response-starts_at_local,verified
TK1-patch-response-starts_at,8. API / patch,382,1,"1,2,3,4",systems-engineer,systems-engineer,independent-verifier,,patch response carries the correct reservation starts_at.,f5e0a532dcf6c2f0c44eb32d5213a9bf7812c250,black-box HTTP,patch,python3 /verifier/probe.py --base http://independent-verifier-s1-f5e0a532dcf6-20261004t024727-source:18309 --peer http://independent-verifier-s1-f5e0a532dcf6-20261004t024727-peer:8080 --candidate f5e0a532dcf6c2f0c44eb32d5213a9bf7812c250 --out /evidence/probes --case all,/evidence/probes/assertions.json#TK1-patch-response-starts_at,verified
TK1-patch-response-ends_at,8. API / patch,382,1,"1,2,3,4",systems-engineer,systems-engineer,independent-verifier,,patch response carries the correct reservation ends_at.,f5e0a532dcf6c2f0c44eb32d5213a9bf7812c250,black-box HTTP,patch,python3 /verifier/probe.py --base http://independent-verifier-s1-f5e0a532dcf6-20261004t024727-source:18309 --peer http://independent-verifier-s1-f5e0a532dcf6-20261004t024727-peer:8080 --candidate f5e0a532dcf6c2f0c44eb32d5213a9bf7812c250 --out /evidence/probes --case all,/evidence/probes/assertions.json#TK1-patch-response-ends_at,verified
TK1-patch-response-created_at,8. API / patch,382,1,"1,2,3,4",systems-engineer,systems-engineer,independent-verifier,,patch response carries the correct reservation created_at.,f5e0a532dcf6c2f0c44eb32d5213a9bf7812c250,black-box HTTP,patch,python3 /verifier/probe.py --base http://independent-verifier-s1-f5e0a532dcf6-20261004t024727-source:18309 --peer http://independent-verifier-s1-f5e0a532dcf6-20261004t024727-peer:8080 --candidate f5e0a532dcf6c2f0c44eb32d5213a9bf7812c250 --out /evidence/probes --case all,/evidence/probes/assertions.json#TK1-patch-response-created_at,verified
TK1-batch-response-reservation_id,11. Atomic reservation moves,443,1,"1,2,3,4",systems-engineer,systems-engineer,independent-verifier,,batch response carries the correct reservation reservation_id.,f5e0a532dcf6c2f0c44eb32d5213a9bf7812c250,black-box HTTP,batch,python3 /verifier/probe.py --base http://independent-verifier-s1-f5e0a532dcf6-20261004t024727-source:18309 --peer http://independent-verifier-s1-f5e0a532dcf6-20261004t024727-peer:8080 --candidate f5e0a532dcf6c2f0c44eb32d5213a9bf7812c250 --out /evidence/probes --case all,/evidence/probes/assertions.json#TK1-batch-response-reservation_id,verified
TK1-batch-response-reference,11. Atomic reservation moves,443,1,"1,2,3,4",systems-engineer,systems-engineer,independent-verifier,,batch response carries the correct reservation reference.,f5e0a532dcf6c2f0c44eb32d5213a9bf7812c250,black-box HTTP,batch,python3 /verifier/probe.py --base http://independent-verifier-s1-f5e0a532dcf6-20261004t024727-source:18309 --peer http://independent-verifier-s1-f5e0a532dcf6-20261004t024727-peer:8080 --candidate f5e0a532dcf6c2f0c44eb32d5213a9bf7812c250 --out /evidence/probes --case all,/evidence/probes/assertions.json#TK1-batch-response-reference,verified
TK1-batch-response-restaurant_id,11. Atomic reservation moves,443,1,"1,2,3,4",systems-engineer,systems-engineer,independent-verifier,,batch response carries the correct reservation restaurant_id.,f5e0a532dcf6c2f0c44eb32d5213a9bf7812c250,black-box HTTP,batch,python3 /verifier/probe.py --base http://independent-verifier-s1-f5e0a532dcf6-20261004t024727-source:18309 --peer http://independent-verifier-s1-f5e0a532dcf6-20261004t024727-peer:8080 --candidate f5e0a532dcf6c2f0c44eb32d5213a9bf7812c250 --out /evidence/probes --case all,/evidence/probes/assertions.json#TK1-batch-response-restaurant_id,verified
TK1-batch-response-table_id,11. Atomic reservation moves,443,1,"1,2,3,4",systems-engineer,systems-engineer,independent-verifier,,batch response carries the correct reservation table_id.,f5e0a532dcf6c2f0c44eb32d5213a9bf7812c250,black-box HTTP,batch,python3 /verifier/probe.py --base http://independent-verifier-s1-f5e0a532dcf6-20261004t024727-source:18309 --peer http://independent-verifier-s1-f5e0a532dcf6-20261004t024727-peer:8080 --candidate f5e0a532dcf6c2f0c44eb32d5213a9bf7812c250 --out /evidence/probes --case all,/evidence/probes/assertions.json#TK1-batch-response-table_id,verified
TK1-batch-response-party_size,11. Atomic reservation moves,443,1,"1,2,3,4",systems-engineer,systems-engineer,independent-verifier,,batch response carries the correct reservation party_size.,f5e0a532dcf6c2f0c44eb32d5213a9bf7812c250,black-box HTTP,batch,python3 /verifier/probe.py --base http://independent-verifier-s1-f5e0a532dcf6-20261004t024727-source:18309 --peer http://independent-verifier-s1-f5e0a532dcf6-20261004t024727-peer:8080 --candidate f5e0a532dcf6c2f0c44eb32d5213a9bf7812c250 --out /evidence/probes --case all,/evidence/probes/assertions.json#TK1-batch-response-party_size,verified
TK1-batch-response-status,11. Atomic reservation moves,443,1,"1,2,3,4",systems-engineer,systems-engineer,independent-verifier,,batch response carries the correct reservation status.,f5e0a532dcf6c2f0c44eb32d5213a9bf7812c250,black-box HTTP,batch,python3 /verifier/probe.py --base http://independent-verifier-s1-f5e0a532dcf6-20261004t024727-source:18309 --peer http://independent-verifier-s1-f5e0a532dcf6-20261004t024727-peer:8080 --candidate f5e0a532dcf6c2f0c44eb32d5213a9bf7812c250 --out /evidence/probes --case all,/evidence/probes/assertions.json#TK1-batch-response-status,verified
TK1-batch-response-starts_at_local,11. Atomic reservation moves,443,1,"1,2,3,4",systems-engineer,systems-engineer,independent-verifier,,batch response carries the correct reservation starts_at_local.,f5e0a532dcf6c2f0c44eb32d5213a9bf7812c250,black-box HTTP,batch,python3 /verifier/probe.py --base http://independent-verifier-s1-f5e0a532dcf6-20261004t024727-source:18309 --peer http://independent-verifier-s1-f5e0a532dcf6-20261004t024727-peer:8080 --candidate f5e0a532dcf6c2f0c44eb32d5213a9bf7812c250 --out /evidence/probes --case all,/evidence/probes/assertions.json#TK1-batch-response-starts_at_local,verified
TK1-batch-response-starts_at,11. Atomic reservation moves,443,1,"1,2,3,4",systems-engineer,systems-engineer,independent-verifier,,batch response carries the correct reservation starts_at.,f5e0a532dcf6c2f0c44eb32d5213a9bf7812c250,black-box HTTP,batch,python3 /verifier/probe.py --base http://independent-verifier-s1-f5e0a532dcf6-20261004t024727-source:18309 --peer http://independent-verifier-s1-f5e0a532dcf6-20261004t024727-peer:8080 --candidate f5e0a532dcf6c2f0c44eb32d5213a9bf7812c250 --out /evidence/probes --case all,/evidence/probes/assertions.json#TK1-batch-response-starts_at,verified
TK1-batch-response-ends_at,11. Atomic reservation moves,443,1,"1,2,3,4",systems-engineer,systems-engineer,independent-verifier,,batch response carries the correct reservation ends_at.,f5e0a532dcf6c2f0c44eb32d5213a9bf7812c250,black-box HTTP,batch,python3 /verifier/probe.py --base http://independent-verifier-s1-f5e0a532dcf6-20261004t024727-source:18309 --peer http://independent-verifier-s1-f5e0a532dcf6-20261004t024727-peer:8080 --candidate f5e0a532dcf6c2f0c44eb32d5213a9bf7812c250 --out /evidence/probes --case all,/evidence/probes/assertions.json#TK1-batch-response-ends_at,verified
TK1-batch-response-created_at,11. Atomic reservation moves,443,1,"1,2,3,4",systems-engineer,systems-engineer,independent-verifier,,batch response carries the correct reservation created_at.,f5e0a532dcf6c2f0c44eb32d5213a9bf7812c250,black-box HTTP,batch,python3 /verifier/probe.py --base http://independent-verifier-s1-f5e0a532dcf6-20261004t024727-source:18309 --peer http://independent-verifier-s1-f5e0a532dcf6-20261004t024727-peer:8080 --candidate f5e0a532dcf6c2f0c44eb32d5213a9bf7812c250 --out /evidence/probes --case all,/evidence/probes/assertions.json#TK1-batch-response-created_at,verified
TK1-booking-201,8. POST /reservations,312,1,"1,2,3,4",systems-engineer,systems-engineer,independent-verifier,,Successful reservation create returns 201.,f5e0a532dcf6c2f0c44eb32d5213a9bf7812c250,black-box HTTP,booking,python3 /verifier/probe.py --base http://independent-verifier-s1-f5e0a532dcf6-20261004t024727-source:18309 --peer http://independent-verifier-s1-f5e0a532dcf6-20261004t024727-peer:8080 --candidate f5e0a532dcf6c2f0c44eb32d5213a9bf7812c250 --out /evidence/probes --case all,/evidence/probes/assertions.json#TK1-booking-201,verified
TK1-reference-format,8. POST /reservations,312,1,"1,2,3,4",systems-engineer,systems-engineer,independent-verifier,,Reference uses 6..12 uppercase ASCII A-Z0-9 characters.,f5e0a532dcf6c2f0c44eb32d5213a9bf7812c250,black-box HTTP,booking,python3 /verifier/probe.py --base http://independent-verifier-s1-f5e0a532dcf6-20261004t024727-source:18309 --peer http://independent-verifier-s1-f5e0a532dcf6-20261004t024727-peer:8080 --candidate f5e0a532dcf6c2f0c44eb32d5213a9bf7812c250 --out /evidence/probes --case all,/evidence/probes/assertions.json#TK1-reference-format,verified
TK1-reference-unique,8. POST /reservations,312,1,"1,2,3,4",systems-engineer,systems-engineer,independent-verifier,,"References are unique across all reservations, including cancelled ones.",f5e0a532dcf6c2f0c44eb32d5213a9bf7812c250,black-box HTTP,booking,python3 /verifier/probe.py --base http://independent-verifier-s1-f5e0a532dcf6-20261004t024727-source:18309 --peer http://independent-verifier-s1-f5e0a532dcf6-20261004t024727-peer:8080 --candidate f5e0a532dcf6c2f0c44eb32d5213a9bf7812c250 --out /evidence/probes --case all,/evidence/probes/assertions.json#TK1-reference-unique,verified
TK1-booking-overlap,8. POST /reservations,312,1,"1,2,3,4",systems-engineer,systems-engineer,independent-verifier,,Overlapping confirmed occupancy returns 409 table_unavailable.,f5e0a532dcf6c2f0c44eb32d5213a9bf7812c250,black-box HTTP,booking,python3 /verifier/probe.py --base http://independent-verifier-s1-f5e0a532dcf6-20261004t024727-source:18309 --peer http://independent-verifier-s1-f5e0a532dcf6-20261004t024727-peer:8080 --candidate f5e0a532dcf6c2f0c44eb32d5213a9bf7812c250 --out /evidence/probes --case all,/evidence/probes/assertions.json#TK1-booking-overlap,verified
TK1-booking-grid,8. POST /reservations,312,1,"1,2,3,4",systems-engineer,systems-engineer,independent-verifier,,Off-grid booking returns 422 not_on_slot_grid.,f5e0a532dcf6c2f0c44eb32d5213a9bf7812c250,black-box HTTP,booking,python3 /verifier/probe.py --base http://independent-verifier-s1-f5e0a532dcf6-20261004t024727-source:18309 --peer http://independent-verifier-s1-f5e0a532dcf6-20261004t024727-peer:8080 --candidate f5e0a532dcf6c2f0c44eb32d5213a9bf7812c250 --out /evidence/probes --case all,/evidence/probes/assertions.json#TK1-booking-grid,verified
TK1-booking-before-open,8. POST /reservations,312,1,"1,2,3,4",systems-engineer,systems-engineer,independent-verifier,,Booking before opening returns 422 outside_opening_hours.,f5e0a532dcf6c2f0c44eb32d5213a9bf7812c250,black-box HTTP,booking,python3 /verifier/probe.py --base http://independent-verifier-s1-f5e0a532dcf6-20261004t024727-source:18309 --peer http://independent-verifier-s1-f5e0a532dcf6-20261004t024727-peer:8080 --candidate f5e0a532dcf6c2f0c44eb32d5213a9bf7812c250 --out /evidence/probes --case all,/evidence/probes/assertions.json#TK1-booking-before-open,verified
TK1-booking-after-close,8. POST /reservations,312,1,"1,2,3,4",systems-engineer,systems-engineer,independent-verifier,,Booking ending after closing returns 422 outside_opening_hours.,f5e0a532dcf6c2f0c44eb32d5213a9bf7812c250,black-box HTTP,booking,python3 /verifier/probe.py --base http://independent-verifier-s1-f5e0a532dcf6-20261004t024727-source:18309 --peer http://independent-verifier-s1-f5e0a532dcf6-20261004t024727-peer:8080 --candidate f5e0a532dcf6c2f0c44eb32d5213a9bf7812c250 --out /evidence/probes --case all,/evidence/probes/assertions.json#TK1-booking-after-close,verified
TK1-booking-capacity,8. POST /reservations,312,1,"1,2,3,4",systems-engineer,systems-engineer,independent-verifier,,Party above table capacity returns 422 party_exceeds_capacity.,f5e0a532dcf6c2f0c44eb32d5213a9bf7812c250,black-box HTTP,booking,python3 /verifier/probe.py --base http://independent-verifier-s1-f5e0a532dcf6-20261004t024727-source:18309 --peer http://independent-verifier-s1-f5e0a532dcf6-20261004t024727-peer:8080 --candidate f5e0a532dcf6c2f0c44eb32d5213a9bf7812c250 --out /evidence/probes --case all,/evidence/probes/assertions.json#TK1-booking-capacity,verified
TK1-booking-unknown-restaurant,8. POST /reservations,312,1,"1,2,3,4",systems-engineer,systems-engineer,independent-verifier,,Unknown restaurant returns 404 not_found.,f5e0a532dcf6c2f0c44eb32d5213a9bf7812c250,black-box HTTP,booking,python3 /verifier/probe.py --base http://independent-verifier-s1-f5e0a532dcf6-20261004t024727-source:18309 --peer http://independent-verifier-s1-f5e0a532dcf6-20261004t024727-peer:8080 --candidate f5e0a532dcf6c2f0c44eb32d5213a9bf7812c250 --out /evidence/probes --case all,/evidence/probes/assertions.json#TK1-booking-unknown-restaurant,verified
TK1-booking-unknown-table,8. POST /reservations,312,1,"1,2,3,4",systems-engineer,systems-engineer,independent-verifier,,Unknown table returns 404 not_found.,f5e0a532dcf6c2f0c44eb32d5213a9bf7812c250,black-box HTTP,booking,python3 /verifier/probe.py --base http://independent-verifier-s1-f5e0a532dcf6-20261004t024727-source:18309 --peer http://independent-verifier-s1-f5e0a532dcf6-20261004t024727-peer:8080 --candidate f5e0a532dcf6c2f0c44eb32d5213a9bf7812c250 --out /evidence/probes --case all,/evidence/probes/assertions.json#TK1-booking-unknown-table,verified
TK1-booking-other-restaurant-table,8. POST /reservations,312,1,"1,2,3,4",systems-engineer,systems-engineer,independent-verifier,,Table belonging to another restaurant returns 404 not_found.,f5e0a532dcf6c2f0c44eb32d5213a9bf7812c250,black-box HTTP,booking,python3 /verifier/probe.py --base http://independent-verifier-s1-f5e0a532dcf6-20261004t024727-source:18309 --peer http://independent-verifier-s1-f5e0a532dcf6-20261004t024727-peer:8080 --candidate f5e0a532dcf6c2f0c44eb32d5213a9bf7812c250 --out /evidence/probes --case all,/evidence/probes/assertions.json#TK1-booking-other-restaurant-table,verified
TK1-create-input-restaurant_id,8. POST/PATCH /reservations / 11. Atomic reservation moves,312,1,"1,2,3,4",systems-engineer,systems-engineer,independent-verifier,,create: restaurant_id enforces its endpoint-specific type and value rules.,f5e0a532dcf6c2f0c44eb32d5213a9bf7812c250,black-box HTTP,validation,python3 /verifier/probe.py --base http://independent-verifier-s1-f5e0a532dcf6-20261004t024727-source:18309 --peer http://independent-verifier-s1-f5e0a532dcf6-20261004t024727-peer:8080 --candidate f5e0a532dcf6c2f0c44eb32d5213a9bf7812c250 --out /evidence/probes --case all,/evidence/probes/assertions.json#TK1-create-input-restaurant_id,verified
TK1-create-input-table_id,8. POST/PATCH /reservations / 11. Atomic reservation moves,312,1,"1,2,3,4",systems-engineer,systems-engineer,independent-verifier,,create: table_id enforces its endpoint-specific type and value rules.,f5e0a532dcf6c2f0c44eb32d5213a9bf7812c250,black-box HTTP,validation,python3 /verifier/probe.py --base http://independent-verifier-s1-f5e0a532dcf6-20261004t024727-source:18309 --peer http://independent-verifier-s1-f5e0a532dcf6-20261004t024727-peer:8080 --candidate f5e0a532dcf6c2f0c44eb32d5213a9bf7812c250 --out /evidence/probes --case all,/evidence/probes/assertions.json#TK1-create-input-table_id,verified
TK1-create-input-starts_at_local,8. POST/PATCH /reservations / 11. Atomic reservation moves,312,1,"1,2,3,4",systems-engineer,systems-engineer,independent-verifier,,create: starts_at_local enforces its endpoint-specific type and value rules.,f5e0a532dcf6c2f0c44eb32d5213a9bf7812c250,black-box HTTP,validation,python3 /verifier/probe.py --base http://independent-verifier-s1-f5e0a532dcf6-20261004t024727-source:18309 --peer http://independent-verifier-s1-f5e0a532dcf6-20261004t024727-peer:8080 --candidate f5e0a532dcf6c2f0c44eb32d5213a9bf7812c250 --out /evidence/probes --case all,/evidence/probes/assertions.json#TK1-create-input-starts_at_local,verified
TK1-create-input-party_size,8. POST/PATCH /reservations / 11. Atomic reservation moves,312,1,"1,2,3,4",systems-engineer,systems-engineer,independent-verifier,,create: party_size enforces its endpoint-specific type and value rules.,f5e0a532dcf6c2f0c44eb32d5213a9bf7812c250,black-box HTTP,validation,python3 /verifier/probe.py --base http://independent-verifier-s1-f5e0a532dcf6-20261004t024727-source:18309 --peer http://independent-verifier-s1-f5e0a532dcf6-20261004t024727-peer:8080 --candidate f5e0a532dcf6c2f0c44eb32d5213a9bf7812c250 --out /evidence/probes --case all,/evidence/probes/assertions.json#TK1-create-input-party_size,verified
TK1-patch-input-table_id,8. POST/PATCH /reservations / 11. Atomic reservation moves,382,1,"1,2,3,4",systems-engineer,systems-engineer,independent-verifier,,patch: table_id enforces its endpoint-specific type and value rules.,f5e0a532dcf6c2f0c44eb32d5213a9bf7812c250,black-box HTTP,validation,python3 /verifier/probe.py --base http://independent-verifier-s1-f5e0a532dcf6-20261004t024727-source:18309 --peer http://independent-verifier-s1-f5e0a532dcf6-20261004t024727-peer:8080 --candidate f5e0a532dcf6c2f0c44eb32d5213a9bf7812c250 --out /evidence/probes --case all,/evidence/probes/assertions.json#TK1-patch-input-table_id,verified
TK1-patch-input-starts_at_local,8. POST/PATCH /reservations / 11. Atomic reservation moves,382,1,"1,2,3,4",systems-engineer,systems-engineer,independent-verifier,,patch: starts_at_local enforces its endpoint-specific type and value rules.,f5e0a532dcf6c2f0c44eb32d5213a9bf7812c250,black-box HTTP,validation,python3 /verifier/probe.py --base http://independent-verifier-s1-f5e0a532dcf6-20261004t024727-source:18309 --peer http://independent-verifier-s1-f5e0a532dcf6-20261004t024727-peer:8080 --candidate f5e0a532dcf6c2f0c44eb32d5213a9bf7812c250 --out /evidence/probes --case all,/evidence/probes/assertions.json#TK1-patch-input-starts_at_local,verified
TK1-patch-input-party_size,8. POST/PATCH /reservations / 11. Atomic reservation moves,382,1,"1,2,3,4",systems-engineer,systems-engineer,independent-verifier,,patch: party_size enforces its endpoint-specific type and value rules.,f5e0a532dcf6c2f0c44eb32d5213a9bf7812c250,black-box HTTP,validation,python3 /verifier/probe.py --base http://independent-verifier-s1-f5e0a532dcf6-20261004t024727-source:18309 --peer http://independent-verifier-s1-f5e0a532dcf6-20261004t024727-peer:8080 --candidate f5e0a532dcf6c2f0c44eb32d5213a9bf7812c250 --out /evidence/probes --case all,/evidence/probes/assertions.json#TK1-patch-input-party_size,verified
TK1-batch-input-table_id,8. POST/PATCH /reservations / 11. Atomic reservation moves,443,1,"1,2,3,4",systems-engineer,systems-engineer,independent-verifier,,batch: table_id enforces its endpoint-specific type and value rules.,f5e0a532dcf6c2f0c44eb32d5213a9bf7812c250,black-box HTTP,validation,python3 /verifier/probe.py --base http://independent-verifier-s1-f5e0a532dcf6-20261004t024727-source:18309 --peer http://independent-verifier-s1-f5e0a532dcf6-20261004t024727-peer:8080 --candidate f5e0a532dcf6c2f0c44eb32d5213a9bf7812c250 --out /evidence/probes --case all,/evidence/probes/assertions.json#TK1-batch-input-table_id,verified
TK1-batch-input-starts_at_local,8. POST/PATCH /reservations / 11. Atomic reservation moves,443,1,"1,2,3,4",systems-engineer,systems-engineer,independent-verifier,,batch: starts_at_local enforces its endpoint-specific type and value rules.,f5e0a532dcf6c2f0c44eb32d5213a9bf7812c250,black-box HTTP,validation,python3 /verifier/probe.py --base http://independent-verifier-s1-f5e0a532dcf6-20261004t024727-source:18309 --peer http://independent-verifier-s1-f5e0a532dcf6-20261004t024727-peer:8080 --candidate f5e0a532dcf6c2f0c44eb32d5213a9bf7812c250 --out /evidence/probes --case all,/evidence/probes/assertions.json#TK1-batch-input-starts_at_local,verified
TK1-batch-input-party_size,8. POST/PATCH /reservations / 11. Atomic reservation moves,443,1,"1,2,3,4",systems-engineer,systems-engineer,independent-verifier,,batch: party_size enforces its endpoint-specific type and value rules.,f5e0a532dcf6c2f0c44eb32d5213a9bf7812c250,black-box HTTP,validation,python3 /verifier/probe.py --base http://independent-verifier-s1-f5e0a532dcf6-20261004t024727-source:18309 --peer http://independent-verifier-s1-f5e0a532dcf6-20261004t024727-peer:8080 --candidate f5e0a532dcf6c2f0c44eb32d5213a9bf7812c250 --out /evidence/probes --case all,/evidence/probes/assertions.json#TK1-batch-input-party_size,verified
TK1-list-order,8. GET /reservations,356,1,"1,2,3,4",systems-engineer,systems-engineer,independent-verifier,,Caller reservations are sorted by starts_at descending.,f5e0a532dcf6c2f0c44eb32d5213a9bf7812c250,black-box HTTP,booking,python3 /verifier/probe.py --base http://independent-verifier-s1-f5e0a532dcf6-20261004t024727-source:18309 --peer http://independent-verifier-s1-f5e0a532dcf6-20261004t024727-peer:8080 --candidate f5e0a532dcf6c2f0c44eb32d5213a9bf7812c250 --out /evidence/probes --case all,/evidence/probes/assertions.json#TK1-list-order,verified
TK1-list-owner,8. GET /reservations,356,1,"1,2,3,4",systems-engineer,systems-engineer,independent-verifier,,Caller list includes only that caller's bookings.,f5e0a532dcf6c2f0c44eb32d5213a9bf7812c250,black-box HTTP,booking,python3 /verifier/probe.py --base http://independent-verifier-s1-f5e0a532dcf6-20261004t024727-source:18309 --peer http://independent-verifier-s1-f5e0a532dcf6-20261004t024727-peer:8080 --candidate f5e0a532dcf6c2f0c44eb32d5213a9bf7812c250 --out /evidence/probes --case all,/evidence/probes/assertions.json#TK1-list-owner,verified
TK1-list-statuses,8. GET /reservations,356,1,"1,2,3,4",systems-engineer,systems-engineer,independent-verifier,,List includes both confirmed and cancelled records.,f5e0a532dcf6c2f0c44eb32d5213a9bf7812c250,black-box HTTP,booking,python3 /verifier/probe.py --base http://independent-verifier-s1-f5e0a532dcf6-20261004t024727-source:18309 --peer http://independent-verifier-s1-f5e0a532dcf6-20261004t024727-peer:8080 --candidate f5e0a532dcf6c2f0c44eb32d5213a9bf7812c250 --out /evidence/probes --case all,/evidence/probes/assertions.json#TK1-list-statuses,verified
TK1-list-empty,8. GET /reservations,356,1,"1,2,3,4",systems-engineer,systems-engineer,independent-verifier,,Empty caller list is {reservations: []}.,f5e0a532dcf6c2f0c44eb32d5213a9bf7812c250,black-box HTTP,booking,python3 /verifier/probe.py --base http://independent-verifier-s1-f5e0a532dcf6-20261004t024727-source:18309 --peer http://independent-verifier-s1-f5e0a532dcf6-20261004t024727-peer:8080 --candidate f5e0a532dcf6c2f0c44eb32d5213a9bf7812c250 --out /evidence/probes --case all,/evidence/probes/assertions.json#TK1-list-empty,verified
TK1-lookup-owner,8. GET /reservations,356,1,"1,2,3,4",systems-engineer,systems-engineer,independent-verifier,,Another owner's reference returns 404 not_found without revealing its existence.,f5e0a532dcf6c2f0c44eb32d5213a9bf7812c250,black-box HTTP,booking,python3 /verifier/probe.py --base http://independent-verifier-s1-f5e0a532dcf6-20261004t024727-source:18309 --peer http://independent-verifier-s1-f5e0a532dcf6-20261004t024727-peer:8080 --candidate f5e0a532dcf6c2f0c44eb32d5213a9bf7812c250 --out /evidence/probes --case all,/evidence/probes/assertions.json#TK1-lookup-owner,verified
TK1-lookup-unknown,8. GET /reservations,356,1,"1,2,3,4",systems-engineer,systems-engineer,independent-verifier,,Unknown reference returns 404 not_found.,f5e0a532dcf6c2f0c44eb32d5213a9bf7812c250,black-box HTTP,booking,python3 /verifier/probe.py --base http://independent-verifier-s1-f5e0a532dcf6-20261004t024727-source:18309 --peer http://independent-verifier-s1-f5e0a532dcf6-20261004t024727-peer:8080 --candidate f5e0a532dcf6c2f0c44eb32d5213a9bf7812c250 --out /evidence/probes --case all,/evidence/probes/assertions.json#TK1-lookup-unknown,verified
TK1-cancel-200,8. POST /reservations/{reference}/cancel,367,1,"1,2,3,4",systems-engineer,systems-engineer,independent-verifier,,Cancellation returns 200 with current cancelled state.,f5e0a532dcf6c2f0c44eb32d5213a9bf7812c250,black-box HTTP,cancel,python3 /verifier/probe.py --base http://independent-verifier-s1-f5e0a532dcf6-20261004t024727-source:18309 --peer http://independent-verifier-s1-f5e0a532dcf6-20261004t024727-peer:8080 --candidate f5e0a532dcf6c2f0c44eb32d5213a9bf7812c250 --out /evidence/probes --case all,/evidence/probes/assertions.json#TK1-cancel-200,verified
TK1-cancel-release,8. POST /reservations/{reference}/cancel,367,1,"1,2,3,4",systems-engineer,systems-engineer,independent-verifier,,Cancellation immediately releases occupancy in next availability response.,f5e0a532dcf6c2f0c44eb32d5213a9bf7812c250,black-box HTTP,cancel,python3 /verifier/probe.py --base http://independent-verifier-s1-f5e0a532dcf6-20261004t024727-source:18309 --peer http://independent-verifier-s1-f5e0a532dcf6-20261004t024727-peer:8080 --candidate f5e0a532dcf6c2f0c44eb32d5213a9bf7812c250 --out /evidence/probes --case all,/evidence/probes/assertions.json#TK1-cancel-release,verified
TK1-cancel-twice,8. POST /reservations/{reference}/cancel,367,1,"1,2,3,4",systems-engineer,systems-engineer,independent-verifier,,Repeated cancellation returns current state with 200.,f5e0a532dcf6c2f0c44eb32d5213a9bf7812c250,black-box HTTP,cancel,python3 /verifier/probe.py --base http://independent-verifier-s1-f5e0a532dcf6-20261004t024727-source:18309 --peer http://independent-verifier-s1-f5e0a532dcf6-20261004t024727-peer:8080 --candidate f5e0a532dcf6c2f0c44eb32d5213a9bf7812c250 --out /evidence/probes --case all,/evidence/probes/assertions.json#TK1-cancel-twice,verified
TK1-cancel-cutoff,8. POST /reservations/{reference}/cancel,367,1,"1,2,3,4",systems-engineer,systems-engineer,independent-verifier,,Cancellation within cutoff returns 409 cutoff_passed.,f5e0a532dcf6c2f0c44eb32d5213a9bf7812c250,black-box HTTP,cancel,python3 /verifier/probe.py --base http://independent-verifier-s1-f5e0a532dcf6-20261004t024727-source:18309 --peer http://independent-verifier-s1-f5e0a532dcf6-20261004t024727-peer:8080 --candidate f5e0a532dcf6c2f0c44eb32d5213a9bf7812c250 --out /evidence/probes --case all,/evidence/probes/assertions.json#TK1-cancel-cutoff,verified
TK1-cancel-later,8. POST /reservations/{reference}/cancel,367,1,"1,2,3,4",systems-engineer,systems-engineer,independent-verifier,,Cancellation at or after start returns 409 cutoff_passed.,f5e0a532dcf6c2f0c44eb32d5213a9bf7812c250,black-box HTTP,cancel,python3 /verifier/probe.py --base http://independent-verifier-s1-f5e0a532dcf6-20261004t024727-source:18309 --peer http://independent-verifier-s1-f5e0a532dcf6-20261004t024727-peer:8080 --candidate f5e0a532dcf6c2f0c44eb32d5213a9bf7812c250 --out /evidence/probes --case all,/evidence/probes/assertions.json#TK1-cancel-later,verified
TK1-cancel-owner,8. POST /reservations/{reference}/cancel,367,1,"1,2,3,4",systems-engineer,systems-engineer,independent-verifier,,Cancellation of another owner's booking returns 404 not_found.,f5e0a532dcf6c2f0c44eb32d5213a9bf7812c250,black-box HTTP,cancel,python3 /verifier/probe.py --base http://independent-verifier-s1-f5e0a532dcf6-20261004t024727-source:18309 --peer http://independent-verifier-s1-f5e0a532dcf6-20261004t024727-peer:8080 --candidate f5e0a532dcf6c2f0c44eb32d5213a9bf7812c250 --out /evidence/probes --case all,/evidence/probes/assertions.json#TK1-cancel-owner,verified
TK1-patch-subsets,8. PATCH /reservations/{reference},382,1,"1,2,3,4",systems-engineer,systems-engineer,independent-verifier,,"Any subset of table_id, starts_at_local and party_size may be amended.",f5e0a532dcf6c2f0c44eb32d5213a9bf7812c250,black-box HTTP,patch,python3 /verifier/probe.py --base http://independent-verifier-s1-f5e0a532dcf6-20261004t024727-source:18309 --peer http://independent-verifier-s1-f5e0a532dcf6-20261004t024727-peer:8080 --candidate f5e0a532dcf6c2f0c44eb32d5213a9bf7812c250 --out /evidence/probes --case all,/evidence/probes/assertions.json#TK1-patch-subsets,verified
TK1-patch-no-key,8. PATCH /reservations/{reference},382,1,"1,2,3,4",systems-engineer,systems-engineer,independent-verifier,,PATCH needs no idempotency key.,f5e0a532dcf6c2f0c44eb32d5213a9bf7812c250,black-box HTTP,patch,python3 /verifier/probe.py --base http://independent-verifier-s1-f5e0a532dcf6-20261004t024727-source:18309 --peer http://independent-verifier-s1-f5e0a532dcf6-20261004t024727-peer:8080 --candidate f5e0a532dcf6c2f0c44eb32d5213a9bf7812c250 --out /evidence/probes --case all,/evidence/probes/assertions.json#TK1-patch-no-key,verified
TK1-patch-retain-omitted,8. PATCH /reservations/{reference},382,1,"1,2,3,4",systems-engineer,systems-engineer,independent-verifier,,Omitted PATCH fields retain their current values.,f5e0a532dcf6c2f0c44eb32d5213a9bf7812c250,black-box HTTP,patch,python3 /verifier/probe.py --base http://independent-verifier-s1-f5e0a532dcf6-20261004t024727-source:18309 --peer http://independent-verifier-s1-f5e0a532dcf6-20261004t024727-peer:8080 --candidate f5e0a532dcf6c2f0c44eb32d5213a9bf7812c250 --out /evidence/probes --case all,/evidence/probes/assertions.json#TK1-patch-retain-omitted,verified
TK1-patch-validation,8. PATCH /reservations/{reference},382,1,"1,2,3,4",systems-engineer,systems-engineer,independent-verifier,,PATCH applies the same grid/opening/capacity/time/resource validation as create.,f5e0a532dcf6c2f0c44eb32d5213a9bf7812c250,black-box HTTP,patch,python3 /verifier/probe.py --base http://independent-verifier-s1-f5e0a532dcf6-20261004t024727-source:18309 --peer http://independent-verifier-s1-f5e0a532dcf6-20261004t024727-peer:8080 --candidate f5e0a532dcf6c2f0c44eb32d5213a9bf7812c250 --out /evidence/probes --case all,/evidence/probes/assertions.json#TK1-patch-validation,verified
TK1-patch-cutoff,8. PATCH /reservations/{reference},382,1,"1,2,3,4",systems-engineer,systems-engineer,independent-verifier,,PATCH within cutoff returns 409 cutoff_passed.,f5e0a532dcf6c2f0c44eb32d5213a9bf7812c250,black-box HTTP,patch,python3 /verifier/probe.py --base http://independent-verifier-s1-f5e0a532dcf6-20261004t024727-source:18309 --peer http://independent-verifier-s1-f5e0a532dcf6-20261004t024727-peer:8080 --candidate f5e0a532dcf6c2f0c44eb32d5213a9bf7812c250 --out /evidence/probes --case all,/evidence/probes/assertions.json#TK1-patch-cutoff,verified
TK1-patch-current-cutoff,8. PATCH /reservations/{reference},382,1,"1,2,3,4",systems-engineer,systems-engineer,independent-verifier,,"PATCH cutoff uses current start, not proposed/original start.",f5e0a532dcf6c2f0c44eb32d5213a9bf7812c250,black-box HTTP,patch,python3 /verifier/probe.py --base http://independent-verifier-s1-f5e0a532dcf6-20261004t024727-source:18309 --peer http://independent-verifier-s1-f5e0a532dcf6-20261004t024727-peer:8080 --candidate f5e0a532dcf6c2f0c44eb32d5213a9bf7812c250 --out /evidence/probes --case all,/evidence/probes/assertions.json#TK1-patch-current-cutoff,verified
TK1-patch-cancelled,8. PATCH /reservations/{reference},382,1,"1,2,3,4",systems-engineer,systems-engineer,independent-verifier,,PATCH of cancelled booking returns 409 reservation_cancelled.,f5e0a532dcf6c2f0c44eb32d5213a9bf7812c250,black-box HTTP,patch,python3 /verifier/probe.py --base http://independent-verifier-s1-f5e0a532dcf6-20261004t024727-source:18309 --peer http://independent-verifier-s1-f5e0a532dcf6-20261004t024727-peer:8080 --candidate f5e0a532dcf6c2f0c44eb32d5213a9bf7812c250 --out /evidence/probes --case all,/evidence/probes/assertions.json#TK1-patch-cancelled,verified
TK1-patch-atomic,8. PATCH /reservations/{reference},382,1,"1,2,3,4",systems-engineer,systems-engineer,independent-verifier,,Successful amendment releases old and reserves new occupancy together.,f5e0a532dcf6c2f0c44eb32d5213a9bf7812c250,black-box HTTP,patch,python3 /verifier/probe.py --base http://independent-verifier-s1-f5e0a532dcf6-20261004t024727-source:18309 --peer http://independent-verifier-s1-f5e0a532dcf6-20261004t024727-peer:8080 --candidate f5e0a532dcf6c2f0c44eb32d5213a9bf7812c250 --out /evidence/probes --case all,/evidence/probes/assertions.json#TK1-patch-atomic,verified
TK1-patch-failure-record,8. PATCH /reservations/{reference},382,1,"1,2,3,4",systems-engineer,systems-engineer,independent-verifier,,Failed amendment leaves the original record unchanged.,f5e0a532dcf6c2f0c44eb32d5213a9bf7812c250,black-box HTTP,patch,python3 /verifier/probe.py --base http://independent-verifier-s1-f5e0a532dcf6-20261004t024727-source:18309 --peer http://independent-verifier-s1-f5e0a532dcf6-20261004t024727-peer:8080 --candidate f5e0a532dcf6c2f0c44eb32d5213a9bf7812c250 --out /evidence/probes --case all,/evidence/probes/assertions.json#TK1-patch-failure-record,verified
TK1-patch-failure-occupancy,8. PATCH /reservations/{reference},382,1,"1,2,3,4",systems-engineer,systems-engineer,independent-verifier,,Failed amendment leaves original occupancy unchanged.,f5e0a532dcf6c2f0c44eb32d5213a9bf7812c250,black-box HTTP,patch,python3 /verifier/probe.py --base http://independent-verifier-s1-f5e0a532dcf6-20261004t024727-source:18309 --peer http://independent-verifier-s1-f5e0a532dcf6-20261004t024727-peer:8080 --candidate f5e0a532dcf6c2f0c44eb32d5213a9bf7812c250 --out /evidence/probes --case all,/evidence/probes/assertions.json#TK1-patch-failure-occupancy,verified
TK1-patch-identity,8. PATCH /reservations/{reference},382,1,"1,2,3,4",systems-engineer,systems-engineer,independent-verifier,,Reservation ID survives amendments.,f5e0a532dcf6c2f0c44eb32d5213a9bf7812c250,black-box HTTP,patch,python3 /verifier/probe.py --base http://independent-verifier-s1-f5e0a532dcf6-20261004t024727-source:18309 --peer http://independent-verifier-s1-f5e0a532dcf6-20261004t024727-peer:8080 --candidate f5e0a532dcf6c2f0c44eb32d5213a9bf7812c250 --out /evidence/probes --case all,/evidence/probes/assertions.json#TK1-patch-identity,verified
TK1-patch-reference,8. PATCH /reservations/{reference},382,1,"1,2,3,4",systems-engineer,systems-engineer,independent-verifier,,Reference survives amendments.,f5e0a532dcf6c2f0c44eb32d5213a9bf7812c250,black-box HTTP,patch,python3 /verifier/probe.py --base http://independent-verifier-s1-f5e0a532dcf6-20261004t024727-source:18309 --peer http://independent-verifier-s1-f5e0a532dcf6-20261004t024727-peer:8080 --candidate f5e0a532dcf6c2f0c44eb32d5213a9bf7812c250 --out /evidence/probes --case all,/evidence/probes/assertions.json#TK1-patch-reference,verified
TK1-patch-owner,8. PATCH /reservations/{reference},382,1,"1,2,3,4",systems-engineer,systems-engineer,independent-verifier,,Another owner's reference returns 404 not_found.,f5e0a532dcf6c2f0c44eb32d5213a9bf7812c250,black-box HTTP,patch,python3 /verifier/probe.py --base http://independent-verifier-s1-f5e0a532dcf6-20261004t024727-source:18309 --peer http://independent-verifier-s1-f5e0a532dcf6-20261004t024727-peer:8080 --candidate f5e0a532dcf6c2f0c44eb32d5213a9bf7812c250 --out /evidence/probes --case all,/evidence/probes/assertions.json#TK1-patch-owner,verified
TK1-berlin-spring-absent,9. Time and DST,394,1,"1,2,3,4",systems-engineer,systems-engineer,independent-verifier,,berlin: 2026-03-29 nonexistent local times do not appear in availability.,f5e0a532dcf6c2f0c44eb32d5213a9bf7812c250,black-box HTTP,dst,python3 /verifier/probe.py --base http://independent-verifier-s1-f5e0a532dcf6-20261004t024727-source:18309 --peer http://independent-verifier-s1-f5e0a532dcf6-20261004t024727-peer:8080 --candidate f5e0a532dcf6c2f0c44eb32d5213a9bf7812c250 --out /evidence/probes --case all,/evidence/probes/assertions.json#TK1-berlin-spring-absent,verified
TK1-berlin-spring-error,9. Time and DST,394,1,"1,2,3,4",systems-engineer,systems-engineer,independent-verifier,,berlin: booking nonexistent local time gives 422 invalid_local_time.,f5e0a532dcf6c2f0c44eb32d5213a9bf7812c250,black-box HTTP,dst,python3 /verifier/probe.py --base http://independent-verifier-s1-f5e0a532dcf6-20261004t024727-source:18309 --peer http://independent-verifier-s1-f5e0a532dcf6-20261004t024727-peer:8080 --candidate f5e0a532dcf6c2f0c44eb32d5213a9bf7812c250 --out /evidence/probes --case all,/evidence/probes/assertions.json#TK1-berlin-spring-error,verified
TK1-berlin-fall-first,9. Time and DST,394,1,"1,2,3,4",systems-engineer,systems-engineer,independent-verifier,,berlin: 2026-10-25 repeated-hour booking resolves to the first occurrence.,f5e0a532dcf6c2f0c44eb32d5213a9bf7812c250,black-box HTTP,dst,python3 /verifier/probe.py --base http://independent-verifier-s1-f5e0a532dcf6-20261004t024727-source:18309 --peer http://independent-verifier-s1-f5e0a532dcf6-20261004t024727-peer:8080 --candidate f5e0a532dcf6c2f0c44eb32d5213a9bf7812c250 --out /evidence/probes --case all,/evidence/probes/assertions.json#TK1-berlin-fall-first,verified
TK1-berlin-fall-once,9. Time and DST,394,1,"1,2,3,4",systems-engineer,systems-engineer,independent-verifier,,berlin: repeated-hour availability slot appears once.,f5e0a532dcf6c2f0c44eb32d5213a9bf7812c250,black-box HTTP,dst,python3 /verifier/probe.py --base http://independent-verifier-s1-f5e0a532dcf6-20261004t024727-source:18309 --peer http://independent-verifier-s1-f5e0a532dcf6-20261004t024727-peer:8080 --candidate f5e0a532dcf6c2f0c44eb32d5213a9bf7812c250 --out /evidence/probes --case all,/evidence/probes/assertions.json#TK1-berlin-fall-once,verified
TK1-berlin-fall-second,9. Time and DST,394,1,"1,2,3,4",systems-engineer,systems-engineer,independent-verifier,,berlin: second occurrence cannot be booked by offset timestamp.,f5e0a532dcf6c2f0c44eb32d5213a9bf7812c250,black-box HTTP,dst,python3 /verifier/probe.py --base http://independent-verifier-s1-f5e0a532dcf6-20261004t024727-source:18309 --peer http://independent-verifier-s1-f5e0a532dcf6-20261004t024727-peer:8080 --candidate f5e0a532dcf6c2f0c44eb32d5213a9bf7812c250 --out /evidence/probes --case all,/evidence/probes/assertions.json#TK1-berlin-fall-second,verified
TK1-berlin-absolute-duration,9. Time and DST,394,1,"1,2,3,4",systems-engineer,systems-engineer,independent-verifier,,berlin: duration across DST uses elapsed absolute minutes.,f5e0a532dcf6c2f0c44eb32d5213a9bf7812c250,black-box HTTP,dst,python3 /verifier/probe.py --base http://independent-verifier-s1-f5e0a532dcf6-20261004t024727-source:18309 --peer http://independent-verifier-s1-f5e0a532dcf6-20261004t024727-peer:8080 --candidate f5e0a532dcf6c2f0c44eb32d5213a9bf7812c250 --out /evidence/probes --case all,/evidence/probes/assertions.json#TK1-berlin-absolute-duration,verified
TK1-berlin-offsets,9. Time and DST,394,1,"1,2,3,4",systems-engineer,systems-engineer,independent-verifier,,berlin: timestamps follow date-specific IANA offsets.,f5e0a532dcf6c2f0c44eb32d5213a9bf7812c250,black-box HTTP,dst,python3 /verifier/probe.py --base http://independent-verifier-s1-f5e0a532dcf6-20261004t024727-source:18309 --peer http://independent-verifier-s1-f5e0a532dcf6-20261004t024727-peer:8080 --candidate f5e0a532dcf6c2f0c44eb32d5213a9bf7812c250 --out /evidence/probes --case all,/evidence/probes/assertions.json#TK1-berlin-offsets,verified
TK1-new-york-spring-absent,9. Time and DST,394,1,"1,2,3,4",systems-engineer,systems-engineer,independent-verifier,,new-york: 2026-03-08 nonexistent local times do not appear in availability.,f5e0a532dcf6c2f0c44eb32d5213a9bf7812c250,black-box HTTP,dst,python3 /verifier/probe.py --base http://independent-verifier-s1-f5e0a532dcf6-20261004t024727-source:18309 --peer http://independent-verifier-s1-f5e0a532dcf6-20261004t024727-peer:8080 --candidate f5e0a532dcf6c2f0c44eb32d5213a9bf7812c250 --out /evidence/probes --case all,/evidence/probes/assertions.json#TK1-new-york-spring-absent,verified
TK1-new-york-spring-error,9. Time and DST,394,1,"1,2,3,4",systems-engineer,systems-engineer,independent-verifier,,new-york: booking nonexistent local time gives 422 invalid_local_time.,f5e0a532dcf6c2f0c44eb32d5213a9bf7812c250,black-box HTTP,dst,python3 /verifier/probe.py --base http://independent-verifier-s1-f5e0a532dcf6-20261004t024727-source:18309 --peer http://independent-verifier-s1-f5e0a532dcf6-20261004t024727-peer:8080 --candidate f5e0a532dcf6c2f0c44eb32d5213a9bf7812c250 --out /evidence/probes --case all,/evidence/probes/assertions.json#TK1-new-york-spring-error,verified
TK1-new-york-fall-first,9. Time and DST,394,1,"1,2,3,4",systems-engineer,systems-engineer,independent-verifier,,new-york: 2026-11-01 repeated-hour booking resolves to the first occurrence.,f5e0a532dcf6c2f0c44eb32d5213a9bf7812c250,black-box HTTP,dst,python3 /verifier/probe.py --base http://independent-verifier-s1-f5e0a532dcf6-20261004t024727-source:18309 --peer http://independent-verifier-s1-f5e0a532dcf6-20261004t024727-peer:8080 --candidate f5e0a532dcf6c2f0c44eb32d5213a9bf7812c250 --out /evidence/probes --case all,/evidence/probes/assertions.json#TK1-new-york-fall-first,verified
TK1-new-york-fall-once,9. Time and DST,394,1,"1,2,3,4",systems-engineer,systems-engineer,independent-verifier,,new-york: repeated-hour availability slot appears once.,f5e0a532dcf6c2f0c44eb32d5213a9bf7812c250,black-box HTTP,dst,python3 /verifier/probe.py --base http://independent-verifier-s1-f5e0a532dcf6-20261004t024727-source:18309 --peer http://independent-verifier-s1-f5e0a532dcf6-20261004t024727-peer:8080 --candidate f5e0a532dcf6c2f0c44eb32d5213a9bf7812c250 --out /evidence/probes --case all,/evidence/probes/assertions.json#TK1-new-york-fall-once,verified
TK1-new-york-fall-second,9. Time and DST,394,1,"1,2,3,4",systems-engineer,systems-engineer,independent-verifier,,new-york: second occurrence cannot be booked by offset timestamp.,f5e0a532dcf6c2f0c44eb32d5213a9bf7812c250,black-box HTTP,dst,python3 /verifier/probe.py --base http://independent-verifier-s1-f5e0a532dcf6-20261004t024727-source:18309 --peer http://independent-verifier-s1-f5e0a532dcf6-20261004t024727-peer:8080 --candidate f5e0a532dcf6c2f0c44eb32d5213a9bf7812c250 --out /evidence/probes --case all,/evidence/probes/assertions.json#TK1-new-york-fall-second,verified
TK1-new-york-absolute-duration,9. Time and DST,394,1,"1,2,3,4",systems-engineer,systems-engineer,independent-verifier,,new-york: duration across DST uses elapsed absolute minutes.,f5e0a532dcf6c2f0c44eb32d5213a9bf7812c250,black-box HTTP,dst,python3 /verifier/probe.py --base http://independent-verifier-s1-f5e0a532dcf6-20261004t024727-source:18309 --peer http://independent-verifier-s1-f5e0a532dcf6-20261004t024727-peer:8080 --candidate f5e0a532dcf6c2f0c44eb32d5213a9bf7812c250 --out /evidence/probes --case all,/evidence/probes/assertions.json#TK1-new-york-absolute-duration,verified
TK1-new-york-offsets,9. Time and DST,394,1,"1,2,3,4",systems-engineer,systems-engineer,independent-verifier,,new-york: timestamps follow date-specific IANA offsets.,f5e0a532dcf6c2f0c44eb32d5213a9bf7812c250,black-box HTTP,dst,python3 /verifier/probe.py --base http://independent-verifier-s1-f5e0a532dcf6-20261004t024727-source:18309 --peer http://independent-verifier-s1-f5e0a532dcf6-20261004t024727-peer:8080 --candidate f5e0a532dcf6c2f0c44eb32d5213a9bf7812c250 --out /evidence/probes --case all,/evidence/probes/assertions.json#TK1-new-york-offsets,verified
TK1-export-public,10. Export and import,418,1,"1,2,3,4",systems-engineer,systems-engineer,independent-verifier,,Export requires no authentication.,f5e0a532dcf6c2f0c44eb32d5213a9bf7812c250,black-box HTTP,export,python3 /verifier/probe.py --base http://independent-verifier-s1-f5e0a532dcf6-20261004t024727-source:18309 --peer http://independent-verifier-s1-f5e0a532dcf6-20261004t024727-peer:8080 --candidate f5e0a532dcf6c2f0c44eb32d5213a9bf7812c250 --out /evidence/probes --case all,/evidence/probes/assertions.json#TK1-export-public,verified
TK1-export-200,10. Export and import,418,1,"1,2,3,4",systems-engineer,systems-engineer,independent-verifier,,Export returns 200 JSON object.,f5e0a532dcf6c2f0c44eb32d5213a9bf7812c250,black-box HTTP,export,python3 /verifier/probe.py --base http://independent-verifier-s1-f5e0a532dcf6-20261004t024727-source:18309 --peer http://independent-verifier-s1-f5e0a532dcf6-20261004t024727-peer:8080 --candidate f5e0a532dcf6c2f0c44eb32d5213a9bf7812c250 --out /evidence/probes --case all,/evidence/probes/assertions.json#TK1-export-200,verified
TK1-export-track,10. Export and import,418,1,"1,2,3,4",systems-engineer,systems-engineer,independent-verifier,,Export track is tablekeeper.,f5e0a532dcf6c2f0c44eb32d5213a9bf7812c250,black-box HTTP,export,python3 /verifier/probe.py --base http://independent-verifier-s1-f5e0a532dcf6-20261004t024727-source:18309 --peer http://independent-verifier-s1-f5e0a532dcf6-20261004t024727-peer:8080 --candidate f5e0a532dcf6c2f0c44eb32d5213a9bf7812c250 --out /evidence/probes --case all,/evidence/probes/assertions.json#TK1-export-track,verified
TK1-export-version,10. Export and import,418,1,"1,2,3,4",systems-engineer,systems-engineer,independent-verifier,,Export format_version is 1.,f5e0a532dcf6c2f0c44eb32d5213a9bf7812c250,black-box HTTP,export,python3 /verifier/probe.py --base http://independent-verifier-s1-f5e0a532dcf6-20261004t024727-source:18309 --peer http://independent-verifier-s1-f5e0a532dcf6-20261004t024727-peer:8080 --candidate f5e0a532dcf6c2f0c44eb32d5213a9bf7812c250 --out /evidence/probes --case all,/evidence/probes/assertions.json#TK1-export-version,verified
TK1-export-state,10. Export and import,418,1,"1,2,3,4",systems-engineer,systems-engineer,independent-verifier,,Export includes opaque JSON state object.,f5e0a532dcf6c2f0c44eb32d5213a9bf7812c250,black-box HTTP,export,python3 /verifier/probe.py --base http://independent-verifier-s1-f5e0a532dcf6-20261004t024727-source:18309 --peer http://independent-verifier-s1-f5e0a532dcf6-20261004t024727-peer:8080 --candidate f5e0a532dcf6c2f0c44eb32d5213a9bf7812c250 --out /evidence/probes --case all,/evidence/probes/assertions.json#TK1-export-state,verified
TK1-import-public,10. Export and import,418,1,"1,2,3,4",systems-engineer,systems-engineer,independent-verifier,,Import requires no authentication.,f5e0a532dcf6c2f0c44eb32d5213a9bf7812c250,black-box HTTP,export,python3 /verifier/probe.py --base http://independent-verifier-s1-f5e0a532dcf6-20261004t024727-source:18309 --peer http://independent-verifier-s1-f5e0a532dcf6-20261004t024727-peer:8080 --candidate f5e0a532dcf6c2f0c44eb32d5213a9bf7812c250 --out /evidence/probes --case all,/evidence/probes/assertions.json#TK1-import-public,verified
TK1-import-204,10. Export and import,418,1,"1,2,3,4",systems-engineer,systems-engineer,independent-verifier,,Unchanged export imports with 204 and no body.,f5e0a532dcf6c2f0c44eb32d5213a9bf7812c250,black-box HTTP,export,python3 /verifier/probe.py --base http://independent-verifier-s1-f5e0a532dcf6-20261004t024727-source:18309 --peer http://independent-verifier-s1-f5e0a532dcf6-20261004t024727-peer:8080 --candidate f5e0a532dcf6c2f0c44eb32d5213a9bf7812c250 --out /evidence/probes --case all,/evidence/probes/assertions.json#TK1-import-204,verified
TK1-import-independent,10. Export and import,418,1,"1,2,3,4",systems-engineer,systems-engineer,independent-verifier,,Import works in an independent destination process without source volumes or address.,f5e0a532dcf6c2f0c44eb32d5213a9bf7812c250,black-box HTTP,export,python3 /verifier/probe.py --base http://independent-verifier-s1-f5e0a532dcf6-20261004t024727-source:18309 --peer http://independent-verifier-s1-f5e0a532dcf6-20261004t024727-peer:8080 --candidate f5e0a532dcf6c2f0c44eb32d5213a9bf7812c250 --out /evidence/probes --case all,/evidence/probes/assertions.json#TK1-import-independent,verified
TK1-import-replace-data,10. Export and import,418,1,"1,2,3,4",systems-engineer,systems-engineer,independent-verifier,,Import removes all pre-existing destination reservations/configuration.,f5e0a532dcf6c2f0c44eb32d5213a9bf7812c250,black-box HTTP,export,python3 /verifier/probe.py --base http://independent-verifier-s1-f5e0a532dcf6-20261004t024727-source:18309 --peer http://independent-verifier-s1-f5e0a532dcf6-20261004t024727-peer:8080 --candidate f5e0a532dcf6c2f0c44eb32d5213a9bf7812c250 --out /evidence/probes --case all,/evidence/probes/assertions.json#TK1-import-replace-data,verified
TK1-import-replace-credentials,10. Export and import,418,1,"1,2,3,4",systems-engineer,systems-engineer,independent-verifier,,Import removes all pre-existing destination accounts/tokens.,f5e0a532dcf6c2f0c44eb32d5213a9bf7812c250,black-box HTTP,export,python3 /verifier/probe.py --base http://independent-verifier-s1-f5e0a532dcf6-20261004t024727-source:18309 --peer http://independent-verifier-s1-f5e0a532dcf6-20261004t024727-peer:8080 --candidate f5e0a532dcf6c2f0c44eb32d5213a9bf7812c250 --out /evidence/probes --case all,/evidence/probes/assertions.json#TK1-import-replace-credentials,verified
TK1-import-repeat,10. Export and import,418,1,"1,2,3,4",systems-engineer,systems-engineer,independent-verifier,,Repeated import restores exact snapshot without duplicates.,f5e0a532dcf6c2f0c44eb32d5213a9bf7812c250,black-box HTTP,export,python3 /verifier/probe.py --base http://independent-verifier-s1-f5e0a532dcf6-20261004t024727-source:18309 --peer http://independent-verifier-s1-f5e0a532dcf6-20261004t024727-peer:8080 --candidate f5e0a532dcf6c2f0c44eb32d5213a9bf7812c250 --out /evidence/probes --case all,/evidence/probes/assertions.json#TK1-import-repeat,verified
TK1-import-invalid-json,10. Export and import,418,1,"1,2,3,4",systems-engineer,systems-engineer,independent-verifier,,Unparseable import body returns 400 malformed_request.,f5e0a532dcf6c2f0c44eb32d5213a9bf7812c250,black-box HTTP,export,python3 /verifier/probe.py --base http://independent-verifier-s1-f5e0a532dcf6-20261004t024727-source:18309 --peer http://independent-verifier-s1-f5e0a532dcf6-20261004t024727-peer:8080 --candidate f5e0a532dcf6c2f0c44eb32d5213a9bf7812c250 --out /evidence/probes --case all,/evidence/probes/assertions.json#TK1-import-invalid-json,verified
TK1-import-missing,10. Export and import,418,1,"1,2,3,4",systems-engineer,systems-engineer,independent-verifier,,Missing import wrapper fields return 422 validation_failed.,f5e0a532dcf6c2f0c44eb32d5213a9bf7812c250,black-box HTTP,export,python3 /verifier/probe.py --base http://independent-verifier-s1-f5e0a532dcf6-20261004t024727-source:18309 --peer http://independent-verifier-s1-f5e0a532dcf6-20261004t024727-peer:8080 --candidate f5e0a532dcf6c2f0c44eb32d5213a9bf7812c250 --out /evidence/probes --case all,/evidence/probes/assertions.json#TK1-import-missing,verified
TK1-import-track,10. Export and import,418,1,"1,2,3,4",systems-engineer,systems-engineer,independent-verifier,,Wrong import track returns 422 validation_failed.,f5e0a532dcf6c2f0c44eb32d5213a9bf7812c250,black-box HTTP,export,python3 /verifier/probe.py --base http://independent-verifier-s1-f5e0a532dcf6-20261004t024727-source:18309 --peer http://independent-verifier-s1-f5e0a532dcf6-20261004t024727-peer:8080 --candidate f5e0a532dcf6c2f0c44eb32d5213a9bf7812c250 --out /evidence/probes --case all,/evidence/probes/assertions.json#TK1-import-track,verified
TK1-import-version,10. Export and import,418,1,"1,2,3,4",systems-engineer,systems-engineer,independent-verifier,,Wrong import version returns 422 validation_failed.,f5e0a532dcf6c2f0c44eb32d5213a9bf7812c250,black-box HTTP,export,python3 /verifier/probe.py --base http://independent-verifier-s1-f5e0a532dcf6-20261004t024727-source:18309 --peer http://independent-verifier-s1-f5e0a532dcf6-20261004t024727-peer:8080 --candidate f5e0a532dcf6c2f0c44eb32d5213a9bf7812c250 --out /evidence/probes --case all,/evidence/probes/assertions.json#TK1-import-version,verified
TK1-import-invalid-state,10. Export and import,418,1,"1,2,3,4",systems-engineer,systems-engineer,independent-verifier,,Invalid import state returns 422 validation_failed.,f5e0a532dcf6c2f0c44eb32d5213a9bf7812c250,black-box HTTP,export,python3 /verifier/probe.py --base http://independent-verifier-s1-f5e0a532dcf6-20261004t024727-source:18309 --peer http://independent-verifier-s1-f5e0a532dcf6-20261004t024727-peer:8080 --candidate f5e0a532dcf6c2f0c44eb32d5213a9bf7812c250 --out /evidence/probes --case all,/evidence/probes/assertions.json#TK1-import-invalid-state,verified
TK1-import-failure-atomic,10. Export and import,418,1,"1,2,3,4",systems-engineer,systems-engineer,independent-verifier,,Invalid import leaves all destination state unchanged.,f5e0a532dcf6c2f0c44eb32d5213a9bf7812c250,black-box HTTP,export,python3 /verifier/probe.py --base http://independent-verifier-s1-f5e0a532dcf6-20261004t024727-source:18309 --peer http://independent-verifier-s1-f5e0a532dcf6-20261004t024727-peer:8080 --candidate f5e0a532dcf6c2f0c44eb32d5213a9bf7812c250 --out /evidence/probes --case all,/evidence/probes/assertions.json#TK1-import-failure-atomic,verified
TK1-export-readonly,10. Export and import,418,1,"1,2,3,4",systems-engineer,systems-engineer,independent-verifier,,Export does not mutate source state.,f5e0a532dcf6c2f0c44eb32d5213a9bf7812c250,black-box HTTP,export,python3 /verifier/probe.py --base http://independent-verifier-s1-f5e0a532dcf6-20261004t024727-source:18309 --peer http://independent-verifier-s1-f5e0a532dcf6-20261004t024727-peer:8080 --candidate f5e0a532dcf6c2f0c44eb32d5213a9bf7812c250 --out /evidence/probes --case all,/evidence/probes/assertions.json#TK1-export-readonly,verified
TK1-export-snapshot,10. Export and import,418,1,"1,2,3,4",systems-engineer,systems-engineer,independent-verifier,,Later source writes do not alter an earlier export.,f5e0a532dcf6c2f0c44eb32d5213a9bf7812c250,black-box HTTP,export,python3 /verifier/probe.py --base http://independent-verifier-s1-f5e0a532dcf6-20261004t024727-source:18309 --peer http://independent-verifier-s1-f5e0a532dcf6-20261004t024727-peer:8080 --candidate f5e0a532dcf6c2f0c44eb32d5213a9bf7812c250 --out /evidence/probes --case all,/evidence/probes/assertions.json#TK1-export-snapshot,verified
TK1-import-accounts,10. Export and import,418,1,"1,2,3,4",systems-engineer,systems-engineer,independent-verifier,,Import preserves accounts and display identity.,f5e0a532dcf6c2f0c44eb32d5213a9bf7812c250,black-box HTTP,export,python3 /verifier/probe.py --base http://independent-verifier-s1-f5e0a532dcf6-20261004t024727-source:18309 --peer http://independent-verifier-s1-f5e0a532dcf6-20261004t024727-peer:8080 --candidate f5e0a532dcf6c2f0c44eb32d5213a9bf7812c250 --out /evidence/probes --case all,/evidence/probes/assertions.json#TK1-import-accounts,verified
TK1-import-passwords,10. Export and import,418,1,"1,2,3,4",systems-engineer,systems-engineer,independent-verifier,,Imported hashed passwords still allow login.,f5e0a532dcf6c2f0c44eb32d5213a9bf7812c250,black-box HTTP,export,python3 /verifier/probe.py --base http://independent-verifier-s1-f5e0a532dcf6-20261004t024727-source:18309 --peer http://independent-verifier-s1-f5e0a532dcf6-20261004t024727-peer:8080 --candidate f5e0a532dcf6c2f0c44eb32d5213a9bf7812c250 --out /evidence/probes --case all,/evidence/probes/assertions.json#TK1-import-passwords,verified
TK1-import-tokens,10. Export and import,418,1,"1,2,3,4",systems-engineer,systems-engineer,independent-verifier,,Existing source bearer tokens remain valid in destination.,f5e0a532dcf6c2f0c44eb32d5213a9bf7812c250,black-box HTTP,export,python3 /verifier/probe.py --base http://independent-verifier-s1-f5e0a532dcf6-20261004t024727-source:18309 --peer http://independent-verifier-s1-f5e0a532dcf6-20261004t024727-peer:8080 --candidate f5e0a532dcf6c2f0c44eb32d5213a9bf7812c250 --out /evidence/probes --case all,/evidence/probes/assertions.json#TK1-import-tokens,verified
TK1-import-fixture,10. Export and import,418,1,"1,2,3,4",systems-engineer,systems-engineer,independent-verifier,,Import preserves restaurant/table fixture configuration.,f5e0a532dcf6c2f0c44eb32d5213a9bf7812c250,black-box HTTP,export,python3 /verifier/probe.py --base http://independent-verifier-s1-f5e0a532dcf6-20261004t024727-source:18309 --peer http://independent-verifier-s1-f5e0a532dcf6-20261004t024727-peer:8080 --candidate f5e0a532dcf6c2f0c44eb32d5213a9bf7812c250 --out /evidence/probes --case all,/evidence/probes/assertions.json#TK1-import-fixture,verified
TK1-import-reservations,10. Export and import,418,1,"1,2,3,4",systems-engineer,systems-engineer,independent-verifier,,Import preserves every confirmed and cancelled reservation.,f5e0a532dcf6c2f0c44eb32d5213a9bf7812c250,black-box HTTP,export,python3 /verifier/probe.py --base http://independent-verifier-s1-f5e0a532dcf6-20261004t024727-source:18309 --peer http://independent-verifier-s1-f5e0a532dcf6-20261004t024727-peer:8080 --candidate f5e0a532dcf6c2f0c44eb32d5213a9bf7812c250 --out /evidence/probes --case all,/evidence/probes/assertions.json#TK1-import-reservations,verified
TK1-import-references,10. Export and import,418,1,"1,2,3,4",systems-engineer,systems-engineer,independent-verifier,,Import preserves references.,f5e0a532dcf6c2f0c44eb32d5213a9bf7812c250,black-box HTTP,export,python3 /verifier/probe.py --base http://independent-verifier-s1-f5e0a532dcf6-20261004t024727-source:18309 --peer http://independent-verifier-s1-f5e0a532dcf6-20261004t024727-peer:8080 --candidate f5e0a532dcf6c2f0c44eb32d5213a9bf7812c250 --out /evidence/probes --case all,/evidence/probes/assertions.json#TK1-import-references,verified
TK1-import-identities,10. Export and import,418,1,"1,2,3,4",systems-engineer,systems-engineer,independent-verifier,,Import preserves reservation IDs.,f5e0a532dcf6c2f0c44eb32d5213a9bf7812c250,black-box HTTP,export,python3 /verifier/probe.py --base http://independent-verifier-s1-f5e0a532dcf6-20261004t024727-source:18309 --peer http://independent-verifier-s1-f5e0a532dcf6-20261004t024727-peer:8080 --candidate f5e0a532dcf6c2f0c44eb32d5213a9bf7812c250 --out /evidence/probes --case all,/evidence/probes/assertions.json#TK1-import-identities,verified
TK1-import-statuses,10. Export and import,418,1,"1,2,3,4",systems-engineer,systems-engineer,independent-verifier,,Import preserves reservation statuses.,f5e0a532dcf6c2f0c44eb32d5213a9bf7812c250,black-box HTTP,export,python3 /verifier/probe.py --base http://independent-verifier-s1-f5e0a532dcf6-20261004t024727-source:18309 --peer http://independent-verifier-s1-f5e0a532dcf6-20261004t024727-peer:8080 --candidate f5e0a532dcf6c2f0c44eb32d5213a9bf7812c250 --out /evidence/probes --case all,/evidence/probes/assertions.json#TK1-import-statuses,verified
TK1-import-timestamps,10. Export and import,418,1,"1,2,3,4",systems-engineer,systems-engineer,independent-verifier,,Import preserves start/end/creation timestamps exactly.,f5e0a532dcf6c2f0c44eb32d5213a9bf7812c250,black-box HTTP,export,python3 /verifier/probe.py --base http://independent-verifier-s1-f5e0a532dcf6-20261004t024727-source:18309 --peer http://independent-verifier-s1-f5e0a532dcf6-20261004t024727-peer:8080 --candidate f5e0a532dcf6c2f0c44eb32d5213a9bf7812c250 --out /evidence/probes --case all,/evidence/probes/assertions.json#TK1-import-timestamps,verified
TK1-import-create-receipt,10. Export and import,418,1,"1,2,3,4",systems-engineer,systems-engineer,independent-verifier,,Import preserves original create response and parsed request identity.,f5e0a532dcf6c2f0c44eb32d5213a9bf7812c250,black-box HTTP,export,python3 /verifier/probe.py --base http://independent-verifier-s1-f5e0a532dcf6-20261004t024727-source:18309 --peer http://independent-verifier-s1-f5e0a532dcf6-20261004t024727-peer:8080 --candidate f5e0a532dcf6c2f0c44eb32d5213a9bf7812c250 --out /evidence/probes --case all,/evidence/probes/assertions.json#TK1-import-create-receipt,verified
TK1-import-batch-receipt,10. Export and import,418,1,"1,2,3,4",systems-engineer,systems-engineer,independent-verifier,,Import preserves original batch response and parsed request identity.,f5e0a532dcf6c2f0c44eb32d5213a9bf7812c250,black-box HTTP,export,python3 /verifier/probe.py --base http://independent-verifier-s1-f5e0a532dcf6-20261004t024727-source:18309 --peer http://independent-verifier-s1-f5e0a532dcf6-20261004t024727-peer:8080 --candidate f5e0a532dcf6c2f0c44eb32d5213a9bf7812c250 --out /evidence/probes --case all,/evidence/probes/assertions.json#TK1-import-batch-receipt,verified
TK1-import-failed-create-key,10. Export and import,418,1,"1,2,3,4",systems-engineer,systems-engineer,independent-verifier,,Failed reservation-create keys remain reusable after import.,f5e0a532dcf6c2f0c44eb32d5213a9bf7812c250,black-box HTTP,export,python3 /verifier/probe.py --base http://independent-verifier-s1-f5e0a532dcf6-20261004t024727-source:18309 --peer http://independent-verifier-s1-f5e0a532dcf6-20261004t024727-peer:8080 --candidate f5e0a532dcf6c2f0c44eb32d5213a9bf7812c250 --out /evidence/probes --case all,/evidence/probes/assertions.json#TK1-import-failed-create-key,verified
TK1-import-failed-batch-key,10. Export and import,418,1,"1,2,3,4",systems-engineer,systems-engineer,independent-verifier,,Failed batch-move keys remain reusable after import.,f5e0a532dcf6c2f0c44eb32d5213a9bf7812c250,black-box HTTP,export,python3 /verifier/probe.py --base http://independent-verifier-s1-f5e0a532dcf6-20261004t024727-source:18309 --peer http://independent-verifier-s1-f5e0a532dcf6-20261004t024727-peer:8080 --candidate f5e0a532dcf6c2f0c44eb32d5213a9bf7812c250 --out /evidence/probes --case all,/evidence/probes/assertions.json#TK1-import-failed-batch-key,verified
TK1-reset-imported,10. Export and import,418,1,"1,2,3,4",systems-engineer,systems-engineer,independent-verifier,,"Reset clears imported records, credentials, tokens and retry receipts.",f5e0a532dcf6c2f0c44eb32d5213a9bf7812c250,black-box HTTP,export,python3 /verifier/probe.py --base http://independent-verifier-s1-f5e0a532dcf6-20261004t024727-source:18309 --peer http://independent-verifier-s1-f5e0a532dcf6-20261004t024727-peer:8080 --candidate f5e0a532dcf6c2f0c44eb32d5213a9bf7812c250 --out /evidence/probes --case all,/evidence/probes/assertions.json#TK1-reset-imported,verified
TK1-export-atomic,10. Export and import,418,1,"1,2,3,4",systems-engineer,systems-engineer,independent-verifier,,"Concurrent exports represent complete atomic snapshots, not partial transactions.",f5e0a532dcf6c2f0c44eb32d5213a9bf7812c250,black-box HTTP,export,python3 /verifier/probe.py --base http://independent-verifier-s1-f5e0a532dcf6-20261004t024727-source:18309 --peer http://independent-verifier-s1-f5e0a532dcf6-20261004t024727-peer:8080 --candidate f5e0a532dcf6c2f0c44eb32d5213a9bf7812c250 --out /evidence/probes --case all,/evidence/probes/assertions.json#TK1-export-atomic,verified
TK1-batch-min,11. Atomic reservation moves,443,1,"1,2,3,4",systems-engineer,systems-engineer,independent-verifier,,Batch accepts 1 move.,f5e0a532dcf6c2f0c44eb32d5213a9bf7812c250,black-box HTTP,batch,python3 /verifier/probe.py --base http://independent-verifier-s1-f5e0a532dcf6-20261004t024727-source:18309 --peer http://independent-verifier-s1-f5e0a532dcf6-20261004t024727-peer:8080 --candidate f5e0a532dcf6c2f0c44eb32d5213a9bf7812c250 --out /evidence/probes --case all,/evidence/probes/assertions.json#TK1-batch-min,verified
TK1-batch-max,11. Atomic reservation moves,443,1,"1,2,3,4",systems-engineer,systems-engineer,independent-verifier,,Batch accepts 8 distinct moves.,f5e0a532dcf6c2f0c44eb32d5213a9bf7812c250,black-box HTTP,batch,python3 /verifier/probe.py --base http://independent-verifier-s1-f5e0a532dcf6-20261004t024727-source:18309 --peer http://independent-verifier-s1-f5e0a532dcf6-20261004t024727-peer:8080 --candidate f5e0a532dcf6c2f0c44eb32d5213a9bf7812c250 --out /evidence/probes --case all,/evidence/probes/assertions.json#TK1-batch-max,verified
TK1-batch-empty,11. Atomic reservation moves,443,1,"1,2,3,4",systems-engineer,systems-engineer,independent-verifier,,Empty moves returns 422 validation_failed.,f5e0a532dcf6c2f0c44eb32d5213a9bf7812c250,black-box HTTP,batch,python3 /verifier/probe.py --base http://independent-verifier-s1-f5e0a532dcf6-20261004t024727-source:18309 --peer http://independent-verifier-s1-f5e0a532dcf6-20261004t024727-peer:8080 --candidate f5e0a532dcf6c2f0c44eb32d5213a9bf7812c250 --out /evidence/probes --case all,/evidence/probes/assertions.json#TK1-batch-empty,verified
TK1-batch-too-many,11. Atomic reservation moves,443,1,"1,2,3,4",systems-engineer,systems-engineer,independent-verifier,,9 moves returns 422 validation_failed.,f5e0a532dcf6c2f0c44eb32d5213a9bf7812c250,black-box HTTP,batch,python3 /verifier/probe.py --base http://independent-verifier-s1-f5e0a532dcf6-20261004t024727-source:18309 --peer http://independent-verifier-s1-f5e0a532dcf6-20261004t024727-peer:8080 --candidate f5e0a532dcf6c2f0c44eb32d5213a9bf7812c250 --out /evidence/probes --case all,/evidence/probes/assertions.json#TK1-batch-too-many,verified
TK1-batch-shape,11. Atomic reservation moves,443,1,"1,2,3,4",systems-engineer,systems-engineer,independent-verifier,,Invalid moves shape returns 422 validation_failed.,f5e0a532dcf6c2f0c44eb32d5213a9bf7812c250,black-box HTTP,batch,python3 /verifier/probe.py --base http://independent-verifier-s1-f5e0a532dcf6-20261004t024727-source:18309 --peer http://independent-verifier-s1-f5e0a532dcf6-20261004t024727-peer:8080 --candidate f5e0a532dcf6c2f0c44eb32d5213a9bf7812c250 --out /evidence/probes --case all,/evidence/probes/assertions.json#TK1-batch-shape,verified
TK1-batch-reference-type,11. Atomic reservation moves,443,1,"1,2,3,4",systems-engineer,systems-engineer,independent-verifier,,Every move reference must be a string; invalid shape returns 422 validation_failed.,f5e0a532dcf6c2f0c44eb32d5213a9bf7812c250,black-box HTTP,batch,python3 /verifier/probe.py --base http://independent-verifier-s1-f5e0a532dcf6-20261004t024727-source:18309 --peer http://independent-verifier-s1-f5e0a532dcf6-20261004t024727-peer:8080 --candidate f5e0a532dcf6c2f0c44eb32d5213a9bf7812c250 --out /evidence/probes --case all,/evidence/probes/assertions.json#TK1-batch-reference-type,verified
TK1-batch-duplicate,11. Atomic reservation moves,443,1,"1,2,3,4",systems-engineer,systems-engineer,independent-verifier,,Duplicate move references return 422 validation_failed.,f5e0a532dcf6c2f0c44eb32d5213a9bf7812c250,black-box HTTP,batch,python3 /verifier/probe.py --base http://independent-verifier-s1-f5e0a532dcf6-20261004t024727-source:18309 --peer http://independent-verifier-s1-f5e0a532dcf6-20261004t024727-peer:8080 --candidate f5e0a532dcf6c2f0c44eb32d5213a9bf7812c250 --out /evidence/probes --case all,/evidence/probes/assertions.json#TK1-batch-duplicate,verified
TK1-batch-owner,11. Atomic reservation moves,443,1,"1,2,3,4",systems-engineer,systems-engineer,independent-verifier,,Another owner's reference returns 404 not_found.,f5e0a532dcf6c2f0c44eb32d5213a9bf7812c250,black-box HTTP,batch,python3 /verifier/probe.py --base http://independent-verifier-s1-f5e0a532dcf6-20261004t024727-source:18309 --peer http://independent-verifier-s1-f5e0a532dcf6-20261004t024727-peer:8080 --candidate f5e0a532dcf6c2f0c44eb32d5213a9bf7812c250 --out /evidence/probes --case all,/evidence/probes/assertions.json#TK1-batch-owner,verified
TK1-batch-unknown,11. Atomic reservation moves,443,1,"1,2,3,4",systems-engineer,systems-engineer,independent-verifier,,Unknown reference returns 404 not_found.,f5e0a532dcf6c2f0c44eb32d5213a9bf7812c250,black-box HTTP,batch,python3 /verifier/probe.py --base http://independent-verifier-s1-f5e0a532dcf6-20261004t024727-source:18309 --peer http://independent-verifier-s1-f5e0a532dcf6-20261004t024727-peer:8080 --candidate f5e0a532dcf6c2f0c44eb32d5213a9bf7812c250 --out /evidence/probes --case all,/evidence/probes/assertions.json#TK1-batch-unknown,verified
TK1-batch-restaurant,11. Atomic reservation moves,443,1,"1,2,3,4",systems-engineer,systems-engineer,independent-verifier,,Cross-restaurant moves return 422 validation_failed.,f5e0a532dcf6c2f0c44eb32d5213a9bf7812c250,black-box HTTP,batch,python3 /verifier/probe.py --base http://independent-verifier-s1-f5e0a532dcf6-20261004t024727-source:18309 --peer http://independent-verifier-s1-f5e0a532dcf6-20261004t024727-peer:8080 --candidate f5e0a532dcf6c2f0c44eb32d5213a9bf7812c250 --out /evidence/probes --case all,/evidence/probes/assertions.json#TK1-batch-restaurant,verified
TK1-batch-fields,11. Atomic reservation moves,443,1,"1,2,3,4",systems-engineer,systems-engineer,independent-verifier,,Batch accepts all ordinary PATCH fields.,f5e0a532dcf6c2f0c44eb32d5213a9bf7812c250,black-box HTTP,batch,python3 /verifier/probe.py --base http://independent-verifier-s1-f5e0a532dcf6-20261004t024727-source:18309 --peer http://independent-verifier-s1-f5e0a532dcf6-20261004t024727-peer:8080 --candidate f5e0a532dcf6c2f0c44eb32d5213a9bf7812c250 --out /evidence/probes --case all,/evidence/probes/assertions.json#TK1-batch-fields,verified
TK1-batch-omitted,11. Atomic reservation moves,443,1,"1,2,3,4",systems-engineer,systems-engineer,independent-verifier,,Omitted move fields retain current values.,f5e0a532dcf6c2f0c44eb32d5213a9bf7812c250,black-box HTTP,batch,python3 /verifier/probe.py --base http://independent-verifier-s1-f5e0a532dcf6-20261004t024727-source:18309 --peer http://independent-verifier-s1-f5e0a532dcf6-20261004t024727-peer:8080 --candidate f5e0a532dcf6c2f0c44eb32d5213a9bf7812c250 --out /evidence/probes --case all,/evidence/probes/assertions.json#TK1-batch-omitted,verified
TK1-batch-unknown-fields,11. Atomic reservation moves,443,1,"1,2,3,4",systems-engineer,systems-engineer,independent-verifier,,Unknown move fields are ignored.,f5e0a532dcf6c2f0c44eb32d5213a9bf7812c250,black-box HTTP,batch,python3 /verifier/probe.py --base http://independent-verifier-s1-f5e0a532dcf6-20261004t024727-source:18309 --peer http://independent-verifier-s1-f5e0a532dcf6-20261004t024727-peer:8080 --candidate f5e0a532dcf6c2f0c44eb32d5213a9bf7812c250 --out /evidence/probes --case all,/evidence/probes/assertions.json#TK1-batch-unknown-fields,verified
TK1-batch-identity,11. Atomic reservation moves,443,1,"1,2,3,4",systems-engineer,systems-engineer,independent-verifier,,Batch preserves reservation IDs.,f5e0a532dcf6c2f0c44eb32d5213a9bf7812c250,black-box HTTP,batch,python3 /verifier/probe.py --base http://independent-verifier-s1-f5e0a532dcf6-20261004t024727-source:18309 --peer http://independent-verifier-s1-f5e0a532dcf6-20261004t024727-peer:8080 --candidate f5e0a532dcf6c2f0c44eb32d5213a9bf7812c250 --out /evidence/probes --case all,/evidence/probes/assertions.json#TK1-batch-identity,verified
TK1-batch-owner-preserved,11. Atomic reservation moves,443,1,"1,2,3,4",systems-engineer,systems-engineer,independent-verifier,,Batch preserves booking owners.,f5e0a532dcf6c2f0c44eb32d5213a9bf7812c250,black-box HTTP,batch,python3 /verifier/probe.py --base http://independent-verifier-s1-f5e0a532dcf6-20261004t024727-source:18309 --peer http://independent-verifier-s1-f5e0a532dcf6-20261004t024727-peer:8080 --candidate f5e0a532dcf6c2f0c44eb32d5213a9bf7812c250 --out /evidence/probes --case all,/evidence/probes/assertions.json#TK1-batch-owner-preserved,verified
TK1-batch-created,11. Atomic reservation moves,443,1,"1,2,3,4",systems-engineer,systems-engineer,independent-verifier,,Batch preserves created_at timestamps.,f5e0a532dcf6c2f0c44eb32d5213a9bf7812c250,black-box HTTP,batch,python3 /verifier/probe.py --base http://independent-verifier-s1-f5e0a532dcf6-20261004t024727-source:18309 --peer http://independent-verifier-s1-f5e0a532dcf6-20261004t024727-peer:8080 --candidate f5e0a532dcf6c2f0c44eb32d5213a9bf7812c250 --out /evidence/probes --case all,/evidence/probes/assertions.json#TK1-batch-created,verified
TK1-batch-cancelled,11. Atomic reservation moves,443,1,"1,2,3,4",systems-engineer,systems-engineer,independent-verifier,,Cancelled member returns 409 reservation_cancelled.,f5e0a532dcf6c2f0c44eb32d5213a9bf7812c250,black-box HTTP,batch,python3 /verifier/probe.py --base http://independent-verifier-s1-f5e0a532dcf6-20261004t024727-source:18309 --peer http://independent-verifier-s1-f5e0a532dcf6-20261004t024727-peer:8080 --candidate f5e0a532dcf6c2f0c44eb32d5213a9bf7812c250 --out /evidence/probes --case all,/evidence/probes/assertions.json#TK1-batch-cancelled,verified
TK1-batch-cutoff,11. Atomic reservation moves,443,1,"1,2,3,4",systems-engineer,systems-engineer,independent-verifier,,Existing cutoff applies to every member.,f5e0a532dcf6c2f0c44eb32d5213a9bf7812c250,black-box HTTP,batch,python3 /verifier/probe.py --base http://independent-verifier-s1-f5e0a532dcf6-20261004t024727-source:18309 --peer http://independent-verifier-s1-f5e0a532dcf6-20261004t024727-peer:8080 --candidate f5e0a532dcf6c2f0c44eb32d5213a9bf7812c250 --out /evidence/probes --case all,/evidence/probes/assertions.json#TK1-batch-cutoff,verified
TK1-batch-input-order,11. Atomic reservation moves,443,1,"1,2,3,4",systems-engineer,systems-engineer,independent-verifier,,First non-occupancy error in input order wins.,f5e0a532dcf6c2f0c44eb32d5213a9bf7812c250,black-box HTTP,batch,python3 /verifier/probe.py --base http://independent-verifier-s1-f5e0a532dcf6-20261004t024727-source:18309 --peer http://independent-verifier-s1-f5e0a532dcf6-20261004t024727-peer:8080 --candidate f5e0a532dcf6c2f0c44eb32d5213a9bf7812c250 --out /evidence/probes --case all,/evidence/probes/assertions.json#TK1-batch-input-order,verified
TK1-batch-cutoff-precedence,11. Atomic reservation moves,443,1,"1,2,3,4",systems-engineer,systems-engineer,independent-verifier,,"For each member, cutoff errors precede proposed field changes.",f5e0a532dcf6c2f0c44eb32d5213a9bf7812c250,black-box HTTP,batch,python3 /verifier/probe.py --base http://independent-verifier-s1-f5e0a532dcf6-20261004t024727-source:18309 --peer http://independent-verifier-s1-f5e0a532dcf6-20261004t024727-peer:8080 --candidate f5e0a532dcf6c2f0c44eb32d5213a9bf7812c250 --out /evidence/probes --case all,/evidence/probes/assertions.json#TK1-batch-cutoff-precedence,verified
TK1-batch-validation-before-overlap,11. Atomic reservation moves,443,1,"1,2,3,4",systems-engineer,systems-engineer,independent-verifier,,Non-occupancy errors precede all overlap checks.,f5e0a532dcf6c2f0c44eb32d5213a9bf7812c250,black-box HTTP,batch,python3 /verifier/probe.py --base http://independent-verifier-s1-f5e0a532dcf6-20261004t024727-source:18309 --peer http://independent-verifier-s1-f5e0a532dcf6-20261004t024727-peer:8080 --candidate f5e0a532dcf6c2f0c44eb32d5213a9bf7812c250 --out /evidence/probes --case all,/evidence/probes/assertions.json#TK1-batch-validation-before-overlap,verified
TK1-batch-mutual-overlap,11. Atomic reservation moves,443,1,"1,2,3,4",systems-engineer,systems-engineer,independent-verifier,,Resulting members overlapping each other return 409 table_unavailable.,f5e0a532dcf6c2f0c44eb32d5213a9bf7812c250,black-box HTTP,batch,python3 /verifier/probe.py --base http://independent-verifier-s1-f5e0a532dcf6-20261004t024727-source:18309 --peer http://independent-verifier-s1-f5e0a532dcf6-20261004t024727-peer:8080 --candidate f5e0a532dcf6c2f0c44eb32d5213a9bf7812c250 --out /evidence/probes --case all,/evidence/probes/assertions.json#TK1-batch-mutual-overlap,verified
TK1-batch-unlisted-overlap,11. Atomic reservation moves,443,1,"1,2,3,4",systems-engineer,systems-engineer,independent-verifier,,Result overlapping unlisted booking returns 409 table_unavailable.,f5e0a532dcf6c2f0c44eb32d5213a9bf7812c250,black-box HTTP,batch,python3 /verifier/probe.py --base http://independent-verifier-s1-f5e0a532dcf6-20261004t024727-source:18309 --peer http://independent-verifier-s1-f5e0a532dcf6-20261004t024727-peer:8080 --candidate f5e0a532dcf6c2f0c44eb32d5213a9bf7812c250 --out /evidence/probes --case all,/evidence/probes/assertions.json#TK1-batch-unlisted-overlap,verified
TK1-batch-unchanged-occupancy,11. Atomic reservation moves,443,1,"1,2,3,4",systems-engineer,systems-engineer,independent-verifier,,Unchanged listed members retain occupancy.,f5e0a532dcf6c2f0c44eb32d5213a9bf7812c250,black-box HTTP,batch,python3 /verifier/probe.py --base http://independent-verifier-s1-f5e0a532dcf6-20261004t024727-source:18309 --peer http://independent-verifier-s1-f5e0a532dcf6-20261004t024727-peer:8080 --candidate f5e0a532dcf6c2f0c44eb32d5213a9bf7812c250 --out /evidence/probes --case all,/evidence/probes/assertions.json#TK1-batch-unchanged-occupancy,verified
TK1-batch-swap,11. Atomic reservation moves,443,1,"1,2,3,4",systems-engineer,systems-engineer,independent-verifier,,Occupied-table cyclic swaps succeed atomically.,f5e0a532dcf6c2f0c44eb32d5213a9bf7812c250,black-box HTTP,batch,python3 /verifier/probe.py --base http://independent-verifier-s1-f5e0a532dcf6-20261004t024727-source:18309 --peer http://independent-verifier-s1-f5e0a532dcf6-20261004t024727-peer:8080 --candidate f5e0a532dcf6c2f0c44eb32d5213a9bf7812c250 --out /evidence/probes --case all,/evidence/probes/assertions.json#TK1-batch-swap,verified
TK1-batch-failure-records,11. Atomic reservation moves,443,1,"1,2,3,4",systems-engineer,systems-engineer,independent-verifier,,Any failed batch leaves every reservation record unchanged.,f5e0a532dcf6c2f0c44eb32d5213a9bf7812c250,black-box HTTP,batch,python3 /verifier/probe.py --base http://independent-verifier-s1-f5e0a532dcf6-20261004t024727-source:18309 --peer http://independent-verifier-s1-f5e0a532dcf6-20261004t024727-peer:8080 --candidate f5e0a532dcf6c2f0c44eb32d5213a9bf7812c250 --out /evidence/probes --case all,/evidence/probes/assertions.json#TK1-batch-failure-records,verified
TK1-batch-failure-occupancy,11. Atomic reservation moves,443,1,"1,2,3,4",systems-engineer,systems-engineer,independent-verifier,,Any failed batch leaves all occupancy unchanged.,f5e0a532dcf6c2f0c44eb32d5213a9bf7812c250,black-box HTTP,batch,python3 /verifier/probe.py --base http://independent-verifier-s1-f5e0a532dcf6-20261004t024727-source:18309 --peer http://independent-verifier-s1-f5e0a532dcf6-20261004t024727-peer:8080 --candidate f5e0a532dcf6c2f0c44eb32d5213a9bf7812c250 --out /evidence/probes --case all,/evidence/probes/assertions.json#TK1-batch-failure-occupancy,verified
TK1-batch-failure-keys,11. Atomic reservation moves,443,1,"1,2,3,4",systems-engineer,systems-engineer,independent-verifier,,Any failed batch leaves its retry key reusable.,f5e0a532dcf6c2f0c44eb32d5213a9bf7812c250,black-box HTTP,batch,python3 /verifier/probe.py --base http://independent-verifier-s1-f5e0a532dcf6-20261004t024727-source:18309 --peer http://independent-verifier-s1-f5e0a532dcf6-20261004t024727-peer:8080 --candidate f5e0a532dcf6c2f0c44eb32d5213a9bf7812c250 --out /evidence/probes --case all,/evidence/probes/assertions.json#TK1-batch-failure-keys,verified
TK1-batch-response-order,11. Atomic reservation moves,443,1,"1,2,3,4",systems-engineer,systems-engineer,independent-verifier,,Successful batch returns every member in input order.,f5e0a532dcf6c2f0c44eb32d5213a9bf7812c250,black-box HTTP,batch,python3 /verifier/probe.py --base http://independent-verifier-s1-f5e0a532dcf6-20261004t024727-source:18309 --peer http://independent-verifier-s1-f5e0a532dcf6-20261004t024727-peer:8080 --candidate f5e0a532dcf6c2f0c44eb32d5213a9bf7812c250 --out /evidence/probes --case all,/evidence/probes/assertions.json#TK1-batch-response-order,verified
TK1-batch-response-unchanged,11. Atomic reservation moves,443,1,"1,2,3,4",systems-engineer,systems-engineer,independent-verifier,,Successful batch includes unchanged members.,f5e0a532dcf6c2f0c44eb32d5213a9bf7812c250,black-box HTTP,batch,python3 /verifier/probe.py --base http://independent-verifier-s1-f5e0a532dcf6-20261004t024727-source:18309 --peer http://independent-verifier-s1-f5e0a532dcf6-20261004t024727-peer:8080 --candidate f5e0a532dcf6c2f0c44eb32d5213a9bf7812c250 --out /evidence/probes --case all,/evidence/probes/assertions.json#TK1-batch-response-unchanged,verified
TK1-batch-noop,11. Atomic reservation moves,443,1,"1,2,3,4",systems-engineer,systems-engineer,independent-verifier,,No-op moves retain every existing value.,f5e0a532dcf6c2f0c44eb32d5213a9bf7812c250,black-box HTTP,batch,python3 /verifier/probe.py --base http://independent-verifier-s1-f5e0a532dcf6-20261004t024727-source:18309 --peer http://independent-verifier-s1-f5e0a532dcf6-20261004t024727-peer:8080 --candidate f5e0a532dcf6c2f0c44eb32d5213a9bf7812c250 --out /evidence/probes --case all,/evidence/probes/assertions.json#TK1-batch-noop,verified
TK1-source-provenance,Stage 1 preamble / participant guide,5,1,"1,2,3,4",systems-engineer,systems-engineer,independent-verifier,,"Implementation derives from supplied requirements, not existing domain-product source/API/schema.",f5e0a532dcf6c2f0c44eb32d5213a9bf7812c250,"commit history, room handoff and official isolated harness",provenance,python3 evidence/independent-verifier/stage-1/runtime.py --repo RESULT_REPOSITORY --workspace WORKSPACE_ROOT --candidate FULL_REVISION --out NEW_DIRECTORY,UNVERIFIED,unverified
TK1-complete-clone,Stage 1 preamble / participant guide,5,1,"1,2,3,4",systems-engineer,systems-engineer,independent-verifier,,"Deliverable contains all required committed files; no nested Git repos, submodules or escaping symlinks.",f5e0a532dcf6c2f0c44eb32d5213a9bf7812c250,"commit history, room handoff and official isolated harness",provenance,python3 evidence/independent-verifier/stage-1/runtime.py --repo RESULT_REPOSITORY --workspace WORKSPACE_ROOT --candidate FULL_REVISION --out NEW_DIRECTORY,UNVERIFIED,unverified
TK1-two-builders,Stage 1 preamble / participant guide,5,1,"1,2,3,4",systems-engineer,systems-engineer,independent-verifier,,Both designated builders contribute substantive committed work in the Band room.,f5e0a532dcf6c2f0c44eb32d5213a9bf7812c250,"commit history, room handoff and official isolated harness",provenance,python3 evidence/independent-verifier/stage-1/runtime.py --repo RESULT_REPOSITORY --workspace WORKSPACE_ROOT --candidate FULL_REVISION --out NEW_DIRECTORY,UNVERIFIED,unverified
TK1-history-preserved,Stage 1 preamble / participant guide,5,1,"1,2,3,4",systems-engineer,systems-engineer,independent-verifier,,Implementation history and failure/repair evidence remain intact without rewriting.,f5e0a532dcf6c2f0c44eb32d5213a9bf7812c250,"commit history, room handoff and official isolated harness",provenance,python3 evidence/independent-verifier/stage-1/runtime.py --repo RESULT_REPOSITORY --workspace WORKSPACE_ROOT --candidate FULL_REVISION --out NEW_DIRECTORY,UNVERIFIED,unverified
TK1-own-stage,Stage 1 preamble / participant guide,5,1,"1,2,3,4",systems-engineer,systems-engineer,independent-verifier,,Stage 1 implements its own stage; official overshoot does not establish Stage 2.,f5e0a532dcf6c2f0c44eb32d5213a9bf7812c250,"commit history, room handoff and official isolated harness",provenance,python3 evidence/independent-verifier/stage-1/runtime.py --repo RESULT_REPOSITORY --workspace WORKSPACE_ROOT --candidate FULL_REVISION --out NEW_DIRECTORY,UNVERIFIED,unverified
TK1-reset-missing-user-id,4. Fixture format / 5. Errors,109,1,"1,2,3,4",systems-engineer,systems-engineer,independent-verifier,,Required fixture user.id missing returns 422 validation_failed.,f5e0a532dcf6c2f0c44eb32d5213a9bf7812c250,black-box HTTP,extra,python3 /verifier/probe.py --base http://independent-verifier-s1-f5e0a532dcf6-20261004t024727-source:18309 --peer http://independent-verifier-s1-f5e0a532dcf6-20261004t024727-peer:8080 --candidate f5e0a532dcf6c2f0c44eb32d5213a9bf7812c250 --out /evidence/probes --case all,/evidence/probes/assertions.json#TK1-reset-missing-user-id,verified
TK1-reset-type-user-id-number,4. Fixture format / 5. Errors,169,1,"1,2,3,4",systems-engineer,systems-engineer,independent-verifier,,Fixture user.id of wrong type number returns 400 malformed_request.,f5e0a532dcf6c2f0c44eb32d5213a9bf7812c250,black-box HTTP,extra,python3 /verifier/probe.py --base http://independent-verifier-s1-f5e0a532dcf6-20261004t024727-source:18309 --peer http://independent-verifier-s1-f5e0a532dcf6-20261004t024727-peer:8080 --candidate f5e0a532dcf6c2f0c44eb32d5213a9bf7812c250 --out /evidence/probes --case all,/evidence/probes/assertions.json#TK1-reset-type-user-id-number,verified
TK1-reset-type-user-id-bool,4. Fixture format / 5. Errors,169,1,"1,2,3,4",systems-engineer,systems-engineer,independent-verifier,,Fixture user.id of wrong type bool returns 400 malformed_request.,f5e0a532dcf6c2f0c44eb32d5213a9bf7812c250,black-box HTTP,extra,python3 /verifier/probe.py --base http://independent-verifier-s1-f5e0a532dcf6-20261004t024727-source:18309 --peer http://independent-verifier-s1-f5e0a532dcf6-20261004t024727-peer:8080 --candidate f5e0a532dcf6c2f0c44eb32d5213a9bf7812c250 --out /evidence/probes --case all,/evidence/probes/assertions.json#TK1-reset-type-user-id-bool,verified
TK1-reset-type-user-id-array,4. Fixture format / 5. Errors,169,1,"1,2,3,4",systems-engineer,systems-engineer,independent-verifier,,Fixture user.id of wrong type array returns 400 malformed_request.,f5e0a532dcf6c2f0c44eb32d5213a9bf7812c250,black-box HTTP,extra,python3 /verifier/probe.py --base http://independent-verifier-s1-f5e0a532dcf6-20261004t024727-source:18309 --peer http://independent-verifier-s1-f5e0a532dcf6-20261004t024727-peer:8080 --candidate f5e0a532dcf6c2f0c44eb32d5213a9bf7812c250 --out /evidence/probes --case all,/evidence/probes/assertions.json#TK1-reset-type-user-id-array,verified
TK1-reset-type-user-id-object,4. Fixture format / 5. Errors,169,1,"1,2,3,4",systems-engineer,systems-engineer,independent-verifier,,Fixture user.id of wrong type object returns 400 malformed_request.,f5e0a532dcf6c2f0c44eb32d5213a9bf7812c250,black-box HTTP,extra,python3 /verifier/probe.py --base http://independent-verifier-s1-f5e0a532dcf6-20261004t024727-source:18309 --peer http://independent-verifier-s1-f5e0a532dcf6-20261004t024727-peer:8080 --candidate f5e0a532dcf6c2f0c44eb32d5213a9bf7812c250 --out /evidence/probes --case all,/evidence/probes/assertions.json#TK1-reset-type-user-id-object,verified
TK1-reset-type-user-id-null,4. Fixture format / 5. Errors,169,1,"1,2,3,4",systems-engineer,systems-engineer,independent-verifier,,Fixture user.id of wrong type null returns 400 malformed_request.,f5e0a532dcf6c2f0c44eb32d5213a9bf7812c250,black-box HTTP,extra,python3 /verifier/probe.py --base http://independent-verifier-s1-f5e0a532dcf6-20261004t024727-source:18309 --peer http://independent-verifier-s1-f5e0a532dcf6-20261004t024727-peer:8080 --candidate f5e0a532dcf6c2f0c44eb32d5213a9bf7812c250 --out /evidence/probes --case all,/evidence/probes/assertions.json#TK1-reset-type-user-id-null,verified
TK1-reset-missing-user-email,4. Fixture format / 5. Errors,109,1,"1,2,3,4",systems-engineer,systems-engineer,independent-verifier,,Required fixture user.email missing returns 422 validation_failed.,f5e0a532dcf6c2f0c44eb32d5213a9bf7812c250,black-box HTTP,extra,python3 /verifier/probe.py --base http://independent-verifier-s1-f5e0a532dcf6-20261004t024727-source:18309 --peer http://independent-verifier-s1-f5e0a532dcf6-20261004t024727-peer:8080 --candidate f5e0a532dcf6c2f0c44eb32d5213a9bf7812c250 --out /evidence/probes --case all,/evidence/probes/assertions.json#TK1-reset-missing-user-email,verified
TK1-reset-type-user-email-number,4. Fixture format / 5. Errors,169,1,"1,2,3,4",systems-engineer,systems-engineer,independent-verifier,,Fixture user.email of wrong type number returns 400 malformed_request.,f5e0a532dcf6c2f0c44eb32d5213a9bf7812c250,black-box HTTP,extra,python3 /verifier/probe.py --base http://independent-verifier-s1-f5e0a532dcf6-20261004t024727-source:18309 --peer http://independent-verifier-s1-f5e0a532dcf6-20261004t024727-peer:8080 --candidate f5e0a532dcf6c2f0c44eb32d5213a9bf7812c250 --out /evidence/probes --case all,/evidence/probes/assertions.json#TK1-reset-type-user-email-number,verified
TK1-reset-type-user-email-bool,4. Fixture format / 5. Errors,169,1,"1,2,3,4",systems-engineer,systems-engineer,independent-verifier,,Fixture user.email of wrong type bool returns 400 malformed_request.,f5e0a532dcf6c2f0c44eb32d5213a9bf7812c250,black-box HTTP,extra,python3 /verifier/probe.py --base http://independent-verifier-s1-f5e0a532dcf6-20261004t024727-source:18309 --peer http://independent-verifier-s1-f5e0a532dcf6-20261004t024727-peer:8080 --candidate f5e0a532dcf6c2f0c44eb32d5213a9bf7812c250 --out /evidence/probes --case all,/evidence/probes/assertions.json#TK1-reset-type-user-email-bool,verified
TK1-reset-type-user-email-array,4. Fixture format / 5. Errors,169,1,"1,2,3,4",systems-engineer,systems-engineer,independent-verifier,,Fixture user.email of wrong type array returns 400 malformed_request.,f5e0a532dcf6c2f0c44eb32d5213a9bf7812c250,black-box HTTP,extra,python3 /verifier/probe.py --base http://independent-verifier-s1-f5e0a532dcf6-20261004t024727-source:18309 --peer http://independent-verifier-s1-f5e0a532dcf6-20261004t024727-peer:8080 --candidate f5e0a532dcf6c2f0c44eb32d5213a9bf7812c250 --out /evidence/probes --case all,/evidence/probes/assertions.json#TK1-reset-type-user-email-array,verified
TK1-reset-type-user-email-object,4. Fixture format / 5. Errors,169,1,"1,2,3,4",systems-engineer,systems-engineer,independent-verifier,,Fixture user.email of wrong type object returns 400 malformed_request.,f5e0a532dcf6c2f0c44eb32d5213a9bf7812c250,black-box HTTP,extra,python3 /verifier/probe.py --base http://independent-verifier-s1-f5e0a532dcf6-20261004t024727-source:18309 --peer http://independent-verifier-s1-f5e0a532dcf6-20261004t024727-peer:8080 --candidate f5e0a532dcf6c2f0c44eb32d5213a9bf7812c250 --out /evidence/probes --case all,/evidence/probes/assertions.json#TK1-reset-type-user-email-object,verified
TK1-reset-type-user-email-null,4. Fixture format / 5. Errors,169,1,"1,2,3,4",systems-engineer,systems-engineer,independent-verifier,,Fixture user.email of wrong type null returns 400 malformed_request.,f5e0a532dcf6c2f0c44eb32d5213a9bf7812c250,black-box HTTP,extra,python3 /verifier/probe.py --base http://independent-verifier-s1-f5e0a532dcf6-20261004t024727-source:18309 --peer http://independent-verifier-s1-f5e0a532dcf6-20261004t024727-peer:8080 --candidate f5e0a532dcf6c2f0c44eb32d5213a9bf7812c250 --out /evidence/probes --case all,/evidence/probes/assertions.json#TK1-reset-type-user-email-null,verified
TK1-reset-missing-user-password,4. Fixture format / 5. Errors,109,1,"1,2,3,4",systems-engineer,systems-engineer,independent-verifier,,Required fixture user.password missing returns 422 validation_failed.,f5e0a532dcf6c2f0c44eb32d5213a9bf7812c250,black-box HTTP,extra,python3 /verifier/probe.py --base http://independent-verifier-s1-f5e0a532dcf6-20261004t024727-source:18309 --peer http://independent-verifier-s1-f5e0a532dcf6-20261004t024727-peer:8080 --candidate f5e0a532dcf6c2f0c44eb32d5213a9bf7812c250 --out /evidence/probes --case all,/evidence/probes/assertions.json#TK1-reset-missing-user-password,verified
TK1-reset-type-user-password-number,4. Fixture format / 5. Errors,169,1,"1,2,3,4",systems-engineer,systems-engineer,independent-verifier,,Fixture user.password of wrong type number returns 400 malformed_request.,f5e0a532dcf6c2f0c44eb32d5213a9bf7812c250,black-box HTTP,extra,python3 /verifier/probe.py --base http://independent-verifier-s1-f5e0a532dcf6-20261004t024727-source:18309 --peer http://independent-verifier-s1-f5e0a532dcf6-20261004t024727-peer:8080 --candidate f5e0a532dcf6c2f0c44eb32d5213a9bf7812c250 --out /evidence/probes --case all,/evidence/probes/assertions.json#TK1-reset-type-user-password-number,verified
TK1-reset-type-user-password-bool,4. Fixture format / 5. Errors,169,1,"1,2,3,4",systems-engineer,systems-engineer,independent-verifier,,Fixture user.password of wrong type bool returns 400 malformed_request.,f5e0a532dcf6c2f0c44eb32d5213a9bf7812c250,black-box HTTP,extra,python3 /verifier/probe.py --base http://independent-verifier-s1-f5e0a532dcf6-20261004t024727-source:18309 --peer http://independent-verifier-s1-f5e0a532dcf6-20261004t024727-peer:8080 --candidate f5e0a532dcf6c2f0c44eb32d5213a9bf7812c250 --out /evidence/probes --case all,/evidence/probes/assertions.json#TK1-reset-type-user-password-bool,verified
TK1-reset-type-user-password-array,4. Fixture format / 5. Errors,169,1,"1,2,3,4",systems-engineer,systems-engineer,independent-verifier,,Fixture user.password of wrong type array returns 400 malformed_request.,f5e0a532dcf6c2f0c44eb32d5213a9bf7812c250,black-box HTTP,extra,python3 /verifier/probe.py --base http://independent-verifier-s1-f5e0a532dcf6-20261004t024727-source:18309 --peer http://independent-verifier-s1-f5e0a532dcf6-20261004t024727-peer:8080 --candidate f5e0a532dcf6c2f0c44eb32d5213a9bf7812c250 --out /evidence/probes --case all,/evidence/probes/assertions.json#TK1-reset-type-user-password-array,verified
TK1-reset-type-user-password-object,4. Fixture format / 5. Errors,169,1,"1,2,3,4",systems-engineer,systems-engineer,independent-verifier,,Fixture user.password of wrong type object returns 400 malformed_request.,f5e0a532dcf6c2f0c44eb32d5213a9bf7812c250,black-box HTTP,extra,python3 /verifier/probe.py --base http://independent-verifier-s1-f5e0a532dcf6-20261004t024727-source:18309 --peer http://independent-verifier-s1-f5e0a532dcf6-20261004t024727-peer:8080 --candidate f5e0a532dcf6c2f0c44eb32d5213a9bf7812c250 --out /evidence/probes --case all,/evidence/probes/assertions.json#TK1-reset-type-user-password-object,verified
TK1-reset-type-user-password-null,4. Fixture format / 5. Errors,169,1,"1,2,3,4",systems-engineer,systems-engineer,independent-verifier,,Fixture user.password of wrong type null returns 400 malformed_request.,f5e0a532dcf6c2f0c44eb32d5213a9bf7812c250,black-box HTTP,extra,python3 /verifier/probe.py --base http://independent-verifier-s1-f5e0a532dcf6-20261004t024727-source:18309 --peer http://independent-verifier-s1-f5e0a532dcf6-20261004t024727-peer:8080 --candidate f5e0a532dcf6c2f0c44eb32d5213a9bf7812c250 --out /evidence/probes --case all,/evidence/probes/assertions.json#TK1-reset-type-user-password-null,verified
TK1-reset-missing-user-display_name,4. Fixture format / 5. Errors,109,1,"1,2,3,4",systems-engineer,systems-engineer,independent-verifier,,Required fixture user.display_name missing returns 422 validation_failed.,f5e0a532dcf6c2f0c44eb32d5213a9bf7812c250,black-box HTTP,extra,python3 /verifier/probe.py --base http://independent-verifier-s1-f5e0a532dcf6-20261004t024727-source:18309 --peer http://independent-verifier-s1-f5e0a532dcf6-20261004t024727-peer:8080 --candidate f5e0a532dcf6c2f0c44eb32d5213a9bf7812c250 --out /evidence/probes --case all,/evidence/probes/assertions.json#TK1-reset-missing-user-display_name,verified
TK1-reset-type-user-display_name-number,4. Fixture format / 5. Errors,169,1,"1,2,3,4",systems-engineer,systems-engineer,independent-verifier,,Fixture user.display_name of wrong type number returns 400 malformed_request.,f5e0a532dcf6c2f0c44eb32d5213a9bf7812c250,black-box HTTP,extra,python3 /verifier/probe.py --base http://independent-verifier-s1-f5e0a532dcf6-20261004t024727-source:18309 --peer http://independent-verifier-s1-f5e0a532dcf6-20261004t024727-peer:8080 --candidate f5e0a532dcf6c2f0c44eb32d5213a9bf7812c250 --out /evidence/probes --case all,/evidence/probes/assertions.json#TK1-reset-type-user-display_name-number,verified
TK1-reset-type-user-display_name-bool,4. Fixture format / 5. Errors,169,1,"1,2,3,4",systems-engineer,systems-engineer,independent-verifier,,Fixture user.display_name of wrong type bool returns 400 malformed_request.,f5e0a532dcf6c2f0c44eb32d5213a9bf7812c250,black-box HTTP,extra,python3 /verifier/probe.py --base http://independent-verifier-s1-f5e0a532dcf6-20261004t024727-source:18309 --peer http://independent-verifier-s1-f5e0a532dcf6-20261004t024727-peer:8080 --candidate f5e0a532dcf6c2f0c44eb32d5213a9bf7812c250 --out /evidence/probes --case all,/evidence/probes/assertions.json#TK1-reset-type-user-display_name-bool,verified
TK1-reset-type-user-display_name-array,4. Fixture format / 5. Errors,169,1,"1,2,3,4",systems-engineer,systems-engineer,independent-verifier,,Fixture user.display_name of wrong type array returns 400 malformed_request.,f5e0a532dcf6c2f0c44eb32d5213a9bf7812c250,black-box HTTP,extra,python3 /verifier/probe.py --base http://independent-verifier-s1-f5e0a532dcf6-20261004t024727-source:18309 --peer http://independent-verifier-s1-f5e0a532dcf6-20261004t024727-peer:8080 --candidate f5e0a532dcf6c2f0c44eb32d5213a9bf7812c250 --out /evidence/probes --case all,/evidence/probes/assertions.json#TK1-reset-type-user-display_name-array,verified
TK1-reset-type-user-display_name-object,4. Fixture format / 5. Errors,169,1,"1,2,3,4",systems-engineer,systems-engineer,independent-verifier,,Fixture user.display_name of wrong type object returns 400 malformed_request.,f5e0a532dcf6c2f0c44eb32d5213a9bf7812c250,black-box HTTP,extra,python3 /verifier/probe.py --base http://independent-verifier-s1-f5e0a532dcf6-20261004t024727-source:18309 --peer http://independent-verifier-s1-f5e0a532dcf6-20261004t024727-peer:8080 --candidate f5e0a532dcf6c2f0c44eb32d5213a9bf7812c250 --out /evidence/probes --case all,/evidence/probes/assertions.json#TK1-reset-type-user-display_name-object,verified
TK1-reset-type-user-display_name-null,4. Fixture format / 5. Errors,169,1,"1,2,3,4",systems-engineer,systems-engineer,independent-verifier,,Fixture user.display_name of wrong type null returns 400 malformed_request.,f5e0a532dcf6c2f0c44eb32d5213a9bf7812c250,black-box HTTP,extra,python3 /verifier/probe.py --base http://independent-verifier-s1-f5e0a532dcf6-20261004t024727-source:18309 --peer http://independent-verifier-s1-f5e0a532dcf6-20261004t024727-peer:8080 --candidate f5e0a532dcf6c2f0c44eb32d5213a9bf7812c250 --out /evidence/probes --case all,/evidence/probes/assertions.json#TK1-reset-type-user-display_name-null,verified
TK1-reset-missing-restaurant-id,4. Fixture format / 5. Errors,109,1,"1,2,3,4",systems-engineer,systems-engineer,independent-verifier,,Required fixture restaurant.id missing returns 422 validation_failed.,f5e0a532dcf6c2f0c44eb32d5213a9bf7812c250,black-box HTTP,extra,python3 /verifier/probe.py --base http://independent-verifier-s1-f5e0a532dcf6-20261004t024727-source:18309 --peer http://independent-verifier-s1-f5e0a532dcf6-20261004t024727-peer:8080 --candidate f5e0a532dcf6c2f0c44eb32d5213a9bf7812c250 --out /evidence/probes --case all,/evidence/probes/assertions.json#TK1-reset-missing-restaurant-id,verified
TK1-reset-type-restaurant-id-number,4. Fixture format / 5. Errors,169,1,"1,2,3,4",systems-engineer,systems-engineer,independent-verifier,,Fixture restaurant.id of wrong type number returns 400 malformed_request.,f5e0a532dcf6c2f0c44eb32d5213a9bf7812c250,black-box HTTP,extra,python3 /verifier/probe.py --base http://independent-verifier-s1-f5e0a532dcf6-20261004t024727-source:18309 --peer http://independent-verifier-s1-f5e0a532dcf6-20261004t024727-peer:8080 --candidate f5e0a532dcf6c2f0c44eb32d5213a9bf7812c250 --out /evidence/probes --case all,/evidence/probes/assertions.json#TK1-reset-type-restaurant-id-number,verified
TK1-reset-type-restaurant-id-bool,4. Fixture format / 5. Errors,169,1,"1,2,3,4",systems-engineer,systems-engineer,independent-verifier,,Fixture restaurant.id of wrong type bool returns 400 malformed_request.,f5e0a532dcf6c2f0c44eb32d5213a9bf7812c250,black-box HTTP,extra,python3 /verifier/probe.py --base http://independent-verifier-s1-f5e0a532dcf6-20261004t024727-source:18309 --peer http://independent-verifier-s1-f5e0a532dcf6-20261004t024727-peer:8080 --candidate f5e0a532dcf6c2f0c44eb32d5213a9bf7812c250 --out /evidence/probes --case all,/evidence/probes/assertions.json#TK1-reset-type-restaurant-id-bool,verified
TK1-reset-type-restaurant-id-array,4. Fixture format / 5. Errors,169,1,"1,2,3,4",systems-engineer,systems-engineer,independent-verifier,,Fixture restaurant.id of wrong type array returns 400 malformed_request.,f5e0a532dcf6c2f0c44eb32d5213a9bf7812c250,black-box HTTP,extra,python3 /verifier/probe.py --base http://independent-verifier-s1-f5e0a532dcf6-20261004t024727-source:18309 --peer http://independent-verifier-s1-f5e0a532dcf6-20261004t024727-peer:8080 --candidate f5e0a532dcf6c2f0c44eb32d5213a9bf7812c250 --out /evidence/probes --case all,/evidence/probes/assertions.json#TK1-reset-type-restaurant-id-array,verified
TK1-reset-type-restaurant-id-object,4. Fixture format / 5. Errors,169,1,"1,2,3,4",systems-engineer,systems-engineer,independent-verifier,,Fixture restaurant.id of wrong type object returns 400 malformed_request.,f5e0a532dcf6c2f0c44eb32d5213a9bf7812c250,black-box HTTP,extra,python3 /verifier/probe.py --base http://independent-verifier-s1-f5e0a532dcf6-20261004t024727-source:18309 --peer http://independent-verifier-s1-f5e0a532dcf6-20261004t024727-peer:8080 --candidate f5e0a532dcf6c2f0c44eb32d5213a9bf7812c250 --out /evidence/probes --case all,/evidence/probes/assertions.json#TK1-reset-type-restaurant-id-object,verified
TK1-reset-type-restaurant-id-null,4. Fixture format / 5. Errors,169,1,"1,2,3,4",systems-engineer,systems-engineer,independent-verifier,,Fixture restaurant.id of wrong type null returns 400 malformed_request.,f5e0a532dcf6c2f0c44eb32d5213a9bf7812c250,black-box HTTP,extra,python3 /verifier/probe.py --base http://independent-verifier-s1-f5e0a532dcf6-20261004t024727-source:18309 --peer http://independent-verifier-s1-f5e0a532dcf6-20261004t024727-peer:8080 --candidate f5e0a532dcf6c2f0c44eb32d5213a9bf7812c250 --out /evidence/probes --case all,/evidence/probes/assertions.json#TK1-reset-type-restaurant-id-null,verified
TK1-reset-missing-restaurant-name,4. Fixture format / 5. Errors,109,1,"1,2,3,4",systems-engineer,systems-engineer,independent-verifier,,Required fixture restaurant.name missing returns 422 validation_failed.,f5e0a532dcf6c2f0c44eb32d5213a9bf7812c250,black-box HTTP,extra,python3 /verifier/probe.py --base http://independent-verifier-s1-f5e0a532dcf6-20261004t024727-source:18309 --peer http://independent-verifier-s1-f5e0a532dcf6-20261004t024727-peer:8080 --candidate f5e0a532dcf6c2f0c44eb32d5213a9bf7812c250 --out /evidence/probes --case all,/evidence/probes/assertions.json#TK1-reset-missing-restaurant-name,verified
TK1-reset-type-restaurant-name-number,4. Fixture format / 5. Errors,169,1,"1,2,3,4",systems-engineer,systems-engineer,independent-verifier,,Fixture restaurant.name of wrong type number returns 400 malformed_request.,f5e0a532dcf6c2f0c44eb32d5213a9bf7812c250,black-box HTTP,extra,python3 /verifier/probe.py --base http://independent-verifier-s1-f5e0a532dcf6-20261004t024727-source:18309 --peer http://independent-verifier-s1-f5e0a532dcf6-20261004t024727-peer:8080 --candidate f5e0a532dcf6c2f0c44eb32d5213a9bf7812c250 --out /evidence/probes --case all,/evidence/probes/assertions.json#TK1-reset-type-restaurant-name-number,verified
TK1-reset-type-restaurant-name-bool,4. Fixture format / 5. Errors,169,1,"1,2,3,4",systems-engineer,systems-engineer,independent-verifier,,Fixture restaurant.name of wrong type bool returns 400 malformed_request.,f5e0a532dcf6c2f0c44eb32d5213a9bf7812c250,black-box HTTP,extra,python3 /verifier/probe.py --base http://independent-verifier-s1-f5e0a532dcf6-20261004t024727-source:18309 --peer http://independent-verifier-s1-f5e0a532dcf6-20261004t024727-peer:8080 --candidate f5e0a532dcf6c2f0c44eb32d5213a9bf7812c250 --out /evidence/probes --case all,/evidence/probes/assertions.json#TK1-reset-type-restaurant-name-bool,verified
TK1-reset-type-restaurant-name-array,4. Fixture format / 5. Errors,169,1,"1,2,3,4",systems-engineer,systems-engineer,independent-verifier,,Fixture restaurant.name of wrong type array returns 400 malformed_request.,f5e0a532dcf6c2f0c44eb32d5213a9bf7812c250,black-box HTTP,extra,python3 /verifier/probe.py --base http://independent-verifier-s1-f5e0a532dcf6-20261004t024727-source:18309 --peer http://independent-verifier-s1-f5e0a532dcf6-20261004t024727-peer:8080 --candidate f5e0a532dcf6c2f0c44eb32d5213a9bf7812c250 --out /evidence/probes --case all,/evidence/probes/assertions.json#TK1-reset-type-restaurant-name-array,verified
TK1-reset-type-restaurant-name-object,4. Fixture format / 5. Errors,169,1,"1,2,3,4",systems-engineer,systems-engineer,independent-verifier,,Fixture restaurant.name of wrong type object returns 400 malformed_request.,f5e0a532dcf6c2f0c44eb32d5213a9bf7812c250,black-box HTTP,extra,python3 /verifier/probe.py --base http://independent-verifier-s1-f5e0a532dcf6-20261004t024727-source:18309 --peer http://independent-verifier-s1-f5e0a532dcf6-20261004t024727-peer:8080 --candidate f5e0a532dcf6c2f0c44eb32d5213a9bf7812c250 --out /evidence/probes --case all,/evidence/probes/assertions.json#TK1-reset-type-restaurant-name-object,verified
TK1-reset-type-restaurant-name-null,4. Fixture format / 5. Errors,169,1,"1,2,3,4",systems-engineer,systems-engineer,independent-verifier,,Fixture restaurant.name of wrong type null returns 400 malformed_request.,f5e0a532dcf6c2f0c44eb32d5213a9bf7812c250,black-box HTTP,extra,python3 /verifier/probe.py --base http://independent-verifier-s1-f5e0a532dcf6-20261004t024727-source:18309 --peer http://independent-verifier-s1-f5e0a532dcf6-20261004t024727-peer:8080 --candidate f5e0a532dcf6c2f0c44eb32d5213a9bf7812c250 --out /evidence/probes --case all,/evidence/probes/assertions.json#TK1-reset-type-restaurant-name-null,verified
TK1-reset-missing-restaurant-timezone,4. Fixture format / 5. Errors,109,1,"1,2,3,4",systems-engineer,systems-engineer,independent-verifier,,Required fixture restaurant.timezone missing returns 422 validation_failed.,f5e0a532dcf6c2f0c44eb32d5213a9bf7812c250,black-box HTTP,extra,python3 /verifier/probe.py --base http://independent-verifier-s1-f5e0a532dcf6-20261004t024727-source:18309 --peer http://independent-verifier-s1-f5e0a532dcf6-20261004t024727-peer:8080 --candidate f5e0a532dcf6c2f0c44eb32d5213a9bf7812c250 --out /evidence/probes --case all,/evidence/probes/assertions.json#TK1-reset-missing-restaurant-timezone,verified
TK1-reset-type-restaurant-timezone-number,4. Fixture format / 5. Errors,169,1,"1,2,3,4",systems-engineer,systems-engineer,independent-verifier,,Fixture restaurant.timezone of wrong type number returns 400 malformed_request.,f5e0a532dcf6c2f0c44eb32d5213a9bf7812c250,black-box HTTP,extra,python3 /verifier/probe.py --base http://independent-verifier-s1-f5e0a532dcf6-20261004t024727-source:18309 --peer http://independent-verifier-s1-f5e0a532dcf6-20261004t024727-peer:8080 --candidate f5e0a532dcf6c2f0c44eb32d5213a9bf7812c250 --out /evidence/probes --case all,/evidence/probes/assertions.json#TK1-reset-type-restaurant-timezone-number,verified
TK1-reset-type-restaurant-timezone-bool,4. Fixture format / 5. Errors,169,1,"1,2,3,4",systems-engineer,systems-engineer,independent-verifier,,Fixture restaurant.timezone of wrong type bool returns 400 malformed_request.,f5e0a532dcf6c2f0c44eb32d5213a9bf7812c250,black-box HTTP,extra,python3 /verifier/probe.py --base http://independent-verifier-s1-f5e0a532dcf6-20261004t024727-source:18309 --peer http://independent-verifier-s1-f5e0a532dcf6-20261004t024727-peer:8080 --candidate f5e0a532dcf6c2f0c44eb32d5213a9bf7812c250 --out /evidence/probes --case all,/evidence/probes/assertions.json#TK1-reset-type-restaurant-timezone-bool,verified
TK1-reset-type-restaurant-timezone-array,4. Fixture format / 5. Errors,169,1,"1,2,3,4",systems-engineer,systems-engineer,independent-verifier,,Fixture restaurant.timezone of wrong type array returns 400 malformed_request.,f5e0a532dcf6c2f0c44eb32d5213a9bf7812c250,black-box HTTP,extra,python3 /verifier/probe.py --base http://independent-verifier-s1-f5e0a532dcf6-20261004t024727-source:18309 --peer http://independent-verifier-s1-f5e0a532dcf6-20261004t024727-peer:8080 --candidate f5e0a532dcf6c2f0c44eb32d5213a9bf7812c250 --out /evidence/probes --case all,/evidence/probes/assertions.json#TK1-reset-type-restaurant-timezone-array,verified
TK1-reset-type-restaurant-timezone-object,4. Fixture format / 5. Errors,169,1,"1,2,3,4",systems-engineer,systems-engineer,independent-verifier,,Fixture restaurant.timezone of wrong type object returns 400 malformed_request.,f5e0a532dcf6c2f0c44eb32d5213a9bf7812c250,black-box HTTP,extra,python3 /verifier/probe.py --base http://independent-verifier-s1-f5e0a532dcf6-20261004t024727-source:18309 --peer http://independent-verifier-s1-f5e0a532dcf6-20261004t024727-peer:8080 --candidate f5e0a532dcf6c2f0c44eb32d5213a9bf7812c250 --out /evidence/probes --case all,/evidence/probes/assertions.json#TK1-reset-type-restaurant-timezone-object,verified
TK1-reset-type-restaurant-timezone-null,4. Fixture format / 5. Errors,169,1,"1,2,3,4",systems-engineer,systems-engineer,independent-verifier,,Fixture restaurant.timezone of wrong type null returns 400 malformed_request.,f5e0a532dcf6c2f0c44eb32d5213a9bf7812c250,black-box HTTP,extra,python3 /verifier/probe.py --base http://independent-verifier-s1-f5e0a532dcf6-20261004t024727-source:18309 --peer http://independent-verifier-s1-f5e0a532dcf6-20261004t024727-peer:8080 --candidate f5e0a532dcf6c2f0c44eb32d5213a9bf7812c250 --out /evidence/probes --case all,/evidence/probes/assertions.json#TK1-reset-type-restaurant-timezone-null,verified
TK1-reset-missing-restaurant-slot_minutes,4. Fixture format / 5. Errors,109,1,"1,2,3,4",systems-engineer,systems-engineer,independent-verifier,,Required fixture restaurant.slot_minutes missing returns 422 validation_failed.,f5e0a532dcf6c2f0c44eb32d5213a9bf7812c250,black-box HTTP,extra,python3 /verifier/probe.py --base http://independent-verifier-s1-f5e0a532dcf6-20261004t024727-source:18309 --peer http://independent-verifier-s1-f5e0a532dcf6-20261004t024727-peer:8080 --candidate f5e0a532dcf6c2f0c44eb32d5213a9bf7812c250 --out /evidence/probes --case all,/evidence/probes/assertions.json#TK1-reset-missing-restaurant-slot_minutes,verified
TK1-reset-type-restaurant-slot_minutes-string,4. Fixture format / 5. Errors,169,1,"1,2,3,4",systems-engineer,systems-engineer,independent-verifier,,Fixture restaurant.slot_minutes of wrong type string returns 400 malformed_request.,f5e0a532dcf6c2f0c44eb32d5213a9bf7812c250,black-box HTTP,extra,python3 /verifier/probe.py --base http://independent-verifier-s1-f5e0a532dcf6-20261004t024727-source:18309 --peer http://independent-verifier-s1-f5e0a532dcf6-20261004t024727-peer:8080 --candidate f5e0a532dcf6c2f0c44eb32d5213a9bf7812c250 --out /evidence/probes --case all,/evidence/probes/assertions.json#TK1-reset-type-restaurant-slot_minutes-string,verified
TK1-reset-type-restaurant-slot_minutes-bool,4. Fixture format / 5. Errors,169,1,"1,2,3,4",systems-engineer,systems-engineer,independent-verifier,,Fixture restaurant.slot_minutes of wrong type bool returns 400 malformed_request.,f5e0a532dcf6c2f0c44eb32d5213a9bf7812c250,black-box HTTP,extra,python3 /verifier/probe.py --base http://independent-verifier-s1-f5e0a532dcf6-20261004t024727-source:18309 --peer http://independent-verifier-s1-f5e0a532dcf6-20261004t024727-peer:8080 --candidate f5e0a532dcf6c2f0c44eb32d5213a9bf7812c250 --out /evidence/probes --case all,/evidence/probes/assertions.json#TK1-reset-type-restaurant-slot_minutes-bool,verified
TK1-reset-type-restaurant-slot_minutes-array,4. Fixture format / 5. Errors,169,1,"1,2,3,4",systems-engineer,systems-engineer,independent-verifier,,Fixture restaurant.slot_minutes of wrong type array returns 400 malformed_request.,f5e0a532dcf6c2f0c44eb32d5213a9bf7812c250,black-box HTTP,extra,python3 /verifier/probe.py --base http://independent-verifier-s1-f5e0a532dcf6-20261004t024727-source:18309 --peer http://independent-verifier-s1-f5e0a532dcf6-20261004t024727-peer:8080 --candidate f5e0a532dcf6c2f0c44eb32d5213a9bf7812c250 --out /evidence/probes --case all,/evidence/probes/assertions.json#TK1-reset-type-restaurant-slot_minutes-array,verified
TK1-reset-type-restaurant-slot_minutes-object,4. Fixture format / 5. Errors,169,1,"1,2,3,4",systems-engineer,systems-engineer,independent-verifier,,Fixture restaurant.slot_minutes of wrong type object returns 400 malformed_request.,f5e0a532dcf6c2f0c44eb32d5213a9bf7812c250,black-box HTTP,extra,python3 /verifier/probe.py --base http://independent-verifier-s1-f5e0a532dcf6-20261004t024727-source:18309 --peer http://independent-verifier-s1-f5e0a532dcf6-20261004t024727-peer:8080 --candidate f5e0a532dcf6c2f0c44eb32d5213a9bf7812c250 --out /evidence/probes --case all,/evidence/probes/assertions.json#TK1-reset-type-restaurant-slot_minutes-object,verified
TK1-reset-type-restaurant-slot_minutes-null,4. Fixture format / 5. Errors,169,1,"1,2,3,4",systems-engineer,systems-engineer,independent-verifier,,Fixture restaurant.slot_minutes of wrong type null returns 400 malformed_request.,f5e0a532dcf6c2f0c44eb32d5213a9bf7812c250,black-box HTTP,extra,python3 /verifier/probe.py --base http://independent-verifier-s1-f5e0a532dcf6-20261004t024727-source:18309 --peer http://independent-verifier-s1-f5e0a532dcf6-20261004t024727-peer:8080 --candidate f5e0a532dcf6c2f0c44eb32d5213a9bf7812c250 --out /evidence/probes --case all,/evidence/probes/assertions.json#TK1-reset-type-restaurant-slot_minutes-null,verified
TK1-reset-missing-restaurant-reservation_duration_minutes,4. Fixture format / 5. Errors,109,1,"1,2,3,4",systems-engineer,systems-engineer,independent-verifier,,Required fixture restaurant.reservation_duration_minutes missing returns 422 validation_failed.,f5e0a532dcf6c2f0c44eb32d5213a9bf7812c250,black-box HTTP,extra,python3 /verifier/probe.py --base http://independent-verifier-s1-f5e0a532dcf6-20261004t024727-source:18309 --peer http://independent-verifier-s1-f5e0a532dcf6-20261004t024727-peer:8080 --candidate f5e0a532dcf6c2f0c44eb32d5213a9bf7812c250 --out /evidence/probes --case all,/evidence/probes/assertions.json#TK1-reset-missing-restaurant-reservation_duration_minutes,verified
TK1-reset-type-restaurant-reservation_duration_minutes-string,4. Fixture format / 5. Errors,169,1,"1,2,3,4",systems-engineer,systems-engineer,independent-verifier,,Fixture restaurant.reservation_duration_minutes of wrong type string returns 400 malformed_request.,f5e0a532dcf6c2f0c44eb32d5213a9bf7812c250,black-box HTTP,extra,python3 /verifier/probe.py --base http://independent-verifier-s1-f5e0a532dcf6-20261004t024727-source:18309 --peer http://independent-verifier-s1-f5e0a532dcf6-20261004t024727-peer:8080 --candidate f5e0a532dcf6c2f0c44eb32d5213a9bf7812c250 --out /evidence/probes --case all,/evidence/probes/assertions.json#TK1-reset-type-restaurant-reservation_duration_minutes-string,verified
TK1-reset-type-restaurant-reservation_duration_minutes-bool,4. Fixture format / 5. Errors,169,1,"1,2,3,4",systems-engineer,systems-engineer,independent-verifier,,Fixture restaurant.reservation_duration_minutes of wrong type bool returns 400 malformed_request.,f5e0a532dcf6c2f0c44eb32d5213a9bf7812c250,black-box HTTP,extra,python3 /verifier/probe.py --base http://independent-verifier-s1-f5e0a532dcf6-20261004t024727-source:18309 --peer http://independent-verifier-s1-f5e0a532dcf6-20261004t024727-peer:8080 --candidate f5e0a532dcf6c2f0c44eb32d5213a9bf7812c250 --out /evidence/probes --case all,/evidence/probes/assertions.json#TK1-reset-type-restaurant-reservation_duration_minutes-bool,verified
TK1-reset-type-restaurant-reservation_duration_minutes-array,4. Fixture format / 5. Errors,169,1,"1,2,3,4",systems-engineer,systems-engineer,independent-verifier,,Fixture restaurant.reservation_duration_minutes of wrong type array returns 400 malformed_request.,f5e0a532dcf6c2f0c44eb32d5213a9bf7812c250,black-box HTTP,extra,python3 /verifier/probe.py --base http://independent-verifier-s1-f5e0a532dcf6-20261004t024727-source:18309 --peer http://independent-verifier-s1-f5e0a532dcf6-20261004t024727-peer:8080 --candidate f5e0a532dcf6c2f0c44eb32d5213a9bf7812c250 --out /evidence/probes --case all,/evidence/probes/assertions.json#TK1-reset-type-restaurant-reservation_duration_minutes-array,verified
TK1-reset-type-restaurant-reservation_duration_minutes-object,4. Fixture format / 5. Errors,169,1,"1,2,3,4",systems-engineer,systems-engineer,independent-verifier,,Fixture restaurant.reservation_duration_minutes of wrong type object returns 400 malformed_request.,f5e0a532dcf6c2f0c44eb32d5213a9bf7812c250,black-box HTTP,extra,python3 /verifier/probe.py --base http://independent-verifier-s1-f5e0a532dcf6-20261004t024727-source:18309 --peer http://independent-verifier-s1-f5e0a532dcf6-20261004t024727-peer:8080 --candidate f5e0a532dcf6c2f0c44eb32d5213a9bf7812c250 --out /evidence/probes --case all,/evidence/probes/assertions.json#TK1-reset-type-restaurant-reservation_duration_minutes-object,verified
TK1-reset-type-restaurant-reservation_duration_minutes-null,4. Fixture format / 5. Errors,169,1,"1,2,3,4",systems-engineer,systems-engineer,independent-verifier,,Fixture restaurant.reservation_duration_minutes of wrong type null returns 400 malformed_request.,f5e0a532dcf6c2f0c44eb32d5213a9bf7812c250,black-box HTTP,extra,python3 /verifier/probe.py --base http://independent-verifier-s1-f5e0a532dcf6-20261004t024727-source:18309 --peer http://independent-verifier-s1-f5e0a532dcf6-20261004t024727-peer:8080 --candidate f5e0a532dcf6c2f0c44eb32d5213a9bf7812c250 --out /evidence/probes --case all,/evidence/probes/assertions.json#TK1-reset-type-restaurant-reservation_duration_minutes-null,verified
TK1-reset-missing-restaurant-cancellation_cutoff_minutes,4. Fixture format / 5. Errors,109,1,"1,2,3,4",systems-engineer,systems-engineer,independent-verifier,,Required fixture restaurant.cancellation_cutoff_minutes missing returns 422 validation_failed.,f5e0a532dcf6c2f0c44eb32d5213a9bf7812c250,black-box HTTP,extra,python3 /verifier/probe.py --base http://independent-verifier-s1-f5e0a532dcf6-20261004t024727-source:18309 --peer http://independent-verifier-s1-f5e0a532dcf6-20261004t024727-peer:8080 --candidate f5e0a532dcf6c2f0c44eb32d5213a9bf7812c250 --out /evidence/probes --case all,/evidence/probes/assertions.json#TK1-reset-missing-restaurant-cancellation_cutoff_minutes,verified
TK1-reset-type-restaurant-cancellation_cutoff_minutes-string,4. Fixture format / 5. Errors,169,1,"1,2,3,4",systems-engineer,systems-engineer,independent-verifier,,Fixture restaurant.cancellation_cutoff_minutes of wrong type string returns 400 malformed_request.,f5e0a532dcf6c2f0c44eb32d5213a9bf7812c250,black-box HTTP,extra,python3 /verifier/probe.py --base http://independent-verifier-s1-f5e0a532dcf6-20261004t024727-source:18309 --peer http://independent-verifier-s1-f5e0a532dcf6-20261004t024727-peer:8080 --candidate f5e0a532dcf6c2f0c44eb32d5213a9bf7812c250 --out /evidence/probes --case all,/evidence/probes/assertions.json#TK1-reset-type-restaurant-cancellation_cutoff_minutes-string,verified
TK1-reset-type-restaurant-cancellation_cutoff_minutes-bool,4. Fixture format / 5. Errors,169,1,"1,2,3,4",systems-engineer,systems-engineer,independent-verifier,,Fixture restaurant.cancellation_cutoff_minutes of wrong type bool returns 400 malformed_request.,f5e0a532dcf6c2f0c44eb32d5213a9bf7812c250,black-box HTTP,extra,python3 /verifier/probe.py --base http://independent-verifier-s1-f5e0a532dcf6-20261004t024727-source:18309 --peer http://independent-verifier-s1-f5e0a532dcf6-20261004t024727-peer:8080 --candidate f5e0a532dcf6c2f0c44eb32d5213a9bf7812c250 --out /evidence/probes --case all,/evidence/probes/assertions.json#TK1-reset-type-restaurant-cancellation_cutoff_minutes-bool,verified
TK1-reset-type-restaurant-cancellation_cutoff_minutes-array,4. Fixture format / 5. Errors,169,1,"1,2,3,4",systems-engineer,systems-engineer,independent-verifier,,Fixture restaurant.cancellation_cutoff_minutes of wrong type array returns 400 malformed_request.,f5e0a532dcf6c2f0c44eb32d5213a9bf7812c250,black-box HTTP,extra,python3 /verifier/probe.py --base http://independent-verifier-s1-f5e0a532dcf6-20261004t024727-source:18309 --peer http://independent-verifier-s1-f5e0a532dcf6-20261004t024727-peer:8080 --candidate f5e0a532dcf6c2f0c44eb32d5213a9bf7812c250 --out /evidence/probes --case all,/evidence/probes/assertions.json#TK1-reset-type-restaurant-cancellation_cutoff_minutes-array,verified
TK1-reset-type-restaurant-cancellation_cutoff_minutes-object,4. Fixture format / 5. Errors,169,1,"1,2,3,4",systems-engineer,systems-engineer,independent-verifier,,Fixture restaurant.cancellation_cutoff_minutes of wrong type object returns 400 malformed_request.,f5e0a532dcf6c2f0c44eb32d5213a9bf7812c250,black-box HTTP,extra,python3 /verifier/probe.py --base http://independent-verifier-s1-f5e0a532dcf6-20261004t024727-source:18309 --peer http://independent-verifier-s1-f5e0a532dcf6-20261004t024727-peer:8080 --candidate f5e0a532dcf6c2f0c44eb32d5213a9bf7812c250 --out /evidence/probes --case all,/evidence/probes/assertions.json#TK1-reset-type-restaurant-cancellation_cutoff_minutes-object,verified
TK1-reset-type-restaurant-cancellation_cutoff_minutes-null,4. Fixture format / 5. Errors,169,1,"1,2,3,4",systems-engineer,systems-engineer,independent-verifier,,Fixture restaurant.cancellation_cutoff_minutes of wrong type null returns 400 malformed_request.,f5e0a532dcf6c2f0c44eb32d5213a9bf7812c250,black-box HTTP,extra,python3 /verifier/probe.py --base http://independent-verifier-s1-f5e0a532dcf6-20261004t024727-source:18309 --peer http://independent-verifier-s1-f5e0a532dcf6-20261004t024727-peer:8080 --candidate f5e0a532dcf6c2f0c44eb32d5213a9bf7812c250 --out /evidence/probes --case all,/evidence/probes/assertions.json#TK1-reset-type-restaurant-cancellation_cutoff_minutes-null,verified
TK1-reset-missing-hours-weekday,4. Fixture format / 5. Errors,109,1,"1,2,3,4",systems-engineer,systems-engineer,independent-verifier,,Required fixture hours.weekday missing returns 422 validation_failed.,f5e0a532dcf6c2f0c44eb32d5213a9bf7812c250,black-box HTTP,extra,python3 /verifier/probe.py --base http://independent-verifier-s1-f5e0a532dcf6-20261004t024727-source:18309 --peer http://independent-verifier-s1-f5e0a532dcf6-20261004t024727-peer:8080 --candidate f5e0a532dcf6c2f0c44eb32d5213a9bf7812c250 --out /evidence/probes --case all,/evidence/probes/assertions.json#TK1-reset-missing-hours-weekday,verified
TK1-reset-type-hours-weekday-number,4. Fixture format / 5. Errors,169,1,"1,2,3,4",systems-engineer,systems-engineer,independent-verifier,,Fixture hours.weekday of wrong type number returns 400 malformed_request.,f5e0a532dcf6c2f0c44eb32d5213a9bf7812c250,black-box HTTP,extra,python3 /verifier/probe.py --base http://independent-verifier-s1-f5e0a532dcf6-20261004t024727-source:18309 --peer http://independent-verifier-s1-f5e0a532dcf6-20261004t024727-peer:8080 --candidate f5e0a532dcf6c2f0c44eb32d5213a9bf7812c250 --out /evidence/probes --case all,/evidence/probes/assertions.json#TK1-reset-type-hours-weekday-number,verified
TK1-reset-type-hours-weekday-bool,4. Fixture format / 5. Errors,169,1,"1,2,3,4",systems-engineer,systems-engineer,independent-verifier,,Fixture hours.weekday of wrong type bool returns 400 malformed_request.,f5e0a532dcf6c2f0c44eb32d5213a9bf7812c250,black-box HTTP,extra,python3 /verifier/probe.py --base http://independent-verifier-s1-f5e0a532dcf6-20261004t024727-source:18309 --peer http://independent-verifier-s1-f5e0a532dcf6-20261004t024727-peer:8080 --candidate f5e0a532dcf6c2f0c44eb32d5213a9bf7812c250 --out /evidence/probes --case all,/evidence/probes/assertions.json#TK1-reset-type-hours-weekday-bool,verified
TK1-reset-type-hours-weekday-array,4. Fixture format / 5. Errors,169,1,"1,2,3,4",systems-engineer,systems-engineer,independent-verifier,,Fixture hours.weekday of wrong type array returns 400 malformed_request.,f5e0a532dcf6c2f0c44eb32d5213a9bf7812c250,black-box HTTP,extra,python3 /verifier/probe.py --base http://independent-verifier-s1-f5e0a532dcf6-20261004t024727-source:18309 --peer http://independent-verifier-s1-f5e0a532dcf6-20261004t024727-peer:8080 --candidate f5e0a532dcf6c2f0c44eb32d5213a9bf7812c250 --out /evidence/probes --case all,/evidence/probes/assertions.json#TK1-reset-type-hours-weekday-array,verified
TK1-reset-type-hours-weekday-object,4. Fixture format / 5. Errors,169,1,"1,2,3,4",systems-engineer,systems-engineer,independent-verifier,,Fixture hours.weekday of wrong type object returns 400 malformed_request.,f5e0a532dcf6c2f0c44eb32d5213a9bf7812c250,black-box HTTP,extra,python3 /verifier/probe.py --base http://independent-verifier-s1-f5e0a532dcf6-20261004t024727-source:18309 --peer http://independent-verifier-s1-f5e0a532dcf6-20261004t024727-peer:8080 --candidate f5e0a532dcf6c2f0c44eb32d5213a9bf7812c250 --out /evidence/probes --case all,/evidence/probes/assertions.json#TK1-reset-type-hours-weekday-object,verified
TK1-reset-type-hours-weekday-null,4. Fixture format / 5. Errors,169,1,"1,2,3,4",systems-engineer,systems-engineer,independent-verifier,,Fixture hours.weekday of wrong type null returns 400 malformed_request.,f5e0a532dcf6c2f0c44eb32d5213a9bf7812c250,black-box HTTP,extra,python3 /verifier/probe.py --base http://independent-verifier-s1-f5e0a532dcf6-20261004t024727-source:18309 --peer http://independent-verifier-s1-f5e0a532dcf6-20261004t024727-peer:8080 --candidate f5e0a532dcf6c2f0c44eb32d5213a9bf7812c250 --out /evidence/probes --case all,/evidence/probes/assertions.json#TK1-reset-type-hours-weekday-null,verified
TK1-reset-missing-hours-opens,4. Fixture format / 5. Errors,109,1,"1,2,3,4",systems-engineer,systems-engineer,independent-verifier,,Required fixture hours.opens missing returns 422 validation_failed.,f5e0a532dcf6c2f0c44eb32d5213a9bf7812c250,black-box HTTP,extra,python3 /verifier/probe.py --base http://independent-verifier-s1-f5e0a532dcf6-20261004t024727-source:18309 --peer http://independent-verifier-s1-f5e0a532dcf6-20261004t024727-peer:8080 --candidate f5e0a532dcf6c2f0c44eb32d5213a9bf7812c250 --out /evidence/probes --case all,/evidence/probes/assertions.json#TK1-reset-missing-hours-opens,verified
TK1-reset-type-hours-opens-number,4. Fixture format / 5. Errors,169,1,"1,2,3,4",systems-engineer,systems-engineer,independent-verifier,,Fixture hours.opens of wrong type number returns 400 malformed_request.,f5e0a532dcf6c2f0c44eb32d5213a9bf7812c250,black-box HTTP,extra,python3 /verifier/probe.py --base http://independent-verifier-s1-f5e0a532dcf6-20261004t024727-source:18309 --peer http://independent-verifier-s1-f5e0a532dcf6-20261004t024727-peer:8080 --candidate f5e0a532dcf6c2f0c44eb32d5213a9bf7812c250 --out /evidence/probes --case all,/evidence/probes/assertions.json#TK1-reset-type-hours-opens-number,verified
TK1-reset-type-hours-opens-bool,4. Fixture format / 5. Errors,169,1,"1,2,3,4",systems-engineer,systems-engineer,independent-verifier,,Fixture hours.opens of wrong type bool returns 400 malformed_request.,f5e0a532dcf6c2f0c44eb32d5213a9bf7812c250,black-box HTTP,extra,python3 /verifier/probe.py --base http://independent-verifier-s1-f5e0a532dcf6-20261004t024727-source:18309 --peer http://independent-verifier-s1-f5e0a532dcf6-20261004t024727-peer:8080 --candidate f5e0a532dcf6c2f0c44eb32d5213a9bf7812c250 --out /evidence/probes --case all,/evidence/probes/assertions.json#TK1-reset-type-hours-opens-bool,verified
TK1-reset-type-hours-opens-array,4. Fixture format / 5. Errors,169,1,"1,2,3,4",systems-engineer,systems-engineer,independent-verifier,,Fixture hours.opens of wrong type array returns 400 malformed_request.,f5e0a532dcf6c2f0c44eb32d5213a9bf7812c250,black-box HTTP,extra,python3 /verifier/probe.py --base http://independent-verifier-s1-f5e0a532dcf6-20261004t024727-source:18309 --peer http://independent-verifier-s1-f5e0a532dcf6-20261004t024727-peer:8080 --candidate f5e0a532dcf6c2f0c44eb32d5213a9bf7812c250 --out /evidence/probes --case all,/evidence/probes/assertions.json#TK1-reset-type-hours-opens-array,verified
TK1-reset-type-hours-opens-object,4. Fixture format / 5. Errors,169,1,"1,2,3,4",systems-engineer,systems-engineer,independent-verifier,,Fixture hours.opens of wrong type object returns 400 malformed_request.,f5e0a532dcf6c2f0c44eb32d5213a9bf7812c250,black-box HTTP,extra,python3 /verifier/probe.py --base http://independent-verifier-s1-f5e0a532dcf6-20261004t024727-source:18309 --peer http://independent-verifier-s1-f5e0a532dcf6-20261004t024727-peer:8080 --candidate f5e0a532dcf6c2f0c44eb32d5213a9bf7812c250 --out /evidence/probes --case all,/evidence/probes/assertions.json#TK1-reset-type-hours-opens-object,verified
TK1-reset-type-hours-opens-null,4. Fixture format / 5. Errors,169,1,"1,2,3,4",systems-engineer,systems-engineer,independent-verifier,,Fixture hours.opens of wrong type null returns 400 malformed_request.,f5e0a532dcf6c2f0c44eb32d5213a9bf7812c250,black-box HTTP,extra,python3 /verifier/probe.py --base http://independent-verifier-s1-f5e0a532dcf6-20261004t024727-source:18309 --peer http://independent-verifier-s1-f5e0a532dcf6-20261004t024727-peer:8080 --candidate f5e0a532dcf6c2f0c44eb32d5213a9bf7812c250 --out /evidence/probes --case all,/evidence/probes/assertions.json#TK1-reset-type-hours-opens-null,verified
TK1-reset-missing-hours-closes,4. Fixture format / 5. Errors,109,1,"1,2,3,4",systems-engineer,systems-engineer,independent-verifier,,Required fixture hours.closes missing returns 422 validation_failed.,f5e0a532dcf6c2f0c44eb32d5213a9bf7812c250,black-box HTTP,extra,python3 /verifier/probe.py --base http://independent-verifier-s1-f5e0a532dcf6-20261004t024727-source:18309 --peer http://independent-verifier-s1-f5e0a532dcf6-20261004t024727-peer:8080 --candidate f5e0a532dcf6c2f0c44eb32d5213a9bf7812c250 --out /evidence/probes --case all,/evidence/probes/assertions.json#TK1-reset-missing-hours-closes,verified
TK1-reset-type-hours-closes-number,4. Fixture format / 5. Errors,169,1,"1,2,3,4",systems-engineer,systems-engineer,independent-verifier,,Fixture hours.closes of wrong type number returns 400 malformed_request.,f5e0a532dcf6c2f0c44eb32d5213a9bf7812c250,black-box HTTP,extra,python3 /verifier/probe.py --base http://independent-verifier-s1-f5e0a532dcf6-20261004t024727-source:18309 --peer http://independent-verifier-s1-f5e0a532dcf6-20261004t024727-peer:8080 --candidate f5e0a532dcf6c2f0c44eb32d5213a9bf7812c250 --out /evidence/probes --case all,/evidence/probes/assertions.json#TK1-reset-type-hours-closes-number,verified
TK1-reset-type-hours-closes-bool,4. Fixture format / 5. Errors,169,1,"1,2,3,4",systems-engineer,systems-engineer,independent-verifier,,Fixture hours.closes of wrong type bool returns 400 malformed_request.,f5e0a532dcf6c2f0c44eb32d5213a9bf7812c250,black-box HTTP,extra,python3 /verifier/probe.py --base http://independent-verifier-s1-f5e0a532dcf6-20261004t024727-source:18309 --peer http://independent-verifier-s1-f5e0a532dcf6-20261004t024727-peer:8080 --candidate f5e0a532dcf6c2f0c44eb32d5213a9bf7812c250 --out /evidence/probes --case all,/evidence/probes/assertions.json#TK1-reset-type-hours-closes-bool,verified
TK1-reset-type-hours-closes-array,4. Fixture format / 5. Errors,169,1,"1,2,3,4",systems-engineer,systems-engineer,independent-verifier,,Fixture hours.closes of wrong type array returns 400 malformed_request.,f5e0a532dcf6c2f0c44eb32d5213a9bf7812c250,black-box HTTP,extra,python3 /verifier/probe.py --base http://independent-verifier-s1-f5e0a532dcf6-20261004t024727-source:18309 --peer http://independent-verifier-s1-f5e0a532dcf6-20261004t024727-peer:8080 --candidate f5e0a532dcf6c2f0c44eb32d5213a9bf7812c250 --out /evidence/probes --case all,/evidence/probes/assertions.json#TK1-reset-type-hours-closes-array,verified
TK1-reset-type-hours-closes-object,4. Fixture format / 5. Errors,169,1,"1,2,3,4",systems-engineer,systems-engineer,independent-verifier,,Fixture hours.closes of wrong type object returns 400 malformed_request.,f5e0a532dcf6c2f0c44eb32d5213a9bf7812c250,black-box HTTP,extra,python3 /verifier/probe.py --base http://independent-verifier-s1-f5e0a532dcf6-20261004t024727-source:18309 --peer http://independent-verifier-s1-f5e0a532dcf6-20261004t024727-peer:8080 --candidate f5e0a532dcf6c2f0c44eb32d5213a9bf7812c250 --out /evidence/probes --case all,/evidence/probes/assertions.json#TK1-reset-type-hours-closes-object,verified
TK1-reset-type-hours-closes-null,4. Fixture format / 5. Errors,169,1,"1,2,3,4",systems-engineer,systems-engineer,independent-verifier,,Fixture hours.closes of wrong type null returns 400 malformed_request.,f5e0a532dcf6c2f0c44eb32d5213a9bf7812c250,black-box HTTP,extra,python3 /verifier/probe.py --base http://independent-verifier-s1-f5e0a532dcf6-20261004t024727-source:18309 --peer http://independent-verifier-s1-f5e0a532dcf6-20261004t024727-peer:8080 --candidate f5e0a532dcf6c2f0c44eb32d5213a9bf7812c250 --out /evidence/probes --case all,/evidence/probes/assertions.json#TK1-reset-type-hours-closes-null,verified
TK1-reset-missing-table-id,4. Fixture format / 5. Errors,109,1,"1,2,3,4",systems-engineer,systems-engineer,independent-verifier,,Required fixture table.id missing returns 422 validation_failed.,f5e0a532dcf6c2f0c44eb32d5213a9bf7812c250,black-box HTTP,extra,python3 /verifier/probe.py --base http://independent-verifier-s1-f5e0a532dcf6-20261004t024727-source:18309 --peer http://independent-verifier-s1-f5e0a532dcf6-20261004t024727-peer:8080 --candidate f5e0a532dcf6c2f0c44eb32d5213a9bf7812c250 --out /evidence/probes --case all,/evidence/probes/assertions.json#TK1-reset-missing-table-id,verified
TK1-reset-type-table-id-number,4. Fixture format / 5. Errors,169,1,"1,2,3,4",systems-engineer,systems-engineer,independent-verifier,,Fixture table.id of wrong type number returns 400 malformed_request.,f5e0a532dcf6c2f0c44eb32d5213a9bf7812c250,black-box HTTP,extra,python3 /verifier/probe.py --base http://independent-verifier-s1-f5e0a532dcf6-20261004t024727-source:18309 --peer http://independent-verifier-s1-f5e0a532dcf6-20261004t024727-peer:8080 --candidate f5e0a532dcf6c2f0c44eb32d5213a9bf7812c250 --out /evidence/probes --case all,/evidence/probes/assertions.json#TK1-reset-type-table-id-number,verified
TK1-reset-type-table-id-bool,4. Fixture format / 5. Errors,169,1,"1,2,3,4",systems-engineer,systems-engineer,independent-verifier,,Fixture table.id of wrong type bool returns 400 malformed_request.,f5e0a532dcf6c2f0c44eb32d5213a9bf7812c250,black-box HTTP,extra,python3 /verifier/probe.py --base http://independent-verifier-s1-f5e0a532dcf6-20261004t024727-source:18309 --peer http://independent-verifier-s1-f5e0a532dcf6-20261004t024727-peer:8080 --candidate f5e0a532dcf6c2f0c44eb32d5213a9bf7812c250 --out /evidence/probes --case all,/evidence/probes/assertions.json#TK1-reset-type-table-id-bool,verified
TK1-reset-type-table-id-array,4. Fixture format / 5. Errors,169,1,"1,2,3,4",systems-engineer,systems-engineer,independent-verifier,,Fixture table.id of wrong type array returns 400 malformed_request.,f5e0a532dcf6c2f0c44eb32d5213a9bf7812c250,black-box HTTP,extra,python3 /verifier/probe.py --base http://independent-verifier-s1-f5e0a532dcf6-20261004t024727-source:18309 --peer http://independent-verifier-s1-f5e0a532dcf6-20261004t024727-peer:8080 --candidate f5e0a532dcf6c2f0c44eb32d5213a9bf7812c250 --out /evidence/probes --case all,/evidence/probes/assertions.json#TK1-reset-type-table-id-array,verified
TK1-reset-type-table-id-object,4. Fixture format / 5. Errors,169,1,"1,2,3,4",systems-engineer,systems-engineer,independent-verifier,,Fixture table.id of wrong type object returns 400 malformed_request.,f5e0a532dcf6c2f0c44eb32d5213a9bf7812c250,black-box HTTP,extra,python3 /verifier/probe.py --base http://independent-verifier-s1-f5e0a532dcf6-20261004t024727-source:18309 --peer http://independent-verifier-s1-f5e0a532dcf6-20261004t024727-peer:8080 --candidate f5e0a532dcf6c2f0c44eb32d5213a9bf7812c250 --out /evidence/probes --case all,/evidence/probes/assertions.json#TK1-reset-type-table-id-object,verified
TK1-reset-type-table-id-null,4. Fixture format / 5. Errors,169,1,"1,2,3,4",systems-engineer,systems-engineer,independent-verifier,,Fixture table.id of wrong type null returns 400 malformed_request.,f5e0a532dcf6c2f0c44eb32d5213a9bf7812c250,black-box HTTP,extra,python3 /verifier/probe.py --base http://independent-verifier-s1-f5e0a532dcf6-20261004t024727-source:18309 --peer http://independent-verifier-s1-f5e0a532dcf6-20261004t024727-peer:8080 --candidate f5e0a532dcf6c2f0c44eb32d5213a9bf7812c250 --out /evidence/probes --case all,/evidence/probes/assertions.json#TK1-reset-type-table-id-null,verified
TK1-reset-missing-table-label,4. Fixture format / 5. Errors,109,1,"1,2,3,4",systems-engineer,systems-engineer,independent-verifier,,Required fixture table.label missing returns 422 validation_failed.,f5e0a532dcf6c2f0c44eb32d5213a9bf7812c250,black-box HTTP,extra,python3 /verifier/probe.py --base http://independent-verifier-s1-f5e0a532dcf6-20261004t024727-source:18309 --peer http://independent-verifier-s1-f5e0a532dcf6-20261004t024727-peer:8080 --candidate f5e0a532dcf6c2f0c44eb32d5213a9bf7812c250 --out /evidence/probes --case all,/evidence/probes/assertions.json#TK1-reset-missing-table-label,verified
TK1-reset-type-table-label-number,4. Fixture format / 5. Errors,169,1,"1,2,3,4",systems-engineer,systems-engineer,independent-verifier,,Fixture table.label of wrong type number returns 400 malformed_request.,f5e0a532dcf6c2f0c44eb32d5213a9bf7812c250,black-box HTTP,extra,python3 /verifier/probe.py --base http://independent-verifier-s1-f5e0a532dcf6-20261004t024727-source:18309 --peer http://independent-verifier-s1-f5e0a532dcf6-20261004t024727-peer:8080 --candidate f5e0a532dcf6c2f0c44eb32d5213a9bf7812c250 --out /evidence/probes --case all,/evidence/probes/assertions.json#TK1-reset-type-table-label-number,verified
TK1-reset-type-table-label-bool,4. Fixture format / 5. Errors,169,1,"1,2,3,4",systems-engineer,systems-engineer,independent-verifier,,Fixture table.label of wrong type bool returns 400 malformed_request.,f5e0a532dcf6c2f0c44eb32d5213a9bf7812c250,black-box HTTP,extra,python3 /verifier/probe.py --base http://independent-verifier-s1-f5e0a532dcf6-20261004t024727-source:18309 --peer http://independent-verifier-s1-f5e0a532dcf6-20261004t024727-peer:8080 --candidate f5e0a532dcf6c2f0c44eb32d5213a9bf7812c250 --out /evidence/probes --case all,/evidence/probes/assertions.json#TK1-reset-type-table-label-bool,verified
TK1-reset-type-table-label-array,4. Fixture format / 5. Errors,169,1,"1,2,3,4",systems-engineer,systems-engineer,independent-verifier,,Fixture table.label of wrong type array returns 400 malformed_request.,f5e0a532dcf6c2f0c44eb32d5213a9bf7812c250,black-box HTTP,extra,python3 /verifier/probe.py --base http://independent-verifier-s1-f5e0a532dcf6-20261004t024727-source:18309 --peer http://independent-verifier-s1-f5e0a532dcf6-20261004t024727-peer:8080 --candidate f5e0a532dcf6c2f0c44eb32d5213a9bf7812c250 --out /evidence/probes --case all,/evidence/probes/assertions.json#TK1-reset-type-table-label-array,verified
TK1-reset-type-table-label-object,4. Fixture format / 5. Errors,169,1,"1,2,3,4",systems-engineer,systems-engineer,independent-verifier,,Fixture table.label of wrong type object returns 400 malformed_request.,f5e0a532dcf6c2f0c44eb32d5213a9bf7812c250,black-box HTTP,extra,python3 /verifier/probe.py --base http://independent-verifier-s1-f5e0a532dcf6-20261004t024727-source:18309 --peer http://independent-verifier-s1-f5e0a532dcf6-20261004t024727-peer:8080 --candidate f5e0a532dcf6c2f0c44eb32d5213a9bf7812c250 --out /evidence/probes --case all,/evidence/probes/assertions.json#TK1-reset-type-table-label-object,verified
TK1-reset-type-table-label-null,4. Fixture format / 5. Errors,169,1,"1,2,3,4",systems-engineer,systems-engineer,independent-verifier,,Fixture table.label of wrong type null returns 400 malformed_request.,f5e0a532dcf6c2f0c44eb32d5213a9bf7812c250,black-box HTTP,extra,python3 /verifier/probe.py --base http://independent-verifier-s1-f5e0a532dcf6-20261004t024727-source:18309 --peer http://independent-verifier-s1-f5e0a532dcf6-20261004t024727-peer:8080 --candidate f5e0a532dcf6c2f0c44eb32d5213a9bf7812c250 --out /evidence/probes --case all,/evidence/probes/assertions.json#TK1-reset-type-table-label-null,verified
TK1-reset-missing-table-capacity,4. Fixture format / 5. Errors,109,1,"1,2,3,4",systems-engineer,systems-engineer,independent-verifier,,Required fixture table.capacity missing returns 422 validation_failed.,f5e0a532dcf6c2f0c44eb32d5213a9bf7812c250,black-box HTTP,extra,python3 /verifier/probe.py --base http://independent-verifier-s1-f5e0a532dcf6-20261004t024727-source:18309 --peer http://independent-verifier-s1-f5e0a532dcf6-20261004t024727-peer:8080 --candidate f5e0a532dcf6c2f0c44eb32d5213a9bf7812c250 --out /evidence/probes --case all,/evidence/probes/assertions.json#TK1-reset-missing-table-capacity,verified
TK1-reset-type-table-capacity-string,4. Fixture format / 5. Errors,169,1,"1,2,3,4",systems-engineer,systems-engineer,independent-verifier,,Fixture table.capacity of wrong type string returns 400 malformed_request.,f5e0a532dcf6c2f0c44eb32d5213a9bf7812c250,black-box HTTP,extra,python3 /verifier/probe.py --base http://independent-verifier-s1-f5e0a532dcf6-20261004t024727-source:18309 --peer http://independent-verifier-s1-f5e0a532dcf6-20261004t024727-peer:8080 --candidate f5e0a532dcf6c2f0c44eb32d5213a9bf7812c250 --out /evidence/probes --case all,/evidence/probes/assertions.json#TK1-reset-type-table-capacity-string,verified
TK1-reset-type-table-capacity-bool,4. Fixture format / 5. Errors,169,1,"1,2,3,4",systems-engineer,systems-engineer,independent-verifier,,Fixture table.capacity of wrong type bool returns 400 malformed_request.,f5e0a532dcf6c2f0c44eb32d5213a9bf7812c250,black-box HTTP,extra,python3 /verifier/probe.py --base http://independent-verifier-s1-f5e0a532dcf6-20261004t024727-source:18309 --peer http://independent-verifier-s1-f5e0a532dcf6-20261004t024727-peer:8080 --candidate f5e0a532dcf6c2f0c44eb32d5213a9bf7812c250 --out /evidence/probes --case all,/evidence/probes/assertions.json#TK1-reset-type-table-capacity-bool,verified
TK1-reset-type-table-capacity-array,4. Fixture format / 5. Errors,169,1,"1,2,3,4",systems-engineer,systems-engineer,independent-verifier,,Fixture table.capacity of wrong type array returns 400 malformed_request.,f5e0a532dcf6c2f0c44eb32d5213a9bf7812c250,black-box HTTP,extra,python3 /verifier/probe.py --base http://independent-verifier-s1-f5e0a532dcf6-20261004t024727-source:18309 --peer http://independent-verifier-s1-f5e0a532dcf6-20261004t024727-peer:8080 --candidate f5e0a532dcf6c2f0c44eb32d5213a9bf7812c250 --out /evidence/probes --case all,/evidence/probes/assertions.json#TK1-reset-type-table-capacity-array,verified
TK1-reset-type-table-capacity-object,4. Fixture format / 5. Errors,169,1,"1,2,3,4",systems-engineer,systems-engineer,independent-verifier,,Fixture table.capacity of wrong type object returns 400 malformed_request.,f5e0a532dcf6c2f0c44eb32d5213a9bf7812c250,black-box HTTP,extra,python3 /verifier/probe.py --base http://independent-verifier-s1-f5e0a532dcf6-20261004t024727-source:18309 --peer http://independent-verifier-s1-f5e0a532dcf6-20261004t024727-peer:8080 --candidate f5e0a532dcf6c2f0c44eb32d5213a9bf7812c250 --out /evidence/probes --case all,/evidence/probes/assertions.json#TK1-reset-type-table-capacity-object,verified
TK1-reset-type-table-capacity-null,4. Fixture format / 5. Errors,169,1,"1,2,3,4",systems-engineer,systems-engineer,independent-verifier,,Fixture table.capacity of wrong type null returns 400 malformed_request.,f5e0a532dcf6c2f0c44eb32d5213a9bf7812c250,black-box HTTP,extra,python3 /verifier/probe.py --base http://independent-verifier-s1-f5e0a532dcf6-20261004t024727-source:18309 --peer http://independent-verifier-s1-f5e0a532dcf6-20261004t024727-peer:8080 --candidate f5e0a532dcf6c2f0c44eb32d5213a9bf7812c250 --out /evidence/probes --case all,/evidence/probes/assertions.json#TK1-reset-type-table-capacity-null,verified
TK1-reset-missing-reservation-restaurant_id,4. Fixture format / 5. Errors,109,1,"1,2,3,4",systems-engineer,systems-engineer,independent-verifier,,Required fixture reservation.restaurant_id missing returns 422 validation_failed.,f5e0a532dcf6c2f0c44eb32d5213a9bf7812c250,black-box HTTP,extra,python3 /verifier/probe.py --base http://independent-verifier-s1-f5e0a532dcf6-20261004t024727-source:18309 --peer http://independent-verifier-s1-f5e0a532dcf6-20261004t024727-peer:8080 --candidate f5e0a532dcf6c2f0c44eb32d5213a9bf7812c250 --out /evidence/probes --case all,/evidence/probes/assertions.json#TK1-reset-missing-reservation-restaurant_id,verified
TK1-reset-type-reservation-restaurant_id-number,4. Fixture format / 5. Errors,169,1,"1,2,3,4",systems-engineer,systems-engineer,independent-verifier,,Fixture reservation.restaurant_id of wrong type number returns 400 malformed_request.,f5e0a532dcf6c2f0c44eb32d5213a9bf7812c250,black-box HTTP,extra,python3 /verifier/probe.py --base http://independent-verifier-s1-f5e0a532dcf6-20261004t024727-source:18309 --peer http://independent-verifier-s1-f5e0a532dcf6-20261004t024727-peer:8080 --candidate f5e0a532dcf6c2f0c44eb32d5213a9bf7812c250 --out /evidence/probes --case all,/evidence/probes/assertions.json#TK1-reset-type-reservation-restaurant_id-number,verified
TK1-reset-type-reservation-restaurant_id-bool,4. Fixture format / 5. Errors,169,1,"1,2,3,4",systems-engineer,systems-engineer,independent-verifier,,Fixture reservation.restaurant_id of wrong type bool returns 400 malformed_request.,f5e0a532dcf6c2f0c44eb32d5213a9bf7812c250,black-box HTTP,extra,python3 /verifier/probe.py --base http://independent-verifier-s1-f5e0a532dcf6-20261004t024727-source:18309 --peer http://independent-verifier-s1-f5e0a532dcf6-20261004t024727-peer:8080 --candidate f5e0a532dcf6c2f0c44eb32d5213a9bf7812c250 --out /evidence/probes --case all,/evidence/probes/assertions.json#TK1-reset-type-reservation-restaurant_id-bool,verified
TK1-reset-type-reservation-restaurant_id-array,4. Fixture format / 5. Errors,169,1,"1,2,3,4",systems-engineer,systems-engineer,independent-verifier,,Fixture reservation.restaurant_id of wrong type array returns 400 malformed_request.,f5e0a532dcf6c2f0c44eb32d5213a9bf7812c250,black-box HTTP,extra,python3 /verifier/probe.py --base http://independent-verifier-s1-f5e0a532dcf6-20261004t024727-source:18309 --peer http://independent-verifier-s1-f5e0a532dcf6-20261004t024727-peer:8080 --candidate f5e0a532dcf6c2f0c44eb32d5213a9bf7812c250 --out /evidence/probes --case all,/evidence/probes/assertions.json#TK1-reset-type-reservation-restaurant_id-array,verified
TK1-reset-type-reservation-restaurant_id-object,4. Fixture format / 5. Errors,169,1,"1,2,3,4",systems-engineer,systems-engineer,independent-verifier,,Fixture reservation.restaurant_id of wrong type object returns 400 malformed_request.,f5e0a532dcf6c2f0c44eb32d5213a9bf7812c250,black-box HTTP,extra,python3 /verifier/probe.py --base http://independent-verifier-s1-f5e0a532dcf6-20261004t024727-source:18309 --peer http://independent-verifier-s1-f5e0a532dcf6-20261004t024727-peer:8080 --candidate f5e0a532dcf6c2f0c44eb32d5213a9bf7812c250 --out /evidence/probes --case all,/evidence/probes/assertions.json#TK1-reset-type-reservation-restaurant_id-object,verified
TK1-reset-type-reservation-restaurant_id-null,4. Fixture format / 5. Errors,169,1,"1,2,3,4",systems-engineer,systems-engineer,independent-verifier,,Fixture reservation.restaurant_id of wrong type null returns 400 malformed_request.,f5e0a532dcf6c2f0c44eb32d5213a9bf7812c250,black-box HTTP,extra,python3 /verifier/probe.py --base http://independent-verifier-s1-f5e0a532dcf6-20261004t024727-source:18309 --peer http://independent-verifier-s1-f5e0a532dcf6-20261004t024727-peer:8080 --candidate f5e0a532dcf6c2f0c44eb32d5213a9bf7812c250 --out /evidence/probes --case all,/evidence/probes/assertions.json#TK1-reset-type-reservation-restaurant_id-null,verified
TK1-reset-missing-reservation-table_id,4. Fixture format / 5. Errors,109,1,"1,2,3,4",systems-engineer,systems-engineer,independent-verifier,,Required fixture reservation.table_id missing returns 422 validation_failed.,f5e0a532dcf6c2f0c44eb32d5213a9bf7812c250,black-box HTTP,extra,python3 /verifier/probe.py --base http://independent-verifier-s1-f5e0a532dcf6-20261004t024727-source:18309 --peer http://independent-verifier-s1-f5e0a532dcf6-20261004t024727-peer:8080 --candidate f5e0a532dcf6c2f0c44eb32d5213a9bf7812c250 --out /evidence/probes --case all,/evidence/probes/assertions.json#TK1-reset-missing-reservation-table_id,verified
TK1-reset-type-reservation-table_id-number,4. Fixture format / 5. Errors,169,1,"1,2,3,4",systems-engineer,systems-engineer,independent-verifier,,Fixture reservation.table_id of wrong type number returns 400 malformed_request.,f5e0a532dcf6c2f0c44eb32d5213a9bf7812c250,black-box HTTP,extra,python3 /verifier/probe.py --base http://independent-verifier-s1-f5e0a532dcf6-20261004t024727-source:18309 --peer http://independent-verifier-s1-f5e0a532dcf6-20261004t024727-peer:8080 --candidate f5e0a532dcf6c2f0c44eb32d5213a9bf7812c250 --out /evidence/probes --case all,/evidence/probes/assertions.json#TK1-reset-type-reservation-table_id-number,verified
TK1-reset-type-reservation-table_id-bool,4. Fixture format / 5. Errors,169,1,"1,2,3,4",systems-engineer,systems-engineer,independent-verifier,,Fixture reservation.table_id of wrong type bool returns 400 malformed_request.,f5e0a532dcf6c2f0c44eb32d5213a9bf7812c250,black-box HTTP,extra,python3 /verifier/probe.py --base http://independent-verifier-s1-f5e0a532dcf6-20261004t024727-source:18309 --peer http://independent-verifier-s1-f5e0a532dcf6-20261004t024727-peer:8080 --candidate f5e0a532dcf6c2f0c44eb32d5213a9bf7812c250 --out /evidence/probes --case all,/evidence/probes/assertions.json#TK1-reset-type-reservation-table_id-bool,verified
TK1-reset-type-reservation-table_id-array,4. Fixture format / 5. Errors,169,1,"1,2,3,4",systems-engineer,systems-engineer,independent-verifier,,Fixture reservation.table_id of wrong type array returns 400 malformed_request.,f5e0a532dcf6c2f0c44eb32d5213a9bf7812c250,black-box HTTP,extra,python3 /verifier/probe.py --base http://independent-verifier-s1-f5e0a532dcf6-20261004t024727-source:18309 --peer http://independent-verifier-s1-f5e0a532dcf6-20261004t024727-peer:8080 --candidate f5e0a532dcf6c2f0c44eb32d5213a9bf7812c250 --out /evidence/probes --case all,/evidence/probes/assertions.json#TK1-reset-type-reservation-table_id-array,verified
TK1-reset-type-reservation-table_id-object,4. Fixture format / 5. Errors,169,1,"1,2,3,4",systems-engineer,systems-engineer,independent-verifier,,Fixture reservation.table_id of wrong type object returns 400 malformed_request.,f5e0a532dcf6c2f0c44eb32d5213a9bf7812c250,black-box HTTP,extra,python3 /verifier/probe.py --base http://independent-verifier-s1-f5e0a532dcf6-20261004t024727-source:18309 --peer http://independent-verifier-s1-f5e0a532dcf6-20261004t024727-peer:8080 --candidate f5e0a532dcf6c2f0c44eb32d5213a9bf7812c250 --out /evidence/probes --case all,/evidence/probes/assertions.json#TK1-reset-type-reservation-table_id-object,verified
TK1-reset-type-reservation-table_id-null,4. Fixture format / 5. Errors,169,1,"1,2,3,4",systems-engineer,systems-engineer,independent-verifier,,Fixture reservation.table_id of wrong type null returns 400 malformed_request.,f5e0a532dcf6c2f0c44eb32d5213a9bf7812c250,black-box HTTP,extra,python3 /verifier/probe.py --base http://independent-verifier-s1-f5e0a532dcf6-20261004t024727-source:18309 --peer http://independent-verifier-s1-f5e0a532dcf6-20261004t024727-peer:8080 --candidate f5e0a532dcf6c2f0c44eb32d5213a9bf7812c250 --out /evidence/probes --case all,/evidence/probes/assertions.json#TK1-reset-type-reservation-table_id-null,verified
TK1-reset-missing-reservation-starts_at_local,4. Fixture format / 5. Errors,109,1,"1,2,3,4",systems-engineer,systems-engineer,independent-verifier,,Required fixture reservation.starts_at_local missing returns 422 validation_failed.,f5e0a532dcf6c2f0c44eb32d5213a9bf7812c250,black-box HTTP,extra,python3 /verifier/probe.py --base http://independent-verifier-s1-f5e0a532dcf6-20261004t024727-source:18309 --peer http://independent-verifier-s1-f5e0a532dcf6-20261004t024727-peer:8080 --candidate f5e0a532dcf6c2f0c44eb32d5213a9bf7812c250 --out /evidence/probes --case all,/evidence/probes/assertions.json#TK1-reset-missing-reservation-starts_at_local,verified
TK1-reset-type-reservation-starts_at_local-number,4. Fixture format / 5. Errors,169,1,"1,2,3,4",systems-engineer,systems-engineer,independent-verifier,,Fixture reservation.starts_at_local of wrong type number returns 400 malformed_request.,f5e0a532dcf6c2f0c44eb32d5213a9bf7812c250,black-box HTTP,extra,python3 /verifier/probe.py --base http://independent-verifier-s1-f5e0a532dcf6-20261004t024727-source:18309 --peer http://independent-verifier-s1-f5e0a532dcf6-20261004t024727-peer:8080 --candidate f5e0a532dcf6c2f0c44eb32d5213a9bf7812c250 --out /evidence/probes --case all,/evidence/probes/assertions.json#TK1-reset-type-reservation-starts_at_local-number,verified
TK1-reset-type-reservation-starts_at_local-bool,4. Fixture format / 5. Errors,169,1,"1,2,3,4",systems-engineer,systems-engineer,independent-verifier,,Fixture reservation.starts_at_local of wrong type bool returns 400 malformed_request.,f5e0a532dcf6c2f0c44eb32d5213a9bf7812c250,black-box HTTP,extra,python3 /verifier/probe.py --base http://independent-verifier-s1-f5e0a532dcf6-20261004t024727-source:18309 --peer http://independent-verifier-s1-f5e0a532dcf6-20261004t024727-peer:8080 --candidate f5e0a532dcf6c2f0c44eb32d5213a9bf7812c250 --out /evidence/probes --case all,/evidence/probes/assertions.json#TK1-reset-type-reservation-starts_at_local-bool,verified
TK1-reset-type-reservation-starts_at_local-array,4. Fixture format / 5. Errors,169,1,"1,2,3,4",systems-engineer,systems-engineer,independent-verifier,,Fixture reservation.starts_at_local of wrong type array returns 400 malformed_request.,f5e0a532dcf6c2f0c44eb32d5213a9bf7812c250,black-box HTTP,extra,python3 /verifier/probe.py --base http://independent-verifier-s1-f5e0a532dcf6-20261004t024727-source:18309 --peer http://independent-verifier-s1-f5e0a532dcf6-20261004t024727-peer:8080 --candidate f5e0a532dcf6c2f0c44eb32d5213a9bf7812c250 --out /evidence/probes --case all,/evidence/probes/assertions.json#TK1-reset-type-reservation-starts_at_local-array,verified
TK1-reset-type-reservation-starts_at_local-object,4. Fixture format / 5. Errors,169,1,"1,2,3,4",systems-engineer,systems-engineer,independent-verifier,,Fixture reservation.starts_at_local of wrong type object returns 400 malformed_request.,f5e0a532dcf6c2f0c44eb32d5213a9bf7812c250,black-box HTTP,extra,python3 /verifier/probe.py --base http://independent-verifier-s1-f5e0a532dcf6-20261004t024727-source:18309 --peer http://independent-verifier-s1-f5e0a532dcf6-20261004t024727-peer:8080 --candidate f5e0a532dcf6c2f0c44eb32d5213a9bf7812c250 --out /evidence/probes --case all,/evidence/probes/assertions.json#TK1-reset-type-reservation-starts_at_local-object,verified
TK1-reset-type-reservation-starts_at_local-null,4. Fixture format / 5. Errors,169,1,"1,2,3,4",systems-engineer,systems-engineer,independent-verifier,,Fixture reservation.starts_at_local of wrong type null returns 400 malformed_request.,f5e0a532dcf6c2f0c44eb32d5213a9bf7812c250,black-box HTTP,extra,python3 /verifier/probe.py --base http://independent-verifier-s1-f5e0a532dcf6-20261004t024727-source:18309 --peer http://independent-verifier-s1-f5e0a532dcf6-20261004t024727-peer:8080 --candidate f5e0a532dcf6c2f0c44eb32d5213a9bf7812c250 --out /evidence/probes --case all,/evidence/probes/assertions.json#TK1-reset-type-reservation-starts_at_local-null,verified
TK1-reset-missing-reservation-id,4. Fixture format / 5. Errors,109,1,"1,2,3,4",systems-engineer,systems-engineer,independent-verifier,,Required fixture reservation.id missing returns 422 validation_failed.,f5e0a532dcf6c2f0c44eb32d5213a9bf7812c250,black-box HTTP,extra,python3 /verifier/probe.py --base http://independent-verifier-s1-f5e0a532dcf6-20261004t024727-source:18309 --peer http://independent-verifier-s1-f5e0a532dcf6-20261004t024727-peer:8080 --candidate f5e0a532dcf6c2f0c44eb32d5213a9bf7812c250 --out /evidence/probes --case all,/evidence/probes/assertions.json#TK1-reset-missing-reservation-id,verified
TK1-reset-type-reservation-id-number,4. Fixture format / 5. Errors,169,1,"1,2,3,4",systems-engineer,systems-engineer,independent-verifier,,Fixture reservation.id of wrong type number returns 400 malformed_request.,f5e0a532dcf6c2f0c44eb32d5213a9bf7812c250,black-box HTTP,extra,python3 /verifier/probe.py --base http://independent-verifier-s1-f5e0a532dcf6-20261004t024727-source:18309 --peer http://independent-verifier-s1-f5e0a532dcf6-20261004t024727-peer:8080 --candidate f5e0a532dcf6c2f0c44eb32d5213a9bf7812c250 --out /evidence/probes --case all,/evidence/probes/assertions.json#TK1-reset-type-reservation-id-number,verified
TK1-reset-type-reservation-id-bool,4. Fixture format / 5. Errors,169,1,"1,2,3,4",systems-engineer,systems-engineer,independent-verifier,,Fixture reservation.id of wrong type bool returns 400 malformed_request.,f5e0a532dcf6c2f0c44eb32d5213a9bf7812c250,black-box HTTP,extra,python3 /verifier/probe.py --base http://independent-verifier-s1-f5e0a532dcf6-20261004t024727-source:18309 --peer http://independent-verifier-s1-f5e0a532dcf6-20261004t024727-peer:8080 --candidate f5e0a532dcf6c2f0c44eb32d5213a9bf7812c250 --out /evidence/probes --case all,/evidence/probes/assertions.json#TK1-reset-type-reservation-id-bool,verified
TK1-reset-type-reservation-id-array,4. Fixture format / 5. Errors,169,1,"1,2,3,4",systems-engineer,systems-engineer,independent-verifier,,Fixture reservation.id of wrong type array returns 400 malformed_request.,f5e0a532dcf6c2f0c44eb32d5213a9bf7812c250,black-box HTTP,extra,python3 /verifier/probe.py --base http://independent-verifier-s1-f5e0a532dcf6-20261004t024727-source:18309 --peer http://independent-verifier-s1-f5e0a532dcf6-20261004t024727-peer:8080 --candidate f5e0a532dcf6c2f0c44eb32d5213a9bf7812c250 --out /evidence/probes --case all,/evidence/probes/assertions.json#TK1-reset-type-reservation-id-array,verified
TK1-reset-type-reservation-id-object,4. Fixture format / 5. Errors,169,1,"1,2,3,4",systems-engineer,systems-engineer,independent-verifier,,Fixture reservation.id of wrong type object returns 400 malformed_request.,f5e0a532dcf6c2f0c44eb32d5213a9bf7812c250,black-box HTTP,extra,python3 /verifier/probe.py --base http://independent-verifier-s1-f5e0a532dcf6-20261004t024727-source:18309 --peer http://independent-verifier-s1-f5e0a532dcf6-20261004t024727-peer:8080 --candidate f5e0a532dcf6c2f0c44eb32d5213a9bf7812c250 --out /evidence/probes --case all,/evidence/probes/assertions.json#TK1-reset-type-reservation-id-object,verified
TK1-reset-type-reservation-id-null,4. Fixture format / 5. Errors,169,1,"1,2,3,4",systems-engineer,systems-engineer,independent-verifier,,Fixture reservation.id of wrong type null returns 400 malformed_request.,f5e0a532dcf6c2f0c44eb32d5213a9bf7812c250,black-box HTTP,extra,python3 /verifier/probe.py --base http://independent-verifier-s1-f5e0a532dcf6-20261004t024727-source:18309 --peer http://independent-verifier-s1-f5e0a532dcf6-20261004t024727-peer:8080 --candidate f5e0a532dcf6c2f0c44eb32d5213a9bf7812c250 --out /evidence/probes --case all,/evidence/probes/assertions.json#TK1-reset-type-reservation-id-null,verified
TK1-reset-missing-reservation-reference,4. Fixture format / 5. Errors,109,1,"1,2,3,4",systems-engineer,systems-engineer,independent-verifier,,Required fixture reservation.reference missing returns 422 validation_failed.,f5e0a532dcf6c2f0c44eb32d5213a9bf7812c250,black-box HTTP,extra,python3 /verifier/probe.py --base http://independent-verifier-s1-f5e0a532dcf6-20261004t024727-source:18309 --peer http://independent-verifier-s1-f5e0a532dcf6-20261004t024727-peer:8080 --candidate f5e0a532dcf6c2f0c44eb32d5213a9bf7812c250 --out /evidence/probes --case all,/evidence/probes/assertions.json#TK1-reset-missing-reservation-reference,verified
TK1-reset-type-reservation-reference-number,4. Fixture format / 5. Errors,169,1,"1,2,3,4",systems-engineer,systems-engineer,independent-verifier,,Fixture reservation.reference of wrong type number returns 400 malformed_request.,f5e0a532dcf6c2f0c44eb32d5213a9bf7812c250,black-box HTTP,extra,python3 /verifier/probe.py --base http://independent-verifier-s1-f5e0a532dcf6-20261004t024727-source:18309 --peer http://independent-verifier-s1-f5e0a532dcf6-20261004t024727-peer:8080 --candidate f5e0a532dcf6c2f0c44eb32d5213a9bf7812c250 --out /evidence/probes --case all,/evidence/probes/assertions.json#TK1-reset-type-reservation-reference-number,verified
TK1-reset-type-reservation-reference-bool,4. Fixture format / 5. Errors,169,1,"1,2,3,4",systems-engineer,systems-engineer,independent-verifier,,Fixture reservation.reference of wrong type bool returns 400 malformed_request.,f5e0a532dcf6c2f0c44eb32d5213a9bf7812c250,black-box HTTP,extra,python3 /verifier/probe.py --base http://independent-verifier-s1-f5e0a532dcf6-20261004t024727-source:18309 --peer http://independent-verifier-s1-f5e0a532dcf6-20261004t024727-peer:8080 --candidate f5e0a532dcf6c2f0c44eb32d5213a9bf7812c250 --out /evidence/probes --case all,/evidence/probes/assertions.json#TK1-reset-type-reservation-reference-bool,verified
TK1-reset-type-reservation-reference-array,4. Fixture format / 5. Errors,169,1,"1,2,3,4",systems-engineer,systems-engineer,independent-verifier,,Fixture reservation.reference of wrong type array returns 400 malformed_request.,f5e0a532dcf6c2f0c44eb32d5213a9bf7812c250,black-box HTTP,extra,python3 /verifier/probe.py --base http://independent-verifier-s1-f5e0a532dcf6-20261004t024727-source:18309 --peer http://independent-verifier-s1-f5e0a532dcf6-20261004t024727-peer:8080 --candidate f5e0a532dcf6c2f0c44eb32d5213a9bf7812c250 --out /evidence/probes --case all,/evidence/probes/assertions.json#TK1-reset-type-reservation-reference-array,verified
TK1-reset-type-reservation-reference-object,4. Fixture format / 5. Errors,169,1,"1,2,3,4",systems-engineer,systems-engineer,independent-verifier,,Fixture reservation.reference of wrong type object returns 400 malformed_request.,f5e0a532dcf6c2f0c44eb32d5213a9bf7812c250,black-box HTTP,extra,python3 /verifier/probe.py --base http://independent-verifier-s1-f5e0a532dcf6-20261004t024727-source:18309 --peer http://independent-verifier-s1-f5e0a532dcf6-20261004t024727-peer:8080 --candidate f5e0a532dcf6c2f0c44eb32d5213a9bf7812c250 --out /evidence/probes --case all,/evidence/probes/assertions.json#TK1-reset-type-reservation-reference-object,verified
TK1-reset-type-reservation-reference-null,4. Fixture format / 5. Errors,169,1,"1,2,3,4",systems-engineer,systems-engineer,independent-verifier,,Fixture reservation.reference of wrong type null returns 400 malformed_request.,f5e0a532dcf6c2f0c44eb32d5213a9bf7812c250,black-box HTTP,extra,python3 /verifier/probe.py --base http://independent-verifier-s1-f5e0a532dcf6-20261004t024727-source:18309 --peer http://independent-verifier-s1-f5e0a532dcf6-20261004t024727-peer:8080 --candidate f5e0a532dcf6c2f0c44eb32d5213a9bf7812c250 --out /evidence/probes --case all,/evidence/probes/assertions.json#TK1-reset-type-reservation-reference-null,verified
TK1-reset-missing-reservation-user_id,4. Fixture format / 5. Errors,109,1,"1,2,3,4",systems-engineer,systems-engineer,independent-verifier,,Required fixture reservation.user_id missing returns 422 validation_failed.,f5e0a532dcf6c2f0c44eb32d5213a9bf7812c250,black-box HTTP,extra,python3 /verifier/probe.py --base http://independent-verifier-s1-f5e0a532dcf6-20261004t024727-source:18309 --peer http://independent-verifier-s1-f5e0a532dcf6-20261004t024727-peer:8080 --candidate f5e0a532dcf6c2f0c44eb32d5213a9bf7812c250 --out /evidence/probes --case all,/evidence/probes/assertions.json#TK1-reset-missing-reservation-user_id,verified
TK1-reset-type-reservation-user_id-number,4. Fixture format / 5. Errors,169,1,"1,2,3,4",systems-engineer,systems-engineer,independent-verifier,,Fixture reservation.user_id of wrong type number returns 400 malformed_request.,f5e0a532dcf6c2f0c44eb32d5213a9bf7812c250,black-box HTTP,extra,python3 /verifier/probe.py --base http://independent-verifier-s1-f5e0a532dcf6-20261004t024727-source:18309 --peer http://independent-verifier-s1-f5e0a532dcf6-20261004t024727-peer:8080 --candidate f5e0a532dcf6c2f0c44eb32d5213a9bf7812c250 --out /evidence/probes --case all,/evidence/probes/assertions.json#TK1-reset-type-reservation-user_id-number,verified
TK1-reset-type-reservation-user_id-bool,4. Fixture format / 5. Errors,169,1,"1,2,3,4",systems-engineer,systems-engineer,independent-verifier,,Fixture reservation.user_id of wrong type bool returns 400 malformed_request.,f5e0a532dcf6c2f0c44eb32d5213a9bf7812c250,black-box HTTP,extra,python3 /verifier/probe.py --base http://independent-verifier-s1-f5e0a532dcf6-20261004t024727-source:18309 --peer http://independent-verifier-s1-f5e0a532dcf6-20261004t024727-peer:8080 --candidate f5e0a532dcf6c2f0c44eb32d5213a9bf7812c250 --out /evidence/probes --case all,/evidence/probes/assertions.json#TK1-reset-type-reservation-user_id-bool,verified
TK1-reset-type-reservation-user_id-array,4. Fixture format / 5. Errors,169,1,"1,2,3,4",systems-engineer,systems-engineer,independent-verifier,,Fixture reservation.user_id of wrong type array returns 400 malformed_request.,f5e0a532dcf6c2f0c44eb32d5213a9bf7812c250,black-box HTTP,extra,python3 /verifier/probe.py --base http://independent-verifier-s1-f5e0a532dcf6-20261004t024727-source:18309 --peer http://independent-verifier-s1-f5e0a532dcf6-20261004t024727-peer:8080 --candidate f5e0a532dcf6c2f0c44eb32d5213a9bf7812c250 --out /evidence/probes --case all,/evidence/probes/assertions.json#TK1-reset-type-reservation-user_id-array,verified
TK1-reset-type-reservation-user_id-object,4. Fixture format / 5. Errors,169,1,"1,2,3,4",systems-engineer,systems-engineer,independent-verifier,,Fixture reservation.user_id of wrong type object returns 400 malformed_request.,f5e0a532dcf6c2f0c44eb32d5213a9bf7812c250,black-box HTTP,extra,python3 /verifier/probe.py --base http://independent-verifier-s1-f5e0a532dcf6-20261004t024727-source:18309 --peer http://independent-verifier-s1-f5e0a532dcf6-20261004t024727-peer:8080 --candidate f5e0a532dcf6c2f0c44eb32d5213a9bf7812c250 --out /evidence/probes --case all,/evidence/probes/assertions.json#TK1-reset-type-reservation-user_id-object,verified
TK1-reset-type-reservation-user_id-null,4. Fixture format / 5. Errors,169,1,"1,2,3,4",systems-engineer,systems-engineer,independent-verifier,,Fixture reservation.user_id of wrong type null returns 400 malformed_request.,f5e0a532dcf6c2f0c44eb32d5213a9bf7812c250,black-box HTTP,extra,python3 /verifier/probe.py --base http://independent-verifier-s1-f5e0a532dcf6-20261004t024727-source:18309 --peer http://independent-verifier-s1-f5e0a532dcf6-20261004t024727-peer:8080 --candidate f5e0a532dcf6c2f0c44eb32d5213a9bf7812c250 --out /evidence/probes --case all,/evidence/probes/assertions.json#TK1-reset-type-reservation-user_id-null,verified
TK1-reset-missing-reservation-party_size,4. Fixture format / 5. Errors,109,1,"1,2,3,4",systems-engineer,systems-engineer,independent-verifier,,Required fixture reservation.party_size missing returns 422 validation_failed.,f5e0a532dcf6c2f0c44eb32d5213a9bf7812c250,black-box HTTP,extra,python3 /verifier/probe.py --base http://independent-verifier-s1-f5e0a532dcf6-20261004t024727-source:18309 --peer http://independent-verifier-s1-f5e0a532dcf6-20261004t024727-peer:8080 --candidate f5e0a532dcf6c2f0c44eb32d5213a9bf7812c250 --out /evidence/probes --case all,/evidence/probes/assertions.json#TK1-reset-missing-reservation-party_size,verified
TK1-reset-type-reservation-party_size-string,4. Fixture format / 5. Errors,169,1,"1,2,3,4",systems-engineer,systems-engineer,independent-verifier,,Fixture reservation.party_size of wrong type string returns 422 validation_failed.,f5e0a532dcf6c2f0c44eb32d5213a9bf7812c250,black-box HTTP,extra,python3 /verifier/probe.py --base http://independent-verifier-s1-f5e0a532dcf6-20261004t024727-source:18309 --peer http://independent-verifier-s1-f5e0a532dcf6-20261004t024727-peer:8080 --candidate f5e0a532dcf6c2f0c44eb32d5213a9bf7812c250 --out /evidence/probes --case all,/evidence/probes/assertions.json#TK1-reset-type-reservation-party_size-string,verified
TK1-reset-type-reservation-party_size-bool,4. Fixture format / 5. Errors,169,1,"1,2,3,4",systems-engineer,systems-engineer,independent-verifier,,Fixture reservation.party_size of wrong type bool returns 422 validation_failed.,f5e0a532dcf6c2f0c44eb32d5213a9bf7812c250,black-box HTTP,extra,python3 /verifier/probe.py --base http://independent-verifier-s1-f5e0a532dcf6-20261004t024727-source:18309 --peer http://independent-verifier-s1-f5e0a532dcf6-20261004t024727-peer:8080 --candidate f5e0a532dcf6c2f0c44eb32d5213a9bf7812c250 --out /evidence/probes --case all,/evidence/probes/assertions.json#TK1-reset-type-reservation-party_size-bool,verified
TK1-reset-type-reservation-party_size-array,4. Fixture format / 5. Errors,169,1,"1,2,3,4",systems-engineer,systems-engineer,independent-verifier,,Fixture reservation.party_size of wrong type array returns 422 validation_failed.,f5e0a532dcf6c2f0c44eb32d5213a9bf7812c250,black-box HTTP,extra,python3 /verifier/probe.py --base http://independent-verifier-s1-f5e0a532dcf6-20261004t024727-source:18309 --peer http://independent-verifier-s1-f5e0a532dcf6-20261004t024727-peer:8080 --candidate f5e0a532dcf6c2f0c44eb32d5213a9bf7812c250 --out /evidence/probes --case all,/evidence/probes/assertions.json#TK1-reset-type-reservation-party_size-array,verified
TK1-reset-type-reservation-party_size-object,4. Fixture format / 5. Errors,169,1,"1,2,3,4",systems-engineer,systems-engineer,independent-verifier,,Fixture reservation.party_size of wrong type object returns 422 validation_failed.,f5e0a532dcf6c2f0c44eb32d5213a9bf7812c250,black-box HTTP,extra,python3 /verifier/probe.py --base http://independent-verifier-s1-f5e0a532dcf6-20261004t024727-source:18309 --peer http://independent-verifier-s1-f5e0a532dcf6-20261004t024727-peer:8080 --candidate f5e0a532dcf6c2f0c44eb32d5213a9bf7812c250 --out /evidence/probes --case all,/evidence/probes/assertions.json#TK1-reset-type-reservation-party_size-object,verified
TK1-reset-type-reservation-party_size-null,4. Fixture format / 5. Errors,169,1,"1,2,3,4",systems-engineer,systems-engineer,independent-verifier,,Fixture reservation.party_size of wrong type null returns 422 validation_failed.,f5e0a532dcf6c2f0c44eb32d5213a9bf7812c250,black-box HTTP,extra,python3 /verifier/probe.py --base http://independent-verifier-s1-f5e0a532dcf6-20261004t024727-source:18309 --peer http://independent-verifier-s1-f5e0a532dcf6-20261004t024727-peer:8080 --candidate f5e0a532dcf6c2f0c44eb32d5213a9bf7812c250 --out /evidence/probes --case all,/evidence/probes/assertions.json#TK1-reset-type-reservation-party_size-null,verified
TK1-reset-missing-restaurant-opening_hours,4. Fixture format / 5. Errors,109,1,"1,2,3,4",systems-engineer,systems-engineer,independent-verifier,,Required fixture restaurant.opening_hours missing returns 422 validation_failed.,f5e0a532dcf6c2f0c44eb32d5213a9bf7812c250,black-box HTTP,extra,python3 /verifier/probe.py --base http://independent-verifier-s1-f5e0a532dcf6-20261004t024727-source:18309 --peer http://independent-verifier-s1-f5e0a532dcf6-20261004t024727-peer:8080 --candidate f5e0a532dcf6c2f0c44eb32d5213a9bf7812c250 --out /evidence/probes --case all,/evidence/probes/assertions.json#TK1-reset-missing-restaurant-opening_hours,verified
TK1-reset-missing-restaurant-tables,4. Fixture format / 5. Errors,109,1,"1,2,3,4",systems-engineer,systems-engineer,independent-verifier,,Required fixture restaurant.tables missing returns 422 validation_failed.,f5e0a532dcf6c2f0c44eb32d5213a9bf7812c250,black-box HTTP,extra,python3 /verifier/probe.py --base http://independent-verifier-s1-f5e0a532dcf6-20261004t024727-source:18309 --peer http://independent-verifier-s1-f5e0a532dcf6-20261004t024727-peer:8080 --candidate f5e0a532dcf6c2f0c44eb32d5213a9bf7812c250 --out /evidence/probes --case all,/evidence/probes/assertions.json#TK1-reset-missing-restaurant-tables,verified
TK1-unknown-field-reset,3.4 Conventions,88,1,"1,2,3,4",systems-engineer,systems-engineer,independent-verifier,,reset ignores unknown request body fields.,f5e0a532dcf6c2f0c44eb32d5213a9bf7812c250,black-box HTTP,extra,python3 /verifier/probe.py --base http://independent-verifier-s1-f5e0a532dcf6-20261004t024727-source:18309 --peer http://independent-verifier-s1-f5e0a532dcf6-20261004t024727-peer:8080 --candidate f5e0a532dcf6c2f0c44eb32d5213a9bf7812c250 --out /evidence/probes --case all,/evidence/probes/assertions.json#TK1-unknown-field-reset,verified
TK1-unknown-field-signup,3.4 Conventions,88,1,"1,2,3,4",systems-engineer,systems-engineer,independent-verifier,,signup ignores unknown request body fields.,f5e0a532dcf6c2f0c44eb32d5213a9bf7812c250,black-box HTTP,extra,python3 /verifier/probe.py --base http://independent-verifier-s1-f5e0a532dcf6-20261004t024727-source:18309 --peer http://independent-verifier-s1-f5e0a532dcf6-20261004t024727-peer:8080 --candidate f5e0a532dcf6c2f0c44eb32d5213a9bf7812c250 --out /evidence/probes --case all,/evidence/probes/assertions.json#TK1-unknown-field-signup,verified
TK1-unknown-field-login,3.4 Conventions,88,1,"1,2,3,4",systems-engineer,systems-engineer,independent-verifier,,login ignores unknown request body fields.,f5e0a532dcf6c2f0c44eb32d5213a9bf7812c250,black-box HTTP,extra,python3 /verifier/probe.py --base http://independent-verifier-s1-f5e0a532dcf6-20261004t024727-source:18309 --peer http://independent-verifier-s1-f5e0a532dcf6-20261004t024727-peer:8080 --candidate f5e0a532dcf6c2f0c44eb32d5213a9bf7812c250 --out /evidence/probes --case all,/evidence/probes/assertions.json#TK1-unknown-field-login,verified
TK1-unknown-field-create,3.4 Conventions,88,1,"1,2,3,4",systems-engineer,systems-engineer,independent-verifier,,create ignores unknown request body fields.,f5e0a532dcf6c2f0c44eb32d5213a9bf7812c250,black-box HTTP,extra,python3 /verifier/probe.py --base http://independent-verifier-s1-f5e0a532dcf6-20261004t024727-source:18309 --peer http://independent-verifier-s1-f5e0a532dcf6-20261004t024727-peer:8080 --candidate f5e0a532dcf6c2f0c44eb32d5213a9bf7812c250 --out /evidence/probes --case all,/evidence/probes/assertions.json#TK1-unknown-field-create,verified
TK1-unknown-field-patch,3.4 Conventions,88,1,"1,2,3,4",systems-engineer,systems-engineer,independent-verifier,,patch ignores unknown request body fields.,f5e0a532dcf6c2f0c44eb32d5213a9bf7812c250,black-box HTTP,extra,python3 /verifier/probe.py --base http://independent-verifier-s1-f5e0a532dcf6-20261004t024727-source:18309 --peer http://independent-verifier-s1-f5e0a532dcf6-20261004t024727-peer:8080 --candidate f5e0a532dcf6c2f0c44eb32d5213a9bf7812c250 --out /evidence/probes --case all,/evidence/probes/assertions.json#TK1-unknown-field-patch,verified
TK1-unknown-field-cancel,3.4 Conventions,88,1,"1,2,3,4",systems-engineer,systems-engineer,independent-verifier,,cancel ignores unknown request body fields.,f5e0a532dcf6c2f0c44eb32d5213a9bf7812c250,black-box HTTP,extra,python3 /verifier/probe.py --base http://independent-verifier-s1-f5e0a532dcf6-20261004t024727-source:18309 --peer http://independent-verifier-s1-f5e0a532dcf6-20261004t024727-peer:8080 --candidate f5e0a532dcf6c2f0c44eb32d5213a9bf7812c250 --out /evidence/probes --case all,/evidence/probes/assertions.json#TK1-unknown-field-cancel,verified
TK1-unknown-field-batch,3.4 Conventions,88,1,"1,2,3,4",systems-engineer,systems-engineer,independent-verifier,,batch ignores unknown request body fields.,f5e0a532dcf6c2f0c44eb32d5213a9bf7812c250,black-box HTTP,extra,python3 /verifier/probe.py --base http://independent-verifier-s1-f5e0a532dcf6-20261004t024727-source:18309 --peer http://independent-verifier-s1-f5e0a532dcf6-20261004t024727-peer:8080 --candidate f5e0a532dcf6c2f0c44eb32d5213a9bf7812c250 --out /evidence/probes --case all,/evidence/probes/assertions.json#TK1-unknown-field-batch,verified
TK1-unknown-field-import,3.4 Conventions,88,1,"1,2,3,4",systems-engineer,systems-engineer,independent-verifier,,import ignores unknown request body fields.,f5e0a532dcf6c2f0c44eb32d5213a9bf7812c250,black-box HTTP,extra,python3 /verifier/probe.py --base http://independent-verifier-s1-f5e0a532dcf6-20261004t024727-source:18309 --peer http://independent-verifier-s1-f5e0a532dcf6-20261004t024727-peer:8080 --candidate f5e0a532dcf6c2f0c44eb32d5213a9bf7812c250 --out /evidence/probes --case all,/evidence/probes/assertions.json#TK1-unknown-field-import,verified
TK1-extra-type-create-party_size-array,5. Errors / 8. POST/PATCH /reservations / 11. Atomic reservation moves,172,1,"1,2,3,4",systems-engineer,systems-engineer,independent-verifier,,create: array party_size returns 422 validation_failed.,f5e0a532dcf6c2f0c44eb32d5213a9bf7812c250,black-box HTTP,extra,python3 /verifier/probe.py --base http://independent-verifier-s1-f5e0a532dcf6-20261004t024727-source:18309 --peer http://independent-verifier-s1-f5e0a532dcf6-20261004t024727-peer:8080 --candidate f5e0a532dcf6c2f0c44eb32d5213a9bf7812c250 --out /evidence/probes --case all,/evidence/probes/assertions.json#TK1-extra-type-create-party_size-array,verified
TK1-extra-type-create-party_size-object,5. Errors / 8. POST/PATCH /reservations / 11. Atomic reservation moves,172,1,"1,2,3,4",systems-engineer,systems-engineer,independent-verifier,,create: object party_size returns 422 validation_failed.,f5e0a532dcf6c2f0c44eb32d5213a9bf7812c250,black-box HTTP,extra,python3 /verifier/probe.py --base http://independent-verifier-s1-f5e0a532dcf6-20261004t024727-source:18309 --peer http://independent-verifier-s1-f5e0a532dcf6-20261004t024727-peer:8080 --candidate f5e0a532dcf6c2f0c44eb32d5213a9bf7812c250 --out /evidence/probes --case all,/evidence/probes/assertions.json#TK1-extra-type-create-party_size-object,verified
TK1-extra-type-create-party_size-null,5. Errors / 8. POST/PATCH /reservations / 11. Atomic reservation moves,172,1,"1,2,3,4",systems-engineer,systems-engineer,independent-verifier,,create: null party_size returns 422 validation_failed.,f5e0a532dcf6c2f0c44eb32d5213a9bf7812c250,black-box HTTP,extra,python3 /verifier/probe.py --base http://independent-verifier-s1-f5e0a532dcf6-20261004t024727-source:18309 --peer http://independent-verifier-s1-f5e0a532dcf6-20261004t024727-peer:8080 --candidate f5e0a532dcf6c2f0c44eb32d5213a9bf7812c250 --out /evidence/probes --case all,/evidence/probes/assertions.json#TK1-extra-type-create-party_size-null,verified
TK1-extra-type-create-starts_at_local-array,5. Errors / 8. POST/PATCH /reservations / 11. Atomic reservation moves,172,1,"1,2,3,4",systems-engineer,systems-engineer,independent-verifier,,create: array starts_at_local returns 400 malformed_request.,f5e0a532dcf6c2f0c44eb32d5213a9bf7812c250,black-box HTTP,extra,python3 /verifier/probe.py --base http://independent-verifier-s1-f5e0a532dcf6-20261004t024727-source:18309 --peer http://independent-verifier-s1-f5e0a532dcf6-20261004t024727-peer:8080 --candidate f5e0a532dcf6c2f0c44eb32d5213a9bf7812c250 --out /evidence/probes --case all,/evidence/probes/assertions.json#TK1-extra-type-create-starts_at_local-array,verified
TK1-extra-type-create-starts_at_local-object,5. Errors / 8. POST/PATCH /reservations / 11. Atomic reservation moves,172,1,"1,2,3,4",systems-engineer,systems-engineer,independent-verifier,,create: object starts_at_local returns 400 malformed_request.,f5e0a532dcf6c2f0c44eb32d5213a9bf7812c250,black-box HTTP,extra,python3 /verifier/probe.py --base http://independent-verifier-s1-f5e0a532dcf6-20261004t024727-source:18309 --peer http://independent-verifier-s1-f5e0a532dcf6-20261004t024727-peer:8080 --candidate f5e0a532dcf6c2f0c44eb32d5213a9bf7812c250 --out /evidence/probes --case all,/evidence/probes/assertions.json#TK1-extra-type-create-starts_at_local-object,verified
TK1-extra-type-create-starts_at_local-null,5. Errors / 8. POST/PATCH /reservations / 11. Atomic reservation moves,172,1,"1,2,3,4",systems-engineer,systems-engineer,independent-verifier,,create: null starts_at_local returns 400 malformed_request.,f5e0a532dcf6c2f0c44eb32d5213a9bf7812c250,black-box HTTP,extra,python3 /verifier/probe.py --base http://independent-verifier-s1-f5e0a532dcf6-20261004t024727-source:18309 --peer http://independent-verifier-s1-f5e0a532dcf6-20261004t024727-peer:8080 --candidate f5e0a532dcf6c2f0c44eb32d5213a9bf7812c250 --out /evidence/probes --case all,/evidence/probes/assertions.json#TK1-extra-type-create-starts_at_local-null,verified
TK1-extra-type-create-starts_at_local-bool,5. Errors / 8. POST/PATCH /reservations / 11. Atomic reservation moves,172,1,"1,2,3,4",systems-engineer,systems-engineer,independent-verifier,,create: bool starts_at_local returns 400 malformed_request.,f5e0a532dcf6c2f0c44eb32d5213a9bf7812c250,black-box HTTP,extra,python3 /verifier/probe.py --base http://independent-verifier-s1-f5e0a532dcf6-20261004t024727-source:18309 --peer http://independent-verifier-s1-f5e0a532dcf6-20261004t024727-peer:8080 --candidate f5e0a532dcf6c2f0c44eb32d5213a9bf7812c250 --out /evidence/probes --case all,/evidence/probes/assertions.json#TK1-extra-type-create-starts_at_local-bool,verified
TK1-id-over-create-restaurant_id,3.4 Conventions / 5. Errors,89,1,"1,2,3,4",systems-engineer,systems-engineer,independent-verifier,,create restaurant_id longer than 64 characters returns 422 validation_failed.,f5e0a532dcf6c2f0c44eb32d5213a9bf7812c250,black-box HTTP,extra,python3 /verifier/probe.py --base http://independent-verifier-s1-f5e0a532dcf6-20261004t024727-source:18309 --peer http://independent-verifier-s1-f5e0a532dcf6-20261004t024727-peer:8080 --candidate f5e0a532dcf6c2f0c44eb32d5213a9bf7812c250 --out /evidence/probes --case all,/evidence/probes/assertions.json#TK1-id-over-create-restaurant_id,verified
TK1-id-over-create-table_id,3.4 Conventions / 5. Errors,89,1,"1,2,3,4",systems-engineer,systems-engineer,independent-verifier,,create table_id longer than 64 characters returns 422 validation_failed.,f5e0a532dcf6c2f0c44eb32d5213a9bf7812c250,black-box HTTP,extra,python3 /verifier/probe.py --base http://independent-verifier-s1-f5e0a532dcf6-20261004t024727-source:18309 --peer http://independent-verifier-s1-f5e0a532dcf6-20261004t024727-peer:8080 --candidate f5e0a532dcf6c2f0c44eb32d5213a9bf7812c250 --out /evidence/probes --case all,/evidence/probes/assertions.json#TK1-id-over-create-table_id,verified
TK1-extra-type-patch-party_size-array,5. Errors / 8. POST/PATCH /reservations / 11. Atomic reservation moves,172,1,"1,2,3,4",systems-engineer,systems-engineer,independent-verifier,,patch: array party_size returns 422 validation_failed.,f5e0a532dcf6c2f0c44eb32d5213a9bf7812c250,black-box HTTP,extra,python3 /verifier/probe.py --base http://independent-verifier-s1-f5e0a532dcf6-20261004t024727-source:18309 --peer http://independent-verifier-s1-f5e0a532dcf6-20261004t024727-peer:8080 --candidate f5e0a532dcf6c2f0c44eb32d5213a9bf7812c250 --out /evidence/probes --case all,/evidence/probes/assertions.json#TK1-extra-type-patch-party_size-array,verified
TK1-extra-type-patch-party_size-object,5. Errors / 8. POST/PATCH /reservations / 11. Atomic reservation moves,172,1,"1,2,3,4",systems-engineer,systems-engineer,independent-verifier,,patch: object party_size returns 422 validation_failed.,f5e0a532dcf6c2f0c44eb32d5213a9bf7812c250,black-box HTTP,extra,python3 /verifier/probe.py --base http://independent-verifier-s1-f5e0a532dcf6-20261004t024727-source:18309 --peer http://independent-verifier-s1-f5e0a532dcf6-20261004t024727-peer:8080 --candidate f5e0a532dcf6c2f0c44eb32d5213a9bf7812c250 --out /evidence/probes --case all,/evidence/probes/assertions.json#TK1-extra-type-patch-party_size-object,verified
TK1-extra-type-patch-party_size-null,5. Errors / 8. POST/PATCH /reservations / 11. Atomic reservation moves,172,1,"1,2,3,4",systems-engineer,systems-engineer,independent-verifier,,patch: null party_size returns 422 validation_failed.,f5e0a532dcf6c2f0c44eb32d5213a9bf7812c250,black-box HTTP,extra,python3 /verifier/probe.py --base http://independent-verifier-s1-f5e0a532dcf6-20261004t024727-source:18309 --peer http://independent-verifier-s1-f5e0a532dcf6-20261004t024727-peer:8080 --candidate f5e0a532dcf6c2f0c44eb32d5213a9bf7812c250 --out /evidence/probes --case all,/evidence/probes/assertions.json#TK1-extra-type-patch-party_size-null,verified
TK1-extra-type-patch-starts_at_local-array,5. Errors / 8. POST/PATCH /reservations / 11. Atomic reservation moves,172,1,"1,2,3,4",systems-engineer,systems-engineer,independent-verifier,,patch: array starts_at_local returns 400 malformed_request.,f5e0a532dcf6c2f0c44eb32d5213a9bf7812c250,black-box HTTP,extra,python3 /verifier/probe.py --base http://independent-verifier-s1-f5e0a532dcf6-20261004t024727-source:18309 --peer http://independent-verifier-s1-f5e0a532dcf6-20261004t024727-peer:8080 --candidate f5e0a532dcf6c2f0c44eb32d5213a9bf7812c250 --out /evidence/probes --case all,/evidence/probes/assertions.json#TK1-extra-type-patch-starts_at_local-array,verified
TK1-extra-type-patch-starts_at_local-object,5. Errors / 8. POST/PATCH /reservations / 11. Atomic reservation moves,172,1,"1,2,3,4",systems-engineer,systems-engineer,independent-verifier,,patch: object starts_at_local returns 400 malformed_request.,f5e0a532dcf6c2f0c44eb32d5213a9bf7812c250,black-box HTTP,extra,python3 /verifier/probe.py --base http://independent-verifier-s1-f5e0a532dcf6-20261004t024727-source:18309 --peer http://independent-verifier-s1-f5e0a532dcf6-20261004t024727-peer:8080 --candidate f5e0a532dcf6c2f0c44eb32d5213a9bf7812c250 --out /evidence/probes --case all,/evidence/probes/assertions.json#TK1-extra-type-patch-starts_at_local-object,verified
TK1-extra-type-patch-starts_at_local-null,5. Errors / 8. POST/PATCH /reservations / 11. Atomic reservation moves,172,1,"1,2,3,4",systems-engineer,systems-engineer,independent-verifier,,patch: null starts_at_local returns 400 malformed_request.,f5e0a532dcf6c2f0c44eb32d5213a9bf7812c250,black-box HTTP,extra,python3 /verifier/probe.py --base http://independent-verifier-s1-f5e0a532dcf6-20261004t024727-source:18309 --peer http://independent-verifier-s1-f5e0a532dcf6-20261004t024727-peer:8080 --candidate f5e0a532dcf6c2f0c44eb32d5213a9bf7812c250 --out /evidence/probes --case all,/evidence/probes/assertions.json#TK1-extra-type-patch-starts_at_local-null,verified
TK1-extra-type-patch-starts_at_local-bool,5. Errors / 8. POST/PATCH /reservations / 11. Atomic reservation moves,172,1,"1,2,3,4",systems-engineer,systems-engineer,independent-verifier,,patch: bool starts_at_local returns 400 malformed_request.,f5e0a532dcf6c2f0c44eb32d5213a9bf7812c250,black-box HTTP,extra,python3 /verifier/probe.py --base http://independent-verifier-s1-f5e0a532dcf6-20261004t024727-source:18309 --peer http://independent-verifier-s1-f5e0a532dcf6-20261004t024727-peer:8080 --candidate f5e0a532dcf6c2f0c44eb32d5213a9bf7812c250 --out /evidence/probes --case all,/evidence/probes/assertions.json#TK1-extra-type-patch-starts_at_local-bool,verified
TK1-id-over-patch-table_id,3.4 Conventions / 5. Errors,89,1,"1,2,3,4",systems-engineer,systems-engineer,independent-verifier,,patch table_id longer than 64 characters returns 422 validation_failed.,f5e0a532dcf6c2f0c44eb32d5213a9bf7812c250,black-box HTTP,extra,python3 /verifier/probe.py --base http://independent-verifier-s1-f5e0a532dcf6-20261004t024727-source:18309 --peer http://independent-verifier-s1-f5e0a532dcf6-20261004t024727-peer:8080 --candidate f5e0a532dcf6c2f0c44eb32d5213a9bf7812c250 --out /evidence/probes --case all,/evidence/probes/assertions.json#TK1-id-over-patch-table_id,verified
TK1-extra-type-batch-party_size-array,5. Errors / 8. POST/PATCH /reservations / 11. Atomic reservation moves,172,1,"1,2,3,4",systems-engineer,systems-engineer,independent-verifier,,batch: array party_size returns 422 validation_failed.,f5e0a532dcf6c2f0c44eb32d5213a9bf7812c250,black-box HTTP,extra,python3 /verifier/probe.py --base http://independent-verifier-s1-f5e0a532dcf6-20261004t024727-source:18309 --peer http://independent-verifier-s1-f5e0a532dcf6-20261004t024727-peer:8080 --candidate f5e0a532dcf6c2f0c44eb32d5213a9bf7812c250 --out /evidence/probes --case all,/evidence/probes/assertions.json#TK1-extra-type-batch-party_size-array,verified
TK1-extra-type-batch-party_size-object,5. Errors / 8. POST/PATCH /reservations / 11. Atomic reservation moves,172,1,"1,2,3,4",systems-engineer,systems-engineer,independent-verifier,,batch: object party_size returns 422 validation_failed.,f5e0a532dcf6c2f0c44eb32d5213a9bf7812c250,black-box HTTP,extra,python3 /verifier/probe.py --base http://independent-verifier-s1-f5e0a532dcf6-20261004t024727-source:18309 --peer http://independent-verifier-s1-f5e0a532dcf6-20261004t024727-peer:8080 --candidate f5e0a532dcf6c2f0c44eb32d5213a9bf7812c250 --out /evidence/probes --case all,/evidence/probes/assertions.json#TK1-extra-type-batch-party_size-object,verified
TK1-extra-type-batch-party_size-null,5. Errors / 8. POST/PATCH /reservations / 11. Atomic reservation moves,172,1,"1,2,3,4",systems-engineer,systems-engineer,independent-verifier,,batch: null party_size returns 422 validation_failed.,f5e0a532dcf6c2f0c44eb32d5213a9bf7812c250,black-box HTTP,extra,python3 /verifier/probe.py --base http://independent-verifier-s1-f5e0a532dcf6-20261004t024727-source:18309 --peer http://independent-verifier-s1-f5e0a532dcf6-20261004t024727-peer:8080 --candidate f5e0a532dcf6c2f0c44eb32d5213a9bf7812c250 --out /evidence/probes --case all,/evidence/probes/assertions.json#TK1-extra-type-batch-party_size-null,verified
TK1-extra-type-batch-starts_at_local-array,5. Errors / 8. POST/PATCH /reservations / 11. Atomic reservation moves,172,1,"1,2,3,4",systems-engineer,systems-engineer,independent-verifier,,batch: array starts_at_local returns 400 malformed_request.,f5e0a532dcf6c2f0c44eb32d5213a9bf7812c250,black-box HTTP,extra,python3 /verifier/probe.py --base http://independent-verifier-s1-f5e0a532dcf6-20261004t024727-source:18309 --peer http://independent-verifier-s1-f5e0a532dcf6-20261004t024727-peer:8080 --candidate f5e0a532dcf6c2f0c44eb32d5213a9bf7812c250 --out /evidence/probes --case all,/evidence/probes/assertions.json#TK1-extra-type-batch-starts_at_local-array,verified
TK1-extra-type-batch-starts_at_local-object,5. Errors / 8. POST/PATCH /reservations / 11. Atomic reservation moves,172,1,"1,2,3,4",systems-engineer,systems-engineer,independent-verifier,,batch: object starts_at_local returns 400 malformed_request.,f5e0a532dcf6c2f0c44eb32d5213a9bf7812c250,black-box HTTP,extra,python3 /verifier/probe.py --base http://independent-verifier-s1-f5e0a532dcf6-20261004t024727-source:18309 --peer http://independent-verifier-s1-f5e0a532dcf6-20261004t024727-peer:8080 --candidate f5e0a532dcf6c2f0c44eb32d5213a9bf7812c250 --out /evidence/probes --case all,/evidence/probes/assertions.json#TK1-extra-type-batch-starts_at_local-object,verified
TK1-extra-type-batch-starts_at_local-null,5. Errors / 8. POST/PATCH /reservations / 11. Atomic reservation moves,172,1,"1,2,3,4",systems-engineer,systems-engineer,independent-verifier,,batch: null starts_at_local returns 400 malformed_request.,f5e0a532dcf6c2f0c44eb32d5213a9bf7812c250,black-box HTTP,extra,python3 /verifier/probe.py --base http://independent-verifier-s1-f5e0a532dcf6-20261004t024727-source:18309 --peer http://independent-verifier-s1-f5e0a532dcf6-20261004t024727-peer:8080 --candidate f5e0a532dcf6c2f0c44eb32d5213a9bf7812c250 --out /evidence/probes --case all,/evidence/probes/assertions.json#TK1-extra-type-batch-starts_at_local-null,verified
TK1-extra-type-batch-starts_at_local-bool,5. Errors / 8. POST/PATCH /reservations / 11. Atomic reservation moves,172,1,"1,2,3,4",systems-engineer,systems-engineer,independent-verifier,,batch: bool starts_at_local returns 400 malformed_request.,f5e0a532dcf6c2f0c44eb32d5213a9bf7812c250,black-box HTTP,extra,python3 /verifier/probe.py --base http://independent-verifier-s1-f5e0a532dcf6-20261004t024727-source:18309 --peer http://independent-verifier-s1-f5e0a532dcf6-20261004t024727-peer:8080 --candidate f5e0a532dcf6c2f0c44eb32d5213a9bf7812c250 --out /evidence/probes --case all,/evidence/probes/assertions.json#TK1-extra-type-batch-starts_at_local-bool,verified
TK1-id-over-batch-table_id,3.4 Conventions / 5. Errors,89,1,"1,2,3,4",systems-engineer,systems-engineer,independent-verifier,,batch table_id longer than 64 characters returns 422 validation_failed.,f5e0a532dcf6c2f0c44eb32d5213a9bf7812c250,black-box HTTP,extra,python3 /verifier/probe.py --base http://independent-verifier-s1-f5e0a532dcf6-20261004t024727-source:18309 --peer http://independent-verifier-s1-f5e0a532dcf6-20261004t024727-peer:8080 --candidate f5e0a532dcf6c2f0c44eb32d5213a9bf7812c250 --out /evidence/probes --case all,/evidence/probes/assertions.json#TK1-id-over-batch-table_id,verified
TK1-create-failed-occupancy-key,7. Idempotency,255,1,"1,2,3,4",systems-engineer,systems-engineer,independent-verifier,,create: an occupancy-failed key can be reused with its original body after the conflicting occupancy is freed.,f5e0a532dcf6c2f0c44eb32d5213a9bf7812c250,black-box HTTP,extra,python3 /verifier/probe.py --base http://independent-verifier-s1-f5e0a532dcf6-20261004t024727-source:18309 --peer http://independent-verifier-s1-f5e0a532dcf6-20261004t024727-peer:8080 --candidate f5e0a532dcf6c2f0c44eb32d5213a9bf7812c250 --out /evidence/probes --case all,/evidence/probes/assertions.json#TK1-create-failed-occupancy-key,verified
TK1-batch-failed-occupancy-key,7. Idempotency,255,1,"1,2,3,4",systems-engineer,systems-engineer,independent-verifier,,batch: an occupancy-failed key can be reused with its original body after the conflicting occupancy is freed.,f5e0a532dcf6c2f0c44eb32d5213a9bf7812c250,black-box HTTP,extra,python3 /verifier/probe.py --base http://independent-verifier-s1-f5e0a532dcf6-20261004t024727-source:18309 --peer http://independent-verifier-s1-f5e0a532dcf6-20261004t024727-peer:8080 --candidate f5e0a532dcf6c2f0c44eb32d5213a9bf7812c250 --out /evidence/probes --case all,/evidence/probes/assertions.json#TK1-batch-failed-occupancy-key,verified
TK1-patch-berlin-skipped-time,8. PATCH /reservations / 9. Time and DST / 11. Atomic reservation moves,385,1,"1,2,3,4",systems-engineer,systems-engineer,independent-verifier,,patch rejects a nonexistent local time with 422 invalid_local_time.,f5e0a532dcf6c2f0c44eb32d5213a9bf7812c250,black-box HTTP,extra,python3 /verifier/probe.py --base http://independent-verifier-s1-f5e0a532dcf6-20261004t024727-source:18309 --peer http://independent-verifier-s1-f5e0a532dcf6-20261004t024727-peer:8080 --candidate f5e0a532dcf6c2f0c44eb32d5213a9bf7812c250 --out /evidence/probes --case all,/evidence/probes/assertions.json#TK1-patch-berlin-skipped-time,verified
TK1-patch-new-york-skipped-time,8. PATCH /reservations / 9. Time and DST / 11. Atomic reservation moves,385,1,"1,2,3,4",systems-engineer,systems-engineer,independent-verifier,,patch rejects a nonexistent local time with 422 invalid_local_time.,f5e0a532dcf6c2f0c44eb32d5213a9bf7812c250,black-box HTTP,extra,python3 /verifier/probe.py --base http://independent-verifier-s1-f5e0a532dcf6-20261004t024727-source:18309 --peer http://independent-verifier-s1-f5e0a532dcf6-20261004t024727-peer:8080 --candidate f5e0a532dcf6c2f0c44eb32d5213a9bf7812c250 --out /evidence/probes --case all,/evidence/probes/assertions.json#TK1-patch-new-york-skipped-time,verified
TK1-batch-berlin-skipped-time,8. PATCH /reservations / 9. Time and DST / 11. Atomic reservation moves,385,1,"1,2,3,4",systems-engineer,systems-engineer,independent-verifier,,batch rejects a nonexistent local time with 422 invalid_local_time.,f5e0a532dcf6c2f0c44eb32d5213a9bf7812c250,black-box HTTP,extra,python3 /verifier/probe.py --base http://independent-verifier-s1-f5e0a532dcf6-20261004t024727-source:18309 --peer http://independent-verifier-s1-f5e0a532dcf6-20261004t024727-peer:8080 --candidate f5e0a532dcf6c2f0c44eb32d5213a9bf7812c250 --out /evidence/probes --case all,/evidence/probes/assertions.json#TK1-batch-berlin-skipped-time,verified
TK1-batch-new-york-skipped-time,8. PATCH /reservations / 9. Time and DST / 11. Atomic reservation moves,385,1,"1,2,3,4",systems-engineer,systems-engineer,independent-verifier,,batch rejects a nonexistent local time with 422 invalid_local_time.,f5e0a532dcf6c2f0c44eb32d5213a9bf7812c250,black-box HTTP,extra,python3 /verifier/probe.py --base http://independent-verifier-s1-f5e0a532dcf6-20261004t024727-source:18309 --peer http://independent-verifier-s1-f5e0a532dcf6-20261004t024727-peer:8080 --candidate f5e0a532dcf6c2f0c44eb32d5213a9bf7812c250 --out /evidence/probes --case all,/evidence/probes/assertions.json#TK1-batch-new-york-skipped-time,verified
TK1-calendar-leap,4. Fixture format / 5. Errors,143,1,"1,2,3,4",systems-engineer,systems-engineer,independent-verifier,,Legal calendar date 2024-02-29 is accepted without past-date rejection or year-format truncation.,f5e0a532dcf6c2f0c44eb32d5213a9bf7812c250,black-box HTTP,extra,python3 /verifier/probe.py --base http://independent-verifier-s1-f5e0a532dcf6-20261004t024727-source:18309 --peer http://independent-verifier-s1-f5e0a532dcf6-20261004t024727-peer:8080 --candidate f5e0a532dcf6c2f0c44eb32d5213a9bf7812c250 --out /evidence/probes --case all,/evidence/probes/assertions.json#TK1-calendar-leap,verified
TK1-calendar-year-one,4. Fixture format / 5. Errors,143,1,"1,2,3,4",systems-engineer,systems-engineer,independent-verifier,,Legal calendar date 0001-01-01 is accepted without past-date rejection or year-format truncation.,f5e0a532dcf6c2f0c44eb32d5213a9bf7812c250,black-box HTTP,extra,python3 /verifier/probe.py --base http://independent-verifier-s1-f5e0a532dcf6-20261004t024727-source:18309 --peer http://independent-verifier-s1-f5e0a532dcf6-20261004t024727-peer:8080 --candidate f5e0a532dcf6c2f0c44eb32d5213a9bf7812c250 --out /evidence/probes --case all,/evidence/probes/assertions.json#TK1-calendar-year-one,verified
TK1-calendar-year-max,4. Fixture format / 5. Errors,143,1,"1,2,3,4",systems-engineer,systems-engineer,independent-verifier,,Legal calendar date 9999-12-31 is accepted without past-date rejection or year-format truncation.,f5e0a532dcf6c2f0c44eb32d5213a9bf7812c250,black-box HTTP,extra,python3 /verifier/probe.py --base http://independent-verifier-s1-f5e0a532dcf6-20261004t024727-source:18309 --peer http://independent-verifier-s1-f5e0a532dcf6-20261004t024727-peer:8080 --candidate f5e0a532dcf6c2f0c44eb32d5213a9bf7812c250 --out /evidence/probes --case all,/evidence/probes/assertions.json#TK1-calendar-year-max,verified
TK1-patch-closed-day,8. PATCH /reservations / 11. Atomic reservation moves,385,1,"1,2,3,4",systems-engineer,systems-engineer,independent-verifier,,Amendment to a closed day returns 422 outside_opening_hours with no mutation.,f5e0a532dcf6c2f0c44eb32d5213a9bf7812c250,black-box HTTP,extra,python3 /verifier/probe.py --base http://independent-verifier-s1-f5e0a532dcf6-20261004t024727-source:18309 --peer http://independent-verifier-s1-f5e0a532dcf6-20261004t024727-peer:8080 --candidate f5e0a532dcf6c2f0c44eb32d5213a9bf7812c250 --out /evidence/probes --case all,/evidence/probes/assertions.json#TK1-patch-closed-day,verified
TK1-batch-closed-day,8. PATCH /reservations / 11. Atomic reservation moves,385,1,"1,2,3,4",systems-engineer,systems-engineer,independent-verifier,,Batch amendment to a closed day returns 422 outside_opening_hours with no mutation.,f5e0a532dcf6c2f0c44eb32d5213a9bf7812c250,black-box HTTP,extra,python3 /verifier/probe.py --base http://independent-verifier-s1-f5e0a532dcf6-20261004t024727-source:18309 --peer http://independent-verifier-s1-f5e0a532dcf6-20261004t024727-peer:8080 --candidate f5e0a532dcf6c2f0c44eb32d5213a9bf7812c250 --out /evidence/probes --case all,/evidence/probes/assertions.json#TK1-batch-closed-day,verified
TK1-edge-utc-min-availability,4. Fixture format / 8. API / 9. Time and DST,143,1,"1,2,3,4",systems-engineer,systems-engineer,independent-verifier,"Coordinator decision: exact IANA instant and original starts_at_local; nearest representable minute wire offset, lower numerical tie. Literal historical subminute wire offset is an explicit interpretation exception; earlier failed observations are preserved.","Calendar boundary 0001-01-01 in UTC returns 200 availability, regardless of UTC representation range.",f5e0a532dcf6c2f0c44eb32d5213a9bf7812c250,black-box HTTP,calendar-edges,python3 /verifier/probe.py --base http://independent-verifier-s1-f5e0a532dcf6-20261004t024727-source:18309 --peer http://independent-verifier-s1-f5e0a532dcf6-20261004t024727-peer:8080 --candidate f5e0a532dcf6c2f0c44eb32d5213a9bf7812c250 --out /evidence/probes --case all,/evidence/probes/assertions.json#TK1-edge-utc-min-availability,verified
TK1-edge-utc-min-slots,4. Fixture format / 8. API / 9. Time and DST,143,1,"1,2,3,4",systems-engineer,systems-engineer,independent-verifier,"Coordinator decision: exact IANA instant and original starts_at_local; nearest representable minute wire offset, lower numerical tie. Literal historical subminute wire offset is an explicit interpretation exception; earlier failed observations are preserved.","Calendar boundary 0001-01-01 in UTC offers all eight fitting slots, regardless of UTC representation range.",f5e0a532dcf6c2f0c44eb32d5213a9bf7812c250,black-box HTTP,calendar-edges,python3 /verifier/probe.py --base http://independent-verifier-s1-f5e0a532dcf6-20261004t024727-source:18309 --peer http://independent-verifier-s1-f5e0a532dcf6-20261004t024727-peer:8080 --candidate f5e0a532dcf6c2f0c44eb32d5213a9bf7812c250 --out /evidence/probes --case all,/evidence/probes/assertions.json#TK1-edge-utc-min-slots,verified
TK1-edge-utc-min-create,4. Fixture format / 8. API / 9. Time and DST,143,1,"1,2,3,4",systems-engineer,systems-engineer,independent-verifier,"Coordinator decision: exact IANA instant and original starts_at_local; nearest representable minute wire offset, lower numerical tie. Literal historical subminute wire offset is an explicit interpretation exception; earlier failed observations are preserved.","Calendar boundary 0001-01-01 in UTC accepts the last fitting slot with 201, regardless of UTC representation range.",f5e0a532dcf6c2f0c44eb32d5213a9bf7812c250,black-box HTTP,calendar-edges,python3 /verifier/probe.py --base http://independent-verifier-s1-f5e0a532dcf6-20261004t024727-source:18309 --peer http://independent-verifier-s1-f5e0a532dcf6-20261004t024727-peer:8080 --candidate f5e0a532dcf6c2f0c44eb32d5213a9bf7812c250 --out /evidence/probes --case all,/evidence/probes/assertions.json#TK1-edge-utc-min-create,verified
TK1-edge-utc-min-start-instant,4. Fixture format / 8. API / 9. Time and DST,143,1,"1,2,3,4",systems-engineer,systems-engineer,independent-verifier,"Coordinator decision: exact IANA instant and original starts_at_local; nearest representable minute wire offset, lower numerical tie. Literal historical subminute wire offset is an explicit interpretation exception; earlier failed observations are preserved.","Calendar boundary 0001-01-01 in UTC preserves the exact IANA start instant, regardless of UTC representation range.",f5e0a532dcf6c2f0c44eb32d5213a9bf7812c250,black-box HTTP,calendar-edges,python3 /verifier/probe.py --base http://independent-verifier-s1-f5e0a532dcf6-20261004t024727-source:18309 --peer http://independent-verifier-s1-f5e0a532dcf6-20261004t024727-peer:8080 --candidate f5e0a532dcf6c2f0c44eb32d5213a9bf7812c250 --out /evidence/probes --case all,/evidence/probes/assertions.json#TK1-edge-utc-min-start-instant,verified
TK1-edge-utc-min-end-instant,4. Fixture format / 8. API / 9. Time and DST,143,1,"1,2,3,4",systems-engineer,systems-engineer,independent-verifier,"Coordinator decision: exact IANA instant and original starts_at_local; nearest representable minute wire offset, lower numerical tie. Literal historical subminute wire offset is an explicit interpretation exception; earlier failed observations are preserved.","Calendar boundary 0001-01-01 in UTC ends after 90 absolute minutes, regardless of UTC representation range.",f5e0a532dcf6c2f0c44eb32d5213a9bf7812c250,black-box HTTP,calendar-edges,python3 /verifier/probe.py --base http://independent-verifier-s1-f5e0a532dcf6-20261004t024727-source:18309 --peer http://independent-verifier-s1-f5e0a532dcf6-20261004t024727-peer:8080 --candidate f5e0a532dcf6c2f0c44eb32d5213a9bf7812c250 --out /evidence/probes --case all,/evidence/probes/assertions.json#TK1-edge-utc-min-end-instant,verified
TK1-edge-utc-min-availability-wires,3.4 Conventions / 9. Time and DST / coordinator timestamp decision,86,1,"1,2,3,4",systems-engineer,systems-engineer,independent-verifier,"Coordinator decision: exact IANA instant and original starts_at_local; nearest representable minute wire offset, lower numerical tie. Literal historical subminute wire offset is an explicit interpretation exception; earlier failed observations are preserved.","Under the explicitly recorded historic-offset interpretation, 0001-01-01 UTC: availability timestamps equal the independent exact-instant wire oracle.",f5e0a532dcf6c2f0c44eb32d5213a9bf7812c250,black-box HTTP,calendar-edges,python3 /verifier/probe.py --base http://independent-verifier-s1-f5e0a532dcf6-20261004t024727-source:18309 --peer http://independent-verifier-s1-f5e0a532dcf6-20261004t024727-peer:8080 --candidate f5e0a532dcf6c2f0c44eb32d5213a9bf7812c250 --out /evidence/probes --case all,/evidence/probes/assertions.json#TK1-edge-utc-min-availability-wires,verified
TK1-edge-utc-min-local-retained,3.4 Conventions / 9. Time and DST / coordinator timestamp decision,86,1,"1,2,3,4",systems-engineer,systems-engineer,independent-verifier,"Coordinator decision: exact IANA instant and original starts_at_local; nearest representable minute wire offset, lower numerical tie. Literal historical subminute wire offset is an explicit interpretation exception; earlier failed observations are preserved.","Under the explicitly recorded historic-offset interpretation, 0001-01-01 UTC: original starts_at_local survives unchanged.",f5e0a532dcf6c2f0c44eb32d5213a9bf7812c250,black-box HTTP,calendar-edges,python3 /verifier/probe.py --base http://independent-verifier-s1-f5e0a532dcf6-20261004t024727-source:18309 --peer http://independent-verifier-s1-f5e0a532dcf6-20261004t024727-peer:8080 --candidate f5e0a532dcf6c2f0c44eb32d5213a9bf7812c250 --out /evidence/probes --case all,/evidence/probes/assertions.json#TK1-edge-utc-min-local-retained,verified
TK1-edge-utc-min-start-wire,3.4 Conventions / 9. Time and DST / coordinator timestamp decision,86,1,"1,2,3,4",systems-engineer,systems-engineer,independent-verifier,"Coordinator decision: exact IANA instant and original starts_at_local; nearest representable minute wire offset, lower numerical tie. Literal historical subminute wire offset is an explicit interpretation exception; earlier failed observations are preserved.","Under the explicitly recorded historic-offset interpretation, 0001-01-01 UTC: start uses the deterministic nearest representable minute offset.",f5e0a532dcf6c2f0c44eb32d5213a9bf7812c250,black-box HTTP,calendar-edges,python3 /verifier/probe.py --base http://independent-verifier-s1-f5e0a532dcf6-20261004t024727-source:18309 --peer http://independent-verifier-s1-f5e0a532dcf6-20261004t024727-peer:8080 --candidate f5e0a532dcf6c2f0c44eb32d5213a9bf7812c250 --out /evidence/probes --case all,/evidence/probes/assertions.json#TK1-edge-utc-min-start-wire,verified
TK1-edge-utc-min-end-wire,3.4 Conventions / 9. Time and DST / coordinator timestamp decision,86,1,"1,2,3,4",systems-engineer,systems-engineer,independent-verifier,"Coordinator decision: exact IANA instant and original starts_at_local; nearest representable minute wire offset, lower numerical tie. Literal historical subminute wire offset is an explicit interpretation exception; earlier failed observations are preserved.","Under the explicitly recorded historic-offset interpretation, 0001-01-01 UTC: end uses that same serialization rule independently.",f5e0a532dcf6c2f0c44eb32d5213a9bf7812c250,black-box HTTP,calendar-edges,python3 /verifier/probe.py --base http://independent-verifier-s1-f5e0a532dcf6-20261004t024727-source:18309 --peer http://independent-verifier-s1-f5e0a532dcf6-20261004t024727-peer:8080 --candidate f5e0a532dcf6c2f0c44eb32d5213a9bf7812c250 --out /evidence/probes --case all,/evidence/probes/assertions.json#TK1-edge-utc-min-end-wire,verified
TK1-edge-utc-max-availability,4. Fixture format / 8. API / 9. Time and DST,143,1,"1,2,3,4",systems-engineer,systems-engineer,independent-verifier,"Coordinator decision: exact IANA instant and original starts_at_local; nearest representable minute wire offset, lower numerical tie. Literal historical subminute wire offset is an explicit interpretation exception; earlier failed observations are preserved.","Calendar boundary 9999-12-31 in UTC returns 200 availability, regardless of UTC representation range.",f5e0a532dcf6c2f0c44eb32d5213a9bf7812c250,black-box HTTP,calendar-edges,python3 /verifier/probe.py --base http://independent-verifier-s1-f5e0a532dcf6-20261004t024727-source:18309 --peer http://independent-verifier-s1-f5e0a532dcf6-20261004t024727-peer:8080 --candidate f5e0a532dcf6c2f0c44eb32d5213a9bf7812c250 --out /evidence/probes --case all,/evidence/probes/assertions.json#TK1-edge-utc-max-availability,verified
TK1-edge-utc-max-slots,4. Fixture format / 8. API / 9. Time and DST,143,1,"1,2,3,4",systems-engineer,systems-engineer,independent-verifier,"Coordinator decision: exact IANA instant and original starts_at_local; nearest representable minute wire offset, lower numerical tie. Literal historical subminute wire offset is an explicit interpretation exception; earlier failed observations are preserved.","Calendar boundary 9999-12-31 in UTC offers all eight fitting slots, regardless of UTC representation range.",f5e0a532dcf6c2f0c44eb32d5213a9bf7812c250,black-box HTTP,calendar-edges,python3 /verifier/probe.py --base http://independent-verifier-s1-f5e0a532dcf6-20261004t024727-source:18309 --peer http://independent-verifier-s1-f5e0a532dcf6-20261004t024727-peer:8080 --candidate f5e0a532dcf6c2f0c44eb32d5213a9bf7812c250 --out /evidence/probes --case all,/evidence/probes/assertions.json#TK1-edge-utc-max-slots,verified
TK1-edge-utc-max-create,4. Fixture format / 8. API / 9. Time and DST,143,1,"1,2,3,4",systems-engineer,systems-engineer,independent-verifier,"Coordinator decision: exact IANA instant and original starts_at_local; nearest representable minute wire offset, lower numerical tie. Literal historical subminute wire offset is an explicit interpretation exception; earlier failed observations are preserved.","Calendar boundary 9999-12-31 in UTC accepts the last fitting slot with 201, regardless of UTC representation range.",f5e0a532dcf6c2f0c44eb32d5213a9bf7812c250,black-box HTTP,calendar-edges,python3 /verifier/probe.py --base http://independent-verifier-s1-f5e0a532dcf6-20261004t024727-source:18309 --peer http://independent-verifier-s1-f5e0a532dcf6-20261004t024727-peer:8080 --candidate f5e0a532dcf6c2f0c44eb32d5213a9bf7812c250 --out /evidence/probes --case all,/evidence/probes/assertions.json#TK1-edge-utc-max-create,verified
TK1-edge-utc-max-start-instant,4. Fixture format / 8. API / 9. Time and DST,143,1,"1,2,3,4",systems-engineer,systems-engineer,independent-verifier,"Coordinator decision: exact IANA instant and original starts_at_local; nearest representable minute wire offset, lower numerical tie. Literal historical subminute wire offset is an explicit interpretation exception; earlier failed observations are preserved.","Calendar boundary 9999-12-31 in UTC preserves the exact IANA start instant, regardless of UTC representation range.",f5e0a532dcf6c2f0c44eb32d5213a9bf7812c250,black-box HTTP,calendar-edges,python3 /verifier/probe.py --base http://independent-verifier-s1-f5e0a532dcf6-20261004t024727-source:18309 --peer http://independent-verifier-s1-f5e0a532dcf6-20261004t024727-peer:8080 --candidate f5e0a532dcf6c2f0c44eb32d5213a9bf7812c250 --out /evidence/probes --case all,/evidence/probes/assertions.json#TK1-edge-utc-max-start-instant,verified
TK1-edge-utc-max-end-instant,4. Fixture format / 8. API / 9. Time and DST,143,1,"1,2,3,4",systems-engineer,systems-engineer,independent-verifier,"Coordinator decision: exact IANA instant and original starts_at_local; nearest representable minute wire offset, lower numerical tie. Literal historical subminute wire offset is an explicit interpretation exception; earlier failed observations are preserved.","Calendar boundary 9999-12-31 in UTC ends after 90 absolute minutes, regardless of UTC representation range.",f5e0a532dcf6c2f0c44eb32d5213a9bf7812c250,black-box HTTP,calendar-edges,python3 /verifier/probe.py --base http://independent-verifier-s1-f5e0a532dcf6-20261004t024727-source:18309 --peer http://independent-verifier-s1-f5e0a532dcf6-20261004t024727-peer:8080 --candidate f5e0a532dcf6c2f0c44eb32d5213a9bf7812c250 --out /evidence/probes --case all,/evidence/probes/assertions.json#TK1-edge-utc-max-end-instant,verified
TK1-edge-utc-max-availability-wires,3.4 Conventions / 9. Time and DST / coordinator timestamp decision,86,1,"1,2,3,4",systems-engineer,systems-engineer,independent-verifier,"Coordinator decision: exact IANA instant and original starts_at_local; nearest representable minute wire offset, lower numerical tie. Literal historical subminute wire offset is an explicit interpretation exception; earlier failed observations are preserved.","Under the explicitly recorded historic-offset interpretation, 9999-12-31 UTC: availability timestamps equal the independent exact-instant wire oracle.",f5e0a532dcf6c2f0c44eb32d5213a9bf7812c250,black-box HTTP,calendar-edges,python3 /verifier/probe.py --base http://independent-verifier-s1-f5e0a532dcf6-20261004t024727-source:18309 --peer http://independent-verifier-s1-f5e0a532dcf6-20261004t024727-peer:8080 --candidate f5e0a532dcf6c2f0c44eb32d5213a9bf7812c250 --out /evidence/probes --case all,/evidence/probes/assertions.json#TK1-edge-utc-max-availability-wires,verified
TK1-edge-utc-max-local-retained,3.4 Conventions / 9. Time and DST / coordinator timestamp decision,86,1,"1,2,3,4",systems-engineer,systems-engineer,independent-verifier,"Coordinator decision: exact IANA instant and original starts_at_local; nearest representable minute wire offset, lower numerical tie. Literal historical subminute wire offset is an explicit interpretation exception; earlier failed observations are preserved.","Under the explicitly recorded historic-offset interpretation, 9999-12-31 UTC: original starts_at_local survives unchanged.",f5e0a532dcf6c2f0c44eb32d5213a9bf7812c250,black-box HTTP,calendar-edges,python3 /verifier/probe.py --base http://independent-verifier-s1-f5e0a532dcf6-20261004t024727-source:18309 --peer http://independent-verifier-s1-f5e0a532dcf6-20261004t024727-peer:8080 --candidate f5e0a532dcf6c2f0c44eb32d5213a9bf7812c250 --out /evidence/probes --case all,/evidence/probes/assertions.json#TK1-edge-utc-max-local-retained,verified
TK1-edge-utc-max-start-wire,3.4 Conventions / 9. Time and DST / coordinator timestamp decision,86,1,"1,2,3,4",systems-engineer,systems-engineer,independent-verifier,"Coordinator decision: exact IANA instant and original starts_at_local; nearest representable minute wire offset, lower numerical tie. Literal historical subminute wire offset is an explicit interpretation exception; earlier failed observations are preserved.","Under the explicitly recorded historic-offset interpretation, 9999-12-31 UTC: start uses the deterministic nearest representable minute offset.",f5e0a532dcf6c2f0c44eb32d5213a9bf7812c250,black-box HTTP,calendar-edges,python3 /verifier/probe.py --base http://independent-verifier-s1-f5e0a532dcf6-20261004t024727-source:18309 --peer http://independent-verifier-s1-f5e0a532dcf6-20261004t024727-peer:8080 --candidate f5e0a532dcf6c2f0c44eb32d5213a9bf7812c250 --out /evidence/probes --case all,/evidence/probes/assertions.json#TK1-edge-utc-max-start-wire,verified
TK1-edge-utc-max-end-wire,3.4 Conventions / 9. Time and DST / coordinator timestamp decision,86,1,"1,2,3,4",systems-engineer,systems-engineer,independent-verifier,"Coordinator decision: exact IANA instant and original starts_at_local; nearest representable minute wire offset, lower numerical tie. Literal historical subminute wire offset is an explicit interpretation exception; earlier failed observations are preserved.","Under the explicitly recorded historic-offset interpretation, 9999-12-31 UTC: end uses that same serialization rule independently.",f5e0a532dcf6c2f0c44eb32d5213a9bf7812c250,black-box HTTP,calendar-edges,python3 /verifier/probe.py --base http://independent-verifier-s1-f5e0a532dcf6-20261004t024727-source:18309 --peer http://independent-verifier-s1-f5e0a532dcf6-20261004t024727-peer:8080 --candidate f5e0a532dcf6c2f0c44eb32d5213a9bf7812c250 --out /evidence/probes --case all,/evidence/probes/assertions.json#TK1-edge-utc-max-end-wire,verified
TK1-edge-berlin-min-availability,4. Fixture format / 8. API / 9. Time and DST,143,1,"1,2,3,4",systems-engineer,systems-engineer,independent-verifier,"Coordinator decision: exact IANA instant and original starts_at_local; nearest representable minute wire offset, lower numerical tie. Literal historical subminute wire offset is an explicit interpretation exception; earlier failed observations are preserved.","Calendar boundary 0001-01-01 in Europe/Berlin returns 200 availability, regardless of UTC representation range.",f5e0a532dcf6c2f0c44eb32d5213a9bf7812c250,black-box HTTP,calendar-edges,python3 /verifier/probe.py --base http://independent-verifier-s1-f5e0a532dcf6-20261004t024727-source:18309 --peer http://independent-verifier-s1-f5e0a532dcf6-20261004t024727-peer:8080 --candidate f5e0a532dcf6c2f0c44eb32d5213a9bf7812c250 --out /evidence/probes --case all,/evidence/probes/assertions.json#TK1-edge-berlin-min-availability,verified
TK1-edge-berlin-min-slots,4. Fixture format / 8. API / 9. Time and DST,143,1,"1,2,3,4",systems-engineer,systems-engineer,independent-verifier,"Coordinator decision: exact IANA instant and original starts_at_local; nearest representable minute wire offset, lower numerical tie. Literal historical subminute wire offset is an explicit interpretation exception; earlier failed observations are preserved.","Calendar boundary 0001-01-01 in Europe/Berlin offers all eight fitting slots, regardless of UTC representation range.",f5e0a532dcf6c2f0c44eb32d5213a9bf7812c250,black-box HTTP,calendar-edges,python3 /verifier/probe.py --base http://independent-verifier-s1-f5e0a532dcf6-20261004t024727-source:18309 --peer http://independent-verifier-s1-f5e0a532dcf6-20261004t024727-peer:8080 --candidate f5e0a532dcf6c2f0c44eb32d5213a9bf7812c250 --out /evidence/probes --case all,/evidence/probes/assertions.json#TK1-edge-berlin-min-slots,verified
TK1-edge-berlin-min-create,4. Fixture format / 8. API / 9. Time and DST,143,1,"1,2,3,4",systems-engineer,systems-engineer,independent-verifier,"Coordinator decision: exact IANA instant and original starts_at_local; nearest representable minute wire offset, lower numerical tie. Literal historical subminute wire offset is an explicit interpretation exception; earlier failed observations are preserved.","Calendar boundary 0001-01-01 in Europe/Berlin accepts the last fitting slot with 201, regardless of UTC representation range.",f5e0a532dcf6c2f0c44eb32d5213a9bf7812c250,black-box HTTP,calendar-edges,python3 /verifier/probe.py --base http://independent-verifier-s1-f5e0a532dcf6-20261004t024727-source:18309 --peer http://independent-verifier-s1-f5e0a532dcf6-20261004t024727-peer:8080 --candidate f5e0a532dcf6c2f0c44eb32d5213a9bf7812c250 --out /evidence/probes --case all,/evidence/probes/assertions.json#TK1-edge-berlin-min-create,verified
TK1-edge-berlin-min-start-instant,4. Fixture format / 8. API / 9. Time and DST,143,1,"1,2,3,4",systems-engineer,systems-engineer,independent-verifier,"Coordinator decision: exact IANA instant and original starts_at_local; nearest representable minute wire offset, lower numerical tie. Literal historical subminute wire offset is an explicit interpretation exception; earlier failed observations are preserved.","Calendar boundary 0001-01-01 in Europe/Berlin preserves the exact IANA start instant, regardless of UTC representation range.",f5e0a532dcf6c2f0c44eb32d5213a9bf7812c250,black-box HTTP,calendar-edges,python3 /verifier/probe.py --base http://independent-verifier-s1-f5e0a532dcf6-20261004t024727-source:18309 --peer http://independent-verifier-s1-f5e0a532dcf6-20261004t024727-peer:8080 --candidate f5e0a532dcf6c2f0c44eb32d5213a9bf7812c250 --out /evidence/probes --case all,/evidence/probes/assertions.json#TK1-edge-berlin-min-start-instant,verified
TK1-edge-berlin-min-end-instant,4. Fixture format / 8. API / 9. Time and DST,143,1,"1,2,3,4",systems-engineer,systems-engineer,independent-verifier,"Coordinator decision: exact IANA instant and original starts_at_local; nearest representable minute wire offset, lower numerical tie. Literal historical subminute wire offset is an explicit interpretation exception; earlier failed observations are preserved.","Calendar boundary 0001-01-01 in Europe/Berlin ends after 90 absolute minutes, regardless of UTC representation range.",f5e0a532dcf6c2f0c44eb32d5213a9bf7812c250,black-box HTTP,calendar-edges,python3 /verifier/probe.py --base http://independent-verifier-s1-f5e0a532dcf6-20261004t024727-source:18309 --peer http://independent-verifier-s1-f5e0a532dcf6-20261004t024727-peer:8080 --candidate f5e0a532dcf6c2f0c44eb32d5213a9bf7812c250 --out /evidence/probes --case all,/evidence/probes/assertions.json#TK1-edge-berlin-min-end-instant,verified
TK1-edge-berlin-min-availability-wires,3.4 Conventions / 9. Time and DST / coordinator timestamp decision,86,1,"1,2,3,4",systems-engineer,systems-engineer,independent-verifier,"Coordinator decision: exact IANA instant and original starts_at_local; nearest representable minute wire offset, lower numerical tie. Literal historical subminute wire offset is an explicit interpretation exception; earlier failed observations are preserved.","Under the explicitly recorded historic-offset interpretation, 0001-01-01 Europe/Berlin: availability timestamps equal the independent exact-instant wire oracle.",f5e0a532dcf6c2f0c44eb32d5213a9bf7812c250,black-box HTTP,calendar-edges,python3 /verifier/probe.py --base http://independent-verifier-s1-f5e0a532dcf6-20261004t024727-source:18309 --peer http://independent-verifier-s1-f5e0a532dcf6-20261004t024727-peer:8080 --candidate f5e0a532dcf6c2f0c44eb32d5213a9bf7812c250 --out /evidence/probes --case all,/evidence/probes/assertions.json#TK1-edge-berlin-min-availability-wires,verified
TK1-edge-berlin-min-local-retained,3.4 Conventions / 9. Time and DST / coordinator timestamp decision,86,1,"1,2,3,4",systems-engineer,systems-engineer,independent-verifier,"Coordinator decision: exact IANA instant and original starts_at_local; nearest representable minute wire offset, lower numerical tie. Literal historical subminute wire offset is an explicit interpretation exception; earlier failed observations are preserved.","Under the explicitly recorded historic-offset interpretation, 0001-01-01 Europe/Berlin: original starts_at_local survives unchanged.",f5e0a532dcf6c2f0c44eb32d5213a9bf7812c250,black-box HTTP,calendar-edges,python3 /verifier/probe.py --base http://independent-verifier-s1-f5e0a532dcf6-20261004t024727-source:18309 --peer http://independent-verifier-s1-f5e0a532dcf6-20261004t024727-peer:8080 --candidate f5e0a532dcf6c2f0c44eb32d5213a9bf7812c250 --out /evidence/probes --case all,/evidence/probes/assertions.json#TK1-edge-berlin-min-local-retained,verified
TK1-edge-berlin-min-start-wire,3.4 Conventions / 9. Time and DST / coordinator timestamp decision,86,1,"1,2,3,4",systems-engineer,systems-engineer,independent-verifier,"Coordinator decision: exact IANA instant and original starts_at_local; nearest representable minute wire offset, lower numerical tie. Literal historical subminute wire offset is an explicit interpretation exception; earlier failed observations are preserved.","Under the explicitly recorded historic-offset interpretation, 0001-01-01 Europe/Berlin: start uses the deterministic nearest representable minute offset.",f5e0a532dcf6c2f0c44eb32d5213a9bf7812c250,black-box HTTP,calendar-edges,python3 /verifier/probe.py --base http://independent-verifier-s1-f5e0a532dcf6-20261004t024727-source:18309 --peer http://independent-verifier-s1-f5e0a532dcf6-20261004t024727-peer:8080 --candidate f5e0a532dcf6c2f0c44eb32d5213a9bf7812c250 --out /evidence/probes --case all,/evidence/probes/assertions.json#TK1-edge-berlin-min-start-wire,verified
TK1-edge-berlin-min-end-wire,3.4 Conventions / 9. Time and DST / coordinator timestamp decision,86,1,"1,2,3,4",systems-engineer,systems-engineer,independent-verifier,"Coordinator decision: exact IANA instant and original starts_at_local; nearest representable minute wire offset, lower numerical tie. Literal historical subminute wire offset is an explicit interpretation exception; earlier failed observations are preserved.","Under the explicitly recorded historic-offset interpretation, 0001-01-01 Europe/Berlin: end uses that same serialization rule independently.",f5e0a532dcf6c2f0c44eb32d5213a9bf7812c250,black-box HTTP,calendar-edges,python3 /verifier/probe.py --base http://independent-verifier-s1-f5e0a532dcf6-20261004t024727-source:18309 --peer http://independent-verifier-s1-f5e0a532dcf6-20261004t024727-peer:8080 --candidate f5e0a532dcf6c2f0c44eb32d5213a9bf7812c250 --out /evidence/probes --case all,/evidence/probes/assertions.json#TK1-edge-berlin-min-end-wire,verified
TK1-edge-berlin-min-rfc3339,3.4 Conventions / 9. Time and DST,86,1,"1,2,3,4",systems-engineer,systems-engineer,independent-verifier,"Coordinator decision: exact IANA instant and original starts_at_local; nearest representable minute wire offset, lower numerical tie. Literal historical subminute wire offset is an explicit interpretation exception; earlier failed observations are preserved.",Historic Europe/Berlin reservation response timestamps are RFC3339 with explicit offsets.,f5e0a532dcf6c2f0c44eb32d5213a9bf7812c250,black-box HTTP,calendar-edges,python3 /verifier/probe.py --base http://independent-verifier-s1-f5e0a532dcf6-20261004t024727-source:18309 --peer http://independent-verifier-s1-f5e0a532dcf6-20261004t024727-peer:8080 --candidate f5e0a532dcf6c2f0c44eb32d5213a9bf7812c250 --out /evidence/probes --case all,/evidence/probes/assertions.json#TK1-edge-berlin-min-rfc3339,verified
TK1-edge-berlin-max-availability,4. Fixture format / 8. API / 9. Time and DST,143,1,"1,2,3,4",systems-engineer,systems-engineer,independent-verifier,"Coordinator decision: exact IANA instant and original starts_at_local; nearest representable minute wire offset, lower numerical tie. Literal historical subminute wire offset is an explicit interpretation exception; earlier failed observations are preserved.","Calendar boundary 9999-12-31 in Europe/Berlin returns 200 availability, regardless of UTC representation range.",f5e0a532dcf6c2f0c44eb32d5213a9bf7812c250,black-box HTTP,calendar-edges,python3 /verifier/probe.py --base http://independent-verifier-s1-f5e0a532dcf6-20261004t024727-source:18309 --peer http://independent-verifier-s1-f5e0a532dcf6-20261004t024727-peer:8080 --candidate f5e0a532dcf6c2f0c44eb32d5213a9bf7812c250 --out /evidence/probes --case all,/evidence/probes/assertions.json#TK1-edge-berlin-max-availability,verified
TK1-edge-berlin-max-slots,4. Fixture format / 8. API / 9. Time and DST,143,1,"1,2,3,4",systems-engineer,systems-engineer,independent-verifier,"Coordinator decision: exact IANA instant and original starts_at_local; nearest representable minute wire offset, lower numerical tie. Literal historical subminute wire offset is an explicit interpretation exception; earlier failed observations are preserved.","Calendar boundary 9999-12-31 in Europe/Berlin offers all eight fitting slots, regardless of UTC representation range.",f5e0a532dcf6c2f0c44eb32d5213a9bf7812c250,black-box HTTP,calendar-edges,python3 /verifier/probe.py --base http://independent-verifier-s1-f5e0a532dcf6-20261004t024727-source:18309 --peer http://independent-verifier-s1-f5e0a532dcf6-20261004t024727-peer:8080 --candidate f5e0a532dcf6c2f0c44eb32d5213a9bf7812c250 --out /evidence/probes --case all,/evidence/probes/assertions.json#TK1-edge-berlin-max-slots,verified
TK1-edge-berlin-max-create,4. Fixture format / 8. API / 9. Time and DST,143,1,"1,2,3,4",systems-engineer,systems-engineer,independent-verifier,"Coordinator decision: exact IANA instant and original starts_at_local; nearest representable minute wire offset, lower numerical tie. Literal historical subminute wire offset is an explicit interpretation exception; earlier failed observations are preserved.","Calendar boundary 9999-12-31 in Europe/Berlin accepts the last fitting slot with 201, regardless of UTC representation range.",f5e0a532dcf6c2f0c44eb32d5213a9bf7812c250,black-box HTTP,calendar-edges,python3 /verifier/probe.py --base http://independent-verifier-s1-f5e0a532dcf6-20261004t024727-source:18309 --peer http://independent-verifier-s1-f5e0a532dcf6-20261004t024727-peer:8080 --candidate f5e0a532dcf6c2f0c44eb32d5213a9bf7812c250 --out /evidence/probes --case all,/evidence/probes/assertions.json#TK1-edge-berlin-max-create,verified
TK1-edge-berlin-max-start-instant,4. Fixture format / 8. API / 9. Time and DST,143,1,"1,2,3,4",systems-engineer,systems-engineer,independent-verifier,"Coordinator decision: exact IANA instant and original starts_at_local; nearest representable minute wire offset, lower numerical tie. Literal historical subminute wire offset is an explicit interpretation exception; earlier failed observations are preserved.","Calendar boundary 9999-12-31 in Europe/Berlin preserves the exact IANA start instant, regardless of UTC representation range.",f5e0a532dcf6c2f0c44eb32d5213a9bf7812c250,black-box HTTP,calendar-edges,python3 /verifier/probe.py --base http://independent-verifier-s1-f5e0a532dcf6-20261004t024727-source:18309 --peer http://independent-verifier-s1-f5e0a532dcf6-20261004t024727-peer:8080 --candidate f5e0a532dcf6c2f0c44eb32d5213a9bf7812c250 --out /evidence/probes --case all,/evidence/probes/assertions.json#TK1-edge-berlin-max-start-instant,verified
TK1-edge-berlin-max-end-instant,4. Fixture format / 8. API / 9. Time and DST,143,1,"1,2,3,4",systems-engineer,systems-engineer,independent-verifier,"Coordinator decision: exact IANA instant and original starts_at_local; nearest representable minute wire offset, lower numerical tie. Literal historical subminute wire offset is an explicit interpretation exception; earlier failed observations are preserved.","Calendar boundary 9999-12-31 in Europe/Berlin ends after 90 absolute minutes, regardless of UTC representation range.",f5e0a532dcf6c2f0c44eb32d5213a9bf7812c250,black-box HTTP,calendar-edges,python3 /verifier/probe.py --base http://independent-verifier-s1-f5e0a532dcf6-20261004t024727-source:18309 --peer http://independent-verifier-s1-f5e0a532dcf6-20261004t024727-peer:8080 --candidate f5e0a532dcf6c2f0c44eb32d5213a9bf7812c250 --out /evidence/probes --case all,/evidence/probes/assertions.json#TK1-edge-berlin-max-end-instant,verified
TK1-edge-berlin-max-availability-wires,3.4 Conventions / 9. Time and DST / coordinator timestamp decision,86,1,"1,2,3,4",systems-engineer,systems-engineer,independent-verifier,"Coordinator decision: exact IANA instant and original starts_at_local; nearest representable minute wire offset, lower numerical tie. Literal historical subminute wire offset is an explicit interpretation exception; earlier failed observations are preserved.","Under the explicitly recorded historic-offset interpretation, 9999-12-31 Europe/Berlin: availability timestamps equal the independent exact-instant wire oracle.",f5e0a532dcf6c2f0c44eb32d5213a9bf7812c250,black-box HTTP,calendar-edges,python3 /verifier/probe.py --base http://independent-verifier-s1-f5e0a532dcf6-20261004t024727-source:18309 --peer http://independent-verifier-s1-f5e0a532dcf6-20261004t024727-peer:8080 --candidate f5e0a532dcf6c2f0c44eb32d5213a9bf7812c250 --out /evidence/probes --case all,/evidence/probes/assertions.json#TK1-edge-berlin-max-availability-wires,verified
TK1-edge-berlin-max-local-retained,3.4 Conventions / 9. Time and DST / coordinator timestamp decision,86,1,"1,2,3,4",systems-engineer,systems-engineer,independent-verifier,"Coordinator decision: exact IANA instant and original starts_at_local; nearest representable minute wire offset, lower numerical tie. Literal historical subminute wire offset is an explicit interpretation exception; earlier failed observations are preserved.","Under the explicitly recorded historic-offset interpretation, 9999-12-31 Europe/Berlin: original starts_at_local survives unchanged.",f5e0a532dcf6c2f0c44eb32d5213a9bf7812c250,black-box HTTP,calendar-edges,python3 /verifier/probe.py --base http://independent-verifier-s1-f5e0a532dcf6-20261004t024727-source:18309 --peer http://independent-verifier-s1-f5e0a532dcf6-20261004t024727-peer:8080 --candidate f5e0a532dcf6c2f0c44eb32d5213a9bf7812c250 --out /evidence/probes --case all,/evidence/probes/assertions.json#TK1-edge-berlin-max-local-retained,verified
TK1-edge-berlin-max-start-wire,3.4 Conventions / 9. Time and DST / coordinator timestamp decision,86,1,"1,2,3,4",systems-engineer,systems-engineer,independent-verifier,"Coordinator decision: exact IANA instant and original starts_at_local; nearest representable minute wire offset, lower numerical tie. Literal historical subminute wire offset is an explicit interpretation exception; earlier failed observations are preserved.","Under the explicitly recorded historic-offset interpretation, 9999-12-31 Europe/Berlin: start uses the deterministic nearest representable minute offset.",f5e0a532dcf6c2f0c44eb32d5213a9bf7812c250,black-box HTTP,calendar-edges,python3 /verifier/probe.py --base http://independent-verifier-s1-f5e0a532dcf6-20261004t024727-source:18309 --peer http://independent-verifier-s1-f5e0a532dcf6-20261004t024727-peer:8080 --candidate f5e0a532dcf6c2f0c44eb32d5213a9bf7812c250 --out /evidence/probes --case all,/evidence/probes/assertions.json#TK1-edge-berlin-max-start-wire,verified
TK1-edge-berlin-max-end-wire,3.4 Conventions / 9. Time and DST / coordinator timestamp decision,86,1,"1,2,3,4",systems-engineer,systems-engineer,independent-verifier,"Coordinator decision: exact IANA instant and original starts_at_local; nearest representable minute wire offset, lower numerical tie. Literal historical subminute wire offset is an explicit interpretation exception; earlier failed observations are preserved.","Under the explicitly recorded historic-offset interpretation, 9999-12-31 Europe/Berlin: end uses that same serialization rule independently.",f5e0a532dcf6c2f0c44eb32d5213a9bf7812c250,black-box HTTP,calendar-edges,python3 /verifier/probe.py --base http://independent-verifier-s1-f5e0a532dcf6-20261004t024727-source:18309 --peer http://independent-verifier-s1-f5e0a532dcf6-20261004t024727-peer:8080 --candidate f5e0a532dcf6c2f0c44eb32d5213a9bf7812c250 --out /evidence/probes --case all,/evidence/probes/assertions.json#TK1-edge-berlin-max-end-wire,verified
TK1-edge-new-york-min-availability,4. Fixture format / 8. API / 9. Time and DST,143,1,"1,2,3,4",systems-engineer,systems-engineer,independent-verifier,"Coordinator decision: exact IANA instant and original starts_at_local; nearest representable minute wire offset, lower numerical tie. Literal historical subminute wire offset is an explicit interpretation exception; earlier failed observations are preserved.","Calendar boundary 0001-01-01 in America/New_York returns 200 availability, regardless of UTC representation range.",f5e0a532dcf6c2f0c44eb32d5213a9bf7812c250,black-box HTTP,calendar-edges,python3 /verifier/probe.py --base http://independent-verifier-s1-f5e0a532dcf6-20261004t024727-source:18309 --peer http://independent-verifier-s1-f5e0a532dcf6-20261004t024727-peer:8080 --candidate f5e0a532dcf6c2f0c44eb32d5213a9bf7812c250 --out /evidence/probes --case all,/evidence/probes/assertions.json#TK1-edge-new-york-min-availability,verified
TK1-edge-new-york-min-slots,4. Fixture format / 8. API / 9. Time and DST,143,1,"1,2,3,4",systems-engineer,systems-engineer,independent-verifier,"Coordinator decision: exact IANA instant and original starts_at_local; nearest representable minute wire offset, lower numerical tie. Literal historical subminute wire offset is an explicit interpretation exception; earlier failed observations are preserved.","Calendar boundary 0001-01-01 in America/New_York offers all eight fitting slots, regardless of UTC representation range.",f5e0a532dcf6c2f0c44eb32d5213a9bf7812c250,black-box HTTP,calendar-edges,python3 /verifier/probe.py --base http://independent-verifier-s1-f5e0a532dcf6-20261004t024727-source:18309 --peer http://independent-verifier-s1-f5e0a532dcf6-20261004t024727-peer:8080 --candidate f5e0a532dcf6c2f0c44eb32d5213a9bf7812c250 --out /evidence/probes --case all,/evidence/probes/assertions.json#TK1-edge-new-york-min-slots,verified
TK1-edge-new-york-min-create,4. Fixture format / 8. API / 9. Time and DST,143,1,"1,2,3,4",systems-engineer,systems-engineer,independent-verifier,"Coordinator decision: exact IANA instant and original starts_at_local; nearest representable minute wire offset, lower numerical tie. Literal historical subminute wire offset is an explicit interpretation exception; earlier failed observations are preserved.","Calendar boundary 0001-01-01 in America/New_York accepts the last fitting slot with 201, regardless of UTC representation range.",f5e0a532dcf6c2f0c44eb32d5213a9bf7812c250,black-box HTTP,calendar-edges,python3 /verifier/probe.py --base http://independent-verifier-s1-f5e0a532dcf6-20261004t024727-source:18309 --peer http://independent-verifier-s1-f5e0a532dcf6-20261004t024727-peer:8080 --candidate f5e0a532dcf6c2f0c44eb32d5213a9bf7812c250 --out /evidence/probes --case all,/evidence/probes/assertions.json#TK1-edge-new-york-min-create,verified
TK1-edge-new-york-min-start-instant,4. Fixture format / 8. API / 9. Time and DST,143,1,"1,2,3,4",systems-engineer,systems-engineer,independent-verifier,"Coordinator decision: exact IANA instant and original starts_at_local; nearest representable minute wire offset, lower numerical tie. Literal historical subminute wire offset is an explicit interpretation exception; earlier failed observations are preserved.","Calendar boundary 0001-01-01 in America/New_York preserves the exact IANA start instant, regardless of UTC representation range.",f5e0a532dcf6c2f0c44eb32d5213a9bf7812c250,black-box HTTP,calendar-edges,python3 /verifier/probe.py --base http://independent-verifier-s1-f5e0a532dcf6-20261004t024727-source:18309 --peer http://independent-verifier-s1-f5e0a532dcf6-20261004t024727-peer:8080 --candidate f5e0a532dcf6c2f0c44eb32d5213a9bf7812c250 --out /evidence/probes --case all,/evidence/probes/assertions.json#TK1-edge-new-york-min-start-instant,verified
TK1-edge-new-york-min-end-instant,4. Fixture format / 8. API / 9. Time and DST,143,1,"1,2,3,4",systems-engineer,systems-engineer,independent-verifier,"Coordinator decision: exact IANA instant and original starts_at_local; nearest representable minute wire offset, lower numerical tie. Literal historical subminute wire offset is an explicit interpretation exception; earlier failed observations are preserved.","Calendar boundary 0001-01-01 in America/New_York ends after 90 absolute minutes, regardless of UTC representation range.",f5e0a532dcf6c2f0c44eb32d5213a9bf7812c250,black-box HTTP,calendar-edges,python3 /verifier/probe.py --base http://independent-verifier-s1-f5e0a532dcf6-20261004t024727-source:18309 --peer http://independent-verifier-s1-f5e0a532dcf6-20261004t024727-peer:8080 --candidate f5e0a532dcf6c2f0c44eb32d5213a9bf7812c250 --out /evidence/probes --case all,/evidence/probes/assertions.json#TK1-edge-new-york-min-end-instant,verified
TK1-edge-new-york-min-availability-wires,3.4 Conventions / 9. Time and DST / coordinator timestamp decision,86,1,"1,2,3,4",systems-engineer,systems-engineer,independent-verifier,"Coordinator decision: exact IANA instant and original starts_at_local; nearest representable minute wire offset, lower numerical tie. Literal historical subminute wire offset is an explicit interpretation exception; earlier failed observations are preserved.","Under the explicitly recorded historic-offset interpretation, 0001-01-01 America/New_York: availability timestamps equal the independent exact-instant wire oracle.",f5e0a532dcf6c2f0c44eb32d5213a9bf7812c250,black-box HTTP,calendar-edges,python3 /verifier/probe.py --base http://independent-verifier-s1-f5e0a532dcf6-20261004t024727-source:18309 --peer http://independent-verifier-s1-f5e0a532dcf6-20261004t024727-peer:8080 --candidate f5e0a532dcf6c2f0c44eb32d5213a9bf7812c250 --out /evidence/probes --case all,/evidence/probes/assertions.json#TK1-edge-new-york-min-availability-wires,verified
TK1-edge-new-york-min-local-retained,3.4 Conventions / 9. Time and DST / coordinator timestamp decision,86,1,"1,2,3,4",systems-engineer,systems-engineer,independent-verifier,"Coordinator decision: exact IANA instant and original starts_at_local; nearest representable minute wire offset, lower numerical tie. Literal historical subminute wire offset is an explicit interpretation exception; earlier failed observations are preserved.","Under the explicitly recorded historic-offset interpretation, 0001-01-01 America/New_York: original starts_at_local survives unchanged.",f5e0a532dcf6c2f0c44eb32d5213a9bf7812c250,black-box HTTP,calendar-edges,python3 /verifier/probe.py --base http://independent-verifier-s1-f5e0a532dcf6-20261004t024727-source:18309 --peer http://independent-verifier-s1-f5e0a532dcf6-20261004t024727-peer:8080 --candidate f5e0a532dcf6c2f0c44eb32d5213a9bf7812c250 --out /evidence/probes --case all,/evidence/probes/assertions.json#TK1-edge-new-york-min-local-retained,verified
TK1-edge-new-york-min-start-wire,3.4 Conventions / 9. Time and DST / coordinator timestamp decision,86,1,"1,2,3,4",systems-engineer,systems-engineer,independent-verifier,"Coordinator decision: exact IANA instant and original starts_at_local; nearest representable minute wire offset, lower numerical tie. Literal historical subminute wire offset is an explicit interpretation exception; earlier failed observations are preserved.","Under the explicitly recorded historic-offset interpretation, 0001-01-01 America/New_York: start uses the deterministic nearest representable minute offset.",f5e0a532dcf6c2f0c44eb32d5213a9bf7812c250,black-box HTTP,calendar-edges,python3 /verifier/probe.py --base http://independent-verifier-s1-f5e0a532dcf6-20261004t024727-source:18309 --peer http://independent-verifier-s1-f5e0a532dcf6-20261004t024727-peer:8080 --candidate f5e0a532dcf6c2f0c44eb32d5213a9bf7812c250 --out /evidence/probes --case all,/evidence/probes/assertions.json#TK1-edge-new-york-min-start-wire,verified
TK1-edge-new-york-min-end-wire,3.4 Conventions / 9. Time and DST / coordinator timestamp decision,86,1,"1,2,3,4",systems-engineer,systems-engineer,independent-verifier,"Coordinator decision: exact IANA instant and original starts_at_local; nearest representable minute wire offset, lower numerical tie. Literal historical subminute wire offset is an explicit interpretation exception; earlier failed observations are preserved.","Under the explicitly recorded historic-offset interpretation, 0001-01-01 America/New_York: end uses that same serialization rule independently.",f5e0a532dcf6c2f0c44eb32d5213a9bf7812c250,black-box HTTP,calendar-edges,python3 /verifier/probe.py --base http://independent-verifier-s1-f5e0a532dcf6-20261004t024727-source:18309 --peer http://independent-verifier-s1-f5e0a532dcf6-20261004t024727-peer:8080 --candidate f5e0a532dcf6c2f0c44eb32d5213a9bf7812c250 --out /evidence/probes --case all,/evidence/probes/assertions.json#TK1-edge-new-york-min-end-wire,verified
TK1-edge-new-york-min-rfc3339,3.4 Conventions / 9. Time and DST,86,1,"1,2,3,4",systems-engineer,systems-engineer,independent-verifier,"Coordinator decision: exact IANA instant and original starts_at_local; nearest representable minute wire offset, lower numerical tie. Literal historical subminute wire offset is an explicit interpretation exception; earlier failed observations are preserved.",Historic America/New_York reservation response timestamps are RFC3339 with explicit offsets.,f5e0a532dcf6c2f0c44eb32d5213a9bf7812c250,black-box HTTP,calendar-edges,python3 /verifier/probe.py --base http://independent-verifier-s1-f5e0a532dcf6-20261004t024727-source:18309 --peer http://independent-verifier-s1-f5e0a532dcf6-20261004t024727-peer:8080 --candidate f5e0a532dcf6c2f0c44eb32d5213a9bf7812c250 --out /evidence/probes --case all,/evidence/probes/assertions.json#TK1-edge-new-york-min-rfc3339,verified
TK1-edge-new-york-max-availability,4. Fixture format / 8. API / 9. Time and DST,143,1,"1,2,3,4",systems-engineer,systems-engineer,independent-verifier,"Coordinator decision: exact IANA instant and original starts_at_local; nearest representable minute wire offset, lower numerical tie. Literal historical subminute wire offset is an explicit interpretation exception; earlier failed observations are preserved.","Calendar boundary 9999-12-31 in America/New_York returns 200 availability, regardless of UTC representation range.",f5e0a532dcf6c2f0c44eb32d5213a9bf7812c250,black-box HTTP,calendar-edges,python3 /verifier/probe.py --base http://independent-verifier-s1-f5e0a532dcf6-20261004t024727-source:18309 --peer http://independent-verifier-s1-f5e0a532dcf6-20261004t024727-peer:8080 --candidate f5e0a532dcf6c2f0c44eb32d5213a9bf7812c250 --out /evidence/probes --case all,/evidence/probes/assertions.json#TK1-edge-new-york-max-availability,verified
TK1-edge-new-york-max-slots,4. Fixture format / 8. API / 9. Time and DST,143,1,"1,2,3,4",systems-engineer,systems-engineer,independent-verifier,"Coordinator decision: exact IANA instant and original starts_at_local; nearest representable minute wire offset, lower numerical tie. Literal historical subminute wire offset is an explicit interpretation exception; earlier failed observations are preserved.","Calendar boundary 9999-12-31 in America/New_York offers all eight fitting slots, regardless of UTC representation range.",f5e0a532dcf6c2f0c44eb32d5213a9bf7812c250,black-box HTTP,calendar-edges,python3 /verifier/probe.py --base http://independent-verifier-s1-f5e0a532dcf6-20261004t024727-source:18309 --peer http://independent-verifier-s1-f5e0a532dcf6-20261004t024727-peer:8080 --candidate f5e0a532dcf6c2f0c44eb32d5213a9bf7812c250 --out /evidence/probes --case all,/evidence/probes/assertions.json#TK1-edge-new-york-max-slots,verified
TK1-edge-new-york-max-create,4. Fixture format / 8. API / 9. Time and DST,143,1,"1,2,3,4",systems-engineer,systems-engineer,independent-verifier,"Coordinator decision: exact IANA instant and original starts_at_local; nearest representable minute wire offset, lower numerical tie. Literal historical subminute wire offset is an explicit interpretation exception; earlier failed observations are preserved.","Calendar boundary 9999-12-31 in America/New_York accepts the last fitting slot with 201, regardless of UTC representation range.",f5e0a532dcf6c2f0c44eb32d5213a9bf7812c250,black-box HTTP,calendar-edges,python3 /verifier/probe.py --base http://independent-verifier-s1-f5e0a532dcf6-20261004t024727-source:18309 --peer http://independent-verifier-s1-f5e0a532dcf6-20261004t024727-peer:8080 --candidate f5e0a532dcf6c2f0c44eb32d5213a9bf7812c250 --out /evidence/probes --case all,/evidence/probes/assertions.json#TK1-edge-new-york-max-create,verified
TK1-edge-new-york-max-start-instant,4. Fixture format / 8. API / 9. Time and DST,143,1,"1,2,3,4",systems-engineer,systems-engineer,independent-verifier,"Coordinator decision: exact IANA instant and original starts_at_local; nearest representable minute wire offset, lower numerical tie. Literal historical subminute wire offset is an explicit interpretation exception; earlier failed observations are preserved.","Calendar boundary 9999-12-31 in America/New_York preserves the exact IANA start instant, regardless of UTC representation range.",f5e0a532dcf6c2f0c44eb32d5213a9bf7812c250,black-box HTTP,calendar-edges,python3 /verifier/probe.py --base http://independent-verifier-s1-f5e0a532dcf6-20261004t024727-source:18309 --peer http://independent-verifier-s1-f5e0a532dcf6-20261004t024727-peer:8080 --candidate f5e0a532dcf6c2f0c44eb32d5213a9bf7812c250 --out /evidence/probes --case all,/evidence/probes/assertions.json#TK1-edge-new-york-max-start-instant,verified
TK1-edge-new-york-max-end-instant,4. Fixture format / 8. API / 9. Time and DST,143,1,"1,2,3,4",systems-engineer,systems-engineer,independent-verifier,"Coordinator decision: exact IANA instant and original starts_at_local; nearest representable minute wire offset, lower numerical tie. Literal historical subminute wire offset is an explicit interpretation exception; earlier failed observations are preserved.","Calendar boundary 9999-12-31 in America/New_York ends after 90 absolute minutes, regardless of UTC representation range.",f5e0a532dcf6c2f0c44eb32d5213a9bf7812c250,black-box HTTP,calendar-edges,python3 /verifier/probe.py --base http://independent-verifier-s1-f5e0a532dcf6-20261004t024727-source:18309 --peer http://independent-verifier-s1-f5e0a532dcf6-20261004t024727-peer:8080 --candidate f5e0a532dcf6c2f0c44eb32d5213a9bf7812c250 --out /evidence/probes --case all,/evidence/probes/assertions.json#TK1-edge-new-york-max-end-instant,verified
TK1-edge-new-york-max-availability-wires,3.4 Conventions / 9. Time and DST / coordinator timestamp decision,86,1,"1,2,3,4",systems-engineer,systems-engineer,independent-verifier,"Coordinator decision: exact IANA instant and original starts_at_local; nearest representable minute wire offset, lower numerical tie. Literal historical subminute wire offset is an explicit interpretation exception; earlier failed observations are preserved.","Under the explicitly recorded historic-offset interpretation, 9999-12-31 America/New_York: availability timestamps equal the independent exact-instant wire oracle.",f5e0a532dcf6c2f0c44eb32d5213a9bf7812c250,black-box HTTP,calendar-edges,python3 /verifier/probe.py --base http://independent-verifier-s1-f5e0a532dcf6-20261004t024727-source:18309 --peer http://independent-verifier-s1-f5e0a532dcf6-20261004t024727-peer:8080 --candidate f5e0a532dcf6c2f0c44eb32d5213a9bf7812c250 --out /evidence/probes --case all,/evidence/probes/assertions.json#TK1-edge-new-york-max-availability-wires,verified
TK1-edge-new-york-max-local-retained,3.4 Conventions / 9. Time and DST / coordinator timestamp decision,86,1,"1,2,3,4",systems-engineer,systems-engineer,independent-verifier,"Coordinator decision: exact IANA instant and original starts_at_local; nearest representable minute wire offset, lower numerical tie. Literal historical subminute wire offset is an explicit interpretation exception; earlier failed observations are preserved.","Under the explicitly recorded historic-offset interpretation, 9999-12-31 America/New_York: original starts_at_local survives unchanged.",f5e0a532dcf6c2f0c44eb32d5213a9bf7812c250,black-box HTTP,calendar-edges,python3 /verifier/probe.py --base http://independent-verifier-s1-f5e0a532dcf6-20261004t024727-source:18309 --peer http://independent-verifier-s1-f5e0a532dcf6-20261004t024727-peer:8080 --candidate f5e0a532dcf6c2f0c44eb32d5213a9bf7812c250 --out /evidence/probes --case all,/evidence/probes/assertions.json#TK1-edge-new-york-max-local-retained,verified
TK1-edge-new-york-max-start-wire,3.4 Conventions / 9. Time and DST / coordinator timestamp decision,86,1,"1,2,3,4",systems-engineer,systems-engineer,independent-verifier,"Coordinator decision: exact IANA instant and original starts_at_local; nearest representable minute wire offset, lower numerical tie. Literal historical subminute wire offset is an explicit interpretation exception; earlier failed observations are preserved.","Under the explicitly recorded historic-offset interpretation, 9999-12-31 America/New_York: start uses the deterministic nearest representable minute offset.",f5e0a532dcf6c2f0c44eb32d5213a9bf7812c250,black-box HTTP,calendar-edges,python3 /verifier/probe.py --base http://independent-verifier-s1-f5e0a532dcf6-20261004t024727-source:18309 --peer http://independent-verifier-s1-f5e0a532dcf6-20261004t024727-peer:8080 --candidate f5e0a532dcf6c2f0c44eb32d5213a9bf7812c250 --out /evidence/probes --case all,/evidence/probes/assertions.json#TK1-edge-new-york-max-start-wire,verified
TK1-edge-new-york-max-end-wire,3.4 Conventions / 9. Time and DST / coordinator timestamp decision,86,1,"1,2,3,4",systems-engineer,systems-engineer,independent-verifier,"Coordinator decision: exact IANA instant and original starts_at_local; nearest representable minute wire offset, lower numerical tie. Literal historical subminute wire offset is an explicit interpretation exception; earlier failed observations are preserved.","Under the explicitly recorded historic-offset interpretation, 9999-12-31 America/New_York: end uses that same serialization rule independently.",f5e0a532dcf6c2f0c44eb32d5213a9bf7812c250,black-box HTTP,calendar-edges,python3 /verifier/probe.py --base http://independent-verifier-s1-f5e0a532dcf6-20261004t024727-source:18309 --peer http://independent-verifier-s1-f5e0a532dcf6-20261004t024727-peer:8080 --candidate f5e0a532dcf6c2f0c44eb32d5213a9bf7812c250 --out /evidence/probes --case all,/evidence/probes/assertions.json#TK1-edge-new-york-max-end-wire,verified
TK1-edge-berlin-min-midnight-availability,4. Fixture format / 8. API / 9. Time and DST,143,1,"1,2,3,4",systems-engineer,systems-engineer,independent-verifier,"Coordinator decision: exact IANA instant and original starts_at_local; nearest representable minute wire offset, lower numerical tie. Literal historical subminute wire offset is an explicit interpretation exception; earlier failed observations are preserved.","A fitting midnight slot at 0001-01-01 Europe/Berlin is accepted by availability, even before the UTC calendar minimum.",f5e0a532dcf6c2f0c44eb32d5213a9bf7812c250,black-box HTTP,calendar-edges,python3 /verifier/probe.py --base http://independent-verifier-s1-f5e0a532dcf6-20261004t024727-source:18309 --peer http://independent-verifier-s1-f5e0a532dcf6-20261004t024727-peer:8080 --candidate f5e0a532dcf6c2f0c44eb32d5213a9bf7812c250 --out /evidence/probes --case all,/evidence/probes/assertions.json#TK1-edge-berlin-min-midnight-availability,verified
TK1-edge-berlin-min-midnight-create,4. Fixture format / 8. API / 9. Time and DST,143,1,"1,2,3,4",systems-engineer,systems-engineer,independent-verifier,"Coordinator decision: exact IANA instant and original starts_at_local; nearest representable minute wire offset, lower numerical tie. Literal historical subminute wire offset is an explicit interpretation exception; earlier failed observations are preserved.","A fitting midnight slot at 0001-01-01 Europe/Berlin is accepted by create, even before the UTC calendar minimum.",f5e0a532dcf6c2f0c44eb32d5213a9bf7812c250,black-box HTTP,calendar-edges,python3 /verifier/probe.py --base http://independent-verifier-s1-f5e0a532dcf6-20261004t024727-source:18309 --peer http://independent-verifier-s1-f5e0a532dcf6-20261004t024727-peer:8080 --candidate f5e0a532dcf6c2f0c44eb32d5213a9bf7812c250 --out /evidence/probes --case all,/evidence/probes/assertions.json#TK1-edge-berlin-min-midnight-create,verified
TK1-edge-berlin-min-midnight-wire,3.4 / 7. / 9. / 10. / coordinator timestamp decision,86,1,"1,2,3,4",systems-engineer,systems-engineer,independent-verifier,"Coordinator decision: exact IANA instant and original starts_at_local; nearest representable minute wire offset, lower numerical tie. Literal historical subminute wire offset is an explicit interpretation exception; earlier failed observations are preserved.","Berlin minimum-date midnight uses the nearest RFC3339 minute offset that yields a representable clock, preserving the exact instant.",f5e0a532dcf6c2f0c44eb32d5213a9bf7812c250,black-box HTTP,calendar-edges,python3 /verifier/probe.py --base http://independent-verifier-s1-f5e0a532dcf6-20261004t024727-source:18309 --peer http://independent-verifier-s1-f5e0a532dcf6-20261004t024727-peer:8080 --candidate f5e0a532dcf6c2f0c44eb32d5213a9bf7812c250 --out /evidence/probes --case all,/evidence/probes/assertions.json#TK1-edge-berlin-min-midnight-wire,verified
TK1-edge-berlin-min-midnight-local-retained,3.4 / 7. / 9. / 10. / coordinator timestamp decision,86,1,"1,2,3,4",systems-engineer,systems-engineer,independent-verifier,"Coordinator decision: exact IANA instant and original starts_at_local; nearest representable minute wire offset, lower numerical tie. Literal historical subminute wire offset is an explicit interpretation exception; earlier failed observations are preserved.",Minimum-date historic serialization retains the original starts_at_local field.,f5e0a532dcf6c2f0c44eb32d5213a9bf7812c250,black-box HTTP,calendar-edges,python3 /verifier/probe.py --base http://independent-verifier-s1-f5e0a532dcf6-20261004t024727-source:18309 --peer http://independent-verifier-s1-f5e0a532dcf6-20261004t024727-peer:8080 --candidate f5e0a532dcf6c2f0c44eb32d5213a9bf7812c250 --out /evidence/probes --case all,/evidence/probes/assertions.json#TK1-edge-berlin-min-midnight-local-retained,verified
TK1-edge-historic-replay,3.4 / 7. / 9. / 10. / coordinator timestamp decision,86,1,"1,2,3,4",systems-engineer,systems-engineer,independent-verifier,"Coordinator decision: exact IANA instant and original starts_at_local; nearest representable minute wire offset, lower numerical tie. Literal historical subminute wire offset is an explicit interpretation exception; earlier failed observations are preserved.",A successful historic receipt replays with identical original JSON and 200.,f5e0a532dcf6c2f0c44eb32d5213a9bf7812c250,black-box HTTP,calendar-edges,python3 /verifier/probe.py --base http://independent-verifier-s1-f5e0a532dcf6-20261004t024727-source:18309 --peer http://independent-verifier-s1-f5e0a532dcf6-20261004t024727-peer:8080 --candidate f5e0a532dcf6c2f0c44eb32d5213a9bf7812c250 --out /evidence/probes --case all,/evidence/probes/assertions.json#TK1-edge-historic-replay,verified
TK1-edge-historic-import,3.4 / 7. / 9. / 10. / coordinator timestamp decision,86,1,"1,2,3,4",systems-engineer,systems-engineer,independent-verifier,"Coordinator decision: exact IANA instant and original starts_at_local; nearest representable minute wire offset, lower numerical tie. Literal historical subminute wire offset is an explicit interpretation exception; earlier failed observations are preserved.","Historic timestamps, local fields, sessions and receipts survive independent-process export/import exactly.",f5e0a532dcf6c2f0c44eb32d5213a9bf7812c250,black-box HTTP,calendar-edges,python3 /verifier/probe.py --base http://independent-verifier-s1-f5e0a532dcf6-20261004t024727-source:18309 --peer http://independent-verifier-s1-f5e0a532dcf6-20261004t024727-peer:8080 --candidate f5e0a532dcf6c2f0c44eb32d5213a9bf7812c250 --out /evidence/probes --case all,/evidence/probes/assertions.json#TK1-edge-historic-import,verified
TK1-edge-historic-replay-imported,3.4 / 7. / 9. / 10. / coordinator timestamp decision,86,1,"1,2,3,4",systems-engineer,systems-engineer,independent-verifier,"Coordinator decision: exact IANA instant and original starts_at_local; nearest representable minute wire offset, lower numerical tie. Literal historical subminute wire offset is an explicit interpretation exception; earlier failed observations are preserved.",An imported historic create key replays its unchanged original receipt.,f5e0a532dcf6c2f0c44eb32d5213a9bf7812c250,black-box HTTP,calendar-edges,python3 /verifier/probe.py --base http://independent-verifier-s1-f5e0a532dcf6-20261004t024727-source:18309 --peer http://independent-verifier-s1-f5e0a532dcf6-20261004t024727-peer:8080 --candidate f5e0a532dcf6c2f0c44eb32d5213a9bf7812c250 --out /evidence/probes --case all,/evidence/probes/assertions.json#TK1-edge-historic-replay-imported,verified
TK1-edge-wire-tie,3.4 / 7. / 9. / 10. / coordinator timestamp decision,86,1,"1,2,3,4",systems-engineer,systems-engineer,independent-verifier,"Coordinator decision: exact IANA instant and original starts_at_local; nearest representable minute wire offset, lower numerical tie. Literal historical subminute wire offset is an explicit interpretation exception; earlier failed observations are preserved.",Historic half-minute IANA offset ties choose the lower numerical representable wire offset without rounding the instant.,f5e0a532dcf6c2f0c44eb32d5213a9bf7812c250,black-box HTTP,calendar-edges,python3 /verifier/probe.py --base http://independent-verifier-s1-f5e0a532dcf6-20261004t024727-source:18309 --peer http://independent-verifier-s1-f5e0a532dcf6-20261004t024727-peer:8080 --candidate f5e0a532dcf6c2f0c44eb32d5213a9bf7812c250 --out /evidence/probes --case all,/evidence/probes/assertions.json#TK1-edge-wire-tie,verified
TK1-legacy-source-genuine,7. Idempotency / 10. Export and import / coordinator legacy-preservation decision,436,1,"1,2,3,4",systems-engineer,systems-engineer,independent-verifier,"Explicit backward-preservation exception: successful original record/receipt strings, including historical offset seconds, are immutable. New writes use the recorded representation interpretation.",Historical old-format receipt/export is produced by a genuine exact-revision earlier HTTP process.,f5e0a532dcf6c2f0c44eb32d5213a9bf7812c250,black-box HTTP,legacy-receipts,python3 evidence/independent-verifier/stage-1/legacy_receipts.py --base CURRENT_SERVICE --peer SECOND_CURRENT_SERVICE --legacy GENUINE_LEGACY_SERVICE --candidate FULL_REVISION --out NEW_DIRECTORY,UNVERIFIED,unverified
TK1-legacy-import,7. Idempotency / 10. Export and import / coordinator legacy-preservation decision,436,1,"1,2,3,4",systems-engineer,systems-engineer,independent-verifier,"Explicit backward-preservation exception: successful original record/receipt strings, including historical offset seconds, are immutable. New writes use the recorded representation interpretation.",Current service accepts a genuine old historical export from another process.,f5e0a532dcf6c2f0c44eb32d5213a9bf7812c250,black-box HTTP,legacy-receipts,python3 evidence/independent-verifier/stage-1/legacy_receipts.py --base CURRENT_SERVICE --peer SECOND_CURRENT_SERVICE --legacy GENUINE_LEGACY_SERVICE --candidate FULL_REVISION --out NEW_DIRECTORY,UNVERIFIED,unverified
TK1-legacy-export-equality,7. Idempotency / 10. Export and import / coordinator legacy-preservation decision,436,1,"1,2,3,4",systems-engineer,systems-engineer,independent-verifier,"Explicit backward-preservation exception: successful original record/receipt strings, including historical offset seconds, are immutable. New writes use the recorded representation interpretation.",Import retains all original accounts/configuration/tokens/records/receipts and timestamps exactly.,f5e0a532dcf6c2f0c44eb32d5213a9bf7812c250,black-box HTTP,legacy-receipts,python3 evidence/independent-verifier/stage-1/legacy_receipts.py --base CURRENT_SERVICE --peer SECOND_CURRENT_SERVICE --legacy GENUINE_LEGACY_SERVICE --candidate FULL_REVISION --out NEW_DIRECTORY,UNVERIFIED,unverified
TK1-legacy-replacement,7. Idempotency / 10. Export and import / coordinator legacy-preservation decision,436,1,"1,2,3,4",systems-engineer,systems-engineer,independent-verifier,"Explicit backward-preservation exception: successful original record/receipt strings, including historical offset seconds, are immutable. New writes use the recorded representation interpretation.",Legacy import removes the destination's earlier session and state.,f5e0a532dcf6c2f0c44eb32d5213a9bf7812c250,black-box HTTP,legacy-receipts,python3 evidence/independent-verifier/stage-1/legacy_receipts.py --base CURRENT_SERVICE --peer SECOND_CURRENT_SERVICE --legacy GENUINE_LEGACY_SERVICE --candidate FULL_REVISION --out NEW_DIRECTORY,UNVERIFIED,unverified
TK1-legacy-record-immutable,7. Idempotency / 10. Export and import / coordinator legacy-preservation decision,436,1,"1,2,3,4",systems-engineer,systems-engineer,independent-verifier,"Explicit backward-preservation exception: successful original record/receipt strings, including historical offset seconds, are immutable. New writes use the recorded representation interpretation.","Imported original historic record strings, identity and timestamps remain unchanged on lookup.",f5e0a532dcf6c2f0c44eb32d5213a9bf7812c250,black-box HTTP,legacy-receipts,python3 evidence/independent-verifier/stage-1/legacy_receipts.py --base CURRENT_SERVICE --peer SECOND_CURRENT_SERVICE --legacy GENUINE_LEGACY_SERVICE --candidate FULL_REVISION --out NEW_DIRECTORY,UNVERIFIED,unverified
TK1-legacy-original-receipt,7. Idempotency / 10. Export and import / coordinator legacy-preservation decision,436,1,"1,2,3,4",systems-engineer,systems-engineer,independent-verifier,"Explicit backward-preservation exception: successful original record/receipt strings, including historical offset seconds, are immutable. New writes use the recorded representation interpretation.","Original legacy create receipts replay unchanged, including old historical strings and receipts for now-cancelled records.",f5e0a532dcf6c2f0c44eb32d5213a9bf7812c250,black-box HTTP,legacy-receipts,python3 evidence/independent-verifier/stage-1/legacy_receipts.py --base CURRENT_SERVICE --peer SECOND_CURRENT_SERVICE --legacy GENUINE_LEGACY_SERVICE --candidate FULL_REVISION --out NEW_DIRECTORY,UNVERIFIED,unverified
TK1-legacy-batch-original,7. Idempotency / 10. Export and import / coordinator legacy-preservation decision,436,1,"1,2,3,4",systems-engineer,systems-engineer,independent-verifier,"Explicit backward-preservation exception: successful original record/receipt strings, including historical offset seconds, are immutable. New writes use the recorded representation interpretation.","Original legacy batch receipt survives later cancellation, import and replay unchanged.",f5e0a532dcf6c2f0c44eb32d5213a9bf7812c250,black-box HTTP,legacy-receipts,python3 evidence/independent-verifier/stage-1/legacy_receipts.py --base CURRENT_SERVICE --peer SECOND_CURRENT_SERVICE --legacy GENUINE_LEGACY_SERVICE --candidate FULL_REVISION --out NEW_DIRECTORY,UNVERIFIED,unverified
TK1-legacy-cancelled,7. Idempotency / 10. Export and import / coordinator legacy-preservation decision,436,1,"1,2,3,4",systems-engineer,systems-engineer,independent-verifier,"Explicit backward-preservation exception: successful original record/receipt strings, including historical offset seconds, are immutable. New writes use the recorded representation interpretation.",Legacy cancelled records remain cancelled with original identity and timestamps after import.,f5e0a532dcf6c2f0c44eb32d5213a9bf7812c250,black-box HTTP,legacy-receipts,python3 evidence/independent-verifier/stage-1/legacy_receipts.py --base CURRENT_SERVICE --peer SECOND_CURRENT_SERVICE --legacy GENUINE_LEGACY_SERVICE --candidate FULL_REVISION --out NEW_DIRECTORY,UNVERIFIED,unverified
TK1-legacy-new-write,7. Idempotency / 10. Export and import / coordinator legacy-preservation decision,436,1,"1,2,3,4",systems-engineer,systems-engineer,independent-verifier,"Explicit backward-preservation exception: successful original record/receipt strings, including historical offset seconds, are immutable. New writes use the recorded representation interpretation.",A new historic booking in an imported legacy state follows the new exact-instant serialization interpretation.,f5e0a532dcf6c2f0c44eb32d5213a9bf7812c250,black-box HTTP,legacy-receipts,python3 evidence/independent-verifier/stage-1/legacy_receipts.py --base CURRENT_SERVICE --peer SECOND_CURRENT_SERVICE --legacy GENUINE_LEGACY_SERVICE --candidate FULL_REVISION --out NEW_DIRECTORY,UNVERIFIED,unverified
TK1-legacy-mixed-transfer,7. Idempotency / 10. Export and import / coordinator legacy-preservation decision,436,1,"1,2,3,4",systems-engineer,systems-engineer,independent-verifier,"Explicit backward-preservation exception: successful original record/receipt strings, including historical offset seconds, are immutable. New writes use the recorded representation interpretation.",Mixed old/new historic state atomically transfers into another current process without rewriting old strings.,f5e0a532dcf6c2f0c44eb32d5213a9bf7812c250,black-box HTTP,legacy-receipts,python3 evidence/independent-verifier/stage-1/legacy_receipts.py --base CURRENT_SERVICE --peer SECOND_CURRENT_SERVICE --legacy GENUINE_LEGACY_SERVICE --candidate FULL_REVISION --out NEW_DIRECTORY,UNVERIFIED,unverified
TK1-legacy-peer-original-receipt,7. Idempotency / 10. Export and import / coordinator legacy-preservation decision,436,1,"1,2,3,4",systems-engineer,systems-engineer,independent-verifier,"Explicit backward-preservation exception: successful original record/receipt strings, including historical offset seconds, are immutable. New writes use the recorded representation interpretation.","Old tokens, references and original receipts remain valid after a second mixed-state process transfer.",f5e0a532dcf6c2f0c44eb32d5213a9bf7812c250,black-box HTTP,legacy-receipts,python3 evidence/independent-verifier/stage-1/legacy_receipts.py --base CURRENT_SERVICE --peer SECOND_CURRENT_SERVICE --legacy GENUINE_LEGACY_SERVICE --candidate FULL_REVISION --out NEW_DIRECTORY,UNVERIFIED,unverified
TK1-large-slot_minutes-reset,3.3 Reset / 4. Model / 5. Errors / 10. Export and import,102,1,"1,2,3,4",systems-engineer,systems-engineer,independent-verifier,,A positive slot_minutes count of 10^18 is a valid fixture value; no Stage 1 upper maximum is published.,f5e0a532dcf6c2f0c44eb32d5213a9bf7812c250,black-box HTTP,large-minutes,python3 evidence/independent-verifier/stage-1/large_minutes_run.py --repo RESULT_REPOSITORY --workspace WORKSPACE_ROOT --candidate FULL_REVISION --out NEW_DIRECTORY,UNVERIFIED,unverified
TK1-large-slot_minutes-detail,3.3 Reset / 4. Model / 5. Errors / 10. Export and import,102,1,"1,2,3,4",systems-engineer,systems-engineer,independent-verifier,,Restaurant detail retains slot_minutes=10^18 exactly.,f5e0a532dcf6c2f0c44eb32d5213a9bf7812c250,black-box HTTP,large-minutes,python3 evidence/independent-verifier/stage-1/large_minutes_run.py --repo RESULT_REPOSITORY --workspace WORKSPACE_ROOT --candidate FULL_REVISION --out NEW_DIRECTORY,UNVERIFIED,unverified
TK1-large-slot_minutes-import,3.3 Reset / 4. Model / 5. Errors / 10. Export and import,102,1,"1,2,3,4",systems-engineer,systems-engineer,independent-verifier,,Export/import preserves slot_minutes=10^18 exactly without rejecting a valid value solely due to datetime representation limits.,f5e0a532dcf6c2f0c44eb32d5213a9bf7812c250,black-box HTTP,large-minutes,python3 evidence/independent-verifier/stage-1/large_minutes_run.py --repo RESULT_REPOSITORY --workspace WORKSPACE_ROOT --candidate FULL_REVISION --out NEW_DIRECTORY,UNVERIFIED,unverified
TK1-large-reservation_duration_minutes-reset,3.3 Reset / 4. Model / 5. Errors / 10. Export and import,102,1,"1,2,3,4",systems-engineer,systems-engineer,independent-verifier,,A positive reservation_duration_minutes count of 10^18 is a valid fixture value; no Stage 1 upper maximum is published.,f5e0a532dcf6c2f0c44eb32d5213a9bf7812c250,black-box HTTP,large-minutes,python3 evidence/independent-verifier/stage-1/large_minutes_run.py --repo RESULT_REPOSITORY --workspace WORKSPACE_ROOT --candidate FULL_REVISION --out NEW_DIRECTORY,UNVERIFIED,unverified
TK1-large-reservation_duration_minutes-detail,3.3 Reset / 4. Model / 5. Errors / 10. Export and import,102,1,"1,2,3,4",systems-engineer,systems-engineer,independent-verifier,,Restaurant detail retains reservation_duration_minutes=10^18 exactly.,f5e0a532dcf6c2f0c44eb32d5213a9bf7812c250,black-box HTTP,large-minutes,python3 evidence/independent-verifier/stage-1/large_minutes_run.py --repo RESULT_REPOSITORY --workspace WORKSPACE_ROOT --candidate FULL_REVISION --out NEW_DIRECTORY,UNVERIFIED,unverified
TK1-large-reservation_duration_minutes-import,3.3 Reset / 4. Model / 5. Errors / 10. Export and import,102,1,"1,2,3,4",systems-engineer,systems-engineer,independent-verifier,,Export/import preserves reservation_duration_minutes=10^18 exactly without rejecting a valid value solely due to datetime representation limits.,f5e0a532dcf6c2f0c44eb32d5213a9bf7812c250,black-box HTTP,large-minutes,python3 evidence/independent-verifier/stage-1/large_minutes_run.py --repo RESULT_REPOSITORY --workspace WORKSPACE_ROOT --candidate FULL_REVISION --out NEW_DIRECTORY,UNVERIFIED,unverified
TK1-large-cancellation_cutoff_minutes-reset,3.3 Reset / 4. Model / 5. Errors / 10. Export and import,102,1,"1,2,3,4",systems-engineer,systems-engineer,independent-verifier,,A positive cancellation_cutoff_minutes count of 10^18 is a valid fixture value; no Stage 1 upper maximum is published.,f5e0a532dcf6c2f0c44eb32d5213a9bf7812c250,black-box HTTP,large-minutes,python3 evidence/independent-verifier/stage-1/large_minutes_run.py --repo RESULT_REPOSITORY --workspace WORKSPACE_ROOT --candidate FULL_REVISION --out NEW_DIRECTORY,UNVERIFIED,unverified
TK1-large-cancellation_cutoff_minutes-detail,3.3 Reset / 4. Model / 5. Errors / 10. Export and import,102,1,"1,2,3,4",systems-engineer,systems-engineer,independent-verifier,,Restaurant detail retains cancellation_cutoff_minutes=10^18 exactly.,f5e0a532dcf6c2f0c44eb32d5213a9bf7812c250,black-box HTTP,large-minutes,python3 evidence/independent-verifier/stage-1/large_minutes_run.py --repo RESULT_REPOSITORY --workspace WORKSPACE_ROOT --candidate FULL_REVISION --out NEW_DIRECTORY,UNVERIFIED,unverified
TK1-large-cancellation_cutoff_minutes-import,3.3 Reset / 4. Model / 5. Errors / 10. Export and import,102,1,"1,2,3,4",systems-engineer,systems-engineer,independent-verifier,,Export/import preserves cancellation_cutoff_minutes=10^18 exactly without rejecting a valid value solely due to datetime representation limits.,f5e0a532dcf6c2f0c44eb32d5213a9bf7812c250,black-box HTTP,large-minutes,python3 evidence/independent-verifier/stage-1/large_minutes_run.py --repo RESULT_REPOSITORY --workspace WORKSPACE_ROOT --candidate FULL_REVISION --out NEW_DIRECTORY,UNVERIFIED,unverified
TK1-large-grid-availability,4. Model / 8. Availability and create,102,1,"1,2,3,4",systems-engineer,systems-engineer,independent-verifier,,Availability with a positive 10^18-minute grid returns 200 for a small valid opening window.,f5e0a532dcf6c2f0c44eb32d5213a9bf7812c250,black-box HTTP,large-minutes,python3 evidence/independent-verifier/stage-1/large_minutes_run.py --repo RESULT_REPOSITORY --workspace WORKSPACE_ROOT --candidate FULL_REVISION --out NEW_DIRECTORY,UNVERIFIED,unverified
TK1-large-grid-one-opening-slot,4. Model / 8. Availability and create,102,1,"1,2,3,4",systems-engineer,systems-engineer,independent-verifier,,A grid step larger than the small opening window offers exactly the fitting opening slot.,f5e0a532dcf6c2f0c44eb32d5213a9bf7812c250,black-box HTTP,large-minutes,python3 evidence/independent-verifier/stage-1/large_minutes_run.py --repo RESULT_REPOSITORY --workspace WORKSPACE_ROOT --candidate FULL_REVISION --out NEW_DIRECTORY,UNVERIFIED,unverified
TK1-large-grid-create,4. Model / 8. Availability and create,102,1,"1,2,3,4",systems-engineer,systems-engineer,independent-verifier,,A fitting opening-slot booking succeeds with a 10^18-minute grid.,f5e0a532dcf6c2f0c44eb32d5213a9bf7812c250,black-box HTTP,large-minutes,python3 evidence/independent-verifier/stage-1/large_minutes_run.py --repo RESULT_REPOSITORY --workspace WORKSPACE_ROOT --candidate FULL_REVISION --out NEW_DIRECTORY,UNVERIFIED,unverified
TK1-large-grid-late,4. Model / 8. Availability and create,102,1,"1,2,3,4",systems-engineer,systems-engineer,independent-verifier,,A non-opening time off a huge grid gives 422 not_on_slot_grid.,f5e0a532dcf6c2f0c44eb32d5213a9bf7812c250,black-box HTTP,large-minutes,python3 evidence/independent-verifier/stage-1/large_minutes_run.py --repo RESULT_REPOSITORY --workspace WORKSPACE_ROOT --candidate FULL_REVISION --out NEW_DIRECTORY,UNVERIFIED,unverified
TK1-large-duration-availability,4. Model / 8. Availability and create,102,1,"1,2,3,4",systems-engineer,systems-engineer,independent-verifier,,Availability with a positive 10^18-minute duration returns 200 rather than rejecting its fixture value.,f5e0a532dcf6c2f0c44eb32d5213a9bf7812c250,black-box HTTP,large-minutes,python3 evidence/independent-verifier/stage-1/large_minutes_run.py --repo RESULT_REPOSITORY --workspace WORKSPACE_ROOT --candidate FULL_REVISION --out NEW_DIRECTORY,UNVERIFIED,unverified
TK1-large-duration-no-fitting-slot,4. Model / 8. Availability and create,102,1,"1,2,3,4",systems-engineer,systems-engineer,independent-verifier,,A duration larger than the opening window returns no fitting slots.,f5e0a532dcf6c2f0c44eb32d5213a9bf7812c250,black-box HTTP,large-minutes,python3 evidence/independent-verifier/stage-1/large_minutes_run.py --repo RESULT_REPOSITORY --workspace WORKSPACE_ROOT --candidate FULL_REVISION --out NEW_DIRECTORY,UNVERIFIED,unverified
TK1-large-duration-create,4. Model / 8. Availability and create,102,1,"1,2,3,4",systems-engineer,systems-engineer,independent-verifier,,A booking whose huge absolute duration cannot fit gives 422 outside_opening_hours.,f5e0a532dcf6c2f0c44eb32d5213a9bf7812c250,black-box HTTP,large-minutes,python3 evidence/independent-verifier/stage-1/large_minutes_run.py --repo RESULT_REPOSITORY --workspace WORKSPACE_ROOT --candidate FULL_REVISION --out NEW_DIRECTORY,UNVERIFIED,unverified
TK1-large-cutoff-create,4. Model / 8. Cancel and PATCH / 11. Atomic moves,105,1,"1,2,3,4",systems-engineer,systems-engineer,independent-verifier,,A future fitting booking may be created with a positive 10^18-minute cutoff.,f5e0a532dcf6c2f0c44eb32d5213a9bf7812c250,black-box HTTP,large-minutes,python3 evidence/independent-verifier/stage-1/large_minutes_run.py --repo RESULT_REPOSITORY --workspace WORKSPACE_ROOT --candidate FULL_REVISION --out NEW_DIRECTORY,UNVERIFIED,unverified
TK1-large-cutoff-cancel,4. Model / 8. Cancel and PATCH / 11. Atomic moves,105,1,"1,2,3,4",systems-engineer,systems-engineer,independent-verifier,,Cancel within a 10^18-minute current-start cutoff gives 409 cutoff_passed.,f5e0a532dcf6c2f0c44eb32d5213a9bf7812c250,black-box HTTP,large-minutes,python3 evidence/independent-verifier/stage-1/large_minutes_run.py --repo RESULT_REPOSITORY --workspace WORKSPACE_ROOT --candidate FULL_REVISION --out NEW_DIRECTORY,UNVERIFIED,unverified
TK1-large-cutoff-patch,4. Model / 8. Cancel and PATCH / 11. Atomic moves,105,1,"1,2,3,4",systems-engineer,systems-engineer,independent-verifier,,Amendment within a 10^18-minute current-start cutoff gives 409 cutoff_passed.,f5e0a532dcf6c2f0c44eb32d5213a9bf7812c250,black-box HTTP,large-minutes,python3 evidence/independent-verifier/stage-1/large_minutes_run.py --repo RESULT_REPOSITORY --workspace WORKSPACE_ROOT --candidate FULL_REVISION --out NEW_DIRECTORY,UNVERIFIED,unverified
TK1-large-cutoff-moves,4. Model / 8. Cancel and PATCH / 11. Atomic moves,105,1,"1,2,3,4",systems-engineer,systems-engineer,independent-verifier,,Batch move within a 10^18-minute current-start cutoff gives 409 cutoff_passed.,f5e0a532dcf6c2f0c44eb32d5213a9bf7812c250,black-box HTTP,large-minutes,python3 evidence/independent-verifier/stage-1/large_minutes_run.py --repo RESULT_REPOSITORY --workspace WORKSPACE_ROOT --candidate FULL_REVISION --out NEW_DIRECTORY,UNVERIFIED,unverified
TK1-large-cutoff-rollback,4. Model / 8. Cancel and PATCH / 11. Atomic moves,105,1,"1,2,3,4",systems-engineer,systems-engineer,independent-verifier,,"Huge-cutoff refusals leave records, occupancy and retry keys unchanged.",f5e0a532dcf6c2f0c44eb32d5213a9bf7812c250,black-box HTTP,large-minutes,python3 evidence/independent-verifier/stage-1/large_minutes_run.py --repo RESULT_REPOSITORY --workspace WORKSPACE_ROOT --candidate FULL_REVISION --out NEW_DIRECTORY,UNVERIFIED,unverified
TK1-large-grid-original-receipt,7. Idempotency / 10. Export and import,240,1,"1,2,3,4",systems-engineer,systems-engineer,independent-verifier,,A huge-grid original create receipt replays with 200 and unchanged JSON after an accepted amendment.,f5e0a532dcf6c2f0c44eb32d5213a9bf7812c250,black-box HTTP,large-minutes,python3 evidence/independent-verifier/stage-1/probe.py --base http://127.0.0.1:18300 --peer http://127.0.0.1:18301 --candidate FULL_REVISION --out NEW_DIRECTORY --case large-minutes,UNVERIFIED,unverified
TK1-large-grid-imported-receipt,7. Idempotency / 10. Export and import,240,1,"1,2,3,4",systems-engineer,systems-engineer,independent-verifier,,A huge-grid original create receipt and token survive independent-process import and replay unchanged.,f5e0a532dcf6c2f0c44eb32d5213a9bf7812c250,black-box HTTP,large-minutes,python3 evidence/independent-verifier/stage-1/probe.py --base http://127.0.0.1:18300 --peer http://127.0.0.1:18301 --candidate FULL_REVISION --out NEW_DIRECTORY --case large-minutes,UNVERIFIED,unverified
TK1-large-cutoff-original-receipt,7. Idempotency / 10. Export and import,240,1,"1,2,3,4",systems-engineer,systems-engineer,independent-verifier,,A huge-cutoff original create receipt replays unchanged after refused cancel/amend/batch operations.,f5e0a532dcf6c2f0c44eb32d5213a9bf7812c250,black-box HTTP,large-minutes,python3 evidence/independent-verifier/stage-1/probe.py --base http://127.0.0.1:18300 --peer http://127.0.0.1:18301 --candidate FULL_REVISION --out NEW_DIRECTORY --case large-minutes,UNVERIFIED,unverified
TK1-large-cutoff-imported-receipt,7. Idempotency / 10. Export and import,240,1,"1,2,3,4",systems-engineer,systems-engineer,independent-verifier,,A huge-cutoff original create receipt and token survive independent-process import and replay unchanged.,f5e0a532dcf6c2f0c44eb32d5213a9bf7812c250,black-box HTTP,large-minutes,python3 evidence/independent-verifier/stage-1/probe.py --base http://127.0.0.1:18300 --peer http://127.0.0.1:18301 --candidate FULL_REVISION --out NEW_DIRECTORY --case large-minutes,UNVERIFIED,unverified
TK1-decimal-limit-slot_minutes,3.3 Reset / 4. Model / 5. Errors,102,1,"1,2,3,4",systems-engineer,systems-engineer,independent-verifier,The existing base-field interpretation has no stated upper numeric maximum. These modest payloads are valid JSON/decimal grammar; a runtime digit-conversion limit is not a published field rule.,A valid positive 4301-digit JSON integer slot_minutes is not rejected by an unstated decimal-conversion ceiling; the small fixture resets with 204.,f5e0a532dcf6c2f0c44eb32d5213a9bf7812c250,black-box HTTP,decimal-limit,python3 evidence/independent-verifier/stage-2/decimal_repeat.py --runtime EXACT_RUNTIME_DIRECTORY --out NEW_DIRECTORY,UNVERIFIED,unverified
TK1-decimal-limit-reservation_duration_minutes,3.3 Reset / 4. Model / 5. Errors,102,1,"1,2,3,4",systems-engineer,systems-engineer,independent-verifier,The existing base-field interpretation has no stated upper numeric maximum. These modest payloads are valid JSON/decimal grammar; a runtime digit-conversion limit is not a published field rule.,A valid positive 4301-digit JSON integer reservation_duration_minutes is not rejected by an unstated decimal-conversion ceiling; the small fixture resets with 204.,f5e0a532dcf6c2f0c44eb32d5213a9bf7812c250,black-box HTTP,decimal-limit,python3 evidence/independent-verifier/stage-2/decimal_repeat.py --runtime EXACT_RUNTIME_DIRECTORY --out NEW_DIRECTORY,UNVERIFIED,unverified
TK1-decimal-limit-cancellation_cutoff_minutes,3.3 Reset / 4. Model / 5. Errors,102,1,"1,2,3,4",systems-engineer,systems-engineer,independent-verifier,The existing base-field interpretation has no stated upper numeric maximum. These modest payloads are valid JSON/decimal grammar; a runtime digit-conversion limit is not a published field rule.,A valid positive 4301-digit JSON integer cancellation_cutoff_minutes is not rejected by an unstated decimal-conversion ceiling; the small fixture resets with 204.,f5e0a532dcf6c2f0c44eb32d5213a9bf7812c250,black-box HTTP,decimal-limit,python3 evidence/independent-verifier/stage-2/decimal_repeat.py --runtime EXACT_RUNTIME_DIRECTORY --out NEW_DIRECTORY,UNVERIFIED,unverified
TK1-decimal-limit-capacity,3.3 Reset / 4. Model / 5. Errors,102,1,"1,2,3,4",systems-engineer,systems-engineer,independent-verifier,The existing base-field interpretation has no stated upper numeric maximum. These modest payloads are valid JSON/decimal grammar; a runtime digit-conversion limit is not a published field rule.,A valid positive 4301-digit JSON integer capacity is not rejected by an unstated decimal-conversion ceiling; the small fixture resets with 204.,f5e0a532dcf6c2f0c44eb32d5213a9bf7812c250,black-box HTTP,decimal-limit,python3 evidence/independent-verifier/stage-2/decimal_repeat.py --runtime EXACT_RUNTIME_DIRECTORY --out NEW_DIRECTORY,UNVERIFIED,unverified
TK1-decimal-limit-query,5. Errors / 8. GET availability,319,1,"1,2,3,4",systems-engineer,systems-engineer,independent-verifier,The existing base-field interpretation has no stated upper numeric maximum. These modest payloads are valid JSON/decimal grammar; a runtime digit-conversion limit is not a published field rule.,A required positive party_size query written as 4301 plain decimal digits remains valid; low-capacity tables yield empty availability lists with 200.,f5e0a532dcf6c2f0c44eb32d5213a9bf7812c250,black-box HTTP,decimal-limit,python3 evidence/independent-verifier/stage-2/decimal_repeat.py --runtime EXACT_RUNTIME_DIRECTORY --out NEW_DIRECTORY,UNVERIFIED,unverified
