introduced_stage,applicable_stages,normative,verification_owner,candidate_full_revision,verification_method,executable_command_or_interaction,evidence_path,verdict,interpretation_note,requirement_id,requirement_text,source_section,source_line,implementation_owner
1,"1,2,3,4",True,independent-verifier,PENDING_NAMED_CANDIDATE,independent generated raw HTTP and exact JSON-value oracle,python nesting_probe.py --base CURRENT_URL --peer INDEPENDENT_PEER_URL --candidate FULL_NAMED_CANDIDATE --out NEW_UNIQUE_DIRECTORY,UNVERIFIED,unverified,"No published nesting ceiling; finite bounded samples only, not arbitrary-depth performance.",TK1-nesting-objects-32-create-first,create: A valid write with an ignored bounded nested JSON value succeeds201. Shape/depth objects-32.,3.4 / 5 / 6 / 7 / 8 / 10 / 11,86,systems-engineer
1,"1,2,3,4",True,independent-verifier,PENDING_NAMED_CANDIDATE,independent generated raw HTTP and exact JSON-value oracle,python nesting_probe.py --base CURRENT_URL --peer INDEPENDENT_PEER_URL --candidate FULL_NAMED_CANDIDATE --out NEW_UNIQUE_DIRECTORY,UNVERIFIED,unverified,"No published nesting ceiling; finite bounded samples only, not arbitrary-depth performance.",TK1-nesting-objects-32-create-alias,create: Complete-body exact numeric/object-order aliases replay the original receipt200. Shape/depth objects-32.,3.4 / 5 / 6 / 7 / 8 / 10 / 11,86,systems-engineer
1,"1,2,3,4",True,independent-verifier,PENDING_NAMED_CANDIDATE,independent generated raw HTTP and exact JSON-value oracle,python nesting_probe.py --base CURRENT_URL --peer INDEPENDENT_PEER_URL --candidate FULL_NAMED_CANDIDATE --out NEW_UNIQUE_DIRECTORY,UNVERIFIED,unverified,"No published nesting ceiling; finite bounded samples only, not arbitrary-depth performance.",TK1-nesting-objects-32-create-number-difference,create: A changed precise numeric leaf under the same used key gives409 idempotency_key_reuse. Shape/depth objects-32.,3.4 / 5 / 6 / 7 / 8 / 10 / 11,86,systems-engineer
1,"1,2,3,4",True,independent-verifier,PENDING_NAMED_CANDIDATE,independent generated raw HTTP and exact JSON-value oracle,python nesting_probe.py --base CURRENT_URL --peer INDEPENDENT_PEER_URL --candidate FULL_NAMED_CANDIDATE --out NEW_UNIQUE_DIRECTORY,UNVERIFIED,unverified,"No published nesting ceiling; finite bounded samples only, not arbitrary-depth performance.",TK1-nesting-objects-32-create-type-difference,create: Changing a numeric leaf to boolean under the used key gives409 idempotency_key_reuse. Shape/depth objects-32.,3.4 / 5 / 6 / 7 / 8 / 10 / 11,86,systems-engineer
1,"1,2,3,4",True,independent-verifier,PENDING_NAMED_CANDIDATE,independent generated raw HTTP and exact JSON-value oracle,python nesting_probe.py --base CURRENT_URL --peer INDEPENDENT_PEER_URL --candidate FULL_NAMED_CANDIDATE --out NEW_UNIQUE_DIRECTORY,UNVERIFIED,unverified,"No published nesting ceiling; finite bounded samples only, not arbitrary-depth performance.",TK1-nesting-objects-32-create-missing-auth,create: A valid deep body without authentication gives401 unauthenticated. Shape/depth objects-32.,3.4 / 5 / 6 / 7 / 8 / 10 / 11,86,systems-engineer
1,"1,2,3,4",True,independent-verifier,PENDING_NAMED_CANDIDATE,independent generated raw HTTP and exact JSON-value oracle,python nesting_probe.py --base CURRENT_URL --peer INDEPENDENT_PEER_URL --candidate FULL_NAMED_CANDIDATE --out NEW_UNIQUE_DIRECTORY,UNVERIFIED,unverified,"No published nesting ceiling; finite bounded samples only, not arbitrary-depth performance.",TK1-nesting-objects-32-create-missing-key,create: An authenticated valid deep write without a key gives400 missing_idempotency_key. Shape/depth objects-32.,3.4 / 5 / 6 / 7 / 8 / 10 / 11,86,systems-engineer
1,"1,2,3,4",True,independent-verifier,PENDING_NAMED_CANDIDATE,independent generated raw HTTP and exact JSON-value oracle,python nesting_probe.py --base CURRENT_URL --peer INDEPENDENT_PEER_URL --candidate FULL_NAMED_CANDIDATE --out NEW_UNIQUE_DIRECTORY,UNVERIFIED,unverified,"No published nesting ceiling; finite bounded samples only, not arbitrary-depth performance.",TK1-nesting-objects-32-create-failed-value,create: A new-key valid deep body with fractional party gives422 validation_failed. Shape/depth objects-32.,3.4 / 5 / 6 / 7 / 8 / 10 / 11,86,systems-engineer
1,"1,2,3,4",True,independent-verifier,PENDING_NAMED_CANDIDATE,independent generated raw HTTP and exact JSON-value oracle,python nesting_probe.py --base CURRENT_URL --peer INDEPENDENT_PEER_URL --candidate FULL_NAMED_CANDIDATE --out NEW_UNIQUE_DIRECTORY,UNVERIFIED,unverified,"No published nesting ceiling; finite bounded samples only, not arbitrary-depth performance.",TK1-nesting-objects-32-create-failed-key-reuse,create: Correcting the refused party with the same key succeeds201. Shape/depth objects-32.,3.4 / 5 / 6 / 7 / 8 / 10 / 11,86,systems-engineer
1,"1,2,3,4",True,independent-verifier,PENDING_NAMED_CANDIDATE,independent generated raw HTTP and exact JSON-value oracle,python nesting_probe.py --base CURRENT_URL --peer INDEPENDENT_PEER_URL --candidate FULL_NAMED_CANDIDATE --out NEW_UNIQUE_DIRECTORY,UNVERIFIED,unverified,"No published nesting ceiling; finite bounded samples only, not arbitrary-depth performance.",TK1-nesting-objects-32-create-atomic,create: Replays and refused deep writes leave complete state unchanged before a later successful correction. Shape/depth objects-32.,3.4 / 5 / 6 / 7 / 8 / 10 / 11,86,systems-engineer
1,"1,2,3,4",True,independent-verifier,PENDING_NAMED_CANDIDATE,independent generated raw HTTP and exact JSON-value oracle,python nesting_probe.py --base CURRENT_URL --peer INDEPENDENT_PEER_URL --candidate FULL_NAMED_CANDIDATE --out NEW_UNIQUE_DIRECTORY,UNVERIFIED,unverified,"No published nesting ceiling; finite bounded samples only, not arbitrary-depth performance.",TK1-nesting-objects-32-create-immutable,create: Original receipt replay remains200 and identical after current record mutation/cancellation. Shape/depth objects-32.,3.4 / 5 / 6 / 7 / 8 / 10 / 11,86,systems-engineer
1,"1,2,3,4",True,independent-verifier,PENDING_NAMED_CANDIDATE,independent generated raw HTTP and exact JSON-value oracle,python nesting_probe.py --base CURRENT_URL --peer INDEPENDENT_PEER_URL --candidate FULL_NAMED_CANDIDATE --out NEW_UNIQUE_DIRECTORY,UNVERIFIED,unverified,"No published nesting ceiling; finite bounded samples only, not arbitrary-depth performance.",TK1-nesting-objects-32-create-import-original,create: Original deep receipt replays unchanged200 in an independent imported destination. Shape/depth objects-32.,3.4 / 5 / 6 / 7 / 8 / 10 / 11,86,systems-engineer
1,"1,2,3,4",True,independent-verifier,PENDING_NAMED_CANDIDATE,independent generated raw HTTP and exact JSON-value oracle,python nesting_probe.py --base CURRENT_URL --peer INDEPENDENT_PEER_URL --candidate FULL_NAMED_CANDIDATE --out NEW_UNIQUE_DIRECTORY,UNVERIFIED,unverified,"No published nesting ceiling; finite bounded samples only, not arbitrary-depth performance.",TK1-nesting-objects-32-create-import-difference,create: A changed deep leaf still conflicts409 after independent replacement. Shape/depth objects-32.,3.4 / 5 / 6 / 7 / 8 / 10 / 11,86,systems-engineer
1,"1,2,3,4",True,independent-verifier,PENDING_NAMED_CANDIDATE,independent generated raw HTTP and exact JSON-value oracle,python nesting_probe.py --base CURRENT_URL --peer INDEPENDENT_PEER_URL --candidate FULL_NAMED_CANDIDATE --out NEW_UNIQUE_DIRECTORY,UNVERIFIED,unverified,"No published nesting ceiling; finite bounded samples only, not arbitrary-depth performance.",TK1-nesting-objects-32-moves-first,moves: A valid write with an ignored bounded nested JSON value succeeds201. Shape/depth objects-32.,3.4 / 5 / 6 / 7 / 8 / 10 / 11,86,systems-engineer
1,"1,2,3,4",True,independent-verifier,PENDING_NAMED_CANDIDATE,independent generated raw HTTP and exact JSON-value oracle,python nesting_probe.py --base CURRENT_URL --peer INDEPENDENT_PEER_URL --candidate FULL_NAMED_CANDIDATE --out NEW_UNIQUE_DIRECTORY,UNVERIFIED,unverified,"No published nesting ceiling; finite bounded samples only, not arbitrary-depth performance.",TK1-nesting-objects-32-moves-alias,moves: Complete-body exact numeric/object-order aliases replay the original receipt200. Shape/depth objects-32.,3.4 / 5 / 6 / 7 / 8 / 10 / 11,86,systems-engineer
1,"1,2,3,4",True,independent-verifier,PENDING_NAMED_CANDIDATE,independent generated raw HTTP and exact JSON-value oracle,python nesting_probe.py --base CURRENT_URL --peer INDEPENDENT_PEER_URL --candidate FULL_NAMED_CANDIDATE --out NEW_UNIQUE_DIRECTORY,UNVERIFIED,unverified,"No published nesting ceiling; finite bounded samples only, not arbitrary-depth performance.",TK1-nesting-objects-32-moves-number-difference,moves: A changed precise numeric leaf under the same used key gives409 idempotency_key_reuse. Shape/depth objects-32.,3.4 / 5 / 6 / 7 / 8 / 10 / 11,86,systems-engineer
1,"1,2,3,4",True,independent-verifier,PENDING_NAMED_CANDIDATE,independent generated raw HTTP and exact JSON-value oracle,python nesting_probe.py --base CURRENT_URL --peer INDEPENDENT_PEER_URL --candidate FULL_NAMED_CANDIDATE --out NEW_UNIQUE_DIRECTORY,UNVERIFIED,unverified,"No published nesting ceiling; finite bounded samples only, not arbitrary-depth performance.",TK1-nesting-objects-32-moves-type-difference,moves: Changing a numeric leaf to boolean under the used key gives409 idempotency_key_reuse. Shape/depth objects-32.,3.4 / 5 / 6 / 7 / 8 / 10 / 11,86,systems-engineer
1,"1,2,3,4",True,independent-verifier,PENDING_NAMED_CANDIDATE,independent generated raw HTTP and exact JSON-value oracle,python nesting_probe.py --base CURRENT_URL --peer INDEPENDENT_PEER_URL --candidate FULL_NAMED_CANDIDATE --out NEW_UNIQUE_DIRECTORY,UNVERIFIED,unverified,"No published nesting ceiling; finite bounded samples only, not arbitrary-depth performance.",TK1-nesting-objects-32-moves-missing-auth,moves: A valid deep body without authentication gives401 unauthenticated. Shape/depth objects-32.,3.4 / 5 / 6 / 7 / 8 / 10 / 11,86,systems-engineer
1,"1,2,3,4",True,independent-verifier,PENDING_NAMED_CANDIDATE,independent generated raw HTTP and exact JSON-value oracle,python nesting_probe.py --base CURRENT_URL --peer INDEPENDENT_PEER_URL --candidate FULL_NAMED_CANDIDATE --out NEW_UNIQUE_DIRECTORY,UNVERIFIED,unverified,"No published nesting ceiling; finite bounded samples only, not arbitrary-depth performance.",TK1-nesting-objects-32-moves-missing-key,moves: An authenticated valid deep write without a key gives400 missing_idempotency_key. Shape/depth objects-32.,3.4 / 5 / 6 / 7 / 8 / 10 / 11,86,systems-engineer
1,"1,2,3,4",True,independent-verifier,PENDING_NAMED_CANDIDATE,independent generated raw HTTP and exact JSON-value oracle,python nesting_probe.py --base CURRENT_URL --peer INDEPENDENT_PEER_URL --candidate FULL_NAMED_CANDIDATE --out NEW_UNIQUE_DIRECTORY,UNVERIFIED,unverified,"No published nesting ceiling; finite bounded samples only, not arbitrary-depth performance.",TK1-nesting-objects-32-moves-failed-value,moves: A new-key valid deep body with fractional party gives422 validation_failed. Shape/depth objects-32.,3.4 / 5 / 6 / 7 / 8 / 10 / 11,86,systems-engineer
1,"1,2,3,4",True,independent-verifier,PENDING_NAMED_CANDIDATE,independent generated raw HTTP and exact JSON-value oracle,python nesting_probe.py --base CURRENT_URL --peer INDEPENDENT_PEER_URL --candidate FULL_NAMED_CANDIDATE --out NEW_UNIQUE_DIRECTORY,UNVERIFIED,unverified,"No published nesting ceiling; finite bounded samples only, not arbitrary-depth performance.",TK1-nesting-objects-32-moves-failed-key-reuse,moves: Correcting the refused party with the same key succeeds201. Shape/depth objects-32.,3.4 / 5 / 6 / 7 / 8 / 10 / 11,86,systems-engineer
1,"1,2,3,4",True,independent-verifier,PENDING_NAMED_CANDIDATE,independent generated raw HTTP and exact JSON-value oracle,python nesting_probe.py --base CURRENT_URL --peer INDEPENDENT_PEER_URL --candidate FULL_NAMED_CANDIDATE --out NEW_UNIQUE_DIRECTORY,UNVERIFIED,unverified,"No published nesting ceiling; finite bounded samples only, not arbitrary-depth performance.",TK1-nesting-objects-32-moves-atomic,moves: Replays and refused deep writes leave complete state unchanged before a later successful correction. Shape/depth objects-32.,3.4 / 5 / 6 / 7 / 8 / 10 / 11,86,systems-engineer
1,"1,2,3,4",True,independent-verifier,PENDING_NAMED_CANDIDATE,independent generated raw HTTP and exact JSON-value oracle,python nesting_probe.py --base CURRENT_URL --peer INDEPENDENT_PEER_URL --candidate FULL_NAMED_CANDIDATE --out NEW_UNIQUE_DIRECTORY,UNVERIFIED,unverified,"No published nesting ceiling; finite bounded samples only, not arbitrary-depth performance.",TK1-nesting-objects-32-moves-immutable,moves: Original receipt replay remains200 and identical after current record mutation/cancellation. Shape/depth objects-32.,3.4 / 5 / 6 / 7 / 8 / 10 / 11,86,systems-engineer
1,"1,2,3,4",True,independent-verifier,PENDING_NAMED_CANDIDATE,independent generated raw HTTP and exact JSON-value oracle,python nesting_probe.py --base CURRENT_URL --peer INDEPENDENT_PEER_URL --candidate FULL_NAMED_CANDIDATE --out NEW_UNIQUE_DIRECTORY,UNVERIFIED,unverified,"No published nesting ceiling; finite bounded samples only, not arbitrary-depth performance.",TK1-nesting-objects-32-moves-import-original,moves: Original deep receipt replays unchanged200 in an independent imported destination. Shape/depth objects-32.,3.4 / 5 / 6 / 7 / 8 / 10 / 11,86,systems-engineer
1,"1,2,3,4",True,independent-verifier,PENDING_NAMED_CANDIDATE,independent generated raw HTTP and exact JSON-value oracle,python nesting_probe.py --base CURRENT_URL --peer INDEPENDENT_PEER_URL --candidate FULL_NAMED_CANDIDATE --out NEW_UNIQUE_DIRECTORY,UNVERIFIED,unverified,"No published nesting ceiling; finite bounded samples only, not arbitrary-depth performance.",TK1-nesting-objects-32-moves-import-difference,moves: A changed deep leaf still conflicts409 after independent replacement. Shape/depth objects-32.,3.4 / 5 / 6 / 7 / 8 / 10 / 11,86,systems-engineer
1,"1,2,3,4",True,independent-verifier,PENDING_NAMED_CANDIDATE,independent generated raw HTTP and exact JSON-value oracle,python nesting_probe.py --base CURRENT_URL --peer INDEPENDENT_PEER_URL --candidate FULL_NAMED_CANDIDATE --out NEW_UNIQUE_DIRECTORY,UNVERIFIED,unverified,"No published nesting ceiling; finite bounded samples only, not arbitrary-depth performance.",TK1-nesting-objects-32-reset,A valid fixture with an ignored bounded nested value resets204. Shape/depth objects-32.,3.3 / 3.4 / 5 / 7 / 10,86,systems-engineer
1,"1,2,3,4",True,independent-verifier,PENDING_NAMED_CANDIDATE,independent generated raw HTTP and exact JSON-value oracle,python nesting_probe.py --base CURRENT_URL --peer INDEPENDENT_PEER_URL --candidate FULL_NAMED_CANDIDATE --out NEW_UNIQUE_DIRECTORY,UNVERIFIED,unverified,"No published nesting ceiling; finite bounded samples only, not arbitrary-depth performance.",TK1-nesting-objects-32-signup,A valid signup with an ignored bounded nested value succeeds201. Shape/depth objects-32.,3.3 / 3.4 / 5 / 7 / 10,86,systems-engineer
1,"1,2,3,4",True,independent-verifier,PENDING_NAMED_CANDIDATE,independent generated raw HTTP and exact JSON-value oracle,python nesting_probe.py --base CURRENT_URL --peer INDEPENDENT_PEER_URL --candidate FULL_NAMED_CANDIDATE --out NEW_UNIQUE_DIRECTORY,UNVERIFIED,unverified,"No published nesting ceiling; finite bounded samples only, not arbitrary-depth performance.",TK1-nesting-objects-32-login,A valid login with an ignored bounded nested value succeeds200. Shape/depth objects-32.,3.3 / 3.4 / 5 / 7 / 10,86,systems-engineer
1,"1,2,3,4",True,independent-verifier,PENDING_NAMED_CANDIDATE,independent generated raw HTTP and exact JSON-value oracle,python nesting_probe.py --base CURRENT_URL --peer INDEPENDENT_PEER_URL --candidate FULL_NAMED_CANDIDATE --out NEW_UNIQUE_DIRECTORY,UNVERIFIED,unverified,"No published nesting ceiling; finite bounded samples only, not arbitrary-depth performance.",TK1-nesting-objects-32-patch,An ignored bounded nested PATCH value succeeds without changing state. Shape/depth objects-32.,3.3 / 3.4 / 5 / 7 / 10,86,systems-engineer
1,"1,2,3,4",True,independent-verifier,PENDING_NAMED_CANDIDATE,independent generated raw HTTP and exact JSON-value oracle,python nesting_probe.py --base CURRENT_URL --peer INDEPENDENT_PEER_URL --candidate FULL_NAMED_CANDIDATE --out NEW_UNIQUE_DIRECTORY,UNVERIFIED,unverified,"No published nesting ceiling; finite bounded samples only, not arbitrary-depth performance.",TK1-nesting-objects-32-export,Export after deep successful writes returns200 valid JSON with the specified track/version/state envelope. Shape/depth objects-32.,3.3 / 3.4 / 5 / 7 / 10,86,systems-engineer
1,"1,2,3,4",True,independent-verifier,PENDING_NAMED_CANDIDATE,independent generated raw HTTP and exact JSON-value oracle,python nesting_probe.py --base CURRENT_URL --peer INDEPENDENT_PEER_URL --candidate FULL_NAMED_CANDIDATE --out NEW_UNIQUE_DIRECTORY,UNVERIFIED,unverified,"No published nesting ceiling; finite bounded samples only, not arbitrary-depth performance.",TK1-nesting-objects-32-import,The unchanged opaque export imports204 into a separately running destination. Shape/depth objects-32.,3.3 / 3.4 / 5 / 7 / 10,86,systems-engineer
1,"1,2,3,4",True,independent-verifier,PENDING_NAMED_CANDIDATE,independent generated raw HTTP and exact JSON-value oracle,python nesting_probe.py --base CURRENT_URL --peer INDEPENDENT_PEER_URL --candidate FULL_NAMED_CANDIDATE --out NEW_UNIQUE_DIRECTORY,UNVERIFIED,unverified,"No published nesting ceiling; finite bounded samples only, not arbitrary-depth performance.",TK1-nesting-objects-32-replacement,The independently imported full snapshot preserves the complete exact source state. Shape/depth objects-32.,3.3 / 3.4 / 5 / 7 / 10,86,systems-engineer
1,"1,2,3,4",True,independent-verifier,PENDING_NAMED_CANDIDATE,independent generated raw HTTP and exact JSON-value oracle,python nesting_probe.py --base CURRENT_URL --peer INDEPENDENT_PEER_URL --candidate FULL_NAMED_CANDIDATE --out NEW_UNIQUE_DIRECTORY,UNVERIFIED,unverified,"No published nesting ceiling; finite bounded samples only, not arbitrary-depth performance.",TK1-nesting-objects-32-retained-token,The real source token and current private records survive independent replacement. Shape/depth objects-32.,3.3 / 3.4 / 5 / 7 / 10,86,systems-engineer
1,"1,2,3,4",True,independent-verifier,PENDING_NAMED_CANDIDATE,independent generated raw HTTP and exact JSON-value oracle,python nesting_probe.py --base CURRENT_URL --peer INDEPENDENT_PEER_URL --candidate FULL_NAMED_CANDIDATE --out NEW_UNIQUE_DIRECTORY,UNVERIFIED,unverified,"No published nesting ceiling; finite bounded samples only, not arbitrary-depth performance.",TK1-nesting-objects-32-malformed,A truncated deep body remains400 malformed_request before auth/key processing. Shape/depth objects-32.,3.3 / 3.4 / 5 / 7 / 10,86,interface-engineer
1,"1,2,3,4",True,independent-verifier,PENDING_NAMED_CANDIDATE,independent generated raw HTTP and exact JSON-value oracle,python nesting_probe.py --base CURRENT_URL --peer INDEPENDENT_PEER_URL --candidate FULL_NAMED_CANDIDATE --out NEW_UNIQUE_DIRECTORY,UNVERIFIED,unverified,"No published nesting ceiling; finite bounded samples only, not arbitrary-depth performance.",TK1-nesting-objects-32-malformed-atomic,Refusing truncated deep JSON leaves complete source state unchanged. Shape/depth objects-32.,3.3 / 3.4 / 5 / 7 / 10,86,systems-engineer
1,"1,2,3,4",True,independent-verifier,PENDING_NAMED_CANDIDATE,independent generated raw HTTP and exact JSON-value oracle,python nesting_probe.py --base CURRENT_URL --peer INDEPENDENT_PEER_URL --candidate FULL_NAMED_CANDIDATE --out NEW_UNIQUE_DIRECTORY,UNVERIFIED,unverified,"No published nesting ceiling; finite bounded samples only, not arbitrary-depth performance.",TK1-nesting-objects-999-create-first,create: A valid write with an ignored bounded nested JSON value succeeds201. Shape/depth objects-999.,3.4 / 5 / 6 / 7 / 8 / 10 / 11,86,systems-engineer
1,"1,2,3,4",True,independent-verifier,PENDING_NAMED_CANDIDATE,independent generated raw HTTP and exact JSON-value oracle,python nesting_probe.py --base CURRENT_URL --peer INDEPENDENT_PEER_URL --candidate FULL_NAMED_CANDIDATE --out NEW_UNIQUE_DIRECTORY,UNVERIFIED,unverified,"No published nesting ceiling; finite bounded samples only, not arbitrary-depth performance.",TK1-nesting-objects-999-create-alias,create: Complete-body exact numeric/object-order aliases replay the original receipt200. Shape/depth objects-999.,3.4 / 5 / 6 / 7 / 8 / 10 / 11,86,systems-engineer
1,"1,2,3,4",True,independent-verifier,PENDING_NAMED_CANDIDATE,independent generated raw HTTP and exact JSON-value oracle,python nesting_probe.py --base CURRENT_URL --peer INDEPENDENT_PEER_URL --candidate FULL_NAMED_CANDIDATE --out NEW_UNIQUE_DIRECTORY,UNVERIFIED,unverified,"No published nesting ceiling; finite bounded samples only, not arbitrary-depth performance.",TK1-nesting-objects-999-create-number-difference,create: A changed precise numeric leaf under the same used key gives409 idempotency_key_reuse. Shape/depth objects-999.,3.4 / 5 / 6 / 7 / 8 / 10 / 11,86,systems-engineer
1,"1,2,3,4",True,independent-verifier,PENDING_NAMED_CANDIDATE,independent generated raw HTTP and exact JSON-value oracle,python nesting_probe.py --base CURRENT_URL --peer INDEPENDENT_PEER_URL --candidate FULL_NAMED_CANDIDATE --out NEW_UNIQUE_DIRECTORY,UNVERIFIED,unverified,"No published nesting ceiling; finite bounded samples only, not arbitrary-depth performance.",TK1-nesting-objects-999-create-type-difference,create: Changing a numeric leaf to boolean under the used key gives409 idempotency_key_reuse. Shape/depth objects-999.,3.4 / 5 / 6 / 7 / 8 / 10 / 11,86,systems-engineer
1,"1,2,3,4",True,independent-verifier,PENDING_NAMED_CANDIDATE,independent generated raw HTTP and exact JSON-value oracle,python nesting_probe.py --base CURRENT_URL --peer INDEPENDENT_PEER_URL --candidate FULL_NAMED_CANDIDATE --out NEW_UNIQUE_DIRECTORY,UNVERIFIED,unverified,"No published nesting ceiling; finite bounded samples only, not arbitrary-depth performance.",TK1-nesting-objects-999-create-missing-auth,create: A valid deep body without authentication gives401 unauthenticated. Shape/depth objects-999.,3.4 / 5 / 6 / 7 / 8 / 10 / 11,86,systems-engineer
1,"1,2,3,4",True,independent-verifier,PENDING_NAMED_CANDIDATE,independent generated raw HTTP and exact JSON-value oracle,python nesting_probe.py --base CURRENT_URL --peer INDEPENDENT_PEER_URL --candidate FULL_NAMED_CANDIDATE --out NEW_UNIQUE_DIRECTORY,UNVERIFIED,unverified,"No published nesting ceiling; finite bounded samples only, not arbitrary-depth performance.",TK1-nesting-objects-999-create-missing-key,create: An authenticated valid deep write without a key gives400 missing_idempotency_key. Shape/depth objects-999.,3.4 / 5 / 6 / 7 / 8 / 10 / 11,86,systems-engineer
1,"1,2,3,4",True,independent-verifier,PENDING_NAMED_CANDIDATE,independent generated raw HTTP and exact JSON-value oracle,python nesting_probe.py --base CURRENT_URL --peer INDEPENDENT_PEER_URL --candidate FULL_NAMED_CANDIDATE --out NEW_UNIQUE_DIRECTORY,UNVERIFIED,unverified,"No published nesting ceiling; finite bounded samples only, not arbitrary-depth performance.",TK1-nesting-objects-999-create-failed-value,create: A new-key valid deep body with fractional party gives422 validation_failed. Shape/depth objects-999.,3.4 / 5 / 6 / 7 / 8 / 10 / 11,86,systems-engineer
1,"1,2,3,4",True,independent-verifier,PENDING_NAMED_CANDIDATE,independent generated raw HTTP and exact JSON-value oracle,python nesting_probe.py --base CURRENT_URL --peer INDEPENDENT_PEER_URL --candidate FULL_NAMED_CANDIDATE --out NEW_UNIQUE_DIRECTORY,UNVERIFIED,unverified,"No published nesting ceiling; finite bounded samples only, not arbitrary-depth performance.",TK1-nesting-objects-999-create-failed-key-reuse,create: Correcting the refused party with the same key succeeds201. Shape/depth objects-999.,3.4 / 5 / 6 / 7 / 8 / 10 / 11,86,systems-engineer
1,"1,2,3,4",True,independent-verifier,PENDING_NAMED_CANDIDATE,independent generated raw HTTP and exact JSON-value oracle,python nesting_probe.py --base CURRENT_URL --peer INDEPENDENT_PEER_URL --candidate FULL_NAMED_CANDIDATE --out NEW_UNIQUE_DIRECTORY,UNVERIFIED,unverified,"No published nesting ceiling; finite bounded samples only, not arbitrary-depth performance.",TK1-nesting-objects-999-create-atomic,create: Replays and refused deep writes leave complete state unchanged before a later successful correction. Shape/depth objects-999.,3.4 / 5 / 6 / 7 / 8 / 10 / 11,86,systems-engineer
1,"1,2,3,4",True,independent-verifier,PENDING_NAMED_CANDIDATE,independent generated raw HTTP and exact JSON-value oracle,python nesting_probe.py --base CURRENT_URL --peer INDEPENDENT_PEER_URL --candidate FULL_NAMED_CANDIDATE --out NEW_UNIQUE_DIRECTORY,UNVERIFIED,unverified,"No published nesting ceiling; finite bounded samples only, not arbitrary-depth performance.",TK1-nesting-objects-999-create-immutable,create: Original receipt replay remains200 and identical after current record mutation/cancellation. Shape/depth objects-999.,3.4 / 5 / 6 / 7 / 8 / 10 / 11,86,systems-engineer
1,"1,2,3,4",True,independent-verifier,PENDING_NAMED_CANDIDATE,independent generated raw HTTP and exact JSON-value oracle,python nesting_probe.py --base CURRENT_URL --peer INDEPENDENT_PEER_URL --candidate FULL_NAMED_CANDIDATE --out NEW_UNIQUE_DIRECTORY,UNVERIFIED,unverified,"No published nesting ceiling; finite bounded samples only, not arbitrary-depth performance.",TK1-nesting-objects-999-create-import-original,create: Original deep receipt replays unchanged200 in an independent imported destination. Shape/depth objects-999.,3.4 / 5 / 6 / 7 / 8 / 10 / 11,86,systems-engineer
1,"1,2,3,4",True,independent-verifier,PENDING_NAMED_CANDIDATE,independent generated raw HTTP and exact JSON-value oracle,python nesting_probe.py --base CURRENT_URL --peer INDEPENDENT_PEER_URL --candidate FULL_NAMED_CANDIDATE --out NEW_UNIQUE_DIRECTORY,UNVERIFIED,unverified,"No published nesting ceiling; finite bounded samples only, not arbitrary-depth performance.",TK1-nesting-objects-999-create-import-difference,create: A changed deep leaf still conflicts409 after independent replacement. Shape/depth objects-999.,3.4 / 5 / 6 / 7 / 8 / 10 / 11,86,systems-engineer
1,"1,2,3,4",True,independent-verifier,PENDING_NAMED_CANDIDATE,independent generated raw HTTP and exact JSON-value oracle,python nesting_probe.py --base CURRENT_URL --peer INDEPENDENT_PEER_URL --candidate FULL_NAMED_CANDIDATE --out NEW_UNIQUE_DIRECTORY,UNVERIFIED,unverified,"No published nesting ceiling; finite bounded samples only, not arbitrary-depth performance.",TK1-nesting-objects-999-moves-first,moves: A valid write with an ignored bounded nested JSON value succeeds201. Shape/depth objects-999.,3.4 / 5 / 6 / 7 / 8 / 10 / 11,86,systems-engineer
1,"1,2,3,4",True,independent-verifier,PENDING_NAMED_CANDIDATE,independent generated raw HTTP and exact JSON-value oracle,python nesting_probe.py --base CURRENT_URL --peer INDEPENDENT_PEER_URL --candidate FULL_NAMED_CANDIDATE --out NEW_UNIQUE_DIRECTORY,UNVERIFIED,unverified,"No published nesting ceiling; finite bounded samples only, not arbitrary-depth performance.",TK1-nesting-objects-999-moves-alias,moves: Complete-body exact numeric/object-order aliases replay the original receipt200. Shape/depth objects-999.,3.4 / 5 / 6 / 7 / 8 / 10 / 11,86,systems-engineer
1,"1,2,3,4",True,independent-verifier,PENDING_NAMED_CANDIDATE,independent generated raw HTTP and exact JSON-value oracle,python nesting_probe.py --base CURRENT_URL --peer INDEPENDENT_PEER_URL --candidate FULL_NAMED_CANDIDATE --out NEW_UNIQUE_DIRECTORY,UNVERIFIED,unverified,"No published nesting ceiling; finite bounded samples only, not arbitrary-depth performance.",TK1-nesting-objects-999-moves-number-difference,moves: A changed precise numeric leaf under the same used key gives409 idempotency_key_reuse. Shape/depth objects-999.,3.4 / 5 / 6 / 7 / 8 / 10 / 11,86,systems-engineer
1,"1,2,3,4",True,independent-verifier,PENDING_NAMED_CANDIDATE,independent generated raw HTTP and exact JSON-value oracle,python nesting_probe.py --base CURRENT_URL --peer INDEPENDENT_PEER_URL --candidate FULL_NAMED_CANDIDATE --out NEW_UNIQUE_DIRECTORY,UNVERIFIED,unverified,"No published nesting ceiling; finite bounded samples only, not arbitrary-depth performance.",TK1-nesting-objects-999-moves-type-difference,moves: Changing a numeric leaf to boolean under the used key gives409 idempotency_key_reuse. Shape/depth objects-999.,3.4 / 5 / 6 / 7 / 8 / 10 / 11,86,systems-engineer
1,"1,2,3,4",True,independent-verifier,PENDING_NAMED_CANDIDATE,independent generated raw HTTP and exact JSON-value oracle,python nesting_probe.py --base CURRENT_URL --peer INDEPENDENT_PEER_URL --candidate FULL_NAMED_CANDIDATE --out NEW_UNIQUE_DIRECTORY,UNVERIFIED,unverified,"No published nesting ceiling; finite bounded samples only, not arbitrary-depth performance.",TK1-nesting-objects-999-moves-missing-auth,moves: A valid deep body without authentication gives401 unauthenticated. Shape/depth objects-999.,3.4 / 5 / 6 / 7 / 8 / 10 / 11,86,systems-engineer
1,"1,2,3,4",True,independent-verifier,PENDING_NAMED_CANDIDATE,independent generated raw HTTP and exact JSON-value oracle,python nesting_probe.py --base CURRENT_URL --peer INDEPENDENT_PEER_URL --candidate FULL_NAMED_CANDIDATE --out NEW_UNIQUE_DIRECTORY,UNVERIFIED,unverified,"No published nesting ceiling; finite bounded samples only, not arbitrary-depth performance.",TK1-nesting-objects-999-moves-missing-key,moves: An authenticated valid deep write without a key gives400 missing_idempotency_key. Shape/depth objects-999.,3.4 / 5 / 6 / 7 / 8 / 10 / 11,86,systems-engineer
1,"1,2,3,4",True,independent-verifier,PENDING_NAMED_CANDIDATE,independent generated raw HTTP and exact JSON-value oracle,python nesting_probe.py --base CURRENT_URL --peer INDEPENDENT_PEER_URL --candidate FULL_NAMED_CANDIDATE --out NEW_UNIQUE_DIRECTORY,UNVERIFIED,unverified,"No published nesting ceiling; finite bounded samples only, not arbitrary-depth performance.",TK1-nesting-objects-999-moves-failed-value,moves: A new-key valid deep body with fractional party gives422 validation_failed. Shape/depth objects-999.,3.4 / 5 / 6 / 7 / 8 / 10 / 11,86,systems-engineer
1,"1,2,3,4",True,independent-verifier,PENDING_NAMED_CANDIDATE,independent generated raw HTTP and exact JSON-value oracle,python nesting_probe.py --base CURRENT_URL --peer INDEPENDENT_PEER_URL --candidate FULL_NAMED_CANDIDATE --out NEW_UNIQUE_DIRECTORY,UNVERIFIED,unverified,"No published nesting ceiling; finite bounded samples only, not arbitrary-depth performance.",TK1-nesting-objects-999-moves-failed-key-reuse,moves: Correcting the refused party with the same key succeeds201. Shape/depth objects-999.,3.4 / 5 / 6 / 7 / 8 / 10 / 11,86,systems-engineer
1,"1,2,3,4",True,independent-verifier,PENDING_NAMED_CANDIDATE,independent generated raw HTTP and exact JSON-value oracle,python nesting_probe.py --base CURRENT_URL --peer INDEPENDENT_PEER_URL --candidate FULL_NAMED_CANDIDATE --out NEW_UNIQUE_DIRECTORY,UNVERIFIED,unverified,"No published nesting ceiling; finite bounded samples only, not arbitrary-depth performance.",TK1-nesting-objects-999-moves-atomic,moves: Replays and refused deep writes leave complete state unchanged before a later successful correction. Shape/depth objects-999.,3.4 / 5 / 6 / 7 / 8 / 10 / 11,86,systems-engineer
1,"1,2,3,4",True,independent-verifier,PENDING_NAMED_CANDIDATE,independent generated raw HTTP and exact JSON-value oracle,python nesting_probe.py --base CURRENT_URL --peer INDEPENDENT_PEER_URL --candidate FULL_NAMED_CANDIDATE --out NEW_UNIQUE_DIRECTORY,UNVERIFIED,unverified,"No published nesting ceiling; finite bounded samples only, not arbitrary-depth performance.",TK1-nesting-objects-999-moves-immutable,moves: Original receipt replay remains200 and identical after current record mutation/cancellation. Shape/depth objects-999.,3.4 / 5 / 6 / 7 / 8 / 10 / 11,86,systems-engineer
1,"1,2,3,4",True,independent-verifier,PENDING_NAMED_CANDIDATE,independent generated raw HTTP and exact JSON-value oracle,python nesting_probe.py --base CURRENT_URL --peer INDEPENDENT_PEER_URL --candidate FULL_NAMED_CANDIDATE --out NEW_UNIQUE_DIRECTORY,UNVERIFIED,unverified,"No published nesting ceiling; finite bounded samples only, not arbitrary-depth performance.",TK1-nesting-objects-999-moves-import-original,moves: Original deep receipt replays unchanged200 in an independent imported destination. Shape/depth objects-999.,3.4 / 5 / 6 / 7 / 8 / 10 / 11,86,systems-engineer
1,"1,2,3,4",True,independent-verifier,PENDING_NAMED_CANDIDATE,independent generated raw HTTP and exact JSON-value oracle,python nesting_probe.py --base CURRENT_URL --peer INDEPENDENT_PEER_URL --candidate FULL_NAMED_CANDIDATE --out NEW_UNIQUE_DIRECTORY,UNVERIFIED,unverified,"No published nesting ceiling; finite bounded samples only, not arbitrary-depth performance.",TK1-nesting-objects-999-moves-import-difference,moves: A changed deep leaf still conflicts409 after independent replacement. Shape/depth objects-999.,3.4 / 5 / 6 / 7 / 8 / 10 / 11,86,systems-engineer
1,"1,2,3,4",True,independent-verifier,PENDING_NAMED_CANDIDATE,independent generated raw HTTP and exact JSON-value oracle,python nesting_probe.py --base CURRENT_URL --peer INDEPENDENT_PEER_URL --candidate FULL_NAMED_CANDIDATE --out NEW_UNIQUE_DIRECTORY,UNVERIFIED,unverified,"No published nesting ceiling; finite bounded samples only, not arbitrary-depth performance.",TK1-nesting-objects-999-reset,A valid fixture with an ignored bounded nested value resets204. Shape/depth objects-999.,3.3 / 3.4 / 5 / 7 / 10,86,systems-engineer
1,"1,2,3,4",True,independent-verifier,PENDING_NAMED_CANDIDATE,independent generated raw HTTP and exact JSON-value oracle,python nesting_probe.py --base CURRENT_URL --peer INDEPENDENT_PEER_URL --candidate FULL_NAMED_CANDIDATE --out NEW_UNIQUE_DIRECTORY,UNVERIFIED,unverified,"No published nesting ceiling; finite bounded samples only, not arbitrary-depth performance.",TK1-nesting-objects-999-signup,A valid signup with an ignored bounded nested value succeeds201. Shape/depth objects-999.,3.3 / 3.4 / 5 / 7 / 10,86,systems-engineer
1,"1,2,3,4",True,independent-verifier,PENDING_NAMED_CANDIDATE,independent generated raw HTTP and exact JSON-value oracle,python nesting_probe.py --base CURRENT_URL --peer INDEPENDENT_PEER_URL --candidate FULL_NAMED_CANDIDATE --out NEW_UNIQUE_DIRECTORY,UNVERIFIED,unverified,"No published nesting ceiling; finite bounded samples only, not arbitrary-depth performance.",TK1-nesting-objects-999-login,A valid login with an ignored bounded nested value succeeds200. Shape/depth objects-999.,3.3 / 3.4 / 5 / 7 / 10,86,systems-engineer
1,"1,2,3,4",True,independent-verifier,PENDING_NAMED_CANDIDATE,independent generated raw HTTP and exact JSON-value oracle,python nesting_probe.py --base CURRENT_URL --peer INDEPENDENT_PEER_URL --candidate FULL_NAMED_CANDIDATE --out NEW_UNIQUE_DIRECTORY,UNVERIFIED,unverified,"No published nesting ceiling; finite bounded samples only, not arbitrary-depth performance.",TK1-nesting-objects-999-patch,An ignored bounded nested PATCH value succeeds without changing state. Shape/depth objects-999.,3.3 / 3.4 / 5 / 7 / 10,86,systems-engineer
1,"1,2,3,4",True,independent-verifier,PENDING_NAMED_CANDIDATE,independent generated raw HTTP and exact JSON-value oracle,python nesting_probe.py --base CURRENT_URL --peer INDEPENDENT_PEER_URL --candidate FULL_NAMED_CANDIDATE --out NEW_UNIQUE_DIRECTORY,UNVERIFIED,unverified,"No published nesting ceiling; finite bounded samples only, not arbitrary-depth performance.",TK1-nesting-objects-999-export,Export after deep successful writes returns200 valid JSON with the specified track/version/state envelope. Shape/depth objects-999.,3.3 / 3.4 / 5 / 7 / 10,86,systems-engineer
1,"1,2,3,4",True,independent-verifier,PENDING_NAMED_CANDIDATE,independent generated raw HTTP and exact JSON-value oracle,python nesting_probe.py --base CURRENT_URL --peer INDEPENDENT_PEER_URL --candidate FULL_NAMED_CANDIDATE --out NEW_UNIQUE_DIRECTORY,UNVERIFIED,unverified,"No published nesting ceiling; finite bounded samples only, not arbitrary-depth performance.",TK1-nesting-objects-999-import,The unchanged opaque export imports204 into a separately running destination. Shape/depth objects-999.,3.3 / 3.4 / 5 / 7 / 10,86,systems-engineer
1,"1,2,3,4",True,independent-verifier,PENDING_NAMED_CANDIDATE,independent generated raw HTTP and exact JSON-value oracle,python nesting_probe.py --base CURRENT_URL --peer INDEPENDENT_PEER_URL --candidate FULL_NAMED_CANDIDATE --out NEW_UNIQUE_DIRECTORY,UNVERIFIED,unverified,"No published nesting ceiling; finite bounded samples only, not arbitrary-depth performance.",TK1-nesting-objects-999-replacement,The independently imported full snapshot preserves the complete exact source state. Shape/depth objects-999.,3.3 / 3.4 / 5 / 7 / 10,86,systems-engineer
1,"1,2,3,4",True,independent-verifier,PENDING_NAMED_CANDIDATE,independent generated raw HTTP and exact JSON-value oracle,python nesting_probe.py --base CURRENT_URL --peer INDEPENDENT_PEER_URL --candidate FULL_NAMED_CANDIDATE --out NEW_UNIQUE_DIRECTORY,UNVERIFIED,unverified,"No published nesting ceiling; finite bounded samples only, not arbitrary-depth performance.",TK1-nesting-objects-999-retained-token,The real source token and current private records survive independent replacement. Shape/depth objects-999.,3.3 / 3.4 / 5 / 7 / 10,86,systems-engineer
1,"1,2,3,4",True,independent-verifier,PENDING_NAMED_CANDIDATE,independent generated raw HTTP and exact JSON-value oracle,python nesting_probe.py --base CURRENT_URL --peer INDEPENDENT_PEER_URL --candidate FULL_NAMED_CANDIDATE --out NEW_UNIQUE_DIRECTORY,UNVERIFIED,unverified,"No published nesting ceiling; finite bounded samples only, not arbitrary-depth performance.",TK1-nesting-objects-999-malformed,A truncated deep body remains400 malformed_request before auth/key processing. Shape/depth objects-999.,3.3 / 3.4 / 5 / 7 / 10,86,interface-engineer
1,"1,2,3,4",True,independent-verifier,PENDING_NAMED_CANDIDATE,independent generated raw HTTP and exact JSON-value oracle,python nesting_probe.py --base CURRENT_URL --peer INDEPENDENT_PEER_URL --candidate FULL_NAMED_CANDIDATE --out NEW_UNIQUE_DIRECTORY,UNVERIFIED,unverified,"No published nesting ceiling; finite bounded samples only, not arbitrary-depth performance.",TK1-nesting-objects-999-malformed-atomic,Refusing truncated deep JSON leaves complete source state unchanged. Shape/depth objects-999.,3.3 / 3.4 / 5 / 7 / 10,86,systems-engineer
1,"1,2,3,4",True,independent-verifier,PENDING_NAMED_CANDIDATE,independent generated raw HTTP and exact JSON-value oracle,python nesting_probe.py --base CURRENT_URL --peer INDEPENDENT_PEER_URL --candidate FULL_NAMED_CANDIDATE --out NEW_UNIQUE_DIRECTORY,UNVERIFIED,unverified,"No published nesting ceiling; finite bounded samples only, not arbitrary-depth performance.",TK1-nesting-objects-1100-create-first,create: A valid write with an ignored bounded nested JSON value succeeds201. Shape/depth objects-1100.,3.4 / 5 / 6 / 7 / 8 / 10 / 11,86,systems-engineer
1,"1,2,3,4",True,independent-verifier,PENDING_NAMED_CANDIDATE,independent generated raw HTTP and exact JSON-value oracle,python nesting_probe.py --base CURRENT_URL --peer INDEPENDENT_PEER_URL --candidate FULL_NAMED_CANDIDATE --out NEW_UNIQUE_DIRECTORY,UNVERIFIED,unverified,"No published nesting ceiling; finite bounded samples only, not arbitrary-depth performance.",TK1-nesting-objects-1100-create-alias,create: Complete-body exact numeric/object-order aliases replay the original receipt200. Shape/depth objects-1100.,3.4 / 5 / 6 / 7 / 8 / 10 / 11,86,systems-engineer
1,"1,2,3,4",True,independent-verifier,PENDING_NAMED_CANDIDATE,independent generated raw HTTP and exact JSON-value oracle,python nesting_probe.py --base CURRENT_URL --peer INDEPENDENT_PEER_URL --candidate FULL_NAMED_CANDIDATE --out NEW_UNIQUE_DIRECTORY,UNVERIFIED,unverified,"No published nesting ceiling; finite bounded samples only, not arbitrary-depth performance.",TK1-nesting-objects-1100-create-number-difference,create: A changed precise numeric leaf under the same used key gives409 idempotency_key_reuse. Shape/depth objects-1100.,3.4 / 5 / 6 / 7 / 8 / 10 / 11,86,systems-engineer
1,"1,2,3,4",True,independent-verifier,PENDING_NAMED_CANDIDATE,independent generated raw HTTP and exact JSON-value oracle,python nesting_probe.py --base CURRENT_URL --peer INDEPENDENT_PEER_URL --candidate FULL_NAMED_CANDIDATE --out NEW_UNIQUE_DIRECTORY,UNVERIFIED,unverified,"No published nesting ceiling; finite bounded samples only, not arbitrary-depth performance.",TK1-nesting-objects-1100-create-type-difference,create: Changing a numeric leaf to boolean under the used key gives409 idempotency_key_reuse. Shape/depth objects-1100.,3.4 / 5 / 6 / 7 / 8 / 10 / 11,86,systems-engineer
1,"1,2,3,4",True,independent-verifier,PENDING_NAMED_CANDIDATE,independent generated raw HTTP and exact JSON-value oracle,python nesting_probe.py --base CURRENT_URL --peer INDEPENDENT_PEER_URL --candidate FULL_NAMED_CANDIDATE --out NEW_UNIQUE_DIRECTORY,UNVERIFIED,unverified,"No published nesting ceiling; finite bounded samples only, not arbitrary-depth performance.",TK1-nesting-objects-1100-create-missing-auth,create: A valid deep body without authentication gives401 unauthenticated. Shape/depth objects-1100.,3.4 / 5 / 6 / 7 / 8 / 10 / 11,86,systems-engineer
1,"1,2,3,4",True,independent-verifier,PENDING_NAMED_CANDIDATE,independent generated raw HTTP and exact JSON-value oracle,python nesting_probe.py --base CURRENT_URL --peer INDEPENDENT_PEER_URL --candidate FULL_NAMED_CANDIDATE --out NEW_UNIQUE_DIRECTORY,UNVERIFIED,unverified,"No published nesting ceiling; finite bounded samples only, not arbitrary-depth performance.",TK1-nesting-objects-1100-create-missing-key,create: An authenticated valid deep write without a key gives400 missing_idempotency_key. Shape/depth objects-1100.,3.4 / 5 / 6 / 7 / 8 / 10 / 11,86,systems-engineer
1,"1,2,3,4",True,independent-verifier,PENDING_NAMED_CANDIDATE,independent generated raw HTTP and exact JSON-value oracle,python nesting_probe.py --base CURRENT_URL --peer INDEPENDENT_PEER_URL --candidate FULL_NAMED_CANDIDATE --out NEW_UNIQUE_DIRECTORY,UNVERIFIED,unverified,"No published nesting ceiling; finite bounded samples only, not arbitrary-depth performance.",TK1-nesting-objects-1100-create-failed-value,create: A new-key valid deep body with fractional party gives422 validation_failed. Shape/depth objects-1100.,3.4 / 5 / 6 / 7 / 8 / 10 / 11,86,systems-engineer
1,"1,2,3,4",True,independent-verifier,PENDING_NAMED_CANDIDATE,independent generated raw HTTP and exact JSON-value oracle,python nesting_probe.py --base CURRENT_URL --peer INDEPENDENT_PEER_URL --candidate FULL_NAMED_CANDIDATE --out NEW_UNIQUE_DIRECTORY,UNVERIFIED,unverified,"No published nesting ceiling; finite bounded samples only, not arbitrary-depth performance.",TK1-nesting-objects-1100-create-failed-key-reuse,create: Correcting the refused party with the same key succeeds201. Shape/depth objects-1100.,3.4 / 5 / 6 / 7 / 8 / 10 / 11,86,systems-engineer
1,"1,2,3,4",True,independent-verifier,PENDING_NAMED_CANDIDATE,independent generated raw HTTP and exact JSON-value oracle,python nesting_probe.py --base CURRENT_URL --peer INDEPENDENT_PEER_URL --candidate FULL_NAMED_CANDIDATE --out NEW_UNIQUE_DIRECTORY,UNVERIFIED,unverified,"No published nesting ceiling; finite bounded samples only, not arbitrary-depth performance.",TK1-nesting-objects-1100-create-atomic,create: Replays and refused deep writes leave complete state unchanged before a later successful correction. Shape/depth objects-1100.,3.4 / 5 / 6 / 7 / 8 / 10 / 11,86,systems-engineer
1,"1,2,3,4",True,independent-verifier,PENDING_NAMED_CANDIDATE,independent generated raw HTTP and exact JSON-value oracle,python nesting_probe.py --base CURRENT_URL --peer INDEPENDENT_PEER_URL --candidate FULL_NAMED_CANDIDATE --out NEW_UNIQUE_DIRECTORY,UNVERIFIED,unverified,"No published nesting ceiling; finite bounded samples only, not arbitrary-depth performance.",TK1-nesting-objects-1100-create-immutable,create: Original receipt replay remains200 and identical after current record mutation/cancellation. Shape/depth objects-1100.,3.4 / 5 / 6 / 7 / 8 / 10 / 11,86,systems-engineer
1,"1,2,3,4",True,independent-verifier,PENDING_NAMED_CANDIDATE,independent generated raw HTTP and exact JSON-value oracle,python nesting_probe.py --base CURRENT_URL --peer INDEPENDENT_PEER_URL --candidate FULL_NAMED_CANDIDATE --out NEW_UNIQUE_DIRECTORY,UNVERIFIED,unverified,"No published nesting ceiling; finite bounded samples only, not arbitrary-depth performance.",TK1-nesting-objects-1100-create-import-original,create: Original deep receipt replays unchanged200 in an independent imported destination. Shape/depth objects-1100.,3.4 / 5 / 6 / 7 / 8 / 10 / 11,86,systems-engineer
1,"1,2,3,4",True,independent-verifier,PENDING_NAMED_CANDIDATE,independent generated raw HTTP and exact JSON-value oracle,python nesting_probe.py --base CURRENT_URL --peer INDEPENDENT_PEER_URL --candidate FULL_NAMED_CANDIDATE --out NEW_UNIQUE_DIRECTORY,UNVERIFIED,unverified,"No published nesting ceiling; finite bounded samples only, not arbitrary-depth performance.",TK1-nesting-objects-1100-create-import-difference,create: A changed deep leaf still conflicts409 after independent replacement. Shape/depth objects-1100.,3.4 / 5 / 6 / 7 / 8 / 10 / 11,86,systems-engineer
1,"1,2,3,4",True,independent-verifier,PENDING_NAMED_CANDIDATE,independent generated raw HTTP and exact JSON-value oracle,python nesting_probe.py --base CURRENT_URL --peer INDEPENDENT_PEER_URL --candidate FULL_NAMED_CANDIDATE --out NEW_UNIQUE_DIRECTORY,UNVERIFIED,unverified,"No published nesting ceiling; finite bounded samples only, not arbitrary-depth performance.",TK1-nesting-objects-1100-moves-first,moves: A valid write with an ignored bounded nested JSON value succeeds201. Shape/depth objects-1100.,3.4 / 5 / 6 / 7 / 8 / 10 / 11,86,systems-engineer
1,"1,2,3,4",True,independent-verifier,PENDING_NAMED_CANDIDATE,independent generated raw HTTP and exact JSON-value oracle,python nesting_probe.py --base CURRENT_URL --peer INDEPENDENT_PEER_URL --candidate FULL_NAMED_CANDIDATE --out NEW_UNIQUE_DIRECTORY,UNVERIFIED,unverified,"No published nesting ceiling; finite bounded samples only, not arbitrary-depth performance.",TK1-nesting-objects-1100-moves-alias,moves: Complete-body exact numeric/object-order aliases replay the original receipt200. Shape/depth objects-1100.,3.4 / 5 / 6 / 7 / 8 / 10 / 11,86,systems-engineer
1,"1,2,3,4",True,independent-verifier,PENDING_NAMED_CANDIDATE,independent generated raw HTTP and exact JSON-value oracle,python nesting_probe.py --base CURRENT_URL --peer INDEPENDENT_PEER_URL --candidate FULL_NAMED_CANDIDATE --out NEW_UNIQUE_DIRECTORY,UNVERIFIED,unverified,"No published nesting ceiling; finite bounded samples only, not arbitrary-depth performance.",TK1-nesting-objects-1100-moves-number-difference,moves: A changed precise numeric leaf under the same used key gives409 idempotency_key_reuse. Shape/depth objects-1100.,3.4 / 5 / 6 / 7 / 8 / 10 / 11,86,systems-engineer
1,"1,2,3,4",True,independent-verifier,PENDING_NAMED_CANDIDATE,independent generated raw HTTP and exact JSON-value oracle,python nesting_probe.py --base CURRENT_URL --peer INDEPENDENT_PEER_URL --candidate FULL_NAMED_CANDIDATE --out NEW_UNIQUE_DIRECTORY,UNVERIFIED,unverified,"No published nesting ceiling; finite bounded samples only, not arbitrary-depth performance.",TK1-nesting-objects-1100-moves-type-difference,moves: Changing a numeric leaf to boolean under the used key gives409 idempotency_key_reuse. Shape/depth objects-1100.,3.4 / 5 / 6 / 7 / 8 / 10 / 11,86,systems-engineer
1,"1,2,3,4",True,independent-verifier,PENDING_NAMED_CANDIDATE,independent generated raw HTTP and exact JSON-value oracle,python nesting_probe.py --base CURRENT_URL --peer INDEPENDENT_PEER_URL --candidate FULL_NAMED_CANDIDATE --out NEW_UNIQUE_DIRECTORY,UNVERIFIED,unverified,"No published nesting ceiling; finite bounded samples only, not arbitrary-depth performance.",TK1-nesting-objects-1100-moves-missing-auth,moves: A valid deep body without authentication gives401 unauthenticated. Shape/depth objects-1100.,3.4 / 5 / 6 / 7 / 8 / 10 / 11,86,systems-engineer
1,"1,2,3,4",True,independent-verifier,PENDING_NAMED_CANDIDATE,independent generated raw HTTP and exact JSON-value oracle,python nesting_probe.py --base CURRENT_URL --peer INDEPENDENT_PEER_URL --candidate FULL_NAMED_CANDIDATE --out NEW_UNIQUE_DIRECTORY,UNVERIFIED,unverified,"No published nesting ceiling; finite bounded samples only, not arbitrary-depth performance.",TK1-nesting-objects-1100-moves-missing-key,moves: An authenticated valid deep write without a key gives400 missing_idempotency_key. Shape/depth objects-1100.,3.4 / 5 / 6 / 7 / 8 / 10 / 11,86,systems-engineer
1,"1,2,3,4",True,independent-verifier,PENDING_NAMED_CANDIDATE,independent generated raw HTTP and exact JSON-value oracle,python nesting_probe.py --base CURRENT_URL --peer INDEPENDENT_PEER_URL --candidate FULL_NAMED_CANDIDATE --out NEW_UNIQUE_DIRECTORY,UNVERIFIED,unverified,"No published nesting ceiling; finite bounded samples only, not arbitrary-depth performance.",TK1-nesting-objects-1100-moves-failed-value,moves: A new-key valid deep body with fractional party gives422 validation_failed. Shape/depth objects-1100.,3.4 / 5 / 6 / 7 / 8 / 10 / 11,86,systems-engineer
1,"1,2,3,4",True,independent-verifier,PENDING_NAMED_CANDIDATE,independent generated raw HTTP and exact JSON-value oracle,python nesting_probe.py --base CURRENT_URL --peer INDEPENDENT_PEER_URL --candidate FULL_NAMED_CANDIDATE --out NEW_UNIQUE_DIRECTORY,UNVERIFIED,unverified,"No published nesting ceiling; finite bounded samples only, not arbitrary-depth performance.",TK1-nesting-objects-1100-moves-failed-key-reuse,moves: Correcting the refused party with the same key succeeds201. Shape/depth objects-1100.,3.4 / 5 / 6 / 7 / 8 / 10 / 11,86,systems-engineer
1,"1,2,3,4",True,independent-verifier,PENDING_NAMED_CANDIDATE,independent generated raw HTTP and exact JSON-value oracle,python nesting_probe.py --base CURRENT_URL --peer INDEPENDENT_PEER_URL --candidate FULL_NAMED_CANDIDATE --out NEW_UNIQUE_DIRECTORY,UNVERIFIED,unverified,"No published nesting ceiling; finite bounded samples only, not arbitrary-depth performance.",TK1-nesting-objects-1100-moves-atomic,moves: Replays and refused deep writes leave complete state unchanged before a later successful correction. Shape/depth objects-1100.,3.4 / 5 / 6 / 7 / 8 / 10 / 11,86,systems-engineer
1,"1,2,3,4",True,independent-verifier,PENDING_NAMED_CANDIDATE,independent generated raw HTTP and exact JSON-value oracle,python nesting_probe.py --base CURRENT_URL --peer INDEPENDENT_PEER_URL --candidate FULL_NAMED_CANDIDATE --out NEW_UNIQUE_DIRECTORY,UNVERIFIED,unverified,"No published nesting ceiling; finite bounded samples only, not arbitrary-depth performance.",TK1-nesting-objects-1100-moves-immutable,moves: Original receipt replay remains200 and identical after current record mutation/cancellation. Shape/depth objects-1100.,3.4 / 5 / 6 / 7 / 8 / 10 / 11,86,systems-engineer
1,"1,2,3,4",True,independent-verifier,PENDING_NAMED_CANDIDATE,independent generated raw HTTP and exact JSON-value oracle,python nesting_probe.py --base CURRENT_URL --peer INDEPENDENT_PEER_URL --candidate FULL_NAMED_CANDIDATE --out NEW_UNIQUE_DIRECTORY,UNVERIFIED,unverified,"No published nesting ceiling; finite bounded samples only, not arbitrary-depth performance.",TK1-nesting-objects-1100-moves-import-original,moves: Original deep receipt replays unchanged200 in an independent imported destination. Shape/depth objects-1100.,3.4 / 5 / 6 / 7 / 8 / 10 / 11,86,systems-engineer
1,"1,2,3,4",True,independent-verifier,PENDING_NAMED_CANDIDATE,independent generated raw HTTP and exact JSON-value oracle,python nesting_probe.py --base CURRENT_URL --peer INDEPENDENT_PEER_URL --candidate FULL_NAMED_CANDIDATE --out NEW_UNIQUE_DIRECTORY,UNVERIFIED,unverified,"No published nesting ceiling; finite bounded samples only, not arbitrary-depth performance.",TK1-nesting-objects-1100-moves-import-difference,moves: A changed deep leaf still conflicts409 after independent replacement. Shape/depth objects-1100.,3.4 / 5 / 6 / 7 / 8 / 10 / 11,86,systems-engineer
1,"1,2,3,4",True,independent-verifier,PENDING_NAMED_CANDIDATE,independent generated raw HTTP and exact JSON-value oracle,python nesting_probe.py --base CURRENT_URL --peer INDEPENDENT_PEER_URL --candidate FULL_NAMED_CANDIDATE --out NEW_UNIQUE_DIRECTORY,UNVERIFIED,unverified,"No published nesting ceiling; finite bounded samples only, not arbitrary-depth performance.",TK1-nesting-objects-1100-reset,A valid fixture with an ignored bounded nested value resets204. Shape/depth objects-1100.,3.3 / 3.4 / 5 / 7 / 10,86,systems-engineer
1,"1,2,3,4",True,independent-verifier,PENDING_NAMED_CANDIDATE,independent generated raw HTTP and exact JSON-value oracle,python nesting_probe.py --base CURRENT_URL --peer INDEPENDENT_PEER_URL --candidate FULL_NAMED_CANDIDATE --out NEW_UNIQUE_DIRECTORY,UNVERIFIED,unverified,"No published nesting ceiling; finite bounded samples only, not arbitrary-depth performance.",TK1-nesting-objects-1100-signup,A valid signup with an ignored bounded nested value succeeds201. Shape/depth objects-1100.,3.3 / 3.4 / 5 / 7 / 10,86,systems-engineer
1,"1,2,3,4",True,independent-verifier,PENDING_NAMED_CANDIDATE,independent generated raw HTTP and exact JSON-value oracle,python nesting_probe.py --base CURRENT_URL --peer INDEPENDENT_PEER_URL --candidate FULL_NAMED_CANDIDATE --out NEW_UNIQUE_DIRECTORY,UNVERIFIED,unverified,"No published nesting ceiling; finite bounded samples only, not arbitrary-depth performance.",TK1-nesting-objects-1100-login,A valid login with an ignored bounded nested value succeeds200. Shape/depth objects-1100.,3.3 / 3.4 / 5 / 7 / 10,86,systems-engineer
1,"1,2,3,4",True,independent-verifier,PENDING_NAMED_CANDIDATE,independent generated raw HTTP and exact JSON-value oracle,python nesting_probe.py --base CURRENT_URL --peer INDEPENDENT_PEER_URL --candidate FULL_NAMED_CANDIDATE --out NEW_UNIQUE_DIRECTORY,UNVERIFIED,unverified,"No published nesting ceiling; finite bounded samples only, not arbitrary-depth performance.",TK1-nesting-objects-1100-patch,An ignored bounded nested PATCH value succeeds without changing state. Shape/depth objects-1100.,3.3 / 3.4 / 5 / 7 / 10,86,systems-engineer
1,"1,2,3,4",True,independent-verifier,PENDING_NAMED_CANDIDATE,independent generated raw HTTP and exact JSON-value oracle,python nesting_probe.py --base CURRENT_URL --peer INDEPENDENT_PEER_URL --candidate FULL_NAMED_CANDIDATE --out NEW_UNIQUE_DIRECTORY,UNVERIFIED,unverified,"No published nesting ceiling; finite bounded samples only, not arbitrary-depth performance.",TK1-nesting-objects-1100-export,Export after deep successful writes returns200 valid JSON with the specified track/version/state envelope. Shape/depth objects-1100.,3.3 / 3.4 / 5 / 7 / 10,86,systems-engineer
1,"1,2,3,4",True,independent-verifier,PENDING_NAMED_CANDIDATE,independent generated raw HTTP and exact JSON-value oracle,python nesting_probe.py --base CURRENT_URL --peer INDEPENDENT_PEER_URL --candidate FULL_NAMED_CANDIDATE --out NEW_UNIQUE_DIRECTORY,UNVERIFIED,unverified,"No published nesting ceiling; finite bounded samples only, not arbitrary-depth performance.",TK1-nesting-objects-1100-import,The unchanged opaque export imports204 into a separately running destination. Shape/depth objects-1100.,3.3 / 3.4 / 5 / 7 / 10,86,systems-engineer
1,"1,2,3,4",True,independent-verifier,PENDING_NAMED_CANDIDATE,independent generated raw HTTP and exact JSON-value oracle,python nesting_probe.py --base CURRENT_URL --peer INDEPENDENT_PEER_URL --candidate FULL_NAMED_CANDIDATE --out NEW_UNIQUE_DIRECTORY,UNVERIFIED,unverified,"No published nesting ceiling; finite bounded samples only, not arbitrary-depth performance.",TK1-nesting-objects-1100-replacement,The independently imported full snapshot preserves the complete exact source state. Shape/depth objects-1100.,3.3 / 3.4 / 5 / 7 / 10,86,systems-engineer
1,"1,2,3,4",True,independent-verifier,PENDING_NAMED_CANDIDATE,independent generated raw HTTP and exact JSON-value oracle,python nesting_probe.py --base CURRENT_URL --peer INDEPENDENT_PEER_URL --candidate FULL_NAMED_CANDIDATE --out NEW_UNIQUE_DIRECTORY,UNVERIFIED,unverified,"No published nesting ceiling; finite bounded samples only, not arbitrary-depth performance.",TK1-nesting-objects-1100-retained-token,The real source token and current private records survive independent replacement. Shape/depth objects-1100.,3.3 / 3.4 / 5 / 7 / 10,86,systems-engineer
1,"1,2,3,4",True,independent-verifier,PENDING_NAMED_CANDIDATE,independent generated raw HTTP and exact JSON-value oracle,python nesting_probe.py --base CURRENT_URL --peer INDEPENDENT_PEER_URL --candidate FULL_NAMED_CANDIDATE --out NEW_UNIQUE_DIRECTORY,UNVERIFIED,unverified,"No published nesting ceiling; finite bounded samples only, not arbitrary-depth performance.",TK1-nesting-objects-1100-malformed,A truncated deep body remains400 malformed_request before auth/key processing. Shape/depth objects-1100.,3.3 / 3.4 / 5 / 7 / 10,86,interface-engineer
1,"1,2,3,4",True,independent-verifier,PENDING_NAMED_CANDIDATE,independent generated raw HTTP and exact JSON-value oracle,python nesting_probe.py --base CURRENT_URL --peer INDEPENDENT_PEER_URL --candidate FULL_NAMED_CANDIDATE --out NEW_UNIQUE_DIRECTORY,UNVERIFIED,unverified,"No published nesting ceiling; finite bounded samples only, not arbitrary-depth performance.",TK1-nesting-objects-1100-malformed-atomic,Refusing truncated deep JSON leaves complete source state unchanged. Shape/depth objects-1100.,3.3 / 3.4 / 5 / 7 / 10,86,systems-engineer
1,"1,2,3,4",True,independent-verifier,PENDING_NAMED_CANDIDATE,independent generated raw HTTP and exact JSON-value oracle,python nesting_probe.py --base CURRENT_URL --peer INDEPENDENT_PEER_URL --candidate FULL_NAMED_CANDIDATE --out NEW_UNIQUE_DIRECTORY,UNVERIFIED,unverified,"No published nesting ceiling; finite bounded samples only, not arbitrary-depth performance.",TK1-nesting-objects-1101-create-first,create: A valid write with an ignored bounded nested JSON value succeeds201. Shape/depth objects-1101.,3.4 / 5 / 6 / 7 / 8 / 10 / 11,86,systems-engineer
1,"1,2,3,4",True,independent-verifier,PENDING_NAMED_CANDIDATE,independent generated raw HTTP and exact JSON-value oracle,python nesting_probe.py --base CURRENT_URL --peer INDEPENDENT_PEER_URL --candidate FULL_NAMED_CANDIDATE --out NEW_UNIQUE_DIRECTORY,UNVERIFIED,unverified,"No published nesting ceiling; finite bounded samples only, not arbitrary-depth performance.",TK1-nesting-objects-1101-create-alias,create: Complete-body exact numeric/object-order aliases replay the original receipt200. Shape/depth objects-1101.,3.4 / 5 / 6 / 7 / 8 / 10 / 11,86,systems-engineer
1,"1,2,3,4",True,independent-verifier,PENDING_NAMED_CANDIDATE,independent generated raw HTTP and exact JSON-value oracle,python nesting_probe.py --base CURRENT_URL --peer INDEPENDENT_PEER_URL --candidate FULL_NAMED_CANDIDATE --out NEW_UNIQUE_DIRECTORY,UNVERIFIED,unverified,"No published nesting ceiling; finite bounded samples only, not arbitrary-depth performance.",TK1-nesting-objects-1101-create-number-difference,create: A changed precise numeric leaf under the same used key gives409 idempotency_key_reuse. Shape/depth objects-1101.,3.4 / 5 / 6 / 7 / 8 / 10 / 11,86,systems-engineer
1,"1,2,3,4",True,independent-verifier,PENDING_NAMED_CANDIDATE,independent generated raw HTTP and exact JSON-value oracle,python nesting_probe.py --base CURRENT_URL --peer INDEPENDENT_PEER_URL --candidate FULL_NAMED_CANDIDATE --out NEW_UNIQUE_DIRECTORY,UNVERIFIED,unverified,"No published nesting ceiling; finite bounded samples only, not arbitrary-depth performance.",TK1-nesting-objects-1101-create-type-difference,create: Changing a numeric leaf to boolean under the used key gives409 idempotency_key_reuse. Shape/depth objects-1101.,3.4 / 5 / 6 / 7 / 8 / 10 / 11,86,systems-engineer
1,"1,2,3,4",True,independent-verifier,PENDING_NAMED_CANDIDATE,independent generated raw HTTP and exact JSON-value oracle,python nesting_probe.py --base CURRENT_URL --peer INDEPENDENT_PEER_URL --candidate FULL_NAMED_CANDIDATE --out NEW_UNIQUE_DIRECTORY,UNVERIFIED,unverified,"No published nesting ceiling; finite bounded samples only, not arbitrary-depth performance.",TK1-nesting-objects-1101-create-missing-auth,create: A valid deep body without authentication gives401 unauthenticated. Shape/depth objects-1101.,3.4 / 5 / 6 / 7 / 8 / 10 / 11,86,systems-engineer
1,"1,2,3,4",True,independent-verifier,PENDING_NAMED_CANDIDATE,independent generated raw HTTP and exact JSON-value oracle,python nesting_probe.py --base CURRENT_URL --peer INDEPENDENT_PEER_URL --candidate FULL_NAMED_CANDIDATE --out NEW_UNIQUE_DIRECTORY,UNVERIFIED,unverified,"No published nesting ceiling; finite bounded samples only, not arbitrary-depth performance.",TK1-nesting-objects-1101-create-missing-key,create: An authenticated valid deep write without a key gives400 missing_idempotency_key. Shape/depth objects-1101.,3.4 / 5 / 6 / 7 / 8 / 10 / 11,86,systems-engineer
1,"1,2,3,4",True,independent-verifier,PENDING_NAMED_CANDIDATE,independent generated raw HTTP and exact JSON-value oracle,python nesting_probe.py --base CURRENT_URL --peer INDEPENDENT_PEER_URL --candidate FULL_NAMED_CANDIDATE --out NEW_UNIQUE_DIRECTORY,UNVERIFIED,unverified,"No published nesting ceiling; finite bounded samples only, not arbitrary-depth performance.",TK1-nesting-objects-1101-create-failed-value,create: A new-key valid deep body with fractional party gives422 validation_failed. Shape/depth objects-1101.,3.4 / 5 / 6 / 7 / 8 / 10 / 11,86,systems-engineer
1,"1,2,3,4",True,independent-verifier,PENDING_NAMED_CANDIDATE,independent generated raw HTTP and exact JSON-value oracle,python nesting_probe.py --base CURRENT_URL --peer INDEPENDENT_PEER_URL --candidate FULL_NAMED_CANDIDATE --out NEW_UNIQUE_DIRECTORY,UNVERIFIED,unverified,"No published nesting ceiling; finite bounded samples only, not arbitrary-depth performance.",TK1-nesting-objects-1101-create-failed-key-reuse,create: Correcting the refused party with the same key succeeds201. Shape/depth objects-1101.,3.4 / 5 / 6 / 7 / 8 / 10 / 11,86,systems-engineer
1,"1,2,3,4",True,independent-verifier,PENDING_NAMED_CANDIDATE,independent generated raw HTTP and exact JSON-value oracle,python nesting_probe.py --base CURRENT_URL --peer INDEPENDENT_PEER_URL --candidate FULL_NAMED_CANDIDATE --out NEW_UNIQUE_DIRECTORY,UNVERIFIED,unverified,"No published nesting ceiling; finite bounded samples only, not arbitrary-depth performance.",TK1-nesting-objects-1101-create-atomic,create: Replays and refused deep writes leave complete state unchanged before a later successful correction. Shape/depth objects-1101.,3.4 / 5 / 6 / 7 / 8 / 10 / 11,86,systems-engineer
1,"1,2,3,4",True,independent-verifier,PENDING_NAMED_CANDIDATE,independent generated raw HTTP and exact JSON-value oracle,python nesting_probe.py --base CURRENT_URL --peer INDEPENDENT_PEER_URL --candidate FULL_NAMED_CANDIDATE --out NEW_UNIQUE_DIRECTORY,UNVERIFIED,unverified,"No published nesting ceiling; finite bounded samples only, not arbitrary-depth performance.",TK1-nesting-objects-1101-create-immutable,create: Original receipt replay remains200 and identical after current record mutation/cancellation. Shape/depth objects-1101.,3.4 / 5 / 6 / 7 / 8 / 10 / 11,86,systems-engineer
1,"1,2,3,4",True,independent-verifier,PENDING_NAMED_CANDIDATE,independent generated raw HTTP and exact JSON-value oracle,python nesting_probe.py --base CURRENT_URL --peer INDEPENDENT_PEER_URL --candidate FULL_NAMED_CANDIDATE --out NEW_UNIQUE_DIRECTORY,UNVERIFIED,unverified,"No published nesting ceiling; finite bounded samples only, not arbitrary-depth performance.",TK1-nesting-objects-1101-create-import-original,create: Original deep receipt replays unchanged200 in an independent imported destination. Shape/depth objects-1101.,3.4 / 5 / 6 / 7 / 8 / 10 / 11,86,systems-engineer
1,"1,2,3,4",True,independent-verifier,PENDING_NAMED_CANDIDATE,independent generated raw HTTP and exact JSON-value oracle,python nesting_probe.py --base CURRENT_URL --peer INDEPENDENT_PEER_URL --candidate FULL_NAMED_CANDIDATE --out NEW_UNIQUE_DIRECTORY,UNVERIFIED,unverified,"No published nesting ceiling; finite bounded samples only, not arbitrary-depth performance.",TK1-nesting-objects-1101-create-import-difference,create: A changed deep leaf still conflicts409 after independent replacement. Shape/depth objects-1101.,3.4 / 5 / 6 / 7 / 8 / 10 / 11,86,systems-engineer
1,"1,2,3,4",True,independent-verifier,PENDING_NAMED_CANDIDATE,independent generated raw HTTP and exact JSON-value oracle,python nesting_probe.py --base CURRENT_URL --peer INDEPENDENT_PEER_URL --candidate FULL_NAMED_CANDIDATE --out NEW_UNIQUE_DIRECTORY,UNVERIFIED,unverified,"No published nesting ceiling; finite bounded samples only, not arbitrary-depth performance.",TK1-nesting-objects-1101-moves-first,moves: A valid write with an ignored bounded nested JSON value succeeds201. Shape/depth objects-1101.,3.4 / 5 / 6 / 7 / 8 / 10 / 11,86,systems-engineer
1,"1,2,3,4",True,independent-verifier,PENDING_NAMED_CANDIDATE,independent generated raw HTTP and exact JSON-value oracle,python nesting_probe.py --base CURRENT_URL --peer INDEPENDENT_PEER_URL --candidate FULL_NAMED_CANDIDATE --out NEW_UNIQUE_DIRECTORY,UNVERIFIED,unverified,"No published nesting ceiling; finite bounded samples only, not arbitrary-depth performance.",TK1-nesting-objects-1101-moves-alias,moves: Complete-body exact numeric/object-order aliases replay the original receipt200. Shape/depth objects-1101.,3.4 / 5 / 6 / 7 / 8 / 10 / 11,86,systems-engineer
1,"1,2,3,4",True,independent-verifier,PENDING_NAMED_CANDIDATE,independent generated raw HTTP and exact JSON-value oracle,python nesting_probe.py --base CURRENT_URL --peer INDEPENDENT_PEER_URL --candidate FULL_NAMED_CANDIDATE --out NEW_UNIQUE_DIRECTORY,UNVERIFIED,unverified,"No published nesting ceiling; finite bounded samples only, not arbitrary-depth performance.",TK1-nesting-objects-1101-moves-number-difference,moves: A changed precise numeric leaf under the same used key gives409 idempotency_key_reuse. Shape/depth objects-1101.,3.4 / 5 / 6 / 7 / 8 / 10 / 11,86,systems-engineer
1,"1,2,3,4",True,independent-verifier,PENDING_NAMED_CANDIDATE,independent generated raw HTTP and exact JSON-value oracle,python nesting_probe.py --base CURRENT_URL --peer INDEPENDENT_PEER_URL --candidate FULL_NAMED_CANDIDATE --out NEW_UNIQUE_DIRECTORY,UNVERIFIED,unverified,"No published nesting ceiling; finite bounded samples only, not arbitrary-depth performance.",TK1-nesting-objects-1101-moves-type-difference,moves: Changing a numeric leaf to boolean under the used key gives409 idempotency_key_reuse. Shape/depth objects-1101.,3.4 / 5 / 6 / 7 / 8 / 10 / 11,86,systems-engineer
1,"1,2,3,4",True,independent-verifier,PENDING_NAMED_CANDIDATE,independent generated raw HTTP and exact JSON-value oracle,python nesting_probe.py --base CURRENT_URL --peer INDEPENDENT_PEER_URL --candidate FULL_NAMED_CANDIDATE --out NEW_UNIQUE_DIRECTORY,UNVERIFIED,unverified,"No published nesting ceiling; finite bounded samples only, not arbitrary-depth performance.",TK1-nesting-objects-1101-moves-missing-auth,moves: A valid deep body without authentication gives401 unauthenticated. Shape/depth objects-1101.,3.4 / 5 / 6 / 7 / 8 / 10 / 11,86,systems-engineer
1,"1,2,3,4",True,independent-verifier,PENDING_NAMED_CANDIDATE,independent generated raw HTTP and exact JSON-value oracle,python nesting_probe.py --base CURRENT_URL --peer INDEPENDENT_PEER_URL --candidate FULL_NAMED_CANDIDATE --out NEW_UNIQUE_DIRECTORY,UNVERIFIED,unverified,"No published nesting ceiling; finite bounded samples only, not arbitrary-depth performance.",TK1-nesting-objects-1101-moves-missing-key,moves: An authenticated valid deep write without a key gives400 missing_idempotency_key. Shape/depth objects-1101.,3.4 / 5 / 6 / 7 / 8 / 10 / 11,86,systems-engineer
1,"1,2,3,4",True,independent-verifier,PENDING_NAMED_CANDIDATE,independent generated raw HTTP and exact JSON-value oracle,python nesting_probe.py --base CURRENT_URL --peer INDEPENDENT_PEER_URL --candidate FULL_NAMED_CANDIDATE --out NEW_UNIQUE_DIRECTORY,UNVERIFIED,unverified,"No published nesting ceiling; finite bounded samples only, not arbitrary-depth performance.",TK1-nesting-objects-1101-moves-failed-value,moves: A new-key valid deep body with fractional party gives422 validation_failed. Shape/depth objects-1101.,3.4 / 5 / 6 / 7 / 8 / 10 / 11,86,systems-engineer
1,"1,2,3,4",True,independent-verifier,PENDING_NAMED_CANDIDATE,independent generated raw HTTP and exact JSON-value oracle,python nesting_probe.py --base CURRENT_URL --peer INDEPENDENT_PEER_URL --candidate FULL_NAMED_CANDIDATE --out NEW_UNIQUE_DIRECTORY,UNVERIFIED,unverified,"No published nesting ceiling; finite bounded samples only, not arbitrary-depth performance.",TK1-nesting-objects-1101-moves-failed-key-reuse,moves: Correcting the refused party with the same key succeeds201. Shape/depth objects-1101.,3.4 / 5 / 6 / 7 / 8 / 10 / 11,86,systems-engineer
1,"1,2,3,4",True,independent-verifier,PENDING_NAMED_CANDIDATE,independent generated raw HTTP and exact JSON-value oracle,python nesting_probe.py --base CURRENT_URL --peer INDEPENDENT_PEER_URL --candidate FULL_NAMED_CANDIDATE --out NEW_UNIQUE_DIRECTORY,UNVERIFIED,unverified,"No published nesting ceiling; finite bounded samples only, not arbitrary-depth performance.",TK1-nesting-objects-1101-moves-atomic,moves: Replays and refused deep writes leave complete state unchanged before a later successful correction. Shape/depth objects-1101.,3.4 / 5 / 6 / 7 / 8 / 10 / 11,86,systems-engineer
1,"1,2,3,4",True,independent-verifier,PENDING_NAMED_CANDIDATE,independent generated raw HTTP and exact JSON-value oracle,python nesting_probe.py --base CURRENT_URL --peer INDEPENDENT_PEER_URL --candidate FULL_NAMED_CANDIDATE --out NEW_UNIQUE_DIRECTORY,UNVERIFIED,unverified,"No published nesting ceiling; finite bounded samples only, not arbitrary-depth performance.",TK1-nesting-objects-1101-moves-immutable,moves: Original receipt replay remains200 and identical after current record mutation/cancellation. Shape/depth objects-1101.,3.4 / 5 / 6 / 7 / 8 / 10 / 11,86,systems-engineer
1,"1,2,3,4",True,independent-verifier,PENDING_NAMED_CANDIDATE,independent generated raw HTTP and exact JSON-value oracle,python nesting_probe.py --base CURRENT_URL --peer INDEPENDENT_PEER_URL --candidate FULL_NAMED_CANDIDATE --out NEW_UNIQUE_DIRECTORY,UNVERIFIED,unverified,"No published nesting ceiling; finite bounded samples only, not arbitrary-depth performance.",TK1-nesting-objects-1101-moves-import-original,moves: Original deep receipt replays unchanged200 in an independent imported destination. Shape/depth objects-1101.,3.4 / 5 / 6 / 7 / 8 / 10 / 11,86,systems-engineer
1,"1,2,3,4",True,independent-verifier,PENDING_NAMED_CANDIDATE,independent generated raw HTTP and exact JSON-value oracle,python nesting_probe.py --base CURRENT_URL --peer INDEPENDENT_PEER_URL --candidate FULL_NAMED_CANDIDATE --out NEW_UNIQUE_DIRECTORY,UNVERIFIED,unverified,"No published nesting ceiling; finite bounded samples only, not arbitrary-depth performance.",TK1-nesting-objects-1101-moves-import-difference,moves: A changed deep leaf still conflicts409 after independent replacement. Shape/depth objects-1101.,3.4 / 5 / 6 / 7 / 8 / 10 / 11,86,systems-engineer
1,"1,2,3,4",True,independent-verifier,PENDING_NAMED_CANDIDATE,independent generated raw HTTP and exact JSON-value oracle,python nesting_probe.py --base CURRENT_URL --peer INDEPENDENT_PEER_URL --candidate FULL_NAMED_CANDIDATE --out NEW_UNIQUE_DIRECTORY,UNVERIFIED,unverified,"No published nesting ceiling; finite bounded samples only, not arbitrary-depth performance.",TK1-nesting-objects-1101-reset,A valid fixture with an ignored bounded nested value resets204. Shape/depth objects-1101.,3.3 / 3.4 / 5 / 7 / 10,86,systems-engineer
1,"1,2,3,4",True,independent-verifier,PENDING_NAMED_CANDIDATE,independent generated raw HTTP and exact JSON-value oracle,python nesting_probe.py --base CURRENT_URL --peer INDEPENDENT_PEER_URL --candidate FULL_NAMED_CANDIDATE --out NEW_UNIQUE_DIRECTORY,UNVERIFIED,unverified,"No published nesting ceiling; finite bounded samples only, not arbitrary-depth performance.",TK1-nesting-objects-1101-signup,A valid signup with an ignored bounded nested value succeeds201. Shape/depth objects-1101.,3.3 / 3.4 / 5 / 7 / 10,86,systems-engineer
1,"1,2,3,4",True,independent-verifier,PENDING_NAMED_CANDIDATE,independent generated raw HTTP and exact JSON-value oracle,python nesting_probe.py --base CURRENT_URL --peer INDEPENDENT_PEER_URL --candidate FULL_NAMED_CANDIDATE --out NEW_UNIQUE_DIRECTORY,UNVERIFIED,unverified,"No published nesting ceiling; finite bounded samples only, not arbitrary-depth performance.",TK1-nesting-objects-1101-login,A valid login with an ignored bounded nested value succeeds200. Shape/depth objects-1101.,3.3 / 3.4 / 5 / 7 / 10,86,systems-engineer
1,"1,2,3,4",True,independent-verifier,PENDING_NAMED_CANDIDATE,independent generated raw HTTP and exact JSON-value oracle,python nesting_probe.py --base CURRENT_URL --peer INDEPENDENT_PEER_URL --candidate FULL_NAMED_CANDIDATE --out NEW_UNIQUE_DIRECTORY,UNVERIFIED,unverified,"No published nesting ceiling; finite bounded samples only, not arbitrary-depth performance.",TK1-nesting-objects-1101-patch,An ignored bounded nested PATCH value succeeds without changing state. Shape/depth objects-1101.,3.3 / 3.4 / 5 / 7 / 10,86,systems-engineer
1,"1,2,3,4",True,independent-verifier,PENDING_NAMED_CANDIDATE,independent generated raw HTTP and exact JSON-value oracle,python nesting_probe.py --base CURRENT_URL --peer INDEPENDENT_PEER_URL --candidate FULL_NAMED_CANDIDATE --out NEW_UNIQUE_DIRECTORY,UNVERIFIED,unverified,"No published nesting ceiling; finite bounded samples only, not arbitrary-depth performance.",TK1-nesting-objects-1101-export,Export after deep successful writes returns200 valid JSON with the specified track/version/state envelope. Shape/depth objects-1101.,3.3 / 3.4 / 5 / 7 / 10,86,systems-engineer
1,"1,2,3,4",True,independent-verifier,PENDING_NAMED_CANDIDATE,independent generated raw HTTP and exact JSON-value oracle,python nesting_probe.py --base CURRENT_URL --peer INDEPENDENT_PEER_URL --candidate FULL_NAMED_CANDIDATE --out NEW_UNIQUE_DIRECTORY,UNVERIFIED,unverified,"No published nesting ceiling; finite bounded samples only, not arbitrary-depth performance.",TK1-nesting-objects-1101-import,The unchanged opaque export imports204 into a separately running destination. Shape/depth objects-1101.,3.3 / 3.4 / 5 / 7 / 10,86,systems-engineer
1,"1,2,3,4",True,independent-verifier,PENDING_NAMED_CANDIDATE,independent generated raw HTTP and exact JSON-value oracle,python nesting_probe.py --base CURRENT_URL --peer INDEPENDENT_PEER_URL --candidate FULL_NAMED_CANDIDATE --out NEW_UNIQUE_DIRECTORY,UNVERIFIED,unverified,"No published nesting ceiling; finite bounded samples only, not arbitrary-depth performance.",TK1-nesting-objects-1101-replacement,The independently imported full snapshot preserves the complete exact source state. Shape/depth objects-1101.,3.3 / 3.4 / 5 / 7 / 10,86,systems-engineer
1,"1,2,3,4",True,independent-verifier,PENDING_NAMED_CANDIDATE,independent generated raw HTTP and exact JSON-value oracle,python nesting_probe.py --base CURRENT_URL --peer INDEPENDENT_PEER_URL --candidate FULL_NAMED_CANDIDATE --out NEW_UNIQUE_DIRECTORY,UNVERIFIED,unverified,"No published nesting ceiling; finite bounded samples only, not arbitrary-depth performance.",TK1-nesting-objects-1101-retained-token,The real source token and current private records survive independent replacement. Shape/depth objects-1101.,3.3 / 3.4 / 5 / 7 / 10,86,systems-engineer
1,"1,2,3,4",True,independent-verifier,PENDING_NAMED_CANDIDATE,independent generated raw HTTP and exact JSON-value oracle,python nesting_probe.py --base CURRENT_URL --peer INDEPENDENT_PEER_URL --candidate FULL_NAMED_CANDIDATE --out NEW_UNIQUE_DIRECTORY,UNVERIFIED,unverified,"No published nesting ceiling; finite bounded samples only, not arbitrary-depth performance.",TK1-nesting-objects-1101-malformed,A truncated deep body remains400 malformed_request before auth/key processing. Shape/depth objects-1101.,3.3 / 3.4 / 5 / 7 / 10,86,interface-engineer
1,"1,2,3,4",True,independent-verifier,PENDING_NAMED_CANDIDATE,independent generated raw HTTP and exact JSON-value oracle,python nesting_probe.py --base CURRENT_URL --peer INDEPENDENT_PEER_URL --candidate FULL_NAMED_CANDIDATE --out NEW_UNIQUE_DIRECTORY,UNVERIFIED,unverified,"No published nesting ceiling; finite bounded samples only, not arbitrary-depth performance.",TK1-nesting-objects-1101-malformed-atomic,Refusing truncated deep JSON leaves complete source state unchanged. Shape/depth objects-1101.,3.3 / 3.4 / 5 / 7 / 10,86,systems-engineer
1,"1,2,3,4",True,independent-verifier,PENDING_NAMED_CANDIDATE,independent generated raw HTTP and exact JSON-value oracle,python nesting_probe.py --base CURRENT_URL --peer INDEPENDENT_PEER_URL --candidate FULL_NAMED_CANDIDATE --out NEW_UNIQUE_DIRECTORY,UNVERIFIED,unverified,"No published nesting ceiling; finite bounded samples only, not arbitrary-depth performance.",TK1-nesting-arrays-32-create-first,create: A valid write with an ignored bounded nested JSON value succeeds201. Shape/depth arrays-32.,3.4 / 5 / 6 / 7 / 8 / 10 / 11,86,systems-engineer
1,"1,2,3,4",True,independent-verifier,PENDING_NAMED_CANDIDATE,independent generated raw HTTP and exact JSON-value oracle,python nesting_probe.py --base CURRENT_URL --peer INDEPENDENT_PEER_URL --candidate FULL_NAMED_CANDIDATE --out NEW_UNIQUE_DIRECTORY,UNVERIFIED,unverified,"No published nesting ceiling; finite bounded samples only, not arbitrary-depth performance.",TK1-nesting-arrays-32-create-alias,create: Complete-body exact numeric/object-order aliases replay the original receipt200. Shape/depth arrays-32.,3.4 / 5 / 6 / 7 / 8 / 10 / 11,86,systems-engineer
1,"1,2,3,4",True,independent-verifier,PENDING_NAMED_CANDIDATE,independent generated raw HTTP and exact JSON-value oracle,python nesting_probe.py --base CURRENT_URL --peer INDEPENDENT_PEER_URL --candidate FULL_NAMED_CANDIDATE --out NEW_UNIQUE_DIRECTORY,UNVERIFIED,unverified,"No published nesting ceiling; finite bounded samples only, not arbitrary-depth performance.",TK1-nesting-arrays-32-create-number-difference,create: A changed precise numeric leaf under the same used key gives409 idempotency_key_reuse. Shape/depth arrays-32.,3.4 / 5 / 6 / 7 / 8 / 10 / 11,86,systems-engineer
1,"1,2,3,4",True,independent-verifier,PENDING_NAMED_CANDIDATE,independent generated raw HTTP and exact JSON-value oracle,python nesting_probe.py --base CURRENT_URL --peer INDEPENDENT_PEER_URL --candidate FULL_NAMED_CANDIDATE --out NEW_UNIQUE_DIRECTORY,UNVERIFIED,unverified,"No published nesting ceiling; finite bounded samples only, not arbitrary-depth performance.",TK1-nesting-arrays-32-create-type-difference,create: Changing a numeric leaf to boolean under the used key gives409 idempotency_key_reuse. Shape/depth arrays-32.,3.4 / 5 / 6 / 7 / 8 / 10 / 11,86,systems-engineer
1,"1,2,3,4",True,independent-verifier,PENDING_NAMED_CANDIDATE,independent generated raw HTTP and exact JSON-value oracle,python nesting_probe.py --base CURRENT_URL --peer INDEPENDENT_PEER_URL --candidate FULL_NAMED_CANDIDATE --out NEW_UNIQUE_DIRECTORY,UNVERIFIED,unverified,"No published nesting ceiling; finite bounded samples only, not arbitrary-depth performance.",TK1-nesting-arrays-32-create-missing-auth,create: A valid deep body without authentication gives401 unauthenticated. Shape/depth arrays-32.,3.4 / 5 / 6 / 7 / 8 / 10 / 11,86,systems-engineer
1,"1,2,3,4",True,independent-verifier,PENDING_NAMED_CANDIDATE,independent generated raw HTTP and exact JSON-value oracle,python nesting_probe.py --base CURRENT_URL --peer INDEPENDENT_PEER_URL --candidate FULL_NAMED_CANDIDATE --out NEW_UNIQUE_DIRECTORY,UNVERIFIED,unverified,"No published nesting ceiling; finite bounded samples only, not arbitrary-depth performance.",TK1-nesting-arrays-32-create-missing-key,create: An authenticated valid deep write without a key gives400 missing_idempotency_key. Shape/depth arrays-32.,3.4 / 5 / 6 / 7 / 8 / 10 / 11,86,systems-engineer
1,"1,2,3,4",True,independent-verifier,PENDING_NAMED_CANDIDATE,independent generated raw HTTP and exact JSON-value oracle,python nesting_probe.py --base CURRENT_URL --peer INDEPENDENT_PEER_URL --candidate FULL_NAMED_CANDIDATE --out NEW_UNIQUE_DIRECTORY,UNVERIFIED,unverified,"No published nesting ceiling; finite bounded samples only, not arbitrary-depth performance.",TK1-nesting-arrays-32-create-failed-value,create: A new-key valid deep body with fractional party gives422 validation_failed. Shape/depth arrays-32.,3.4 / 5 / 6 / 7 / 8 / 10 / 11,86,systems-engineer
1,"1,2,3,4",True,independent-verifier,PENDING_NAMED_CANDIDATE,independent generated raw HTTP and exact JSON-value oracle,python nesting_probe.py --base CURRENT_URL --peer INDEPENDENT_PEER_URL --candidate FULL_NAMED_CANDIDATE --out NEW_UNIQUE_DIRECTORY,UNVERIFIED,unverified,"No published nesting ceiling; finite bounded samples only, not arbitrary-depth performance.",TK1-nesting-arrays-32-create-failed-key-reuse,create: Correcting the refused party with the same key succeeds201. Shape/depth arrays-32.,3.4 / 5 / 6 / 7 / 8 / 10 / 11,86,systems-engineer
1,"1,2,3,4",True,independent-verifier,PENDING_NAMED_CANDIDATE,independent generated raw HTTP and exact JSON-value oracle,python nesting_probe.py --base CURRENT_URL --peer INDEPENDENT_PEER_URL --candidate FULL_NAMED_CANDIDATE --out NEW_UNIQUE_DIRECTORY,UNVERIFIED,unverified,"No published nesting ceiling; finite bounded samples only, not arbitrary-depth performance.",TK1-nesting-arrays-32-create-atomic,create: Replays and refused deep writes leave complete state unchanged before a later successful correction. Shape/depth arrays-32.,3.4 / 5 / 6 / 7 / 8 / 10 / 11,86,systems-engineer
1,"1,2,3,4",True,independent-verifier,PENDING_NAMED_CANDIDATE,independent generated raw HTTP and exact JSON-value oracle,python nesting_probe.py --base CURRENT_URL --peer INDEPENDENT_PEER_URL --candidate FULL_NAMED_CANDIDATE --out NEW_UNIQUE_DIRECTORY,UNVERIFIED,unverified,"No published nesting ceiling; finite bounded samples only, not arbitrary-depth performance.",TK1-nesting-arrays-32-create-immutable,create: Original receipt replay remains200 and identical after current record mutation/cancellation. Shape/depth arrays-32.,3.4 / 5 / 6 / 7 / 8 / 10 / 11,86,systems-engineer
1,"1,2,3,4",True,independent-verifier,PENDING_NAMED_CANDIDATE,independent generated raw HTTP and exact JSON-value oracle,python nesting_probe.py --base CURRENT_URL --peer INDEPENDENT_PEER_URL --candidate FULL_NAMED_CANDIDATE --out NEW_UNIQUE_DIRECTORY,UNVERIFIED,unverified,"No published nesting ceiling; finite bounded samples only, not arbitrary-depth performance.",TK1-nesting-arrays-32-create-import-original,create: Original deep receipt replays unchanged200 in an independent imported destination. Shape/depth arrays-32.,3.4 / 5 / 6 / 7 / 8 / 10 / 11,86,systems-engineer
1,"1,2,3,4",True,independent-verifier,PENDING_NAMED_CANDIDATE,independent generated raw HTTP and exact JSON-value oracle,python nesting_probe.py --base CURRENT_URL --peer INDEPENDENT_PEER_URL --candidate FULL_NAMED_CANDIDATE --out NEW_UNIQUE_DIRECTORY,UNVERIFIED,unverified,"No published nesting ceiling; finite bounded samples only, not arbitrary-depth performance.",TK1-nesting-arrays-32-create-import-difference,create: A changed deep leaf still conflicts409 after independent replacement. Shape/depth arrays-32.,3.4 / 5 / 6 / 7 / 8 / 10 / 11,86,systems-engineer
1,"1,2,3,4",True,independent-verifier,PENDING_NAMED_CANDIDATE,independent generated raw HTTP and exact JSON-value oracle,python nesting_probe.py --base CURRENT_URL --peer INDEPENDENT_PEER_URL --candidate FULL_NAMED_CANDIDATE --out NEW_UNIQUE_DIRECTORY,UNVERIFIED,unverified,"No published nesting ceiling; finite bounded samples only, not arbitrary-depth performance.",TK1-nesting-arrays-32-moves-first,moves: A valid write with an ignored bounded nested JSON value succeeds201. Shape/depth arrays-32.,3.4 / 5 / 6 / 7 / 8 / 10 / 11,86,systems-engineer
1,"1,2,3,4",True,independent-verifier,PENDING_NAMED_CANDIDATE,independent generated raw HTTP and exact JSON-value oracle,python nesting_probe.py --base CURRENT_URL --peer INDEPENDENT_PEER_URL --candidate FULL_NAMED_CANDIDATE --out NEW_UNIQUE_DIRECTORY,UNVERIFIED,unverified,"No published nesting ceiling; finite bounded samples only, not arbitrary-depth performance.",TK1-nesting-arrays-32-moves-alias,moves: Complete-body exact numeric/object-order aliases replay the original receipt200. Shape/depth arrays-32.,3.4 / 5 / 6 / 7 / 8 / 10 / 11,86,systems-engineer
1,"1,2,3,4",True,independent-verifier,PENDING_NAMED_CANDIDATE,independent generated raw HTTP and exact JSON-value oracle,python nesting_probe.py --base CURRENT_URL --peer INDEPENDENT_PEER_URL --candidate FULL_NAMED_CANDIDATE --out NEW_UNIQUE_DIRECTORY,UNVERIFIED,unverified,"No published nesting ceiling; finite bounded samples only, not arbitrary-depth performance.",TK1-nesting-arrays-32-moves-number-difference,moves: A changed precise numeric leaf under the same used key gives409 idempotency_key_reuse. Shape/depth arrays-32.,3.4 / 5 / 6 / 7 / 8 / 10 / 11,86,systems-engineer
1,"1,2,3,4",True,independent-verifier,PENDING_NAMED_CANDIDATE,independent generated raw HTTP and exact JSON-value oracle,python nesting_probe.py --base CURRENT_URL --peer INDEPENDENT_PEER_URL --candidate FULL_NAMED_CANDIDATE --out NEW_UNIQUE_DIRECTORY,UNVERIFIED,unverified,"No published nesting ceiling; finite bounded samples only, not arbitrary-depth performance.",TK1-nesting-arrays-32-moves-type-difference,moves: Changing a numeric leaf to boolean under the used key gives409 idempotency_key_reuse. Shape/depth arrays-32.,3.4 / 5 / 6 / 7 / 8 / 10 / 11,86,systems-engineer
1,"1,2,3,4",True,independent-verifier,PENDING_NAMED_CANDIDATE,independent generated raw HTTP and exact JSON-value oracle,python nesting_probe.py --base CURRENT_URL --peer INDEPENDENT_PEER_URL --candidate FULL_NAMED_CANDIDATE --out NEW_UNIQUE_DIRECTORY,UNVERIFIED,unverified,"No published nesting ceiling; finite bounded samples only, not arbitrary-depth performance.",TK1-nesting-arrays-32-moves-missing-auth,moves: A valid deep body without authentication gives401 unauthenticated. Shape/depth arrays-32.,3.4 / 5 / 6 / 7 / 8 / 10 / 11,86,systems-engineer
1,"1,2,3,4",True,independent-verifier,PENDING_NAMED_CANDIDATE,independent generated raw HTTP and exact JSON-value oracle,python nesting_probe.py --base CURRENT_URL --peer INDEPENDENT_PEER_URL --candidate FULL_NAMED_CANDIDATE --out NEW_UNIQUE_DIRECTORY,UNVERIFIED,unverified,"No published nesting ceiling; finite bounded samples only, not arbitrary-depth performance.",TK1-nesting-arrays-32-moves-missing-key,moves: An authenticated valid deep write without a key gives400 missing_idempotency_key. Shape/depth arrays-32.,3.4 / 5 / 6 / 7 / 8 / 10 / 11,86,systems-engineer
1,"1,2,3,4",True,independent-verifier,PENDING_NAMED_CANDIDATE,independent generated raw HTTP and exact JSON-value oracle,python nesting_probe.py --base CURRENT_URL --peer INDEPENDENT_PEER_URL --candidate FULL_NAMED_CANDIDATE --out NEW_UNIQUE_DIRECTORY,UNVERIFIED,unverified,"No published nesting ceiling; finite bounded samples only, not arbitrary-depth performance.",TK1-nesting-arrays-32-moves-failed-value,moves: A new-key valid deep body with fractional party gives422 validation_failed. Shape/depth arrays-32.,3.4 / 5 / 6 / 7 / 8 / 10 / 11,86,systems-engineer
1,"1,2,3,4",True,independent-verifier,PENDING_NAMED_CANDIDATE,independent generated raw HTTP and exact JSON-value oracle,python nesting_probe.py --base CURRENT_URL --peer INDEPENDENT_PEER_URL --candidate FULL_NAMED_CANDIDATE --out NEW_UNIQUE_DIRECTORY,UNVERIFIED,unverified,"No published nesting ceiling; finite bounded samples only, not arbitrary-depth performance.",TK1-nesting-arrays-32-moves-failed-key-reuse,moves: Correcting the refused party with the same key succeeds201. Shape/depth arrays-32.,3.4 / 5 / 6 / 7 / 8 / 10 / 11,86,systems-engineer
1,"1,2,3,4",True,independent-verifier,PENDING_NAMED_CANDIDATE,independent generated raw HTTP and exact JSON-value oracle,python nesting_probe.py --base CURRENT_URL --peer INDEPENDENT_PEER_URL --candidate FULL_NAMED_CANDIDATE --out NEW_UNIQUE_DIRECTORY,UNVERIFIED,unverified,"No published nesting ceiling; finite bounded samples only, not arbitrary-depth performance.",TK1-nesting-arrays-32-moves-atomic,moves: Replays and refused deep writes leave complete state unchanged before a later successful correction. Shape/depth arrays-32.,3.4 / 5 / 6 / 7 / 8 / 10 / 11,86,systems-engineer
1,"1,2,3,4",True,independent-verifier,PENDING_NAMED_CANDIDATE,independent generated raw HTTP and exact JSON-value oracle,python nesting_probe.py --base CURRENT_URL --peer INDEPENDENT_PEER_URL --candidate FULL_NAMED_CANDIDATE --out NEW_UNIQUE_DIRECTORY,UNVERIFIED,unverified,"No published nesting ceiling; finite bounded samples only, not arbitrary-depth performance.",TK1-nesting-arrays-32-moves-immutable,moves: Original receipt replay remains200 and identical after current record mutation/cancellation. Shape/depth arrays-32.,3.4 / 5 / 6 / 7 / 8 / 10 / 11,86,systems-engineer
1,"1,2,3,4",True,independent-verifier,PENDING_NAMED_CANDIDATE,independent generated raw HTTP and exact JSON-value oracle,python nesting_probe.py --base CURRENT_URL --peer INDEPENDENT_PEER_URL --candidate FULL_NAMED_CANDIDATE --out NEW_UNIQUE_DIRECTORY,UNVERIFIED,unverified,"No published nesting ceiling; finite bounded samples only, not arbitrary-depth performance.",TK1-nesting-arrays-32-moves-import-original,moves: Original deep receipt replays unchanged200 in an independent imported destination. Shape/depth arrays-32.,3.4 / 5 / 6 / 7 / 8 / 10 / 11,86,systems-engineer
1,"1,2,3,4",True,independent-verifier,PENDING_NAMED_CANDIDATE,independent generated raw HTTP and exact JSON-value oracle,python nesting_probe.py --base CURRENT_URL --peer INDEPENDENT_PEER_URL --candidate FULL_NAMED_CANDIDATE --out NEW_UNIQUE_DIRECTORY,UNVERIFIED,unverified,"No published nesting ceiling; finite bounded samples only, not arbitrary-depth performance.",TK1-nesting-arrays-32-moves-import-difference,moves: A changed deep leaf still conflicts409 after independent replacement. Shape/depth arrays-32.,3.4 / 5 / 6 / 7 / 8 / 10 / 11,86,systems-engineer
1,"1,2,3,4",True,independent-verifier,PENDING_NAMED_CANDIDATE,independent generated raw HTTP and exact JSON-value oracle,python nesting_probe.py --base CURRENT_URL --peer INDEPENDENT_PEER_URL --candidate FULL_NAMED_CANDIDATE --out NEW_UNIQUE_DIRECTORY,UNVERIFIED,unverified,"No published nesting ceiling; finite bounded samples only, not arbitrary-depth performance.",TK1-nesting-arrays-32-reset,A valid fixture with an ignored bounded nested value resets204. Shape/depth arrays-32.,3.3 / 3.4 / 5 / 7 / 10,86,systems-engineer
1,"1,2,3,4",True,independent-verifier,PENDING_NAMED_CANDIDATE,independent generated raw HTTP and exact JSON-value oracle,python nesting_probe.py --base CURRENT_URL --peer INDEPENDENT_PEER_URL --candidate FULL_NAMED_CANDIDATE --out NEW_UNIQUE_DIRECTORY,UNVERIFIED,unverified,"No published nesting ceiling; finite bounded samples only, not arbitrary-depth performance.",TK1-nesting-arrays-32-signup,A valid signup with an ignored bounded nested value succeeds201. Shape/depth arrays-32.,3.3 / 3.4 / 5 / 7 / 10,86,systems-engineer
1,"1,2,3,4",True,independent-verifier,PENDING_NAMED_CANDIDATE,independent generated raw HTTP and exact JSON-value oracle,python nesting_probe.py --base CURRENT_URL --peer INDEPENDENT_PEER_URL --candidate FULL_NAMED_CANDIDATE --out NEW_UNIQUE_DIRECTORY,UNVERIFIED,unverified,"No published nesting ceiling; finite bounded samples only, not arbitrary-depth performance.",TK1-nesting-arrays-32-login,A valid login with an ignored bounded nested value succeeds200. Shape/depth arrays-32.,3.3 / 3.4 / 5 / 7 / 10,86,systems-engineer
1,"1,2,3,4",True,independent-verifier,PENDING_NAMED_CANDIDATE,independent generated raw HTTP and exact JSON-value oracle,python nesting_probe.py --base CURRENT_URL --peer INDEPENDENT_PEER_URL --candidate FULL_NAMED_CANDIDATE --out NEW_UNIQUE_DIRECTORY,UNVERIFIED,unverified,"No published nesting ceiling; finite bounded samples only, not arbitrary-depth performance.",TK1-nesting-arrays-32-patch,An ignored bounded nested PATCH value succeeds without changing state. Shape/depth arrays-32.,3.3 / 3.4 / 5 / 7 / 10,86,systems-engineer
1,"1,2,3,4",True,independent-verifier,PENDING_NAMED_CANDIDATE,independent generated raw HTTP and exact JSON-value oracle,python nesting_probe.py --base CURRENT_URL --peer INDEPENDENT_PEER_URL --candidate FULL_NAMED_CANDIDATE --out NEW_UNIQUE_DIRECTORY,UNVERIFIED,unverified,"No published nesting ceiling; finite bounded samples only, not arbitrary-depth performance.",TK1-nesting-arrays-32-export,Export after deep successful writes returns200 valid JSON with the specified track/version/state envelope. Shape/depth arrays-32.,3.3 / 3.4 / 5 / 7 / 10,86,systems-engineer
1,"1,2,3,4",True,independent-verifier,PENDING_NAMED_CANDIDATE,independent generated raw HTTP and exact JSON-value oracle,python nesting_probe.py --base CURRENT_URL --peer INDEPENDENT_PEER_URL --candidate FULL_NAMED_CANDIDATE --out NEW_UNIQUE_DIRECTORY,UNVERIFIED,unverified,"No published nesting ceiling; finite bounded samples only, not arbitrary-depth performance.",TK1-nesting-arrays-32-import,The unchanged opaque export imports204 into a separately running destination. Shape/depth arrays-32.,3.3 / 3.4 / 5 / 7 / 10,86,systems-engineer
1,"1,2,3,4",True,independent-verifier,PENDING_NAMED_CANDIDATE,independent generated raw HTTP and exact JSON-value oracle,python nesting_probe.py --base CURRENT_URL --peer INDEPENDENT_PEER_URL --candidate FULL_NAMED_CANDIDATE --out NEW_UNIQUE_DIRECTORY,UNVERIFIED,unverified,"No published nesting ceiling; finite bounded samples only, not arbitrary-depth performance.",TK1-nesting-arrays-32-replacement,The independently imported full snapshot preserves the complete exact source state. Shape/depth arrays-32.,3.3 / 3.4 / 5 / 7 / 10,86,systems-engineer
1,"1,2,3,4",True,independent-verifier,PENDING_NAMED_CANDIDATE,independent generated raw HTTP and exact JSON-value oracle,python nesting_probe.py --base CURRENT_URL --peer INDEPENDENT_PEER_URL --candidate FULL_NAMED_CANDIDATE --out NEW_UNIQUE_DIRECTORY,UNVERIFIED,unverified,"No published nesting ceiling; finite bounded samples only, not arbitrary-depth performance.",TK1-nesting-arrays-32-retained-token,The real source token and current private records survive independent replacement. Shape/depth arrays-32.,3.3 / 3.4 / 5 / 7 / 10,86,systems-engineer
1,"1,2,3,4",True,independent-verifier,PENDING_NAMED_CANDIDATE,independent generated raw HTTP and exact JSON-value oracle,python nesting_probe.py --base CURRENT_URL --peer INDEPENDENT_PEER_URL --candidate FULL_NAMED_CANDIDATE --out NEW_UNIQUE_DIRECTORY,UNVERIFIED,unverified,"No published nesting ceiling; finite bounded samples only, not arbitrary-depth performance.",TK1-nesting-arrays-32-malformed,A truncated deep body remains400 malformed_request before auth/key processing. Shape/depth arrays-32.,3.3 / 3.4 / 5 / 7 / 10,86,interface-engineer
1,"1,2,3,4",True,independent-verifier,PENDING_NAMED_CANDIDATE,independent generated raw HTTP and exact JSON-value oracle,python nesting_probe.py --base CURRENT_URL --peer INDEPENDENT_PEER_URL --candidate FULL_NAMED_CANDIDATE --out NEW_UNIQUE_DIRECTORY,UNVERIFIED,unverified,"No published nesting ceiling; finite bounded samples only, not arbitrary-depth performance.",TK1-nesting-arrays-32-malformed-atomic,Refusing truncated deep JSON leaves complete source state unchanged. Shape/depth arrays-32.,3.3 / 3.4 / 5 / 7 / 10,86,systems-engineer
1,"1,2,3,4",True,independent-verifier,PENDING_NAMED_CANDIDATE,independent generated raw HTTP and exact JSON-value oracle,python nesting_probe.py --base CURRENT_URL --peer INDEPENDENT_PEER_URL --candidate FULL_NAMED_CANDIDATE --out NEW_UNIQUE_DIRECTORY,UNVERIFIED,unverified,"No published nesting ceiling; finite bounded samples only, not arbitrary-depth performance.",TK1-nesting-arrays-999-create-first,create: A valid write with an ignored bounded nested JSON value succeeds201. Shape/depth arrays-999.,3.4 / 5 / 6 / 7 / 8 / 10 / 11,86,systems-engineer
1,"1,2,3,4",True,independent-verifier,PENDING_NAMED_CANDIDATE,independent generated raw HTTP and exact JSON-value oracle,python nesting_probe.py --base CURRENT_URL --peer INDEPENDENT_PEER_URL --candidate FULL_NAMED_CANDIDATE --out NEW_UNIQUE_DIRECTORY,UNVERIFIED,unverified,"No published nesting ceiling; finite bounded samples only, not arbitrary-depth performance.",TK1-nesting-arrays-999-create-alias,create: Complete-body exact numeric/object-order aliases replay the original receipt200. Shape/depth arrays-999.,3.4 / 5 / 6 / 7 / 8 / 10 / 11,86,systems-engineer
1,"1,2,3,4",True,independent-verifier,PENDING_NAMED_CANDIDATE,independent generated raw HTTP and exact JSON-value oracle,python nesting_probe.py --base CURRENT_URL --peer INDEPENDENT_PEER_URL --candidate FULL_NAMED_CANDIDATE --out NEW_UNIQUE_DIRECTORY,UNVERIFIED,unverified,"No published nesting ceiling; finite bounded samples only, not arbitrary-depth performance.",TK1-nesting-arrays-999-create-number-difference,create: A changed precise numeric leaf under the same used key gives409 idempotency_key_reuse. Shape/depth arrays-999.,3.4 / 5 / 6 / 7 / 8 / 10 / 11,86,systems-engineer
1,"1,2,3,4",True,independent-verifier,PENDING_NAMED_CANDIDATE,independent generated raw HTTP and exact JSON-value oracle,python nesting_probe.py --base CURRENT_URL --peer INDEPENDENT_PEER_URL --candidate FULL_NAMED_CANDIDATE --out NEW_UNIQUE_DIRECTORY,UNVERIFIED,unverified,"No published nesting ceiling; finite bounded samples only, not arbitrary-depth performance.",TK1-nesting-arrays-999-create-type-difference,create: Changing a numeric leaf to boolean under the used key gives409 idempotency_key_reuse. Shape/depth arrays-999.,3.4 / 5 / 6 / 7 / 8 / 10 / 11,86,systems-engineer
1,"1,2,3,4",True,independent-verifier,PENDING_NAMED_CANDIDATE,independent generated raw HTTP and exact JSON-value oracle,python nesting_probe.py --base CURRENT_URL --peer INDEPENDENT_PEER_URL --candidate FULL_NAMED_CANDIDATE --out NEW_UNIQUE_DIRECTORY,UNVERIFIED,unverified,"No published nesting ceiling; finite bounded samples only, not arbitrary-depth performance.",TK1-nesting-arrays-999-create-missing-auth,create: A valid deep body without authentication gives401 unauthenticated. Shape/depth arrays-999.,3.4 / 5 / 6 / 7 / 8 / 10 / 11,86,systems-engineer
1,"1,2,3,4",True,independent-verifier,PENDING_NAMED_CANDIDATE,independent generated raw HTTP and exact JSON-value oracle,python nesting_probe.py --base CURRENT_URL --peer INDEPENDENT_PEER_URL --candidate FULL_NAMED_CANDIDATE --out NEW_UNIQUE_DIRECTORY,UNVERIFIED,unverified,"No published nesting ceiling; finite bounded samples only, not arbitrary-depth performance.",TK1-nesting-arrays-999-create-missing-key,create: An authenticated valid deep write without a key gives400 missing_idempotency_key. Shape/depth arrays-999.,3.4 / 5 / 6 / 7 / 8 / 10 / 11,86,systems-engineer
1,"1,2,3,4",True,independent-verifier,PENDING_NAMED_CANDIDATE,independent generated raw HTTP and exact JSON-value oracle,python nesting_probe.py --base CURRENT_URL --peer INDEPENDENT_PEER_URL --candidate FULL_NAMED_CANDIDATE --out NEW_UNIQUE_DIRECTORY,UNVERIFIED,unverified,"No published nesting ceiling; finite bounded samples only, not arbitrary-depth performance.",TK1-nesting-arrays-999-create-failed-value,create: A new-key valid deep body with fractional party gives422 validation_failed. Shape/depth arrays-999.,3.4 / 5 / 6 / 7 / 8 / 10 / 11,86,systems-engineer
1,"1,2,3,4",True,independent-verifier,PENDING_NAMED_CANDIDATE,independent generated raw HTTP and exact JSON-value oracle,python nesting_probe.py --base CURRENT_URL --peer INDEPENDENT_PEER_URL --candidate FULL_NAMED_CANDIDATE --out NEW_UNIQUE_DIRECTORY,UNVERIFIED,unverified,"No published nesting ceiling; finite bounded samples only, not arbitrary-depth performance.",TK1-nesting-arrays-999-create-failed-key-reuse,create: Correcting the refused party with the same key succeeds201. Shape/depth arrays-999.,3.4 / 5 / 6 / 7 / 8 / 10 / 11,86,systems-engineer
1,"1,2,3,4",True,independent-verifier,PENDING_NAMED_CANDIDATE,independent generated raw HTTP and exact JSON-value oracle,python nesting_probe.py --base CURRENT_URL --peer INDEPENDENT_PEER_URL --candidate FULL_NAMED_CANDIDATE --out NEW_UNIQUE_DIRECTORY,UNVERIFIED,unverified,"No published nesting ceiling; finite bounded samples only, not arbitrary-depth performance.",TK1-nesting-arrays-999-create-atomic,create: Replays and refused deep writes leave complete state unchanged before a later successful correction. Shape/depth arrays-999.,3.4 / 5 / 6 / 7 / 8 / 10 / 11,86,systems-engineer
1,"1,2,3,4",True,independent-verifier,PENDING_NAMED_CANDIDATE,independent generated raw HTTP and exact JSON-value oracle,python nesting_probe.py --base CURRENT_URL --peer INDEPENDENT_PEER_URL --candidate FULL_NAMED_CANDIDATE --out NEW_UNIQUE_DIRECTORY,UNVERIFIED,unverified,"No published nesting ceiling; finite bounded samples only, not arbitrary-depth performance.",TK1-nesting-arrays-999-create-immutable,create: Original receipt replay remains200 and identical after current record mutation/cancellation. Shape/depth arrays-999.,3.4 / 5 / 6 / 7 / 8 / 10 / 11,86,systems-engineer
1,"1,2,3,4",True,independent-verifier,PENDING_NAMED_CANDIDATE,independent generated raw HTTP and exact JSON-value oracle,python nesting_probe.py --base CURRENT_URL --peer INDEPENDENT_PEER_URL --candidate FULL_NAMED_CANDIDATE --out NEW_UNIQUE_DIRECTORY,UNVERIFIED,unverified,"No published nesting ceiling; finite bounded samples only, not arbitrary-depth performance.",TK1-nesting-arrays-999-create-import-original,create: Original deep receipt replays unchanged200 in an independent imported destination. Shape/depth arrays-999.,3.4 / 5 / 6 / 7 / 8 / 10 / 11,86,systems-engineer
1,"1,2,3,4",True,independent-verifier,PENDING_NAMED_CANDIDATE,independent generated raw HTTP and exact JSON-value oracle,python nesting_probe.py --base CURRENT_URL --peer INDEPENDENT_PEER_URL --candidate FULL_NAMED_CANDIDATE --out NEW_UNIQUE_DIRECTORY,UNVERIFIED,unverified,"No published nesting ceiling; finite bounded samples only, not arbitrary-depth performance.",TK1-nesting-arrays-999-create-import-difference,create: A changed deep leaf still conflicts409 after independent replacement. Shape/depth arrays-999.,3.4 / 5 / 6 / 7 / 8 / 10 / 11,86,systems-engineer
1,"1,2,3,4",True,independent-verifier,PENDING_NAMED_CANDIDATE,independent generated raw HTTP and exact JSON-value oracle,python nesting_probe.py --base CURRENT_URL --peer INDEPENDENT_PEER_URL --candidate FULL_NAMED_CANDIDATE --out NEW_UNIQUE_DIRECTORY,UNVERIFIED,unverified,"No published nesting ceiling; finite bounded samples only, not arbitrary-depth performance.",TK1-nesting-arrays-999-moves-first,moves: A valid write with an ignored bounded nested JSON value succeeds201. Shape/depth arrays-999.,3.4 / 5 / 6 / 7 / 8 / 10 / 11,86,systems-engineer
1,"1,2,3,4",True,independent-verifier,PENDING_NAMED_CANDIDATE,independent generated raw HTTP and exact JSON-value oracle,python nesting_probe.py --base CURRENT_URL --peer INDEPENDENT_PEER_URL --candidate FULL_NAMED_CANDIDATE --out NEW_UNIQUE_DIRECTORY,UNVERIFIED,unverified,"No published nesting ceiling; finite bounded samples only, not arbitrary-depth performance.",TK1-nesting-arrays-999-moves-alias,moves: Complete-body exact numeric/object-order aliases replay the original receipt200. Shape/depth arrays-999.,3.4 / 5 / 6 / 7 / 8 / 10 / 11,86,systems-engineer
1,"1,2,3,4",True,independent-verifier,PENDING_NAMED_CANDIDATE,independent generated raw HTTP and exact JSON-value oracle,python nesting_probe.py --base CURRENT_URL --peer INDEPENDENT_PEER_URL --candidate FULL_NAMED_CANDIDATE --out NEW_UNIQUE_DIRECTORY,UNVERIFIED,unverified,"No published nesting ceiling; finite bounded samples only, not arbitrary-depth performance.",TK1-nesting-arrays-999-moves-number-difference,moves: A changed precise numeric leaf under the same used key gives409 idempotency_key_reuse. Shape/depth arrays-999.,3.4 / 5 / 6 / 7 / 8 / 10 / 11,86,systems-engineer
1,"1,2,3,4",True,independent-verifier,PENDING_NAMED_CANDIDATE,independent generated raw HTTP and exact JSON-value oracle,python nesting_probe.py --base CURRENT_URL --peer INDEPENDENT_PEER_URL --candidate FULL_NAMED_CANDIDATE --out NEW_UNIQUE_DIRECTORY,UNVERIFIED,unverified,"No published nesting ceiling; finite bounded samples only, not arbitrary-depth performance.",TK1-nesting-arrays-999-moves-type-difference,moves: Changing a numeric leaf to boolean under the used key gives409 idempotency_key_reuse. Shape/depth arrays-999.,3.4 / 5 / 6 / 7 / 8 / 10 / 11,86,systems-engineer
1,"1,2,3,4",True,independent-verifier,PENDING_NAMED_CANDIDATE,independent generated raw HTTP and exact JSON-value oracle,python nesting_probe.py --base CURRENT_URL --peer INDEPENDENT_PEER_URL --candidate FULL_NAMED_CANDIDATE --out NEW_UNIQUE_DIRECTORY,UNVERIFIED,unverified,"No published nesting ceiling; finite bounded samples only, not arbitrary-depth performance.",TK1-nesting-arrays-999-moves-missing-auth,moves: A valid deep body without authentication gives401 unauthenticated. Shape/depth arrays-999.,3.4 / 5 / 6 / 7 / 8 / 10 / 11,86,systems-engineer
1,"1,2,3,4",True,independent-verifier,PENDING_NAMED_CANDIDATE,independent generated raw HTTP and exact JSON-value oracle,python nesting_probe.py --base CURRENT_URL --peer INDEPENDENT_PEER_URL --candidate FULL_NAMED_CANDIDATE --out NEW_UNIQUE_DIRECTORY,UNVERIFIED,unverified,"No published nesting ceiling; finite bounded samples only, not arbitrary-depth performance.",TK1-nesting-arrays-999-moves-missing-key,moves: An authenticated valid deep write without a key gives400 missing_idempotency_key. Shape/depth arrays-999.,3.4 / 5 / 6 / 7 / 8 / 10 / 11,86,systems-engineer
1,"1,2,3,4",True,independent-verifier,PENDING_NAMED_CANDIDATE,independent generated raw HTTP and exact JSON-value oracle,python nesting_probe.py --base CURRENT_URL --peer INDEPENDENT_PEER_URL --candidate FULL_NAMED_CANDIDATE --out NEW_UNIQUE_DIRECTORY,UNVERIFIED,unverified,"No published nesting ceiling; finite bounded samples only, not arbitrary-depth performance.",TK1-nesting-arrays-999-moves-failed-value,moves: A new-key valid deep body with fractional party gives422 validation_failed. Shape/depth arrays-999.,3.4 / 5 / 6 / 7 / 8 / 10 / 11,86,systems-engineer
1,"1,2,3,4",True,independent-verifier,PENDING_NAMED_CANDIDATE,independent generated raw HTTP and exact JSON-value oracle,python nesting_probe.py --base CURRENT_URL --peer INDEPENDENT_PEER_URL --candidate FULL_NAMED_CANDIDATE --out NEW_UNIQUE_DIRECTORY,UNVERIFIED,unverified,"No published nesting ceiling; finite bounded samples only, not arbitrary-depth performance.",TK1-nesting-arrays-999-moves-failed-key-reuse,moves: Correcting the refused party with the same key succeeds201. Shape/depth arrays-999.,3.4 / 5 / 6 / 7 / 8 / 10 / 11,86,systems-engineer
1,"1,2,3,4",True,independent-verifier,PENDING_NAMED_CANDIDATE,independent generated raw HTTP and exact JSON-value oracle,python nesting_probe.py --base CURRENT_URL --peer INDEPENDENT_PEER_URL --candidate FULL_NAMED_CANDIDATE --out NEW_UNIQUE_DIRECTORY,UNVERIFIED,unverified,"No published nesting ceiling; finite bounded samples only, not arbitrary-depth performance.",TK1-nesting-arrays-999-moves-atomic,moves: Replays and refused deep writes leave complete state unchanged before a later successful correction. Shape/depth arrays-999.,3.4 / 5 / 6 / 7 / 8 / 10 / 11,86,systems-engineer
1,"1,2,3,4",True,independent-verifier,PENDING_NAMED_CANDIDATE,independent generated raw HTTP and exact JSON-value oracle,python nesting_probe.py --base CURRENT_URL --peer INDEPENDENT_PEER_URL --candidate FULL_NAMED_CANDIDATE --out NEW_UNIQUE_DIRECTORY,UNVERIFIED,unverified,"No published nesting ceiling; finite bounded samples only, not arbitrary-depth performance.",TK1-nesting-arrays-999-moves-immutable,moves: Original receipt replay remains200 and identical after current record mutation/cancellation. Shape/depth arrays-999.,3.4 / 5 / 6 / 7 / 8 / 10 / 11,86,systems-engineer
1,"1,2,3,4",True,independent-verifier,PENDING_NAMED_CANDIDATE,independent generated raw HTTP and exact JSON-value oracle,python nesting_probe.py --base CURRENT_URL --peer INDEPENDENT_PEER_URL --candidate FULL_NAMED_CANDIDATE --out NEW_UNIQUE_DIRECTORY,UNVERIFIED,unverified,"No published nesting ceiling; finite bounded samples only, not arbitrary-depth performance.",TK1-nesting-arrays-999-moves-import-original,moves: Original deep receipt replays unchanged200 in an independent imported destination. Shape/depth arrays-999.,3.4 / 5 / 6 / 7 / 8 / 10 / 11,86,systems-engineer
1,"1,2,3,4",True,independent-verifier,PENDING_NAMED_CANDIDATE,independent generated raw HTTP and exact JSON-value oracle,python nesting_probe.py --base CURRENT_URL --peer INDEPENDENT_PEER_URL --candidate FULL_NAMED_CANDIDATE --out NEW_UNIQUE_DIRECTORY,UNVERIFIED,unverified,"No published nesting ceiling; finite bounded samples only, not arbitrary-depth performance.",TK1-nesting-arrays-999-moves-import-difference,moves: A changed deep leaf still conflicts409 after independent replacement. Shape/depth arrays-999.,3.4 / 5 / 6 / 7 / 8 / 10 / 11,86,systems-engineer
1,"1,2,3,4",True,independent-verifier,PENDING_NAMED_CANDIDATE,independent generated raw HTTP and exact JSON-value oracle,python nesting_probe.py --base CURRENT_URL --peer INDEPENDENT_PEER_URL --candidate FULL_NAMED_CANDIDATE --out NEW_UNIQUE_DIRECTORY,UNVERIFIED,unverified,"No published nesting ceiling; finite bounded samples only, not arbitrary-depth performance.",TK1-nesting-arrays-999-reset,A valid fixture with an ignored bounded nested value resets204. Shape/depth arrays-999.,3.3 / 3.4 / 5 / 7 / 10,86,systems-engineer
1,"1,2,3,4",True,independent-verifier,PENDING_NAMED_CANDIDATE,independent generated raw HTTP and exact JSON-value oracle,python nesting_probe.py --base CURRENT_URL --peer INDEPENDENT_PEER_URL --candidate FULL_NAMED_CANDIDATE --out NEW_UNIQUE_DIRECTORY,UNVERIFIED,unverified,"No published nesting ceiling; finite bounded samples only, not arbitrary-depth performance.",TK1-nesting-arrays-999-signup,A valid signup with an ignored bounded nested value succeeds201. Shape/depth arrays-999.,3.3 / 3.4 / 5 / 7 / 10,86,systems-engineer
1,"1,2,3,4",True,independent-verifier,PENDING_NAMED_CANDIDATE,independent generated raw HTTP and exact JSON-value oracle,python nesting_probe.py --base CURRENT_URL --peer INDEPENDENT_PEER_URL --candidate FULL_NAMED_CANDIDATE --out NEW_UNIQUE_DIRECTORY,UNVERIFIED,unverified,"No published nesting ceiling; finite bounded samples only, not arbitrary-depth performance.",TK1-nesting-arrays-999-login,A valid login with an ignored bounded nested value succeeds200. Shape/depth arrays-999.,3.3 / 3.4 / 5 / 7 / 10,86,systems-engineer
1,"1,2,3,4",True,independent-verifier,PENDING_NAMED_CANDIDATE,independent generated raw HTTP and exact JSON-value oracle,python nesting_probe.py --base CURRENT_URL --peer INDEPENDENT_PEER_URL --candidate FULL_NAMED_CANDIDATE --out NEW_UNIQUE_DIRECTORY,UNVERIFIED,unverified,"No published nesting ceiling; finite bounded samples only, not arbitrary-depth performance.",TK1-nesting-arrays-999-patch,An ignored bounded nested PATCH value succeeds without changing state. Shape/depth arrays-999.,3.3 / 3.4 / 5 / 7 / 10,86,systems-engineer
1,"1,2,3,4",True,independent-verifier,PENDING_NAMED_CANDIDATE,independent generated raw HTTP and exact JSON-value oracle,python nesting_probe.py --base CURRENT_URL --peer INDEPENDENT_PEER_URL --candidate FULL_NAMED_CANDIDATE --out NEW_UNIQUE_DIRECTORY,UNVERIFIED,unverified,"No published nesting ceiling; finite bounded samples only, not arbitrary-depth performance.",TK1-nesting-arrays-999-export,Export after deep successful writes returns200 valid JSON with the specified track/version/state envelope. Shape/depth arrays-999.,3.3 / 3.4 / 5 / 7 / 10,86,systems-engineer
1,"1,2,3,4",True,independent-verifier,PENDING_NAMED_CANDIDATE,independent generated raw HTTP and exact JSON-value oracle,python nesting_probe.py --base CURRENT_URL --peer INDEPENDENT_PEER_URL --candidate FULL_NAMED_CANDIDATE --out NEW_UNIQUE_DIRECTORY,UNVERIFIED,unverified,"No published nesting ceiling; finite bounded samples only, not arbitrary-depth performance.",TK1-nesting-arrays-999-import,The unchanged opaque export imports204 into a separately running destination. Shape/depth arrays-999.,3.3 / 3.4 / 5 / 7 / 10,86,systems-engineer
1,"1,2,3,4",True,independent-verifier,PENDING_NAMED_CANDIDATE,independent generated raw HTTP and exact JSON-value oracle,python nesting_probe.py --base CURRENT_URL --peer INDEPENDENT_PEER_URL --candidate FULL_NAMED_CANDIDATE --out NEW_UNIQUE_DIRECTORY,UNVERIFIED,unverified,"No published nesting ceiling; finite bounded samples only, not arbitrary-depth performance.",TK1-nesting-arrays-999-replacement,The independently imported full snapshot preserves the complete exact source state. Shape/depth arrays-999.,3.3 / 3.4 / 5 / 7 / 10,86,systems-engineer
1,"1,2,3,4",True,independent-verifier,PENDING_NAMED_CANDIDATE,independent generated raw HTTP and exact JSON-value oracle,python nesting_probe.py --base CURRENT_URL --peer INDEPENDENT_PEER_URL --candidate FULL_NAMED_CANDIDATE --out NEW_UNIQUE_DIRECTORY,UNVERIFIED,unverified,"No published nesting ceiling; finite bounded samples only, not arbitrary-depth performance.",TK1-nesting-arrays-999-retained-token,The real source token and current private records survive independent replacement. Shape/depth arrays-999.,3.3 / 3.4 / 5 / 7 / 10,86,systems-engineer
1,"1,2,3,4",True,independent-verifier,PENDING_NAMED_CANDIDATE,independent generated raw HTTP and exact JSON-value oracle,python nesting_probe.py --base CURRENT_URL --peer INDEPENDENT_PEER_URL --candidate FULL_NAMED_CANDIDATE --out NEW_UNIQUE_DIRECTORY,UNVERIFIED,unverified,"No published nesting ceiling; finite bounded samples only, not arbitrary-depth performance.",TK1-nesting-arrays-999-malformed,A truncated deep body remains400 malformed_request before auth/key processing. Shape/depth arrays-999.,3.3 / 3.4 / 5 / 7 / 10,86,interface-engineer
1,"1,2,3,4",True,independent-verifier,PENDING_NAMED_CANDIDATE,independent generated raw HTTP and exact JSON-value oracle,python nesting_probe.py --base CURRENT_URL --peer INDEPENDENT_PEER_URL --candidate FULL_NAMED_CANDIDATE --out NEW_UNIQUE_DIRECTORY,UNVERIFIED,unverified,"No published nesting ceiling; finite bounded samples only, not arbitrary-depth performance.",TK1-nesting-arrays-999-malformed-atomic,Refusing truncated deep JSON leaves complete source state unchanged. Shape/depth arrays-999.,3.3 / 3.4 / 5 / 7 / 10,86,systems-engineer
1,"1,2,3,4",True,independent-verifier,PENDING_NAMED_CANDIDATE,independent generated raw HTTP and exact JSON-value oracle,python nesting_probe.py --base CURRENT_URL --peer INDEPENDENT_PEER_URL --candidate FULL_NAMED_CANDIDATE --out NEW_UNIQUE_DIRECTORY,UNVERIFIED,unverified,"No published nesting ceiling; finite bounded samples only, not arbitrary-depth performance.",TK1-nesting-arrays-1100-create-first,create: A valid write with an ignored bounded nested JSON value succeeds201. Shape/depth arrays-1100.,3.4 / 5 / 6 / 7 / 8 / 10 / 11,86,systems-engineer
1,"1,2,3,4",True,independent-verifier,PENDING_NAMED_CANDIDATE,independent generated raw HTTP and exact JSON-value oracle,python nesting_probe.py --base CURRENT_URL --peer INDEPENDENT_PEER_URL --candidate FULL_NAMED_CANDIDATE --out NEW_UNIQUE_DIRECTORY,UNVERIFIED,unverified,"No published nesting ceiling; finite bounded samples only, not arbitrary-depth performance.",TK1-nesting-arrays-1100-create-alias,create: Complete-body exact numeric/object-order aliases replay the original receipt200. Shape/depth arrays-1100.,3.4 / 5 / 6 / 7 / 8 / 10 / 11,86,systems-engineer
1,"1,2,3,4",True,independent-verifier,PENDING_NAMED_CANDIDATE,independent generated raw HTTP and exact JSON-value oracle,python nesting_probe.py --base CURRENT_URL --peer INDEPENDENT_PEER_URL --candidate FULL_NAMED_CANDIDATE --out NEW_UNIQUE_DIRECTORY,UNVERIFIED,unverified,"No published nesting ceiling; finite bounded samples only, not arbitrary-depth performance.",TK1-nesting-arrays-1100-create-number-difference,create: A changed precise numeric leaf under the same used key gives409 idempotency_key_reuse. Shape/depth arrays-1100.,3.4 / 5 / 6 / 7 / 8 / 10 / 11,86,systems-engineer
1,"1,2,3,4",True,independent-verifier,PENDING_NAMED_CANDIDATE,independent generated raw HTTP and exact JSON-value oracle,python nesting_probe.py --base CURRENT_URL --peer INDEPENDENT_PEER_URL --candidate FULL_NAMED_CANDIDATE --out NEW_UNIQUE_DIRECTORY,UNVERIFIED,unverified,"No published nesting ceiling; finite bounded samples only, not arbitrary-depth performance.",TK1-nesting-arrays-1100-create-type-difference,create: Changing a numeric leaf to boolean under the used key gives409 idempotency_key_reuse. Shape/depth arrays-1100.,3.4 / 5 / 6 / 7 / 8 / 10 / 11,86,systems-engineer
1,"1,2,3,4",True,independent-verifier,PENDING_NAMED_CANDIDATE,independent generated raw HTTP and exact JSON-value oracle,python nesting_probe.py --base CURRENT_URL --peer INDEPENDENT_PEER_URL --candidate FULL_NAMED_CANDIDATE --out NEW_UNIQUE_DIRECTORY,UNVERIFIED,unverified,"No published nesting ceiling; finite bounded samples only, not arbitrary-depth performance.",TK1-nesting-arrays-1100-create-missing-auth,create: A valid deep body without authentication gives401 unauthenticated. Shape/depth arrays-1100.,3.4 / 5 / 6 / 7 / 8 / 10 / 11,86,systems-engineer
1,"1,2,3,4",True,independent-verifier,PENDING_NAMED_CANDIDATE,independent generated raw HTTP and exact JSON-value oracle,python nesting_probe.py --base CURRENT_URL --peer INDEPENDENT_PEER_URL --candidate FULL_NAMED_CANDIDATE --out NEW_UNIQUE_DIRECTORY,UNVERIFIED,unverified,"No published nesting ceiling; finite bounded samples only, not arbitrary-depth performance.",TK1-nesting-arrays-1100-create-missing-key,create: An authenticated valid deep write without a key gives400 missing_idempotency_key. Shape/depth arrays-1100.,3.4 / 5 / 6 / 7 / 8 / 10 / 11,86,systems-engineer
1,"1,2,3,4",True,independent-verifier,PENDING_NAMED_CANDIDATE,independent generated raw HTTP and exact JSON-value oracle,python nesting_probe.py --base CURRENT_URL --peer INDEPENDENT_PEER_URL --candidate FULL_NAMED_CANDIDATE --out NEW_UNIQUE_DIRECTORY,UNVERIFIED,unverified,"No published nesting ceiling; finite bounded samples only, not arbitrary-depth performance.",TK1-nesting-arrays-1100-create-failed-value,create: A new-key valid deep body with fractional party gives422 validation_failed. Shape/depth arrays-1100.,3.4 / 5 / 6 / 7 / 8 / 10 / 11,86,systems-engineer
1,"1,2,3,4",True,independent-verifier,PENDING_NAMED_CANDIDATE,independent generated raw HTTP and exact JSON-value oracle,python nesting_probe.py --base CURRENT_URL --peer INDEPENDENT_PEER_URL --candidate FULL_NAMED_CANDIDATE --out NEW_UNIQUE_DIRECTORY,UNVERIFIED,unverified,"No published nesting ceiling; finite bounded samples only, not arbitrary-depth performance.",TK1-nesting-arrays-1100-create-failed-key-reuse,create: Correcting the refused party with the same key succeeds201. Shape/depth arrays-1100.,3.4 / 5 / 6 / 7 / 8 / 10 / 11,86,systems-engineer
1,"1,2,3,4",True,independent-verifier,PENDING_NAMED_CANDIDATE,independent generated raw HTTP and exact JSON-value oracle,python nesting_probe.py --base CURRENT_URL --peer INDEPENDENT_PEER_URL --candidate FULL_NAMED_CANDIDATE --out NEW_UNIQUE_DIRECTORY,UNVERIFIED,unverified,"No published nesting ceiling; finite bounded samples only, not arbitrary-depth performance.",TK1-nesting-arrays-1100-create-atomic,create: Replays and refused deep writes leave complete state unchanged before a later successful correction. Shape/depth arrays-1100.,3.4 / 5 / 6 / 7 / 8 / 10 / 11,86,systems-engineer
1,"1,2,3,4",True,independent-verifier,PENDING_NAMED_CANDIDATE,independent generated raw HTTP and exact JSON-value oracle,python nesting_probe.py --base CURRENT_URL --peer INDEPENDENT_PEER_URL --candidate FULL_NAMED_CANDIDATE --out NEW_UNIQUE_DIRECTORY,UNVERIFIED,unverified,"No published nesting ceiling; finite bounded samples only, not arbitrary-depth performance.",TK1-nesting-arrays-1100-create-immutable,create: Original receipt replay remains200 and identical after current record mutation/cancellation. Shape/depth arrays-1100.,3.4 / 5 / 6 / 7 / 8 / 10 / 11,86,systems-engineer
1,"1,2,3,4",True,independent-verifier,PENDING_NAMED_CANDIDATE,independent generated raw HTTP and exact JSON-value oracle,python nesting_probe.py --base CURRENT_URL --peer INDEPENDENT_PEER_URL --candidate FULL_NAMED_CANDIDATE --out NEW_UNIQUE_DIRECTORY,UNVERIFIED,unverified,"No published nesting ceiling; finite bounded samples only, not arbitrary-depth performance.",TK1-nesting-arrays-1100-create-import-original,create: Original deep receipt replays unchanged200 in an independent imported destination. Shape/depth arrays-1100.,3.4 / 5 / 6 / 7 / 8 / 10 / 11,86,systems-engineer
1,"1,2,3,4",True,independent-verifier,PENDING_NAMED_CANDIDATE,independent generated raw HTTP and exact JSON-value oracle,python nesting_probe.py --base CURRENT_URL --peer INDEPENDENT_PEER_URL --candidate FULL_NAMED_CANDIDATE --out NEW_UNIQUE_DIRECTORY,UNVERIFIED,unverified,"No published nesting ceiling; finite bounded samples only, not arbitrary-depth performance.",TK1-nesting-arrays-1100-create-import-difference,create: A changed deep leaf still conflicts409 after independent replacement. Shape/depth arrays-1100.,3.4 / 5 / 6 / 7 / 8 / 10 / 11,86,systems-engineer
1,"1,2,3,4",True,independent-verifier,PENDING_NAMED_CANDIDATE,independent generated raw HTTP and exact JSON-value oracle,python nesting_probe.py --base CURRENT_URL --peer INDEPENDENT_PEER_URL --candidate FULL_NAMED_CANDIDATE --out NEW_UNIQUE_DIRECTORY,UNVERIFIED,unverified,"No published nesting ceiling; finite bounded samples only, not arbitrary-depth performance.",TK1-nesting-arrays-1100-moves-first,moves: A valid write with an ignored bounded nested JSON value succeeds201. Shape/depth arrays-1100.,3.4 / 5 / 6 / 7 / 8 / 10 / 11,86,systems-engineer
1,"1,2,3,4",True,independent-verifier,PENDING_NAMED_CANDIDATE,independent generated raw HTTP and exact JSON-value oracle,python nesting_probe.py --base CURRENT_URL --peer INDEPENDENT_PEER_URL --candidate FULL_NAMED_CANDIDATE --out NEW_UNIQUE_DIRECTORY,UNVERIFIED,unverified,"No published nesting ceiling; finite bounded samples only, not arbitrary-depth performance.",TK1-nesting-arrays-1100-moves-alias,moves: Complete-body exact numeric/object-order aliases replay the original receipt200. Shape/depth arrays-1100.,3.4 / 5 / 6 / 7 / 8 / 10 / 11,86,systems-engineer
1,"1,2,3,4",True,independent-verifier,PENDING_NAMED_CANDIDATE,independent generated raw HTTP and exact JSON-value oracle,python nesting_probe.py --base CURRENT_URL --peer INDEPENDENT_PEER_URL --candidate FULL_NAMED_CANDIDATE --out NEW_UNIQUE_DIRECTORY,UNVERIFIED,unverified,"No published nesting ceiling; finite bounded samples only, not arbitrary-depth performance.",TK1-nesting-arrays-1100-moves-number-difference,moves: A changed precise numeric leaf under the same used key gives409 idempotency_key_reuse. Shape/depth arrays-1100.,3.4 / 5 / 6 / 7 / 8 / 10 / 11,86,systems-engineer
1,"1,2,3,4",True,independent-verifier,PENDING_NAMED_CANDIDATE,independent generated raw HTTP and exact JSON-value oracle,python nesting_probe.py --base CURRENT_URL --peer INDEPENDENT_PEER_URL --candidate FULL_NAMED_CANDIDATE --out NEW_UNIQUE_DIRECTORY,UNVERIFIED,unverified,"No published nesting ceiling; finite bounded samples only, not arbitrary-depth performance.",TK1-nesting-arrays-1100-moves-type-difference,moves: Changing a numeric leaf to boolean under the used key gives409 idempotency_key_reuse. Shape/depth arrays-1100.,3.4 / 5 / 6 / 7 / 8 / 10 / 11,86,systems-engineer
1,"1,2,3,4",True,independent-verifier,PENDING_NAMED_CANDIDATE,independent generated raw HTTP and exact JSON-value oracle,python nesting_probe.py --base CURRENT_URL --peer INDEPENDENT_PEER_URL --candidate FULL_NAMED_CANDIDATE --out NEW_UNIQUE_DIRECTORY,UNVERIFIED,unverified,"No published nesting ceiling; finite bounded samples only, not arbitrary-depth performance.",TK1-nesting-arrays-1100-moves-missing-auth,moves: A valid deep body without authentication gives401 unauthenticated. Shape/depth arrays-1100.,3.4 / 5 / 6 / 7 / 8 / 10 / 11,86,systems-engineer
1,"1,2,3,4",True,independent-verifier,PENDING_NAMED_CANDIDATE,independent generated raw HTTP and exact JSON-value oracle,python nesting_probe.py --base CURRENT_URL --peer INDEPENDENT_PEER_URL --candidate FULL_NAMED_CANDIDATE --out NEW_UNIQUE_DIRECTORY,UNVERIFIED,unverified,"No published nesting ceiling; finite bounded samples only, not arbitrary-depth performance.",TK1-nesting-arrays-1100-moves-missing-key,moves: An authenticated valid deep write without a key gives400 missing_idempotency_key. Shape/depth arrays-1100.,3.4 / 5 / 6 / 7 / 8 / 10 / 11,86,systems-engineer
1,"1,2,3,4",True,independent-verifier,PENDING_NAMED_CANDIDATE,independent generated raw HTTP and exact JSON-value oracle,python nesting_probe.py --base CURRENT_URL --peer INDEPENDENT_PEER_URL --candidate FULL_NAMED_CANDIDATE --out NEW_UNIQUE_DIRECTORY,UNVERIFIED,unverified,"No published nesting ceiling; finite bounded samples only, not arbitrary-depth performance.",TK1-nesting-arrays-1100-moves-failed-value,moves: A new-key valid deep body with fractional party gives422 validation_failed. Shape/depth arrays-1100.,3.4 / 5 / 6 / 7 / 8 / 10 / 11,86,systems-engineer
1,"1,2,3,4",True,independent-verifier,PENDING_NAMED_CANDIDATE,independent generated raw HTTP and exact JSON-value oracle,python nesting_probe.py --base CURRENT_URL --peer INDEPENDENT_PEER_URL --candidate FULL_NAMED_CANDIDATE --out NEW_UNIQUE_DIRECTORY,UNVERIFIED,unverified,"No published nesting ceiling; finite bounded samples only, not arbitrary-depth performance.",TK1-nesting-arrays-1100-moves-failed-key-reuse,moves: Correcting the refused party with the same key succeeds201. Shape/depth arrays-1100.,3.4 / 5 / 6 / 7 / 8 / 10 / 11,86,systems-engineer
1,"1,2,3,4",True,independent-verifier,PENDING_NAMED_CANDIDATE,independent generated raw HTTP and exact JSON-value oracle,python nesting_probe.py --base CURRENT_URL --peer INDEPENDENT_PEER_URL --candidate FULL_NAMED_CANDIDATE --out NEW_UNIQUE_DIRECTORY,UNVERIFIED,unverified,"No published nesting ceiling; finite bounded samples only, not arbitrary-depth performance.",TK1-nesting-arrays-1100-moves-atomic,moves: Replays and refused deep writes leave complete state unchanged before a later successful correction. Shape/depth arrays-1100.,3.4 / 5 / 6 / 7 / 8 / 10 / 11,86,systems-engineer
1,"1,2,3,4",True,independent-verifier,PENDING_NAMED_CANDIDATE,independent generated raw HTTP and exact JSON-value oracle,python nesting_probe.py --base CURRENT_URL --peer INDEPENDENT_PEER_URL --candidate FULL_NAMED_CANDIDATE --out NEW_UNIQUE_DIRECTORY,UNVERIFIED,unverified,"No published nesting ceiling; finite bounded samples only, not arbitrary-depth performance.",TK1-nesting-arrays-1100-moves-immutable,moves: Original receipt replay remains200 and identical after current record mutation/cancellation. Shape/depth arrays-1100.,3.4 / 5 / 6 / 7 / 8 / 10 / 11,86,systems-engineer
1,"1,2,3,4",True,independent-verifier,PENDING_NAMED_CANDIDATE,independent generated raw HTTP and exact JSON-value oracle,python nesting_probe.py --base CURRENT_URL --peer INDEPENDENT_PEER_URL --candidate FULL_NAMED_CANDIDATE --out NEW_UNIQUE_DIRECTORY,UNVERIFIED,unverified,"No published nesting ceiling; finite bounded samples only, not arbitrary-depth performance.",TK1-nesting-arrays-1100-moves-import-original,moves: Original deep receipt replays unchanged200 in an independent imported destination. Shape/depth arrays-1100.,3.4 / 5 / 6 / 7 / 8 / 10 / 11,86,systems-engineer
1,"1,2,3,4",True,independent-verifier,PENDING_NAMED_CANDIDATE,independent generated raw HTTP and exact JSON-value oracle,python nesting_probe.py --base CURRENT_URL --peer INDEPENDENT_PEER_URL --candidate FULL_NAMED_CANDIDATE --out NEW_UNIQUE_DIRECTORY,UNVERIFIED,unverified,"No published nesting ceiling; finite bounded samples only, not arbitrary-depth performance.",TK1-nesting-arrays-1100-moves-import-difference,moves: A changed deep leaf still conflicts409 after independent replacement. Shape/depth arrays-1100.,3.4 / 5 / 6 / 7 / 8 / 10 / 11,86,systems-engineer
1,"1,2,3,4",True,independent-verifier,PENDING_NAMED_CANDIDATE,independent generated raw HTTP and exact JSON-value oracle,python nesting_probe.py --base CURRENT_URL --peer INDEPENDENT_PEER_URL --candidate FULL_NAMED_CANDIDATE --out NEW_UNIQUE_DIRECTORY,UNVERIFIED,unverified,"No published nesting ceiling; finite bounded samples only, not arbitrary-depth performance.",TK1-nesting-arrays-1100-reset,A valid fixture with an ignored bounded nested value resets204. Shape/depth arrays-1100.,3.3 / 3.4 / 5 / 7 / 10,86,systems-engineer
1,"1,2,3,4",True,independent-verifier,PENDING_NAMED_CANDIDATE,independent generated raw HTTP and exact JSON-value oracle,python nesting_probe.py --base CURRENT_URL --peer INDEPENDENT_PEER_URL --candidate FULL_NAMED_CANDIDATE --out NEW_UNIQUE_DIRECTORY,UNVERIFIED,unverified,"No published nesting ceiling; finite bounded samples only, not arbitrary-depth performance.",TK1-nesting-arrays-1100-signup,A valid signup with an ignored bounded nested value succeeds201. Shape/depth arrays-1100.,3.3 / 3.4 / 5 / 7 / 10,86,systems-engineer
1,"1,2,3,4",True,independent-verifier,PENDING_NAMED_CANDIDATE,independent generated raw HTTP and exact JSON-value oracle,python nesting_probe.py --base CURRENT_URL --peer INDEPENDENT_PEER_URL --candidate FULL_NAMED_CANDIDATE --out NEW_UNIQUE_DIRECTORY,UNVERIFIED,unverified,"No published nesting ceiling; finite bounded samples only, not arbitrary-depth performance.",TK1-nesting-arrays-1100-login,A valid login with an ignored bounded nested value succeeds200. Shape/depth arrays-1100.,3.3 / 3.4 / 5 / 7 / 10,86,systems-engineer
1,"1,2,3,4",True,independent-verifier,PENDING_NAMED_CANDIDATE,independent generated raw HTTP and exact JSON-value oracle,python nesting_probe.py --base CURRENT_URL --peer INDEPENDENT_PEER_URL --candidate FULL_NAMED_CANDIDATE --out NEW_UNIQUE_DIRECTORY,UNVERIFIED,unverified,"No published nesting ceiling; finite bounded samples only, not arbitrary-depth performance.",TK1-nesting-arrays-1100-patch,An ignored bounded nested PATCH value succeeds without changing state. Shape/depth arrays-1100.,3.3 / 3.4 / 5 / 7 / 10,86,systems-engineer
1,"1,2,3,4",True,independent-verifier,PENDING_NAMED_CANDIDATE,independent generated raw HTTP and exact JSON-value oracle,python nesting_probe.py --base CURRENT_URL --peer INDEPENDENT_PEER_URL --candidate FULL_NAMED_CANDIDATE --out NEW_UNIQUE_DIRECTORY,UNVERIFIED,unverified,"No published nesting ceiling; finite bounded samples only, not arbitrary-depth performance.",TK1-nesting-arrays-1100-export,Export after deep successful writes returns200 valid JSON with the specified track/version/state envelope. Shape/depth arrays-1100.,3.3 / 3.4 / 5 / 7 / 10,86,systems-engineer
1,"1,2,3,4",True,independent-verifier,PENDING_NAMED_CANDIDATE,independent generated raw HTTP and exact JSON-value oracle,python nesting_probe.py --base CURRENT_URL --peer INDEPENDENT_PEER_URL --candidate FULL_NAMED_CANDIDATE --out NEW_UNIQUE_DIRECTORY,UNVERIFIED,unverified,"No published nesting ceiling; finite bounded samples only, not arbitrary-depth performance.",TK1-nesting-arrays-1100-import,The unchanged opaque export imports204 into a separately running destination. Shape/depth arrays-1100.,3.3 / 3.4 / 5 / 7 / 10,86,systems-engineer
1,"1,2,3,4",True,independent-verifier,PENDING_NAMED_CANDIDATE,independent generated raw HTTP and exact JSON-value oracle,python nesting_probe.py --base CURRENT_URL --peer INDEPENDENT_PEER_URL --candidate FULL_NAMED_CANDIDATE --out NEW_UNIQUE_DIRECTORY,UNVERIFIED,unverified,"No published nesting ceiling; finite bounded samples only, not arbitrary-depth performance.",TK1-nesting-arrays-1100-replacement,The independently imported full snapshot preserves the complete exact source state. Shape/depth arrays-1100.,3.3 / 3.4 / 5 / 7 / 10,86,systems-engineer
1,"1,2,3,4",True,independent-verifier,PENDING_NAMED_CANDIDATE,independent generated raw HTTP and exact JSON-value oracle,python nesting_probe.py --base CURRENT_URL --peer INDEPENDENT_PEER_URL --candidate FULL_NAMED_CANDIDATE --out NEW_UNIQUE_DIRECTORY,UNVERIFIED,unverified,"No published nesting ceiling; finite bounded samples only, not arbitrary-depth performance.",TK1-nesting-arrays-1100-retained-token,The real source token and current private records survive independent replacement. Shape/depth arrays-1100.,3.3 / 3.4 / 5 / 7 / 10,86,systems-engineer
1,"1,2,3,4",True,independent-verifier,PENDING_NAMED_CANDIDATE,independent generated raw HTTP and exact JSON-value oracle,python nesting_probe.py --base CURRENT_URL --peer INDEPENDENT_PEER_URL --candidate FULL_NAMED_CANDIDATE --out NEW_UNIQUE_DIRECTORY,UNVERIFIED,unverified,"No published nesting ceiling; finite bounded samples only, not arbitrary-depth performance.",TK1-nesting-arrays-1100-malformed,A truncated deep body remains400 malformed_request before auth/key processing. Shape/depth arrays-1100.,3.3 / 3.4 / 5 / 7 / 10,86,interface-engineer
1,"1,2,3,4",True,independent-verifier,PENDING_NAMED_CANDIDATE,independent generated raw HTTP and exact JSON-value oracle,python nesting_probe.py --base CURRENT_URL --peer INDEPENDENT_PEER_URL --candidate FULL_NAMED_CANDIDATE --out NEW_UNIQUE_DIRECTORY,UNVERIFIED,unverified,"No published nesting ceiling; finite bounded samples only, not arbitrary-depth performance.",TK1-nesting-arrays-1100-malformed-atomic,Refusing truncated deep JSON leaves complete source state unchanged. Shape/depth arrays-1100.,3.3 / 3.4 / 5 / 7 / 10,86,systems-engineer
1,"1,2,3,4",True,independent-verifier,PENDING_NAMED_CANDIDATE,independent generated raw HTTP and exact JSON-value oracle,python nesting_probe.py --base CURRENT_URL --peer INDEPENDENT_PEER_URL --candidate FULL_NAMED_CANDIDATE --out NEW_UNIQUE_DIRECTORY,UNVERIFIED,unverified,"No published nesting ceiling; finite bounded samples only, not arbitrary-depth performance.",TK1-nesting-arrays-1101-create-first,create: A valid write with an ignored bounded nested JSON value succeeds201. Shape/depth arrays-1101.,3.4 / 5 / 6 / 7 / 8 / 10 / 11,86,systems-engineer
1,"1,2,3,4",True,independent-verifier,PENDING_NAMED_CANDIDATE,independent generated raw HTTP and exact JSON-value oracle,python nesting_probe.py --base CURRENT_URL --peer INDEPENDENT_PEER_URL --candidate FULL_NAMED_CANDIDATE --out NEW_UNIQUE_DIRECTORY,UNVERIFIED,unverified,"No published nesting ceiling; finite bounded samples only, not arbitrary-depth performance.",TK1-nesting-arrays-1101-create-alias,create: Complete-body exact numeric/object-order aliases replay the original receipt200. Shape/depth arrays-1101.,3.4 / 5 / 6 / 7 / 8 / 10 / 11,86,systems-engineer
1,"1,2,3,4",True,independent-verifier,PENDING_NAMED_CANDIDATE,independent generated raw HTTP and exact JSON-value oracle,python nesting_probe.py --base CURRENT_URL --peer INDEPENDENT_PEER_URL --candidate FULL_NAMED_CANDIDATE --out NEW_UNIQUE_DIRECTORY,UNVERIFIED,unverified,"No published nesting ceiling; finite bounded samples only, not arbitrary-depth performance.",TK1-nesting-arrays-1101-create-number-difference,create: A changed precise numeric leaf under the same used key gives409 idempotency_key_reuse. Shape/depth arrays-1101.,3.4 / 5 / 6 / 7 / 8 / 10 / 11,86,systems-engineer
1,"1,2,3,4",True,independent-verifier,PENDING_NAMED_CANDIDATE,independent generated raw HTTP and exact JSON-value oracle,python nesting_probe.py --base CURRENT_URL --peer INDEPENDENT_PEER_URL --candidate FULL_NAMED_CANDIDATE --out NEW_UNIQUE_DIRECTORY,UNVERIFIED,unverified,"No published nesting ceiling; finite bounded samples only, not arbitrary-depth performance.",TK1-nesting-arrays-1101-create-type-difference,create: Changing a numeric leaf to boolean under the used key gives409 idempotency_key_reuse. Shape/depth arrays-1101.,3.4 / 5 / 6 / 7 / 8 / 10 / 11,86,systems-engineer
1,"1,2,3,4",True,independent-verifier,PENDING_NAMED_CANDIDATE,independent generated raw HTTP and exact JSON-value oracle,python nesting_probe.py --base CURRENT_URL --peer INDEPENDENT_PEER_URL --candidate FULL_NAMED_CANDIDATE --out NEW_UNIQUE_DIRECTORY,UNVERIFIED,unverified,"No published nesting ceiling; finite bounded samples only, not arbitrary-depth performance.",TK1-nesting-arrays-1101-create-missing-auth,create: A valid deep body without authentication gives401 unauthenticated. Shape/depth arrays-1101.,3.4 / 5 / 6 / 7 / 8 / 10 / 11,86,systems-engineer
1,"1,2,3,4",True,independent-verifier,PENDING_NAMED_CANDIDATE,independent generated raw HTTP and exact JSON-value oracle,python nesting_probe.py --base CURRENT_URL --peer INDEPENDENT_PEER_URL --candidate FULL_NAMED_CANDIDATE --out NEW_UNIQUE_DIRECTORY,UNVERIFIED,unverified,"No published nesting ceiling; finite bounded samples only, not arbitrary-depth performance.",TK1-nesting-arrays-1101-create-missing-key,create: An authenticated valid deep write without a key gives400 missing_idempotency_key. Shape/depth arrays-1101.,3.4 / 5 / 6 / 7 / 8 / 10 / 11,86,systems-engineer
1,"1,2,3,4",True,independent-verifier,PENDING_NAMED_CANDIDATE,independent generated raw HTTP and exact JSON-value oracle,python nesting_probe.py --base CURRENT_URL --peer INDEPENDENT_PEER_URL --candidate FULL_NAMED_CANDIDATE --out NEW_UNIQUE_DIRECTORY,UNVERIFIED,unverified,"No published nesting ceiling; finite bounded samples only, not arbitrary-depth performance.",TK1-nesting-arrays-1101-create-failed-value,create: A new-key valid deep body with fractional party gives422 validation_failed. Shape/depth arrays-1101.,3.4 / 5 / 6 / 7 / 8 / 10 / 11,86,systems-engineer
1,"1,2,3,4",True,independent-verifier,PENDING_NAMED_CANDIDATE,independent generated raw HTTP and exact JSON-value oracle,python nesting_probe.py --base CURRENT_URL --peer INDEPENDENT_PEER_URL --candidate FULL_NAMED_CANDIDATE --out NEW_UNIQUE_DIRECTORY,UNVERIFIED,unverified,"No published nesting ceiling; finite bounded samples only, not arbitrary-depth performance.",TK1-nesting-arrays-1101-create-failed-key-reuse,create: Correcting the refused party with the same key succeeds201. Shape/depth arrays-1101.,3.4 / 5 / 6 / 7 / 8 / 10 / 11,86,systems-engineer
1,"1,2,3,4",True,independent-verifier,PENDING_NAMED_CANDIDATE,independent generated raw HTTP and exact JSON-value oracle,python nesting_probe.py --base CURRENT_URL --peer INDEPENDENT_PEER_URL --candidate FULL_NAMED_CANDIDATE --out NEW_UNIQUE_DIRECTORY,UNVERIFIED,unverified,"No published nesting ceiling; finite bounded samples only, not arbitrary-depth performance.",TK1-nesting-arrays-1101-create-atomic,create: Replays and refused deep writes leave complete state unchanged before a later successful correction. Shape/depth arrays-1101.,3.4 / 5 / 6 / 7 / 8 / 10 / 11,86,systems-engineer
1,"1,2,3,4",True,independent-verifier,PENDING_NAMED_CANDIDATE,independent generated raw HTTP and exact JSON-value oracle,python nesting_probe.py --base CURRENT_URL --peer INDEPENDENT_PEER_URL --candidate FULL_NAMED_CANDIDATE --out NEW_UNIQUE_DIRECTORY,UNVERIFIED,unverified,"No published nesting ceiling; finite bounded samples only, not arbitrary-depth performance.",TK1-nesting-arrays-1101-create-immutable,create: Original receipt replay remains200 and identical after current record mutation/cancellation. Shape/depth arrays-1101.,3.4 / 5 / 6 / 7 / 8 / 10 / 11,86,systems-engineer
1,"1,2,3,4",True,independent-verifier,PENDING_NAMED_CANDIDATE,independent generated raw HTTP and exact JSON-value oracle,python nesting_probe.py --base CURRENT_URL --peer INDEPENDENT_PEER_URL --candidate FULL_NAMED_CANDIDATE --out NEW_UNIQUE_DIRECTORY,UNVERIFIED,unverified,"No published nesting ceiling; finite bounded samples only, not arbitrary-depth performance.",TK1-nesting-arrays-1101-create-import-original,create: Original deep receipt replays unchanged200 in an independent imported destination. Shape/depth arrays-1101.,3.4 / 5 / 6 / 7 / 8 / 10 / 11,86,systems-engineer
1,"1,2,3,4",True,independent-verifier,PENDING_NAMED_CANDIDATE,independent generated raw HTTP and exact JSON-value oracle,python nesting_probe.py --base CURRENT_URL --peer INDEPENDENT_PEER_URL --candidate FULL_NAMED_CANDIDATE --out NEW_UNIQUE_DIRECTORY,UNVERIFIED,unverified,"No published nesting ceiling; finite bounded samples only, not arbitrary-depth performance.",TK1-nesting-arrays-1101-create-import-difference,create: A changed deep leaf still conflicts409 after independent replacement. Shape/depth arrays-1101.,3.4 / 5 / 6 / 7 / 8 / 10 / 11,86,systems-engineer
1,"1,2,3,4",True,independent-verifier,PENDING_NAMED_CANDIDATE,independent generated raw HTTP and exact JSON-value oracle,python nesting_probe.py --base CURRENT_URL --peer INDEPENDENT_PEER_URL --candidate FULL_NAMED_CANDIDATE --out NEW_UNIQUE_DIRECTORY,UNVERIFIED,unverified,"No published nesting ceiling; finite bounded samples only, not arbitrary-depth performance.",TK1-nesting-arrays-1101-moves-first,moves: A valid write with an ignored bounded nested JSON value succeeds201. Shape/depth arrays-1101.,3.4 / 5 / 6 / 7 / 8 / 10 / 11,86,systems-engineer
1,"1,2,3,4",True,independent-verifier,PENDING_NAMED_CANDIDATE,independent generated raw HTTP and exact JSON-value oracle,python nesting_probe.py --base CURRENT_URL --peer INDEPENDENT_PEER_URL --candidate FULL_NAMED_CANDIDATE --out NEW_UNIQUE_DIRECTORY,UNVERIFIED,unverified,"No published nesting ceiling; finite bounded samples only, not arbitrary-depth performance.",TK1-nesting-arrays-1101-moves-alias,moves: Complete-body exact numeric/object-order aliases replay the original receipt200. Shape/depth arrays-1101.,3.4 / 5 / 6 / 7 / 8 / 10 / 11,86,systems-engineer
1,"1,2,3,4",True,independent-verifier,PENDING_NAMED_CANDIDATE,independent generated raw HTTP and exact JSON-value oracle,python nesting_probe.py --base CURRENT_URL --peer INDEPENDENT_PEER_URL --candidate FULL_NAMED_CANDIDATE --out NEW_UNIQUE_DIRECTORY,UNVERIFIED,unverified,"No published nesting ceiling; finite bounded samples only, not arbitrary-depth performance.",TK1-nesting-arrays-1101-moves-number-difference,moves: A changed precise numeric leaf under the same used key gives409 idempotency_key_reuse. Shape/depth arrays-1101.,3.4 / 5 / 6 / 7 / 8 / 10 / 11,86,systems-engineer
1,"1,2,3,4",True,independent-verifier,PENDING_NAMED_CANDIDATE,independent generated raw HTTP and exact JSON-value oracle,python nesting_probe.py --base CURRENT_URL --peer INDEPENDENT_PEER_URL --candidate FULL_NAMED_CANDIDATE --out NEW_UNIQUE_DIRECTORY,UNVERIFIED,unverified,"No published nesting ceiling; finite bounded samples only, not arbitrary-depth performance.",TK1-nesting-arrays-1101-moves-type-difference,moves: Changing a numeric leaf to boolean under the used key gives409 idempotency_key_reuse. Shape/depth arrays-1101.,3.4 / 5 / 6 / 7 / 8 / 10 / 11,86,systems-engineer
1,"1,2,3,4",True,independent-verifier,PENDING_NAMED_CANDIDATE,independent generated raw HTTP and exact JSON-value oracle,python nesting_probe.py --base CURRENT_URL --peer INDEPENDENT_PEER_URL --candidate FULL_NAMED_CANDIDATE --out NEW_UNIQUE_DIRECTORY,UNVERIFIED,unverified,"No published nesting ceiling; finite bounded samples only, not arbitrary-depth performance.",TK1-nesting-arrays-1101-moves-missing-auth,moves: A valid deep body without authentication gives401 unauthenticated. Shape/depth arrays-1101.,3.4 / 5 / 6 / 7 / 8 / 10 / 11,86,systems-engineer
1,"1,2,3,4",True,independent-verifier,PENDING_NAMED_CANDIDATE,independent generated raw HTTP and exact JSON-value oracle,python nesting_probe.py --base CURRENT_URL --peer INDEPENDENT_PEER_URL --candidate FULL_NAMED_CANDIDATE --out NEW_UNIQUE_DIRECTORY,UNVERIFIED,unverified,"No published nesting ceiling; finite bounded samples only, not arbitrary-depth performance.",TK1-nesting-arrays-1101-moves-missing-key,moves: An authenticated valid deep write without a key gives400 missing_idempotency_key. Shape/depth arrays-1101.,3.4 / 5 / 6 / 7 / 8 / 10 / 11,86,systems-engineer
1,"1,2,3,4",True,independent-verifier,PENDING_NAMED_CANDIDATE,independent generated raw HTTP and exact JSON-value oracle,python nesting_probe.py --base CURRENT_URL --peer INDEPENDENT_PEER_URL --candidate FULL_NAMED_CANDIDATE --out NEW_UNIQUE_DIRECTORY,UNVERIFIED,unverified,"No published nesting ceiling; finite bounded samples only, not arbitrary-depth performance.",TK1-nesting-arrays-1101-moves-failed-value,moves: A new-key valid deep body with fractional party gives422 validation_failed. Shape/depth arrays-1101.,3.4 / 5 / 6 / 7 / 8 / 10 / 11,86,systems-engineer
1,"1,2,3,4",True,independent-verifier,PENDING_NAMED_CANDIDATE,independent generated raw HTTP and exact JSON-value oracle,python nesting_probe.py --base CURRENT_URL --peer INDEPENDENT_PEER_URL --candidate FULL_NAMED_CANDIDATE --out NEW_UNIQUE_DIRECTORY,UNVERIFIED,unverified,"No published nesting ceiling; finite bounded samples only, not arbitrary-depth performance.",TK1-nesting-arrays-1101-moves-failed-key-reuse,moves: Correcting the refused party with the same key succeeds201. Shape/depth arrays-1101.,3.4 / 5 / 6 / 7 / 8 / 10 / 11,86,systems-engineer
1,"1,2,3,4",True,independent-verifier,PENDING_NAMED_CANDIDATE,independent generated raw HTTP and exact JSON-value oracle,python nesting_probe.py --base CURRENT_URL --peer INDEPENDENT_PEER_URL --candidate FULL_NAMED_CANDIDATE --out NEW_UNIQUE_DIRECTORY,UNVERIFIED,unverified,"No published nesting ceiling; finite bounded samples only, not arbitrary-depth performance.",TK1-nesting-arrays-1101-moves-atomic,moves: Replays and refused deep writes leave complete state unchanged before a later successful correction. Shape/depth arrays-1101.,3.4 / 5 / 6 / 7 / 8 / 10 / 11,86,systems-engineer
1,"1,2,3,4",True,independent-verifier,PENDING_NAMED_CANDIDATE,independent generated raw HTTP and exact JSON-value oracle,python nesting_probe.py --base CURRENT_URL --peer INDEPENDENT_PEER_URL --candidate FULL_NAMED_CANDIDATE --out NEW_UNIQUE_DIRECTORY,UNVERIFIED,unverified,"No published nesting ceiling; finite bounded samples only, not arbitrary-depth performance.",TK1-nesting-arrays-1101-moves-immutable,moves: Original receipt replay remains200 and identical after current record mutation/cancellation. Shape/depth arrays-1101.,3.4 / 5 / 6 / 7 / 8 / 10 / 11,86,systems-engineer
1,"1,2,3,4",True,independent-verifier,PENDING_NAMED_CANDIDATE,independent generated raw HTTP and exact JSON-value oracle,python nesting_probe.py --base CURRENT_URL --peer INDEPENDENT_PEER_URL --candidate FULL_NAMED_CANDIDATE --out NEW_UNIQUE_DIRECTORY,UNVERIFIED,unverified,"No published nesting ceiling; finite bounded samples only, not arbitrary-depth performance.",TK1-nesting-arrays-1101-moves-import-original,moves: Original deep receipt replays unchanged200 in an independent imported destination. Shape/depth arrays-1101.,3.4 / 5 / 6 / 7 / 8 / 10 / 11,86,systems-engineer
1,"1,2,3,4",True,independent-verifier,PENDING_NAMED_CANDIDATE,independent generated raw HTTP and exact JSON-value oracle,python nesting_probe.py --base CURRENT_URL --peer INDEPENDENT_PEER_URL --candidate FULL_NAMED_CANDIDATE --out NEW_UNIQUE_DIRECTORY,UNVERIFIED,unverified,"No published nesting ceiling; finite bounded samples only, not arbitrary-depth performance.",TK1-nesting-arrays-1101-moves-import-difference,moves: A changed deep leaf still conflicts409 after independent replacement. Shape/depth arrays-1101.,3.4 / 5 / 6 / 7 / 8 / 10 / 11,86,systems-engineer
1,"1,2,3,4",True,independent-verifier,PENDING_NAMED_CANDIDATE,independent generated raw HTTP and exact JSON-value oracle,python nesting_probe.py --base CURRENT_URL --peer INDEPENDENT_PEER_URL --candidate FULL_NAMED_CANDIDATE --out NEW_UNIQUE_DIRECTORY,UNVERIFIED,unverified,"No published nesting ceiling; finite bounded samples only, not arbitrary-depth performance.",TK1-nesting-arrays-1101-reset,A valid fixture with an ignored bounded nested value resets204. Shape/depth arrays-1101.,3.3 / 3.4 / 5 / 7 / 10,86,systems-engineer
1,"1,2,3,4",True,independent-verifier,PENDING_NAMED_CANDIDATE,independent generated raw HTTP and exact JSON-value oracle,python nesting_probe.py --base CURRENT_URL --peer INDEPENDENT_PEER_URL --candidate FULL_NAMED_CANDIDATE --out NEW_UNIQUE_DIRECTORY,UNVERIFIED,unverified,"No published nesting ceiling; finite bounded samples only, not arbitrary-depth performance.",TK1-nesting-arrays-1101-signup,A valid signup with an ignored bounded nested value succeeds201. Shape/depth arrays-1101.,3.3 / 3.4 / 5 / 7 / 10,86,systems-engineer
1,"1,2,3,4",True,independent-verifier,PENDING_NAMED_CANDIDATE,independent generated raw HTTP and exact JSON-value oracle,python nesting_probe.py --base CURRENT_URL --peer INDEPENDENT_PEER_URL --candidate FULL_NAMED_CANDIDATE --out NEW_UNIQUE_DIRECTORY,UNVERIFIED,unverified,"No published nesting ceiling; finite bounded samples only, not arbitrary-depth performance.",TK1-nesting-arrays-1101-login,A valid login with an ignored bounded nested value succeeds200. Shape/depth arrays-1101.,3.3 / 3.4 / 5 / 7 / 10,86,systems-engineer
1,"1,2,3,4",True,independent-verifier,PENDING_NAMED_CANDIDATE,independent generated raw HTTP and exact JSON-value oracle,python nesting_probe.py --base CURRENT_URL --peer INDEPENDENT_PEER_URL --candidate FULL_NAMED_CANDIDATE --out NEW_UNIQUE_DIRECTORY,UNVERIFIED,unverified,"No published nesting ceiling; finite bounded samples only, not arbitrary-depth performance.",TK1-nesting-arrays-1101-patch,An ignored bounded nested PATCH value succeeds without changing state. Shape/depth arrays-1101.,3.3 / 3.4 / 5 / 7 / 10,86,systems-engineer
1,"1,2,3,4",True,independent-verifier,PENDING_NAMED_CANDIDATE,independent generated raw HTTP and exact JSON-value oracle,python nesting_probe.py --base CURRENT_URL --peer INDEPENDENT_PEER_URL --candidate FULL_NAMED_CANDIDATE --out NEW_UNIQUE_DIRECTORY,UNVERIFIED,unverified,"No published nesting ceiling; finite bounded samples only, not arbitrary-depth performance.",TK1-nesting-arrays-1101-export,Export after deep successful writes returns200 valid JSON with the specified track/version/state envelope. Shape/depth arrays-1101.,3.3 / 3.4 / 5 / 7 / 10,86,systems-engineer
1,"1,2,3,4",True,independent-verifier,PENDING_NAMED_CANDIDATE,independent generated raw HTTP and exact JSON-value oracle,python nesting_probe.py --base CURRENT_URL --peer INDEPENDENT_PEER_URL --candidate FULL_NAMED_CANDIDATE --out NEW_UNIQUE_DIRECTORY,UNVERIFIED,unverified,"No published nesting ceiling; finite bounded samples only, not arbitrary-depth performance.",TK1-nesting-arrays-1101-import,The unchanged opaque export imports204 into a separately running destination. Shape/depth arrays-1101.,3.3 / 3.4 / 5 / 7 / 10,86,systems-engineer
1,"1,2,3,4",True,independent-verifier,PENDING_NAMED_CANDIDATE,independent generated raw HTTP and exact JSON-value oracle,python nesting_probe.py --base CURRENT_URL --peer INDEPENDENT_PEER_URL --candidate FULL_NAMED_CANDIDATE --out NEW_UNIQUE_DIRECTORY,UNVERIFIED,unverified,"No published nesting ceiling; finite bounded samples only, not arbitrary-depth performance.",TK1-nesting-arrays-1101-replacement,The independently imported full snapshot preserves the complete exact source state. Shape/depth arrays-1101.,3.3 / 3.4 / 5 / 7 / 10,86,systems-engineer
1,"1,2,3,4",True,independent-verifier,PENDING_NAMED_CANDIDATE,independent generated raw HTTP and exact JSON-value oracle,python nesting_probe.py --base CURRENT_URL --peer INDEPENDENT_PEER_URL --candidate FULL_NAMED_CANDIDATE --out NEW_UNIQUE_DIRECTORY,UNVERIFIED,unverified,"No published nesting ceiling; finite bounded samples only, not arbitrary-depth performance.",TK1-nesting-arrays-1101-retained-token,The real source token and current private records survive independent replacement. Shape/depth arrays-1101.,3.3 / 3.4 / 5 / 7 / 10,86,systems-engineer
1,"1,2,3,4",True,independent-verifier,PENDING_NAMED_CANDIDATE,independent generated raw HTTP and exact JSON-value oracle,python nesting_probe.py --base CURRENT_URL --peer INDEPENDENT_PEER_URL --candidate FULL_NAMED_CANDIDATE --out NEW_UNIQUE_DIRECTORY,UNVERIFIED,unverified,"No published nesting ceiling; finite bounded samples only, not arbitrary-depth performance.",TK1-nesting-arrays-1101-malformed,A truncated deep body remains400 malformed_request before auth/key processing. Shape/depth arrays-1101.,3.3 / 3.4 / 5 / 7 / 10,86,interface-engineer
1,"1,2,3,4",True,independent-verifier,PENDING_NAMED_CANDIDATE,independent generated raw HTTP and exact JSON-value oracle,python nesting_probe.py --base CURRENT_URL --peer INDEPENDENT_PEER_URL --candidate FULL_NAMED_CANDIDATE --out NEW_UNIQUE_DIRECTORY,UNVERIFIED,unverified,"No published nesting ceiling; finite bounded samples only, not arbitrary-depth performance.",TK1-nesting-arrays-1101-malformed-atomic,Refusing truncated deep JSON leaves complete source state unchanged. Shape/depth arrays-1101.,3.3 / 3.4 / 5 / 7 / 10,86,systems-engineer
1,"1,2,3,4",True,independent-verifier,PENDING_NAMED_CANDIDATE,independent generated raw HTTP and exact JSON-value oracle,python nesting_probe.py --base CURRENT_URL --peer INDEPENDENT_PEER_URL --candidate FULL_NAMED_CANDIDATE --out NEW_UNIQUE_DIRECTORY,UNVERIFIED,unverified,"No published nesting ceiling; finite bounded samples only, not arbitrary-depth performance.",TK1-nesting-alternating-32-create-first,create: A valid write with an ignored bounded nested JSON value succeeds201. Shape/depth alternating-32.,3.4 / 5 / 6 / 7 / 8 / 10 / 11,86,systems-engineer
1,"1,2,3,4",True,independent-verifier,PENDING_NAMED_CANDIDATE,independent generated raw HTTP and exact JSON-value oracle,python nesting_probe.py --base CURRENT_URL --peer INDEPENDENT_PEER_URL --candidate FULL_NAMED_CANDIDATE --out NEW_UNIQUE_DIRECTORY,UNVERIFIED,unverified,"No published nesting ceiling; finite bounded samples only, not arbitrary-depth performance.",TK1-nesting-alternating-32-create-alias,create: Complete-body exact numeric/object-order aliases replay the original receipt200. Shape/depth alternating-32.,3.4 / 5 / 6 / 7 / 8 / 10 / 11,86,systems-engineer
1,"1,2,3,4",True,independent-verifier,PENDING_NAMED_CANDIDATE,independent generated raw HTTP and exact JSON-value oracle,python nesting_probe.py --base CURRENT_URL --peer INDEPENDENT_PEER_URL --candidate FULL_NAMED_CANDIDATE --out NEW_UNIQUE_DIRECTORY,UNVERIFIED,unverified,"No published nesting ceiling; finite bounded samples only, not arbitrary-depth performance.",TK1-nesting-alternating-32-create-number-difference,create: A changed precise numeric leaf under the same used key gives409 idempotency_key_reuse. Shape/depth alternating-32.,3.4 / 5 / 6 / 7 / 8 / 10 / 11,86,systems-engineer
1,"1,2,3,4",True,independent-verifier,PENDING_NAMED_CANDIDATE,independent generated raw HTTP and exact JSON-value oracle,python nesting_probe.py --base CURRENT_URL --peer INDEPENDENT_PEER_URL --candidate FULL_NAMED_CANDIDATE --out NEW_UNIQUE_DIRECTORY,UNVERIFIED,unverified,"No published nesting ceiling; finite bounded samples only, not arbitrary-depth performance.",TK1-nesting-alternating-32-create-type-difference,create: Changing a numeric leaf to boolean under the used key gives409 idempotency_key_reuse. Shape/depth alternating-32.,3.4 / 5 / 6 / 7 / 8 / 10 / 11,86,systems-engineer
1,"1,2,3,4",True,independent-verifier,PENDING_NAMED_CANDIDATE,independent generated raw HTTP and exact JSON-value oracle,python nesting_probe.py --base CURRENT_URL --peer INDEPENDENT_PEER_URL --candidate FULL_NAMED_CANDIDATE --out NEW_UNIQUE_DIRECTORY,UNVERIFIED,unverified,"No published nesting ceiling; finite bounded samples only, not arbitrary-depth performance.",TK1-nesting-alternating-32-create-missing-auth,create: A valid deep body without authentication gives401 unauthenticated. Shape/depth alternating-32.,3.4 / 5 / 6 / 7 / 8 / 10 / 11,86,systems-engineer
1,"1,2,3,4",True,independent-verifier,PENDING_NAMED_CANDIDATE,independent generated raw HTTP and exact JSON-value oracle,python nesting_probe.py --base CURRENT_URL --peer INDEPENDENT_PEER_URL --candidate FULL_NAMED_CANDIDATE --out NEW_UNIQUE_DIRECTORY,UNVERIFIED,unverified,"No published nesting ceiling; finite bounded samples only, not arbitrary-depth performance.",TK1-nesting-alternating-32-create-missing-key,create: An authenticated valid deep write without a key gives400 missing_idempotency_key. Shape/depth alternating-32.,3.4 / 5 / 6 / 7 / 8 / 10 / 11,86,systems-engineer
1,"1,2,3,4",True,independent-verifier,PENDING_NAMED_CANDIDATE,independent generated raw HTTP and exact JSON-value oracle,python nesting_probe.py --base CURRENT_URL --peer INDEPENDENT_PEER_URL --candidate FULL_NAMED_CANDIDATE --out NEW_UNIQUE_DIRECTORY,UNVERIFIED,unverified,"No published nesting ceiling; finite bounded samples only, not arbitrary-depth performance.",TK1-nesting-alternating-32-create-failed-value,create: A new-key valid deep body with fractional party gives422 validation_failed. Shape/depth alternating-32.,3.4 / 5 / 6 / 7 / 8 / 10 / 11,86,systems-engineer
1,"1,2,3,4",True,independent-verifier,PENDING_NAMED_CANDIDATE,independent generated raw HTTP and exact JSON-value oracle,python nesting_probe.py --base CURRENT_URL --peer INDEPENDENT_PEER_URL --candidate FULL_NAMED_CANDIDATE --out NEW_UNIQUE_DIRECTORY,UNVERIFIED,unverified,"No published nesting ceiling; finite bounded samples only, not arbitrary-depth performance.",TK1-nesting-alternating-32-create-failed-key-reuse,create: Correcting the refused party with the same key succeeds201. Shape/depth alternating-32.,3.4 / 5 / 6 / 7 / 8 / 10 / 11,86,systems-engineer
1,"1,2,3,4",True,independent-verifier,PENDING_NAMED_CANDIDATE,independent generated raw HTTP and exact JSON-value oracle,python nesting_probe.py --base CURRENT_URL --peer INDEPENDENT_PEER_URL --candidate FULL_NAMED_CANDIDATE --out NEW_UNIQUE_DIRECTORY,UNVERIFIED,unverified,"No published nesting ceiling; finite bounded samples only, not arbitrary-depth performance.",TK1-nesting-alternating-32-create-atomic,create: Replays and refused deep writes leave complete state unchanged before a later successful correction. Shape/depth alternating-32.,3.4 / 5 / 6 / 7 / 8 / 10 / 11,86,systems-engineer
1,"1,2,3,4",True,independent-verifier,PENDING_NAMED_CANDIDATE,independent generated raw HTTP and exact JSON-value oracle,python nesting_probe.py --base CURRENT_URL --peer INDEPENDENT_PEER_URL --candidate FULL_NAMED_CANDIDATE --out NEW_UNIQUE_DIRECTORY,UNVERIFIED,unverified,"No published nesting ceiling; finite bounded samples only, not arbitrary-depth performance.",TK1-nesting-alternating-32-create-immutable,create: Original receipt replay remains200 and identical after current record mutation/cancellation. Shape/depth alternating-32.,3.4 / 5 / 6 / 7 / 8 / 10 / 11,86,systems-engineer
1,"1,2,3,4",True,independent-verifier,PENDING_NAMED_CANDIDATE,independent generated raw HTTP and exact JSON-value oracle,python nesting_probe.py --base CURRENT_URL --peer INDEPENDENT_PEER_URL --candidate FULL_NAMED_CANDIDATE --out NEW_UNIQUE_DIRECTORY,UNVERIFIED,unverified,"No published nesting ceiling; finite bounded samples only, not arbitrary-depth performance.",TK1-nesting-alternating-32-create-import-original,create: Original deep receipt replays unchanged200 in an independent imported destination. Shape/depth alternating-32.,3.4 / 5 / 6 / 7 / 8 / 10 / 11,86,systems-engineer
1,"1,2,3,4",True,independent-verifier,PENDING_NAMED_CANDIDATE,independent generated raw HTTP and exact JSON-value oracle,python nesting_probe.py --base CURRENT_URL --peer INDEPENDENT_PEER_URL --candidate FULL_NAMED_CANDIDATE --out NEW_UNIQUE_DIRECTORY,UNVERIFIED,unverified,"No published nesting ceiling; finite bounded samples only, not arbitrary-depth performance.",TK1-nesting-alternating-32-create-import-difference,create: A changed deep leaf still conflicts409 after independent replacement. Shape/depth alternating-32.,3.4 / 5 / 6 / 7 / 8 / 10 / 11,86,systems-engineer
1,"1,2,3,4",True,independent-verifier,PENDING_NAMED_CANDIDATE,independent generated raw HTTP and exact JSON-value oracle,python nesting_probe.py --base CURRENT_URL --peer INDEPENDENT_PEER_URL --candidate FULL_NAMED_CANDIDATE --out NEW_UNIQUE_DIRECTORY,UNVERIFIED,unverified,"No published nesting ceiling; finite bounded samples only, not arbitrary-depth performance.",TK1-nesting-alternating-32-moves-first,moves: A valid write with an ignored bounded nested JSON value succeeds201. Shape/depth alternating-32.,3.4 / 5 / 6 / 7 / 8 / 10 / 11,86,systems-engineer
1,"1,2,3,4",True,independent-verifier,PENDING_NAMED_CANDIDATE,independent generated raw HTTP and exact JSON-value oracle,python nesting_probe.py --base CURRENT_URL --peer INDEPENDENT_PEER_URL --candidate FULL_NAMED_CANDIDATE --out NEW_UNIQUE_DIRECTORY,UNVERIFIED,unverified,"No published nesting ceiling; finite bounded samples only, not arbitrary-depth performance.",TK1-nesting-alternating-32-moves-alias,moves: Complete-body exact numeric/object-order aliases replay the original receipt200. Shape/depth alternating-32.,3.4 / 5 / 6 / 7 / 8 / 10 / 11,86,systems-engineer
1,"1,2,3,4",True,independent-verifier,PENDING_NAMED_CANDIDATE,independent generated raw HTTP and exact JSON-value oracle,python nesting_probe.py --base CURRENT_URL --peer INDEPENDENT_PEER_URL --candidate FULL_NAMED_CANDIDATE --out NEW_UNIQUE_DIRECTORY,UNVERIFIED,unverified,"No published nesting ceiling; finite bounded samples only, not arbitrary-depth performance.",TK1-nesting-alternating-32-moves-number-difference,moves: A changed precise numeric leaf under the same used key gives409 idempotency_key_reuse. Shape/depth alternating-32.,3.4 / 5 / 6 / 7 / 8 / 10 / 11,86,systems-engineer
1,"1,2,3,4",True,independent-verifier,PENDING_NAMED_CANDIDATE,independent generated raw HTTP and exact JSON-value oracle,python nesting_probe.py --base CURRENT_URL --peer INDEPENDENT_PEER_URL --candidate FULL_NAMED_CANDIDATE --out NEW_UNIQUE_DIRECTORY,UNVERIFIED,unverified,"No published nesting ceiling; finite bounded samples only, not arbitrary-depth performance.",TK1-nesting-alternating-32-moves-type-difference,moves: Changing a numeric leaf to boolean under the used key gives409 idempotency_key_reuse. Shape/depth alternating-32.,3.4 / 5 / 6 / 7 / 8 / 10 / 11,86,systems-engineer
1,"1,2,3,4",True,independent-verifier,PENDING_NAMED_CANDIDATE,independent generated raw HTTP and exact JSON-value oracle,python nesting_probe.py --base CURRENT_URL --peer INDEPENDENT_PEER_URL --candidate FULL_NAMED_CANDIDATE --out NEW_UNIQUE_DIRECTORY,UNVERIFIED,unverified,"No published nesting ceiling; finite bounded samples only, not arbitrary-depth performance.",TK1-nesting-alternating-32-moves-missing-auth,moves: A valid deep body without authentication gives401 unauthenticated. Shape/depth alternating-32.,3.4 / 5 / 6 / 7 / 8 / 10 / 11,86,systems-engineer
1,"1,2,3,4",True,independent-verifier,PENDING_NAMED_CANDIDATE,independent generated raw HTTP and exact JSON-value oracle,python nesting_probe.py --base CURRENT_URL --peer INDEPENDENT_PEER_URL --candidate FULL_NAMED_CANDIDATE --out NEW_UNIQUE_DIRECTORY,UNVERIFIED,unverified,"No published nesting ceiling; finite bounded samples only, not arbitrary-depth performance.",TK1-nesting-alternating-32-moves-missing-key,moves: An authenticated valid deep write without a key gives400 missing_idempotency_key. Shape/depth alternating-32.,3.4 / 5 / 6 / 7 / 8 / 10 / 11,86,systems-engineer
1,"1,2,3,4",True,independent-verifier,PENDING_NAMED_CANDIDATE,independent generated raw HTTP and exact JSON-value oracle,python nesting_probe.py --base CURRENT_URL --peer INDEPENDENT_PEER_URL --candidate FULL_NAMED_CANDIDATE --out NEW_UNIQUE_DIRECTORY,UNVERIFIED,unverified,"No published nesting ceiling; finite bounded samples only, not arbitrary-depth performance.",TK1-nesting-alternating-32-moves-failed-value,moves: A new-key valid deep body with fractional party gives422 validation_failed. Shape/depth alternating-32.,3.4 / 5 / 6 / 7 / 8 / 10 / 11,86,systems-engineer
1,"1,2,3,4",True,independent-verifier,PENDING_NAMED_CANDIDATE,independent generated raw HTTP and exact JSON-value oracle,python nesting_probe.py --base CURRENT_URL --peer INDEPENDENT_PEER_URL --candidate FULL_NAMED_CANDIDATE --out NEW_UNIQUE_DIRECTORY,UNVERIFIED,unverified,"No published nesting ceiling; finite bounded samples only, not arbitrary-depth performance.",TK1-nesting-alternating-32-moves-failed-key-reuse,moves: Correcting the refused party with the same key succeeds201. Shape/depth alternating-32.,3.4 / 5 / 6 / 7 / 8 / 10 / 11,86,systems-engineer
1,"1,2,3,4",True,independent-verifier,PENDING_NAMED_CANDIDATE,independent generated raw HTTP and exact JSON-value oracle,python nesting_probe.py --base CURRENT_URL --peer INDEPENDENT_PEER_URL --candidate FULL_NAMED_CANDIDATE --out NEW_UNIQUE_DIRECTORY,UNVERIFIED,unverified,"No published nesting ceiling; finite bounded samples only, not arbitrary-depth performance.",TK1-nesting-alternating-32-moves-atomic,moves: Replays and refused deep writes leave complete state unchanged before a later successful correction. Shape/depth alternating-32.,3.4 / 5 / 6 / 7 / 8 / 10 / 11,86,systems-engineer
1,"1,2,3,4",True,independent-verifier,PENDING_NAMED_CANDIDATE,independent generated raw HTTP and exact JSON-value oracle,python nesting_probe.py --base CURRENT_URL --peer INDEPENDENT_PEER_URL --candidate FULL_NAMED_CANDIDATE --out NEW_UNIQUE_DIRECTORY,UNVERIFIED,unverified,"No published nesting ceiling; finite bounded samples only, not arbitrary-depth performance.",TK1-nesting-alternating-32-moves-immutable,moves: Original receipt replay remains200 and identical after current record mutation/cancellation. Shape/depth alternating-32.,3.4 / 5 / 6 / 7 / 8 / 10 / 11,86,systems-engineer
1,"1,2,3,4",True,independent-verifier,PENDING_NAMED_CANDIDATE,independent generated raw HTTP and exact JSON-value oracle,python nesting_probe.py --base CURRENT_URL --peer INDEPENDENT_PEER_URL --candidate FULL_NAMED_CANDIDATE --out NEW_UNIQUE_DIRECTORY,UNVERIFIED,unverified,"No published nesting ceiling; finite bounded samples only, not arbitrary-depth performance.",TK1-nesting-alternating-32-moves-import-original,moves: Original deep receipt replays unchanged200 in an independent imported destination. Shape/depth alternating-32.,3.4 / 5 / 6 / 7 / 8 / 10 / 11,86,systems-engineer
1,"1,2,3,4",True,independent-verifier,PENDING_NAMED_CANDIDATE,independent generated raw HTTP and exact JSON-value oracle,python nesting_probe.py --base CURRENT_URL --peer INDEPENDENT_PEER_URL --candidate FULL_NAMED_CANDIDATE --out NEW_UNIQUE_DIRECTORY,UNVERIFIED,unverified,"No published nesting ceiling; finite bounded samples only, not arbitrary-depth performance.",TK1-nesting-alternating-32-moves-import-difference,moves: A changed deep leaf still conflicts409 after independent replacement. Shape/depth alternating-32.,3.4 / 5 / 6 / 7 / 8 / 10 / 11,86,systems-engineer
1,"1,2,3,4",True,independent-verifier,PENDING_NAMED_CANDIDATE,independent generated raw HTTP and exact JSON-value oracle,python nesting_probe.py --base CURRENT_URL --peer INDEPENDENT_PEER_URL --candidate FULL_NAMED_CANDIDATE --out NEW_UNIQUE_DIRECTORY,UNVERIFIED,unverified,"No published nesting ceiling; finite bounded samples only, not arbitrary-depth performance.",TK1-nesting-alternating-32-reset,A valid fixture with an ignored bounded nested value resets204. Shape/depth alternating-32.,3.3 / 3.4 / 5 / 7 / 10,86,systems-engineer
1,"1,2,3,4",True,independent-verifier,PENDING_NAMED_CANDIDATE,independent generated raw HTTP and exact JSON-value oracle,python nesting_probe.py --base CURRENT_URL --peer INDEPENDENT_PEER_URL --candidate FULL_NAMED_CANDIDATE --out NEW_UNIQUE_DIRECTORY,UNVERIFIED,unverified,"No published nesting ceiling; finite bounded samples only, not arbitrary-depth performance.",TK1-nesting-alternating-32-signup,A valid signup with an ignored bounded nested value succeeds201. Shape/depth alternating-32.,3.3 / 3.4 / 5 / 7 / 10,86,systems-engineer
1,"1,2,3,4",True,independent-verifier,PENDING_NAMED_CANDIDATE,independent generated raw HTTP and exact JSON-value oracle,python nesting_probe.py --base CURRENT_URL --peer INDEPENDENT_PEER_URL --candidate FULL_NAMED_CANDIDATE --out NEW_UNIQUE_DIRECTORY,UNVERIFIED,unverified,"No published nesting ceiling; finite bounded samples only, not arbitrary-depth performance.",TK1-nesting-alternating-32-login,A valid login with an ignored bounded nested value succeeds200. Shape/depth alternating-32.,3.3 / 3.4 / 5 / 7 / 10,86,systems-engineer
1,"1,2,3,4",True,independent-verifier,PENDING_NAMED_CANDIDATE,independent generated raw HTTP and exact JSON-value oracle,python nesting_probe.py --base CURRENT_URL --peer INDEPENDENT_PEER_URL --candidate FULL_NAMED_CANDIDATE --out NEW_UNIQUE_DIRECTORY,UNVERIFIED,unverified,"No published nesting ceiling; finite bounded samples only, not arbitrary-depth performance.",TK1-nesting-alternating-32-patch,An ignored bounded nested PATCH value succeeds without changing state. Shape/depth alternating-32.,3.3 / 3.4 / 5 / 7 / 10,86,systems-engineer
1,"1,2,3,4",True,independent-verifier,PENDING_NAMED_CANDIDATE,independent generated raw HTTP and exact JSON-value oracle,python nesting_probe.py --base CURRENT_URL --peer INDEPENDENT_PEER_URL --candidate FULL_NAMED_CANDIDATE --out NEW_UNIQUE_DIRECTORY,UNVERIFIED,unverified,"No published nesting ceiling; finite bounded samples only, not arbitrary-depth performance.",TK1-nesting-alternating-32-export,Export after deep successful writes returns200 valid JSON with the specified track/version/state envelope. Shape/depth alternating-32.,3.3 / 3.4 / 5 / 7 / 10,86,systems-engineer
1,"1,2,3,4",True,independent-verifier,PENDING_NAMED_CANDIDATE,independent generated raw HTTP and exact JSON-value oracle,python nesting_probe.py --base CURRENT_URL --peer INDEPENDENT_PEER_URL --candidate FULL_NAMED_CANDIDATE --out NEW_UNIQUE_DIRECTORY,UNVERIFIED,unverified,"No published nesting ceiling; finite bounded samples only, not arbitrary-depth performance.",TK1-nesting-alternating-32-import,The unchanged opaque export imports204 into a separately running destination. Shape/depth alternating-32.,3.3 / 3.4 / 5 / 7 / 10,86,systems-engineer
1,"1,2,3,4",True,independent-verifier,PENDING_NAMED_CANDIDATE,independent generated raw HTTP and exact JSON-value oracle,python nesting_probe.py --base CURRENT_URL --peer INDEPENDENT_PEER_URL --candidate FULL_NAMED_CANDIDATE --out NEW_UNIQUE_DIRECTORY,UNVERIFIED,unverified,"No published nesting ceiling; finite bounded samples only, not arbitrary-depth performance.",TK1-nesting-alternating-32-replacement,The independently imported full snapshot preserves the complete exact source state. Shape/depth alternating-32.,3.3 / 3.4 / 5 / 7 / 10,86,systems-engineer
1,"1,2,3,4",True,independent-verifier,PENDING_NAMED_CANDIDATE,independent generated raw HTTP and exact JSON-value oracle,python nesting_probe.py --base CURRENT_URL --peer INDEPENDENT_PEER_URL --candidate FULL_NAMED_CANDIDATE --out NEW_UNIQUE_DIRECTORY,UNVERIFIED,unverified,"No published nesting ceiling; finite bounded samples only, not arbitrary-depth performance.",TK1-nesting-alternating-32-retained-token,The real source token and current private records survive independent replacement. Shape/depth alternating-32.,3.3 / 3.4 / 5 / 7 / 10,86,systems-engineer
1,"1,2,3,4",True,independent-verifier,PENDING_NAMED_CANDIDATE,independent generated raw HTTP and exact JSON-value oracle,python nesting_probe.py --base CURRENT_URL --peer INDEPENDENT_PEER_URL --candidate FULL_NAMED_CANDIDATE --out NEW_UNIQUE_DIRECTORY,UNVERIFIED,unverified,"No published nesting ceiling; finite bounded samples only, not arbitrary-depth performance.",TK1-nesting-alternating-32-malformed,A truncated deep body remains400 malformed_request before auth/key processing. Shape/depth alternating-32.,3.3 / 3.4 / 5 / 7 / 10,86,interface-engineer
1,"1,2,3,4",True,independent-verifier,PENDING_NAMED_CANDIDATE,independent generated raw HTTP and exact JSON-value oracle,python nesting_probe.py --base CURRENT_URL --peer INDEPENDENT_PEER_URL --candidate FULL_NAMED_CANDIDATE --out NEW_UNIQUE_DIRECTORY,UNVERIFIED,unverified,"No published nesting ceiling; finite bounded samples only, not arbitrary-depth performance.",TK1-nesting-alternating-32-malformed-atomic,Refusing truncated deep JSON leaves complete source state unchanged. Shape/depth alternating-32.,3.3 / 3.4 / 5 / 7 / 10,86,systems-engineer
1,"1,2,3,4",True,independent-verifier,PENDING_NAMED_CANDIDATE,independent generated raw HTTP and exact JSON-value oracle,python nesting_probe.py --base CURRENT_URL --peer INDEPENDENT_PEER_URL --candidate FULL_NAMED_CANDIDATE --out NEW_UNIQUE_DIRECTORY,UNVERIFIED,unverified,"No published nesting ceiling; finite bounded samples only, not arbitrary-depth performance.",TK1-nesting-alternating-999-create-first,create: A valid write with an ignored bounded nested JSON value succeeds201. Shape/depth alternating-999.,3.4 / 5 / 6 / 7 / 8 / 10 / 11,86,systems-engineer
1,"1,2,3,4",True,independent-verifier,PENDING_NAMED_CANDIDATE,independent generated raw HTTP and exact JSON-value oracle,python nesting_probe.py --base CURRENT_URL --peer INDEPENDENT_PEER_URL --candidate FULL_NAMED_CANDIDATE --out NEW_UNIQUE_DIRECTORY,UNVERIFIED,unverified,"No published nesting ceiling; finite bounded samples only, not arbitrary-depth performance.",TK1-nesting-alternating-999-create-alias,create: Complete-body exact numeric/object-order aliases replay the original receipt200. Shape/depth alternating-999.,3.4 / 5 / 6 / 7 / 8 / 10 / 11,86,systems-engineer
1,"1,2,3,4",True,independent-verifier,PENDING_NAMED_CANDIDATE,independent generated raw HTTP and exact JSON-value oracle,python nesting_probe.py --base CURRENT_URL --peer INDEPENDENT_PEER_URL --candidate FULL_NAMED_CANDIDATE --out NEW_UNIQUE_DIRECTORY,UNVERIFIED,unverified,"No published nesting ceiling; finite bounded samples only, not arbitrary-depth performance.",TK1-nesting-alternating-999-create-number-difference,create: A changed precise numeric leaf under the same used key gives409 idempotency_key_reuse. Shape/depth alternating-999.,3.4 / 5 / 6 / 7 / 8 / 10 / 11,86,systems-engineer
1,"1,2,3,4",True,independent-verifier,PENDING_NAMED_CANDIDATE,independent generated raw HTTP and exact JSON-value oracle,python nesting_probe.py --base CURRENT_URL --peer INDEPENDENT_PEER_URL --candidate FULL_NAMED_CANDIDATE --out NEW_UNIQUE_DIRECTORY,UNVERIFIED,unverified,"No published nesting ceiling; finite bounded samples only, not arbitrary-depth performance.",TK1-nesting-alternating-999-create-type-difference,create: Changing a numeric leaf to boolean under the used key gives409 idempotency_key_reuse. Shape/depth alternating-999.,3.4 / 5 / 6 / 7 / 8 / 10 / 11,86,systems-engineer
1,"1,2,3,4",True,independent-verifier,PENDING_NAMED_CANDIDATE,independent generated raw HTTP and exact JSON-value oracle,python nesting_probe.py --base CURRENT_URL --peer INDEPENDENT_PEER_URL --candidate FULL_NAMED_CANDIDATE --out NEW_UNIQUE_DIRECTORY,UNVERIFIED,unverified,"No published nesting ceiling; finite bounded samples only, not arbitrary-depth performance.",TK1-nesting-alternating-999-create-missing-auth,create: A valid deep body without authentication gives401 unauthenticated. Shape/depth alternating-999.,3.4 / 5 / 6 / 7 / 8 / 10 / 11,86,systems-engineer
1,"1,2,3,4",True,independent-verifier,PENDING_NAMED_CANDIDATE,independent generated raw HTTP and exact JSON-value oracle,python nesting_probe.py --base CURRENT_URL --peer INDEPENDENT_PEER_URL --candidate FULL_NAMED_CANDIDATE --out NEW_UNIQUE_DIRECTORY,UNVERIFIED,unverified,"No published nesting ceiling; finite bounded samples only, not arbitrary-depth performance.",TK1-nesting-alternating-999-create-missing-key,create: An authenticated valid deep write without a key gives400 missing_idempotency_key. Shape/depth alternating-999.,3.4 / 5 / 6 / 7 / 8 / 10 / 11,86,systems-engineer
1,"1,2,3,4",True,independent-verifier,PENDING_NAMED_CANDIDATE,independent generated raw HTTP and exact JSON-value oracle,python nesting_probe.py --base CURRENT_URL --peer INDEPENDENT_PEER_URL --candidate FULL_NAMED_CANDIDATE --out NEW_UNIQUE_DIRECTORY,UNVERIFIED,unverified,"No published nesting ceiling; finite bounded samples only, not arbitrary-depth performance.",TK1-nesting-alternating-999-create-failed-value,create: A new-key valid deep body with fractional party gives422 validation_failed. Shape/depth alternating-999.,3.4 / 5 / 6 / 7 / 8 / 10 / 11,86,systems-engineer
1,"1,2,3,4",True,independent-verifier,PENDING_NAMED_CANDIDATE,independent generated raw HTTP and exact JSON-value oracle,python nesting_probe.py --base CURRENT_URL --peer INDEPENDENT_PEER_URL --candidate FULL_NAMED_CANDIDATE --out NEW_UNIQUE_DIRECTORY,UNVERIFIED,unverified,"No published nesting ceiling; finite bounded samples only, not arbitrary-depth performance.",TK1-nesting-alternating-999-create-failed-key-reuse,create: Correcting the refused party with the same key succeeds201. Shape/depth alternating-999.,3.4 / 5 / 6 / 7 / 8 / 10 / 11,86,systems-engineer
1,"1,2,3,4",True,independent-verifier,PENDING_NAMED_CANDIDATE,independent generated raw HTTP and exact JSON-value oracle,python nesting_probe.py --base CURRENT_URL --peer INDEPENDENT_PEER_URL --candidate FULL_NAMED_CANDIDATE --out NEW_UNIQUE_DIRECTORY,UNVERIFIED,unverified,"No published nesting ceiling; finite bounded samples only, not arbitrary-depth performance.",TK1-nesting-alternating-999-create-atomic,create: Replays and refused deep writes leave complete state unchanged before a later successful correction. Shape/depth alternating-999.,3.4 / 5 / 6 / 7 / 8 / 10 / 11,86,systems-engineer
1,"1,2,3,4",True,independent-verifier,PENDING_NAMED_CANDIDATE,independent generated raw HTTP and exact JSON-value oracle,python nesting_probe.py --base CURRENT_URL --peer INDEPENDENT_PEER_URL --candidate FULL_NAMED_CANDIDATE --out NEW_UNIQUE_DIRECTORY,UNVERIFIED,unverified,"No published nesting ceiling; finite bounded samples only, not arbitrary-depth performance.",TK1-nesting-alternating-999-create-immutable,create: Original receipt replay remains200 and identical after current record mutation/cancellation. Shape/depth alternating-999.,3.4 / 5 / 6 / 7 / 8 / 10 / 11,86,systems-engineer
1,"1,2,3,4",True,independent-verifier,PENDING_NAMED_CANDIDATE,independent generated raw HTTP and exact JSON-value oracle,python nesting_probe.py --base CURRENT_URL --peer INDEPENDENT_PEER_URL --candidate FULL_NAMED_CANDIDATE --out NEW_UNIQUE_DIRECTORY,UNVERIFIED,unverified,"No published nesting ceiling; finite bounded samples only, not arbitrary-depth performance.",TK1-nesting-alternating-999-create-import-original,create: Original deep receipt replays unchanged200 in an independent imported destination. Shape/depth alternating-999.,3.4 / 5 / 6 / 7 / 8 / 10 / 11,86,systems-engineer
1,"1,2,3,4",True,independent-verifier,PENDING_NAMED_CANDIDATE,independent generated raw HTTP and exact JSON-value oracle,python nesting_probe.py --base CURRENT_URL --peer INDEPENDENT_PEER_URL --candidate FULL_NAMED_CANDIDATE --out NEW_UNIQUE_DIRECTORY,UNVERIFIED,unverified,"No published nesting ceiling; finite bounded samples only, not arbitrary-depth performance.",TK1-nesting-alternating-999-create-import-difference,create: A changed deep leaf still conflicts409 after independent replacement. Shape/depth alternating-999.,3.4 / 5 / 6 / 7 / 8 / 10 / 11,86,systems-engineer
1,"1,2,3,4",True,independent-verifier,PENDING_NAMED_CANDIDATE,independent generated raw HTTP and exact JSON-value oracle,python nesting_probe.py --base CURRENT_URL --peer INDEPENDENT_PEER_URL --candidate FULL_NAMED_CANDIDATE --out NEW_UNIQUE_DIRECTORY,UNVERIFIED,unverified,"No published nesting ceiling; finite bounded samples only, not arbitrary-depth performance.",TK1-nesting-alternating-999-moves-first,moves: A valid write with an ignored bounded nested JSON value succeeds201. Shape/depth alternating-999.,3.4 / 5 / 6 / 7 / 8 / 10 / 11,86,systems-engineer
1,"1,2,3,4",True,independent-verifier,PENDING_NAMED_CANDIDATE,independent generated raw HTTP and exact JSON-value oracle,python nesting_probe.py --base CURRENT_URL --peer INDEPENDENT_PEER_URL --candidate FULL_NAMED_CANDIDATE --out NEW_UNIQUE_DIRECTORY,UNVERIFIED,unverified,"No published nesting ceiling; finite bounded samples only, not arbitrary-depth performance.",TK1-nesting-alternating-999-moves-alias,moves: Complete-body exact numeric/object-order aliases replay the original receipt200. Shape/depth alternating-999.,3.4 / 5 / 6 / 7 / 8 / 10 / 11,86,systems-engineer
1,"1,2,3,4",True,independent-verifier,PENDING_NAMED_CANDIDATE,independent generated raw HTTP and exact JSON-value oracle,python nesting_probe.py --base CURRENT_URL --peer INDEPENDENT_PEER_URL --candidate FULL_NAMED_CANDIDATE --out NEW_UNIQUE_DIRECTORY,UNVERIFIED,unverified,"No published nesting ceiling; finite bounded samples only, not arbitrary-depth performance.",TK1-nesting-alternating-999-moves-number-difference,moves: A changed precise numeric leaf under the same used key gives409 idempotency_key_reuse. Shape/depth alternating-999.,3.4 / 5 / 6 / 7 / 8 / 10 / 11,86,systems-engineer
1,"1,2,3,4",True,independent-verifier,PENDING_NAMED_CANDIDATE,independent generated raw HTTP and exact JSON-value oracle,python nesting_probe.py --base CURRENT_URL --peer INDEPENDENT_PEER_URL --candidate FULL_NAMED_CANDIDATE --out NEW_UNIQUE_DIRECTORY,UNVERIFIED,unverified,"No published nesting ceiling; finite bounded samples only, not arbitrary-depth performance.",TK1-nesting-alternating-999-moves-type-difference,moves: Changing a numeric leaf to boolean under the used key gives409 idempotency_key_reuse. Shape/depth alternating-999.,3.4 / 5 / 6 / 7 / 8 / 10 / 11,86,systems-engineer
1,"1,2,3,4",True,independent-verifier,PENDING_NAMED_CANDIDATE,independent generated raw HTTP and exact JSON-value oracle,python nesting_probe.py --base CURRENT_URL --peer INDEPENDENT_PEER_URL --candidate FULL_NAMED_CANDIDATE --out NEW_UNIQUE_DIRECTORY,UNVERIFIED,unverified,"No published nesting ceiling; finite bounded samples only, not arbitrary-depth performance.",TK1-nesting-alternating-999-moves-missing-auth,moves: A valid deep body without authentication gives401 unauthenticated. Shape/depth alternating-999.,3.4 / 5 / 6 / 7 / 8 / 10 / 11,86,systems-engineer
1,"1,2,3,4",True,independent-verifier,PENDING_NAMED_CANDIDATE,independent generated raw HTTP and exact JSON-value oracle,python nesting_probe.py --base CURRENT_URL --peer INDEPENDENT_PEER_URL --candidate FULL_NAMED_CANDIDATE --out NEW_UNIQUE_DIRECTORY,UNVERIFIED,unverified,"No published nesting ceiling; finite bounded samples only, not arbitrary-depth performance.",TK1-nesting-alternating-999-moves-missing-key,moves: An authenticated valid deep write without a key gives400 missing_idempotency_key. Shape/depth alternating-999.,3.4 / 5 / 6 / 7 / 8 / 10 / 11,86,systems-engineer
1,"1,2,3,4",True,independent-verifier,PENDING_NAMED_CANDIDATE,independent generated raw HTTP and exact JSON-value oracle,python nesting_probe.py --base CURRENT_URL --peer INDEPENDENT_PEER_URL --candidate FULL_NAMED_CANDIDATE --out NEW_UNIQUE_DIRECTORY,UNVERIFIED,unverified,"No published nesting ceiling; finite bounded samples only, not arbitrary-depth performance.",TK1-nesting-alternating-999-moves-failed-value,moves: A new-key valid deep body with fractional party gives422 validation_failed. Shape/depth alternating-999.,3.4 / 5 / 6 / 7 / 8 / 10 / 11,86,systems-engineer
1,"1,2,3,4",True,independent-verifier,PENDING_NAMED_CANDIDATE,independent generated raw HTTP and exact JSON-value oracle,python nesting_probe.py --base CURRENT_URL --peer INDEPENDENT_PEER_URL --candidate FULL_NAMED_CANDIDATE --out NEW_UNIQUE_DIRECTORY,UNVERIFIED,unverified,"No published nesting ceiling; finite bounded samples only, not arbitrary-depth performance.",TK1-nesting-alternating-999-moves-failed-key-reuse,moves: Correcting the refused party with the same key succeeds201. Shape/depth alternating-999.,3.4 / 5 / 6 / 7 / 8 / 10 / 11,86,systems-engineer
1,"1,2,3,4",True,independent-verifier,PENDING_NAMED_CANDIDATE,independent generated raw HTTP and exact JSON-value oracle,python nesting_probe.py --base CURRENT_URL --peer INDEPENDENT_PEER_URL --candidate FULL_NAMED_CANDIDATE --out NEW_UNIQUE_DIRECTORY,UNVERIFIED,unverified,"No published nesting ceiling; finite bounded samples only, not arbitrary-depth performance.",TK1-nesting-alternating-999-moves-atomic,moves: Replays and refused deep writes leave complete state unchanged before a later successful correction. Shape/depth alternating-999.,3.4 / 5 / 6 / 7 / 8 / 10 / 11,86,systems-engineer
1,"1,2,3,4",True,independent-verifier,PENDING_NAMED_CANDIDATE,independent generated raw HTTP and exact JSON-value oracle,python nesting_probe.py --base CURRENT_URL --peer INDEPENDENT_PEER_URL --candidate FULL_NAMED_CANDIDATE --out NEW_UNIQUE_DIRECTORY,UNVERIFIED,unverified,"No published nesting ceiling; finite bounded samples only, not arbitrary-depth performance.",TK1-nesting-alternating-999-moves-immutable,moves: Original receipt replay remains200 and identical after current record mutation/cancellation. Shape/depth alternating-999.,3.4 / 5 / 6 / 7 / 8 / 10 / 11,86,systems-engineer
1,"1,2,3,4",True,independent-verifier,PENDING_NAMED_CANDIDATE,independent generated raw HTTP and exact JSON-value oracle,python nesting_probe.py --base CURRENT_URL --peer INDEPENDENT_PEER_URL --candidate FULL_NAMED_CANDIDATE --out NEW_UNIQUE_DIRECTORY,UNVERIFIED,unverified,"No published nesting ceiling; finite bounded samples only, not arbitrary-depth performance.",TK1-nesting-alternating-999-moves-import-original,moves: Original deep receipt replays unchanged200 in an independent imported destination. Shape/depth alternating-999.,3.4 / 5 / 6 / 7 / 8 / 10 / 11,86,systems-engineer
1,"1,2,3,4",True,independent-verifier,PENDING_NAMED_CANDIDATE,independent generated raw HTTP and exact JSON-value oracle,python nesting_probe.py --base CURRENT_URL --peer INDEPENDENT_PEER_URL --candidate FULL_NAMED_CANDIDATE --out NEW_UNIQUE_DIRECTORY,UNVERIFIED,unverified,"No published nesting ceiling; finite bounded samples only, not arbitrary-depth performance.",TK1-nesting-alternating-999-moves-import-difference,moves: A changed deep leaf still conflicts409 after independent replacement. Shape/depth alternating-999.,3.4 / 5 / 6 / 7 / 8 / 10 / 11,86,systems-engineer
1,"1,2,3,4",True,independent-verifier,PENDING_NAMED_CANDIDATE,independent generated raw HTTP and exact JSON-value oracle,python nesting_probe.py --base CURRENT_URL --peer INDEPENDENT_PEER_URL --candidate FULL_NAMED_CANDIDATE --out NEW_UNIQUE_DIRECTORY,UNVERIFIED,unverified,"No published nesting ceiling; finite bounded samples only, not arbitrary-depth performance.",TK1-nesting-alternating-999-reset,A valid fixture with an ignored bounded nested value resets204. Shape/depth alternating-999.,3.3 / 3.4 / 5 / 7 / 10,86,systems-engineer
1,"1,2,3,4",True,independent-verifier,PENDING_NAMED_CANDIDATE,independent generated raw HTTP and exact JSON-value oracle,python nesting_probe.py --base CURRENT_URL --peer INDEPENDENT_PEER_URL --candidate FULL_NAMED_CANDIDATE --out NEW_UNIQUE_DIRECTORY,UNVERIFIED,unverified,"No published nesting ceiling; finite bounded samples only, not arbitrary-depth performance.",TK1-nesting-alternating-999-signup,A valid signup with an ignored bounded nested value succeeds201. Shape/depth alternating-999.,3.3 / 3.4 / 5 / 7 / 10,86,systems-engineer
1,"1,2,3,4",True,independent-verifier,PENDING_NAMED_CANDIDATE,independent generated raw HTTP and exact JSON-value oracle,python nesting_probe.py --base CURRENT_URL --peer INDEPENDENT_PEER_URL --candidate FULL_NAMED_CANDIDATE --out NEW_UNIQUE_DIRECTORY,UNVERIFIED,unverified,"No published nesting ceiling; finite bounded samples only, not arbitrary-depth performance.",TK1-nesting-alternating-999-login,A valid login with an ignored bounded nested value succeeds200. Shape/depth alternating-999.,3.3 / 3.4 / 5 / 7 / 10,86,systems-engineer
1,"1,2,3,4",True,independent-verifier,PENDING_NAMED_CANDIDATE,independent generated raw HTTP and exact JSON-value oracle,python nesting_probe.py --base CURRENT_URL --peer INDEPENDENT_PEER_URL --candidate FULL_NAMED_CANDIDATE --out NEW_UNIQUE_DIRECTORY,UNVERIFIED,unverified,"No published nesting ceiling; finite bounded samples only, not arbitrary-depth performance.",TK1-nesting-alternating-999-patch,An ignored bounded nested PATCH value succeeds without changing state. Shape/depth alternating-999.,3.3 / 3.4 / 5 / 7 / 10,86,systems-engineer
1,"1,2,3,4",True,independent-verifier,PENDING_NAMED_CANDIDATE,independent generated raw HTTP and exact JSON-value oracle,python nesting_probe.py --base CURRENT_URL --peer INDEPENDENT_PEER_URL --candidate FULL_NAMED_CANDIDATE --out NEW_UNIQUE_DIRECTORY,UNVERIFIED,unverified,"No published nesting ceiling; finite bounded samples only, not arbitrary-depth performance.",TK1-nesting-alternating-999-export,Export after deep successful writes returns200 valid JSON with the specified track/version/state envelope. Shape/depth alternating-999.,3.3 / 3.4 / 5 / 7 / 10,86,systems-engineer
1,"1,2,3,4",True,independent-verifier,PENDING_NAMED_CANDIDATE,independent generated raw HTTP and exact JSON-value oracle,python nesting_probe.py --base CURRENT_URL --peer INDEPENDENT_PEER_URL --candidate FULL_NAMED_CANDIDATE --out NEW_UNIQUE_DIRECTORY,UNVERIFIED,unverified,"No published nesting ceiling; finite bounded samples only, not arbitrary-depth performance.",TK1-nesting-alternating-999-import,The unchanged opaque export imports204 into a separately running destination. Shape/depth alternating-999.,3.3 / 3.4 / 5 / 7 / 10,86,systems-engineer
1,"1,2,3,4",True,independent-verifier,PENDING_NAMED_CANDIDATE,independent generated raw HTTP and exact JSON-value oracle,python nesting_probe.py --base CURRENT_URL --peer INDEPENDENT_PEER_URL --candidate FULL_NAMED_CANDIDATE --out NEW_UNIQUE_DIRECTORY,UNVERIFIED,unverified,"No published nesting ceiling; finite bounded samples only, not arbitrary-depth performance.",TK1-nesting-alternating-999-replacement,The independently imported full snapshot preserves the complete exact source state. Shape/depth alternating-999.,3.3 / 3.4 / 5 / 7 / 10,86,systems-engineer
1,"1,2,3,4",True,independent-verifier,PENDING_NAMED_CANDIDATE,independent generated raw HTTP and exact JSON-value oracle,python nesting_probe.py --base CURRENT_URL --peer INDEPENDENT_PEER_URL --candidate FULL_NAMED_CANDIDATE --out NEW_UNIQUE_DIRECTORY,UNVERIFIED,unverified,"No published nesting ceiling; finite bounded samples only, not arbitrary-depth performance.",TK1-nesting-alternating-999-retained-token,The real source token and current private records survive independent replacement. Shape/depth alternating-999.,3.3 / 3.4 / 5 / 7 / 10,86,systems-engineer
1,"1,2,3,4",True,independent-verifier,PENDING_NAMED_CANDIDATE,independent generated raw HTTP and exact JSON-value oracle,python nesting_probe.py --base CURRENT_URL --peer INDEPENDENT_PEER_URL --candidate FULL_NAMED_CANDIDATE --out NEW_UNIQUE_DIRECTORY,UNVERIFIED,unverified,"No published nesting ceiling; finite bounded samples only, not arbitrary-depth performance.",TK1-nesting-alternating-999-malformed,A truncated deep body remains400 malformed_request before auth/key processing. Shape/depth alternating-999.,3.3 / 3.4 / 5 / 7 / 10,86,interface-engineer
1,"1,2,3,4",True,independent-verifier,PENDING_NAMED_CANDIDATE,independent generated raw HTTP and exact JSON-value oracle,python nesting_probe.py --base CURRENT_URL --peer INDEPENDENT_PEER_URL --candidate FULL_NAMED_CANDIDATE --out NEW_UNIQUE_DIRECTORY,UNVERIFIED,unverified,"No published nesting ceiling; finite bounded samples only, not arbitrary-depth performance.",TK1-nesting-alternating-999-malformed-atomic,Refusing truncated deep JSON leaves complete source state unchanged. Shape/depth alternating-999.,3.3 / 3.4 / 5 / 7 / 10,86,systems-engineer
1,"1,2,3,4",True,independent-verifier,PENDING_NAMED_CANDIDATE,independent generated raw HTTP and exact JSON-value oracle,python nesting_probe.py --base CURRENT_URL --peer INDEPENDENT_PEER_URL --candidate FULL_NAMED_CANDIDATE --out NEW_UNIQUE_DIRECTORY,UNVERIFIED,unverified,"No published nesting ceiling; finite bounded samples only, not arbitrary-depth performance.",TK1-nesting-alternating-1100-create-first,create: A valid write with an ignored bounded nested JSON value succeeds201. Shape/depth alternating-1100.,3.4 / 5 / 6 / 7 / 8 / 10 / 11,86,systems-engineer
1,"1,2,3,4",True,independent-verifier,PENDING_NAMED_CANDIDATE,independent generated raw HTTP and exact JSON-value oracle,python nesting_probe.py --base CURRENT_URL --peer INDEPENDENT_PEER_URL --candidate FULL_NAMED_CANDIDATE --out NEW_UNIQUE_DIRECTORY,UNVERIFIED,unverified,"No published nesting ceiling; finite bounded samples only, not arbitrary-depth performance.",TK1-nesting-alternating-1100-create-alias,create: Complete-body exact numeric/object-order aliases replay the original receipt200. Shape/depth alternating-1100.,3.4 / 5 / 6 / 7 / 8 / 10 / 11,86,systems-engineer
1,"1,2,3,4",True,independent-verifier,PENDING_NAMED_CANDIDATE,independent generated raw HTTP and exact JSON-value oracle,python nesting_probe.py --base CURRENT_URL --peer INDEPENDENT_PEER_URL --candidate FULL_NAMED_CANDIDATE --out NEW_UNIQUE_DIRECTORY,UNVERIFIED,unverified,"No published nesting ceiling; finite bounded samples only, not arbitrary-depth performance.",TK1-nesting-alternating-1100-create-number-difference,create: A changed precise numeric leaf under the same used key gives409 idempotency_key_reuse. Shape/depth alternating-1100.,3.4 / 5 / 6 / 7 / 8 / 10 / 11,86,systems-engineer
1,"1,2,3,4",True,independent-verifier,PENDING_NAMED_CANDIDATE,independent generated raw HTTP and exact JSON-value oracle,python nesting_probe.py --base CURRENT_URL --peer INDEPENDENT_PEER_URL --candidate FULL_NAMED_CANDIDATE --out NEW_UNIQUE_DIRECTORY,UNVERIFIED,unverified,"No published nesting ceiling; finite bounded samples only, not arbitrary-depth performance.",TK1-nesting-alternating-1100-create-type-difference,create: Changing a numeric leaf to boolean under the used key gives409 idempotency_key_reuse. Shape/depth alternating-1100.,3.4 / 5 / 6 / 7 / 8 / 10 / 11,86,systems-engineer
1,"1,2,3,4",True,independent-verifier,PENDING_NAMED_CANDIDATE,independent generated raw HTTP and exact JSON-value oracle,python nesting_probe.py --base CURRENT_URL --peer INDEPENDENT_PEER_URL --candidate FULL_NAMED_CANDIDATE --out NEW_UNIQUE_DIRECTORY,UNVERIFIED,unverified,"No published nesting ceiling; finite bounded samples only, not arbitrary-depth performance.",TK1-nesting-alternating-1100-create-missing-auth,create: A valid deep body without authentication gives401 unauthenticated. Shape/depth alternating-1100.,3.4 / 5 / 6 / 7 / 8 / 10 / 11,86,systems-engineer
1,"1,2,3,4",True,independent-verifier,PENDING_NAMED_CANDIDATE,independent generated raw HTTP and exact JSON-value oracle,python nesting_probe.py --base CURRENT_URL --peer INDEPENDENT_PEER_URL --candidate FULL_NAMED_CANDIDATE --out NEW_UNIQUE_DIRECTORY,UNVERIFIED,unverified,"No published nesting ceiling; finite bounded samples only, not arbitrary-depth performance.",TK1-nesting-alternating-1100-create-missing-key,create: An authenticated valid deep write without a key gives400 missing_idempotency_key. Shape/depth alternating-1100.,3.4 / 5 / 6 / 7 / 8 / 10 / 11,86,systems-engineer
1,"1,2,3,4",True,independent-verifier,PENDING_NAMED_CANDIDATE,independent generated raw HTTP and exact JSON-value oracle,python nesting_probe.py --base CURRENT_URL --peer INDEPENDENT_PEER_URL --candidate FULL_NAMED_CANDIDATE --out NEW_UNIQUE_DIRECTORY,UNVERIFIED,unverified,"No published nesting ceiling; finite bounded samples only, not arbitrary-depth performance.",TK1-nesting-alternating-1100-create-failed-value,create: A new-key valid deep body with fractional party gives422 validation_failed. Shape/depth alternating-1100.,3.4 / 5 / 6 / 7 / 8 / 10 / 11,86,systems-engineer
1,"1,2,3,4",True,independent-verifier,PENDING_NAMED_CANDIDATE,independent generated raw HTTP and exact JSON-value oracle,python nesting_probe.py --base CURRENT_URL --peer INDEPENDENT_PEER_URL --candidate FULL_NAMED_CANDIDATE --out NEW_UNIQUE_DIRECTORY,UNVERIFIED,unverified,"No published nesting ceiling; finite bounded samples only, not arbitrary-depth performance.",TK1-nesting-alternating-1100-create-failed-key-reuse,create: Correcting the refused party with the same key succeeds201. Shape/depth alternating-1100.,3.4 / 5 / 6 / 7 / 8 / 10 / 11,86,systems-engineer
1,"1,2,3,4",True,independent-verifier,PENDING_NAMED_CANDIDATE,independent generated raw HTTP and exact JSON-value oracle,python nesting_probe.py --base CURRENT_URL --peer INDEPENDENT_PEER_URL --candidate FULL_NAMED_CANDIDATE --out NEW_UNIQUE_DIRECTORY,UNVERIFIED,unverified,"No published nesting ceiling; finite bounded samples only, not arbitrary-depth performance.",TK1-nesting-alternating-1100-create-atomic,create: Replays and refused deep writes leave complete state unchanged before a later successful correction. Shape/depth alternating-1100.,3.4 / 5 / 6 / 7 / 8 / 10 / 11,86,systems-engineer
1,"1,2,3,4",True,independent-verifier,PENDING_NAMED_CANDIDATE,independent generated raw HTTP and exact JSON-value oracle,python nesting_probe.py --base CURRENT_URL --peer INDEPENDENT_PEER_URL --candidate FULL_NAMED_CANDIDATE --out NEW_UNIQUE_DIRECTORY,UNVERIFIED,unverified,"No published nesting ceiling; finite bounded samples only, not arbitrary-depth performance.",TK1-nesting-alternating-1100-create-immutable,create: Original receipt replay remains200 and identical after current record mutation/cancellation. Shape/depth alternating-1100.,3.4 / 5 / 6 / 7 / 8 / 10 / 11,86,systems-engineer
1,"1,2,3,4",True,independent-verifier,PENDING_NAMED_CANDIDATE,independent generated raw HTTP and exact JSON-value oracle,python nesting_probe.py --base CURRENT_URL --peer INDEPENDENT_PEER_URL --candidate FULL_NAMED_CANDIDATE --out NEW_UNIQUE_DIRECTORY,UNVERIFIED,unverified,"No published nesting ceiling; finite bounded samples only, not arbitrary-depth performance.",TK1-nesting-alternating-1100-create-import-original,create: Original deep receipt replays unchanged200 in an independent imported destination. Shape/depth alternating-1100.,3.4 / 5 / 6 / 7 / 8 / 10 / 11,86,systems-engineer
1,"1,2,3,4",True,independent-verifier,PENDING_NAMED_CANDIDATE,independent generated raw HTTP and exact JSON-value oracle,python nesting_probe.py --base CURRENT_URL --peer INDEPENDENT_PEER_URL --candidate FULL_NAMED_CANDIDATE --out NEW_UNIQUE_DIRECTORY,UNVERIFIED,unverified,"No published nesting ceiling; finite bounded samples only, not arbitrary-depth performance.",TK1-nesting-alternating-1100-create-import-difference,create: A changed deep leaf still conflicts409 after independent replacement. Shape/depth alternating-1100.,3.4 / 5 / 6 / 7 / 8 / 10 / 11,86,systems-engineer
1,"1,2,3,4",True,independent-verifier,PENDING_NAMED_CANDIDATE,independent generated raw HTTP and exact JSON-value oracle,python nesting_probe.py --base CURRENT_URL --peer INDEPENDENT_PEER_URL --candidate FULL_NAMED_CANDIDATE --out NEW_UNIQUE_DIRECTORY,UNVERIFIED,unverified,"No published nesting ceiling; finite bounded samples only, not arbitrary-depth performance.",TK1-nesting-alternating-1100-moves-first,moves: A valid write with an ignored bounded nested JSON value succeeds201. Shape/depth alternating-1100.,3.4 / 5 / 6 / 7 / 8 / 10 / 11,86,systems-engineer
1,"1,2,3,4",True,independent-verifier,PENDING_NAMED_CANDIDATE,independent generated raw HTTP and exact JSON-value oracle,python nesting_probe.py --base CURRENT_URL --peer INDEPENDENT_PEER_URL --candidate FULL_NAMED_CANDIDATE --out NEW_UNIQUE_DIRECTORY,UNVERIFIED,unverified,"No published nesting ceiling; finite bounded samples only, not arbitrary-depth performance.",TK1-nesting-alternating-1100-moves-alias,moves: Complete-body exact numeric/object-order aliases replay the original receipt200. Shape/depth alternating-1100.,3.4 / 5 / 6 / 7 / 8 / 10 / 11,86,systems-engineer
1,"1,2,3,4",True,independent-verifier,PENDING_NAMED_CANDIDATE,independent generated raw HTTP and exact JSON-value oracle,python nesting_probe.py --base CURRENT_URL --peer INDEPENDENT_PEER_URL --candidate FULL_NAMED_CANDIDATE --out NEW_UNIQUE_DIRECTORY,UNVERIFIED,unverified,"No published nesting ceiling; finite bounded samples only, not arbitrary-depth performance.",TK1-nesting-alternating-1100-moves-number-difference,moves: A changed precise numeric leaf under the same used key gives409 idempotency_key_reuse. Shape/depth alternating-1100.,3.4 / 5 / 6 / 7 / 8 / 10 / 11,86,systems-engineer
1,"1,2,3,4",True,independent-verifier,PENDING_NAMED_CANDIDATE,independent generated raw HTTP and exact JSON-value oracle,python nesting_probe.py --base CURRENT_URL --peer INDEPENDENT_PEER_URL --candidate FULL_NAMED_CANDIDATE --out NEW_UNIQUE_DIRECTORY,UNVERIFIED,unverified,"No published nesting ceiling; finite bounded samples only, not arbitrary-depth performance.",TK1-nesting-alternating-1100-moves-type-difference,moves: Changing a numeric leaf to boolean under the used key gives409 idempotency_key_reuse. Shape/depth alternating-1100.,3.4 / 5 / 6 / 7 / 8 / 10 / 11,86,systems-engineer
1,"1,2,3,4",True,independent-verifier,PENDING_NAMED_CANDIDATE,independent generated raw HTTP and exact JSON-value oracle,python nesting_probe.py --base CURRENT_URL --peer INDEPENDENT_PEER_URL --candidate FULL_NAMED_CANDIDATE --out NEW_UNIQUE_DIRECTORY,UNVERIFIED,unverified,"No published nesting ceiling; finite bounded samples only, not arbitrary-depth performance.",TK1-nesting-alternating-1100-moves-missing-auth,moves: A valid deep body without authentication gives401 unauthenticated. Shape/depth alternating-1100.,3.4 / 5 / 6 / 7 / 8 / 10 / 11,86,systems-engineer
1,"1,2,3,4",True,independent-verifier,PENDING_NAMED_CANDIDATE,independent generated raw HTTP and exact JSON-value oracle,python nesting_probe.py --base CURRENT_URL --peer INDEPENDENT_PEER_URL --candidate FULL_NAMED_CANDIDATE --out NEW_UNIQUE_DIRECTORY,UNVERIFIED,unverified,"No published nesting ceiling; finite bounded samples only, not arbitrary-depth performance.",TK1-nesting-alternating-1100-moves-missing-key,moves: An authenticated valid deep write without a key gives400 missing_idempotency_key. Shape/depth alternating-1100.,3.4 / 5 / 6 / 7 / 8 / 10 / 11,86,systems-engineer
1,"1,2,3,4",True,independent-verifier,PENDING_NAMED_CANDIDATE,independent generated raw HTTP and exact JSON-value oracle,python nesting_probe.py --base CURRENT_URL --peer INDEPENDENT_PEER_URL --candidate FULL_NAMED_CANDIDATE --out NEW_UNIQUE_DIRECTORY,UNVERIFIED,unverified,"No published nesting ceiling; finite bounded samples only, not arbitrary-depth performance.",TK1-nesting-alternating-1100-moves-failed-value,moves: A new-key valid deep body with fractional party gives422 validation_failed. Shape/depth alternating-1100.,3.4 / 5 / 6 / 7 / 8 / 10 / 11,86,systems-engineer
1,"1,2,3,4",True,independent-verifier,PENDING_NAMED_CANDIDATE,independent generated raw HTTP and exact JSON-value oracle,python nesting_probe.py --base CURRENT_URL --peer INDEPENDENT_PEER_URL --candidate FULL_NAMED_CANDIDATE --out NEW_UNIQUE_DIRECTORY,UNVERIFIED,unverified,"No published nesting ceiling; finite bounded samples only, not arbitrary-depth performance.",TK1-nesting-alternating-1100-moves-failed-key-reuse,moves: Correcting the refused party with the same key succeeds201. Shape/depth alternating-1100.,3.4 / 5 / 6 / 7 / 8 / 10 / 11,86,systems-engineer
1,"1,2,3,4",True,independent-verifier,PENDING_NAMED_CANDIDATE,independent generated raw HTTP and exact JSON-value oracle,python nesting_probe.py --base CURRENT_URL --peer INDEPENDENT_PEER_URL --candidate FULL_NAMED_CANDIDATE --out NEW_UNIQUE_DIRECTORY,UNVERIFIED,unverified,"No published nesting ceiling; finite bounded samples only, not arbitrary-depth performance.",TK1-nesting-alternating-1100-moves-atomic,moves: Replays and refused deep writes leave complete state unchanged before a later successful correction. Shape/depth alternating-1100.,3.4 / 5 / 6 / 7 / 8 / 10 / 11,86,systems-engineer
1,"1,2,3,4",True,independent-verifier,PENDING_NAMED_CANDIDATE,independent generated raw HTTP and exact JSON-value oracle,python nesting_probe.py --base CURRENT_URL --peer INDEPENDENT_PEER_URL --candidate FULL_NAMED_CANDIDATE --out NEW_UNIQUE_DIRECTORY,UNVERIFIED,unverified,"No published nesting ceiling; finite bounded samples only, not arbitrary-depth performance.",TK1-nesting-alternating-1100-moves-immutable,moves: Original receipt replay remains200 and identical after current record mutation/cancellation. Shape/depth alternating-1100.,3.4 / 5 / 6 / 7 / 8 / 10 / 11,86,systems-engineer
1,"1,2,3,4",True,independent-verifier,PENDING_NAMED_CANDIDATE,independent generated raw HTTP and exact JSON-value oracle,python nesting_probe.py --base CURRENT_URL --peer INDEPENDENT_PEER_URL --candidate FULL_NAMED_CANDIDATE --out NEW_UNIQUE_DIRECTORY,UNVERIFIED,unverified,"No published nesting ceiling; finite bounded samples only, not arbitrary-depth performance.",TK1-nesting-alternating-1100-moves-import-original,moves: Original deep receipt replays unchanged200 in an independent imported destination. Shape/depth alternating-1100.,3.4 / 5 / 6 / 7 / 8 / 10 / 11,86,systems-engineer
1,"1,2,3,4",True,independent-verifier,PENDING_NAMED_CANDIDATE,independent generated raw HTTP and exact JSON-value oracle,python nesting_probe.py --base CURRENT_URL --peer INDEPENDENT_PEER_URL --candidate FULL_NAMED_CANDIDATE --out NEW_UNIQUE_DIRECTORY,UNVERIFIED,unverified,"No published nesting ceiling; finite bounded samples only, not arbitrary-depth performance.",TK1-nesting-alternating-1100-moves-import-difference,moves: A changed deep leaf still conflicts409 after independent replacement. Shape/depth alternating-1100.,3.4 / 5 / 6 / 7 / 8 / 10 / 11,86,systems-engineer
1,"1,2,3,4",True,independent-verifier,PENDING_NAMED_CANDIDATE,independent generated raw HTTP and exact JSON-value oracle,python nesting_probe.py --base CURRENT_URL --peer INDEPENDENT_PEER_URL --candidate FULL_NAMED_CANDIDATE --out NEW_UNIQUE_DIRECTORY,UNVERIFIED,unverified,"No published nesting ceiling; finite bounded samples only, not arbitrary-depth performance.",TK1-nesting-alternating-1100-reset,A valid fixture with an ignored bounded nested value resets204. Shape/depth alternating-1100.,3.3 / 3.4 / 5 / 7 / 10,86,systems-engineer
1,"1,2,3,4",True,independent-verifier,PENDING_NAMED_CANDIDATE,independent generated raw HTTP and exact JSON-value oracle,python nesting_probe.py --base CURRENT_URL --peer INDEPENDENT_PEER_URL --candidate FULL_NAMED_CANDIDATE --out NEW_UNIQUE_DIRECTORY,UNVERIFIED,unverified,"No published nesting ceiling; finite bounded samples only, not arbitrary-depth performance.",TK1-nesting-alternating-1100-signup,A valid signup with an ignored bounded nested value succeeds201. Shape/depth alternating-1100.,3.3 / 3.4 / 5 / 7 / 10,86,systems-engineer
1,"1,2,3,4",True,independent-verifier,PENDING_NAMED_CANDIDATE,independent generated raw HTTP and exact JSON-value oracle,python nesting_probe.py --base CURRENT_URL --peer INDEPENDENT_PEER_URL --candidate FULL_NAMED_CANDIDATE --out NEW_UNIQUE_DIRECTORY,UNVERIFIED,unverified,"No published nesting ceiling; finite bounded samples only, not arbitrary-depth performance.",TK1-nesting-alternating-1100-login,A valid login with an ignored bounded nested value succeeds200. Shape/depth alternating-1100.,3.3 / 3.4 / 5 / 7 / 10,86,systems-engineer
1,"1,2,3,4",True,independent-verifier,PENDING_NAMED_CANDIDATE,independent generated raw HTTP and exact JSON-value oracle,python nesting_probe.py --base CURRENT_URL --peer INDEPENDENT_PEER_URL --candidate FULL_NAMED_CANDIDATE --out NEW_UNIQUE_DIRECTORY,UNVERIFIED,unverified,"No published nesting ceiling; finite bounded samples only, not arbitrary-depth performance.",TK1-nesting-alternating-1100-patch,An ignored bounded nested PATCH value succeeds without changing state. Shape/depth alternating-1100.,3.3 / 3.4 / 5 / 7 / 10,86,systems-engineer
1,"1,2,3,4",True,independent-verifier,PENDING_NAMED_CANDIDATE,independent generated raw HTTP and exact JSON-value oracle,python nesting_probe.py --base CURRENT_URL --peer INDEPENDENT_PEER_URL --candidate FULL_NAMED_CANDIDATE --out NEW_UNIQUE_DIRECTORY,UNVERIFIED,unverified,"No published nesting ceiling; finite bounded samples only, not arbitrary-depth performance.",TK1-nesting-alternating-1100-export,Export after deep successful writes returns200 valid JSON with the specified track/version/state envelope. Shape/depth alternating-1100.,3.3 / 3.4 / 5 / 7 / 10,86,systems-engineer
1,"1,2,3,4",True,independent-verifier,PENDING_NAMED_CANDIDATE,independent generated raw HTTP and exact JSON-value oracle,python nesting_probe.py --base CURRENT_URL --peer INDEPENDENT_PEER_URL --candidate FULL_NAMED_CANDIDATE --out NEW_UNIQUE_DIRECTORY,UNVERIFIED,unverified,"No published nesting ceiling; finite bounded samples only, not arbitrary-depth performance.",TK1-nesting-alternating-1100-import,The unchanged opaque export imports204 into a separately running destination. Shape/depth alternating-1100.,3.3 / 3.4 / 5 / 7 / 10,86,systems-engineer
1,"1,2,3,4",True,independent-verifier,PENDING_NAMED_CANDIDATE,independent generated raw HTTP and exact JSON-value oracle,python nesting_probe.py --base CURRENT_URL --peer INDEPENDENT_PEER_URL --candidate FULL_NAMED_CANDIDATE --out NEW_UNIQUE_DIRECTORY,UNVERIFIED,unverified,"No published nesting ceiling; finite bounded samples only, not arbitrary-depth performance.",TK1-nesting-alternating-1100-replacement,The independently imported full snapshot preserves the complete exact source state. Shape/depth alternating-1100.,3.3 / 3.4 / 5 / 7 / 10,86,systems-engineer
1,"1,2,3,4",True,independent-verifier,PENDING_NAMED_CANDIDATE,independent generated raw HTTP and exact JSON-value oracle,python nesting_probe.py --base CURRENT_URL --peer INDEPENDENT_PEER_URL --candidate FULL_NAMED_CANDIDATE --out NEW_UNIQUE_DIRECTORY,UNVERIFIED,unverified,"No published nesting ceiling; finite bounded samples only, not arbitrary-depth performance.",TK1-nesting-alternating-1100-retained-token,The real source token and current private records survive independent replacement. Shape/depth alternating-1100.,3.3 / 3.4 / 5 / 7 / 10,86,systems-engineer
1,"1,2,3,4",True,independent-verifier,PENDING_NAMED_CANDIDATE,independent generated raw HTTP and exact JSON-value oracle,python nesting_probe.py --base CURRENT_URL --peer INDEPENDENT_PEER_URL --candidate FULL_NAMED_CANDIDATE --out NEW_UNIQUE_DIRECTORY,UNVERIFIED,unverified,"No published nesting ceiling; finite bounded samples only, not arbitrary-depth performance.",TK1-nesting-alternating-1100-malformed,A truncated deep body remains400 malformed_request before auth/key processing. Shape/depth alternating-1100.,3.3 / 3.4 / 5 / 7 / 10,86,interface-engineer
1,"1,2,3,4",True,independent-verifier,PENDING_NAMED_CANDIDATE,independent generated raw HTTP and exact JSON-value oracle,python nesting_probe.py --base CURRENT_URL --peer INDEPENDENT_PEER_URL --candidate FULL_NAMED_CANDIDATE --out NEW_UNIQUE_DIRECTORY,UNVERIFIED,unverified,"No published nesting ceiling; finite bounded samples only, not arbitrary-depth performance.",TK1-nesting-alternating-1100-malformed-atomic,Refusing truncated deep JSON leaves complete source state unchanged. Shape/depth alternating-1100.,3.3 / 3.4 / 5 / 7 / 10,86,systems-engineer
1,"1,2,3,4",True,independent-verifier,PENDING_NAMED_CANDIDATE,independent generated raw HTTP and exact JSON-value oracle,python nesting_probe.py --base CURRENT_URL --peer INDEPENDENT_PEER_URL --candidate FULL_NAMED_CANDIDATE --out NEW_UNIQUE_DIRECTORY,UNVERIFIED,unverified,"No published nesting ceiling; finite bounded samples only, not arbitrary-depth performance.",TK1-nesting-alternating-1101-create-first,create: A valid write with an ignored bounded nested JSON value succeeds201. Shape/depth alternating-1101.,3.4 / 5 / 6 / 7 / 8 / 10 / 11,86,systems-engineer
1,"1,2,3,4",True,independent-verifier,PENDING_NAMED_CANDIDATE,independent generated raw HTTP and exact JSON-value oracle,python nesting_probe.py --base CURRENT_URL --peer INDEPENDENT_PEER_URL --candidate FULL_NAMED_CANDIDATE --out NEW_UNIQUE_DIRECTORY,UNVERIFIED,unverified,"No published nesting ceiling; finite bounded samples only, not arbitrary-depth performance.",TK1-nesting-alternating-1101-create-alias,create: Complete-body exact numeric/object-order aliases replay the original receipt200. Shape/depth alternating-1101.,3.4 / 5 / 6 / 7 / 8 / 10 / 11,86,systems-engineer
1,"1,2,3,4",True,independent-verifier,PENDING_NAMED_CANDIDATE,independent generated raw HTTP and exact JSON-value oracle,python nesting_probe.py --base CURRENT_URL --peer INDEPENDENT_PEER_URL --candidate FULL_NAMED_CANDIDATE --out NEW_UNIQUE_DIRECTORY,UNVERIFIED,unverified,"No published nesting ceiling; finite bounded samples only, not arbitrary-depth performance.",TK1-nesting-alternating-1101-create-number-difference,create: A changed precise numeric leaf under the same used key gives409 idempotency_key_reuse. Shape/depth alternating-1101.,3.4 / 5 / 6 / 7 / 8 / 10 / 11,86,systems-engineer
1,"1,2,3,4",True,independent-verifier,PENDING_NAMED_CANDIDATE,independent generated raw HTTP and exact JSON-value oracle,python nesting_probe.py --base CURRENT_URL --peer INDEPENDENT_PEER_URL --candidate FULL_NAMED_CANDIDATE --out NEW_UNIQUE_DIRECTORY,UNVERIFIED,unverified,"No published nesting ceiling; finite bounded samples only, not arbitrary-depth performance.",TK1-nesting-alternating-1101-create-type-difference,create: Changing a numeric leaf to boolean under the used key gives409 idempotency_key_reuse. Shape/depth alternating-1101.,3.4 / 5 / 6 / 7 / 8 / 10 / 11,86,systems-engineer
1,"1,2,3,4",True,independent-verifier,PENDING_NAMED_CANDIDATE,independent generated raw HTTP and exact JSON-value oracle,python nesting_probe.py --base CURRENT_URL --peer INDEPENDENT_PEER_URL --candidate FULL_NAMED_CANDIDATE --out NEW_UNIQUE_DIRECTORY,UNVERIFIED,unverified,"No published nesting ceiling; finite bounded samples only, not arbitrary-depth performance.",TK1-nesting-alternating-1101-create-missing-auth,create: A valid deep body without authentication gives401 unauthenticated. Shape/depth alternating-1101.,3.4 / 5 / 6 / 7 / 8 / 10 / 11,86,systems-engineer
1,"1,2,3,4",True,independent-verifier,PENDING_NAMED_CANDIDATE,independent generated raw HTTP and exact JSON-value oracle,python nesting_probe.py --base CURRENT_URL --peer INDEPENDENT_PEER_URL --candidate FULL_NAMED_CANDIDATE --out NEW_UNIQUE_DIRECTORY,UNVERIFIED,unverified,"No published nesting ceiling; finite bounded samples only, not arbitrary-depth performance.",TK1-nesting-alternating-1101-create-missing-key,create: An authenticated valid deep write without a key gives400 missing_idempotency_key. Shape/depth alternating-1101.,3.4 / 5 / 6 / 7 / 8 / 10 / 11,86,systems-engineer
1,"1,2,3,4",True,independent-verifier,PENDING_NAMED_CANDIDATE,independent generated raw HTTP and exact JSON-value oracle,python nesting_probe.py --base CURRENT_URL --peer INDEPENDENT_PEER_URL --candidate FULL_NAMED_CANDIDATE --out NEW_UNIQUE_DIRECTORY,UNVERIFIED,unverified,"No published nesting ceiling; finite bounded samples only, not arbitrary-depth performance.",TK1-nesting-alternating-1101-create-failed-value,create: A new-key valid deep body with fractional party gives422 validation_failed. Shape/depth alternating-1101.,3.4 / 5 / 6 / 7 / 8 / 10 / 11,86,systems-engineer
1,"1,2,3,4",True,independent-verifier,PENDING_NAMED_CANDIDATE,independent generated raw HTTP and exact JSON-value oracle,python nesting_probe.py --base CURRENT_URL --peer INDEPENDENT_PEER_URL --candidate FULL_NAMED_CANDIDATE --out NEW_UNIQUE_DIRECTORY,UNVERIFIED,unverified,"No published nesting ceiling; finite bounded samples only, not arbitrary-depth performance.",TK1-nesting-alternating-1101-create-failed-key-reuse,create: Correcting the refused party with the same key succeeds201. Shape/depth alternating-1101.,3.4 / 5 / 6 / 7 / 8 / 10 / 11,86,systems-engineer
1,"1,2,3,4",True,independent-verifier,PENDING_NAMED_CANDIDATE,independent generated raw HTTP and exact JSON-value oracle,python nesting_probe.py --base CURRENT_URL --peer INDEPENDENT_PEER_URL --candidate FULL_NAMED_CANDIDATE --out NEW_UNIQUE_DIRECTORY,UNVERIFIED,unverified,"No published nesting ceiling; finite bounded samples only, not arbitrary-depth performance.",TK1-nesting-alternating-1101-create-atomic,create: Replays and refused deep writes leave complete state unchanged before a later successful correction. Shape/depth alternating-1101.,3.4 / 5 / 6 / 7 / 8 / 10 / 11,86,systems-engineer
1,"1,2,3,4",True,independent-verifier,PENDING_NAMED_CANDIDATE,independent generated raw HTTP and exact JSON-value oracle,python nesting_probe.py --base CURRENT_URL --peer INDEPENDENT_PEER_URL --candidate FULL_NAMED_CANDIDATE --out NEW_UNIQUE_DIRECTORY,UNVERIFIED,unverified,"No published nesting ceiling; finite bounded samples only, not arbitrary-depth performance.",TK1-nesting-alternating-1101-create-immutable,create: Original receipt replay remains200 and identical after current record mutation/cancellation. Shape/depth alternating-1101.,3.4 / 5 / 6 / 7 / 8 / 10 / 11,86,systems-engineer
1,"1,2,3,4",True,independent-verifier,PENDING_NAMED_CANDIDATE,independent generated raw HTTP and exact JSON-value oracle,python nesting_probe.py --base CURRENT_URL --peer INDEPENDENT_PEER_URL --candidate FULL_NAMED_CANDIDATE --out NEW_UNIQUE_DIRECTORY,UNVERIFIED,unverified,"No published nesting ceiling; finite bounded samples only, not arbitrary-depth performance.",TK1-nesting-alternating-1101-create-import-original,create: Original deep receipt replays unchanged200 in an independent imported destination. Shape/depth alternating-1101.,3.4 / 5 / 6 / 7 / 8 / 10 / 11,86,systems-engineer
1,"1,2,3,4",True,independent-verifier,PENDING_NAMED_CANDIDATE,independent generated raw HTTP and exact JSON-value oracle,python nesting_probe.py --base CURRENT_URL --peer INDEPENDENT_PEER_URL --candidate FULL_NAMED_CANDIDATE --out NEW_UNIQUE_DIRECTORY,UNVERIFIED,unverified,"No published nesting ceiling; finite bounded samples only, not arbitrary-depth performance.",TK1-nesting-alternating-1101-create-import-difference,create: A changed deep leaf still conflicts409 after independent replacement. Shape/depth alternating-1101.,3.4 / 5 / 6 / 7 / 8 / 10 / 11,86,systems-engineer
1,"1,2,3,4",True,independent-verifier,PENDING_NAMED_CANDIDATE,independent generated raw HTTP and exact JSON-value oracle,python nesting_probe.py --base CURRENT_URL --peer INDEPENDENT_PEER_URL --candidate FULL_NAMED_CANDIDATE --out NEW_UNIQUE_DIRECTORY,UNVERIFIED,unverified,"No published nesting ceiling; finite bounded samples only, not arbitrary-depth performance.",TK1-nesting-alternating-1101-moves-first,moves: A valid write with an ignored bounded nested JSON value succeeds201. Shape/depth alternating-1101.,3.4 / 5 / 6 / 7 / 8 / 10 / 11,86,systems-engineer
1,"1,2,3,4",True,independent-verifier,PENDING_NAMED_CANDIDATE,independent generated raw HTTP and exact JSON-value oracle,python nesting_probe.py --base CURRENT_URL --peer INDEPENDENT_PEER_URL --candidate FULL_NAMED_CANDIDATE --out NEW_UNIQUE_DIRECTORY,UNVERIFIED,unverified,"No published nesting ceiling; finite bounded samples only, not arbitrary-depth performance.",TK1-nesting-alternating-1101-moves-alias,moves: Complete-body exact numeric/object-order aliases replay the original receipt200. Shape/depth alternating-1101.,3.4 / 5 / 6 / 7 / 8 / 10 / 11,86,systems-engineer
1,"1,2,3,4",True,independent-verifier,PENDING_NAMED_CANDIDATE,independent generated raw HTTP and exact JSON-value oracle,python nesting_probe.py --base CURRENT_URL --peer INDEPENDENT_PEER_URL --candidate FULL_NAMED_CANDIDATE --out NEW_UNIQUE_DIRECTORY,UNVERIFIED,unverified,"No published nesting ceiling; finite bounded samples only, not arbitrary-depth performance.",TK1-nesting-alternating-1101-moves-number-difference,moves: A changed precise numeric leaf under the same used key gives409 idempotency_key_reuse. Shape/depth alternating-1101.,3.4 / 5 / 6 / 7 / 8 / 10 / 11,86,systems-engineer
1,"1,2,3,4",True,independent-verifier,PENDING_NAMED_CANDIDATE,independent generated raw HTTP and exact JSON-value oracle,python nesting_probe.py --base CURRENT_URL --peer INDEPENDENT_PEER_URL --candidate FULL_NAMED_CANDIDATE --out NEW_UNIQUE_DIRECTORY,UNVERIFIED,unverified,"No published nesting ceiling; finite bounded samples only, not arbitrary-depth performance.",TK1-nesting-alternating-1101-moves-type-difference,moves: Changing a numeric leaf to boolean under the used key gives409 idempotency_key_reuse. Shape/depth alternating-1101.,3.4 / 5 / 6 / 7 / 8 / 10 / 11,86,systems-engineer
1,"1,2,3,4",True,independent-verifier,PENDING_NAMED_CANDIDATE,independent generated raw HTTP and exact JSON-value oracle,python nesting_probe.py --base CURRENT_URL --peer INDEPENDENT_PEER_URL --candidate FULL_NAMED_CANDIDATE --out NEW_UNIQUE_DIRECTORY,UNVERIFIED,unverified,"No published nesting ceiling; finite bounded samples only, not arbitrary-depth performance.",TK1-nesting-alternating-1101-moves-missing-auth,moves: A valid deep body without authentication gives401 unauthenticated. Shape/depth alternating-1101.,3.4 / 5 / 6 / 7 / 8 / 10 / 11,86,systems-engineer
1,"1,2,3,4",True,independent-verifier,PENDING_NAMED_CANDIDATE,independent generated raw HTTP and exact JSON-value oracle,python nesting_probe.py --base CURRENT_URL --peer INDEPENDENT_PEER_URL --candidate FULL_NAMED_CANDIDATE --out NEW_UNIQUE_DIRECTORY,UNVERIFIED,unverified,"No published nesting ceiling; finite bounded samples only, not arbitrary-depth performance.",TK1-nesting-alternating-1101-moves-missing-key,moves: An authenticated valid deep write without a key gives400 missing_idempotency_key. Shape/depth alternating-1101.,3.4 / 5 / 6 / 7 / 8 / 10 / 11,86,systems-engineer
1,"1,2,3,4",True,independent-verifier,PENDING_NAMED_CANDIDATE,independent generated raw HTTP and exact JSON-value oracle,python nesting_probe.py --base CURRENT_URL --peer INDEPENDENT_PEER_URL --candidate FULL_NAMED_CANDIDATE --out NEW_UNIQUE_DIRECTORY,UNVERIFIED,unverified,"No published nesting ceiling; finite bounded samples only, not arbitrary-depth performance.",TK1-nesting-alternating-1101-moves-failed-value,moves: A new-key valid deep body with fractional party gives422 validation_failed. Shape/depth alternating-1101.,3.4 / 5 / 6 / 7 / 8 / 10 / 11,86,systems-engineer
1,"1,2,3,4",True,independent-verifier,PENDING_NAMED_CANDIDATE,independent generated raw HTTP and exact JSON-value oracle,python nesting_probe.py --base CURRENT_URL --peer INDEPENDENT_PEER_URL --candidate FULL_NAMED_CANDIDATE --out NEW_UNIQUE_DIRECTORY,UNVERIFIED,unverified,"No published nesting ceiling; finite bounded samples only, not arbitrary-depth performance.",TK1-nesting-alternating-1101-moves-failed-key-reuse,moves: Correcting the refused party with the same key succeeds201. Shape/depth alternating-1101.,3.4 / 5 / 6 / 7 / 8 / 10 / 11,86,systems-engineer
1,"1,2,3,4",True,independent-verifier,PENDING_NAMED_CANDIDATE,independent generated raw HTTP and exact JSON-value oracle,python nesting_probe.py --base CURRENT_URL --peer INDEPENDENT_PEER_URL --candidate FULL_NAMED_CANDIDATE --out NEW_UNIQUE_DIRECTORY,UNVERIFIED,unverified,"No published nesting ceiling; finite bounded samples only, not arbitrary-depth performance.",TK1-nesting-alternating-1101-moves-atomic,moves: Replays and refused deep writes leave complete state unchanged before a later successful correction. Shape/depth alternating-1101.,3.4 / 5 / 6 / 7 / 8 / 10 / 11,86,systems-engineer
1,"1,2,3,4",True,independent-verifier,PENDING_NAMED_CANDIDATE,independent generated raw HTTP and exact JSON-value oracle,python nesting_probe.py --base CURRENT_URL --peer INDEPENDENT_PEER_URL --candidate FULL_NAMED_CANDIDATE --out NEW_UNIQUE_DIRECTORY,UNVERIFIED,unverified,"No published nesting ceiling; finite bounded samples only, not arbitrary-depth performance.",TK1-nesting-alternating-1101-moves-immutable,moves: Original receipt replay remains200 and identical after current record mutation/cancellation. Shape/depth alternating-1101.,3.4 / 5 / 6 / 7 / 8 / 10 / 11,86,systems-engineer
1,"1,2,3,4",True,independent-verifier,PENDING_NAMED_CANDIDATE,independent generated raw HTTP and exact JSON-value oracle,python nesting_probe.py --base CURRENT_URL --peer INDEPENDENT_PEER_URL --candidate FULL_NAMED_CANDIDATE --out NEW_UNIQUE_DIRECTORY,UNVERIFIED,unverified,"No published nesting ceiling; finite bounded samples only, not arbitrary-depth performance.",TK1-nesting-alternating-1101-moves-import-original,moves: Original deep receipt replays unchanged200 in an independent imported destination. Shape/depth alternating-1101.,3.4 / 5 / 6 / 7 / 8 / 10 / 11,86,systems-engineer
1,"1,2,3,4",True,independent-verifier,PENDING_NAMED_CANDIDATE,independent generated raw HTTP and exact JSON-value oracle,python nesting_probe.py --base CURRENT_URL --peer INDEPENDENT_PEER_URL --candidate FULL_NAMED_CANDIDATE --out NEW_UNIQUE_DIRECTORY,UNVERIFIED,unverified,"No published nesting ceiling; finite bounded samples only, not arbitrary-depth performance.",TK1-nesting-alternating-1101-moves-import-difference,moves: A changed deep leaf still conflicts409 after independent replacement. Shape/depth alternating-1101.,3.4 / 5 / 6 / 7 / 8 / 10 / 11,86,systems-engineer
1,"1,2,3,4",True,independent-verifier,PENDING_NAMED_CANDIDATE,independent generated raw HTTP and exact JSON-value oracle,python nesting_probe.py --base CURRENT_URL --peer INDEPENDENT_PEER_URL --candidate FULL_NAMED_CANDIDATE --out NEW_UNIQUE_DIRECTORY,UNVERIFIED,unverified,"No published nesting ceiling; finite bounded samples only, not arbitrary-depth performance.",TK1-nesting-alternating-1101-reset,A valid fixture with an ignored bounded nested value resets204. Shape/depth alternating-1101.,3.3 / 3.4 / 5 / 7 / 10,86,systems-engineer
1,"1,2,3,4",True,independent-verifier,PENDING_NAMED_CANDIDATE,independent generated raw HTTP and exact JSON-value oracle,python nesting_probe.py --base CURRENT_URL --peer INDEPENDENT_PEER_URL --candidate FULL_NAMED_CANDIDATE --out NEW_UNIQUE_DIRECTORY,UNVERIFIED,unverified,"No published nesting ceiling; finite bounded samples only, not arbitrary-depth performance.",TK1-nesting-alternating-1101-signup,A valid signup with an ignored bounded nested value succeeds201. Shape/depth alternating-1101.,3.3 / 3.4 / 5 / 7 / 10,86,systems-engineer
1,"1,2,3,4",True,independent-verifier,PENDING_NAMED_CANDIDATE,independent generated raw HTTP and exact JSON-value oracle,python nesting_probe.py --base CURRENT_URL --peer INDEPENDENT_PEER_URL --candidate FULL_NAMED_CANDIDATE --out NEW_UNIQUE_DIRECTORY,UNVERIFIED,unverified,"No published nesting ceiling; finite bounded samples only, not arbitrary-depth performance.",TK1-nesting-alternating-1101-login,A valid login with an ignored bounded nested value succeeds200. Shape/depth alternating-1101.,3.3 / 3.4 / 5 / 7 / 10,86,systems-engineer
1,"1,2,3,4",True,independent-verifier,PENDING_NAMED_CANDIDATE,independent generated raw HTTP and exact JSON-value oracle,python nesting_probe.py --base CURRENT_URL --peer INDEPENDENT_PEER_URL --candidate FULL_NAMED_CANDIDATE --out NEW_UNIQUE_DIRECTORY,UNVERIFIED,unverified,"No published nesting ceiling; finite bounded samples only, not arbitrary-depth performance.",TK1-nesting-alternating-1101-patch,An ignored bounded nested PATCH value succeeds without changing state. Shape/depth alternating-1101.,3.3 / 3.4 / 5 / 7 / 10,86,systems-engineer
1,"1,2,3,4",True,independent-verifier,PENDING_NAMED_CANDIDATE,independent generated raw HTTP and exact JSON-value oracle,python nesting_probe.py --base CURRENT_URL --peer INDEPENDENT_PEER_URL --candidate FULL_NAMED_CANDIDATE --out NEW_UNIQUE_DIRECTORY,UNVERIFIED,unverified,"No published nesting ceiling; finite bounded samples only, not arbitrary-depth performance.",TK1-nesting-alternating-1101-export,Export after deep successful writes returns200 valid JSON with the specified track/version/state envelope. Shape/depth alternating-1101.,3.3 / 3.4 / 5 / 7 / 10,86,systems-engineer
1,"1,2,3,4",True,independent-verifier,PENDING_NAMED_CANDIDATE,independent generated raw HTTP and exact JSON-value oracle,python nesting_probe.py --base CURRENT_URL --peer INDEPENDENT_PEER_URL --candidate FULL_NAMED_CANDIDATE --out NEW_UNIQUE_DIRECTORY,UNVERIFIED,unverified,"No published nesting ceiling; finite bounded samples only, not arbitrary-depth performance.",TK1-nesting-alternating-1101-import,The unchanged opaque export imports204 into a separately running destination. Shape/depth alternating-1101.,3.3 / 3.4 / 5 / 7 / 10,86,systems-engineer
1,"1,2,3,4",True,independent-verifier,PENDING_NAMED_CANDIDATE,independent generated raw HTTP and exact JSON-value oracle,python nesting_probe.py --base CURRENT_URL --peer INDEPENDENT_PEER_URL --candidate FULL_NAMED_CANDIDATE --out NEW_UNIQUE_DIRECTORY,UNVERIFIED,unverified,"No published nesting ceiling; finite bounded samples only, not arbitrary-depth performance.",TK1-nesting-alternating-1101-replacement,The independently imported full snapshot preserves the complete exact source state. Shape/depth alternating-1101.,3.3 / 3.4 / 5 / 7 / 10,86,systems-engineer
1,"1,2,3,4",True,independent-verifier,PENDING_NAMED_CANDIDATE,independent generated raw HTTP and exact JSON-value oracle,python nesting_probe.py --base CURRENT_URL --peer INDEPENDENT_PEER_URL --candidate FULL_NAMED_CANDIDATE --out NEW_UNIQUE_DIRECTORY,UNVERIFIED,unverified,"No published nesting ceiling; finite bounded samples only, not arbitrary-depth performance.",TK1-nesting-alternating-1101-retained-token,The real source token and current private records survive independent replacement. Shape/depth alternating-1101.,3.3 / 3.4 / 5 / 7 / 10,86,systems-engineer
1,"1,2,3,4",True,independent-verifier,PENDING_NAMED_CANDIDATE,independent generated raw HTTP and exact JSON-value oracle,python nesting_probe.py --base CURRENT_URL --peer INDEPENDENT_PEER_URL --candidate FULL_NAMED_CANDIDATE --out NEW_UNIQUE_DIRECTORY,UNVERIFIED,unverified,"No published nesting ceiling; finite bounded samples only, not arbitrary-depth performance.",TK1-nesting-alternating-1101-malformed,A truncated deep body remains400 malformed_request before auth/key processing. Shape/depth alternating-1101.,3.3 / 3.4 / 5 / 7 / 10,86,interface-engineer
1,"1,2,3,4",True,independent-verifier,PENDING_NAMED_CANDIDATE,independent generated raw HTTP and exact JSON-value oracle,python nesting_probe.py --base CURRENT_URL --peer INDEPENDENT_PEER_URL --candidate FULL_NAMED_CANDIDATE --out NEW_UNIQUE_DIRECTORY,UNVERIFIED,unverified,"No published nesting ceiling; finite bounded samples only, not arbitrary-depth performance.",TK1-nesting-alternating-1101-malformed-atomic,Refusing truncated deep JSON leaves complete source state unchanged. Shape/depth alternating-1101.,3.3 / 3.4 / 5 / 7 / 10,86,systems-engineer
1,"1,2,3,4",True,independent-verifier,PENDING_NAMED_CANDIDATE,independent generated raw HTTP and exact JSON-value oracle,python nesting_probe.py --base CURRENT_URL --peer INDEPENDENT_PEER_URL --candidate FULL_NAMED_CANDIDATE --out NEW_UNIQUE_DIRECTORY,UNVERIFIED,unverified,"No published nesting ceiling; finite bounded samples only, not arbitrary-depth performance.",TK1-nesting-charset,All observed payloads have application/json;charset=utf-8.,2 / 3.4 / 5,48,interface-engineer
1,"1,2,3,4",True,independent-verifier,PENDING_NAMED_CANDIDATE,independent generated raw HTTP and exact JSON-value oracle,python nesting_probe.py --base CURRENT_URL --peer INDEPENDENT_PEER_URL --candidate FULL_NAMED_CANDIDATE --out NEW_UNIQUE_DIRECTORY,UNVERIFIED,unverified,"No published nesting ceiling; finite bounded samples only, not arbitrary-depth performance.",TK1-nesting-byte-length,Observed Content-Length equals actual response bytes.,2 / 3.4 / 5,48,interface-engineer
1,"1,2,3,4",True,independent-verifier,PENDING_NAMED_CANDIDATE,independent generated raw HTTP and exact JSON-value oracle,python nesting_probe.py --base CURRENT_URL --peer INDEPENDENT_PEER_URL --candidate FULL_NAMED_CANDIDATE --out NEW_UNIQUE_DIRECTORY,UNVERIFIED,unverified,"No published nesting ceiling; finite bounded samples only, not arbitrary-depth performance.",TK1-nesting-duration,Measured ordinary/control requests remain below5/10seconds for these bounded samples.,2 / 3.4 / 5,48,interface-engineer
1,"1,2,3,4",True,independent-verifier,PENDING_NAMED_CANDIDATE,independent generated raw HTTP and exact JSON-value oracle,python nesting_probe.py --base CURRENT_URL --peer INDEPENDENT_PEER_URL --candidate FULL_NAMED_CANDIDATE --out NEW_UNIQUE_DIRECTORY,UNVERIFIED,unverified,"No published nesting ceiling; finite bounded samples only, not arbitrary-depth performance.",TK1-nesting-no-5xx,Bounded nested JSON samples produce no5xx responses.,2 / 3.4 / 5,48,interface-engineer
