introduced_stage,applicable_stages,verification_owner,candidate_full_revision,evidence_path,verdict,interpretation_note,executable_command_or_interaction,requirement_id,requirement_text,normative,source_section,source_line,implementation_owner,verification_method
1,"1,2,3,4",independent-verifier,PENDING_NAMED_CANDIDATE,UNVERIFIED,unverified,Fixture admission diagnostic is nonnormative pending chosen-format/source review; accepted-ID usability is conditional on reset204. No table-detail endpoint is invented.,python opaque_id_probe.py --base CURRENT_URL --peer INDEPENDENT_PEER_URL --candidate FULL_NAMED_CANDIDATE --out NEW_UNIQUE_DIRECTORY,TK1-opaque-restaurant-ordinary-admission,Observe fixture admission for restaurant ID ordinary before source applicability is adjudicated; no lexical defect inferred from refusal.,False,3.4 / 4,90,systems-engineer,independent raw fixture admission diagnostic
1,"1,2,3,4",independent-verifier,PENDING_NAMED_CANDIDATE,UNVERIFIED,unverified,Fixture admission diagnostic is nonnormative pending chosen-format/source review; accepted-ID usability is conditional on reset204. No table-detail endpoint is invented.,python opaque_id_probe.py --base CURRENT_URL --peer INDEPENDENT_PEER_URL --candidate FULL_NAMED_CANDIDATE --out NEW_UNIQUE_DIRECTORY,TK1-opaque-restaurant-ordinary-list,Public restaurant listing retains the accepted restaurant ID exactly. Fixture scenario: restaurant/ordinary.,True,3.3 / 3.4 / 4 / 7 / 8 / 10 / 11,90,systems-engineer,independent raw HTTP conditional on accepted fixture
1,"1,2,3,4",independent-verifier,PENDING_NAMED_CANDIDATE,UNVERIFIED,unverified,Fixture admission diagnostic is nonnormative pending chosen-format/source review; accepted-ID usability is conditional on reset204. No table-detail endpoint is invented.,python opaque_id_probe.py --base CURRENT_URL --peer INDEPENDENT_PEER_URL --candidate FULL_NAMED_CANDIDATE --out NEW_UNIQUE_DIRECTORY,TK1-opaque-restaurant-ordinary-detail-status,The correctly percent-encoded accepted restaurant detail route returns200. Fixture scenario: restaurant/ordinary.,True,3.3 / 3.4 / 4 / 7 / 8 / 10 / 11,90,interface-engineer,independent raw HTTP conditional on accepted fixture
1,"1,2,3,4",independent-verifier,PENDING_NAMED_CANDIDATE,UNVERIFIED,unverified,Fixture admission diagnostic is nonnormative pending chosen-format/source review; accepted-ID usability is conditional on reset204. No table-detail endpoint is invented.,python opaque_id_probe.py --base CURRENT_URL --peer INDEPENDENT_PEER_URL --candidate FULL_NAMED_CANDIDATE --out NEW_UNIQUE_DIRECTORY,TK1-opaque-restaurant-ordinary-detail-identity,Restaurant detail preserves accepted restaurant/table IDs in fixture order. Fixture scenario: restaurant/ordinary.,True,3.3 / 3.4 / 4 / 7 / 8 / 10 / 11,90,interface-engineer,independent raw HTTP conditional on accepted fixture
1,"1,2,3,4",independent-verifier,PENDING_NAMED_CANDIDATE,UNVERIFIED,unverified,Fixture admission diagnostic is nonnormative pending chosen-format/source review; accepted-ID usability is conditional on reset204. No table-detail endpoint is invented.,python opaque_id_probe.py --base CURRENT_URL --peer INDEPENDENT_PEER_URL --candidate FULL_NAMED_CANDIDATE --out NEW_UNIQUE_DIRECTORY,TK1-opaque-restaurant-ordinary-availability,Correctly encoded restaurant_id query returns exact IDs and the fitting fixture table order. Fixture scenario: restaurant/ordinary.,True,3.3 / 3.4 / 4 / 7 / 8 / 10 / 11,90,systems-engineer,independent raw HTTP conditional on accepted fixture
1,"1,2,3,4",independent-verifier,PENDING_NAMED_CANDIDATE,UNVERIFIED,unverified,Fixture admission diagnostic is nonnormative pending chosen-format/source review; accepted-ID usability is conditional on reset204. No table-detail endpoint is invented.,python opaque_id_probe.py --base CURRENT_URL --peer INDEPENDENT_PEER_URL --candidate FULL_NAMED_CANDIDATE --out NEW_UNIQUE_DIRECTORY,TK1-opaque-restaurant-ordinary-create-status,Create with exact accepted restaurant/table IDs succeeds201. Fixture scenario: restaurant/ordinary.,True,3.3 / 3.4 / 4 / 7 / 8 / 10 / 11,90,systems-engineer,independent raw HTTP conditional on accepted fixture
1,"1,2,3,4",independent-verifier,PENDING_NAMED_CANDIDATE,UNVERIFIED,unverified,Fixture admission diagnostic is nonnormative pending chosen-format/source review; accepted-ID usability is conditional on reset204. No table-detail endpoint is invented.,python opaque_id_probe.py --base CURRENT_URL --peer INDEPENDENT_PEER_URL --candidate FULL_NAMED_CANDIDATE --out NEW_UNIQUE_DIRECTORY,TK1-opaque-restaurant-ordinary-create-identity,Create response retains exact accepted IDs and a valid stable reference. Fixture scenario: restaurant/ordinary.,True,3.3 / 3.4 / 4 / 7 / 8 / 10 / 11,90,systems-engineer,independent raw HTTP conditional on accepted fixture
1,"1,2,3,4",independent-verifier,PENDING_NAMED_CANDIDATE,UNVERIFIED,unverified,Fixture admission diagnostic is nonnormative pending chosen-format/source review; accepted-ID usability is conditional on reset204. No table-detail endpoint is invented.,python opaque_id_probe.py --base CURRENT_URL --peer INDEPENDENT_PEER_URL --candidate FULL_NAMED_CANDIDATE --out NEW_UNIQUE_DIRECTORY,TK1-opaque-restaurant-ordinary-create-replay,An unchanged successful create body/key replays its original response200. Fixture scenario: restaurant/ordinary.,True,3.3 / 3.4 / 4 / 7 / 8 / 10 / 11,90,systems-engineer,independent raw HTTP conditional on accepted fixture
1,"1,2,3,4",independent-verifier,PENDING_NAMED_CANDIDATE,UNVERIFIED,unverified,Fixture admission diagnostic is nonnormative pending chosen-format/source review; accepted-ID usability is conditional on reset204. No table-detail endpoint is invented.,python opaque_id_probe.py --base CURRENT_URL --peer INDEPENDENT_PEER_URL --candidate FULL_NAMED_CANDIDATE --out NEW_UNIQUE_DIRECTORY,TK1-opaque-restaurant-ordinary-lookup,Owner lookup returns the same accepted IDs and reservation identity. Fixture scenario: restaurant/ordinary.,True,3.3 / 3.4 / 4 / 7 / 8 / 10 / 11,90,systems-engineer,independent raw HTTP conditional on accepted fixture
1,"1,2,3,4",independent-verifier,PENDING_NAMED_CANDIDATE,UNVERIFIED,unverified,Fixture admission diagnostic is nonnormative pending chosen-format/source review; accepted-ID usability is conditional on reset204. No table-detail endpoint is invented.,python opaque_id_probe.py --base CURRENT_URL --peer INDEPENDENT_PEER_URL --candidate FULL_NAMED_CANDIDATE --out NEW_UNIQUE_DIRECTORY,TK1-opaque-restaurant-ordinary-amend,Amendment to the second accepted table retains identity and returns that exact table ID. Fixture scenario: restaurant/ordinary.,True,3.3 / 3.4 / 4 / 7 / 8 / 10 / 11,90,systems-engineer,independent raw HTTP conditional on accepted fixture
1,"1,2,3,4",independent-verifier,PENDING_NAMED_CANDIDATE,UNVERIFIED,unverified,Fixture admission diagnostic is nonnormative pending chosen-format/source review; accepted-ID usability is conditional on reset204. No table-detail endpoint is invented.,python opaque_id_probe.py --base CURRENT_URL --peer INDEPENDENT_PEER_URL --candidate FULL_NAMED_CANDIDATE --out NEW_UNIQUE_DIRECTORY,TK1-opaque-restaurant-ordinary-moves,A batch move back to the first accepted table succeeds and preserves exact IDs/identity. Fixture scenario: restaurant/ordinary.,True,3.3 / 3.4 / 4 / 7 / 8 / 10 / 11,90,systems-engineer,independent raw HTTP conditional on accepted fixture
1,"1,2,3,4",independent-verifier,PENDING_NAMED_CANDIDATE,UNVERIFIED,unverified,Fixture admission diagnostic is nonnormative pending chosen-format/source review; accepted-ID usability is conditional on reset204. No table-detail endpoint is invented.,python opaque_id_probe.py --base CURRENT_URL --peer INDEPENDENT_PEER_URL --candidate FULL_NAMED_CANDIDATE --out NEW_UNIQUE_DIRECTORY,TK1-opaque-restaurant-ordinary-import-current,Unchanged export into an independent destination preserves token/current IDs/reference. Fixture scenario: restaurant/ordinary.,True,3.3 / 3.4 / 4 / 7 / 8 / 10 / 11,90,systems-engineer,independent raw HTTP conditional on accepted fixture
1,"1,2,3,4",independent-verifier,PENDING_NAMED_CANDIDATE,UNVERIFIED,unverified,Fixture admission diagnostic is nonnormative pending chosen-format/source review; accepted-ID usability is conditional on reset204. No table-detail endpoint is invented.,python opaque_id_probe.py --base CURRENT_URL --peer INDEPENDENT_PEER_URL --candidate FULL_NAMED_CANDIDATE --out NEW_UNIQUE_DIRECTORY,TK1-opaque-restaurant-ordinary-import-original,The original create receipt replays unchanged after independent replacement. Fixture scenario: restaurant/ordinary.,True,3.3 / 3.4 / 4 / 7 / 8 / 10 / 11,90,systems-engineer,independent raw HTTP conditional on accepted fixture
1,"1,2,3,4",independent-verifier,PENDING_NAMED_CANDIDATE,UNVERIFIED,unverified,Fixture admission diagnostic is nonnormative pending chosen-format/source review; accepted-ID usability is conditional on reset204. No table-detail endpoint is invented.,python opaque_id_probe.py --base CURRENT_URL --peer INDEPENDENT_PEER_URL --candidate FULL_NAMED_CANDIDATE --out NEW_UNIQUE_DIRECTORY,TK1-opaque-restaurant-ordinary-cancel-release,Cancel releases the exact accepted table ID in correctly encoded availability. Fixture scenario: restaurant/ordinary.,True,3.3 / 3.4 / 4 / 7 / 8 / 10 / 11,90,systems-engineer,independent raw HTTP conditional on accepted fixture
1,"1,2,3,4",independent-verifier,PENDING_NAMED_CANDIDATE,UNVERIFIED,unverified,Fixture admission diagnostic is nonnormative pending chosen-format/source review; accepted-ID usability is conditional on reset204. No table-detail endpoint is invented.,python opaque_id_probe.py --base CURRENT_URL --peer INDEPENDENT_PEER_URL --candidate FULL_NAMED_CANDIDATE --out NEW_UNIQUE_DIRECTORY,TK1-opaque-restaurant-ordinary-unknown-route,A correctly encoded unknown ordinary restaurant ID gives404 not_found. Fixture scenario: restaurant/ordinary.,True,3.3 / 3.4 / 4 / 7 / 8 / 10 / 11,90,systems-engineer,independent raw HTTP conditional on accepted fixture
1,"1,2,3,4",independent-verifier,PENDING_NAMED_CANDIDATE,UNVERIFIED,unverified,Fixture admission diagnostic is nonnormative pending chosen-format/source review; accepted-ID usability is conditional on reset204. No table-detail endpoint is invented.,python opaque_id_probe.py --base CURRENT_URL --peer INDEPENDENT_PEER_URL --candidate FULL_NAMED_CANDIDATE --out NEW_UNIQUE_DIRECTORY,TK1-opaque-restaurant-slash-admission,Observe fixture admission for restaurant ID slash before source applicability is adjudicated; no lexical defect inferred from refusal.,False,3.4 / 4,90,systems-engineer,independent raw fixture admission diagnostic
1,"1,2,3,4",independent-verifier,PENDING_NAMED_CANDIDATE,UNVERIFIED,unverified,Fixture admission diagnostic is nonnormative pending chosen-format/source review; accepted-ID usability is conditional on reset204. No table-detail endpoint is invented.,python opaque_id_probe.py --base CURRENT_URL --peer INDEPENDENT_PEER_URL --candidate FULL_NAMED_CANDIDATE --out NEW_UNIQUE_DIRECTORY,TK1-opaque-restaurant-slash-list,Public restaurant listing retains the accepted restaurant ID exactly. Fixture scenario: restaurant/slash.,True,3.3 / 3.4 / 4 / 7 / 8 / 10 / 11,90,systems-engineer,independent raw HTTP conditional on accepted fixture
1,"1,2,3,4",independent-verifier,PENDING_NAMED_CANDIDATE,UNVERIFIED,unverified,Fixture admission diagnostic is nonnormative pending chosen-format/source review; accepted-ID usability is conditional on reset204. No table-detail endpoint is invented.,python opaque_id_probe.py --base CURRENT_URL --peer INDEPENDENT_PEER_URL --candidate FULL_NAMED_CANDIDATE --out NEW_UNIQUE_DIRECTORY,TK1-opaque-restaurant-slash-detail-status,The correctly percent-encoded accepted restaurant detail route returns200. Fixture scenario: restaurant/slash.,True,3.3 / 3.4 / 4 / 7 / 8 / 10 / 11,90,interface-engineer,independent raw HTTP conditional on accepted fixture
1,"1,2,3,4",independent-verifier,PENDING_NAMED_CANDIDATE,UNVERIFIED,unverified,Fixture admission diagnostic is nonnormative pending chosen-format/source review; accepted-ID usability is conditional on reset204. No table-detail endpoint is invented.,python opaque_id_probe.py --base CURRENT_URL --peer INDEPENDENT_PEER_URL --candidate FULL_NAMED_CANDIDATE --out NEW_UNIQUE_DIRECTORY,TK1-opaque-restaurant-slash-detail-identity,Restaurant detail preserves accepted restaurant/table IDs in fixture order. Fixture scenario: restaurant/slash.,True,3.3 / 3.4 / 4 / 7 / 8 / 10 / 11,90,interface-engineer,independent raw HTTP conditional on accepted fixture
1,"1,2,3,4",independent-verifier,PENDING_NAMED_CANDIDATE,UNVERIFIED,unverified,Fixture admission diagnostic is nonnormative pending chosen-format/source review; accepted-ID usability is conditional on reset204. No table-detail endpoint is invented.,python opaque_id_probe.py --base CURRENT_URL --peer INDEPENDENT_PEER_URL --candidate FULL_NAMED_CANDIDATE --out NEW_UNIQUE_DIRECTORY,TK1-opaque-restaurant-slash-availability,Correctly encoded restaurant_id query returns exact IDs and the fitting fixture table order. Fixture scenario: restaurant/slash.,True,3.3 / 3.4 / 4 / 7 / 8 / 10 / 11,90,systems-engineer,independent raw HTTP conditional on accepted fixture
1,"1,2,3,4",independent-verifier,PENDING_NAMED_CANDIDATE,UNVERIFIED,unverified,Fixture admission diagnostic is nonnormative pending chosen-format/source review; accepted-ID usability is conditional on reset204. No table-detail endpoint is invented.,python opaque_id_probe.py --base CURRENT_URL --peer INDEPENDENT_PEER_URL --candidate FULL_NAMED_CANDIDATE --out NEW_UNIQUE_DIRECTORY,TK1-opaque-restaurant-slash-create-status,Create with exact accepted restaurant/table IDs succeeds201. Fixture scenario: restaurant/slash.,True,3.3 / 3.4 / 4 / 7 / 8 / 10 / 11,90,systems-engineer,independent raw HTTP conditional on accepted fixture
1,"1,2,3,4",independent-verifier,PENDING_NAMED_CANDIDATE,UNVERIFIED,unverified,Fixture admission diagnostic is nonnormative pending chosen-format/source review; accepted-ID usability is conditional on reset204. No table-detail endpoint is invented.,python opaque_id_probe.py --base CURRENT_URL --peer INDEPENDENT_PEER_URL --candidate FULL_NAMED_CANDIDATE --out NEW_UNIQUE_DIRECTORY,TK1-opaque-restaurant-slash-create-identity,Create response retains exact accepted IDs and a valid stable reference. Fixture scenario: restaurant/slash.,True,3.3 / 3.4 / 4 / 7 / 8 / 10 / 11,90,systems-engineer,independent raw HTTP conditional on accepted fixture
1,"1,2,3,4",independent-verifier,PENDING_NAMED_CANDIDATE,UNVERIFIED,unverified,Fixture admission diagnostic is nonnormative pending chosen-format/source review; accepted-ID usability is conditional on reset204. No table-detail endpoint is invented.,python opaque_id_probe.py --base CURRENT_URL --peer INDEPENDENT_PEER_URL --candidate FULL_NAMED_CANDIDATE --out NEW_UNIQUE_DIRECTORY,TK1-opaque-restaurant-slash-create-replay,An unchanged successful create body/key replays its original response200. Fixture scenario: restaurant/slash.,True,3.3 / 3.4 / 4 / 7 / 8 / 10 / 11,90,systems-engineer,independent raw HTTP conditional on accepted fixture
1,"1,2,3,4",independent-verifier,PENDING_NAMED_CANDIDATE,UNVERIFIED,unverified,Fixture admission diagnostic is nonnormative pending chosen-format/source review; accepted-ID usability is conditional on reset204. No table-detail endpoint is invented.,python opaque_id_probe.py --base CURRENT_URL --peer INDEPENDENT_PEER_URL --candidate FULL_NAMED_CANDIDATE --out NEW_UNIQUE_DIRECTORY,TK1-opaque-restaurant-slash-lookup,Owner lookup returns the same accepted IDs and reservation identity. Fixture scenario: restaurant/slash.,True,3.3 / 3.4 / 4 / 7 / 8 / 10 / 11,90,systems-engineer,independent raw HTTP conditional on accepted fixture
1,"1,2,3,4",independent-verifier,PENDING_NAMED_CANDIDATE,UNVERIFIED,unverified,Fixture admission diagnostic is nonnormative pending chosen-format/source review; accepted-ID usability is conditional on reset204. No table-detail endpoint is invented.,python opaque_id_probe.py --base CURRENT_URL --peer INDEPENDENT_PEER_URL --candidate FULL_NAMED_CANDIDATE --out NEW_UNIQUE_DIRECTORY,TK1-opaque-restaurant-slash-amend,Amendment to the second accepted table retains identity and returns that exact table ID. Fixture scenario: restaurant/slash.,True,3.3 / 3.4 / 4 / 7 / 8 / 10 / 11,90,systems-engineer,independent raw HTTP conditional on accepted fixture
1,"1,2,3,4",independent-verifier,PENDING_NAMED_CANDIDATE,UNVERIFIED,unverified,Fixture admission diagnostic is nonnormative pending chosen-format/source review; accepted-ID usability is conditional on reset204. No table-detail endpoint is invented.,python opaque_id_probe.py --base CURRENT_URL --peer INDEPENDENT_PEER_URL --candidate FULL_NAMED_CANDIDATE --out NEW_UNIQUE_DIRECTORY,TK1-opaque-restaurant-slash-moves,A batch move back to the first accepted table succeeds and preserves exact IDs/identity. Fixture scenario: restaurant/slash.,True,3.3 / 3.4 / 4 / 7 / 8 / 10 / 11,90,systems-engineer,independent raw HTTP conditional on accepted fixture
1,"1,2,3,4",independent-verifier,PENDING_NAMED_CANDIDATE,UNVERIFIED,unverified,Fixture admission diagnostic is nonnormative pending chosen-format/source review; accepted-ID usability is conditional on reset204. No table-detail endpoint is invented.,python opaque_id_probe.py --base CURRENT_URL --peer INDEPENDENT_PEER_URL --candidate FULL_NAMED_CANDIDATE --out NEW_UNIQUE_DIRECTORY,TK1-opaque-restaurant-slash-import-current,Unchanged export into an independent destination preserves token/current IDs/reference. Fixture scenario: restaurant/slash.,True,3.3 / 3.4 / 4 / 7 / 8 / 10 / 11,90,systems-engineer,independent raw HTTP conditional on accepted fixture
1,"1,2,3,4",independent-verifier,PENDING_NAMED_CANDIDATE,UNVERIFIED,unverified,Fixture admission diagnostic is nonnormative pending chosen-format/source review; accepted-ID usability is conditional on reset204. No table-detail endpoint is invented.,python opaque_id_probe.py --base CURRENT_URL --peer INDEPENDENT_PEER_URL --candidate FULL_NAMED_CANDIDATE --out NEW_UNIQUE_DIRECTORY,TK1-opaque-restaurant-slash-import-original,The original create receipt replays unchanged after independent replacement. Fixture scenario: restaurant/slash.,True,3.3 / 3.4 / 4 / 7 / 8 / 10 / 11,90,systems-engineer,independent raw HTTP conditional on accepted fixture
1,"1,2,3,4",independent-verifier,PENDING_NAMED_CANDIDATE,UNVERIFIED,unverified,Fixture admission diagnostic is nonnormative pending chosen-format/source review; accepted-ID usability is conditional on reset204. No table-detail endpoint is invented.,python opaque_id_probe.py --base CURRENT_URL --peer INDEPENDENT_PEER_URL --candidate FULL_NAMED_CANDIDATE --out NEW_UNIQUE_DIRECTORY,TK1-opaque-restaurant-slash-cancel-release,Cancel releases the exact accepted table ID in correctly encoded availability. Fixture scenario: restaurant/slash.,True,3.3 / 3.4 / 4 / 7 / 8 / 10 / 11,90,systems-engineer,independent raw HTTP conditional on accepted fixture
1,"1,2,3,4",independent-verifier,PENDING_NAMED_CANDIDATE,UNVERIFIED,unverified,Fixture admission diagnostic is nonnormative pending chosen-format/source review; accepted-ID usability is conditional on reset204. No table-detail endpoint is invented.,python opaque_id_probe.py --base CURRENT_URL --peer INDEPENDENT_PEER_URL --candidate FULL_NAMED_CANDIDATE --out NEW_UNIQUE_DIRECTORY,TK1-opaque-restaurant-slash-unknown-route,A correctly encoded unknown ordinary restaurant ID gives404 not_found. Fixture scenario: restaurant/slash.,True,3.3 / 3.4 / 4 / 7 / 8 / 10 / 11,90,systems-engineer,independent raw HTTP conditional on accepted fixture
1,"1,2,3,4",independent-verifier,PENDING_NAMED_CANDIDATE,UNVERIFIED,unverified,Fixture admission diagnostic is nonnormative pending chosen-format/source review; accepted-ID usability is conditional on reset204. No table-detail endpoint is invented.,python opaque_id_probe.py --base CURRENT_URL --peer INDEPENDENT_PEER_URL --candidate FULL_NAMED_CANDIDATE --out NEW_UNIQUE_DIRECTORY,TK1-opaque-restaurant-question-fragment-admission,Observe fixture admission for restaurant ID question-fragment before source applicability is adjudicated; no lexical defect inferred from refusal.,False,3.4 / 4,90,systems-engineer,independent raw fixture admission diagnostic
1,"1,2,3,4",independent-verifier,PENDING_NAMED_CANDIDATE,UNVERIFIED,unverified,Fixture admission diagnostic is nonnormative pending chosen-format/source review; accepted-ID usability is conditional on reset204. No table-detail endpoint is invented.,python opaque_id_probe.py --base CURRENT_URL --peer INDEPENDENT_PEER_URL --candidate FULL_NAMED_CANDIDATE --out NEW_UNIQUE_DIRECTORY,TK1-opaque-restaurant-question-fragment-list,Public restaurant listing retains the accepted restaurant ID exactly. Fixture scenario: restaurant/question-fragment.,True,3.3 / 3.4 / 4 / 7 / 8 / 10 / 11,90,systems-engineer,independent raw HTTP conditional on accepted fixture
1,"1,2,3,4",independent-verifier,PENDING_NAMED_CANDIDATE,UNVERIFIED,unverified,Fixture admission diagnostic is nonnormative pending chosen-format/source review; accepted-ID usability is conditional on reset204. No table-detail endpoint is invented.,python opaque_id_probe.py --base CURRENT_URL --peer INDEPENDENT_PEER_URL --candidate FULL_NAMED_CANDIDATE --out NEW_UNIQUE_DIRECTORY,TK1-opaque-restaurant-question-fragment-detail-status,The correctly percent-encoded accepted restaurant detail route returns200. Fixture scenario: restaurant/question-fragment.,True,3.3 / 3.4 / 4 / 7 / 8 / 10 / 11,90,interface-engineer,independent raw HTTP conditional on accepted fixture
1,"1,2,3,4",independent-verifier,PENDING_NAMED_CANDIDATE,UNVERIFIED,unverified,Fixture admission diagnostic is nonnormative pending chosen-format/source review; accepted-ID usability is conditional on reset204. No table-detail endpoint is invented.,python opaque_id_probe.py --base CURRENT_URL --peer INDEPENDENT_PEER_URL --candidate FULL_NAMED_CANDIDATE --out NEW_UNIQUE_DIRECTORY,TK1-opaque-restaurant-question-fragment-detail-identity,Restaurant detail preserves accepted restaurant/table IDs in fixture order. Fixture scenario: restaurant/question-fragment.,True,3.3 / 3.4 / 4 / 7 / 8 / 10 / 11,90,interface-engineer,independent raw HTTP conditional on accepted fixture
1,"1,2,3,4",independent-verifier,PENDING_NAMED_CANDIDATE,UNVERIFIED,unverified,Fixture admission diagnostic is nonnormative pending chosen-format/source review; accepted-ID usability is conditional on reset204. No table-detail endpoint is invented.,python opaque_id_probe.py --base CURRENT_URL --peer INDEPENDENT_PEER_URL --candidate FULL_NAMED_CANDIDATE --out NEW_UNIQUE_DIRECTORY,TK1-opaque-restaurant-question-fragment-availability,Correctly encoded restaurant_id query returns exact IDs and the fitting fixture table order. Fixture scenario: restaurant/question-fragment.,True,3.3 / 3.4 / 4 / 7 / 8 / 10 / 11,90,systems-engineer,independent raw HTTP conditional on accepted fixture
1,"1,2,3,4",independent-verifier,PENDING_NAMED_CANDIDATE,UNVERIFIED,unverified,Fixture admission diagnostic is nonnormative pending chosen-format/source review; accepted-ID usability is conditional on reset204. No table-detail endpoint is invented.,python opaque_id_probe.py --base CURRENT_URL --peer INDEPENDENT_PEER_URL --candidate FULL_NAMED_CANDIDATE --out NEW_UNIQUE_DIRECTORY,TK1-opaque-restaurant-question-fragment-create-status,Create with exact accepted restaurant/table IDs succeeds201. Fixture scenario: restaurant/question-fragment.,True,3.3 / 3.4 / 4 / 7 / 8 / 10 / 11,90,systems-engineer,independent raw HTTP conditional on accepted fixture
1,"1,2,3,4",independent-verifier,PENDING_NAMED_CANDIDATE,UNVERIFIED,unverified,Fixture admission diagnostic is nonnormative pending chosen-format/source review; accepted-ID usability is conditional on reset204. No table-detail endpoint is invented.,python opaque_id_probe.py --base CURRENT_URL --peer INDEPENDENT_PEER_URL --candidate FULL_NAMED_CANDIDATE --out NEW_UNIQUE_DIRECTORY,TK1-opaque-restaurant-question-fragment-create-identity,Create response retains exact accepted IDs and a valid stable reference. Fixture scenario: restaurant/question-fragment.,True,3.3 / 3.4 / 4 / 7 / 8 / 10 / 11,90,systems-engineer,independent raw HTTP conditional on accepted fixture
1,"1,2,3,4",independent-verifier,PENDING_NAMED_CANDIDATE,UNVERIFIED,unverified,Fixture admission diagnostic is nonnormative pending chosen-format/source review; accepted-ID usability is conditional on reset204. No table-detail endpoint is invented.,python opaque_id_probe.py --base CURRENT_URL --peer INDEPENDENT_PEER_URL --candidate FULL_NAMED_CANDIDATE --out NEW_UNIQUE_DIRECTORY,TK1-opaque-restaurant-question-fragment-create-replay,An unchanged successful create body/key replays its original response200. Fixture scenario: restaurant/question-fragment.,True,3.3 / 3.4 / 4 / 7 / 8 / 10 / 11,90,systems-engineer,independent raw HTTP conditional on accepted fixture
1,"1,2,3,4",independent-verifier,PENDING_NAMED_CANDIDATE,UNVERIFIED,unverified,Fixture admission diagnostic is nonnormative pending chosen-format/source review; accepted-ID usability is conditional on reset204. No table-detail endpoint is invented.,python opaque_id_probe.py --base CURRENT_URL --peer INDEPENDENT_PEER_URL --candidate FULL_NAMED_CANDIDATE --out NEW_UNIQUE_DIRECTORY,TK1-opaque-restaurant-question-fragment-lookup,Owner lookup returns the same accepted IDs and reservation identity. Fixture scenario: restaurant/question-fragment.,True,3.3 / 3.4 / 4 / 7 / 8 / 10 / 11,90,systems-engineer,independent raw HTTP conditional on accepted fixture
1,"1,2,3,4",independent-verifier,PENDING_NAMED_CANDIDATE,UNVERIFIED,unverified,Fixture admission diagnostic is nonnormative pending chosen-format/source review; accepted-ID usability is conditional on reset204. No table-detail endpoint is invented.,python opaque_id_probe.py --base CURRENT_URL --peer INDEPENDENT_PEER_URL --candidate FULL_NAMED_CANDIDATE --out NEW_UNIQUE_DIRECTORY,TK1-opaque-restaurant-question-fragment-amend,Amendment to the second accepted table retains identity and returns that exact table ID. Fixture scenario: restaurant/question-fragment.,True,3.3 / 3.4 / 4 / 7 / 8 / 10 / 11,90,systems-engineer,independent raw HTTP conditional on accepted fixture
1,"1,2,3,4",independent-verifier,PENDING_NAMED_CANDIDATE,UNVERIFIED,unverified,Fixture admission diagnostic is nonnormative pending chosen-format/source review; accepted-ID usability is conditional on reset204. No table-detail endpoint is invented.,python opaque_id_probe.py --base CURRENT_URL --peer INDEPENDENT_PEER_URL --candidate FULL_NAMED_CANDIDATE --out NEW_UNIQUE_DIRECTORY,TK1-opaque-restaurant-question-fragment-moves,A batch move back to the first accepted table succeeds and preserves exact IDs/identity. Fixture scenario: restaurant/question-fragment.,True,3.3 / 3.4 / 4 / 7 / 8 / 10 / 11,90,systems-engineer,independent raw HTTP conditional on accepted fixture
1,"1,2,3,4",independent-verifier,PENDING_NAMED_CANDIDATE,UNVERIFIED,unverified,Fixture admission diagnostic is nonnormative pending chosen-format/source review; accepted-ID usability is conditional on reset204. No table-detail endpoint is invented.,python opaque_id_probe.py --base CURRENT_URL --peer INDEPENDENT_PEER_URL --candidate FULL_NAMED_CANDIDATE --out NEW_UNIQUE_DIRECTORY,TK1-opaque-restaurant-question-fragment-import-current,Unchanged export into an independent destination preserves token/current IDs/reference. Fixture scenario: restaurant/question-fragment.,True,3.3 / 3.4 / 4 / 7 / 8 / 10 / 11,90,systems-engineer,independent raw HTTP conditional on accepted fixture
1,"1,2,3,4",independent-verifier,PENDING_NAMED_CANDIDATE,UNVERIFIED,unverified,Fixture admission diagnostic is nonnormative pending chosen-format/source review; accepted-ID usability is conditional on reset204. No table-detail endpoint is invented.,python opaque_id_probe.py --base CURRENT_URL --peer INDEPENDENT_PEER_URL --candidate FULL_NAMED_CANDIDATE --out NEW_UNIQUE_DIRECTORY,TK1-opaque-restaurant-question-fragment-import-original,The original create receipt replays unchanged after independent replacement. Fixture scenario: restaurant/question-fragment.,True,3.3 / 3.4 / 4 / 7 / 8 / 10 / 11,90,systems-engineer,independent raw HTTP conditional on accepted fixture
1,"1,2,3,4",independent-verifier,PENDING_NAMED_CANDIDATE,UNVERIFIED,unverified,Fixture admission diagnostic is nonnormative pending chosen-format/source review; accepted-ID usability is conditional on reset204. No table-detail endpoint is invented.,python opaque_id_probe.py --base CURRENT_URL --peer INDEPENDENT_PEER_URL --candidate FULL_NAMED_CANDIDATE --out NEW_UNIQUE_DIRECTORY,TK1-opaque-restaurant-question-fragment-cancel-release,Cancel releases the exact accepted table ID in correctly encoded availability. Fixture scenario: restaurant/question-fragment.,True,3.3 / 3.4 / 4 / 7 / 8 / 10 / 11,90,systems-engineer,independent raw HTTP conditional on accepted fixture
1,"1,2,3,4",independent-verifier,PENDING_NAMED_CANDIDATE,UNVERIFIED,unverified,Fixture admission diagnostic is nonnormative pending chosen-format/source review; accepted-ID usability is conditional on reset204. No table-detail endpoint is invented.,python opaque_id_probe.py --base CURRENT_URL --peer INDEPENDENT_PEER_URL --candidate FULL_NAMED_CANDIDATE --out NEW_UNIQUE_DIRECTORY,TK1-opaque-restaurant-question-fragment-unknown-route,A correctly encoded unknown ordinary restaurant ID gives404 not_found. Fixture scenario: restaurant/question-fragment.,True,3.3 / 3.4 / 4 / 7 / 8 / 10 / 11,90,systems-engineer,independent raw HTTP conditional on accepted fixture
1,"1,2,3,4",independent-verifier,PENDING_NAMED_CANDIDATE,UNVERIFIED,unverified,Fixture admission diagnostic is nonnormative pending chosen-format/source review; accepted-ID usability is conditional on reset204. No table-detail endpoint is invented.,python opaque_id_probe.py --base CURRENT_URL --peer INDEPENDENT_PEER_URL --candidate FULL_NAMED_CANDIDATE --out NEW_UNIQUE_DIRECTORY,TK1-opaque-restaurant-literal-percent-admission,Observe fixture admission for restaurant ID literal-percent before source applicability is adjudicated; no lexical defect inferred from refusal.,False,3.4 / 4,90,systems-engineer,independent raw fixture admission diagnostic
1,"1,2,3,4",independent-verifier,PENDING_NAMED_CANDIDATE,UNVERIFIED,unverified,Fixture admission diagnostic is nonnormative pending chosen-format/source review; accepted-ID usability is conditional on reset204. No table-detail endpoint is invented.,python opaque_id_probe.py --base CURRENT_URL --peer INDEPENDENT_PEER_URL --candidate FULL_NAMED_CANDIDATE --out NEW_UNIQUE_DIRECTORY,TK1-opaque-restaurant-literal-percent-list,Public restaurant listing retains the accepted restaurant ID exactly. Fixture scenario: restaurant/literal-percent.,True,3.3 / 3.4 / 4 / 7 / 8 / 10 / 11,90,systems-engineer,independent raw HTTP conditional on accepted fixture
1,"1,2,3,4",independent-verifier,PENDING_NAMED_CANDIDATE,UNVERIFIED,unverified,Fixture admission diagnostic is nonnormative pending chosen-format/source review; accepted-ID usability is conditional on reset204. No table-detail endpoint is invented.,python opaque_id_probe.py --base CURRENT_URL --peer INDEPENDENT_PEER_URL --candidate FULL_NAMED_CANDIDATE --out NEW_UNIQUE_DIRECTORY,TK1-opaque-restaurant-literal-percent-detail-status,The correctly percent-encoded accepted restaurant detail route returns200. Fixture scenario: restaurant/literal-percent.,True,3.3 / 3.4 / 4 / 7 / 8 / 10 / 11,90,interface-engineer,independent raw HTTP conditional on accepted fixture
1,"1,2,3,4",independent-verifier,PENDING_NAMED_CANDIDATE,UNVERIFIED,unverified,Fixture admission diagnostic is nonnormative pending chosen-format/source review; accepted-ID usability is conditional on reset204. No table-detail endpoint is invented.,python opaque_id_probe.py --base CURRENT_URL --peer INDEPENDENT_PEER_URL --candidate FULL_NAMED_CANDIDATE --out NEW_UNIQUE_DIRECTORY,TK1-opaque-restaurant-literal-percent-detail-identity,Restaurant detail preserves accepted restaurant/table IDs in fixture order. Fixture scenario: restaurant/literal-percent.,True,3.3 / 3.4 / 4 / 7 / 8 / 10 / 11,90,interface-engineer,independent raw HTTP conditional on accepted fixture
1,"1,2,3,4",independent-verifier,PENDING_NAMED_CANDIDATE,UNVERIFIED,unverified,Fixture admission diagnostic is nonnormative pending chosen-format/source review; accepted-ID usability is conditional on reset204. No table-detail endpoint is invented.,python opaque_id_probe.py --base CURRENT_URL --peer INDEPENDENT_PEER_URL --candidate FULL_NAMED_CANDIDATE --out NEW_UNIQUE_DIRECTORY,TK1-opaque-restaurant-literal-percent-availability,Correctly encoded restaurant_id query returns exact IDs and the fitting fixture table order. Fixture scenario: restaurant/literal-percent.,True,3.3 / 3.4 / 4 / 7 / 8 / 10 / 11,90,systems-engineer,independent raw HTTP conditional on accepted fixture
1,"1,2,3,4",independent-verifier,PENDING_NAMED_CANDIDATE,UNVERIFIED,unverified,Fixture admission diagnostic is nonnormative pending chosen-format/source review; accepted-ID usability is conditional on reset204. No table-detail endpoint is invented.,python opaque_id_probe.py --base CURRENT_URL --peer INDEPENDENT_PEER_URL --candidate FULL_NAMED_CANDIDATE --out NEW_UNIQUE_DIRECTORY,TK1-opaque-restaurant-literal-percent-create-status,Create with exact accepted restaurant/table IDs succeeds201. Fixture scenario: restaurant/literal-percent.,True,3.3 / 3.4 / 4 / 7 / 8 / 10 / 11,90,systems-engineer,independent raw HTTP conditional on accepted fixture
1,"1,2,3,4",independent-verifier,PENDING_NAMED_CANDIDATE,UNVERIFIED,unverified,Fixture admission diagnostic is nonnormative pending chosen-format/source review; accepted-ID usability is conditional on reset204. No table-detail endpoint is invented.,python opaque_id_probe.py --base CURRENT_URL --peer INDEPENDENT_PEER_URL --candidate FULL_NAMED_CANDIDATE --out NEW_UNIQUE_DIRECTORY,TK1-opaque-restaurant-literal-percent-create-identity,Create response retains exact accepted IDs and a valid stable reference. Fixture scenario: restaurant/literal-percent.,True,3.3 / 3.4 / 4 / 7 / 8 / 10 / 11,90,systems-engineer,independent raw HTTP conditional on accepted fixture
1,"1,2,3,4",independent-verifier,PENDING_NAMED_CANDIDATE,UNVERIFIED,unverified,Fixture admission diagnostic is nonnormative pending chosen-format/source review; accepted-ID usability is conditional on reset204. No table-detail endpoint is invented.,python opaque_id_probe.py --base CURRENT_URL --peer INDEPENDENT_PEER_URL --candidate FULL_NAMED_CANDIDATE --out NEW_UNIQUE_DIRECTORY,TK1-opaque-restaurant-literal-percent-create-replay,An unchanged successful create body/key replays its original response200. Fixture scenario: restaurant/literal-percent.,True,3.3 / 3.4 / 4 / 7 / 8 / 10 / 11,90,systems-engineer,independent raw HTTP conditional on accepted fixture
1,"1,2,3,4",independent-verifier,PENDING_NAMED_CANDIDATE,UNVERIFIED,unverified,Fixture admission diagnostic is nonnormative pending chosen-format/source review; accepted-ID usability is conditional on reset204. No table-detail endpoint is invented.,python opaque_id_probe.py --base CURRENT_URL --peer INDEPENDENT_PEER_URL --candidate FULL_NAMED_CANDIDATE --out NEW_UNIQUE_DIRECTORY,TK1-opaque-restaurant-literal-percent-lookup,Owner lookup returns the same accepted IDs and reservation identity. Fixture scenario: restaurant/literal-percent.,True,3.3 / 3.4 / 4 / 7 / 8 / 10 / 11,90,systems-engineer,independent raw HTTP conditional on accepted fixture
1,"1,2,3,4",independent-verifier,PENDING_NAMED_CANDIDATE,UNVERIFIED,unverified,Fixture admission diagnostic is nonnormative pending chosen-format/source review; accepted-ID usability is conditional on reset204. No table-detail endpoint is invented.,python opaque_id_probe.py --base CURRENT_URL --peer INDEPENDENT_PEER_URL --candidate FULL_NAMED_CANDIDATE --out NEW_UNIQUE_DIRECTORY,TK1-opaque-restaurant-literal-percent-amend,Amendment to the second accepted table retains identity and returns that exact table ID. Fixture scenario: restaurant/literal-percent.,True,3.3 / 3.4 / 4 / 7 / 8 / 10 / 11,90,systems-engineer,independent raw HTTP conditional on accepted fixture
1,"1,2,3,4",independent-verifier,PENDING_NAMED_CANDIDATE,UNVERIFIED,unverified,Fixture admission diagnostic is nonnormative pending chosen-format/source review; accepted-ID usability is conditional on reset204. No table-detail endpoint is invented.,python opaque_id_probe.py --base CURRENT_URL --peer INDEPENDENT_PEER_URL --candidate FULL_NAMED_CANDIDATE --out NEW_UNIQUE_DIRECTORY,TK1-opaque-restaurant-literal-percent-moves,A batch move back to the first accepted table succeeds and preserves exact IDs/identity. Fixture scenario: restaurant/literal-percent.,True,3.3 / 3.4 / 4 / 7 / 8 / 10 / 11,90,systems-engineer,independent raw HTTP conditional on accepted fixture
1,"1,2,3,4",independent-verifier,PENDING_NAMED_CANDIDATE,UNVERIFIED,unverified,Fixture admission diagnostic is nonnormative pending chosen-format/source review; accepted-ID usability is conditional on reset204. No table-detail endpoint is invented.,python opaque_id_probe.py --base CURRENT_URL --peer INDEPENDENT_PEER_URL --candidate FULL_NAMED_CANDIDATE --out NEW_UNIQUE_DIRECTORY,TK1-opaque-restaurant-literal-percent-import-current,Unchanged export into an independent destination preserves token/current IDs/reference. Fixture scenario: restaurant/literal-percent.,True,3.3 / 3.4 / 4 / 7 / 8 / 10 / 11,90,systems-engineer,independent raw HTTP conditional on accepted fixture
1,"1,2,3,4",independent-verifier,PENDING_NAMED_CANDIDATE,UNVERIFIED,unverified,Fixture admission diagnostic is nonnormative pending chosen-format/source review; accepted-ID usability is conditional on reset204. No table-detail endpoint is invented.,python opaque_id_probe.py --base CURRENT_URL --peer INDEPENDENT_PEER_URL --candidate FULL_NAMED_CANDIDATE --out NEW_UNIQUE_DIRECTORY,TK1-opaque-restaurant-literal-percent-import-original,The original create receipt replays unchanged after independent replacement. Fixture scenario: restaurant/literal-percent.,True,3.3 / 3.4 / 4 / 7 / 8 / 10 / 11,90,systems-engineer,independent raw HTTP conditional on accepted fixture
1,"1,2,3,4",independent-verifier,PENDING_NAMED_CANDIDATE,UNVERIFIED,unverified,Fixture admission diagnostic is nonnormative pending chosen-format/source review; accepted-ID usability is conditional on reset204. No table-detail endpoint is invented.,python opaque_id_probe.py --base CURRENT_URL --peer INDEPENDENT_PEER_URL --candidate FULL_NAMED_CANDIDATE --out NEW_UNIQUE_DIRECTORY,TK1-opaque-restaurant-literal-percent-cancel-release,Cancel releases the exact accepted table ID in correctly encoded availability. Fixture scenario: restaurant/literal-percent.,True,3.3 / 3.4 / 4 / 7 / 8 / 10 / 11,90,systems-engineer,independent raw HTTP conditional on accepted fixture
1,"1,2,3,4",independent-verifier,PENDING_NAMED_CANDIDATE,UNVERIFIED,unverified,Fixture admission diagnostic is nonnormative pending chosen-format/source review; accepted-ID usability is conditional on reset204. No table-detail endpoint is invented.,python opaque_id_probe.py --base CURRENT_URL --peer INDEPENDENT_PEER_URL --candidate FULL_NAMED_CANDIDATE --out NEW_UNIQUE_DIRECTORY,TK1-opaque-restaurant-literal-percent-unknown-route,A correctly encoded unknown ordinary restaurant ID gives404 not_found. Fixture scenario: restaurant/literal-percent.,True,3.3 / 3.4 / 4 / 7 / 8 / 10 / 11,90,systems-engineer,independent raw HTTP conditional on accepted fixture
1,"1,2,3,4",independent-verifier,PENDING_NAMED_CANDIDATE,UNVERIFIED,unverified,Fixture admission diagnostic is nonnormative pending chosen-format/source review; accepted-ID usability is conditional on reset204. No table-detail endpoint is invented.,python opaque_id_probe.py --base CURRENT_URL --peer INDEPENDENT_PEER_URL --candidate FULL_NAMED_CANDIDATE --out NEW_UNIQUE_DIRECTORY,TK1-opaque-restaurant-plus-semicolon-admission,Observe fixture admission for restaurant ID plus-semicolon before source applicability is adjudicated; no lexical defect inferred from refusal.,False,3.4 / 4,90,systems-engineer,independent raw fixture admission diagnostic
1,"1,2,3,4",independent-verifier,PENDING_NAMED_CANDIDATE,UNVERIFIED,unverified,Fixture admission diagnostic is nonnormative pending chosen-format/source review; accepted-ID usability is conditional on reset204. No table-detail endpoint is invented.,python opaque_id_probe.py --base CURRENT_URL --peer INDEPENDENT_PEER_URL --candidate FULL_NAMED_CANDIDATE --out NEW_UNIQUE_DIRECTORY,TK1-opaque-restaurant-plus-semicolon-list,Public restaurant listing retains the accepted restaurant ID exactly. Fixture scenario: restaurant/plus-semicolon.,True,3.3 / 3.4 / 4 / 7 / 8 / 10 / 11,90,systems-engineer,independent raw HTTP conditional on accepted fixture
1,"1,2,3,4",independent-verifier,PENDING_NAMED_CANDIDATE,UNVERIFIED,unverified,Fixture admission diagnostic is nonnormative pending chosen-format/source review; accepted-ID usability is conditional on reset204. No table-detail endpoint is invented.,python opaque_id_probe.py --base CURRENT_URL --peer INDEPENDENT_PEER_URL --candidate FULL_NAMED_CANDIDATE --out NEW_UNIQUE_DIRECTORY,TK1-opaque-restaurant-plus-semicolon-detail-status,The correctly percent-encoded accepted restaurant detail route returns200. Fixture scenario: restaurant/plus-semicolon.,True,3.3 / 3.4 / 4 / 7 / 8 / 10 / 11,90,interface-engineer,independent raw HTTP conditional on accepted fixture
1,"1,2,3,4",independent-verifier,PENDING_NAMED_CANDIDATE,UNVERIFIED,unverified,Fixture admission diagnostic is nonnormative pending chosen-format/source review; accepted-ID usability is conditional on reset204. No table-detail endpoint is invented.,python opaque_id_probe.py --base CURRENT_URL --peer INDEPENDENT_PEER_URL --candidate FULL_NAMED_CANDIDATE --out NEW_UNIQUE_DIRECTORY,TK1-opaque-restaurant-plus-semicolon-detail-identity,Restaurant detail preserves accepted restaurant/table IDs in fixture order. Fixture scenario: restaurant/plus-semicolon.,True,3.3 / 3.4 / 4 / 7 / 8 / 10 / 11,90,interface-engineer,independent raw HTTP conditional on accepted fixture
1,"1,2,3,4",independent-verifier,PENDING_NAMED_CANDIDATE,UNVERIFIED,unverified,Fixture admission diagnostic is nonnormative pending chosen-format/source review; accepted-ID usability is conditional on reset204. No table-detail endpoint is invented.,python opaque_id_probe.py --base CURRENT_URL --peer INDEPENDENT_PEER_URL --candidate FULL_NAMED_CANDIDATE --out NEW_UNIQUE_DIRECTORY,TK1-opaque-restaurant-plus-semicolon-availability,Correctly encoded restaurant_id query returns exact IDs and the fitting fixture table order. Fixture scenario: restaurant/plus-semicolon.,True,3.3 / 3.4 / 4 / 7 / 8 / 10 / 11,90,systems-engineer,independent raw HTTP conditional on accepted fixture
1,"1,2,3,4",independent-verifier,PENDING_NAMED_CANDIDATE,UNVERIFIED,unverified,Fixture admission diagnostic is nonnormative pending chosen-format/source review; accepted-ID usability is conditional on reset204. No table-detail endpoint is invented.,python opaque_id_probe.py --base CURRENT_URL --peer INDEPENDENT_PEER_URL --candidate FULL_NAMED_CANDIDATE --out NEW_UNIQUE_DIRECTORY,TK1-opaque-restaurant-plus-semicolon-create-status,Create with exact accepted restaurant/table IDs succeeds201. Fixture scenario: restaurant/plus-semicolon.,True,3.3 / 3.4 / 4 / 7 / 8 / 10 / 11,90,systems-engineer,independent raw HTTP conditional on accepted fixture
1,"1,2,3,4",independent-verifier,PENDING_NAMED_CANDIDATE,UNVERIFIED,unverified,Fixture admission diagnostic is nonnormative pending chosen-format/source review; accepted-ID usability is conditional on reset204. No table-detail endpoint is invented.,python opaque_id_probe.py --base CURRENT_URL --peer INDEPENDENT_PEER_URL --candidate FULL_NAMED_CANDIDATE --out NEW_UNIQUE_DIRECTORY,TK1-opaque-restaurant-plus-semicolon-create-identity,Create response retains exact accepted IDs and a valid stable reference. Fixture scenario: restaurant/plus-semicolon.,True,3.3 / 3.4 / 4 / 7 / 8 / 10 / 11,90,systems-engineer,independent raw HTTP conditional on accepted fixture
1,"1,2,3,4",independent-verifier,PENDING_NAMED_CANDIDATE,UNVERIFIED,unverified,Fixture admission diagnostic is nonnormative pending chosen-format/source review; accepted-ID usability is conditional on reset204. No table-detail endpoint is invented.,python opaque_id_probe.py --base CURRENT_URL --peer INDEPENDENT_PEER_URL --candidate FULL_NAMED_CANDIDATE --out NEW_UNIQUE_DIRECTORY,TK1-opaque-restaurant-plus-semicolon-create-replay,An unchanged successful create body/key replays its original response200. Fixture scenario: restaurant/plus-semicolon.,True,3.3 / 3.4 / 4 / 7 / 8 / 10 / 11,90,systems-engineer,independent raw HTTP conditional on accepted fixture
1,"1,2,3,4",independent-verifier,PENDING_NAMED_CANDIDATE,UNVERIFIED,unverified,Fixture admission diagnostic is nonnormative pending chosen-format/source review; accepted-ID usability is conditional on reset204. No table-detail endpoint is invented.,python opaque_id_probe.py --base CURRENT_URL --peer INDEPENDENT_PEER_URL --candidate FULL_NAMED_CANDIDATE --out NEW_UNIQUE_DIRECTORY,TK1-opaque-restaurant-plus-semicolon-lookup,Owner lookup returns the same accepted IDs and reservation identity. Fixture scenario: restaurant/plus-semicolon.,True,3.3 / 3.4 / 4 / 7 / 8 / 10 / 11,90,systems-engineer,independent raw HTTP conditional on accepted fixture
1,"1,2,3,4",independent-verifier,PENDING_NAMED_CANDIDATE,UNVERIFIED,unverified,Fixture admission diagnostic is nonnormative pending chosen-format/source review; accepted-ID usability is conditional on reset204. No table-detail endpoint is invented.,python opaque_id_probe.py --base CURRENT_URL --peer INDEPENDENT_PEER_URL --candidate FULL_NAMED_CANDIDATE --out NEW_UNIQUE_DIRECTORY,TK1-opaque-restaurant-plus-semicolon-amend,Amendment to the second accepted table retains identity and returns that exact table ID. Fixture scenario: restaurant/plus-semicolon.,True,3.3 / 3.4 / 4 / 7 / 8 / 10 / 11,90,systems-engineer,independent raw HTTP conditional on accepted fixture
1,"1,2,3,4",independent-verifier,PENDING_NAMED_CANDIDATE,UNVERIFIED,unverified,Fixture admission diagnostic is nonnormative pending chosen-format/source review; accepted-ID usability is conditional on reset204. No table-detail endpoint is invented.,python opaque_id_probe.py --base CURRENT_URL --peer INDEPENDENT_PEER_URL --candidate FULL_NAMED_CANDIDATE --out NEW_UNIQUE_DIRECTORY,TK1-opaque-restaurant-plus-semicolon-moves,A batch move back to the first accepted table succeeds and preserves exact IDs/identity. Fixture scenario: restaurant/plus-semicolon.,True,3.3 / 3.4 / 4 / 7 / 8 / 10 / 11,90,systems-engineer,independent raw HTTP conditional on accepted fixture
1,"1,2,3,4",independent-verifier,PENDING_NAMED_CANDIDATE,UNVERIFIED,unverified,Fixture admission diagnostic is nonnormative pending chosen-format/source review; accepted-ID usability is conditional on reset204. No table-detail endpoint is invented.,python opaque_id_probe.py --base CURRENT_URL --peer INDEPENDENT_PEER_URL --candidate FULL_NAMED_CANDIDATE --out NEW_UNIQUE_DIRECTORY,TK1-opaque-restaurant-plus-semicolon-import-current,Unchanged export into an independent destination preserves token/current IDs/reference. Fixture scenario: restaurant/plus-semicolon.,True,3.3 / 3.4 / 4 / 7 / 8 / 10 / 11,90,systems-engineer,independent raw HTTP conditional on accepted fixture
1,"1,2,3,4",independent-verifier,PENDING_NAMED_CANDIDATE,UNVERIFIED,unverified,Fixture admission diagnostic is nonnormative pending chosen-format/source review; accepted-ID usability is conditional on reset204. No table-detail endpoint is invented.,python opaque_id_probe.py --base CURRENT_URL --peer INDEPENDENT_PEER_URL --candidate FULL_NAMED_CANDIDATE --out NEW_UNIQUE_DIRECTORY,TK1-opaque-restaurant-plus-semicolon-import-original,The original create receipt replays unchanged after independent replacement. Fixture scenario: restaurant/plus-semicolon.,True,3.3 / 3.4 / 4 / 7 / 8 / 10 / 11,90,systems-engineer,independent raw HTTP conditional on accepted fixture
1,"1,2,3,4",independent-verifier,PENDING_NAMED_CANDIDATE,UNVERIFIED,unverified,Fixture admission diagnostic is nonnormative pending chosen-format/source review; accepted-ID usability is conditional on reset204. No table-detail endpoint is invented.,python opaque_id_probe.py --base CURRENT_URL --peer INDEPENDENT_PEER_URL --candidate FULL_NAMED_CANDIDATE --out NEW_UNIQUE_DIRECTORY,TK1-opaque-restaurant-plus-semicolon-cancel-release,Cancel releases the exact accepted table ID in correctly encoded availability. Fixture scenario: restaurant/plus-semicolon.,True,3.3 / 3.4 / 4 / 7 / 8 / 10 / 11,90,systems-engineer,independent raw HTTP conditional on accepted fixture
1,"1,2,3,4",independent-verifier,PENDING_NAMED_CANDIDATE,UNVERIFIED,unverified,Fixture admission diagnostic is nonnormative pending chosen-format/source review; accepted-ID usability is conditional on reset204. No table-detail endpoint is invented.,python opaque_id_probe.py --base CURRENT_URL --peer INDEPENDENT_PEER_URL --candidate FULL_NAMED_CANDIDATE --out NEW_UNIQUE_DIRECTORY,TK1-opaque-restaurant-plus-semicolon-unknown-route,A correctly encoded unknown ordinary restaurant ID gives404 not_found. Fixture scenario: restaurant/plus-semicolon.,True,3.3 / 3.4 / 4 / 7 / 8 / 10 / 11,90,systems-engineer,independent raw HTTP conditional on accepted fixture
1,"1,2,3,4",independent-verifier,PENDING_NAMED_CANDIDATE,UNVERIFIED,unverified,Fixture admission diagnostic is nonnormative pending chosen-format/source review; accepted-ID usability is conditional on reset204. No table-detail endpoint is invented.,python opaque_id_probe.py --base CURRENT_URL --peer INDEPENDENT_PEER_URL --candidate FULL_NAMED_CANDIDATE --out NEW_UNIQUE_DIRECTORY,TK1-opaque-restaurant-space-admission,Observe fixture admission for restaurant ID space before source applicability is adjudicated; no lexical defect inferred from refusal.,False,3.4 / 4,90,systems-engineer,independent raw fixture admission diagnostic
1,"1,2,3,4",independent-verifier,PENDING_NAMED_CANDIDATE,UNVERIFIED,unverified,Fixture admission diagnostic is nonnormative pending chosen-format/source review; accepted-ID usability is conditional on reset204. No table-detail endpoint is invented.,python opaque_id_probe.py --base CURRENT_URL --peer INDEPENDENT_PEER_URL --candidate FULL_NAMED_CANDIDATE --out NEW_UNIQUE_DIRECTORY,TK1-opaque-restaurant-space-list,Public restaurant listing retains the accepted restaurant ID exactly. Fixture scenario: restaurant/space.,True,3.3 / 3.4 / 4 / 7 / 8 / 10 / 11,90,systems-engineer,independent raw HTTP conditional on accepted fixture
1,"1,2,3,4",independent-verifier,PENDING_NAMED_CANDIDATE,UNVERIFIED,unverified,Fixture admission diagnostic is nonnormative pending chosen-format/source review; accepted-ID usability is conditional on reset204. No table-detail endpoint is invented.,python opaque_id_probe.py --base CURRENT_URL --peer INDEPENDENT_PEER_URL --candidate FULL_NAMED_CANDIDATE --out NEW_UNIQUE_DIRECTORY,TK1-opaque-restaurant-space-detail-status,The correctly percent-encoded accepted restaurant detail route returns200. Fixture scenario: restaurant/space.,True,3.3 / 3.4 / 4 / 7 / 8 / 10 / 11,90,interface-engineer,independent raw HTTP conditional on accepted fixture
1,"1,2,3,4",independent-verifier,PENDING_NAMED_CANDIDATE,UNVERIFIED,unverified,Fixture admission diagnostic is nonnormative pending chosen-format/source review; accepted-ID usability is conditional on reset204. No table-detail endpoint is invented.,python opaque_id_probe.py --base CURRENT_URL --peer INDEPENDENT_PEER_URL --candidate FULL_NAMED_CANDIDATE --out NEW_UNIQUE_DIRECTORY,TK1-opaque-restaurant-space-detail-identity,Restaurant detail preserves accepted restaurant/table IDs in fixture order. Fixture scenario: restaurant/space.,True,3.3 / 3.4 / 4 / 7 / 8 / 10 / 11,90,interface-engineer,independent raw HTTP conditional on accepted fixture
1,"1,2,3,4",independent-verifier,PENDING_NAMED_CANDIDATE,UNVERIFIED,unverified,Fixture admission diagnostic is nonnormative pending chosen-format/source review; accepted-ID usability is conditional on reset204. No table-detail endpoint is invented.,python opaque_id_probe.py --base CURRENT_URL --peer INDEPENDENT_PEER_URL --candidate FULL_NAMED_CANDIDATE --out NEW_UNIQUE_DIRECTORY,TK1-opaque-restaurant-space-availability,Correctly encoded restaurant_id query returns exact IDs and the fitting fixture table order. Fixture scenario: restaurant/space.,True,3.3 / 3.4 / 4 / 7 / 8 / 10 / 11,90,systems-engineer,independent raw HTTP conditional on accepted fixture
1,"1,2,3,4",independent-verifier,PENDING_NAMED_CANDIDATE,UNVERIFIED,unverified,Fixture admission diagnostic is nonnormative pending chosen-format/source review; accepted-ID usability is conditional on reset204. No table-detail endpoint is invented.,python opaque_id_probe.py --base CURRENT_URL --peer INDEPENDENT_PEER_URL --candidate FULL_NAMED_CANDIDATE --out NEW_UNIQUE_DIRECTORY,TK1-opaque-restaurant-space-create-status,Create with exact accepted restaurant/table IDs succeeds201. Fixture scenario: restaurant/space.,True,3.3 / 3.4 / 4 / 7 / 8 / 10 / 11,90,systems-engineer,independent raw HTTP conditional on accepted fixture
1,"1,2,3,4",independent-verifier,PENDING_NAMED_CANDIDATE,UNVERIFIED,unverified,Fixture admission diagnostic is nonnormative pending chosen-format/source review; accepted-ID usability is conditional on reset204. No table-detail endpoint is invented.,python opaque_id_probe.py --base CURRENT_URL --peer INDEPENDENT_PEER_URL --candidate FULL_NAMED_CANDIDATE --out NEW_UNIQUE_DIRECTORY,TK1-opaque-restaurant-space-create-identity,Create response retains exact accepted IDs and a valid stable reference. Fixture scenario: restaurant/space.,True,3.3 / 3.4 / 4 / 7 / 8 / 10 / 11,90,systems-engineer,independent raw HTTP conditional on accepted fixture
1,"1,2,3,4",independent-verifier,PENDING_NAMED_CANDIDATE,UNVERIFIED,unverified,Fixture admission diagnostic is nonnormative pending chosen-format/source review; accepted-ID usability is conditional on reset204. No table-detail endpoint is invented.,python opaque_id_probe.py --base CURRENT_URL --peer INDEPENDENT_PEER_URL --candidate FULL_NAMED_CANDIDATE --out NEW_UNIQUE_DIRECTORY,TK1-opaque-restaurant-space-create-replay,An unchanged successful create body/key replays its original response200. Fixture scenario: restaurant/space.,True,3.3 / 3.4 / 4 / 7 / 8 / 10 / 11,90,systems-engineer,independent raw HTTP conditional on accepted fixture
1,"1,2,3,4",independent-verifier,PENDING_NAMED_CANDIDATE,UNVERIFIED,unverified,Fixture admission diagnostic is nonnormative pending chosen-format/source review; accepted-ID usability is conditional on reset204. No table-detail endpoint is invented.,python opaque_id_probe.py --base CURRENT_URL --peer INDEPENDENT_PEER_URL --candidate FULL_NAMED_CANDIDATE --out NEW_UNIQUE_DIRECTORY,TK1-opaque-restaurant-space-lookup,Owner lookup returns the same accepted IDs and reservation identity. Fixture scenario: restaurant/space.,True,3.3 / 3.4 / 4 / 7 / 8 / 10 / 11,90,systems-engineer,independent raw HTTP conditional on accepted fixture
1,"1,2,3,4",independent-verifier,PENDING_NAMED_CANDIDATE,UNVERIFIED,unverified,Fixture admission diagnostic is nonnormative pending chosen-format/source review; accepted-ID usability is conditional on reset204. No table-detail endpoint is invented.,python opaque_id_probe.py --base CURRENT_URL --peer INDEPENDENT_PEER_URL --candidate FULL_NAMED_CANDIDATE --out NEW_UNIQUE_DIRECTORY,TK1-opaque-restaurant-space-amend,Amendment to the second accepted table retains identity and returns that exact table ID. Fixture scenario: restaurant/space.,True,3.3 / 3.4 / 4 / 7 / 8 / 10 / 11,90,systems-engineer,independent raw HTTP conditional on accepted fixture
1,"1,2,3,4",independent-verifier,PENDING_NAMED_CANDIDATE,UNVERIFIED,unverified,Fixture admission diagnostic is nonnormative pending chosen-format/source review; accepted-ID usability is conditional on reset204. No table-detail endpoint is invented.,python opaque_id_probe.py --base CURRENT_URL --peer INDEPENDENT_PEER_URL --candidate FULL_NAMED_CANDIDATE --out NEW_UNIQUE_DIRECTORY,TK1-opaque-restaurant-space-moves,A batch move back to the first accepted table succeeds and preserves exact IDs/identity. Fixture scenario: restaurant/space.,True,3.3 / 3.4 / 4 / 7 / 8 / 10 / 11,90,systems-engineer,independent raw HTTP conditional on accepted fixture
1,"1,2,3,4",independent-verifier,PENDING_NAMED_CANDIDATE,UNVERIFIED,unverified,Fixture admission diagnostic is nonnormative pending chosen-format/source review; accepted-ID usability is conditional on reset204. No table-detail endpoint is invented.,python opaque_id_probe.py --base CURRENT_URL --peer INDEPENDENT_PEER_URL --candidate FULL_NAMED_CANDIDATE --out NEW_UNIQUE_DIRECTORY,TK1-opaque-restaurant-space-import-current,Unchanged export into an independent destination preserves token/current IDs/reference. Fixture scenario: restaurant/space.,True,3.3 / 3.4 / 4 / 7 / 8 / 10 / 11,90,systems-engineer,independent raw HTTP conditional on accepted fixture
1,"1,2,3,4",independent-verifier,PENDING_NAMED_CANDIDATE,UNVERIFIED,unverified,Fixture admission diagnostic is nonnormative pending chosen-format/source review; accepted-ID usability is conditional on reset204. No table-detail endpoint is invented.,python opaque_id_probe.py --base CURRENT_URL --peer INDEPENDENT_PEER_URL --candidate FULL_NAMED_CANDIDATE --out NEW_UNIQUE_DIRECTORY,TK1-opaque-restaurant-space-import-original,The original create receipt replays unchanged after independent replacement. Fixture scenario: restaurant/space.,True,3.3 / 3.4 / 4 / 7 / 8 / 10 / 11,90,systems-engineer,independent raw HTTP conditional on accepted fixture
1,"1,2,3,4",independent-verifier,PENDING_NAMED_CANDIDATE,UNVERIFIED,unverified,Fixture admission diagnostic is nonnormative pending chosen-format/source review; accepted-ID usability is conditional on reset204. No table-detail endpoint is invented.,python opaque_id_probe.py --base CURRENT_URL --peer INDEPENDENT_PEER_URL --candidate FULL_NAMED_CANDIDATE --out NEW_UNIQUE_DIRECTORY,TK1-opaque-restaurant-space-cancel-release,Cancel releases the exact accepted table ID in correctly encoded availability. Fixture scenario: restaurant/space.,True,3.3 / 3.4 / 4 / 7 / 8 / 10 / 11,90,systems-engineer,independent raw HTTP conditional on accepted fixture
1,"1,2,3,4",independent-verifier,PENDING_NAMED_CANDIDATE,UNVERIFIED,unverified,Fixture admission diagnostic is nonnormative pending chosen-format/source review; accepted-ID usability is conditional on reset204. No table-detail endpoint is invented.,python opaque_id_probe.py --base CURRENT_URL --peer INDEPENDENT_PEER_URL --candidate FULL_NAMED_CANDIDATE --out NEW_UNIQUE_DIRECTORY,TK1-opaque-restaurant-space-unknown-route,A correctly encoded unknown ordinary restaurant ID gives404 not_found. Fixture scenario: restaurant/space.,True,3.3 / 3.4 / 4 / 7 / 8 / 10 / 11,90,systems-engineer,independent raw HTTP conditional on accepted fixture
1,"1,2,3,4",independent-verifier,PENDING_NAMED_CANDIDATE,UNVERIFIED,unverified,Fixture admission diagnostic is nonnormative pending chosen-format/source review; accepted-ID usability is conditional on reset204. No table-detail endpoint is invented.,python opaque_id_probe.py --base CURRENT_URL --peer INDEPENDENT_PEER_URL --candidate FULL_NAMED_CANDIDATE --out NEW_UNIQUE_DIRECTORY,TK1-opaque-restaurant-unicode-admission,Observe fixture admission for restaurant ID unicode before source applicability is adjudicated; no lexical defect inferred from refusal.,False,3.4 / 4,90,systems-engineer,independent raw fixture admission diagnostic
1,"1,2,3,4",independent-verifier,PENDING_NAMED_CANDIDATE,UNVERIFIED,unverified,Fixture admission diagnostic is nonnormative pending chosen-format/source review; accepted-ID usability is conditional on reset204. No table-detail endpoint is invented.,python opaque_id_probe.py --base CURRENT_URL --peer INDEPENDENT_PEER_URL --candidate FULL_NAMED_CANDIDATE --out NEW_UNIQUE_DIRECTORY,TK1-opaque-restaurant-unicode-list,Public restaurant listing retains the accepted restaurant ID exactly. Fixture scenario: restaurant/unicode.,True,3.3 / 3.4 / 4 / 7 / 8 / 10 / 11,90,systems-engineer,independent raw HTTP conditional on accepted fixture
1,"1,2,3,4",independent-verifier,PENDING_NAMED_CANDIDATE,UNVERIFIED,unverified,Fixture admission diagnostic is nonnormative pending chosen-format/source review; accepted-ID usability is conditional on reset204. No table-detail endpoint is invented.,python opaque_id_probe.py --base CURRENT_URL --peer INDEPENDENT_PEER_URL --candidate FULL_NAMED_CANDIDATE --out NEW_UNIQUE_DIRECTORY,TK1-opaque-restaurant-unicode-detail-status,The correctly percent-encoded accepted restaurant detail route returns200. Fixture scenario: restaurant/unicode.,True,3.3 / 3.4 / 4 / 7 / 8 / 10 / 11,90,interface-engineer,independent raw HTTP conditional on accepted fixture
1,"1,2,3,4",independent-verifier,PENDING_NAMED_CANDIDATE,UNVERIFIED,unverified,Fixture admission diagnostic is nonnormative pending chosen-format/source review; accepted-ID usability is conditional on reset204. No table-detail endpoint is invented.,python opaque_id_probe.py --base CURRENT_URL --peer INDEPENDENT_PEER_URL --candidate FULL_NAMED_CANDIDATE --out NEW_UNIQUE_DIRECTORY,TK1-opaque-restaurant-unicode-detail-identity,Restaurant detail preserves accepted restaurant/table IDs in fixture order. Fixture scenario: restaurant/unicode.,True,3.3 / 3.4 / 4 / 7 / 8 / 10 / 11,90,interface-engineer,independent raw HTTP conditional on accepted fixture
1,"1,2,3,4",independent-verifier,PENDING_NAMED_CANDIDATE,UNVERIFIED,unverified,Fixture admission diagnostic is nonnormative pending chosen-format/source review; accepted-ID usability is conditional on reset204. No table-detail endpoint is invented.,python opaque_id_probe.py --base CURRENT_URL --peer INDEPENDENT_PEER_URL --candidate FULL_NAMED_CANDIDATE --out NEW_UNIQUE_DIRECTORY,TK1-opaque-restaurant-unicode-availability,Correctly encoded restaurant_id query returns exact IDs and the fitting fixture table order. Fixture scenario: restaurant/unicode.,True,3.3 / 3.4 / 4 / 7 / 8 / 10 / 11,90,systems-engineer,independent raw HTTP conditional on accepted fixture
1,"1,2,3,4",independent-verifier,PENDING_NAMED_CANDIDATE,UNVERIFIED,unverified,Fixture admission diagnostic is nonnormative pending chosen-format/source review; accepted-ID usability is conditional on reset204. No table-detail endpoint is invented.,python opaque_id_probe.py --base CURRENT_URL --peer INDEPENDENT_PEER_URL --candidate FULL_NAMED_CANDIDATE --out NEW_UNIQUE_DIRECTORY,TK1-opaque-restaurant-unicode-create-status,Create with exact accepted restaurant/table IDs succeeds201. Fixture scenario: restaurant/unicode.,True,3.3 / 3.4 / 4 / 7 / 8 / 10 / 11,90,systems-engineer,independent raw HTTP conditional on accepted fixture
1,"1,2,3,4",independent-verifier,PENDING_NAMED_CANDIDATE,UNVERIFIED,unverified,Fixture admission diagnostic is nonnormative pending chosen-format/source review; accepted-ID usability is conditional on reset204. No table-detail endpoint is invented.,python opaque_id_probe.py --base CURRENT_URL --peer INDEPENDENT_PEER_URL --candidate FULL_NAMED_CANDIDATE --out NEW_UNIQUE_DIRECTORY,TK1-opaque-restaurant-unicode-create-identity,Create response retains exact accepted IDs and a valid stable reference. Fixture scenario: restaurant/unicode.,True,3.3 / 3.4 / 4 / 7 / 8 / 10 / 11,90,systems-engineer,independent raw HTTP conditional on accepted fixture
1,"1,2,3,4",independent-verifier,PENDING_NAMED_CANDIDATE,UNVERIFIED,unverified,Fixture admission diagnostic is nonnormative pending chosen-format/source review; accepted-ID usability is conditional on reset204. No table-detail endpoint is invented.,python opaque_id_probe.py --base CURRENT_URL --peer INDEPENDENT_PEER_URL --candidate FULL_NAMED_CANDIDATE --out NEW_UNIQUE_DIRECTORY,TK1-opaque-restaurant-unicode-create-replay,An unchanged successful create body/key replays its original response200. Fixture scenario: restaurant/unicode.,True,3.3 / 3.4 / 4 / 7 / 8 / 10 / 11,90,systems-engineer,independent raw HTTP conditional on accepted fixture
1,"1,2,3,4",independent-verifier,PENDING_NAMED_CANDIDATE,UNVERIFIED,unverified,Fixture admission diagnostic is nonnormative pending chosen-format/source review; accepted-ID usability is conditional on reset204. No table-detail endpoint is invented.,python opaque_id_probe.py --base CURRENT_URL --peer INDEPENDENT_PEER_URL --candidate FULL_NAMED_CANDIDATE --out NEW_UNIQUE_DIRECTORY,TK1-opaque-restaurant-unicode-lookup,Owner lookup returns the same accepted IDs and reservation identity. Fixture scenario: restaurant/unicode.,True,3.3 / 3.4 / 4 / 7 / 8 / 10 / 11,90,systems-engineer,independent raw HTTP conditional on accepted fixture
1,"1,2,3,4",independent-verifier,PENDING_NAMED_CANDIDATE,UNVERIFIED,unverified,Fixture admission diagnostic is nonnormative pending chosen-format/source review; accepted-ID usability is conditional on reset204. No table-detail endpoint is invented.,python opaque_id_probe.py --base CURRENT_URL --peer INDEPENDENT_PEER_URL --candidate FULL_NAMED_CANDIDATE --out NEW_UNIQUE_DIRECTORY,TK1-opaque-restaurant-unicode-amend,Amendment to the second accepted table retains identity and returns that exact table ID. Fixture scenario: restaurant/unicode.,True,3.3 / 3.4 / 4 / 7 / 8 / 10 / 11,90,systems-engineer,independent raw HTTP conditional on accepted fixture
1,"1,2,3,4",independent-verifier,PENDING_NAMED_CANDIDATE,UNVERIFIED,unverified,Fixture admission diagnostic is nonnormative pending chosen-format/source review; accepted-ID usability is conditional on reset204. No table-detail endpoint is invented.,python opaque_id_probe.py --base CURRENT_URL --peer INDEPENDENT_PEER_URL --candidate FULL_NAMED_CANDIDATE --out NEW_UNIQUE_DIRECTORY,TK1-opaque-restaurant-unicode-moves,A batch move back to the first accepted table succeeds and preserves exact IDs/identity. Fixture scenario: restaurant/unicode.,True,3.3 / 3.4 / 4 / 7 / 8 / 10 / 11,90,systems-engineer,independent raw HTTP conditional on accepted fixture
1,"1,2,3,4",independent-verifier,PENDING_NAMED_CANDIDATE,UNVERIFIED,unverified,Fixture admission diagnostic is nonnormative pending chosen-format/source review; accepted-ID usability is conditional on reset204. No table-detail endpoint is invented.,python opaque_id_probe.py --base CURRENT_URL --peer INDEPENDENT_PEER_URL --candidate FULL_NAMED_CANDIDATE --out NEW_UNIQUE_DIRECTORY,TK1-opaque-restaurant-unicode-import-current,Unchanged export into an independent destination preserves token/current IDs/reference. Fixture scenario: restaurant/unicode.,True,3.3 / 3.4 / 4 / 7 / 8 / 10 / 11,90,systems-engineer,independent raw HTTP conditional on accepted fixture
1,"1,2,3,4",independent-verifier,PENDING_NAMED_CANDIDATE,UNVERIFIED,unverified,Fixture admission diagnostic is nonnormative pending chosen-format/source review; accepted-ID usability is conditional on reset204. No table-detail endpoint is invented.,python opaque_id_probe.py --base CURRENT_URL --peer INDEPENDENT_PEER_URL --candidate FULL_NAMED_CANDIDATE --out NEW_UNIQUE_DIRECTORY,TK1-opaque-restaurant-unicode-import-original,The original create receipt replays unchanged after independent replacement. Fixture scenario: restaurant/unicode.,True,3.3 / 3.4 / 4 / 7 / 8 / 10 / 11,90,systems-engineer,independent raw HTTP conditional on accepted fixture
1,"1,2,3,4",independent-verifier,PENDING_NAMED_CANDIDATE,UNVERIFIED,unverified,Fixture admission diagnostic is nonnormative pending chosen-format/source review; accepted-ID usability is conditional on reset204. No table-detail endpoint is invented.,python opaque_id_probe.py --base CURRENT_URL --peer INDEPENDENT_PEER_URL --candidate FULL_NAMED_CANDIDATE --out NEW_UNIQUE_DIRECTORY,TK1-opaque-restaurant-unicode-cancel-release,Cancel releases the exact accepted table ID in correctly encoded availability. Fixture scenario: restaurant/unicode.,True,3.3 / 3.4 / 4 / 7 / 8 / 10 / 11,90,systems-engineer,independent raw HTTP conditional on accepted fixture
1,"1,2,3,4",independent-verifier,PENDING_NAMED_CANDIDATE,UNVERIFIED,unverified,Fixture admission diagnostic is nonnormative pending chosen-format/source review; accepted-ID usability is conditional on reset204. No table-detail endpoint is invented.,python opaque_id_probe.py --base CURRENT_URL --peer INDEPENDENT_PEER_URL --candidate FULL_NAMED_CANDIDATE --out NEW_UNIQUE_DIRECTORY,TK1-opaque-restaurant-unicode-unknown-route,A correctly encoded unknown ordinary restaurant ID gives404 not_found. Fixture scenario: restaurant/unicode.,True,3.3 / 3.4 / 4 / 7 / 8 / 10 / 11,90,systems-engineer,independent raw HTTP conditional on accepted fixture
1,"1,2,3,4",independent-verifier,PENDING_NAMED_CANDIDATE,UNVERIFIED,unverified,Fixture admission diagnostic is nonnormative pending chosen-format/source review; accepted-ID usability is conditional on reset204. No table-detail endpoint is invented.,python opaque_id_probe.py --base CURRENT_URL --peer INDEPENDENT_PEER_URL --candidate FULL_NAMED_CANDIDATE --out NEW_UNIQUE_DIRECTORY,TK1-opaque-restaurant-astral-admission,Observe fixture admission for restaurant ID astral before source applicability is adjudicated; no lexical defect inferred from refusal.,False,3.4 / 4,90,systems-engineer,independent raw fixture admission diagnostic
1,"1,2,3,4",independent-verifier,PENDING_NAMED_CANDIDATE,UNVERIFIED,unverified,Fixture admission diagnostic is nonnormative pending chosen-format/source review; accepted-ID usability is conditional on reset204. No table-detail endpoint is invented.,python opaque_id_probe.py --base CURRENT_URL --peer INDEPENDENT_PEER_URL --candidate FULL_NAMED_CANDIDATE --out NEW_UNIQUE_DIRECTORY,TK1-opaque-restaurant-astral-list,Public restaurant listing retains the accepted restaurant ID exactly. Fixture scenario: restaurant/astral.,True,3.3 / 3.4 / 4 / 7 / 8 / 10 / 11,90,systems-engineer,independent raw HTTP conditional on accepted fixture
1,"1,2,3,4",independent-verifier,PENDING_NAMED_CANDIDATE,UNVERIFIED,unverified,Fixture admission diagnostic is nonnormative pending chosen-format/source review; accepted-ID usability is conditional on reset204. No table-detail endpoint is invented.,python opaque_id_probe.py --base CURRENT_URL --peer INDEPENDENT_PEER_URL --candidate FULL_NAMED_CANDIDATE --out NEW_UNIQUE_DIRECTORY,TK1-opaque-restaurant-astral-detail-status,The correctly percent-encoded accepted restaurant detail route returns200. Fixture scenario: restaurant/astral.,True,3.3 / 3.4 / 4 / 7 / 8 / 10 / 11,90,interface-engineer,independent raw HTTP conditional on accepted fixture
1,"1,2,3,4",independent-verifier,PENDING_NAMED_CANDIDATE,UNVERIFIED,unverified,Fixture admission diagnostic is nonnormative pending chosen-format/source review; accepted-ID usability is conditional on reset204. No table-detail endpoint is invented.,python opaque_id_probe.py --base CURRENT_URL --peer INDEPENDENT_PEER_URL --candidate FULL_NAMED_CANDIDATE --out NEW_UNIQUE_DIRECTORY,TK1-opaque-restaurant-astral-detail-identity,Restaurant detail preserves accepted restaurant/table IDs in fixture order. Fixture scenario: restaurant/astral.,True,3.3 / 3.4 / 4 / 7 / 8 / 10 / 11,90,interface-engineer,independent raw HTTP conditional on accepted fixture
1,"1,2,3,4",independent-verifier,PENDING_NAMED_CANDIDATE,UNVERIFIED,unverified,Fixture admission diagnostic is nonnormative pending chosen-format/source review; accepted-ID usability is conditional on reset204. No table-detail endpoint is invented.,python opaque_id_probe.py --base CURRENT_URL --peer INDEPENDENT_PEER_URL --candidate FULL_NAMED_CANDIDATE --out NEW_UNIQUE_DIRECTORY,TK1-opaque-restaurant-astral-availability,Correctly encoded restaurant_id query returns exact IDs and the fitting fixture table order. Fixture scenario: restaurant/astral.,True,3.3 / 3.4 / 4 / 7 / 8 / 10 / 11,90,systems-engineer,independent raw HTTP conditional on accepted fixture
1,"1,2,3,4",independent-verifier,PENDING_NAMED_CANDIDATE,UNVERIFIED,unverified,Fixture admission diagnostic is nonnormative pending chosen-format/source review; accepted-ID usability is conditional on reset204. No table-detail endpoint is invented.,python opaque_id_probe.py --base CURRENT_URL --peer INDEPENDENT_PEER_URL --candidate FULL_NAMED_CANDIDATE --out NEW_UNIQUE_DIRECTORY,TK1-opaque-restaurant-astral-create-status,Create with exact accepted restaurant/table IDs succeeds201. Fixture scenario: restaurant/astral.,True,3.3 / 3.4 / 4 / 7 / 8 / 10 / 11,90,systems-engineer,independent raw HTTP conditional on accepted fixture
1,"1,2,3,4",independent-verifier,PENDING_NAMED_CANDIDATE,UNVERIFIED,unverified,Fixture admission diagnostic is nonnormative pending chosen-format/source review; accepted-ID usability is conditional on reset204. No table-detail endpoint is invented.,python opaque_id_probe.py --base CURRENT_URL --peer INDEPENDENT_PEER_URL --candidate FULL_NAMED_CANDIDATE --out NEW_UNIQUE_DIRECTORY,TK1-opaque-restaurant-astral-create-identity,Create response retains exact accepted IDs and a valid stable reference. Fixture scenario: restaurant/astral.,True,3.3 / 3.4 / 4 / 7 / 8 / 10 / 11,90,systems-engineer,independent raw HTTP conditional on accepted fixture
1,"1,2,3,4",independent-verifier,PENDING_NAMED_CANDIDATE,UNVERIFIED,unverified,Fixture admission diagnostic is nonnormative pending chosen-format/source review; accepted-ID usability is conditional on reset204. No table-detail endpoint is invented.,python opaque_id_probe.py --base CURRENT_URL --peer INDEPENDENT_PEER_URL --candidate FULL_NAMED_CANDIDATE --out NEW_UNIQUE_DIRECTORY,TK1-opaque-restaurant-astral-create-replay,An unchanged successful create body/key replays its original response200. Fixture scenario: restaurant/astral.,True,3.3 / 3.4 / 4 / 7 / 8 / 10 / 11,90,systems-engineer,independent raw HTTP conditional on accepted fixture
1,"1,2,3,4",independent-verifier,PENDING_NAMED_CANDIDATE,UNVERIFIED,unverified,Fixture admission diagnostic is nonnormative pending chosen-format/source review; accepted-ID usability is conditional on reset204. No table-detail endpoint is invented.,python opaque_id_probe.py --base CURRENT_URL --peer INDEPENDENT_PEER_URL --candidate FULL_NAMED_CANDIDATE --out NEW_UNIQUE_DIRECTORY,TK1-opaque-restaurant-astral-lookup,Owner lookup returns the same accepted IDs and reservation identity. Fixture scenario: restaurant/astral.,True,3.3 / 3.4 / 4 / 7 / 8 / 10 / 11,90,systems-engineer,independent raw HTTP conditional on accepted fixture
1,"1,2,3,4",independent-verifier,PENDING_NAMED_CANDIDATE,UNVERIFIED,unverified,Fixture admission diagnostic is nonnormative pending chosen-format/source review; accepted-ID usability is conditional on reset204. No table-detail endpoint is invented.,python opaque_id_probe.py --base CURRENT_URL --peer INDEPENDENT_PEER_URL --candidate FULL_NAMED_CANDIDATE --out NEW_UNIQUE_DIRECTORY,TK1-opaque-restaurant-astral-amend,Amendment to the second accepted table retains identity and returns that exact table ID. Fixture scenario: restaurant/astral.,True,3.3 / 3.4 / 4 / 7 / 8 / 10 / 11,90,systems-engineer,independent raw HTTP conditional on accepted fixture
1,"1,2,3,4",independent-verifier,PENDING_NAMED_CANDIDATE,UNVERIFIED,unverified,Fixture admission diagnostic is nonnormative pending chosen-format/source review; accepted-ID usability is conditional on reset204. No table-detail endpoint is invented.,python opaque_id_probe.py --base CURRENT_URL --peer INDEPENDENT_PEER_URL --candidate FULL_NAMED_CANDIDATE --out NEW_UNIQUE_DIRECTORY,TK1-opaque-restaurant-astral-moves,A batch move back to the first accepted table succeeds and preserves exact IDs/identity. Fixture scenario: restaurant/astral.,True,3.3 / 3.4 / 4 / 7 / 8 / 10 / 11,90,systems-engineer,independent raw HTTP conditional on accepted fixture
1,"1,2,3,4",independent-verifier,PENDING_NAMED_CANDIDATE,UNVERIFIED,unverified,Fixture admission diagnostic is nonnormative pending chosen-format/source review; accepted-ID usability is conditional on reset204. No table-detail endpoint is invented.,python opaque_id_probe.py --base CURRENT_URL --peer INDEPENDENT_PEER_URL --candidate FULL_NAMED_CANDIDATE --out NEW_UNIQUE_DIRECTORY,TK1-opaque-restaurant-astral-import-current,Unchanged export into an independent destination preserves token/current IDs/reference. Fixture scenario: restaurant/astral.,True,3.3 / 3.4 / 4 / 7 / 8 / 10 / 11,90,systems-engineer,independent raw HTTP conditional on accepted fixture
1,"1,2,3,4",independent-verifier,PENDING_NAMED_CANDIDATE,UNVERIFIED,unverified,Fixture admission diagnostic is nonnormative pending chosen-format/source review; accepted-ID usability is conditional on reset204. No table-detail endpoint is invented.,python opaque_id_probe.py --base CURRENT_URL --peer INDEPENDENT_PEER_URL --candidate FULL_NAMED_CANDIDATE --out NEW_UNIQUE_DIRECTORY,TK1-opaque-restaurant-astral-import-original,The original create receipt replays unchanged after independent replacement. Fixture scenario: restaurant/astral.,True,3.3 / 3.4 / 4 / 7 / 8 / 10 / 11,90,systems-engineer,independent raw HTTP conditional on accepted fixture
1,"1,2,3,4",independent-verifier,PENDING_NAMED_CANDIDATE,UNVERIFIED,unverified,Fixture admission diagnostic is nonnormative pending chosen-format/source review; accepted-ID usability is conditional on reset204. No table-detail endpoint is invented.,python opaque_id_probe.py --base CURRENT_URL --peer INDEPENDENT_PEER_URL --candidate FULL_NAMED_CANDIDATE --out NEW_UNIQUE_DIRECTORY,TK1-opaque-restaurant-astral-cancel-release,Cancel releases the exact accepted table ID in correctly encoded availability. Fixture scenario: restaurant/astral.,True,3.3 / 3.4 / 4 / 7 / 8 / 10 / 11,90,systems-engineer,independent raw HTTP conditional on accepted fixture
1,"1,2,3,4",independent-verifier,PENDING_NAMED_CANDIDATE,UNVERIFIED,unverified,Fixture admission diagnostic is nonnormative pending chosen-format/source review; accepted-ID usability is conditional on reset204. No table-detail endpoint is invented.,python opaque_id_probe.py --base CURRENT_URL --peer INDEPENDENT_PEER_URL --candidate FULL_NAMED_CANDIDATE --out NEW_UNIQUE_DIRECTORY,TK1-opaque-restaurant-astral-unknown-route,A correctly encoded unknown ordinary restaurant ID gives404 not_found. Fixture scenario: restaurant/astral.,True,3.3 / 3.4 / 4 / 7 / 8 / 10 / 11,90,systems-engineer,independent raw HTTP conditional on accepted fixture
1,"1,2,3,4",independent-verifier,PENDING_NAMED_CANDIDATE,UNVERIFIED,unverified,Fixture admission diagnostic is nonnormative pending chosen-format/source review; accepted-ID usability is conditional on reset204. No table-detail endpoint is invented.,python opaque_id_probe.py --base CURRENT_URL --peer INDEPENDENT_PEER_URL --candidate FULL_NAMED_CANDIDATE --out NEW_UNIQUE_DIRECTORY,TK1-opaque-restaurant-mixed-reserved-admission,Observe fixture admission for restaurant ID mixed-reserved before source applicability is adjudicated; no lexical defect inferred from refusal.,False,3.4 / 4,90,systems-engineer,independent raw fixture admission diagnostic
1,"1,2,3,4",independent-verifier,PENDING_NAMED_CANDIDATE,UNVERIFIED,unverified,Fixture admission diagnostic is nonnormative pending chosen-format/source review; accepted-ID usability is conditional on reset204. No table-detail endpoint is invented.,python opaque_id_probe.py --base CURRENT_URL --peer INDEPENDENT_PEER_URL --candidate FULL_NAMED_CANDIDATE --out NEW_UNIQUE_DIRECTORY,TK1-opaque-restaurant-mixed-reserved-list,Public restaurant listing retains the accepted restaurant ID exactly. Fixture scenario: restaurant/mixed-reserved.,True,3.3 / 3.4 / 4 / 7 / 8 / 10 / 11,90,systems-engineer,independent raw HTTP conditional on accepted fixture
1,"1,2,3,4",independent-verifier,PENDING_NAMED_CANDIDATE,UNVERIFIED,unverified,Fixture admission diagnostic is nonnormative pending chosen-format/source review; accepted-ID usability is conditional on reset204. No table-detail endpoint is invented.,python opaque_id_probe.py --base CURRENT_URL --peer INDEPENDENT_PEER_URL --candidate FULL_NAMED_CANDIDATE --out NEW_UNIQUE_DIRECTORY,TK1-opaque-restaurant-mixed-reserved-detail-status,The correctly percent-encoded accepted restaurant detail route returns200. Fixture scenario: restaurant/mixed-reserved.,True,3.3 / 3.4 / 4 / 7 / 8 / 10 / 11,90,interface-engineer,independent raw HTTP conditional on accepted fixture
1,"1,2,3,4",independent-verifier,PENDING_NAMED_CANDIDATE,UNVERIFIED,unverified,Fixture admission diagnostic is nonnormative pending chosen-format/source review; accepted-ID usability is conditional on reset204. No table-detail endpoint is invented.,python opaque_id_probe.py --base CURRENT_URL --peer INDEPENDENT_PEER_URL --candidate FULL_NAMED_CANDIDATE --out NEW_UNIQUE_DIRECTORY,TK1-opaque-restaurant-mixed-reserved-detail-identity,Restaurant detail preserves accepted restaurant/table IDs in fixture order. Fixture scenario: restaurant/mixed-reserved.,True,3.3 / 3.4 / 4 / 7 / 8 / 10 / 11,90,interface-engineer,independent raw HTTP conditional on accepted fixture
1,"1,2,3,4",independent-verifier,PENDING_NAMED_CANDIDATE,UNVERIFIED,unverified,Fixture admission diagnostic is nonnormative pending chosen-format/source review; accepted-ID usability is conditional on reset204. No table-detail endpoint is invented.,python opaque_id_probe.py --base CURRENT_URL --peer INDEPENDENT_PEER_URL --candidate FULL_NAMED_CANDIDATE --out NEW_UNIQUE_DIRECTORY,TK1-opaque-restaurant-mixed-reserved-availability,Correctly encoded restaurant_id query returns exact IDs and the fitting fixture table order. Fixture scenario: restaurant/mixed-reserved.,True,3.3 / 3.4 / 4 / 7 / 8 / 10 / 11,90,systems-engineer,independent raw HTTP conditional on accepted fixture
1,"1,2,3,4",independent-verifier,PENDING_NAMED_CANDIDATE,UNVERIFIED,unverified,Fixture admission diagnostic is nonnormative pending chosen-format/source review; accepted-ID usability is conditional on reset204. No table-detail endpoint is invented.,python opaque_id_probe.py --base CURRENT_URL --peer INDEPENDENT_PEER_URL --candidate FULL_NAMED_CANDIDATE --out NEW_UNIQUE_DIRECTORY,TK1-opaque-restaurant-mixed-reserved-create-status,Create with exact accepted restaurant/table IDs succeeds201. Fixture scenario: restaurant/mixed-reserved.,True,3.3 / 3.4 / 4 / 7 / 8 / 10 / 11,90,systems-engineer,independent raw HTTP conditional on accepted fixture
1,"1,2,3,4",independent-verifier,PENDING_NAMED_CANDIDATE,UNVERIFIED,unverified,Fixture admission diagnostic is nonnormative pending chosen-format/source review; accepted-ID usability is conditional on reset204. No table-detail endpoint is invented.,python opaque_id_probe.py --base CURRENT_URL --peer INDEPENDENT_PEER_URL --candidate FULL_NAMED_CANDIDATE --out NEW_UNIQUE_DIRECTORY,TK1-opaque-restaurant-mixed-reserved-create-identity,Create response retains exact accepted IDs and a valid stable reference. Fixture scenario: restaurant/mixed-reserved.,True,3.3 / 3.4 / 4 / 7 / 8 / 10 / 11,90,systems-engineer,independent raw HTTP conditional on accepted fixture
1,"1,2,3,4",independent-verifier,PENDING_NAMED_CANDIDATE,UNVERIFIED,unverified,Fixture admission diagnostic is nonnormative pending chosen-format/source review; accepted-ID usability is conditional on reset204. No table-detail endpoint is invented.,python opaque_id_probe.py --base CURRENT_URL --peer INDEPENDENT_PEER_URL --candidate FULL_NAMED_CANDIDATE --out NEW_UNIQUE_DIRECTORY,TK1-opaque-restaurant-mixed-reserved-create-replay,An unchanged successful create body/key replays its original response200. Fixture scenario: restaurant/mixed-reserved.,True,3.3 / 3.4 / 4 / 7 / 8 / 10 / 11,90,systems-engineer,independent raw HTTP conditional on accepted fixture
1,"1,2,3,4",independent-verifier,PENDING_NAMED_CANDIDATE,UNVERIFIED,unverified,Fixture admission diagnostic is nonnormative pending chosen-format/source review; accepted-ID usability is conditional on reset204. No table-detail endpoint is invented.,python opaque_id_probe.py --base CURRENT_URL --peer INDEPENDENT_PEER_URL --candidate FULL_NAMED_CANDIDATE --out NEW_UNIQUE_DIRECTORY,TK1-opaque-restaurant-mixed-reserved-lookup,Owner lookup returns the same accepted IDs and reservation identity. Fixture scenario: restaurant/mixed-reserved.,True,3.3 / 3.4 / 4 / 7 / 8 / 10 / 11,90,systems-engineer,independent raw HTTP conditional on accepted fixture
1,"1,2,3,4",independent-verifier,PENDING_NAMED_CANDIDATE,UNVERIFIED,unverified,Fixture admission diagnostic is nonnormative pending chosen-format/source review; accepted-ID usability is conditional on reset204. No table-detail endpoint is invented.,python opaque_id_probe.py --base CURRENT_URL --peer INDEPENDENT_PEER_URL --candidate FULL_NAMED_CANDIDATE --out NEW_UNIQUE_DIRECTORY,TK1-opaque-restaurant-mixed-reserved-amend,Amendment to the second accepted table retains identity and returns that exact table ID. Fixture scenario: restaurant/mixed-reserved.,True,3.3 / 3.4 / 4 / 7 / 8 / 10 / 11,90,systems-engineer,independent raw HTTP conditional on accepted fixture
1,"1,2,3,4",independent-verifier,PENDING_NAMED_CANDIDATE,UNVERIFIED,unverified,Fixture admission diagnostic is nonnormative pending chosen-format/source review; accepted-ID usability is conditional on reset204. No table-detail endpoint is invented.,python opaque_id_probe.py --base CURRENT_URL --peer INDEPENDENT_PEER_URL --candidate FULL_NAMED_CANDIDATE --out NEW_UNIQUE_DIRECTORY,TK1-opaque-restaurant-mixed-reserved-moves,A batch move back to the first accepted table succeeds and preserves exact IDs/identity. Fixture scenario: restaurant/mixed-reserved.,True,3.3 / 3.4 / 4 / 7 / 8 / 10 / 11,90,systems-engineer,independent raw HTTP conditional on accepted fixture
1,"1,2,3,4",independent-verifier,PENDING_NAMED_CANDIDATE,UNVERIFIED,unverified,Fixture admission diagnostic is nonnormative pending chosen-format/source review; accepted-ID usability is conditional on reset204. No table-detail endpoint is invented.,python opaque_id_probe.py --base CURRENT_URL --peer INDEPENDENT_PEER_URL --candidate FULL_NAMED_CANDIDATE --out NEW_UNIQUE_DIRECTORY,TK1-opaque-restaurant-mixed-reserved-import-current,Unchanged export into an independent destination preserves token/current IDs/reference. Fixture scenario: restaurant/mixed-reserved.,True,3.3 / 3.4 / 4 / 7 / 8 / 10 / 11,90,systems-engineer,independent raw HTTP conditional on accepted fixture
1,"1,2,3,4",independent-verifier,PENDING_NAMED_CANDIDATE,UNVERIFIED,unverified,Fixture admission diagnostic is nonnormative pending chosen-format/source review; accepted-ID usability is conditional on reset204. No table-detail endpoint is invented.,python opaque_id_probe.py --base CURRENT_URL --peer INDEPENDENT_PEER_URL --candidate FULL_NAMED_CANDIDATE --out NEW_UNIQUE_DIRECTORY,TK1-opaque-restaurant-mixed-reserved-import-original,The original create receipt replays unchanged after independent replacement. Fixture scenario: restaurant/mixed-reserved.,True,3.3 / 3.4 / 4 / 7 / 8 / 10 / 11,90,systems-engineer,independent raw HTTP conditional on accepted fixture
1,"1,2,3,4",independent-verifier,PENDING_NAMED_CANDIDATE,UNVERIFIED,unverified,Fixture admission diagnostic is nonnormative pending chosen-format/source review; accepted-ID usability is conditional on reset204. No table-detail endpoint is invented.,python opaque_id_probe.py --base CURRENT_URL --peer INDEPENDENT_PEER_URL --candidate FULL_NAMED_CANDIDATE --out NEW_UNIQUE_DIRECTORY,TK1-opaque-restaurant-mixed-reserved-cancel-release,Cancel releases the exact accepted table ID in correctly encoded availability. Fixture scenario: restaurant/mixed-reserved.,True,3.3 / 3.4 / 4 / 7 / 8 / 10 / 11,90,systems-engineer,independent raw HTTP conditional on accepted fixture
1,"1,2,3,4",independent-verifier,PENDING_NAMED_CANDIDATE,UNVERIFIED,unverified,Fixture admission diagnostic is nonnormative pending chosen-format/source review; accepted-ID usability is conditional on reset204. No table-detail endpoint is invented.,python opaque_id_probe.py --base CURRENT_URL --peer INDEPENDENT_PEER_URL --candidate FULL_NAMED_CANDIDATE --out NEW_UNIQUE_DIRECTORY,TK1-opaque-restaurant-mixed-reserved-unknown-route,A correctly encoded unknown ordinary restaurant ID gives404 not_found. Fixture scenario: restaurant/mixed-reserved.,True,3.3 / 3.4 / 4 / 7 / 8 / 10 / 11,90,systems-engineer,independent raw HTTP conditional on accepted fixture
1,"1,2,3,4",independent-verifier,PENDING_NAMED_CANDIDATE,UNVERIFIED,unverified,Fixture admission diagnostic is nonnormative pending chosen-format/source review; accepted-ID usability is conditional on reset204. No table-detail endpoint is invented.,python opaque_id_probe.py --base CURRENT_URL --peer INDEPENDENT_PEER_URL --candidate FULL_NAMED_CANDIDATE --out NEW_UNIQUE_DIRECTORY,TK1-opaque-restaurant-ascii64-admission,Observe fixture admission for restaurant ID ascii64 before source applicability is adjudicated; no lexical defect inferred from refusal.,False,3.4 / 4,90,systems-engineer,independent raw fixture admission diagnostic
1,"1,2,3,4",independent-verifier,PENDING_NAMED_CANDIDATE,UNVERIFIED,unverified,Fixture admission diagnostic is nonnormative pending chosen-format/source review; accepted-ID usability is conditional on reset204. No table-detail endpoint is invented.,python opaque_id_probe.py --base CURRENT_URL --peer INDEPENDENT_PEER_URL --candidate FULL_NAMED_CANDIDATE --out NEW_UNIQUE_DIRECTORY,TK1-opaque-restaurant-ascii64-list,Public restaurant listing retains the accepted restaurant ID exactly. Fixture scenario: restaurant/ascii64.,True,3.3 / 3.4 / 4 / 7 / 8 / 10 / 11,90,systems-engineer,independent raw HTTP conditional on accepted fixture
1,"1,2,3,4",independent-verifier,PENDING_NAMED_CANDIDATE,UNVERIFIED,unverified,Fixture admission diagnostic is nonnormative pending chosen-format/source review; accepted-ID usability is conditional on reset204. No table-detail endpoint is invented.,python opaque_id_probe.py --base CURRENT_URL --peer INDEPENDENT_PEER_URL --candidate FULL_NAMED_CANDIDATE --out NEW_UNIQUE_DIRECTORY,TK1-opaque-restaurant-ascii64-detail-status,The correctly percent-encoded accepted restaurant detail route returns200. Fixture scenario: restaurant/ascii64.,True,3.3 / 3.4 / 4 / 7 / 8 / 10 / 11,90,interface-engineer,independent raw HTTP conditional on accepted fixture
1,"1,2,3,4",independent-verifier,PENDING_NAMED_CANDIDATE,UNVERIFIED,unverified,Fixture admission diagnostic is nonnormative pending chosen-format/source review; accepted-ID usability is conditional on reset204. No table-detail endpoint is invented.,python opaque_id_probe.py --base CURRENT_URL --peer INDEPENDENT_PEER_URL --candidate FULL_NAMED_CANDIDATE --out NEW_UNIQUE_DIRECTORY,TK1-opaque-restaurant-ascii64-detail-identity,Restaurant detail preserves accepted restaurant/table IDs in fixture order. Fixture scenario: restaurant/ascii64.,True,3.3 / 3.4 / 4 / 7 / 8 / 10 / 11,90,interface-engineer,independent raw HTTP conditional on accepted fixture
1,"1,2,3,4",independent-verifier,PENDING_NAMED_CANDIDATE,UNVERIFIED,unverified,Fixture admission diagnostic is nonnormative pending chosen-format/source review; accepted-ID usability is conditional on reset204. No table-detail endpoint is invented.,python opaque_id_probe.py --base CURRENT_URL --peer INDEPENDENT_PEER_URL --candidate FULL_NAMED_CANDIDATE --out NEW_UNIQUE_DIRECTORY,TK1-opaque-restaurant-ascii64-availability,Correctly encoded restaurant_id query returns exact IDs and the fitting fixture table order. Fixture scenario: restaurant/ascii64.,True,3.3 / 3.4 / 4 / 7 / 8 / 10 / 11,90,systems-engineer,independent raw HTTP conditional on accepted fixture
1,"1,2,3,4",independent-verifier,PENDING_NAMED_CANDIDATE,UNVERIFIED,unverified,Fixture admission diagnostic is nonnormative pending chosen-format/source review; accepted-ID usability is conditional on reset204. No table-detail endpoint is invented.,python opaque_id_probe.py --base CURRENT_URL --peer INDEPENDENT_PEER_URL --candidate FULL_NAMED_CANDIDATE --out NEW_UNIQUE_DIRECTORY,TK1-opaque-restaurant-ascii64-create-status,Create with exact accepted restaurant/table IDs succeeds201. Fixture scenario: restaurant/ascii64.,True,3.3 / 3.4 / 4 / 7 / 8 / 10 / 11,90,systems-engineer,independent raw HTTP conditional on accepted fixture
1,"1,2,3,4",independent-verifier,PENDING_NAMED_CANDIDATE,UNVERIFIED,unverified,Fixture admission diagnostic is nonnormative pending chosen-format/source review; accepted-ID usability is conditional on reset204. No table-detail endpoint is invented.,python opaque_id_probe.py --base CURRENT_URL --peer INDEPENDENT_PEER_URL --candidate FULL_NAMED_CANDIDATE --out NEW_UNIQUE_DIRECTORY,TK1-opaque-restaurant-ascii64-create-identity,Create response retains exact accepted IDs and a valid stable reference. Fixture scenario: restaurant/ascii64.,True,3.3 / 3.4 / 4 / 7 / 8 / 10 / 11,90,systems-engineer,independent raw HTTP conditional on accepted fixture
1,"1,2,3,4",independent-verifier,PENDING_NAMED_CANDIDATE,UNVERIFIED,unverified,Fixture admission diagnostic is nonnormative pending chosen-format/source review; accepted-ID usability is conditional on reset204. No table-detail endpoint is invented.,python opaque_id_probe.py --base CURRENT_URL --peer INDEPENDENT_PEER_URL --candidate FULL_NAMED_CANDIDATE --out NEW_UNIQUE_DIRECTORY,TK1-opaque-restaurant-ascii64-create-replay,An unchanged successful create body/key replays its original response200. Fixture scenario: restaurant/ascii64.,True,3.3 / 3.4 / 4 / 7 / 8 / 10 / 11,90,systems-engineer,independent raw HTTP conditional on accepted fixture
1,"1,2,3,4",independent-verifier,PENDING_NAMED_CANDIDATE,UNVERIFIED,unverified,Fixture admission diagnostic is nonnormative pending chosen-format/source review; accepted-ID usability is conditional on reset204. No table-detail endpoint is invented.,python opaque_id_probe.py --base CURRENT_URL --peer INDEPENDENT_PEER_URL --candidate FULL_NAMED_CANDIDATE --out NEW_UNIQUE_DIRECTORY,TK1-opaque-restaurant-ascii64-lookup,Owner lookup returns the same accepted IDs and reservation identity. Fixture scenario: restaurant/ascii64.,True,3.3 / 3.4 / 4 / 7 / 8 / 10 / 11,90,systems-engineer,independent raw HTTP conditional on accepted fixture
1,"1,2,3,4",independent-verifier,PENDING_NAMED_CANDIDATE,UNVERIFIED,unverified,Fixture admission diagnostic is nonnormative pending chosen-format/source review; accepted-ID usability is conditional on reset204. No table-detail endpoint is invented.,python opaque_id_probe.py --base CURRENT_URL --peer INDEPENDENT_PEER_URL --candidate FULL_NAMED_CANDIDATE --out NEW_UNIQUE_DIRECTORY,TK1-opaque-restaurant-ascii64-amend,Amendment to the second accepted table retains identity and returns that exact table ID. Fixture scenario: restaurant/ascii64.,True,3.3 / 3.4 / 4 / 7 / 8 / 10 / 11,90,systems-engineer,independent raw HTTP conditional on accepted fixture
1,"1,2,3,4",independent-verifier,PENDING_NAMED_CANDIDATE,UNVERIFIED,unverified,Fixture admission diagnostic is nonnormative pending chosen-format/source review; accepted-ID usability is conditional on reset204. No table-detail endpoint is invented.,python opaque_id_probe.py --base CURRENT_URL --peer INDEPENDENT_PEER_URL --candidate FULL_NAMED_CANDIDATE --out NEW_UNIQUE_DIRECTORY,TK1-opaque-restaurant-ascii64-moves,A batch move back to the first accepted table succeeds and preserves exact IDs/identity. Fixture scenario: restaurant/ascii64.,True,3.3 / 3.4 / 4 / 7 / 8 / 10 / 11,90,systems-engineer,independent raw HTTP conditional on accepted fixture
1,"1,2,3,4",independent-verifier,PENDING_NAMED_CANDIDATE,UNVERIFIED,unverified,Fixture admission diagnostic is nonnormative pending chosen-format/source review; accepted-ID usability is conditional on reset204. No table-detail endpoint is invented.,python opaque_id_probe.py --base CURRENT_URL --peer INDEPENDENT_PEER_URL --candidate FULL_NAMED_CANDIDATE --out NEW_UNIQUE_DIRECTORY,TK1-opaque-restaurant-ascii64-import-current,Unchanged export into an independent destination preserves token/current IDs/reference. Fixture scenario: restaurant/ascii64.,True,3.3 / 3.4 / 4 / 7 / 8 / 10 / 11,90,systems-engineer,independent raw HTTP conditional on accepted fixture
1,"1,2,3,4",independent-verifier,PENDING_NAMED_CANDIDATE,UNVERIFIED,unverified,Fixture admission diagnostic is nonnormative pending chosen-format/source review; accepted-ID usability is conditional on reset204. No table-detail endpoint is invented.,python opaque_id_probe.py --base CURRENT_URL --peer INDEPENDENT_PEER_URL --candidate FULL_NAMED_CANDIDATE --out NEW_UNIQUE_DIRECTORY,TK1-opaque-restaurant-ascii64-import-original,The original create receipt replays unchanged after independent replacement. Fixture scenario: restaurant/ascii64.,True,3.3 / 3.4 / 4 / 7 / 8 / 10 / 11,90,systems-engineer,independent raw HTTP conditional on accepted fixture
1,"1,2,3,4",independent-verifier,PENDING_NAMED_CANDIDATE,UNVERIFIED,unverified,Fixture admission diagnostic is nonnormative pending chosen-format/source review; accepted-ID usability is conditional on reset204. No table-detail endpoint is invented.,python opaque_id_probe.py --base CURRENT_URL --peer INDEPENDENT_PEER_URL --candidate FULL_NAMED_CANDIDATE --out NEW_UNIQUE_DIRECTORY,TK1-opaque-restaurant-ascii64-cancel-release,Cancel releases the exact accepted table ID in correctly encoded availability. Fixture scenario: restaurant/ascii64.,True,3.3 / 3.4 / 4 / 7 / 8 / 10 / 11,90,systems-engineer,independent raw HTTP conditional on accepted fixture
1,"1,2,3,4",independent-verifier,PENDING_NAMED_CANDIDATE,UNVERIFIED,unverified,Fixture admission diagnostic is nonnormative pending chosen-format/source review; accepted-ID usability is conditional on reset204. No table-detail endpoint is invented.,python opaque_id_probe.py --base CURRENT_URL --peer INDEPENDENT_PEER_URL --candidate FULL_NAMED_CANDIDATE --out NEW_UNIQUE_DIRECTORY,TK1-opaque-restaurant-ascii64-unknown-route,A correctly encoded unknown ordinary restaurant ID gives404 not_found. Fixture scenario: restaurant/ascii64.,True,3.3 / 3.4 / 4 / 7 / 8 / 10 / 11,90,systems-engineer,independent raw HTTP conditional on accepted fixture
1,"1,2,3,4",independent-verifier,PENDING_NAMED_CANDIDATE,UNVERIFIED,unverified,Fixture admission diagnostic is nonnormative pending chosen-format/source review; accepted-ID usability is conditional on reset204. No table-detail endpoint is invented.,python opaque_id_probe.py --base CURRENT_URL --peer INDEPENDENT_PEER_URL --candidate FULL_NAMED_CANDIDATE --out NEW_UNIQUE_DIRECTORY,TK1-opaque-restaurant-unicode64-admission,Observe fixture admission for restaurant ID unicode64 before source applicability is adjudicated; no lexical defect inferred from refusal.,False,3.4 / 4,90,systems-engineer,independent raw fixture admission diagnostic
1,"1,2,3,4",independent-verifier,PENDING_NAMED_CANDIDATE,UNVERIFIED,unverified,Fixture admission diagnostic is nonnormative pending chosen-format/source review; accepted-ID usability is conditional on reset204. No table-detail endpoint is invented.,python opaque_id_probe.py --base CURRENT_URL --peer INDEPENDENT_PEER_URL --candidate FULL_NAMED_CANDIDATE --out NEW_UNIQUE_DIRECTORY,TK1-opaque-restaurant-unicode64-list,Public restaurant listing retains the accepted restaurant ID exactly. Fixture scenario: restaurant/unicode64.,True,3.3 / 3.4 / 4 / 7 / 8 / 10 / 11,90,systems-engineer,independent raw HTTP conditional on accepted fixture
1,"1,2,3,4",independent-verifier,PENDING_NAMED_CANDIDATE,UNVERIFIED,unverified,Fixture admission diagnostic is nonnormative pending chosen-format/source review; accepted-ID usability is conditional on reset204. No table-detail endpoint is invented.,python opaque_id_probe.py --base CURRENT_URL --peer INDEPENDENT_PEER_URL --candidate FULL_NAMED_CANDIDATE --out NEW_UNIQUE_DIRECTORY,TK1-opaque-restaurant-unicode64-detail-status,The correctly percent-encoded accepted restaurant detail route returns200. Fixture scenario: restaurant/unicode64.,True,3.3 / 3.4 / 4 / 7 / 8 / 10 / 11,90,interface-engineer,independent raw HTTP conditional on accepted fixture
1,"1,2,3,4",independent-verifier,PENDING_NAMED_CANDIDATE,UNVERIFIED,unverified,Fixture admission diagnostic is nonnormative pending chosen-format/source review; accepted-ID usability is conditional on reset204. No table-detail endpoint is invented.,python opaque_id_probe.py --base CURRENT_URL --peer INDEPENDENT_PEER_URL --candidate FULL_NAMED_CANDIDATE --out NEW_UNIQUE_DIRECTORY,TK1-opaque-restaurant-unicode64-detail-identity,Restaurant detail preserves accepted restaurant/table IDs in fixture order. Fixture scenario: restaurant/unicode64.,True,3.3 / 3.4 / 4 / 7 / 8 / 10 / 11,90,interface-engineer,independent raw HTTP conditional on accepted fixture
1,"1,2,3,4",independent-verifier,PENDING_NAMED_CANDIDATE,UNVERIFIED,unverified,Fixture admission diagnostic is nonnormative pending chosen-format/source review; accepted-ID usability is conditional on reset204. No table-detail endpoint is invented.,python opaque_id_probe.py --base CURRENT_URL --peer INDEPENDENT_PEER_URL --candidate FULL_NAMED_CANDIDATE --out NEW_UNIQUE_DIRECTORY,TK1-opaque-restaurant-unicode64-availability,Correctly encoded restaurant_id query returns exact IDs and the fitting fixture table order. Fixture scenario: restaurant/unicode64.,True,3.3 / 3.4 / 4 / 7 / 8 / 10 / 11,90,systems-engineer,independent raw HTTP conditional on accepted fixture
1,"1,2,3,4",independent-verifier,PENDING_NAMED_CANDIDATE,UNVERIFIED,unverified,Fixture admission diagnostic is nonnormative pending chosen-format/source review; accepted-ID usability is conditional on reset204. No table-detail endpoint is invented.,python opaque_id_probe.py --base CURRENT_URL --peer INDEPENDENT_PEER_URL --candidate FULL_NAMED_CANDIDATE --out NEW_UNIQUE_DIRECTORY,TK1-opaque-restaurant-unicode64-create-status,Create with exact accepted restaurant/table IDs succeeds201. Fixture scenario: restaurant/unicode64.,True,3.3 / 3.4 / 4 / 7 / 8 / 10 / 11,90,systems-engineer,independent raw HTTP conditional on accepted fixture
1,"1,2,3,4",independent-verifier,PENDING_NAMED_CANDIDATE,UNVERIFIED,unverified,Fixture admission diagnostic is nonnormative pending chosen-format/source review; accepted-ID usability is conditional on reset204. No table-detail endpoint is invented.,python opaque_id_probe.py --base CURRENT_URL --peer INDEPENDENT_PEER_URL --candidate FULL_NAMED_CANDIDATE --out NEW_UNIQUE_DIRECTORY,TK1-opaque-restaurant-unicode64-create-identity,Create response retains exact accepted IDs and a valid stable reference. Fixture scenario: restaurant/unicode64.,True,3.3 / 3.4 / 4 / 7 / 8 / 10 / 11,90,systems-engineer,independent raw HTTP conditional on accepted fixture
1,"1,2,3,4",independent-verifier,PENDING_NAMED_CANDIDATE,UNVERIFIED,unverified,Fixture admission diagnostic is nonnormative pending chosen-format/source review; accepted-ID usability is conditional on reset204. No table-detail endpoint is invented.,python opaque_id_probe.py --base CURRENT_URL --peer INDEPENDENT_PEER_URL --candidate FULL_NAMED_CANDIDATE --out NEW_UNIQUE_DIRECTORY,TK1-opaque-restaurant-unicode64-create-replay,An unchanged successful create body/key replays its original response200. Fixture scenario: restaurant/unicode64.,True,3.3 / 3.4 / 4 / 7 / 8 / 10 / 11,90,systems-engineer,independent raw HTTP conditional on accepted fixture
1,"1,2,3,4",independent-verifier,PENDING_NAMED_CANDIDATE,UNVERIFIED,unverified,Fixture admission diagnostic is nonnormative pending chosen-format/source review; accepted-ID usability is conditional on reset204. No table-detail endpoint is invented.,python opaque_id_probe.py --base CURRENT_URL --peer INDEPENDENT_PEER_URL --candidate FULL_NAMED_CANDIDATE --out NEW_UNIQUE_DIRECTORY,TK1-opaque-restaurant-unicode64-lookup,Owner lookup returns the same accepted IDs and reservation identity. Fixture scenario: restaurant/unicode64.,True,3.3 / 3.4 / 4 / 7 / 8 / 10 / 11,90,systems-engineer,independent raw HTTP conditional on accepted fixture
1,"1,2,3,4",independent-verifier,PENDING_NAMED_CANDIDATE,UNVERIFIED,unverified,Fixture admission diagnostic is nonnormative pending chosen-format/source review; accepted-ID usability is conditional on reset204. No table-detail endpoint is invented.,python opaque_id_probe.py --base CURRENT_URL --peer INDEPENDENT_PEER_URL --candidate FULL_NAMED_CANDIDATE --out NEW_UNIQUE_DIRECTORY,TK1-opaque-restaurant-unicode64-amend,Amendment to the second accepted table retains identity and returns that exact table ID. Fixture scenario: restaurant/unicode64.,True,3.3 / 3.4 / 4 / 7 / 8 / 10 / 11,90,systems-engineer,independent raw HTTP conditional on accepted fixture
1,"1,2,3,4",independent-verifier,PENDING_NAMED_CANDIDATE,UNVERIFIED,unverified,Fixture admission diagnostic is nonnormative pending chosen-format/source review; accepted-ID usability is conditional on reset204. No table-detail endpoint is invented.,python opaque_id_probe.py --base CURRENT_URL --peer INDEPENDENT_PEER_URL --candidate FULL_NAMED_CANDIDATE --out NEW_UNIQUE_DIRECTORY,TK1-opaque-restaurant-unicode64-moves,A batch move back to the first accepted table succeeds and preserves exact IDs/identity. Fixture scenario: restaurant/unicode64.,True,3.3 / 3.4 / 4 / 7 / 8 / 10 / 11,90,systems-engineer,independent raw HTTP conditional on accepted fixture
1,"1,2,3,4",independent-verifier,PENDING_NAMED_CANDIDATE,UNVERIFIED,unverified,Fixture admission diagnostic is nonnormative pending chosen-format/source review; accepted-ID usability is conditional on reset204. No table-detail endpoint is invented.,python opaque_id_probe.py --base CURRENT_URL --peer INDEPENDENT_PEER_URL --candidate FULL_NAMED_CANDIDATE --out NEW_UNIQUE_DIRECTORY,TK1-opaque-restaurant-unicode64-import-current,Unchanged export into an independent destination preserves token/current IDs/reference. Fixture scenario: restaurant/unicode64.,True,3.3 / 3.4 / 4 / 7 / 8 / 10 / 11,90,systems-engineer,independent raw HTTP conditional on accepted fixture
1,"1,2,3,4",independent-verifier,PENDING_NAMED_CANDIDATE,UNVERIFIED,unverified,Fixture admission diagnostic is nonnormative pending chosen-format/source review; accepted-ID usability is conditional on reset204. No table-detail endpoint is invented.,python opaque_id_probe.py --base CURRENT_URL --peer INDEPENDENT_PEER_URL --candidate FULL_NAMED_CANDIDATE --out NEW_UNIQUE_DIRECTORY,TK1-opaque-restaurant-unicode64-import-original,The original create receipt replays unchanged after independent replacement. Fixture scenario: restaurant/unicode64.,True,3.3 / 3.4 / 4 / 7 / 8 / 10 / 11,90,systems-engineer,independent raw HTTP conditional on accepted fixture
1,"1,2,3,4",independent-verifier,PENDING_NAMED_CANDIDATE,UNVERIFIED,unverified,Fixture admission diagnostic is nonnormative pending chosen-format/source review; accepted-ID usability is conditional on reset204. No table-detail endpoint is invented.,python opaque_id_probe.py --base CURRENT_URL --peer INDEPENDENT_PEER_URL --candidate FULL_NAMED_CANDIDATE --out NEW_UNIQUE_DIRECTORY,TK1-opaque-restaurant-unicode64-cancel-release,Cancel releases the exact accepted table ID in correctly encoded availability. Fixture scenario: restaurant/unicode64.,True,3.3 / 3.4 / 4 / 7 / 8 / 10 / 11,90,systems-engineer,independent raw HTTP conditional on accepted fixture
1,"1,2,3,4",independent-verifier,PENDING_NAMED_CANDIDATE,UNVERIFIED,unverified,Fixture admission diagnostic is nonnormative pending chosen-format/source review; accepted-ID usability is conditional on reset204. No table-detail endpoint is invented.,python opaque_id_probe.py --base CURRENT_URL --peer INDEPENDENT_PEER_URL --candidate FULL_NAMED_CANDIDATE --out NEW_UNIQUE_DIRECTORY,TK1-opaque-restaurant-unicode64-unknown-route,A correctly encoded unknown ordinary restaurant ID gives404 not_found. Fixture scenario: restaurant/unicode64.,True,3.3 / 3.4 / 4 / 7 / 8 / 10 / 11,90,systems-engineer,independent raw HTTP conditional on accepted fixture
1,"1,2,3,4",independent-verifier,PENDING_NAMED_CANDIDATE,UNVERIFIED,unverified,Fixture admission diagnostic is nonnormative pending chosen-format/source review; accepted-ID usability is conditional on reset204. No table-detail endpoint is invented.,python opaque_id_probe.py --base CURRENT_URL --peer INDEPENDENT_PEER_URL --candidate FULL_NAMED_CANDIDATE --out NEW_UNIQUE_DIRECTORY,TK1-opaque-table-ordinary-admission,Observe fixture admission for table ID ordinary before source applicability is adjudicated; no lexical defect inferred from refusal.,False,3.4 / 4,90,systems-engineer,independent raw fixture admission diagnostic
1,"1,2,3,4",independent-verifier,PENDING_NAMED_CANDIDATE,UNVERIFIED,unverified,Fixture admission diagnostic is nonnormative pending chosen-format/source review; accepted-ID usability is conditional on reset204. No table-detail endpoint is invented.,python opaque_id_probe.py --base CURRENT_URL --peer INDEPENDENT_PEER_URL --candidate FULL_NAMED_CANDIDATE --out NEW_UNIQUE_DIRECTORY,TK1-opaque-table-ordinary-list,Public restaurant listing retains the accepted restaurant ID exactly. Fixture scenario: table/ordinary.,True,3.3 / 3.4 / 4 / 7 / 8 / 10 / 11,90,systems-engineer,independent raw HTTP conditional on accepted fixture
1,"1,2,3,4",independent-verifier,PENDING_NAMED_CANDIDATE,UNVERIFIED,unverified,Fixture admission diagnostic is nonnormative pending chosen-format/source review; accepted-ID usability is conditional on reset204. No table-detail endpoint is invented.,python opaque_id_probe.py --base CURRENT_URL --peer INDEPENDENT_PEER_URL --candidate FULL_NAMED_CANDIDATE --out NEW_UNIQUE_DIRECTORY,TK1-opaque-table-ordinary-detail-status,The correctly percent-encoded accepted restaurant detail route returns200. Fixture scenario: table/ordinary.,True,3.3 / 3.4 / 4 / 7 / 8 / 10 / 11,90,interface-engineer,independent raw HTTP conditional on accepted fixture
1,"1,2,3,4",independent-verifier,PENDING_NAMED_CANDIDATE,UNVERIFIED,unverified,Fixture admission diagnostic is nonnormative pending chosen-format/source review; accepted-ID usability is conditional on reset204. No table-detail endpoint is invented.,python opaque_id_probe.py --base CURRENT_URL --peer INDEPENDENT_PEER_URL --candidate FULL_NAMED_CANDIDATE --out NEW_UNIQUE_DIRECTORY,TK1-opaque-table-ordinary-detail-identity,Restaurant detail preserves accepted restaurant/table IDs in fixture order. Fixture scenario: table/ordinary.,True,3.3 / 3.4 / 4 / 7 / 8 / 10 / 11,90,interface-engineer,independent raw HTTP conditional on accepted fixture
1,"1,2,3,4",independent-verifier,PENDING_NAMED_CANDIDATE,UNVERIFIED,unverified,Fixture admission diagnostic is nonnormative pending chosen-format/source review; accepted-ID usability is conditional on reset204. No table-detail endpoint is invented.,python opaque_id_probe.py --base CURRENT_URL --peer INDEPENDENT_PEER_URL --candidate FULL_NAMED_CANDIDATE --out NEW_UNIQUE_DIRECTORY,TK1-opaque-table-ordinary-availability,Correctly encoded restaurant_id query returns exact IDs and the fitting fixture table order. Fixture scenario: table/ordinary.,True,3.3 / 3.4 / 4 / 7 / 8 / 10 / 11,90,systems-engineer,independent raw HTTP conditional on accepted fixture
1,"1,2,3,4",independent-verifier,PENDING_NAMED_CANDIDATE,UNVERIFIED,unverified,Fixture admission diagnostic is nonnormative pending chosen-format/source review; accepted-ID usability is conditional on reset204. No table-detail endpoint is invented.,python opaque_id_probe.py --base CURRENT_URL --peer INDEPENDENT_PEER_URL --candidate FULL_NAMED_CANDIDATE --out NEW_UNIQUE_DIRECTORY,TK1-opaque-table-ordinary-create-status,Create with exact accepted restaurant/table IDs succeeds201. Fixture scenario: table/ordinary.,True,3.3 / 3.4 / 4 / 7 / 8 / 10 / 11,90,systems-engineer,independent raw HTTP conditional on accepted fixture
1,"1,2,3,4",independent-verifier,PENDING_NAMED_CANDIDATE,UNVERIFIED,unverified,Fixture admission diagnostic is nonnormative pending chosen-format/source review; accepted-ID usability is conditional on reset204. No table-detail endpoint is invented.,python opaque_id_probe.py --base CURRENT_URL --peer INDEPENDENT_PEER_URL --candidate FULL_NAMED_CANDIDATE --out NEW_UNIQUE_DIRECTORY,TK1-opaque-table-ordinary-create-identity,Create response retains exact accepted IDs and a valid stable reference. Fixture scenario: table/ordinary.,True,3.3 / 3.4 / 4 / 7 / 8 / 10 / 11,90,systems-engineer,independent raw HTTP conditional on accepted fixture
1,"1,2,3,4",independent-verifier,PENDING_NAMED_CANDIDATE,UNVERIFIED,unverified,Fixture admission diagnostic is nonnormative pending chosen-format/source review; accepted-ID usability is conditional on reset204. No table-detail endpoint is invented.,python opaque_id_probe.py --base CURRENT_URL --peer INDEPENDENT_PEER_URL --candidate FULL_NAMED_CANDIDATE --out NEW_UNIQUE_DIRECTORY,TK1-opaque-table-ordinary-create-replay,An unchanged successful create body/key replays its original response200. Fixture scenario: table/ordinary.,True,3.3 / 3.4 / 4 / 7 / 8 / 10 / 11,90,systems-engineer,independent raw HTTP conditional on accepted fixture
1,"1,2,3,4",independent-verifier,PENDING_NAMED_CANDIDATE,UNVERIFIED,unverified,Fixture admission diagnostic is nonnormative pending chosen-format/source review; accepted-ID usability is conditional on reset204. No table-detail endpoint is invented.,python opaque_id_probe.py --base CURRENT_URL --peer INDEPENDENT_PEER_URL --candidate FULL_NAMED_CANDIDATE --out NEW_UNIQUE_DIRECTORY,TK1-opaque-table-ordinary-lookup,Owner lookup returns the same accepted IDs and reservation identity. Fixture scenario: table/ordinary.,True,3.3 / 3.4 / 4 / 7 / 8 / 10 / 11,90,systems-engineer,independent raw HTTP conditional on accepted fixture
1,"1,2,3,4",independent-verifier,PENDING_NAMED_CANDIDATE,UNVERIFIED,unverified,Fixture admission diagnostic is nonnormative pending chosen-format/source review; accepted-ID usability is conditional on reset204. No table-detail endpoint is invented.,python opaque_id_probe.py --base CURRENT_URL --peer INDEPENDENT_PEER_URL --candidate FULL_NAMED_CANDIDATE --out NEW_UNIQUE_DIRECTORY,TK1-opaque-table-ordinary-amend,Amendment to the second accepted table retains identity and returns that exact table ID. Fixture scenario: table/ordinary.,True,3.3 / 3.4 / 4 / 7 / 8 / 10 / 11,90,systems-engineer,independent raw HTTP conditional on accepted fixture
1,"1,2,3,4",independent-verifier,PENDING_NAMED_CANDIDATE,UNVERIFIED,unverified,Fixture admission diagnostic is nonnormative pending chosen-format/source review; accepted-ID usability is conditional on reset204. No table-detail endpoint is invented.,python opaque_id_probe.py --base CURRENT_URL --peer INDEPENDENT_PEER_URL --candidate FULL_NAMED_CANDIDATE --out NEW_UNIQUE_DIRECTORY,TK1-opaque-table-ordinary-moves,A batch move back to the first accepted table succeeds and preserves exact IDs/identity. Fixture scenario: table/ordinary.,True,3.3 / 3.4 / 4 / 7 / 8 / 10 / 11,90,systems-engineer,independent raw HTTP conditional on accepted fixture
1,"1,2,3,4",independent-verifier,PENDING_NAMED_CANDIDATE,UNVERIFIED,unverified,Fixture admission diagnostic is nonnormative pending chosen-format/source review; accepted-ID usability is conditional on reset204. No table-detail endpoint is invented.,python opaque_id_probe.py --base CURRENT_URL --peer INDEPENDENT_PEER_URL --candidate FULL_NAMED_CANDIDATE --out NEW_UNIQUE_DIRECTORY,TK1-opaque-table-ordinary-import-current,Unchanged export into an independent destination preserves token/current IDs/reference. Fixture scenario: table/ordinary.,True,3.3 / 3.4 / 4 / 7 / 8 / 10 / 11,90,systems-engineer,independent raw HTTP conditional on accepted fixture
1,"1,2,3,4",independent-verifier,PENDING_NAMED_CANDIDATE,UNVERIFIED,unverified,Fixture admission diagnostic is nonnormative pending chosen-format/source review; accepted-ID usability is conditional on reset204. No table-detail endpoint is invented.,python opaque_id_probe.py --base CURRENT_URL --peer INDEPENDENT_PEER_URL --candidate FULL_NAMED_CANDIDATE --out NEW_UNIQUE_DIRECTORY,TK1-opaque-table-ordinary-import-original,The original create receipt replays unchanged after independent replacement. Fixture scenario: table/ordinary.,True,3.3 / 3.4 / 4 / 7 / 8 / 10 / 11,90,systems-engineer,independent raw HTTP conditional on accepted fixture
1,"1,2,3,4",independent-verifier,PENDING_NAMED_CANDIDATE,UNVERIFIED,unverified,Fixture admission diagnostic is nonnormative pending chosen-format/source review; accepted-ID usability is conditional on reset204. No table-detail endpoint is invented.,python opaque_id_probe.py --base CURRENT_URL --peer INDEPENDENT_PEER_URL --candidate FULL_NAMED_CANDIDATE --out NEW_UNIQUE_DIRECTORY,TK1-opaque-table-ordinary-cancel-release,Cancel releases the exact accepted table ID in correctly encoded availability. Fixture scenario: table/ordinary.,True,3.3 / 3.4 / 4 / 7 / 8 / 10 / 11,90,systems-engineer,independent raw HTTP conditional on accepted fixture
1,"1,2,3,4",independent-verifier,PENDING_NAMED_CANDIDATE,UNVERIFIED,unverified,Fixture admission diagnostic is nonnormative pending chosen-format/source review; accepted-ID usability is conditional on reset204. No table-detail endpoint is invented.,python opaque_id_probe.py --base CURRENT_URL --peer INDEPENDENT_PEER_URL --candidate FULL_NAMED_CANDIDATE --out NEW_UNIQUE_DIRECTORY,TK1-opaque-table-ordinary-unknown-route,A correctly encoded unknown ordinary restaurant ID gives404 not_found. Fixture scenario: table/ordinary.,True,3.3 / 3.4 / 4 / 7 / 8 / 10 / 11,90,systems-engineer,independent raw HTTP conditional on accepted fixture
1,"1,2,3,4",independent-verifier,PENDING_NAMED_CANDIDATE,UNVERIFIED,unverified,Fixture admission diagnostic is nonnormative pending chosen-format/source review; accepted-ID usability is conditional on reset204. No table-detail endpoint is invented.,python opaque_id_probe.py --base CURRENT_URL --peer INDEPENDENT_PEER_URL --candidate FULL_NAMED_CANDIDATE --out NEW_UNIQUE_DIRECTORY,TK1-opaque-table-slash-admission,Observe fixture admission for table ID slash before source applicability is adjudicated; no lexical defect inferred from refusal.,False,3.4 / 4,90,systems-engineer,independent raw fixture admission diagnostic
1,"1,2,3,4",independent-verifier,PENDING_NAMED_CANDIDATE,UNVERIFIED,unverified,Fixture admission diagnostic is nonnormative pending chosen-format/source review; accepted-ID usability is conditional on reset204. No table-detail endpoint is invented.,python opaque_id_probe.py --base CURRENT_URL --peer INDEPENDENT_PEER_URL --candidate FULL_NAMED_CANDIDATE --out NEW_UNIQUE_DIRECTORY,TK1-opaque-table-slash-list,Public restaurant listing retains the accepted restaurant ID exactly. Fixture scenario: table/slash.,True,3.3 / 3.4 / 4 / 7 / 8 / 10 / 11,90,systems-engineer,independent raw HTTP conditional on accepted fixture
1,"1,2,3,4",independent-verifier,PENDING_NAMED_CANDIDATE,UNVERIFIED,unverified,Fixture admission diagnostic is nonnormative pending chosen-format/source review; accepted-ID usability is conditional on reset204. No table-detail endpoint is invented.,python opaque_id_probe.py --base CURRENT_URL --peer INDEPENDENT_PEER_URL --candidate FULL_NAMED_CANDIDATE --out NEW_UNIQUE_DIRECTORY,TK1-opaque-table-slash-detail-status,The correctly percent-encoded accepted restaurant detail route returns200. Fixture scenario: table/slash.,True,3.3 / 3.4 / 4 / 7 / 8 / 10 / 11,90,interface-engineer,independent raw HTTP conditional on accepted fixture
1,"1,2,3,4",independent-verifier,PENDING_NAMED_CANDIDATE,UNVERIFIED,unverified,Fixture admission diagnostic is nonnormative pending chosen-format/source review; accepted-ID usability is conditional on reset204. No table-detail endpoint is invented.,python opaque_id_probe.py --base CURRENT_URL --peer INDEPENDENT_PEER_URL --candidate FULL_NAMED_CANDIDATE --out NEW_UNIQUE_DIRECTORY,TK1-opaque-table-slash-detail-identity,Restaurant detail preserves accepted restaurant/table IDs in fixture order. Fixture scenario: table/slash.,True,3.3 / 3.4 / 4 / 7 / 8 / 10 / 11,90,interface-engineer,independent raw HTTP conditional on accepted fixture
1,"1,2,3,4",independent-verifier,PENDING_NAMED_CANDIDATE,UNVERIFIED,unverified,Fixture admission diagnostic is nonnormative pending chosen-format/source review; accepted-ID usability is conditional on reset204. No table-detail endpoint is invented.,python opaque_id_probe.py --base CURRENT_URL --peer INDEPENDENT_PEER_URL --candidate FULL_NAMED_CANDIDATE --out NEW_UNIQUE_DIRECTORY,TK1-opaque-table-slash-availability,Correctly encoded restaurant_id query returns exact IDs and the fitting fixture table order. Fixture scenario: table/slash.,True,3.3 / 3.4 / 4 / 7 / 8 / 10 / 11,90,systems-engineer,independent raw HTTP conditional on accepted fixture
1,"1,2,3,4",independent-verifier,PENDING_NAMED_CANDIDATE,UNVERIFIED,unverified,Fixture admission diagnostic is nonnormative pending chosen-format/source review; accepted-ID usability is conditional on reset204. No table-detail endpoint is invented.,python opaque_id_probe.py --base CURRENT_URL --peer INDEPENDENT_PEER_URL --candidate FULL_NAMED_CANDIDATE --out NEW_UNIQUE_DIRECTORY,TK1-opaque-table-slash-create-status,Create with exact accepted restaurant/table IDs succeeds201. Fixture scenario: table/slash.,True,3.3 / 3.4 / 4 / 7 / 8 / 10 / 11,90,systems-engineer,independent raw HTTP conditional on accepted fixture
1,"1,2,3,4",independent-verifier,PENDING_NAMED_CANDIDATE,UNVERIFIED,unverified,Fixture admission diagnostic is nonnormative pending chosen-format/source review; accepted-ID usability is conditional on reset204. No table-detail endpoint is invented.,python opaque_id_probe.py --base CURRENT_URL --peer INDEPENDENT_PEER_URL --candidate FULL_NAMED_CANDIDATE --out NEW_UNIQUE_DIRECTORY,TK1-opaque-table-slash-create-identity,Create response retains exact accepted IDs and a valid stable reference. Fixture scenario: table/slash.,True,3.3 / 3.4 / 4 / 7 / 8 / 10 / 11,90,systems-engineer,independent raw HTTP conditional on accepted fixture
1,"1,2,3,4",independent-verifier,PENDING_NAMED_CANDIDATE,UNVERIFIED,unverified,Fixture admission diagnostic is nonnormative pending chosen-format/source review; accepted-ID usability is conditional on reset204. No table-detail endpoint is invented.,python opaque_id_probe.py --base CURRENT_URL --peer INDEPENDENT_PEER_URL --candidate FULL_NAMED_CANDIDATE --out NEW_UNIQUE_DIRECTORY,TK1-opaque-table-slash-create-replay,An unchanged successful create body/key replays its original response200. Fixture scenario: table/slash.,True,3.3 / 3.4 / 4 / 7 / 8 / 10 / 11,90,systems-engineer,independent raw HTTP conditional on accepted fixture
1,"1,2,3,4",independent-verifier,PENDING_NAMED_CANDIDATE,UNVERIFIED,unverified,Fixture admission diagnostic is nonnormative pending chosen-format/source review; accepted-ID usability is conditional on reset204. No table-detail endpoint is invented.,python opaque_id_probe.py --base CURRENT_URL --peer INDEPENDENT_PEER_URL --candidate FULL_NAMED_CANDIDATE --out NEW_UNIQUE_DIRECTORY,TK1-opaque-table-slash-lookup,Owner lookup returns the same accepted IDs and reservation identity. Fixture scenario: table/slash.,True,3.3 / 3.4 / 4 / 7 / 8 / 10 / 11,90,systems-engineer,independent raw HTTP conditional on accepted fixture
1,"1,2,3,4",independent-verifier,PENDING_NAMED_CANDIDATE,UNVERIFIED,unverified,Fixture admission diagnostic is nonnormative pending chosen-format/source review; accepted-ID usability is conditional on reset204. No table-detail endpoint is invented.,python opaque_id_probe.py --base CURRENT_URL --peer INDEPENDENT_PEER_URL --candidate FULL_NAMED_CANDIDATE --out NEW_UNIQUE_DIRECTORY,TK1-opaque-table-slash-amend,Amendment to the second accepted table retains identity and returns that exact table ID. Fixture scenario: table/slash.,True,3.3 / 3.4 / 4 / 7 / 8 / 10 / 11,90,systems-engineer,independent raw HTTP conditional on accepted fixture
1,"1,2,3,4",independent-verifier,PENDING_NAMED_CANDIDATE,UNVERIFIED,unverified,Fixture admission diagnostic is nonnormative pending chosen-format/source review; accepted-ID usability is conditional on reset204. No table-detail endpoint is invented.,python opaque_id_probe.py --base CURRENT_URL --peer INDEPENDENT_PEER_URL --candidate FULL_NAMED_CANDIDATE --out NEW_UNIQUE_DIRECTORY,TK1-opaque-table-slash-moves,A batch move back to the first accepted table succeeds and preserves exact IDs/identity. Fixture scenario: table/slash.,True,3.3 / 3.4 / 4 / 7 / 8 / 10 / 11,90,systems-engineer,independent raw HTTP conditional on accepted fixture
1,"1,2,3,4",independent-verifier,PENDING_NAMED_CANDIDATE,UNVERIFIED,unverified,Fixture admission diagnostic is nonnormative pending chosen-format/source review; accepted-ID usability is conditional on reset204. No table-detail endpoint is invented.,python opaque_id_probe.py --base CURRENT_URL --peer INDEPENDENT_PEER_URL --candidate FULL_NAMED_CANDIDATE --out NEW_UNIQUE_DIRECTORY,TK1-opaque-table-slash-import-current,Unchanged export into an independent destination preserves token/current IDs/reference. Fixture scenario: table/slash.,True,3.3 / 3.4 / 4 / 7 / 8 / 10 / 11,90,systems-engineer,independent raw HTTP conditional on accepted fixture
1,"1,2,3,4",independent-verifier,PENDING_NAMED_CANDIDATE,UNVERIFIED,unverified,Fixture admission diagnostic is nonnormative pending chosen-format/source review; accepted-ID usability is conditional on reset204. No table-detail endpoint is invented.,python opaque_id_probe.py --base CURRENT_URL --peer INDEPENDENT_PEER_URL --candidate FULL_NAMED_CANDIDATE --out NEW_UNIQUE_DIRECTORY,TK1-opaque-table-slash-import-original,The original create receipt replays unchanged after independent replacement. Fixture scenario: table/slash.,True,3.3 / 3.4 / 4 / 7 / 8 / 10 / 11,90,systems-engineer,independent raw HTTP conditional on accepted fixture
1,"1,2,3,4",independent-verifier,PENDING_NAMED_CANDIDATE,UNVERIFIED,unverified,Fixture admission diagnostic is nonnormative pending chosen-format/source review; accepted-ID usability is conditional on reset204. No table-detail endpoint is invented.,python opaque_id_probe.py --base CURRENT_URL --peer INDEPENDENT_PEER_URL --candidate FULL_NAMED_CANDIDATE --out NEW_UNIQUE_DIRECTORY,TK1-opaque-table-slash-cancel-release,Cancel releases the exact accepted table ID in correctly encoded availability. Fixture scenario: table/slash.,True,3.3 / 3.4 / 4 / 7 / 8 / 10 / 11,90,systems-engineer,independent raw HTTP conditional on accepted fixture
1,"1,2,3,4",independent-verifier,PENDING_NAMED_CANDIDATE,UNVERIFIED,unverified,Fixture admission diagnostic is nonnormative pending chosen-format/source review; accepted-ID usability is conditional on reset204. No table-detail endpoint is invented.,python opaque_id_probe.py --base CURRENT_URL --peer INDEPENDENT_PEER_URL --candidate FULL_NAMED_CANDIDATE --out NEW_UNIQUE_DIRECTORY,TK1-opaque-table-slash-unknown-route,A correctly encoded unknown ordinary restaurant ID gives404 not_found. Fixture scenario: table/slash.,True,3.3 / 3.4 / 4 / 7 / 8 / 10 / 11,90,systems-engineer,independent raw HTTP conditional on accepted fixture
1,"1,2,3,4",independent-verifier,PENDING_NAMED_CANDIDATE,UNVERIFIED,unverified,Fixture admission diagnostic is nonnormative pending chosen-format/source review; accepted-ID usability is conditional on reset204. No table-detail endpoint is invented.,python opaque_id_probe.py --base CURRENT_URL --peer INDEPENDENT_PEER_URL --candidate FULL_NAMED_CANDIDATE --out NEW_UNIQUE_DIRECTORY,TK1-opaque-table-question-fragment-admission,Observe fixture admission for table ID question-fragment before source applicability is adjudicated; no lexical defect inferred from refusal.,False,3.4 / 4,90,systems-engineer,independent raw fixture admission diagnostic
1,"1,2,3,4",independent-verifier,PENDING_NAMED_CANDIDATE,UNVERIFIED,unverified,Fixture admission diagnostic is nonnormative pending chosen-format/source review; accepted-ID usability is conditional on reset204. No table-detail endpoint is invented.,python opaque_id_probe.py --base CURRENT_URL --peer INDEPENDENT_PEER_URL --candidate FULL_NAMED_CANDIDATE --out NEW_UNIQUE_DIRECTORY,TK1-opaque-table-question-fragment-list,Public restaurant listing retains the accepted restaurant ID exactly. Fixture scenario: table/question-fragment.,True,3.3 / 3.4 / 4 / 7 / 8 / 10 / 11,90,systems-engineer,independent raw HTTP conditional on accepted fixture
1,"1,2,3,4",independent-verifier,PENDING_NAMED_CANDIDATE,UNVERIFIED,unverified,Fixture admission diagnostic is nonnormative pending chosen-format/source review; accepted-ID usability is conditional on reset204. No table-detail endpoint is invented.,python opaque_id_probe.py --base CURRENT_URL --peer INDEPENDENT_PEER_URL --candidate FULL_NAMED_CANDIDATE --out NEW_UNIQUE_DIRECTORY,TK1-opaque-table-question-fragment-detail-status,The correctly percent-encoded accepted restaurant detail route returns200. Fixture scenario: table/question-fragment.,True,3.3 / 3.4 / 4 / 7 / 8 / 10 / 11,90,interface-engineer,independent raw HTTP conditional on accepted fixture
1,"1,2,3,4",independent-verifier,PENDING_NAMED_CANDIDATE,UNVERIFIED,unverified,Fixture admission diagnostic is nonnormative pending chosen-format/source review; accepted-ID usability is conditional on reset204. No table-detail endpoint is invented.,python opaque_id_probe.py --base CURRENT_URL --peer INDEPENDENT_PEER_URL --candidate FULL_NAMED_CANDIDATE --out NEW_UNIQUE_DIRECTORY,TK1-opaque-table-question-fragment-detail-identity,Restaurant detail preserves accepted restaurant/table IDs in fixture order. Fixture scenario: table/question-fragment.,True,3.3 / 3.4 / 4 / 7 / 8 / 10 / 11,90,interface-engineer,independent raw HTTP conditional on accepted fixture
1,"1,2,3,4",independent-verifier,PENDING_NAMED_CANDIDATE,UNVERIFIED,unverified,Fixture admission diagnostic is nonnormative pending chosen-format/source review; accepted-ID usability is conditional on reset204. No table-detail endpoint is invented.,python opaque_id_probe.py --base CURRENT_URL --peer INDEPENDENT_PEER_URL --candidate FULL_NAMED_CANDIDATE --out NEW_UNIQUE_DIRECTORY,TK1-opaque-table-question-fragment-availability,Correctly encoded restaurant_id query returns exact IDs and the fitting fixture table order. Fixture scenario: table/question-fragment.,True,3.3 / 3.4 / 4 / 7 / 8 / 10 / 11,90,systems-engineer,independent raw HTTP conditional on accepted fixture
1,"1,2,3,4",independent-verifier,PENDING_NAMED_CANDIDATE,UNVERIFIED,unverified,Fixture admission diagnostic is nonnormative pending chosen-format/source review; accepted-ID usability is conditional on reset204. No table-detail endpoint is invented.,python opaque_id_probe.py --base CURRENT_URL --peer INDEPENDENT_PEER_URL --candidate FULL_NAMED_CANDIDATE --out NEW_UNIQUE_DIRECTORY,TK1-opaque-table-question-fragment-create-status,Create with exact accepted restaurant/table IDs succeeds201. Fixture scenario: table/question-fragment.,True,3.3 / 3.4 / 4 / 7 / 8 / 10 / 11,90,systems-engineer,independent raw HTTP conditional on accepted fixture
1,"1,2,3,4",independent-verifier,PENDING_NAMED_CANDIDATE,UNVERIFIED,unverified,Fixture admission diagnostic is nonnormative pending chosen-format/source review; accepted-ID usability is conditional on reset204. No table-detail endpoint is invented.,python opaque_id_probe.py --base CURRENT_URL --peer INDEPENDENT_PEER_URL --candidate FULL_NAMED_CANDIDATE --out NEW_UNIQUE_DIRECTORY,TK1-opaque-table-question-fragment-create-identity,Create response retains exact accepted IDs and a valid stable reference. Fixture scenario: table/question-fragment.,True,3.3 / 3.4 / 4 / 7 / 8 / 10 / 11,90,systems-engineer,independent raw HTTP conditional on accepted fixture
1,"1,2,3,4",independent-verifier,PENDING_NAMED_CANDIDATE,UNVERIFIED,unverified,Fixture admission diagnostic is nonnormative pending chosen-format/source review; accepted-ID usability is conditional on reset204. No table-detail endpoint is invented.,python opaque_id_probe.py --base CURRENT_URL --peer INDEPENDENT_PEER_URL --candidate FULL_NAMED_CANDIDATE --out NEW_UNIQUE_DIRECTORY,TK1-opaque-table-question-fragment-create-replay,An unchanged successful create body/key replays its original response200. Fixture scenario: table/question-fragment.,True,3.3 / 3.4 / 4 / 7 / 8 / 10 / 11,90,systems-engineer,independent raw HTTP conditional on accepted fixture
1,"1,2,3,4",independent-verifier,PENDING_NAMED_CANDIDATE,UNVERIFIED,unverified,Fixture admission diagnostic is nonnormative pending chosen-format/source review; accepted-ID usability is conditional on reset204. No table-detail endpoint is invented.,python opaque_id_probe.py --base CURRENT_URL --peer INDEPENDENT_PEER_URL --candidate FULL_NAMED_CANDIDATE --out NEW_UNIQUE_DIRECTORY,TK1-opaque-table-question-fragment-lookup,Owner lookup returns the same accepted IDs and reservation identity. Fixture scenario: table/question-fragment.,True,3.3 / 3.4 / 4 / 7 / 8 / 10 / 11,90,systems-engineer,independent raw HTTP conditional on accepted fixture
1,"1,2,3,4",independent-verifier,PENDING_NAMED_CANDIDATE,UNVERIFIED,unverified,Fixture admission diagnostic is nonnormative pending chosen-format/source review; accepted-ID usability is conditional on reset204. No table-detail endpoint is invented.,python opaque_id_probe.py --base CURRENT_URL --peer INDEPENDENT_PEER_URL --candidate FULL_NAMED_CANDIDATE --out NEW_UNIQUE_DIRECTORY,TK1-opaque-table-question-fragment-amend,Amendment to the second accepted table retains identity and returns that exact table ID. Fixture scenario: table/question-fragment.,True,3.3 / 3.4 / 4 / 7 / 8 / 10 / 11,90,systems-engineer,independent raw HTTP conditional on accepted fixture
1,"1,2,3,4",independent-verifier,PENDING_NAMED_CANDIDATE,UNVERIFIED,unverified,Fixture admission diagnostic is nonnormative pending chosen-format/source review; accepted-ID usability is conditional on reset204. No table-detail endpoint is invented.,python opaque_id_probe.py --base CURRENT_URL --peer INDEPENDENT_PEER_URL --candidate FULL_NAMED_CANDIDATE --out NEW_UNIQUE_DIRECTORY,TK1-opaque-table-question-fragment-moves,A batch move back to the first accepted table succeeds and preserves exact IDs/identity. Fixture scenario: table/question-fragment.,True,3.3 / 3.4 / 4 / 7 / 8 / 10 / 11,90,systems-engineer,independent raw HTTP conditional on accepted fixture
1,"1,2,3,4",independent-verifier,PENDING_NAMED_CANDIDATE,UNVERIFIED,unverified,Fixture admission diagnostic is nonnormative pending chosen-format/source review; accepted-ID usability is conditional on reset204. No table-detail endpoint is invented.,python opaque_id_probe.py --base CURRENT_URL --peer INDEPENDENT_PEER_URL --candidate FULL_NAMED_CANDIDATE --out NEW_UNIQUE_DIRECTORY,TK1-opaque-table-question-fragment-import-current,Unchanged export into an independent destination preserves token/current IDs/reference. Fixture scenario: table/question-fragment.,True,3.3 / 3.4 / 4 / 7 / 8 / 10 / 11,90,systems-engineer,independent raw HTTP conditional on accepted fixture
1,"1,2,3,4",independent-verifier,PENDING_NAMED_CANDIDATE,UNVERIFIED,unverified,Fixture admission diagnostic is nonnormative pending chosen-format/source review; accepted-ID usability is conditional on reset204. No table-detail endpoint is invented.,python opaque_id_probe.py --base CURRENT_URL --peer INDEPENDENT_PEER_URL --candidate FULL_NAMED_CANDIDATE --out NEW_UNIQUE_DIRECTORY,TK1-opaque-table-question-fragment-import-original,The original create receipt replays unchanged after independent replacement. Fixture scenario: table/question-fragment.,True,3.3 / 3.4 / 4 / 7 / 8 / 10 / 11,90,systems-engineer,independent raw HTTP conditional on accepted fixture
1,"1,2,3,4",independent-verifier,PENDING_NAMED_CANDIDATE,UNVERIFIED,unverified,Fixture admission diagnostic is nonnormative pending chosen-format/source review; accepted-ID usability is conditional on reset204. No table-detail endpoint is invented.,python opaque_id_probe.py --base CURRENT_URL --peer INDEPENDENT_PEER_URL --candidate FULL_NAMED_CANDIDATE --out NEW_UNIQUE_DIRECTORY,TK1-opaque-table-question-fragment-cancel-release,Cancel releases the exact accepted table ID in correctly encoded availability. Fixture scenario: table/question-fragment.,True,3.3 / 3.4 / 4 / 7 / 8 / 10 / 11,90,systems-engineer,independent raw HTTP conditional on accepted fixture
1,"1,2,3,4",independent-verifier,PENDING_NAMED_CANDIDATE,UNVERIFIED,unverified,Fixture admission diagnostic is nonnormative pending chosen-format/source review; accepted-ID usability is conditional on reset204. No table-detail endpoint is invented.,python opaque_id_probe.py --base CURRENT_URL --peer INDEPENDENT_PEER_URL --candidate FULL_NAMED_CANDIDATE --out NEW_UNIQUE_DIRECTORY,TK1-opaque-table-question-fragment-unknown-route,A correctly encoded unknown ordinary restaurant ID gives404 not_found. Fixture scenario: table/question-fragment.,True,3.3 / 3.4 / 4 / 7 / 8 / 10 / 11,90,systems-engineer,independent raw HTTP conditional on accepted fixture
1,"1,2,3,4",independent-verifier,PENDING_NAMED_CANDIDATE,UNVERIFIED,unverified,Fixture admission diagnostic is nonnormative pending chosen-format/source review; accepted-ID usability is conditional on reset204. No table-detail endpoint is invented.,python opaque_id_probe.py --base CURRENT_URL --peer INDEPENDENT_PEER_URL --candidate FULL_NAMED_CANDIDATE --out NEW_UNIQUE_DIRECTORY,TK1-opaque-table-literal-percent-admission,Observe fixture admission for table ID literal-percent before source applicability is adjudicated; no lexical defect inferred from refusal.,False,3.4 / 4,90,systems-engineer,independent raw fixture admission diagnostic
1,"1,2,3,4",independent-verifier,PENDING_NAMED_CANDIDATE,UNVERIFIED,unverified,Fixture admission diagnostic is nonnormative pending chosen-format/source review; accepted-ID usability is conditional on reset204. No table-detail endpoint is invented.,python opaque_id_probe.py --base CURRENT_URL --peer INDEPENDENT_PEER_URL --candidate FULL_NAMED_CANDIDATE --out NEW_UNIQUE_DIRECTORY,TK1-opaque-table-literal-percent-list,Public restaurant listing retains the accepted restaurant ID exactly. Fixture scenario: table/literal-percent.,True,3.3 / 3.4 / 4 / 7 / 8 / 10 / 11,90,systems-engineer,independent raw HTTP conditional on accepted fixture
1,"1,2,3,4",independent-verifier,PENDING_NAMED_CANDIDATE,UNVERIFIED,unverified,Fixture admission diagnostic is nonnormative pending chosen-format/source review; accepted-ID usability is conditional on reset204. No table-detail endpoint is invented.,python opaque_id_probe.py --base CURRENT_URL --peer INDEPENDENT_PEER_URL --candidate FULL_NAMED_CANDIDATE --out NEW_UNIQUE_DIRECTORY,TK1-opaque-table-literal-percent-detail-status,The correctly percent-encoded accepted restaurant detail route returns200. Fixture scenario: table/literal-percent.,True,3.3 / 3.4 / 4 / 7 / 8 / 10 / 11,90,interface-engineer,independent raw HTTP conditional on accepted fixture
1,"1,2,3,4",independent-verifier,PENDING_NAMED_CANDIDATE,UNVERIFIED,unverified,Fixture admission diagnostic is nonnormative pending chosen-format/source review; accepted-ID usability is conditional on reset204. No table-detail endpoint is invented.,python opaque_id_probe.py --base CURRENT_URL --peer INDEPENDENT_PEER_URL --candidate FULL_NAMED_CANDIDATE --out NEW_UNIQUE_DIRECTORY,TK1-opaque-table-literal-percent-detail-identity,Restaurant detail preserves accepted restaurant/table IDs in fixture order. Fixture scenario: table/literal-percent.,True,3.3 / 3.4 / 4 / 7 / 8 / 10 / 11,90,interface-engineer,independent raw HTTP conditional on accepted fixture
1,"1,2,3,4",independent-verifier,PENDING_NAMED_CANDIDATE,UNVERIFIED,unverified,Fixture admission diagnostic is nonnormative pending chosen-format/source review; accepted-ID usability is conditional on reset204. No table-detail endpoint is invented.,python opaque_id_probe.py --base CURRENT_URL --peer INDEPENDENT_PEER_URL --candidate FULL_NAMED_CANDIDATE --out NEW_UNIQUE_DIRECTORY,TK1-opaque-table-literal-percent-availability,Correctly encoded restaurant_id query returns exact IDs and the fitting fixture table order. Fixture scenario: table/literal-percent.,True,3.3 / 3.4 / 4 / 7 / 8 / 10 / 11,90,systems-engineer,independent raw HTTP conditional on accepted fixture
1,"1,2,3,4",independent-verifier,PENDING_NAMED_CANDIDATE,UNVERIFIED,unverified,Fixture admission diagnostic is nonnormative pending chosen-format/source review; accepted-ID usability is conditional on reset204. No table-detail endpoint is invented.,python opaque_id_probe.py --base CURRENT_URL --peer INDEPENDENT_PEER_URL --candidate FULL_NAMED_CANDIDATE --out NEW_UNIQUE_DIRECTORY,TK1-opaque-table-literal-percent-create-status,Create with exact accepted restaurant/table IDs succeeds201. Fixture scenario: table/literal-percent.,True,3.3 / 3.4 / 4 / 7 / 8 / 10 / 11,90,systems-engineer,independent raw HTTP conditional on accepted fixture
1,"1,2,3,4",independent-verifier,PENDING_NAMED_CANDIDATE,UNVERIFIED,unverified,Fixture admission diagnostic is nonnormative pending chosen-format/source review; accepted-ID usability is conditional on reset204. No table-detail endpoint is invented.,python opaque_id_probe.py --base CURRENT_URL --peer INDEPENDENT_PEER_URL --candidate FULL_NAMED_CANDIDATE --out NEW_UNIQUE_DIRECTORY,TK1-opaque-table-literal-percent-create-identity,Create response retains exact accepted IDs and a valid stable reference. Fixture scenario: table/literal-percent.,True,3.3 / 3.4 / 4 / 7 / 8 / 10 / 11,90,systems-engineer,independent raw HTTP conditional on accepted fixture
1,"1,2,3,4",independent-verifier,PENDING_NAMED_CANDIDATE,UNVERIFIED,unverified,Fixture admission diagnostic is nonnormative pending chosen-format/source review; accepted-ID usability is conditional on reset204. No table-detail endpoint is invented.,python opaque_id_probe.py --base CURRENT_URL --peer INDEPENDENT_PEER_URL --candidate FULL_NAMED_CANDIDATE --out NEW_UNIQUE_DIRECTORY,TK1-opaque-table-literal-percent-create-replay,An unchanged successful create body/key replays its original response200. Fixture scenario: table/literal-percent.,True,3.3 / 3.4 / 4 / 7 / 8 / 10 / 11,90,systems-engineer,independent raw HTTP conditional on accepted fixture
1,"1,2,3,4",independent-verifier,PENDING_NAMED_CANDIDATE,UNVERIFIED,unverified,Fixture admission diagnostic is nonnormative pending chosen-format/source review; accepted-ID usability is conditional on reset204. No table-detail endpoint is invented.,python opaque_id_probe.py --base CURRENT_URL --peer INDEPENDENT_PEER_URL --candidate FULL_NAMED_CANDIDATE --out NEW_UNIQUE_DIRECTORY,TK1-opaque-table-literal-percent-lookup,Owner lookup returns the same accepted IDs and reservation identity. Fixture scenario: table/literal-percent.,True,3.3 / 3.4 / 4 / 7 / 8 / 10 / 11,90,systems-engineer,independent raw HTTP conditional on accepted fixture
1,"1,2,3,4",independent-verifier,PENDING_NAMED_CANDIDATE,UNVERIFIED,unverified,Fixture admission diagnostic is nonnormative pending chosen-format/source review; accepted-ID usability is conditional on reset204. No table-detail endpoint is invented.,python opaque_id_probe.py --base CURRENT_URL --peer INDEPENDENT_PEER_URL --candidate FULL_NAMED_CANDIDATE --out NEW_UNIQUE_DIRECTORY,TK1-opaque-table-literal-percent-amend,Amendment to the second accepted table retains identity and returns that exact table ID. Fixture scenario: table/literal-percent.,True,3.3 / 3.4 / 4 / 7 / 8 / 10 / 11,90,systems-engineer,independent raw HTTP conditional on accepted fixture
1,"1,2,3,4",independent-verifier,PENDING_NAMED_CANDIDATE,UNVERIFIED,unverified,Fixture admission diagnostic is nonnormative pending chosen-format/source review; accepted-ID usability is conditional on reset204. No table-detail endpoint is invented.,python opaque_id_probe.py --base CURRENT_URL --peer INDEPENDENT_PEER_URL --candidate FULL_NAMED_CANDIDATE --out NEW_UNIQUE_DIRECTORY,TK1-opaque-table-literal-percent-moves,A batch move back to the first accepted table succeeds and preserves exact IDs/identity. Fixture scenario: table/literal-percent.,True,3.3 / 3.4 / 4 / 7 / 8 / 10 / 11,90,systems-engineer,independent raw HTTP conditional on accepted fixture
1,"1,2,3,4",independent-verifier,PENDING_NAMED_CANDIDATE,UNVERIFIED,unverified,Fixture admission diagnostic is nonnormative pending chosen-format/source review; accepted-ID usability is conditional on reset204. No table-detail endpoint is invented.,python opaque_id_probe.py --base CURRENT_URL --peer INDEPENDENT_PEER_URL --candidate FULL_NAMED_CANDIDATE --out NEW_UNIQUE_DIRECTORY,TK1-opaque-table-literal-percent-import-current,Unchanged export into an independent destination preserves token/current IDs/reference. Fixture scenario: table/literal-percent.,True,3.3 / 3.4 / 4 / 7 / 8 / 10 / 11,90,systems-engineer,independent raw HTTP conditional on accepted fixture
1,"1,2,3,4",independent-verifier,PENDING_NAMED_CANDIDATE,UNVERIFIED,unverified,Fixture admission diagnostic is nonnormative pending chosen-format/source review; accepted-ID usability is conditional on reset204. No table-detail endpoint is invented.,python opaque_id_probe.py --base CURRENT_URL --peer INDEPENDENT_PEER_URL --candidate FULL_NAMED_CANDIDATE --out NEW_UNIQUE_DIRECTORY,TK1-opaque-table-literal-percent-import-original,The original create receipt replays unchanged after independent replacement. Fixture scenario: table/literal-percent.,True,3.3 / 3.4 / 4 / 7 / 8 / 10 / 11,90,systems-engineer,independent raw HTTP conditional on accepted fixture
1,"1,2,3,4",independent-verifier,PENDING_NAMED_CANDIDATE,UNVERIFIED,unverified,Fixture admission diagnostic is nonnormative pending chosen-format/source review; accepted-ID usability is conditional on reset204. No table-detail endpoint is invented.,python opaque_id_probe.py --base CURRENT_URL --peer INDEPENDENT_PEER_URL --candidate FULL_NAMED_CANDIDATE --out NEW_UNIQUE_DIRECTORY,TK1-opaque-table-literal-percent-cancel-release,Cancel releases the exact accepted table ID in correctly encoded availability. Fixture scenario: table/literal-percent.,True,3.3 / 3.4 / 4 / 7 / 8 / 10 / 11,90,systems-engineer,independent raw HTTP conditional on accepted fixture
1,"1,2,3,4",independent-verifier,PENDING_NAMED_CANDIDATE,UNVERIFIED,unverified,Fixture admission diagnostic is nonnormative pending chosen-format/source review; accepted-ID usability is conditional on reset204. No table-detail endpoint is invented.,python opaque_id_probe.py --base CURRENT_URL --peer INDEPENDENT_PEER_URL --candidate FULL_NAMED_CANDIDATE --out NEW_UNIQUE_DIRECTORY,TK1-opaque-table-literal-percent-unknown-route,A correctly encoded unknown ordinary restaurant ID gives404 not_found. Fixture scenario: table/literal-percent.,True,3.3 / 3.4 / 4 / 7 / 8 / 10 / 11,90,systems-engineer,independent raw HTTP conditional on accepted fixture
1,"1,2,3,4",independent-verifier,PENDING_NAMED_CANDIDATE,UNVERIFIED,unverified,Fixture admission diagnostic is nonnormative pending chosen-format/source review; accepted-ID usability is conditional on reset204. No table-detail endpoint is invented.,python opaque_id_probe.py --base CURRENT_URL --peer INDEPENDENT_PEER_URL --candidate FULL_NAMED_CANDIDATE --out NEW_UNIQUE_DIRECTORY,TK1-opaque-table-plus-semicolon-admission,Observe fixture admission for table ID plus-semicolon before source applicability is adjudicated; no lexical defect inferred from refusal.,False,3.4 / 4,90,systems-engineer,independent raw fixture admission diagnostic
1,"1,2,3,4",independent-verifier,PENDING_NAMED_CANDIDATE,UNVERIFIED,unverified,Fixture admission diagnostic is nonnormative pending chosen-format/source review; accepted-ID usability is conditional on reset204. No table-detail endpoint is invented.,python opaque_id_probe.py --base CURRENT_URL --peer INDEPENDENT_PEER_URL --candidate FULL_NAMED_CANDIDATE --out NEW_UNIQUE_DIRECTORY,TK1-opaque-table-plus-semicolon-list,Public restaurant listing retains the accepted restaurant ID exactly. Fixture scenario: table/plus-semicolon.,True,3.3 / 3.4 / 4 / 7 / 8 / 10 / 11,90,systems-engineer,independent raw HTTP conditional on accepted fixture
1,"1,2,3,4",independent-verifier,PENDING_NAMED_CANDIDATE,UNVERIFIED,unverified,Fixture admission diagnostic is nonnormative pending chosen-format/source review; accepted-ID usability is conditional on reset204. No table-detail endpoint is invented.,python opaque_id_probe.py --base CURRENT_URL --peer INDEPENDENT_PEER_URL --candidate FULL_NAMED_CANDIDATE --out NEW_UNIQUE_DIRECTORY,TK1-opaque-table-plus-semicolon-detail-status,The correctly percent-encoded accepted restaurant detail route returns200. Fixture scenario: table/plus-semicolon.,True,3.3 / 3.4 / 4 / 7 / 8 / 10 / 11,90,interface-engineer,independent raw HTTP conditional on accepted fixture
1,"1,2,3,4",independent-verifier,PENDING_NAMED_CANDIDATE,UNVERIFIED,unverified,Fixture admission diagnostic is nonnormative pending chosen-format/source review; accepted-ID usability is conditional on reset204. No table-detail endpoint is invented.,python opaque_id_probe.py --base CURRENT_URL --peer INDEPENDENT_PEER_URL --candidate FULL_NAMED_CANDIDATE --out NEW_UNIQUE_DIRECTORY,TK1-opaque-table-plus-semicolon-detail-identity,Restaurant detail preserves accepted restaurant/table IDs in fixture order. Fixture scenario: table/plus-semicolon.,True,3.3 / 3.4 / 4 / 7 / 8 / 10 / 11,90,interface-engineer,independent raw HTTP conditional on accepted fixture
1,"1,2,3,4",independent-verifier,PENDING_NAMED_CANDIDATE,UNVERIFIED,unverified,Fixture admission diagnostic is nonnormative pending chosen-format/source review; accepted-ID usability is conditional on reset204. No table-detail endpoint is invented.,python opaque_id_probe.py --base CURRENT_URL --peer INDEPENDENT_PEER_URL --candidate FULL_NAMED_CANDIDATE --out NEW_UNIQUE_DIRECTORY,TK1-opaque-table-plus-semicolon-availability,Correctly encoded restaurant_id query returns exact IDs and the fitting fixture table order. Fixture scenario: table/plus-semicolon.,True,3.3 / 3.4 / 4 / 7 / 8 / 10 / 11,90,systems-engineer,independent raw HTTP conditional on accepted fixture
1,"1,2,3,4",independent-verifier,PENDING_NAMED_CANDIDATE,UNVERIFIED,unverified,Fixture admission diagnostic is nonnormative pending chosen-format/source review; accepted-ID usability is conditional on reset204. No table-detail endpoint is invented.,python opaque_id_probe.py --base CURRENT_URL --peer INDEPENDENT_PEER_URL --candidate FULL_NAMED_CANDIDATE --out NEW_UNIQUE_DIRECTORY,TK1-opaque-table-plus-semicolon-create-status,Create with exact accepted restaurant/table IDs succeeds201. Fixture scenario: table/plus-semicolon.,True,3.3 / 3.4 / 4 / 7 / 8 / 10 / 11,90,systems-engineer,independent raw HTTP conditional on accepted fixture
1,"1,2,3,4",independent-verifier,PENDING_NAMED_CANDIDATE,UNVERIFIED,unverified,Fixture admission diagnostic is nonnormative pending chosen-format/source review; accepted-ID usability is conditional on reset204. No table-detail endpoint is invented.,python opaque_id_probe.py --base CURRENT_URL --peer INDEPENDENT_PEER_URL --candidate FULL_NAMED_CANDIDATE --out NEW_UNIQUE_DIRECTORY,TK1-opaque-table-plus-semicolon-create-identity,Create response retains exact accepted IDs and a valid stable reference. Fixture scenario: table/plus-semicolon.,True,3.3 / 3.4 / 4 / 7 / 8 / 10 / 11,90,systems-engineer,independent raw HTTP conditional on accepted fixture
1,"1,2,3,4",independent-verifier,PENDING_NAMED_CANDIDATE,UNVERIFIED,unverified,Fixture admission diagnostic is nonnormative pending chosen-format/source review; accepted-ID usability is conditional on reset204. No table-detail endpoint is invented.,python opaque_id_probe.py --base CURRENT_URL --peer INDEPENDENT_PEER_URL --candidate FULL_NAMED_CANDIDATE --out NEW_UNIQUE_DIRECTORY,TK1-opaque-table-plus-semicolon-create-replay,An unchanged successful create body/key replays its original response200. Fixture scenario: table/plus-semicolon.,True,3.3 / 3.4 / 4 / 7 / 8 / 10 / 11,90,systems-engineer,independent raw HTTP conditional on accepted fixture
1,"1,2,3,4",independent-verifier,PENDING_NAMED_CANDIDATE,UNVERIFIED,unverified,Fixture admission diagnostic is nonnormative pending chosen-format/source review; accepted-ID usability is conditional on reset204. No table-detail endpoint is invented.,python opaque_id_probe.py --base CURRENT_URL --peer INDEPENDENT_PEER_URL --candidate FULL_NAMED_CANDIDATE --out NEW_UNIQUE_DIRECTORY,TK1-opaque-table-plus-semicolon-lookup,Owner lookup returns the same accepted IDs and reservation identity. Fixture scenario: table/plus-semicolon.,True,3.3 / 3.4 / 4 / 7 / 8 / 10 / 11,90,systems-engineer,independent raw HTTP conditional on accepted fixture
1,"1,2,3,4",independent-verifier,PENDING_NAMED_CANDIDATE,UNVERIFIED,unverified,Fixture admission diagnostic is nonnormative pending chosen-format/source review; accepted-ID usability is conditional on reset204. No table-detail endpoint is invented.,python opaque_id_probe.py --base CURRENT_URL --peer INDEPENDENT_PEER_URL --candidate FULL_NAMED_CANDIDATE --out NEW_UNIQUE_DIRECTORY,TK1-opaque-table-plus-semicolon-amend,Amendment to the second accepted table retains identity and returns that exact table ID. Fixture scenario: table/plus-semicolon.,True,3.3 / 3.4 / 4 / 7 / 8 / 10 / 11,90,systems-engineer,independent raw HTTP conditional on accepted fixture
1,"1,2,3,4",independent-verifier,PENDING_NAMED_CANDIDATE,UNVERIFIED,unverified,Fixture admission diagnostic is nonnormative pending chosen-format/source review; accepted-ID usability is conditional on reset204. No table-detail endpoint is invented.,python opaque_id_probe.py --base CURRENT_URL --peer INDEPENDENT_PEER_URL --candidate FULL_NAMED_CANDIDATE --out NEW_UNIQUE_DIRECTORY,TK1-opaque-table-plus-semicolon-moves,A batch move back to the first accepted table succeeds and preserves exact IDs/identity. Fixture scenario: table/plus-semicolon.,True,3.3 / 3.4 / 4 / 7 / 8 / 10 / 11,90,systems-engineer,independent raw HTTP conditional on accepted fixture
1,"1,2,3,4",independent-verifier,PENDING_NAMED_CANDIDATE,UNVERIFIED,unverified,Fixture admission diagnostic is nonnormative pending chosen-format/source review; accepted-ID usability is conditional on reset204. No table-detail endpoint is invented.,python opaque_id_probe.py --base CURRENT_URL --peer INDEPENDENT_PEER_URL --candidate FULL_NAMED_CANDIDATE --out NEW_UNIQUE_DIRECTORY,TK1-opaque-table-plus-semicolon-import-current,Unchanged export into an independent destination preserves token/current IDs/reference. Fixture scenario: table/plus-semicolon.,True,3.3 / 3.4 / 4 / 7 / 8 / 10 / 11,90,systems-engineer,independent raw HTTP conditional on accepted fixture
1,"1,2,3,4",independent-verifier,PENDING_NAMED_CANDIDATE,UNVERIFIED,unverified,Fixture admission diagnostic is nonnormative pending chosen-format/source review; accepted-ID usability is conditional on reset204. No table-detail endpoint is invented.,python opaque_id_probe.py --base CURRENT_URL --peer INDEPENDENT_PEER_URL --candidate FULL_NAMED_CANDIDATE --out NEW_UNIQUE_DIRECTORY,TK1-opaque-table-plus-semicolon-import-original,The original create receipt replays unchanged after independent replacement. Fixture scenario: table/plus-semicolon.,True,3.3 / 3.4 / 4 / 7 / 8 / 10 / 11,90,systems-engineer,independent raw HTTP conditional on accepted fixture
1,"1,2,3,4",independent-verifier,PENDING_NAMED_CANDIDATE,UNVERIFIED,unverified,Fixture admission diagnostic is nonnormative pending chosen-format/source review; accepted-ID usability is conditional on reset204. No table-detail endpoint is invented.,python opaque_id_probe.py --base CURRENT_URL --peer INDEPENDENT_PEER_URL --candidate FULL_NAMED_CANDIDATE --out NEW_UNIQUE_DIRECTORY,TK1-opaque-table-plus-semicolon-cancel-release,Cancel releases the exact accepted table ID in correctly encoded availability. Fixture scenario: table/plus-semicolon.,True,3.3 / 3.4 / 4 / 7 / 8 / 10 / 11,90,systems-engineer,independent raw HTTP conditional on accepted fixture
1,"1,2,3,4",independent-verifier,PENDING_NAMED_CANDIDATE,UNVERIFIED,unverified,Fixture admission diagnostic is nonnormative pending chosen-format/source review; accepted-ID usability is conditional on reset204. No table-detail endpoint is invented.,python opaque_id_probe.py --base CURRENT_URL --peer INDEPENDENT_PEER_URL --candidate FULL_NAMED_CANDIDATE --out NEW_UNIQUE_DIRECTORY,TK1-opaque-table-plus-semicolon-unknown-route,A correctly encoded unknown ordinary restaurant ID gives404 not_found. Fixture scenario: table/plus-semicolon.,True,3.3 / 3.4 / 4 / 7 / 8 / 10 / 11,90,systems-engineer,independent raw HTTP conditional on accepted fixture
1,"1,2,3,4",independent-verifier,PENDING_NAMED_CANDIDATE,UNVERIFIED,unverified,Fixture admission diagnostic is nonnormative pending chosen-format/source review; accepted-ID usability is conditional on reset204. No table-detail endpoint is invented.,python opaque_id_probe.py --base CURRENT_URL --peer INDEPENDENT_PEER_URL --candidate FULL_NAMED_CANDIDATE --out NEW_UNIQUE_DIRECTORY,TK1-opaque-table-space-admission,Observe fixture admission for table ID space before source applicability is adjudicated; no lexical defect inferred from refusal.,False,3.4 / 4,90,systems-engineer,independent raw fixture admission diagnostic
1,"1,2,3,4",independent-verifier,PENDING_NAMED_CANDIDATE,UNVERIFIED,unverified,Fixture admission diagnostic is nonnormative pending chosen-format/source review; accepted-ID usability is conditional on reset204. No table-detail endpoint is invented.,python opaque_id_probe.py --base CURRENT_URL --peer INDEPENDENT_PEER_URL --candidate FULL_NAMED_CANDIDATE --out NEW_UNIQUE_DIRECTORY,TK1-opaque-table-space-list,Public restaurant listing retains the accepted restaurant ID exactly. Fixture scenario: table/space.,True,3.3 / 3.4 / 4 / 7 / 8 / 10 / 11,90,systems-engineer,independent raw HTTP conditional on accepted fixture
1,"1,2,3,4",independent-verifier,PENDING_NAMED_CANDIDATE,UNVERIFIED,unverified,Fixture admission diagnostic is nonnormative pending chosen-format/source review; accepted-ID usability is conditional on reset204. No table-detail endpoint is invented.,python opaque_id_probe.py --base CURRENT_URL --peer INDEPENDENT_PEER_URL --candidate FULL_NAMED_CANDIDATE --out NEW_UNIQUE_DIRECTORY,TK1-opaque-table-space-detail-status,The correctly percent-encoded accepted restaurant detail route returns200. Fixture scenario: table/space.,True,3.3 / 3.4 / 4 / 7 / 8 / 10 / 11,90,interface-engineer,independent raw HTTP conditional on accepted fixture
1,"1,2,3,4",independent-verifier,PENDING_NAMED_CANDIDATE,UNVERIFIED,unverified,Fixture admission diagnostic is nonnormative pending chosen-format/source review; accepted-ID usability is conditional on reset204. No table-detail endpoint is invented.,python opaque_id_probe.py --base CURRENT_URL --peer INDEPENDENT_PEER_URL --candidate FULL_NAMED_CANDIDATE --out NEW_UNIQUE_DIRECTORY,TK1-opaque-table-space-detail-identity,Restaurant detail preserves accepted restaurant/table IDs in fixture order. Fixture scenario: table/space.,True,3.3 / 3.4 / 4 / 7 / 8 / 10 / 11,90,interface-engineer,independent raw HTTP conditional on accepted fixture
1,"1,2,3,4",independent-verifier,PENDING_NAMED_CANDIDATE,UNVERIFIED,unverified,Fixture admission diagnostic is nonnormative pending chosen-format/source review; accepted-ID usability is conditional on reset204. No table-detail endpoint is invented.,python opaque_id_probe.py --base CURRENT_URL --peer INDEPENDENT_PEER_URL --candidate FULL_NAMED_CANDIDATE --out NEW_UNIQUE_DIRECTORY,TK1-opaque-table-space-availability,Correctly encoded restaurant_id query returns exact IDs and the fitting fixture table order. Fixture scenario: table/space.,True,3.3 / 3.4 / 4 / 7 / 8 / 10 / 11,90,systems-engineer,independent raw HTTP conditional on accepted fixture
1,"1,2,3,4",independent-verifier,PENDING_NAMED_CANDIDATE,UNVERIFIED,unverified,Fixture admission diagnostic is nonnormative pending chosen-format/source review; accepted-ID usability is conditional on reset204. No table-detail endpoint is invented.,python opaque_id_probe.py --base CURRENT_URL --peer INDEPENDENT_PEER_URL --candidate FULL_NAMED_CANDIDATE --out NEW_UNIQUE_DIRECTORY,TK1-opaque-table-space-create-status,Create with exact accepted restaurant/table IDs succeeds201. Fixture scenario: table/space.,True,3.3 / 3.4 / 4 / 7 / 8 / 10 / 11,90,systems-engineer,independent raw HTTP conditional on accepted fixture
1,"1,2,3,4",independent-verifier,PENDING_NAMED_CANDIDATE,UNVERIFIED,unverified,Fixture admission diagnostic is nonnormative pending chosen-format/source review; accepted-ID usability is conditional on reset204. No table-detail endpoint is invented.,python opaque_id_probe.py --base CURRENT_URL --peer INDEPENDENT_PEER_URL --candidate FULL_NAMED_CANDIDATE --out NEW_UNIQUE_DIRECTORY,TK1-opaque-table-space-create-identity,Create response retains exact accepted IDs and a valid stable reference. Fixture scenario: table/space.,True,3.3 / 3.4 / 4 / 7 / 8 / 10 / 11,90,systems-engineer,independent raw HTTP conditional on accepted fixture
1,"1,2,3,4",independent-verifier,PENDING_NAMED_CANDIDATE,UNVERIFIED,unverified,Fixture admission diagnostic is nonnormative pending chosen-format/source review; accepted-ID usability is conditional on reset204. No table-detail endpoint is invented.,python opaque_id_probe.py --base CURRENT_URL --peer INDEPENDENT_PEER_URL --candidate FULL_NAMED_CANDIDATE --out NEW_UNIQUE_DIRECTORY,TK1-opaque-table-space-create-replay,An unchanged successful create body/key replays its original response200. Fixture scenario: table/space.,True,3.3 / 3.4 / 4 / 7 / 8 / 10 / 11,90,systems-engineer,independent raw HTTP conditional on accepted fixture
1,"1,2,3,4",independent-verifier,PENDING_NAMED_CANDIDATE,UNVERIFIED,unverified,Fixture admission diagnostic is nonnormative pending chosen-format/source review; accepted-ID usability is conditional on reset204. No table-detail endpoint is invented.,python opaque_id_probe.py --base CURRENT_URL --peer INDEPENDENT_PEER_URL --candidate FULL_NAMED_CANDIDATE --out NEW_UNIQUE_DIRECTORY,TK1-opaque-table-space-lookup,Owner lookup returns the same accepted IDs and reservation identity. Fixture scenario: table/space.,True,3.3 / 3.4 / 4 / 7 / 8 / 10 / 11,90,systems-engineer,independent raw HTTP conditional on accepted fixture
1,"1,2,3,4",independent-verifier,PENDING_NAMED_CANDIDATE,UNVERIFIED,unverified,Fixture admission diagnostic is nonnormative pending chosen-format/source review; accepted-ID usability is conditional on reset204. No table-detail endpoint is invented.,python opaque_id_probe.py --base CURRENT_URL --peer INDEPENDENT_PEER_URL --candidate FULL_NAMED_CANDIDATE --out NEW_UNIQUE_DIRECTORY,TK1-opaque-table-space-amend,Amendment to the second accepted table retains identity and returns that exact table ID. Fixture scenario: table/space.,True,3.3 / 3.4 / 4 / 7 / 8 / 10 / 11,90,systems-engineer,independent raw HTTP conditional on accepted fixture
1,"1,2,3,4",independent-verifier,PENDING_NAMED_CANDIDATE,UNVERIFIED,unverified,Fixture admission diagnostic is nonnormative pending chosen-format/source review; accepted-ID usability is conditional on reset204. No table-detail endpoint is invented.,python opaque_id_probe.py --base CURRENT_URL --peer INDEPENDENT_PEER_URL --candidate FULL_NAMED_CANDIDATE --out NEW_UNIQUE_DIRECTORY,TK1-opaque-table-space-moves,A batch move back to the first accepted table succeeds and preserves exact IDs/identity. Fixture scenario: table/space.,True,3.3 / 3.4 / 4 / 7 / 8 / 10 / 11,90,systems-engineer,independent raw HTTP conditional on accepted fixture
1,"1,2,3,4",independent-verifier,PENDING_NAMED_CANDIDATE,UNVERIFIED,unverified,Fixture admission diagnostic is nonnormative pending chosen-format/source review; accepted-ID usability is conditional on reset204. No table-detail endpoint is invented.,python opaque_id_probe.py --base CURRENT_URL --peer INDEPENDENT_PEER_URL --candidate FULL_NAMED_CANDIDATE --out NEW_UNIQUE_DIRECTORY,TK1-opaque-table-space-import-current,Unchanged export into an independent destination preserves token/current IDs/reference. Fixture scenario: table/space.,True,3.3 / 3.4 / 4 / 7 / 8 / 10 / 11,90,systems-engineer,independent raw HTTP conditional on accepted fixture
1,"1,2,3,4",independent-verifier,PENDING_NAMED_CANDIDATE,UNVERIFIED,unverified,Fixture admission diagnostic is nonnormative pending chosen-format/source review; accepted-ID usability is conditional on reset204. No table-detail endpoint is invented.,python opaque_id_probe.py --base CURRENT_URL --peer INDEPENDENT_PEER_URL --candidate FULL_NAMED_CANDIDATE --out NEW_UNIQUE_DIRECTORY,TK1-opaque-table-space-import-original,The original create receipt replays unchanged after independent replacement. Fixture scenario: table/space.,True,3.3 / 3.4 / 4 / 7 / 8 / 10 / 11,90,systems-engineer,independent raw HTTP conditional on accepted fixture
1,"1,2,3,4",independent-verifier,PENDING_NAMED_CANDIDATE,UNVERIFIED,unverified,Fixture admission diagnostic is nonnormative pending chosen-format/source review; accepted-ID usability is conditional on reset204. No table-detail endpoint is invented.,python opaque_id_probe.py --base CURRENT_URL --peer INDEPENDENT_PEER_URL --candidate FULL_NAMED_CANDIDATE --out NEW_UNIQUE_DIRECTORY,TK1-opaque-table-space-cancel-release,Cancel releases the exact accepted table ID in correctly encoded availability. Fixture scenario: table/space.,True,3.3 / 3.4 / 4 / 7 / 8 / 10 / 11,90,systems-engineer,independent raw HTTP conditional on accepted fixture
1,"1,2,3,4",independent-verifier,PENDING_NAMED_CANDIDATE,UNVERIFIED,unverified,Fixture admission diagnostic is nonnormative pending chosen-format/source review; accepted-ID usability is conditional on reset204. No table-detail endpoint is invented.,python opaque_id_probe.py --base CURRENT_URL --peer INDEPENDENT_PEER_URL --candidate FULL_NAMED_CANDIDATE --out NEW_UNIQUE_DIRECTORY,TK1-opaque-table-space-unknown-route,A correctly encoded unknown ordinary restaurant ID gives404 not_found. Fixture scenario: table/space.,True,3.3 / 3.4 / 4 / 7 / 8 / 10 / 11,90,systems-engineer,independent raw HTTP conditional on accepted fixture
1,"1,2,3,4",independent-verifier,PENDING_NAMED_CANDIDATE,UNVERIFIED,unverified,Fixture admission diagnostic is nonnormative pending chosen-format/source review; accepted-ID usability is conditional on reset204. No table-detail endpoint is invented.,python opaque_id_probe.py --base CURRENT_URL --peer INDEPENDENT_PEER_URL --candidate FULL_NAMED_CANDIDATE --out NEW_UNIQUE_DIRECTORY,TK1-opaque-table-unicode-admission,Observe fixture admission for table ID unicode before source applicability is adjudicated; no lexical defect inferred from refusal.,False,3.4 / 4,90,systems-engineer,independent raw fixture admission diagnostic
1,"1,2,3,4",independent-verifier,PENDING_NAMED_CANDIDATE,UNVERIFIED,unverified,Fixture admission diagnostic is nonnormative pending chosen-format/source review; accepted-ID usability is conditional on reset204. No table-detail endpoint is invented.,python opaque_id_probe.py --base CURRENT_URL --peer INDEPENDENT_PEER_URL --candidate FULL_NAMED_CANDIDATE --out NEW_UNIQUE_DIRECTORY,TK1-opaque-table-unicode-list,Public restaurant listing retains the accepted restaurant ID exactly. Fixture scenario: table/unicode.,True,3.3 / 3.4 / 4 / 7 / 8 / 10 / 11,90,systems-engineer,independent raw HTTP conditional on accepted fixture
1,"1,2,3,4",independent-verifier,PENDING_NAMED_CANDIDATE,UNVERIFIED,unverified,Fixture admission diagnostic is nonnormative pending chosen-format/source review; accepted-ID usability is conditional on reset204. No table-detail endpoint is invented.,python opaque_id_probe.py --base CURRENT_URL --peer INDEPENDENT_PEER_URL --candidate FULL_NAMED_CANDIDATE --out NEW_UNIQUE_DIRECTORY,TK1-opaque-table-unicode-detail-status,The correctly percent-encoded accepted restaurant detail route returns200. Fixture scenario: table/unicode.,True,3.3 / 3.4 / 4 / 7 / 8 / 10 / 11,90,interface-engineer,independent raw HTTP conditional on accepted fixture
1,"1,2,3,4",independent-verifier,PENDING_NAMED_CANDIDATE,UNVERIFIED,unverified,Fixture admission diagnostic is nonnormative pending chosen-format/source review; accepted-ID usability is conditional on reset204. No table-detail endpoint is invented.,python opaque_id_probe.py --base CURRENT_URL --peer INDEPENDENT_PEER_URL --candidate FULL_NAMED_CANDIDATE --out NEW_UNIQUE_DIRECTORY,TK1-opaque-table-unicode-detail-identity,Restaurant detail preserves accepted restaurant/table IDs in fixture order. Fixture scenario: table/unicode.,True,3.3 / 3.4 / 4 / 7 / 8 / 10 / 11,90,interface-engineer,independent raw HTTP conditional on accepted fixture
1,"1,2,3,4",independent-verifier,PENDING_NAMED_CANDIDATE,UNVERIFIED,unverified,Fixture admission diagnostic is nonnormative pending chosen-format/source review; accepted-ID usability is conditional on reset204. No table-detail endpoint is invented.,python opaque_id_probe.py --base CURRENT_URL --peer INDEPENDENT_PEER_URL --candidate FULL_NAMED_CANDIDATE --out NEW_UNIQUE_DIRECTORY,TK1-opaque-table-unicode-availability,Correctly encoded restaurant_id query returns exact IDs and the fitting fixture table order. Fixture scenario: table/unicode.,True,3.3 / 3.4 / 4 / 7 / 8 / 10 / 11,90,systems-engineer,independent raw HTTP conditional on accepted fixture
1,"1,2,3,4",independent-verifier,PENDING_NAMED_CANDIDATE,UNVERIFIED,unverified,Fixture admission diagnostic is nonnormative pending chosen-format/source review; accepted-ID usability is conditional on reset204. No table-detail endpoint is invented.,python opaque_id_probe.py --base CURRENT_URL --peer INDEPENDENT_PEER_URL --candidate FULL_NAMED_CANDIDATE --out NEW_UNIQUE_DIRECTORY,TK1-opaque-table-unicode-create-status,Create with exact accepted restaurant/table IDs succeeds201. Fixture scenario: table/unicode.,True,3.3 / 3.4 / 4 / 7 / 8 / 10 / 11,90,systems-engineer,independent raw HTTP conditional on accepted fixture
1,"1,2,3,4",independent-verifier,PENDING_NAMED_CANDIDATE,UNVERIFIED,unverified,Fixture admission diagnostic is nonnormative pending chosen-format/source review; accepted-ID usability is conditional on reset204. No table-detail endpoint is invented.,python opaque_id_probe.py --base CURRENT_URL --peer INDEPENDENT_PEER_URL --candidate FULL_NAMED_CANDIDATE --out NEW_UNIQUE_DIRECTORY,TK1-opaque-table-unicode-create-identity,Create response retains exact accepted IDs and a valid stable reference. Fixture scenario: table/unicode.,True,3.3 / 3.4 / 4 / 7 / 8 / 10 / 11,90,systems-engineer,independent raw HTTP conditional on accepted fixture
1,"1,2,3,4",independent-verifier,PENDING_NAMED_CANDIDATE,UNVERIFIED,unverified,Fixture admission diagnostic is nonnormative pending chosen-format/source review; accepted-ID usability is conditional on reset204. No table-detail endpoint is invented.,python opaque_id_probe.py --base CURRENT_URL --peer INDEPENDENT_PEER_URL --candidate FULL_NAMED_CANDIDATE --out NEW_UNIQUE_DIRECTORY,TK1-opaque-table-unicode-create-replay,An unchanged successful create body/key replays its original response200. Fixture scenario: table/unicode.,True,3.3 / 3.4 / 4 / 7 / 8 / 10 / 11,90,systems-engineer,independent raw HTTP conditional on accepted fixture
1,"1,2,3,4",independent-verifier,PENDING_NAMED_CANDIDATE,UNVERIFIED,unverified,Fixture admission diagnostic is nonnormative pending chosen-format/source review; accepted-ID usability is conditional on reset204. No table-detail endpoint is invented.,python opaque_id_probe.py --base CURRENT_URL --peer INDEPENDENT_PEER_URL --candidate FULL_NAMED_CANDIDATE --out NEW_UNIQUE_DIRECTORY,TK1-opaque-table-unicode-lookup,Owner lookup returns the same accepted IDs and reservation identity. Fixture scenario: table/unicode.,True,3.3 / 3.4 / 4 / 7 / 8 / 10 / 11,90,systems-engineer,independent raw HTTP conditional on accepted fixture
1,"1,2,3,4",independent-verifier,PENDING_NAMED_CANDIDATE,UNVERIFIED,unverified,Fixture admission diagnostic is nonnormative pending chosen-format/source review; accepted-ID usability is conditional on reset204. No table-detail endpoint is invented.,python opaque_id_probe.py --base CURRENT_URL --peer INDEPENDENT_PEER_URL --candidate FULL_NAMED_CANDIDATE --out NEW_UNIQUE_DIRECTORY,TK1-opaque-table-unicode-amend,Amendment to the second accepted table retains identity and returns that exact table ID. Fixture scenario: table/unicode.,True,3.3 / 3.4 / 4 / 7 / 8 / 10 / 11,90,systems-engineer,independent raw HTTP conditional on accepted fixture
1,"1,2,3,4",independent-verifier,PENDING_NAMED_CANDIDATE,UNVERIFIED,unverified,Fixture admission diagnostic is nonnormative pending chosen-format/source review; accepted-ID usability is conditional on reset204. No table-detail endpoint is invented.,python opaque_id_probe.py --base CURRENT_URL --peer INDEPENDENT_PEER_URL --candidate FULL_NAMED_CANDIDATE --out NEW_UNIQUE_DIRECTORY,TK1-opaque-table-unicode-moves,A batch move back to the first accepted table succeeds and preserves exact IDs/identity. Fixture scenario: table/unicode.,True,3.3 / 3.4 / 4 / 7 / 8 / 10 / 11,90,systems-engineer,independent raw HTTP conditional on accepted fixture
1,"1,2,3,4",independent-verifier,PENDING_NAMED_CANDIDATE,UNVERIFIED,unverified,Fixture admission diagnostic is nonnormative pending chosen-format/source review; accepted-ID usability is conditional on reset204. No table-detail endpoint is invented.,python opaque_id_probe.py --base CURRENT_URL --peer INDEPENDENT_PEER_URL --candidate FULL_NAMED_CANDIDATE --out NEW_UNIQUE_DIRECTORY,TK1-opaque-table-unicode-import-current,Unchanged export into an independent destination preserves token/current IDs/reference. Fixture scenario: table/unicode.,True,3.3 / 3.4 / 4 / 7 / 8 / 10 / 11,90,systems-engineer,independent raw HTTP conditional on accepted fixture
1,"1,2,3,4",independent-verifier,PENDING_NAMED_CANDIDATE,UNVERIFIED,unverified,Fixture admission diagnostic is nonnormative pending chosen-format/source review; accepted-ID usability is conditional on reset204. No table-detail endpoint is invented.,python opaque_id_probe.py --base CURRENT_URL --peer INDEPENDENT_PEER_URL --candidate FULL_NAMED_CANDIDATE --out NEW_UNIQUE_DIRECTORY,TK1-opaque-table-unicode-import-original,The original create receipt replays unchanged after independent replacement. Fixture scenario: table/unicode.,True,3.3 / 3.4 / 4 / 7 / 8 / 10 / 11,90,systems-engineer,independent raw HTTP conditional on accepted fixture
1,"1,2,3,4",independent-verifier,PENDING_NAMED_CANDIDATE,UNVERIFIED,unverified,Fixture admission diagnostic is nonnormative pending chosen-format/source review; accepted-ID usability is conditional on reset204. No table-detail endpoint is invented.,python opaque_id_probe.py --base CURRENT_URL --peer INDEPENDENT_PEER_URL --candidate FULL_NAMED_CANDIDATE --out NEW_UNIQUE_DIRECTORY,TK1-opaque-table-unicode-cancel-release,Cancel releases the exact accepted table ID in correctly encoded availability. Fixture scenario: table/unicode.,True,3.3 / 3.4 / 4 / 7 / 8 / 10 / 11,90,systems-engineer,independent raw HTTP conditional on accepted fixture
1,"1,2,3,4",independent-verifier,PENDING_NAMED_CANDIDATE,UNVERIFIED,unverified,Fixture admission diagnostic is nonnormative pending chosen-format/source review; accepted-ID usability is conditional on reset204. No table-detail endpoint is invented.,python opaque_id_probe.py --base CURRENT_URL --peer INDEPENDENT_PEER_URL --candidate FULL_NAMED_CANDIDATE --out NEW_UNIQUE_DIRECTORY,TK1-opaque-table-unicode-unknown-route,A correctly encoded unknown ordinary restaurant ID gives404 not_found. Fixture scenario: table/unicode.,True,3.3 / 3.4 / 4 / 7 / 8 / 10 / 11,90,systems-engineer,independent raw HTTP conditional on accepted fixture
1,"1,2,3,4",independent-verifier,PENDING_NAMED_CANDIDATE,UNVERIFIED,unverified,Fixture admission diagnostic is nonnormative pending chosen-format/source review; accepted-ID usability is conditional on reset204. No table-detail endpoint is invented.,python opaque_id_probe.py --base CURRENT_URL --peer INDEPENDENT_PEER_URL --candidate FULL_NAMED_CANDIDATE --out NEW_UNIQUE_DIRECTORY,TK1-opaque-table-astral-admission,Observe fixture admission for table ID astral before source applicability is adjudicated; no lexical defect inferred from refusal.,False,3.4 / 4,90,systems-engineer,independent raw fixture admission diagnostic
1,"1,2,3,4",independent-verifier,PENDING_NAMED_CANDIDATE,UNVERIFIED,unverified,Fixture admission diagnostic is nonnormative pending chosen-format/source review; accepted-ID usability is conditional on reset204. No table-detail endpoint is invented.,python opaque_id_probe.py --base CURRENT_URL --peer INDEPENDENT_PEER_URL --candidate FULL_NAMED_CANDIDATE --out NEW_UNIQUE_DIRECTORY,TK1-opaque-table-astral-list,Public restaurant listing retains the accepted restaurant ID exactly. Fixture scenario: table/astral.,True,3.3 / 3.4 / 4 / 7 / 8 / 10 / 11,90,systems-engineer,independent raw HTTP conditional on accepted fixture
1,"1,2,3,4",independent-verifier,PENDING_NAMED_CANDIDATE,UNVERIFIED,unverified,Fixture admission diagnostic is nonnormative pending chosen-format/source review; accepted-ID usability is conditional on reset204. No table-detail endpoint is invented.,python opaque_id_probe.py --base CURRENT_URL --peer INDEPENDENT_PEER_URL --candidate FULL_NAMED_CANDIDATE --out NEW_UNIQUE_DIRECTORY,TK1-opaque-table-astral-detail-status,The correctly percent-encoded accepted restaurant detail route returns200. Fixture scenario: table/astral.,True,3.3 / 3.4 / 4 / 7 / 8 / 10 / 11,90,interface-engineer,independent raw HTTP conditional on accepted fixture
1,"1,2,3,4",independent-verifier,PENDING_NAMED_CANDIDATE,UNVERIFIED,unverified,Fixture admission diagnostic is nonnormative pending chosen-format/source review; accepted-ID usability is conditional on reset204. No table-detail endpoint is invented.,python opaque_id_probe.py --base CURRENT_URL --peer INDEPENDENT_PEER_URL --candidate FULL_NAMED_CANDIDATE --out NEW_UNIQUE_DIRECTORY,TK1-opaque-table-astral-detail-identity,Restaurant detail preserves accepted restaurant/table IDs in fixture order. Fixture scenario: table/astral.,True,3.3 / 3.4 / 4 / 7 / 8 / 10 / 11,90,interface-engineer,independent raw HTTP conditional on accepted fixture
1,"1,2,3,4",independent-verifier,PENDING_NAMED_CANDIDATE,UNVERIFIED,unverified,Fixture admission diagnostic is nonnormative pending chosen-format/source review; accepted-ID usability is conditional on reset204. No table-detail endpoint is invented.,python opaque_id_probe.py --base CURRENT_URL --peer INDEPENDENT_PEER_URL --candidate FULL_NAMED_CANDIDATE --out NEW_UNIQUE_DIRECTORY,TK1-opaque-table-astral-availability,Correctly encoded restaurant_id query returns exact IDs and the fitting fixture table order. Fixture scenario: table/astral.,True,3.3 / 3.4 / 4 / 7 / 8 / 10 / 11,90,systems-engineer,independent raw HTTP conditional on accepted fixture
1,"1,2,3,4",independent-verifier,PENDING_NAMED_CANDIDATE,UNVERIFIED,unverified,Fixture admission diagnostic is nonnormative pending chosen-format/source review; accepted-ID usability is conditional on reset204. No table-detail endpoint is invented.,python opaque_id_probe.py --base CURRENT_URL --peer INDEPENDENT_PEER_URL --candidate FULL_NAMED_CANDIDATE --out NEW_UNIQUE_DIRECTORY,TK1-opaque-table-astral-create-status,Create with exact accepted restaurant/table IDs succeeds201. Fixture scenario: table/astral.,True,3.3 / 3.4 / 4 / 7 / 8 / 10 / 11,90,systems-engineer,independent raw HTTP conditional on accepted fixture
1,"1,2,3,4",independent-verifier,PENDING_NAMED_CANDIDATE,UNVERIFIED,unverified,Fixture admission diagnostic is nonnormative pending chosen-format/source review; accepted-ID usability is conditional on reset204. No table-detail endpoint is invented.,python opaque_id_probe.py --base CURRENT_URL --peer INDEPENDENT_PEER_URL --candidate FULL_NAMED_CANDIDATE --out NEW_UNIQUE_DIRECTORY,TK1-opaque-table-astral-create-identity,Create response retains exact accepted IDs and a valid stable reference. Fixture scenario: table/astral.,True,3.3 / 3.4 / 4 / 7 / 8 / 10 / 11,90,systems-engineer,independent raw HTTP conditional on accepted fixture
1,"1,2,3,4",independent-verifier,PENDING_NAMED_CANDIDATE,UNVERIFIED,unverified,Fixture admission diagnostic is nonnormative pending chosen-format/source review; accepted-ID usability is conditional on reset204. No table-detail endpoint is invented.,python opaque_id_probe.py --base CURRENT_URL --peer INDEPENDENT_PEER_URL --candidate FULL_NAMED_CANDIDATE --out NEW_UNIQUE_DIRECTORY,TK1-opaque-table-astral-create-replay,An unchanged successful create body/key replays its original response200. Fixture scenario: table/astral.,True,3.3 / 3.4 / 4 / 7 / 8 / 10 / 11,90,systems-engineer,independent raw HTTP conditional on accepted fixture
1,"1,2,3,4",independent-verifier,PENDING_NAMED_CANDIDATE,UNVERIFIED,unverified,Fixture admission diagnostic is nonnormative pending chosen-format/source review; accepted-ID usability is conditional on reset204. No table-detail endpoint is invented.,python opaque_id_probe.py --base CURRENT_URL --peer INDEPENDENT_PEER_URL --candidate FULL_NAMED_CANDIDATE --out NEW_UNIQUE_DIRECTORY,TK1-opaque-table-astral-lookup,Owner lookup returns the same accepted IDs and reservation identity. Fixture scenario: table/astral.,True,3.3 / 3.4 / 4 / 7 / 8 / 10 / 11,90,systems-engineer,independent raw HTTP conditional on accepted fixture
1,"1,2,3,4",independent-verifier,PENDING_NAMED_CANDIDATE,UNVERIFIED,unverified,Fixture admission diagnostic is nonnormative pending chosen-format/source review; accepted-ID usability is conditional on reset204. No table-detail endpoint is invented.,python opaque_id_probe.py --base CURRENT_URL --peer INDEPENDENT_PEER_URL --candidate FULL_NAMED_CANDIDATE --out NEW_UNIQUE_DIRECTORY,TK1-opaque-table-astral-amend,Amendment to the second accepted table retains identity and returns that exact table ID. Fixture scenario: table/astral.,True,3.3 / 3.4 / 4 / 7 / 8 / 10 / 11,90,systems-engineer,independent raw HTTP conditional on accepted fixture
1,"1,2,3,4",independent-verifier,PENDING_NAMED_CANDIDATE,UNVERIFIED,unverified,Fixture admission diagnostic is nonnormative pending chosen-format/source review; accepted-ID usability is conditional on reset204. No table-detail endpoint is invented.,python opaque_id_probe.py --base CURRENT_URL --peer INDEPENDENT_PEER_URL --candidate FULL_NAMED_CANDIDATE --out NEW_UNIQUE_DIRECTORY,TK1-opaque-table-astral-moves,A batch move back to the first accepted table succeeds and preserves exact IDs/identity. Fixture scenario: table/astral.,True,3.3 / 3.4 / 4 / 7 / 8 / 10 / 11,90,systems-engineer,independent raw HTTP conditional on accepted fixture
1,"1,2,3,4",independent-verifier,PENDING_NAMED_CANDIDATE,UNVERIFIED,unverified,Fixture admission diagnostic is nonnormative pending chosen-format/source review; accepted-ID usability is conditional on reset204. No table-detail endpoint is invented.,python opaque_id_probe.py --base CURRENT_URL --peer INDEPENDENT_PEER_URL --candidate FULL_NAMED_CANDIDATE --out NEW_UNIQUE_DIRECTORY,TK1-opaque-table-astral-import-current,Unchanged export into an independent destination preserves token/current IDs/reference. Fixture scenario: table/astral.,True,3.3 / 3.4 / 4 / 7 / 8 / 10 / 11,90,systems-engineer,independent raw HTTP conditional on accepted fixture
1,"1,2,3,4",independent-verifier,PENDING_NAMED_CANDIDATE,UNVERIFIED,unverified,Fixture admission diagnostic is nonnormative pending chosen-format/source review; accepted-ID usability is conditional on reset204. No table-detail endpoint is invented.,python opaque_id_probe.py --base CURRENT_URL --peer INDEPENDENT_PEER_URL --candidate FULL_NAMED_CANDIDATE --out NEW_UNIQUE_DIRECTORY,TK1-opaque-table-astral-import-original,The original create receipt replays unchanged after independent replacement. Fixture scenario: table/astral.,True,3.3 / 3.4 / 4 / 7 / 8 / 10 / 11,90,systems-engineer,independent raw HTTP conditional on accepted fixture
1,"1,2,3,4",independent-verifier,PENDING_NAMED_CANDIDATE,UNVERIFIED,unverified,Fixture admission diagnostic is nonnormative pending chosen-format/source review; accepted-ID usability is conditional on reset204. No table-detail endpoint is invented.,python opaque_id_probe.py --base CURRENT_URL --peer INDEPENDENT_PEER_URL --candidate FULL_NAMED_CANDIDATE --out NEW_UNIQUE_DIRECTORY,TK1-opaque-table-astral-cancel-release,Cancel releases the exact accepted table ID in correctly encoded availability. Fixture scenario: table/astral.,True,3.3 / 3.4 / 4 / 7 / 8 / 10 / 11,90,systems-engineer,independent raw HTTP conditional on accepted fixture
1,"1,2,3,4",independent-verifier,PENDING_NAMED_CANDIDATE,UNVERIFIED,unverified,Fixture admission diagnostic is nonnormative pending chosen-format/source review; accepted-ID usability is conditional on reset204. No table-detail endpoint is invented.,python opaque_id_probe.py --base CURRENT_URL --peer INDEPENDENT_PEER_URL --candidate FULL_NAMED_CANDIDATE --out NEW_UNIQUE_DIRECTORY,TK1-opaque-table-astral-unknown-route,A correctly encoded unknown ordinary restaurant ID gives404 not_found. Fixture scenario: table/astral.,True,3.3 / 3.4 / 4 / 7 / 8 / 10 / 11,90,systems-engineer,independent raw HTTP conditional on accepted fixture
1,"1,2,3,4",independent-verifier,PENDING_NAMED_CANDIDATE,UNVERIFIED,unverified,Fixture admission diagnostic is nonnormative pending chosen-format/source review; accepted-ID usability is conditional on reset204. No table-detail endpoint is invented.,python opaque_id_probe.py --base CURRENT_URL --peer INDEPENDENT_PEER_URL --candidate FULL_NAMED_CANDIDATE --out NEW_UNIQUE_DIRECTORY,TK1-opaque-table-mixed-reserved-admission,Observe fixture admission for table ID mixed-reserved before source applicability is adjudicated; no lexical defect inferred from refusal.,False,3.4 / 4,90,systems-engineer,independent raw fixture admission diagnostic
1,"1,2,3,4",independent-verifier,PENDING_NAMED_CANDIDATE,UNVERIFIED,unverified,Fixture admission diagnostic is nonnormative pending chosen-format/source review; accepted-ID usability is conditional on reset204. No table-detail endpoint is invented.,python opaque_id_probe.py --base CURRENT_URL --peer INDEPENDENT_PEER_URL --candidate FULL_NAMED_CANDIDATE --out NEW_UNIQUE_DIRECTORY,TK1-opaque-table-mixed-reserved-list,Public restaurant listing retains the accepted restaurant ID exactly. Fixture scenario: table/mixed-reserved.,True,3.3 / 3.4 / 4 / 7 / 8 / 10 / 11,90,systems-engineer,independent raw HTTP conditional on accepted fixture
1,"1,2,3,4",independent-verifier,PENDING_NAMED_CANDIDATE,UNVERIFIED,unverified,Fixture admission diagnostic is nonnormative pending chosen-format/source review; accepted-ID usability is conditional on reset204. No table-detail endpoint is invented.,python opaque_id_probe.py --base CURRENT_URL --peer INDEPENDENT_PEER_URL --candidate FULL_NAMED_CANDIDATE --out NEW_UNIQUE_DIRECTORY,TK1-opaque-table-mixed-reserved-detail-status,The correctly percent-encoded accepted restaurant detail route returns200. Fixture scenario: table/mixed-reserved.,True,3.3 / 3.4 / 4 / 7 / 8 / 10 / 11,90,interface-engineer,independent raw HTTP conditional on accepted fixture
1,"1,2,3,4",independent-verifier,PENDING_NAMED_CANDIDATE,UNVERIFIED,unverified,Fixture admission diagnostic is nonnormative pending chosen-format/source review; accepted-ID usability is conditional on reset204. No table-detail endpoint is invented.,python opaque_id_probe.py --base CURRENT_URL --peer INDEPENDENT_PEER_URL --candidate FULL_NAMED_CANDIDATE --out NEW_UNIQUE_DIRECTORY,TK1-opaque-table-mixed-reserved-detail-identity,Restaurant detail preserves accepted restaurant/table IDs in fixture order. Fixture scenario: table/mixed-reserved.,True,3.3 / 3.4 / 4 / 7 / 8 / 10 / 11,90,interface-engineer,independent raw HTTP conditional on accepted fixture
1,"1,2,3,4",independent-verifier,PENDING_NAMED_CANDIDATE,UNVERIFIED,unverified,Fixture admission diagnostic is nonnormative pending chosen-format/source review; accepted-ID usability is conditional on reset204. No table-detail endpoint is invented.,python opaque_id_probe.py --base CURRENT_URL --peer INDEPENDENT_PEER_URL --candidate FULL_NAMED_CANDIDATE --out NEW_UNIQUE_DIRECTORY,TK1-opaque-table-mixed-reserved-availability,Correctly encoded restaurant_id query returns exact IDs and the fitting fixture table order. Fixture scenario: table/mixed-reserved.,True,3.3 / 3.4 / 4 / 7 / 8 / 10 / 11,90,systems-engineer,independent raw HTTP conditional on accepted fixture
1,"1,2,3,4",independent-verifier,PENDING_NAMED_CANDIDATE,UNVERIFIED,unverified,Fixture admission diagnostic is nonnormative pending chosen-format/source review; accepted-ID usability is conditional on reset204. No table-detail endpoint is invented.,python opaque_id_probe.py --base CURRENT_URL --peer INDEPENDENT_PEER_URL --candidate FULL_NAMED_CANDIDATE --out NEW_UNIQUE_DIRECTORY,TK1-opaque-table-mixed-reserved-create-status,Create with exact accepted restaurant/table IDs succeeds201. Fixture scenario: table/mixed-reserved.,True,3.3 / 3.4 / 4 / 7 / 8 / 10 / 11,90,systems-engineer,independent raw HTTP conditional on accepted fixture
1,"1,2,3,4",independent-verifier,PENDING_NAMED_CANDIDATE,UNVERIFIED,unverified,Fixture admission diagnostic is nonnormative pending chosen-format/source review; accepted-ID usability is conditional on reset204. No table-detail endpoint is invented.,python opaque_id_probe.py --base CURRENT_URL --peer INDEPENDENT_PEER_URL --candidate FULL_NAMED_CANDIDATE --out NEW_UNIQUE_DIRECTORY,TK1-opaque-table-mixed-reserved-create-identity,Create response retains exact accepted IDs and a valid stable reference. Fixture scenario: table/mixed-reserved.,True,3.3 / 3.4 / 4 / 7 / 8 / 10 / 11,90,systems-engineer,independent raw HTTP conditional on accepted fixture
1,"1,2,3,4",independent-verifier,PENDING_NAMED_CANDIDATE,UNVERIFIED,unverified,Fixture admission diagnostic is nonnormative pending chosen-format/source review; accepted-ID usability is conditional on reset204. No table-detail endpoint is invented.,python opaque_id_probe.py --base CURRENT_URL --peer INDEPENDENT_PEER_URL --candidate FULL_NAMED_CANDIDATE --out NEW_UNIQUE_DIRECTORY,TK1-opaque-table-mixed-reserved-create-replay,An unchanged successful create body/key replays its original response200. Fixture scenario: table/mixed-reserved.,True,3.3 / 3.4 / 4 / 7 / 8 / 10 / 11,90,systems-engineer,independent raw HTTP conditional on accepted fixture
1,"1,2,3,4",independent-verifier,PENDING_NAMED_CANDIDATE,UNVERIFIED,unverified,Fixture admission diagnostic is nonnormative pending chosen-format/source review; accepted-ID usability is conditional on reset204. No table-detail endpoint is invented.,python opaque_id_probe.py --base CURRENT_URL --peer INDEPENDENT_PEER_URL --candidate FULL_NAMED_CANDIDATE --out NEW_UNIQUE_DIRECTORY,TK1-opaque-table-mixed-reserved-lookup,Owner lookup returns the same accepted IDs and reservation identity. Fixture scenario: table/mixed-reserved.,True,3.3 / 3.4 / 4 / 7 / 8 / 10 / 11,90,systems-engineer,independent raw HTTP conditional on accepted fixture
1,"1,2,3,4",independent-verifier,PENDING_NAMED_CANDIDATE,UNVERIFIED,unverified,Fixture admission diagnostic is nonnormative pending chosen-format/source review; accepted-ID usability is conditional on reset204. No table-detail endpoint is invented.,python opaque_id_probe.py --base CURRENT_URL --peer INDEPENDENT_PEER_URL --candidate FULL_NAMED_CANDIDATE --out NEW_UNIQUE_DIRECTORY,TK1-opaque-table-mixed-reserved-amend,Amendment to the second accepted table retains identity and returns that exact table ID. Fixture scenario: table/mixed-reserved.,True,3.3 / 3.4 / 4 / 7 / 8 / 10 / 11,90,systems-engineer,independent raw HTTP conditional on accepted fixture
1,"1,2,3,4",independent-verifier,PENDING_NAMED_CANDIDATE,UNVERIFIED,unverified,Fixture admission diagnostic is nonnormative pending chosen-format/source review; accepted-ID usability is conditional on reset204. No table-detail endpoint is invented.,python opaque_id_probe.py --base CURRENT_URL --peer INDEPENDENT_PEER_URL --candidate FULL_NAMED_CANDIDATE --out NEW_UNIQUE_DIRECTORY,TK1-opaque-table-mixed-reserved-moves,A batch move back to the first accepted table succeeds and preserves exact IDs/identity. Fixture scenario: table/mixed-reserved.,True,3.3 / 3.4 / 4 / 7 / 8 / 10 / 11,90,systems-engineer,independent raw HTTP conditional on accepted fixture
1,"1,2,3,4",independent-verifier,PENDING_NAMED_CANDIDATE,UNVERIFIED,unverified,Fixture admission diagnostic is nonnormative pending chosen-format/source review; accepted-ID usability is conditional on reset204. No table-detail endpoint is invented.,python opaque_id_probe.py --base CURRENT_URL --peer INDEPENDENT_PEER_URL --candidate FULL_NAMED_CANDIDATE --out NEW_UNIQUE_DIRECTORY,TK1-opaque-table-mixed-reserved-import-current,Unchanged export into an independent destination preserves token/current IDs/reference. Fixture scenario: table/mixed-reserved.,True,3.3 / 3.4 / 4 / 7 / 8 / 10 / 11,90,systems-engineer,independent raw HTTP conditional on accepted fixture
1,"1,2,3,4",independent-verifier,PENDING_NAMED_CANDIDATE,UNVERIFIED,unverified,Fixture admission diagnostic is nonnormative pending chosen-format/source review; accepted-ID usability is conditional on reset204. No table-detail endpoint is invented.,python opaque_id_probe.py --base CURRENT_URL --peer INDEPENDENT_PEER_URL --candidate FULL_NAMED_CANDIDATE --out NEW_UNIQUE_DIRECTORY,TK1-opaque-table-mixed-reserved-import-original,The original create receipt replays unchanged after independent replacement. Fixture scenario: table/mixed-reserved.,True,3.3 / 3.4 / 4 / 7 / 8 / 10 / 11,90,systems-engineer,independent raw HTTP conditional on accepted fixture
1,"1,2,3,4",independent-verifier,PENDING_NAMED_CANDIDATE,UNVERIFIED,unverified,Fixture admission diagnostic is nonnormative pending chosen-format/source review; accepted-ID usability is conditional on reset204. No table-detail endpoint is invented.,python opaque_id_probe.py --base CURRENT_URL --peer INDEPENDENT_PEER_URL --candidate FULL_NAMED_CANDIDATE --out NEW_UNIQUE_DIRECTORY,TK1-opaque-table-mixed-reserved-cancel-release,Cancel releases the exact accepted table ID in correctly encoded availability. Fixture scenario: table/mixed-reserved.,True,3.3 / 3.4 / 4 / 7 / 8 / 10 / 11,90,systems-engineer,independent raw HTTP conditional on accepted fixture
1,"1,2,3,4",independent-verifier,PENDING_NAMED_CANDIDATE,UNVERIFIED,unverified,Fixture admission diagnostic is nonnormative pending chosen-format/source review; accepted-ID usability is conditional on reset204. No table-detail endpoint is invented.,python opaque_id_probe.py --base CURRENT_URL --peer INDEPENDENT_PEER_URL --candidate FULL_NAMED_CANDIDATE --out NEW_UNIQUE_DIRECTORY,TK1-opaque-table-mixed-reserved-unknown-route,A correctly encoded unknown ordinary restaurant ID gives404 not_found. Fixture scenario: table/mixed-reserved.,True,3.3 / 3.4 / 4 / 7 / 8 / 10 / 11,90,systems-engineer,independent raw HTTP conditional on accepted fixture
1,"1,2,3,4",independent-verifier,PENDING_NAMED_CANDIDATE,UNVERIFIED,unverified,Fixture admission diagnostic is nonnormative pending chosen-format/source review; accepted-ID usability is conditional on reset204. No table-detail endpoint is invented.,python opaque_id_probe.py --base CURRENT_URL --peer INDEPENDENT_PEER_URL --candidate FULL_NAMED_CANDIDATE --out NEW_UNIQUE_DIRECTORY,TK1-opaque-table-ascii64-admission,Observe fixture admission for table ID ascii64 before source applicability is adjudicated; no lexical defect inferred from refusal.,False,3.4 / 4,90,systems-engineer,independent raw fixture admission diagnostic
1,"1,2,3,4",independent-verifier,PENDING_NAMED_CANDIDATE,UNVERIFIED,unverified,Fixture admission diagnostic is nonnormative pending chosen-format/source review; accepted-ID usability is conditional on reset204. No table-detail endpoint is invented.,python opaque_id_probe.py --base CURRENT_URL --peer INDEPENDENT_PEER_URL --candidate FULL_NAMED_CANDIDATE --out NEW_UNIQUE_DIRECTORY,TK1-opaque-table-ascii64-list,Public restaurant listing retains the accepted restaurant ID exactly. Fixture scenario: table/ascii64.,True,3.3 / 3.4 / 4 / 7 / 8 / 10 / 11,90,systems-engineer,independent raw HTTP conditional on accepted fixture
1,"1,2,3,4",independent-verifier,PENDING_NAMED_CANDIDATE,UNVERIFIED,unverified,Fixture admission diagnostic is nonnormative pending chosen-format/source review; accepted-ID usability is conditional on reset204. No table-detail endpoint is invented.,python opaque_id_probe.py --base CURRENT_URL --peer INDEPENDENT_PEER_URL --candidate FULL_NAMED_CANDIDATE --out NEW_UNIQUE_DIRECTORY,TK1-opaque-table-ascii64-detail-status,The correctly percent-encoded accepted restaurant detail route returns200. Fixture scenario: table/ascii64.,True,3.3 / 3.4 / 4 / 7 / 8 / 10 / 11,90,interface-engineer,independent raw HTTP conditional on accepted fixture
1,"1,2,3,4",independent-verifier,PENDING_NAMED_CANDIDATE,UNVERIFIED,unverified,Fixture admission diagnostic is nonnormative pending chosen-format/source review; accepted-ID usability is conditional on reset204. No table-detail endpoint is invented.,python opaque_id_probe.py --base CURRENT_URL --peer INDEPENDENT_PEER_URL --candidate FULL_NAMED_CANDIDATE --out NEW_UNIQUE_DIRECTORY,TK1-opaque-table-ascii64-detail-identity,Restaurant detail preserves accepted restaurant/table IDs in fixture order. Fixture scenario: table/ascii64.,True,3.3 / 3.4 / 4 / 7 / 8 / 10 / 11,90,interface-engineer,independent raw HTTP conditional on accepted fixture
1,"1,2,3,4",independent-verifier,PENDING_NAMED_CANDIDATE,UNVERIFIED,unverified,Fixture admission diagnostic is nonnormative pending chosen-format/source review; accepted-ID usability is conditional on reset204. No table-detail endpoint is invented.,python opaque_id_probe.py --base CURRENT_URL --peer INDEPENDENT_PEER_URL --candidate FULL_NAMED_CANDIDATE --out NEW_UNIQUE_DIRECTORY,TK1-opaque-table-ascii64-availability,Correctly encoded restaurant_id query returns exact IDs and the fitting fixture table order. Fixture scenario: table/ascii64.,True,3.3 / 3.4 / 4 / 7 / 8 / 10 / 11,90,systems-engineer,independent raw HTTP conditional on accepted fixture
1,"1,2,3,4",independent-verifier,PENDING_NAMED_CANDIDATE,UNVERIFIED,unverified,Fixture admission diagnostic is nonnormative pending chosen-format/source review; accepted-ID usability is conditional on reset204. No table-detail endpoint is invented.,python opaque_id_probe.py --base CURRENT_URL --peer INDEPENDENT_PEER_URL --candidate FULL_NAMED_CANDIDATE --out NEW_UNIQUE_DIRECTORY,TK1-opaque-table-ascii64-create-status,Create with exact accepted restaurant/table IDs succeeds201. Fixture scenario: table/ascii64.,True,3.3 / 3.4 / 4 / 7 / 8 / 10 / 11,90,systems-engineer,independent raw HTTP conditional on accepted fixture
1,"1,2,3,4",independent-verifier,PENDING_NAMED_CANDIDATE,UNVERIFIED,unverified,Fixture admission diagnostic is nonnormative pending chosen-format/source review; accepted-ID usability is conditional on reset204. No table-detail endpoint is invented.,python opaque_id_probe.py --base CURRENT_URL --peer INDEPENDENT_PEER_URL --candidate FULL_NAMED_CANDIDATE --out NEW_UNIQUE_DIRECTORY,TK1-opaque-table-ascii64-create-identity,Create response retains exact accepted IDs and a valid stable reference. Fixture scenario: table/ascii64.,True,3.3 / 3.4 / 4 / 7 / 8 / 10 / 11,90,systems-engineer,independent raw HTTP conditional on accepted fixture
1,"1,2,3,4",independent-verifier,PENDING_NAMED_CANDIDATE,UNVERIFIED,unverified,Fixture admission diagnostic is nonnormative pending chosen-format/source review; accepted-ID usability is conditional on reset204. No table-detail endpoint is invented.,python opaque_id_probe.py --base CURRENT_URL --peer INDEPENDENT_PEER_URL --candidate FULL_NAMED_CANDIDATE --out NEW_UNIQUE_DIRECTORY,TK1-opaque-table-ascii64-create-replay,An unchanged successful create body/key replays its original response200. Fixture scenario: table/ascii64.,True,3.3 / 3.4 / 4 / 7 / 8 / 10 / 11,90,systems-engineer,independent raw HTTP conditional on accepted fixture
1,"1,2,3,4",independent-verifier,PENDING_NAMED_CANDIDATE,UNVERIFIED,unverified,Fixture admission diagnostic is nonnormative pending chosen-format/source review; accepted-ID usability is conditional on reset204. No table-detail endpoint is invented.,python opaque_id_probe.py --base CURRENT_URL --peer INDEPENDENT_PEER_URL --candidate FULL_NAMED_CANDIDATE --out NEW_UNIQUE_DIRECTORY,TK1-opaque-table-ascii64-lookup,Owner lookup returns the same accepted IDs and reservation identity. Fixture scenario: table/ascii64.,True,3.3 / 3.4 / 4 / 7 / 8 / 10 / 11,90,systems-engineer,independent raw HTTP conditional on accepted fixture
1,"1,2,3,4",independent-verifier,PENDING_NAMED_CANDIDATE,UNVERIFIED,unverified,Fixture admission diagnostic is nonnormative pending chosen-format/source review; accepted-ID usability is conditional on reset204. No table-detail endpoint is invented.,python opaque_id_probe.py --base CURRENT_URL --peer INDEPENDENT_PEER_URL --candidate FULL_NAMED_CANDIDATE --out NEW_UNIQUE_DIRECTORY,TK1-opaque-table-ascii64-amend,Amendment to the second accepted table retains identity and returns that exact table ID. Fixture scenario: table/ascii64.,True,3.3 / 3.4 / 4 / 7 / 8 / 10 / 11,90,systems-engineer,independent raw HTTP conditional on accepted fixture
1,"1,2,3,4",independent-verifier,PENDING_NAMED_CANDIDATE,UNVERIFIED,unverified,Fixture admission diagnostic is nonnormative pending chosen-format/source review; accepted-ID usability is conditional on reset204. No table-detail endpoint is invented.,python opaque_id_probe.py --base CURRENT_URL --peer INDEPENDENT_PEER_URL --candidate FULL_NAMED_CANDIDATE --out NEW_UNIQUE_DIRECTORY,TK1-opaque-table-ascii64-moves,A batch move back to the first accepted table succeeds and preserves exact IDs/identity. Fixture scenario: table/ascii64.,True,3.3 / 3.4 / 4 / 7 / 8 / 10 / 11,90,systems-engineer,independent raw HTTP conditional on accepted fixture
1,"1,2,3,4",independent-verifier,PENDING_NAMED_CANDIDATE,UNVERIFIED,unverified,Fixture admission diagnostic is nonnormative pending chosen-format/source review; accepted-ID usability is conditional on reset204. No table-detail endpoint is invented.,python opaque_id_probe.py --base CURRENT_URL --peer INDEPENDENT_PEER_URL --candidate FULL_NAMED_CANDIDATE --out NEW_UNIQUE_DIRECTORY,TK1-opaque-table-ascii64-import-current,Unchanged export into an independent destination preserves token/current IDs/reference. Fixture scenario: table/ascii64.,True,3.3 / 3.4 / 4 / 7 / 8 / 10 / 11,90,systems-engineer,independent raw HTTP conditional on accepted fixture
1,"1,2,3,4",independent-verifier,PENDING_NAMED_CANDIDATE,UNVERIFIED,unverified,Fixture admission diagnostic is nonnormative pending chosen-format/source review; accepted-ID usability is conditional on reset204. No table-detail endpoint is invented.,python opaque_id_probe.py --base CURRENT_URL --peer INDEPENDENT_PEER_URL --candidate FULL_NAMED_CANDIDATE --out NEW_UNIQUE_DIRECTORY,TK1-opaque-table-ascii64-import-original,The original create receipt replays unchanged after independent replacement. Fixture scenario: table/ascii64.,True,3.3 / 3.4 / 4 / 7 / 8 / 10 / 11,90,systems-engineer,independent raw HTTP conditional on accepted fixture
1,"1,2,3,4",independent-verifier,PENDING_NAMED_CANDIDATE,UNVERIFIED,unverified,Fixture admission diagnostic is nonnormative pending chosen-format/source review; accepted-ID usability is conditional on reset204. No table-detail endpoint is invented.,python opaque_id_probe.py --base CURRENT_URL --peer INDEPENDENT_PEER_URL --candidate FULL_NAMED_CANDIDATE --out NEW_UNIQUE_DIRECTORY,TK1-opaque-table-ascii64-cancel-release,Cancel releases the exact accepted table ID in correctly encoded availability. Fixture scenario: table/ascii64.,True,3.3 / 3.4 / 4 / 7 / 8 / 10 / 11,90,systems-engineer,independent raw HTTP conditional on accepted fixture
1,"1,2,3,4",independent-verifier,PENDING_NAMED_CANDIDATE,UNVERIFIED,unverified,Fixture admission diagnostic is nonnormative pending chosen-format/source review; accepted-ID usability is conditional on reset204. No table-detail endpoint is invented.,python opaque_id_probe.py --base CURRENT_URL --peer INDEPENDENT_PEER_URL --candidate FULL_NAMED_CANDIDATE --out NEW_UNIQUE_DIRECTORY,TK1-opaque-table-ascii64-unknown-route,A correctly encoded unknown ordinary restaurant ID gives404 not_found. Fixture scenario: table/ascii64.,True,3.3 / 3.4 / 4 / 7 / 8 / 10 / 11,90,systems-engineer,independent raw HTTP conditional on accepted fixture
1,"1,2,3,4",independent-verifier,PENDING_NAMED_CANDIDATE,UNVERIFIED,unverified,Fixture admission diagnostic is nonnormative pending chosen-format/source review; accepted-ID usability is conditional on reset204. No table-detail endpoint is invented.,python opaque_id_probe.py --base CURRENT_URL --peer INDEPENDENT_PEER_URL --candidate FULL_NAMED_CANDIDATE --out NEW_UNIQUE_DIRECTORY,TK1-opaque-table-unicode64-admission,Observe fixture admission for table ID unicode64 before source applicability is adjudicated; no lexical defect inferred from refusal.,False,3.4 / 4,90,systems-engineer,independent raw fixture admission diagnostic
1,"1,2,3,4",independent-verifier,PENDING_NAMED_CANDIDATE,UNVERIFIED,unverified,Fixture admission diagnostic is nonnormative pending chosen-format/source review; accepted-ID usability is conditional on reset204. No table-detail endpoint is invented.,python opaque_id_probe.py --base CURRENT_URL --peer INDEPENDENT_PEER_URL --candidate FULL_NAMED_CANDIDATE --out NEW_UNIQUE_DIRECTORY,TK1-opaque-table-unicode64-list,Public restaurant listing retains the accepted restaurant ID exactly. Fixture scenario: table/unicode64.,True,3.3 / 3.4 / 4 / 7 / 8 / 10 / 11,90,systems-engineer,independent raw HTTP conditional on accepted fixture
1,"1,2,3,4",independent-verifier,PENDING_NAMED_CANDIDATE,UNVERIFIED,unverified,Fixture admission diagnostic is nonnormative pending chosen-format/source review; accepted-ID usability is conditional on reset204. No table-detail endpoint is invented.,python opaque_id_probe.py --base CURRENT_URL --peer INDEPENDENT_PEER_URL --candidate FULL_NAMED_CANDIDATE --out NEW_UNIQUE_DIRECTORY,TK1-opaque-table-unicode64-detail-status,The correctly percent-encoded accepted restaurant detail route returns200. Fixture scenario: table/unicode64.,True,3.3 / 3.4 / 4 / 7 / 8 / 10 / 11,90,interface-engineer,independent raw HTTP conditional on accepted fixture
1,"1,2,3,4",independent-verifier,PENDING_NAMED_CANDIDATE,UNVERIFIED,unverified,Fixture admission diagnostic is nonnormative pending chosen-format/source review; accepted-ID usability is conditional on reset204. No table-detail endpoint is invented.,python opaque_id_probe.py --base CURRENT_URL --peer INDEPENDENT_PEER_URL --candidate FULL_NAMED_CANDIDATE --out NEW_UNIQUE_DIRECTORY,TK1-opaque-table-unicode64-detail-identity,Restaurant detail preserves accepted restaurant/table IDs in fixture order. Fixture scenario: table/unicode64.,True,3.3 / 3.4 / 4 / 7 / 8 / 10 / 11,90,interface-engineer,independent raw HTTP conditional on accepted fixture
1,"1,2,3,4",independent-verifier,PENDING_NAMED_CANDIDATE,UNVERIFIED,unverified,Fixture admission diagnostic is nonnormative pending chosen-format/source review; accepted-ID usability is conditional on reset204. No table-detail endpoint is invented.,python opaque_id_probe.py --base CURRENT_URL --peer INDEPENDENT_PEER_URL --candidate FULL_NAMED_CANDIDATE --out NEW_UNIQUE_DIRECTORY,TK1-opaque-table-unicode64-availability,Correctly encoded restaurant_id query returns exact IDs and the fitting fixture table order. Fixture scenario: table/unicode64.,True,3.3 / 3.4 / 4 / 7 / 8 / 10 / 11,90,systems-engineer,independent raw HTTP conditional on accepted fixture
1,"1,2,3,4",independent-verifier,PENDING_NAMED_CANDIDATE,UNVERIFIED,unverified,Fixture admission diagnostic is nonnormative pending chosen-format/source review; accepted-ID usability is conditional on reset204. No table-detail endpoint is invented.,python opaque_id_probe.py --base CURRENT_URL --peer INDEPENDENT_PEER_URL --candidate FULL_NAMED_CANDIDATE --out NEW_UNIQUE_DIRECTORY,TK1-opaque-table-unicode64-create-status,Create with exact accepted restaurant/table IDs succeeds201. Fixture scenario: table/unicode64.,True,3.3 / 3.4 / 4 / 7 / 8 / 10 / 11,90,systems-engineer,independent raw HTTP conditional on accepted fixture
1,"1,2,3,4",independent-verifier,PENDING_NAMED_CANDIDATE,UNVERIFIED,unverified,Fixture admission diagnostic is nonnormative pending chosen-format/source review; accepted-ID usability is conditional on reset204. No table-detail endpoint is invented.,python opaque_id_probe.py --base CURRENT_URL --peer INDEPENDENT_PEER_URL --candidate FULL_NAMED_CANDIDATE --out NEW_UNIQUE_DIRECTORY,TK1-opaque-table-unicode64-create-identity,Create response retains exact accepted IDs and a valid stable reference. Fixture scenario: table/unicode64.,True,3.3 / 3.4 / 4 / 7 / 8 / 10 / 11,90,systems-engineer,independent raw HTTP conditional on accepted fixture
1,"1,2,3,4",independent-verifier,PENDING_NAMED_CANDIDATE,UNVERIFIED,unverified,Fixture admission diagnostic is nonnormative pending chosen-format/source review; accepted-ID usability is conditional on reset204. No table-detail endpoint is invented.,python opaque_id_probe.py --base CURRENT_URL --peer INDEPENDENT_PEER_URL --candidate FULL_NAMED_CANDIDATE --out NEW_UNIQUE_DIRECTORY,TK1-opaque-table-unicode64-create-replay,An unchanged successful create body/key replays its original response200. Fixture scenario: table/unicode64.,True,3.3 / 3.4 / 4 / 7 / 8 / 10 / 11,90,systems-engineer,independent raw HTTP conditional on accepted fixture
1,"1,2,3,4",independent-verifier,PENDING_NAMED_CANDIDATE,UNVERIFIED,unverified,Fixture admission diagnostic is nonnormative pending chosen-format/source review; accepted-ID usability is conditional on reset204. No table-detail endpoint is invented.,python opaque_id_probe.py --base CURRENT_URL --peer INDEPENDENT_PEER_URL --candidate FULL_NAMED_CANDIDATE --out NEW_UNIQUE_DIRECTORY,TK1-opaque-table-unicode64-lookup,Owner lookup returns the same accepted IDs and reservation identity. Fixture scenario: table/unicode64.,True,3.3 / 3.4 / 4 / 7 / 8 / 10 / 11,90,systems-engineer,independent raw HTTP conditional on accepted fixture
1,"1,2,3,4",independent-verifier,PENDING_NAMED_CANDIDATE,UNVERIFIED,unverified,Fixture admission diagnostic is nonnormative pending chosen-format/source review; accepted-ID usability is conditional on reset204. No table-detail endpoint is invented.,python opaque_id_probe.py --base CURRENT_URL --peer INDEPENDENT_PEER_URL --candidate FULL_NAMED_CANDIDATE --out NEW_UNIQUE_DIRECTORY,TK1-opaque-table-unicode64-amend,Amendment to the second accepted table retains identity and returns that exact table ID. Fixture scenario: table/unicode64.,True,3.3 / 3.4 / 4 / 7 / 8 / 10 / 11,90,systems-engineer,independent raw HTTP conditional on accepted fixture
1,"1,2,3,4",independent-verifier,PENDING_NAMED_CANDIDATE,UNVERIFIED,unverified,Fixture admission diagnostic is nonnormative pending chosen-format/source review; accepted-ID usability is conditional on reset204. No table-detail endpoint is invented.,python opaque_id_probe.py --base CURRENT_URL --peer INDEPENDENT_PEER_URL --candidate FULL_NAMED_CANDIDATE --out NEW_UNIQUE_DIRECTORY,TK1-opaque-table-unicode64-moves,A batch move back to the first accepted table succeeds and preserves exact IDs/identity. Fixture scenario: table/unicode64.,True,3.3 / 3.4 / 4 / 7 / 8 / 10 / 11,90,systems-engineer,independent raw HTTP conditional on accepted fixture
1,"1,2,3,4",independent-verifier,PENDING_NAMED_CANDIDATE,UNVERIFIED,unverified,Fixture admission diagnostic is nonnormative pending chosen-format/source review; accepted-ID usability is conditional on reset204. No table-detail endpoint is invented.,python opaque_id_probe.py --base CURRENT_URL --peer INDEPENDENT_PEER_URL --candidate FULL_NAMED_CANDIDATE --out NEW_UNIQUE_DIRECTORY,TK1-opaque-table-unicode64-import-current,Unchanged export into an independent destination preserves token/current IDs/reference. Fixture scenario: table/unicode64.,True,3.3 / 3.4 / 4 / 7 / 8 / 10 / 11,90,systems-engineer,independent raw HTTP conditional on accepted fixture
1,"1,2,3,4",independent-verifier,PENDING_NAMED_CANDIDATE,UNVERIFIED,unverified,Fixture admission diagnostic is nonnormative pending chosen-format/source review; accepted-ID usability is conditional on reset204. No table-detail endpoint is invented.,python opaque_id_probe.py --base CURRENT_URL --peer INDEPENDENT_PEER_URL --candidate FULL_NAMED_CANDIDATE --out NEW_UNIQUE_DIRECTORY,TK1-opaque-table-unicode64-import-original,The original create receipt replays unchanged after independent replacement. Fixture scenario: table/unicode64.,True,3.3 / 3.4 / 4 / 7 / 8 / 10 / 11,90,systems-engineer,independent raw HTTP conditional on accepted fixture
1,"1,2,3,4",independent-verifier,PENDING_NAMED_CANDIDATE,UNVERIFIED,unverified,Fixture admission diagnostic is nonnormative pending chosen-format/source review; accepted-ID usability is conditional on reset204. No table-detail endpoint is invented.,python opaque_id_probe.py --base CURRENT_URL --peer INDEPENDENT_PEER_URL --candidate FULL_NAMED_CANDIDATE --out NEW_UNIQUE_DIRECTORY,TK1-opaque-table-unicode64-cancel-release,Cancel releases the exact accepted table ID in correctly encoded availability. Fixture scenario: table/unicode64.,True,3.3 / 3.4 / 4 / 7 / 8 / 10 / 11,90,systems-engineer,independent raw HTTP conditional on accepted fixture
1,"1,2,3,4",independent-verifier,PENDING_NAMED_CANDIDATE,UNVERIFIED,unverified,Fixture admission diagnostic is nonnormative pending chosen-format/source review; accepted-ID usability is conditional on reset204. No table-detail endpoint is invented.,python opaque_id_probe.py --base CURRENT_URL --peer INDEPENDENT_PEER_URL --candidate FULL_NAMED_CANDIDATE --out NEW_UNIQUE_DIRECTORY,TK1-opaque-table-unicode64-unknown-route,A correctly encoded unknown ordinary restaurant ID gives404 not_found. Fixture scenario: table/unicode64.,True,3.3 / 3.4 / 4 / 7 / 8 / 10 / 11,90,systems-engineer,independent raw HTTP conditional on accepted fixture
