introduced_stage,applicable_stages,normative,verification_owner,candidate_full_revision,verification_method,executable_command_or_interaction,evidence_path,verdict,interpretation_note,requirement_id,requirement_text,source_section,source_line,implementation_owner,preparation_origin
1,"1,2,3,4",True,independent-verifier,PENDING_NAMED_CANDIDATE,"independent deterministic raw HTTP race captures, observable generation oracle and unchanged independent-process replacement",python snapshot_probe.py --base CURRENT_URL --peer INDEPENDENT_DESTINATION_1 --third INDEPENDENT_DESTINATION_2 --candidate FULL_NAMED_CANDIDATE --out NEW_UNIQUE_DIRECTORY,UNVERIFIED,unverified,Client events expose HTTP response lifetime; server-internal serialization interleaving is not inferred. Private state stays opaque; bounded schedule only.,TK1-snapshot-send-barrier-write-1-status,Atomic eight-record move first use succeeds201.,7 / 11,417,systems-engineer,Snapshot concurrency supplement from source note22b8029c
1,"1,2,3,4",True,independent-verifier,PENDING_NAMED_CANDIDATE,"independent deterministic raw HTTP race captures, observable generation oracle and unchanged independent-process replacement",python snapshot_probe.py --base CURRENT_URL --peer INDEPENDENT_DESTINATION_1 --third INDEPENDENT_DESTINATION_2 --candidate FULL_NAMED_CANDIDATE --out NEW_UNIQUE_DIRECTORY,UNVERIFIED,unverified,Client events expose HTTP response lifetime; server-internal serialization interleaving is not inferred. Private state stays opaque; bounded schedule only.,TK1-snapshot-send-barrier-write-1-order,Successful move receipt retains input order and exact complete generation state.,11,417,systems-engineer,Snapshot concurrency supplement from source note22b8029c
1,"1,2,3,4",True,independent-verifier,PENDING_NAMED_CANDIDATE,"independent deterministic raw HTTP race captures, observable generation oracle and unchanged independent-process replacement",python snapshot_probe.py --base CURRENT_URL --peer INDEPENDENT_DESTINATION_1 --third INDEPENDENT_DESTINATION_2 --candidate FULL_NAMED_CANDIDATE --out NEW_UNIQUE_DIRECTORY,UNVERIFIED,unverified,Client events expose HTTP response lifetime; server-internal serialization interleaving is not inferred. Private state stays opaque; bounded schedule only.,TK1-snapshot-send-barrier-write-2-status,Atomic eight-record move first use succeeds201.,7 / 11,417,systems-engineer,Snapshot concurrency supplement from source note22b8029c
1,"1,2,3,4",True,independent-verifier,PENDING_NAMED_CANDIDATE,"independent deterministic raw HTTP race captures, observable generation oracle and unchanged independent-process replacement",python snapshot_probe.py --base CURRENT_URL --peer INDEPENDENT_DESTINATION_1 --third INDEPENDENT_DESTINATION_2 --candidate FULL_NAMED_CANDIDATE --out NEW_UNIQUE_DIRECTORY,UNVERIFIED,unverified,Client events expose HTTP response lifetime; server-internal serialization interleaving is not inferred. Private state stays opaque; bounded schedule only.,TK1-snapshot-send-barrier-write-2-order,Successful move receipt retains input order and exact complete generation state.,11,417,systems-engineer,Snapshot concurrency supplement from source note22b8029c
1,"1,2,3,4",True,independent-verifier,PENDING_NAMED_CANDIDATE,"independent deterministic raw HTTP race captures, observable generation oracle and unchanged independent-process replacement",python snapshot_probe.py --base CURRENT_URL --peer INDEPENDENT_DESTINATION_1 --third INDEPENDENT_DESTINATION_2 --candidate FULL_NAMED_CANDIDATE --out NEW_UNIQUE_DIRECTORY,UNVERIFIED,unverified,Client events expose HTTP response lifetime; server-internal serialization interleaving is not inferred. Private state stays opaque; bounded schedule only.,TK1-snapshot-send-barrier-write-3-status,Atomic eight-record move first use succeeds201.,7 / 11,417,systems-engineer,Snapshot concurrency supplement from source note22b8029c
1,"1,2,3,4",True,independent-verifier,PENDING_NAMED_CANDIDATE,"independent deterministic raw HTTP race captures, observable generation oracle and unchanged independent-process replacement",python snapshot_probe.py --base CURRENT_URL --peer INDEPENDENT_DESTINATION_1 --third INDEPENDENT_DESTINATION_2 --candidate FULL_NAMED_CANDIDATE --out NEW_UNIQUE_DIRECTORY,UNVERIFIED,unverified,Client events expose HTTP response lifetime; server-internal serialization interleaving is not inferred. Private state stays opaque; bounded schedule only.,TK1-snapshot-send-barrier-write-3-order,Successful move receipt retains input order and exact complete generation state.,11,417,systems-engineer,Snapshot concurrency supplement from source note22b8029c
1,"1,2,3,4",True,independent-verifier,PENDING_NAMED_CANDIDATE,"independent deterministic raw HTTP race captures, observable generation oracle and unchanged independent-process replacement",python snapshot_probe.py --base CURRENT_URL --peer INDEPENDENT_DESTINATION_1 --third INDEPENDENT_DESTINATION_2 --candidate FULL_NAMED_CANDIDATE --out NEW_UNIQUE_DIRECTORY,UNVERIFIED,unverified,Client events expose HTTP response lifetime; server-internal serialization interleaving is not inferred. Private state stays opaque; bounded schedule only.,TK1-snapshot-send-barrier-write-4-status,Atomic eight-record move first use succeeds201.,7 / 11,417,systems-engineer,Snapshot concurrency supplement from source note22b8029c
1,"1,2,3,4",True,independent-verifier,PENDING_NAMED_CANDIDATE,"independent deterministic raw HTTP race captures, observable generation oracle and unchanged independent-process replacement",python snapshot_probe.py --base CURRENT_URL --peer INDEPENDENT_DESTINATION_1 --third INDEPENDENT_DESTINATION_2 --candidate FULL_NAMED_CANDIDATE --out NEW_UNIQUE_DIRECTORY,UNVERIFIED,unverified,Client events expose HTTP response lifetime; server-internal serialization interleaving is not inferred. Private state stays opaque; bounded schedule only.,TK1-snapshot-send-barrier-write-4-order,Successful move receipt retains input order and exact complete generation state.,11,417,systems-engineer,Snapshot concurrency supplement from source note22b8029c
1,"1,2,3,4",True,independent-verifier,PENDING_NAMED_CANDIDATE,"independent deterministic raw HTTP race captures, observable generation oracle and unchanged independent-process replacement",python snapshot_probe.py --base CURRENT_URL --peer INDEPENDENT_DESTINATION_1 --third INDEPENDENT_DESTINATION_2 --candidate FULL_NAMED_CANDIDATE --out NEW_UNIQUE_DIRECTORY,UNVERIFIED,unverified,Client events expose HTTP response lifetime; server-internal serialization interleaving is not inferred. Private state stays opaque; bounded schedule only.,TK1-snapshot-send-barrier-write-5-status,Atomic eight-record move first use succeeds201.,7 / 11,417,systems-engineer,Snapshot concurrency supplement from source note22b8029c
1,"1,2,3,4",True,independent-verifier,PENDING_NAMED_CANDIDATE,"independent deterministic raw HTTP race captures, observable generation oracle and unchanged independent-process replacement",python snapshot_probe.py --base CURRENT_URL --peer INDEPENDENT_DESTINATION_1 --third INDEPENDENT_DESTINATION_2 --candidate FULL_NAMED_CANDIDATE --out NEW_UNIQUE_DIRECTORY,UNVERIFIED,unverified,Client events expose HTTP response lifetime; server-internal serialization interleaving is not inferred. Private state stays opaque; bounded schedule only.,TK1-snapshot-send-barrier-write-5-order,Successful move receipt retains input order and exact complete generation state.,11,417,systems-engineer,Snapshot concurrency supplement from source note22b8029c
1,"1,2,3,4",True,independent-verifier,PENDING_NAMED_CANDIDATE,"independent deterministic raw HTTP race captures, observable generation oracle and unchanged independent-process replacement",python snapshot_probe.py --base CURRENT_URL --peer INDEPENDENT_DESTINATION_1 --third INDEPENDENT_DESTINATION_2 --candidate FULL_NAMED_CANDIDATE --out NEW_UNIQUE_DIRECTORY,UNVERIFIED,unverified,Client events expose HTTP response lifetime; server-internal serialization interleaving is not inferred. Private state stays opaque; bounded schedule only.,TK1-snapshot-send-barrier-write-6-status,Atomic eight-record move first use succeeds201.,7 / 11,417,systems-engineer,Snapshot concurrency supplement from source note22b8029c
1,"1,2,3,4",True,independent-verifier,PENDING_NAMED_CANDIDATE,"independent deterministic raw HTTP race captures, observable generation oracle and unchanged independent-process replacement",python snapshot_probe.py --base CURRENT_URL --peer INDEPENDENT_DESTINATION_1 --third INDEPENDENT_DESTINATION_2 --candidate FULL_NAMED_CANDIDATE --out NEW_UNIQUE_DIRECTORY,UNVERIFIED,unverified,Client events expose HTTP response lifetime; server-internal serialization interleaving is not inferred. Private state stays opaque; bounded schedule only.,TK1-snapshot-send-barrier-write-6-order,Successful move receipt retains input order and exact complete generation state.,11,417,systems-engineer,Snapshot concurrency supplement from source note22b8029c
1,"1,2,3,4",True,independent-verifier,PENDING_NAMED_CANDIDATE,"independent deterministic raw HTTP race captures, observable generation oracle and unchanged independent-process replacement",python snapshot_probe.py --base CURRENT_URL --peer INDEPENDENT_DESTINATION_1 --third INDEPENDENT_DESTINATION_2 --candidate FULL_NAMED_CANDIDATE --out NEW_UNIQUE_DIRECTORY,UNVERIFIED,unverified,Client events expose HTTP response lifetime; server-internal serialization interleaving is not inferred. Private state stays opaque; bounded schedule only.,TK1-snapshot-send-barrier-write-7-status,Atomic eight-record move first use succeeds201.,7 / 11,417,systems-engineer,Snapshot concurrency supplement from source note22b8029c
1,"1,2,3,4",True,independent-verifier,PENDING_NAMED_CANDIDATE,"independent deterministic raw HTTP race captures, observable generation oracle and unchanged independent-process replacement",python snapshot_probe.py --base CURRENT_URL --peer INDEPENDENT_DESTINATION_1 --third INDEPENDENT_DESTINATION_2 --candidate FULL_NAMED_CANDIDATE --out NEW_UNIQUE_DIRECTORY,UNVERIFIED,unverified,Client events expose HTTP response lifetime; server-internal serialization interleaving is not inferred. Private state stays opaque; bounded schedule only.,TK1-snapshot-send-barrier-write-7-order,Successful move receipt retains input order and exact complete generation state.,11,417,systems-engineer,Snapshot concurrency supplement from source note22b8029c
1,"1,2,3,4",True,independent-verifier,PENDING_NAMED_CANDIDATE,"independent deterministic raw HTTP race captures, observable generation oracle and unchanged independent-process replacement",python snapshot_probe.py --base CURRENT_URL --peer INDEPENDENT_DESTINATION_1 --third INDEPENDENT_DESTINATION_2 --candidate FULL_NAMED_CANDIDATE --out NEW_UNIQUE_DIRECTORY,UNVERIFIED,unverified,Client events expose HTTP response lifetime; server-internal serialization interleaving is not inferred. Private state stays opaque; bounded schedule only.,TK1-snapshot-send-barrier-write-8-status,Atomic eight-record move first use succeeds201.,7 / 11,417,systems-engineer,Snapshot concurrency supplement from source note22b8029c
1,"1,2,3,4",True,independent-verifier,PENDING_NAMED_CANDIDATE,"independent deterministic raw HTTP race captures, observable generation oracle and unchanged independent-process replacement",python snapshot_probe.py --base CURRENT_URL --peer INDEPENDENT_DESTINATION_1 --third INDEPENDENT_DESTINATION_2 --candidate FULL_NAMED_CANDIDATE --out NEW_UNIQUE_DIRECTORY,UNVERIFIED,unverified,Client events expose HTTP response lifetime; server-internal serialization interleaving is not inferred. Private state stays opaque; bounded schedule only.,TK1-snapshot-send-barrier-write-8-order,Successful move receipt retains input order and exact complete generation state.,11,417,systems-engineer,Snapshot concurrency supplement from source note22b8029c
1,"1,2,3,4",True,independent-verifier,PENDING_NAMED_CANDIDATE,"independent deterministic raw HTTP race captures, observable generation oracle and unchanged independent-process replacement",python snapshot_probe.py --base CURRENT_URL --peer INDEPENDENT_DESTINATION_1 --third INDEPENDENT_DESTINATION_2 --candidate FULL_NAMED_CANDIDATE --out NEW_UNIQUE_DIRECTORY,UNVERIFIED,unverified,Client events expose HTTP response lifetime; server-internal serialization interleaving is not inferred. Private state stays opaque; bounded schedule only.,TK1-snapshot-send-barrier-write-9-status,Atomic eight-record move first use succeeds201.,7 / 11,417,systems-engineer,Snapshot concurrency supplement from source note22b8029c
1,"1,2,3,4",True,independent-verifier,PENDING_NAMED_CANDIDATE,"independent deterministic raw HTTP race captures, observable generation oracle and unchanged independent-process replacement",python snapshot_probe.py --base CURRENT_URL --peer INDEPENDENT_DESTINATION_1 --third INDEPENDENT_DESTINATION_2 --candidate FULL_NAMED_CANDIDATE --out NEW_UNIQUE_DIRECTORY,UNVERIFIED,unverified,Client events expose HTTP response lifetime; server-internal serialization interleaving is not inferred. Private state stays opaque; bounded schedule only.,TK1-snapshot-send-barrier-write-9-order,Successful move receipt retains input order and exact complete generation state.,11,417,systems-engineer,Snapshot concurrency supplement from source note22b8029c
1,"1,2,3,4",True,independent-verifier,PENDING_NAMED_CANDIDATE,"independent deterministic raw HTTP race captures, observable generation oracle and unchanged independent-process replacement",python snapshot_probe.py --base CURRENT_URL --peer INDEPENDENT_DESTINATION_1 --third INDEPENDENT_DESTINATION_2 --candidate FULL_NAMED_CANDIDATE --out NEW_UNIQUE_DIRECTORY,UNVERIFIED,unverified,Client events expose HTTP response lifetime; server-internal serialization interleaving is not inferred. Private state stays opaque; bounded schedule only.,TK1-snapshot-send-barrier-write-10-status,Atomic eight-record move first use succeeds201.,7 / 11,417,systems-engineer,Snapshot concurrency supplement from source note22b8029c
1,"1,2,3,4",True,independent-verifier,PENDING_NAMED_CANDIDATE,"independent deterministic raw HTTP race captures, observable generation oracle and unchanged independent-process replacement",python snapshot_probe.py --base CURRENT_URL --peer INDEPENDENT_DESTINATION_1 --third INDEPENDENT_DESTINATION_2 --candidate FULL_NAMED_CANDIDATE --out NEW_UNIQUE_DIRECTORY,UNVERIFIED,unverified,Client events expose HTTP response lifetime; server-internal serialization interleaving is not inferred. Private state stays opaque; bounded schedule only.,TK1-snapshot-send-barrier-write-10-order,Successful move receipt retains input order and exact complete generation state.,11,417,systems-engineer,Snapshot concurrency supplement from source note22b8029c
1,"1,2,3,4",True,independent-verifier,PENDING_NAMED_CANDIDATE,"independent deterministic raw HTTP race captures, observable generation oracle and unchanged independent-process replacement",python snapshot_probe.py --base CURRENT_URL --peer INDEPENDENT_DESTINATION_1 --third INDEPENDENT_DESTINATION_2 --candidate FULL_NAMED_CANDIDATE --out NEW_UNIQUE_DIRECTORY,UNVERIFIED,unverified,Client events expose HTTP response lifetime; server-internal serialization interleaving is not inferred. Private state stays opaque; bounded schedule only.,TK1-snapshot-send-barrier-write-11-status,Atomic eight-record move first use succeeds201.,7 / 11,417,systems-engineer,Snapshot concurrency supplement from source note22b8029c
1,"1,2,3,4",True,independent-verifier,PENDING_NAMED_CANDIDATE,"independent deterministic raw HTTP race captures, observable generation oracle and unchanged independent-process replacement",python snapshot_probe.py --base CURRENT_URL --peer INDEPENDENT_DESTINATION_1 --third INDEPENDENT_DESTINATION_2 --candidate FULL_NAMED_CANDIDATE --out NEW_UNIQUE_DIRECTORY,UNVERIFIED,unverified,Client events expose HTTP response lifetime; server-internal serialization interleaving is not inferred. Private state stays opaque; bounded schedule only.,TK1-snapshot-send-barrier-write-11-order,Successful move receipt retains input order and exact complete generation state.,11,417,systems-engineer,Snapshot concurrency supplement from source note22b8029c
1,"1,2,3,4",True,independent-verifier,PENDING_NAMED_CANDIDATE,"independent deterministic raw HTTP race captures, observable generation oracle and unchanged independent-process replacement",python snapshot_probe.py --base CURRENT_URL --peer INDEPENDENT_DESTINATION_1 --third INDEPENDENT_DESTINATION_2 --candidate FULL_NAMED_CANDIDATE --out NEW_UNIQUE_DIRECTORY,UNVERIFIED,unverified,Client events expose HTTP response lifetime; server-internal serialization interleaving is not inferred. Private state stays opaque; bounded schedule only.,TK1-snapshot-send-barrier-write-12-status,Atomic eight-record move first use succeeds201.,7 / 11,417,systems-engineer,Snapshot concurrency supplement from source note22b8029c
1,"1,2,3,4",True,independent-verifier,PENDING_NAMED_CANDIDATE,"independent deterministic raw HTTP race captures, observable generation oracle and unchanged independent-process replacement",python snapshot_probe.py --base CURRENT_URL --peer INDEPENDENT_DESTINATION_1 --third INDEPENDENT_DESTINATION_2 --candidate FULL_NAMED_CANDIDATE --out NEW_UNIQUE_DIRECTORY,UNVERIFIED,unverified,Client events expose HTTP response lifetime; server-internal serialization interleaving is not inferred. Private state stays opaque; bounded schedule only.,TK1-snapshot-send-barrier-write-12-order,Successful move receipt retains input order and exact complete generation state.,11,417,systems-engineer,Snapshot concurrency supplement from source note22b8029c
1,"1,2,3,4",True,independent-verifier,PENDING_NAMED_CANDIDATE,"independent deterministic raw HTTP race captures, observable generation oracle and unchanged independent-process replacement",python snapshot_probe.py --base CURRENT_URL --peer INDEPENDENT_DESTINATION_1 --third INDEPENDENT_DESTINATION_2 --candidate FULL_NAMED_CANDIDATE --out NEW_UNIQUE_DIRECTORY,UNVERIFIED,unverified,Client events expose HTTP response lifetime; server-internal serialization interleaving is not inferred. Private state stays opaque; bounded schedule only.,TK1-snapshot-send-barrier-0-export-status,export: Concurrent read returns200.,2 / 3.4 / 5 / 10,417,interface-engineer,Snapshot concurrency supplement from source note22b8029c
1,"1,2,3,4",True,independent-verifier,PENDING_NAMED_CANDIDATE,"independent deterministic raw HTTP race captures, observable generation oracle and unchanged independent-process replacement",python snapshot_probe.py --base CURRENT_URL --peer INDEPENDENT_DESTINATION_1 --third INDEPENDENT_DESTINATION_2 --candidate FULL_NAMED_CANDIDATE --out NEW_UNIQUE_DIRECTORY,UNVERIFIED,unverified,Client events expose HTTP response lifetime; server-internal serialization interleaving is not inferred. Private state stays opaque; bounded schedule only.,TK1-snapshot-send-barrier-0-export-json,export: Entire captured response is valid JSON.,2 / 3.4 / 5 / 10,417,interface-engineer,Snapshot concurrency supplement from source note22b8029c
1,"1,2,3,4",True,independent-verifier,PENDING_NAMED_CANDIDATE,"independent deterministic raw HTTP race captures, observable generation oracle and unchanged independent-process replacement",python snapshot_probe.py --base CURRENT_URL --peer INDEPENDENT_DESTINATION_1 --third INDEPENDENT_DESTINATION_2 --candidate FULL_NAMED_CANDIDATE --out NEW_UNIQUE_DIRECTORY,UNVERIFIED,unverified,Client events expose HTTP response lifetime; server-internal serialization interleaving is not inferred. Private state stays opaque; bounded schedule only.,TK1-snapshot-send-barrier-0-export-framing,export: Response charset and byte-accurate length remain correct during concurrent writes.,2 / 3.4 / 5 / 10,417,interface-engineer,Snapshot concurrency supplement from source note22b8029c
1,"1,2,3,4",True,independent-verifier,PENDING_NAMED_CANDIDATE,"independent deterministic raw HTTP race captures, observable generation oracle and unchanged independent-process replacement",python snapshot_probe.py --base CURRENT_URL --peer INDEPENDENT_DESTINATION_1 --third INDEPENDENT_DESTINATION_2 --candidate FULL_NAMED_CANDIDATE --out NEW_UNIQUE_DIRECTORY,UNVERIFIED,unverified,Client events expose HTTP response lifetime; server-internal serialization interleaving is not inferred. Private state stays opaque; bounded schedule only.,TK1-snapshot-send-barrier-0-list-status,list: Concurrent read returns200.,2 / 3.4 / 5 / 10,417,interface-engineer,Snapshot concurrency supplement from source note22b8029c
1,"1,2,3,4",True,independent-verifier,PENDING_NAMED_CANDIDATE,"independent deterministic raw HTTP race captures, observable generation oracle and unchanged independent-process replacement",python snapshot_probe.py --base CURRENT_URL --peer INDEPENDENT_DESTINATION_1 --third INDEPENDENT_DESTINATION_2 --candidate FULL_NAMED_CANDIDATE --out NEW_UNIQUE_DIRECTORY,UNVERIFIED,unverified,Client events expose HTTP response lifetime; server-internal serialization interleaving is not inferred. Private state stays opaque; bounded schedule only.,TK1-snapshot-send-barrier-0-list-json,list: Entire captured response is valid JSON.,2 / 3.4 / 5 / 10,417,interface-engineer,Snapshot concurrency supplement from source note22b8029c
1,"1,2,3,4",True,independent-verifier,PENDING_NAMED_CANDIDATE,"independent deterministic raw HTTP race captures, observable generation oracle and unchanged independent-process replacement",python snapshot_probe.py --base CURRENT_URL --peer INDEPENDENT_DESTINATION_1 --third INDEPENDENT_DESTINATION_2 --candidate FULL_NAMED_CANDIDATE --out NEW_UNIQUE_DIRECTORY,UNVERIFIED,unverified,Client events expose HTTP response lifetime; server-internal serialization interleaving is not inferred. Private state stays opaque; bounded schedule only.,TK1-snapshot-send-barrier-0-list-framing,list: Response charset and byte-accurate length remain correct during concurrent writes.,2 / 3.4 / 5 / 10,417,interface-engineer,Snapshot concurrency supplement from source note22b8029c
1,"1,2,3,4",True,independent-verifier,PENDING_NAMED_CANDIDATE,"independent deterministic raw HTTP race captures, observable generation oracle and unchanged independent-process replacement",python snapshot_probe.py --base CURRENT_URL --peer INDEPENDENT_DESTINATION_1 --third INDEPENDENT_DESTINATION_2 --candidate FULL_NAMED_CANDIDATE --out NEW_UNIQUE_DIRECTORY,UNVERIFIED,unverified,Client events expose HTTP response lifetime; server-internal serialization interleaving is not inferred. Private state stays opaque; bounded schedule only.,TK1-snapshot-send-barrier-0-availability-status,availability: Concurrent read returns200.,2 / 3.4 / 5 / 10,417,interface-engineer,Snapshot concurrency supplement from source note22b8029c
1,"1,2,3,4",True,independent-verifier,PENDING_NAMED_CANDIDATE,"independent deterministic raw HTTP race captures, observable generation oracle and unchanged independent-process replacement",python snapshot_probe.py --base CURRENT_URL --peer INDEPENDENT_DESTINATION_1 --third INDEPENDENT_DESTINATION_2 --candidate FULL_NAMED_CANDIDATE --out NEW_UNIQUE_DIRECTORY,UNVERIFIED,unverified,Client events expose HTTP response lifetime; server-internal serialization interleaving is not inferred. Private state stays opaque; bounded schedule only.,TK1-snapshot-send-barrier-0-availability-json,availability: Entire captured response is valid JSON.,2 / 3.4 / 5 / 10,417,interface-engineer,Snapshot concurrency supplement from source note22b8029c
1,"1,2,3,4",True,independent-verifier,PENDING_NAMED_CANDIDATE,"independent deterministic raw HTTP race captures, observable generation oracle and unchanged independent-process replacement",python snapshot_probe.py --base CURRENT_URL --peer INDEPENDENT_DESTINATION_1 --third INDEPENDENT_DESTINATION_2 --candidate FULL_NAMED_CANDIDATE --out NEW_UNIQUE_DIRECTORY,UNVERIFIED,unverified,Client events expose HTTP response lifetime; server-internal serialization interleaving is not inferred. Private state stays opaque; bounded schedule only.,TK1-snapshot-send-barrier-0-availability-framing,availability: Response charset and byte-accurate length remain correct during concurrent writes.,2 / 3.4 / 5 / 10,417,interface-engineer,Snapshot concurrency supplement from source note22b8029c
1,"1,2,3,4",True,independent-verifier,PENDING_NAMED_CANDIDATE,"independent deterministic raw HTTP race captures, observable generation oracle and unchanged independent-process replacement",python snapshot_probe.py --base CURRENT_URL --peer INDEPENDENT_DESTINATION_1 --third INDEPENDENT_DESTINATION_2 --candidate FULL_NAMED_CANDIDATE --out NEW_UNIQUE_DIRECTORY,UNVERIFIED,unverified,Client events expose HTTP response lifetime; server-internal serialization interleaving is not inferred. Private state stays opaque; bounded schedule only.,TK1-snapshot-send-barrier-0-list-coherent,Read list is one complete legal atomic generation within the concurrent interval.,1 / 8 / 11,417,systems-engineer,Snapshot concurrency supplement from source note22b8029c
1,"1,2,3,4",True,independent-verifier,PENDING_NAMED_CANDIDATE,"independent deterministic raw HTTP race captures, observable generation oracle and unchanged independent-process replacement",python snapshot_probe.py --base CURRENT_URL --peer INDEPENDENT_DESTINATION_1 --third INDEPENDENT_DESTINATION_2 --candidate FULL_NAMED_CANDIDATE --out NEW_UNIQUE_DIRECTORY,UNVERIFIED,unverified,Client events expose HTTP response lifetime; server-internal serialization interleaving is not inferred. Private state stays opaque; bounded schedule only.,TK1-snapshot-send-barrier-0-list-identities,Read list retains all eight identities/timestamps while moves commit.,8 / 11,417,systems-engineer,Snapshot concurrency supplement from source note22b8029c
1,"1,2,3,4",True,independent-verifier,PENDING_NAMED_CANDIDATE,"independent deterministic raw HTTP race captures, observable generation oracle and unchanged independent-process replacement",python snapshot_probe.py --base CURRENT_URL --peer INDEPENDENT_DESTINATION_1 --third INDEPENDENT_DESTINATION_2 --candidate FULL_NAMED_CANDIDATE --out NEW_UNIQUE_DIRECTORY,UNVERIFIED,unverified,Client events expose HTTP response lifetime; server-internal serialization interleaving is not inferred. Private state stays opaque; bounded schedule only.,TK1-snapshot-send-barrier-0-availability-coherent,Availability respects the full unchanged occupancy and fixture order during atomic cyclic moves.,1 / 8 / 11,417,systems-engineer,Snapshot concurrency supplement from source note22b8029c
1,"1,2,3,4",True,independent-verifier,PENDING_NAMED_CANDIDATE,"independent deterministic raw HTTP race captures, observable generation oracle and unchanged independent-process replacement",python snapshot_probe.py --base CURRENT_URL --peer INDEPENDENT_DESTINATION_1 --third INDEPENDENT_DESTINATION_2 --candidate FULL_NAMED_CANDIDATE --out NEW_UNIQUE_DIRECTORY,UNVERIFIED,unverified,Client events expose HTTP response lifetime; server-internal serialization interleaving is not inferred. Private state stays opaque; bounded schedule only.,TK1-snapshot-send-barrier-0-export-envelope,Captured export retains track/version/state envelope.,10,417,systems-engineer,Snapshot concurrency supplement from source note22b8029c
1,"1,2,3,4",True,independent-verifier,PENDING_NAMED_CANDIDATE,"independent deterministic raw HTTP race captures, observable generation oracle and unchanged independent-process replacement",python snapshot_probe.py --base CURRENT_URL --peer INDEPENDENT_DESTINATION_1 --third INDEPENDENT_DESTINATION_2 --candidate FULL_NAMED_CANDIDATE --out NEW_UNIQUE_DIRECTORY,UNVERIFIED,unverified,Client events expose HTTP response lifetime; server-internal serialization interleaving is not inferred. Private state stays opaque; bounded schedule only.,TK1-snapshot-send-barrier-0-source-readonly,"After writers settle, repeated reads/exports and receipt replays leave complete source state unchanged.",7 / 10,417,systems-engineer,Snapshot concurrency supplement from source note22b8029c
1,"1,2,3,4",True,independent-verifier,PENDING_NAMED_CANDIDATE,"independent deterministic raw HTTP race captures, observable generation oracle and unchanged independent-process replacement",python snapshot_probe.py --base CURRENT_URL --peer INDEPENDENT_DESTINATION_1 --third INDEPENDENT_DESTINATION_2 --candidate FULL_NAMED_CANDIDATE --out NEW_UNIQUE_DIRECTORY,UNVERIFIED,unverified,Client events expose HTTP response lifetime; server-internal serialization interleaving is not inferred. Private state stays opaque; bounded schedule only.,TK1-snapshot-send-barrier-0-peer-import,Unchanged captured raw export replaces an independent destination204.,6 / 7 / 10 / 11,417,systems-engineer,Snapshot concurrency supplement from source note22b8029c
1,"1,2,3,4",True,independent-verifier,PENDING_NAMED_CANDIDATE,"independent deterministic raw HTTP race captures, observable generation oracle and unchanged independent-process replacement",python snapshot_probe.py --base CURRENT_URL --peer INDEPENDENT_DESTINATION_1 --third INDEPENDENT_DESTINATION_2 --candidate FULL_NAMED_CANDIDATE --out NEW_UNIQUE_DIRECTORY,UNVERIFIED,unverified,Client events expose HTTP response lifetime; server-internal serialization interleaving is not inferred. Private state stays opaque; bounded schedule only.,TK1-snapshot-send-barrier-0-peer-valid-token,Real source bearer token remains valid after replacement.,6 / 7 / 10 / 11,417,systems-engineer,Snapshot concurrency supplement from source note22b8029c
1,"1,2,3,4",True,independent-verifier,PENDING_NAMED_CANDIDATE,"independent deterministic raw HTTP race captures, observable generation oracle and unchanged independent-process replacement",python snapshot_probe.py --base CURRENT_URL --peer INDEPENDENT_DESTINATION_1 --third INDEPENDENT_DESTINATION_2 --candidate FULL_NAMED_CANDIDATE --out NEW_UNIQUE_DIRECTORY,UNVERIFIED,unverified,Client events expose HTTP response lifetime; server-internal serialization interleaving is not inferred. Private state stays opaque; bounded schedule only.,TK1-snapshot-send-barrier-0-peer-generation,Imported private records form one complete legal generation.,6 / 7 / 10 / 11,417,systems-engineer,Snapshot concurrency supplement from source note22b8029c
1,"1,2,3,4",True,independent-verifier,PENDING_NAMED_CANDIDATE,"independent deterministic raw HTTP race captures, observable generation oracle and unchanged independent-process replacement",python snapshot_probe.py --base CURRENT_URL --peer INDEPENDENT_DESTINATION_1 --third INDEPENDENT_DESTINATION_2 --candidate FULL_NAMED_CANDIDATE --out NEW_UNIQUE_DIRECTORY,UNVERIFIED,unverified,Client events expose HTTP response lifetime; server-internal serialization interleaving is not inferred. Private state stays opaque; bounded schedule only.,TK1-snapshot-send-barrier-0-peer-identities,All imported source identities/statuses/timestamps remain unchanged.,6 / 7 / 10 / 11,417,systems-engineer,Snapshot concurrency supplement from source note22b8029c
1,"1,2,3,4",True,independent-verifier,PENDING_NAMED_CANDIDATE,"independent deterministic raw HTTP race captures, observable generation oracle and unchanged independent-process replacement",python snapshot_probe.py --base CURRENT_URL --peer INDEPENDENT_DESTINATION_1 --third INDEPENDENT_DESTINATION_2 --candidate FULL_NAMED_CANDIDATE --out NEW_UNIQUE_DIRECTORY,UNVERIFIED,unverified,Client events expose HTTP response lifetime; server-internal serialization interleaving is not inferred. Private state stays opaque; bounded schedule only.,TK1-snapshot-send-barrier-0-peer-old-token-removed,Replacement removes the destination's previous session.,6 / 7 / 10 / 11,417,systems-engineer,Snapshot concurrency supplement from source note22b8029c
1,"1,2,3,4",True,independent-verifier,PENDING_NAMED_CANDIDATE,"independent deterministic raw HTTP race captures, observable generation oracle and unchanged independent-process replacement",python snapshot_probe.py --base CURRENT_URL --peer INDEPENDENT_DESTINATION_1 --third INDEPENDENT_DESTINATION_2 --candidate FULL_NAMED_CANDIDATE --out NEW_UNIQUE_DIRECTORY,UNVERIFIED,unverified,Client events expose HTTP response lifetime; server-internal serialization interleaving is not inferred. Private state stays opaque; bounded schedule only.,TK1-snapshot-send-barrier-0-peer-old-records-removed,Replacement removes previous destination records.,6 / 7 / 10 / 11,417,systems-engineer,Snapshot concurrency supplement from source note22b8029c
1,"1,2,3,4",True,independent-verifier,PENDING_NAMED_CANDIDATE,"independent deterministic raw HTTP race captures, observable generation oracle and unchanged independent-process replacement",python snapshot_probe.py --base CURRENT_URL --peer INDEPENDENT_DESTINATION_1 --third INDEPENDENT_DESTINATION_2 --candidate FULL_NAMED_CANDIDATE --out NEW_UNIQUE_DIRECTORY,UNVERIFIED,unverified,Client events expose HTTP response lifetime; server-internal serialization interleaving is not inferred. Private state stays opaque; bounded schedule only.,TK1-snapshot-send-barrier-0-peer-create-receipts,Every successful original create receipt replays200 with its exact original response.,6 / 7 / 10 / 11,417,systems-engineer,Snapshot concurrency supplement from source note22b8029c
1,"1,2,3,4",True,independent-verifier,PENDING_NAMED_CANDIDATE,"independent deterministic raw HTTP race captures, observable generation oracle and unchanged independent-process replacement",python snapshot_probe.py --base CURRENT_URL --peer INDEPENDENT_DESTINATION_1 --third INDEPENDENT_DESTINATION_2 --candidate FULL_NAMED_CANDIDATE --out NEW_UNIQUE_DIRECTORY,UNVERIFIED,unverified,Client events expose HTTP response lifetime; server-internal serialization interleaving is not inferred. Private state stays opaque; bounded schedule only.,TK1-snapshot-send-barrier-0-peer-move-receipts,Every move committed in the captured generation's prefix replays200 with its exact original response.,6 / 7 / 10 / 11,417,systems-engineer,Snapshot concurrency supplement from source note22b8029c
1,"1,2,3,4",True,independent-verifier,PENDING_NAMED_CANDIDATE,"independent deterministic raw HTTP race captures, observable generation oracle and unchanged independent-process replacement",python snapshot_probe.py --base CURRENT_URL --peer INDEPENDENT_DESTINATION_1 --third INDEPENDENT_DESTINATION_2 --candidate FULL_NAMED_CANDIDATE --out NEW_UNIQUE_DIRECTORY,UNVERIFIED,unverified,Client events expose HTTP response lifetime; server-internal serialization interleaving is not inferred. Private state stays opaque; bounded schedule only.,TK1-snapshot-send-barrier-0-peer-future-keys-absent,Moves after the captured generation have no successful retry receipt; a changed invalid body gets422 rather than used-key409.,6 / 7 / 10 / 11,417,systems-engineer,Snapshot concurrency supplement from source note22b8029c
1,"1,2,3,4",True,independent-verifier,PENDING_NAMED_CANDIDATE,"independent deterministic raw HTTP race captures, observable generation oracle and unchanged independent-process replacement",python snapshot_probe.py --base CURRENT_URL --peer INDEPENDENT_DESTINATION_1 --third INDEPENDENT_DESTINATION_2 --candidate FULL_NAMED_CANDIDATE --out NEW_UNIQUE_DIRECTORY,UNVERIFIED,unverified,Client events expose HTTP response lifetime; server-internal serialization interleaving is not inferred. Private state stays opaque; bounded schedule only.,TK1-snapshot-send-barrier-0-peer-replay-readonly,All original replays leave the entire imported snapshot unchanged.,6 / 7 / 10 / 11,417,systems-engineer,Snapshot concurrency supplement from source note22b8029c
1,"1,2,3,4",True,independent-verifier,PENDING_NAMED_CANDIDATE,"independent deterministic raw HTTP race captures, observable generation oracle and unchanged independent-process replacement",python snapshot_probe.py --base CURRENT_URL --peer INDEPENDENT_DESTINATION_1 --third INDEPENDENT_DESTINATION_2 --candidate FULL_NAMED_CANDIDATE --out NEW_UNIQUE_DIRECTORY,UNVERIFIED,unverified,Client events expose HTTP response lifetime; server-internal serialization interleaving is not inferred. Private state stays opaque; bounded schedule only.,TK1-snapshot-send-barrier-0-peer-repeat-import,Repeating unchanged replacement204 preserves full exact snapshot without duplication.,6 / 7 / 10 / 11,417,systems-engineer,Snapshot concurrency supplement from source note22b8029c
1,"1,2,3,4",True,independent-verifier,PENDING_NAMED_CANDIDATE,"independent deterministic raw HTTP race captures, observable generation oracle and unchanged independent-process replacement",python snapshot_probe.py --base CURRENT_URL --peer INDEPENDENT_DESTINATION_1 --third INDEPENDENT_DESTINATION_2 --candidate FULL_NAMED_CANDIDATE --out NEW_UNIQUE_DIRECTORY,UNVERIFIED,unverified,Client events expose HTTP response lifetime; server-internal serialization interleaving is not inferred. Private state stays opaque; bounded schedule only.,TK1-snapshot-send-barrier-0-peer-captured-unchanged,Destination export remains the exact captured snapshot after later source writes and replays.,6 / 7 / 10 / 11,417,systems-engineer,Snapshot concurrency supplement from source note22b8029c
1,"1,2,3,4",True,independent-verifier,PENDING_NAMED_CANDIDATE,"independent deterministic raw HTTP race captures, observable generation oracle and unchanged independent-process replacement",python snapshot_probe.py --base CURRENT_URL --peer INDEPENDENT_DESTINATION_1 --third INDEPENDENT_DESTINATION_2 --candidate FULL_NAMED_CANDIDATE --out NEW_UNIQUE_DIRECTORY,UNVERIFIED,unverified,Client events expose HTTP response lifetime; server-internal serialization interleaving is not inferred. Private state stays opaque; bounded schedule only.,TK1-snapshot-send-barrier-0-third-import,Unchanged captured raw export replaces an independent destination204.,6 / 7 / 10 / 11,417,systems-engineer,Snapshot concurrency supplement from source note22b8029c
1,"1,2,3,4",True,independent-verifier,PENDING_NAMED_CANDIDATE,"independent deterministic raw HTTP race captures, observable generation oracle and unchanged independent-process replacement",python snapshot_probe.py --base CURRENT_URL --peer INDEPENDENT_DESTINATION_1 --third INDEPENDENT_DESTINATION_2 --candidate FULL_NAMED_CANDIDATE --out NEW_UNIQUE_DIRECTORY,UNVERIFIED,unverified,Client events expose HTTP response lifetime; server-internal serialization interleaving is not inferred. Private state stays opaque; bounded schedule only.,TK1-snapshot-send-barrier-0-third-valid-token,Real source bearer token remains valid after replacement.,6 / 7 / 10 / 11,417,systems-engineer,Snapshot concurrency supplement from source note22b8029c
1,"1,2,3,4",True,independent-verifier,PENDING_NAMED_CANDIDATE,"independent deterministic raw HTTP race captures, observable generation oracle and unchanged independent-process replacement",python snapshot_probe.py --base CURRENT_URL --peer INDEPENDENT_DESTINATION_1 --third INDEPENDENT_DESTINATION_2 --candidate FULL_NAMED_CANDIDATE --out NEW_UNIQUE_DIRECTORY,UNVERIFIED,unverified,Client events expose HTTP response lifetime; server-internal serialization interleaving is not inferred. Private state stays opaque; bounded schedule only.,TK1-snapshot-send-barrier-0-third-generation,Imported private records form one complete legal generation.,6 / 7 / 10 / 11,417,systems-engineer,Snapshot concurrency supplement from source note22b8029c
1,"1,2,3,4",True,independent-verifier,PENDING_NAMED_CANDIDATE,"independent deterministic raw HTTP race captures, observable generation oracle and unchanged independent-process replacement",python snapshot_probe.py --base CURRENT_URL --peer INDEPENDENT_DESTINATION_1 --third INDEPENDENT_DESTINATION_2 --candidate FULL_NAMED_CANDIDATE --out NEW_UNIQUE_DIRECTORY,UNVERIFIED,unverified,Client events expose HTTP response lifetime; server-internal serialization interleaving is not inferred. Private state stays opaque; bounded schedule only.,TK1-snapshot-send-barrier-0-third-identities,All imported source identities/statuses/timestamps remain unchanged.,6 / 7 / 10 / 11,417,systems-engineer,Snapshot concurrency supplement from source note22b8029c
1,"1,2,3,4",True,independent-verifier,PENDING_NAMED_CANDIDATE,"independent deterministic raw HTTP race captures, observable generation oracle and unchanged independent-process replacement",python snapshot_probe.py --base CURRENT_URL --peer INDEPENDENT_DESTINATION_1 --third INDEPENDENT_DESTINATION_2 --candidate FULL_NAMED_CANDIDATE --out NEW_UNIQUE_DIRECTORY,UNVERIFIED,unverified,Client events expose HTTP response lifetime; server-internal serialization interleaving is not inferred. Private state stays opaque; bounded schedule only.,TK1-snapshot-send-barrier-0-third-old-token-removed,Replacement removes the destination's previous session.,6 / 7 / 10 / 11,417,systems-engineer,Snapshot concurrency supplement from source note22b8029c
1,"1,2,3,4",True,independent-verifier,PENDING_NAMED_CANDIDATE,"independent deterministic raw HTTP race captures, observable generation oracle and unchanged independent-process replacement",python snapshot_probe.py --base CURRENT_URL --peer INDEPENDENT_DESTINATION_1 --third INDEPENDENT_DESTINATION_2 --candidate FULL_NAMED_CANDIDATE --out NEW_UNIQUE_DIRECTORY,UNVERIFIED,unverified,Client events expose HTTP response lifetime; server-internal serialization interleaving is not inferred. Private state stays opaque; bounded schedule only.,TK1-snapshot-send-barrier-0-third-old-records-removed,Replacement removes previous destination records.,6 / 7 / 10 / 11,417,systems-engineer,Snapshot concurrency supplement from source note22b8029c
1,"1,2,3,4",True,independent-verifier,PENDING_NAMED_CANDIDATE,"independent deterministic raw HTTP race captures, observable generation oracle and unchanged independent-process replacement",python snapshot_probe.py --base CURRENT_URL --peer INDEPENDENT_DESTINATION_1 --third INDEPENDENT_DESTINATION_2 --candidate FULL_NAMED_CANDIDATE --out NEW_UNIQUE_DIRECTORY,UNVERIFIED,unverified,Client events expose HTTP response lifetime; server-internal serialization interleaving is not inferred. Private state stays opaque; bounded schedule only.,TK1-snapshot-send-barrier-0-third-create-receipts,Every successful original create receipt replays200 with its exact original response.,6 / 7 / 10 / 11,417,systems-engineer,Snapshot concurrency supplement from source note22b8029c
1,"1,2,3,4",True,independent-verifier,PENDING_NAMED_CANDIDATE,"independent deterministic raw HTTP race captures, observable generation oracle and unchanged independent-process replacement",python snapshot_probe.py --base CURRENT_URL --peer INDEPENDENT_DESTINATION_1 --third INDEPENDENT_DESTINATION_2 --candidate FULL_NAMED_CANDIDATE --out NEW_UNIQUE_DIRECTORY,UNVERIFIED,unverified,Client events expose HTTP response lifetime; server-internal serialization interleaving is not inferred. Private state stays opaque; bounded schedule only.,TK1-snapshot-send-barrier-0-third-move-receipts,Every move committed in the captured generation's prefix replays200 with its exact original response.,6 / 7 / 10 / 11,417,systems-engineer,Snapshot concurrency supplement from source note22b8029c
1,"1,2,3,4",True,independent-verifier,PENDING_NAMED_CANDIDATE,"independent deterministic raw HTTP race captures, observable generation oracle and unchanged independent-process replacement",python snapshot_probe.py --base CURRENT_URL --peer INDEPENDENT_DESTINATION_1 --third INDEPENDENT_DESTINATION_2 --candidate FULL_NAMED_CANDIDATE --out NEW_UNIQUE_DIRECTORY,UNVERIFIED,unverified,Client events expose HTTP response lifetime; server-internal serialization interleaving is not inferred. Private state stays opaque; bounded schedule only.,TK1-snapshot-send-barrier-0-third-future-keys-absent,Moves after the captured generation have no successful retry receipt; a changed invalid body gets422 rather than used-key409.,6 / 7 / 10 / 11,417,systems-engineer,Snapshot concurrency supplement from source note22b8029c
1,"1,2,3,4",True,independent-verifier,PENDING_NAMED_CANDIDATE,"independent deterministic raw HTTP race captures, observable generation oracle and unchanged independent-process replacement",python snapshot_probe.py --base CURRENT_URL --peer INDEPENDENT_DESTINATION_1 --third INDEPENDENT_DESTINATION_2 --candidate FULL_NAMED_CANDIDATE --out NEW_UNIQUE_DIRECTORY,UNVERIFIED,unverified,Client events expose HTTP response lifetime; server-internal serialization interleaving is not inferred. Private state stays opaque; bounded schedule only.,TK1-snapshot-send-barrier-0-third-replay-readonly,All original replays leave the entire imported snapshot unchanged.,6 / 7 / 10 / 11,417,systems-engineer,Snapshot concurrency supplement from source note22b8029c
1,"1,2,3,4",True,independent-verifier,PENDING_NAMED_CANDIDATE,"independent deterministic raw HTTP race captures, observable generation oracle and unchanged independent-process replacement",python snapshot_probe.py --base CURRENT_URL --peer INDEPENDENT_DESTINATION_1 --third INDEPENDENT_DESTINATION_2 --candidate FULL_NAMED_CANDIDATE --out NEW_UNIQUE_DIRECTORY,UNVERIFIED,unverified,Client events expose HTTP response lifetime; server-internal serialization interleaving is not inferred. Private state stays opaque; bounded schedule only.,TK1-snapshot-send-barrier-0-third-repeat-import,Repeating unchanged replacement204 preserves full exact snapshot without duplication.,6 / 7 / 10 / 11,417,systems-engineer,Snapshot concurrency supplement from source note22b8029c
1,"1,2,3,4",True,independent-verifier,PENDING_NAMED_CANDIDATE,"independent deterministic raw HTTP race captures, observable generation oracle and unchanged independent-process replacement",python snapshot_probe.py --base CURRENT_URL --peer INDEPENDENT_DESTINATION_1 --third INDEPENDENT_DESTINATION_2 --candidate FULL_NAMED_CANDIDATE --out NEW_UNIQUE_DIRECTORY,UNVERIFIED,unverified,Client events expose HTTP response lifetime; server-internal serialization interleaving is not inferred. Private state stays opaque; bounded schedule only.,TK1-snapshot-send-barrier-0-third-captured-unchanged,Destination export remains the exact captured snapshot after later source writes and replays.,6 / 7 / 10 / 11,417,systems-engineer,Snapshot concurrency supplement from source note22b8029c
1,"1,2,3,4",True,independent-verifier,PENDING_NAMED_CANDIDATE,"independent deterministic raw HTTP race captures, observable generation oracle and unchanged independent-process replacement",python snapshot_probe.py --base CURRENT_URL --peer INDEPENDENT_DESTINATION_1 --third INDEPENDENT_DESTINATION_2 --candidate FULL_NAMED_CANDIDATE --out NEW_UNIQUE_DIRECTORY,UNVERIFIED,unverified,Client events expose HTTP response lifetime; server-internal serialization interleaving is not inferred. Private state stays opaque; bounded schedule only.,TK1-snapshot-send-barrier-1-export-status,export: Concurrent read returns200.,2 / 3.4 / 5 / 10,417,interface-engineer,Snapshot concurrency supplement from source note22b8029c
1,"1,2,3,4",True,independent-verifier,PENDING_NAMED_CANDIDATE,"independent deterministic raw HTTP race captures, observable generation oracle and unchanged independent-process replacement",python snapshot_probe.py --base CURRENT_URL --peer INDEPENDENT_DESTINATION_1 --third INDEPENDENT_DESTINATION_2 --candidate FULL_NAMED_CANDIDATE --out NEW_UNIQUE_DIRECTORY,UNVERIFIED,unverified,Client events expose HTTP response lifetime; server-internal serialization interleaving is not inferred. Private state stays opaque; bounded schedule only.,TK1-snapshot-send-barrier-1-export-json,export: Entire captured response is valid JSON.,2 / 3.4 / 5 / 10,417,interface-engineer,Snapshot concurrency supplement from source note22b8029c
1,"1,2,3,4",True,independent-verifier,PENDING_NAMED_CANDIDATE,"independent deterministic raw HTTP race captures, observable generation oracle and unchanged independent-process replacement",python snapshot_probe.py --base CURRENT_URL --peer INDEPENDENT_DESTINATION_1 --third INDEPENDENT_DESTINATION_2 --candidate FULL_NAMED_CANDIDATE --out NEW_UNIQUE_DIRECTORY,UNVERIFIED,unverified,Client events expose HTTP response lifetime; server-internal serialization interleaving is not inferred. Private state stays opaque; bounded schedule only.,TK1-snapshot-send-barrier-1-export-framing,export: Response charset and byte-accurate length remain correct during concurrent writes.,2 / 3.4 / 5 / 10,417,interface-engineer,Snapshot concurrency supplement from source note22b8029c
1,"1,2,3,4",True,independent-verifier,PENDING_NAMED_CANDIDATE,"independent deterministic raw HTTP race captures, observable generation oracle and unchanged independent-process replacement",python snapshot_probe.py --base CURRENT_URL --peer INDEPENDENT_DESTINATION_1 --third INDEPENDENT_DESTINATION_2 --candidate FULL_NAMED_CANDIDATE --out NEW_UNIQUE_DIRECTORY,UNVERIFIED,unverified,Client events expose HTTP response lifetime; server-internal serialization interleaving is not inferred. Private state stays opaque; bounded schedule only.,TK1-snapshot-send-barrier-1-list-status,list: Concurrent read returns200.,2 / 3.4 / 5 / 10,417,interface-engineer,Snapshot concurrency supplement from source note22b8029c
1,"1,2,3,4",True,independent-verifier,PENDING_NAMED_CANDIDATE,"independent deterministic raw HTTP race captures, observable generation oracle and unchanged independent-process replacement",python snapshot_probe.py --base CURRENT_URL --peer INDEPENDENT_DESTINATION_1 --third INDEPENDENT_DESTINATION_2 --candidate FULL_NAMED_CANDIDATE --out NEW_UNIQUE_DIRECTORY,UNVERIFIED,unverified,Client events expose HTTP response lifetime; server-internal serialization interleaving is not inferred. Private state stays opaque; bounded schedule only.,TK1-snapshot-send-barrier-1-list-json,list: Entire captured response is valid JSON.,2 / 3.4 / 5 / 10,417,interface-engineer,Snapshot concurrency supplement from source note22b8029c
1,"1,2,3,4",True,independent-verifier,PENDING_NAMED_CANDIDATE,"independent deterministic raw HTTP race captures, observable generation oracle and unchanged independent-process replacement",python snapshot_probe.py --base CURRENT_URL --peer INDEPENDENT_DESTINATION_1 --third INDEPENDENT_DESTINATION_2 --candidate FULL_NAMED_CANDIDATE --out NEW_UNIQUE_DIRECTORY,UNVERIFIED,unverified,Client events expose HTTP response lifetime; server-internal serialization interleaving is not inferred. Private state stays opaque; bounded schedule only.,TK1-snapshot-send-barrier-1-list-framing,list: Response charset and byte-accurate length remain correct during concurrent writes.,2 / 3.4 / 5 / 10,417,interface-engineer,Snapshot concurrency supplement from source note22b8029c
1,"1,2,3,4",True,independent-verifier,PENDING_NAMED_CANDIDATE,"independent deterministic raw HTTP race captures, observable generation oracle and unchanged independent-process replacement",python snapshot_probe.py --base CURRENT_URL --peer INDEPENDENT_DESTINATION_1 --third INDEPENDENT_DESTINATION_2 --candidate FULL_NAMED_CANDIDATE --out NEW_UNIQUE_DIRECTORY,UNVERIFIED,unverified,Client events expose HTTP response lifetime; server-internal serialization interleaving is not inferred. Private state stays opaque; bounded schedule only.,TK1-snapshot-send-barrier-1-availability-status,availability: Concurrent read returns200.,2 / 3.4 / 5 / 10,417,interface-engineer,Snapshot concurrency supplement from source note22b8029c
1,"1,2,3,4",True,independent-verifier,PENDING_NAMED_CANDIDATE,"independent deterministic raw HTTP race captures, observable generation oracle and unchanged independent-process replacement",python snapshot_probe.py --base CURRENT_URL --peer INDEPENDENT_DESTINATION_1 --third INDEPENDENT_DESTINATION_2 --candidate FULL_NAMED_CANDIDATE --out NEW_UNIQUE_DIRECTORY,UNVERIFIED,unverified,Client events expose HTTP response lifetime; server-internal serialization interleaving is not inferred. Private state stays opaque; bounded schedule only.,TK1-snapshot-send-barrier-1-availability-json,availability: Entire captured response is valid JSON.,2 / 3.4 / 5 / 10,417,interface-engineer,Snapshot concurrency supplement from source note22b8029c
1,"1,2,3,4",True,independent-verifier,PENDING_NAMED_CANDIDATE,"independent deterministic raw HTTP race captures, observable generation oracle and unchanged independent-process replacement",python snapshot_probe.py --base CURRENT_URL --peer INDEPENDENT_DESTINATION_1 --third INDEPENDENT_DESTINATION_2 --candidate FULL_NAMED_CANDIDATE --out NEW_UNIQUE_DIRECTORY,UNVERIFIED,unverified,Client events expose HTTP response lifetime; server-internal serialization interleaving is not inferred. Private state stays opaque; bounded schedule only.,TK1-snapshot-send-barrier-1-availability-framing,availability: Response charset and byte-accurate length remain correct during concurrent writes.,2 / 3.4 / 5 / 10,417,interface-engineer,Snapshot concurrency supplement from source note22b8029c
1,"1,2,3,4",True,independent-verifier,PENDING_NAMED_CANDIDATE,"independent deterministic raw HTTP race captures, observable generation oracle and unchanged independent-process replacement",python snapshot_probe.py --base CURRENT_URL --peer INDEPENDENT_DESTINATION_1 --third INDEPENDENT_DESTINATION_2 --candidate FULL_NAMED_CANDIDATE --out NEW_UNIQUE_DIRECTORY,UNVERIFIED,unverified,Client events expose HTTP response lifetime; server-internal serialization interleaving is not inferred. Private state stays opaque; bounded schedule only.,TK1-snapshot-send-barrier-1-list-coherent,Read list is one complete legal atomic generation within the concurrent interval.,1 / 8 / 11,417,systems-engineer,Snapshot concurrency supplement from source note22b8029c
1,"1,2,3,4",True,independent-verifier,PENDING_NAMED_CANDIDATE,"independent deterministic raw HTTP race captures, observable generation oracle and unchanged independent-process replacement",python snapshot_probe.py --base CURRENT_URL --peer INDEPENDENT_DESTINATION_1 --third INDEPENDENT_DESTINATION_2 --candidate FULL_NAMED_CANDIDATE --out NEW_UNIQUE_DIRECTORY,UNVERIFIED,unverified,Client events expose HTTP response lifetime; server-internal serialization interleaving is not inferred. Private state stays opaque; bounded schedule only.,TK1-snapshot-send-barrier-1-list-identities,Read list retains all eight identities/timestamps while moves commit.,8 / 11,417,systems-engineer,Snapshot concurrency supplement from source note22b8029c
1,"1,2,3,4",True,independent-verifier,PENDING_NAMED_CANDIDATE,"independent deterministic raw HTTP race captures, observable generation oracle and unchanged independent-process replacement",python snapshot_probe.py --base CURRENT_URL --peer INDEPENDENT_DESTINATION_1 --third INDEPENDENT_DESTINATION_2 --candidate FULL_NAMED_CANDIDATE --out NEW_UNIQUE_DIRECTORY,UNVERIFIED,unverified,Client events expose HTTP response lifetime; server-internal serialization interleaving is not inferred. Private state stays opaque; bounded schedule only.,TK1-snapshot-send-barrier-1-availability-coherent,Availability respects the full unchanged occupancy and fixture order during atomic cyclic moves.,1 / 8 / 11,417,systems-engineer,Snapshot concurrency supplement from source note22b8029c
1,"1,2,3,4",True,independent-verifier,PENDING_NAMED_CANDIDATE,"independent deterministic raw HTTP race captures, observable generation oracle and unchanged independent-process replacement",python snapshot_probe.py --base CURRENT_URL --peer INDEPENDENT_DESTINATION_1 --third INDEPENDENT_DESTINATION_2 --candidate FULL_NAMED_CANDIDATE --out NEW_UNIQUE_DIRECTORY,UNVERIFIED,unverified,Client events expose HTTP response lifetime; server-internal serialization interleaving is not inferred. Private state stays opaque; bounded schedule only.,TK1-snapshot-send-barrier-1-export-envelope,Captured export retains track/version/state envelope.,10,417,systems-engineer,Snapshot concurrency supplement from source note22b8029c
1,"1,2,3,4",True,independent-verifier,PENDING_NAMED_CANDIDATE,"independent deterministic raw HTTP race captures, observable generation oracle and unchanged independent-process replacement",python snapshot_probe.py --base CURRENT_URL --peer INDEPENDENT_DESTINATION_1 --third INDEPENDENT_DESTINATION_2 --candidate FULL_NAMED_CANDIDATE --out NEW_UNIQUE_DIRECTORY,UNVERIFIED,unverified,Client events expose HTTP response lifetime; server-internal serialization interleaving is not inferred. Private state stays opaque; bounded schedule only.,TK1-snapshot-send-barrier-1-source-readonly,"After writers settle, repeated reads/exports and receipt replays leave complete source state unchanged.",7 / 10,417,systems-engineer,Snapshot concurrency supplement from source note22b8029c
1,"1,2,3,4",True,independent-verifier,PENDING_NAMED_CANDIDATE,"independent deterministic raw HTTP race captures, observable generation oracle and unchanged independent-process replacement",python snapshot_probe.py --base CURRENT_URL --peer INDEPENDENT_DESTINATION_1 --third INDEPENDENT_DESTINATION_2 --candidate FULL_NAMED_CANDIDATE --out NEW_UNIQUE_DIRECTORY,UNVERIFIED,unverified,Client events expose HTTP response lifetime; server-internal serialization interleaving is not inferred. Private state stays opaque; bounded schedule only.,TK1-snapshot-send-barrier-1-peer-import,Unchanged captured raw export replaces an independent destination204.,6 / 7 / 10 / 11,417,systems-engineer,Snapshot concurrency supplement from source note22b8029c
1,"1,2,3,4",True,independent-verifier,PENDING_NAMED_CANDIDATE,"independent deterministic raw HTTP race captures, observable generation oracle and unchanged independent-process replacement",python snapshot_probe.py --base CURRENT_URL --peer INDEPENDENT_DESTINATION_1 --third INDEPENDENT_DESTINATION_2 --candidate FULL_NAMED_CANDIDATE --out NEW_UNIQUE_DIRECTORY,UNVERIFIED,unverified,Client events expose HTTP response lifetime; server-internal serialization interleaving is not inferred. Private state stays opaque; bounded schedule only.,TK1-snapshot-send-barrier-1-peer-valid-token,Real source bearer token remains valid after replacement.,6 / 7 / 10 / 11,417,systems-engineer,Snapshot concurrency supplement from source note22b8029c
1,"1,2,3,4",True,independent-verifier,PENDING_NAMED_CANDIDATE,"independent deterministic raw HTTP race captures, observable generation oracle and unchanged independent-process replacement",python snapshot_probe.py --base CURRENT_URL --peer INDEPENDENT_DESTINATION_1 --third INDEPENDENT_DESTINATION_2 --candidate FULL_NAMED_CANDIDATE --out NEW_UNIQUE_DIRECTORY,UNVERIFIED,unverified,Client events expose HTTP response lifetime; server-internal serialization interleaving is not inferred. Private state stays opaque; bounded schedule only.,TK1-snapshot-send-barrier-1-peer-generation,Imported private records form one complete legal generation.,6 / 7 / 10 / 11,417,systems-engineer,Snapshot concurrency supplement from source note22b8029c
1,"1,2,3,4",True,independent-verifier,PENDING_NAMED_CANDIDATE,"independent deterministic raw HTTP race captures, observable generation oracle and unchanged independent-process replacement",python snapshot_probe.py --base CURRENT_URL --peer INDEPENDENT_DESTINATION_1 --third INDEPENDENT_DESTINATION_2 --candidate FULL_NAMED_CANDIDATE --out NEW_UNIQUE_DIRECTORY,UNVERIFIED,unverified,Client events expose HTTP response lifetime; server-internal serialization interleaving is not inferred. Private state stays opaque; bounded schedule only.,TK1-snapshot-send-barrier-1-peer-identities,All imported source identities/statuses/timestamps remain unchanged.,6 / 7 / 10 / 11,417,systems-engineer,Snapshot concurrency supplement from source note22b8029c
1,"1,2,3,4",True,independent-verifier,PENDING_NAMED_CANDIDATE,"independent deterministic raw HTTP race captures, observable generation oracle and unchanged independent-process replacement",python snapshot_probe.py --base CURRENT_URL --peer INDEPENDENT_DESTINATION_1 --third INDEPENDENT_DESTINATION_2 --candidate FULL_NAMED_CANDIDATE --out NEW_UNIQUE_DIRECTORY,UNVERIFIED,unverified,Client events expose HTTP response lifetime; server-internal serialization interleaving is not inferred. Private state stays opaque; bounded schedule only.,TK1-snapshot-send-barrier-1-peer-old-token-removed,Replacement removes the destination's previous session.,6 / 7 / 10 / 11,417,systems-engineer,Snapshot concurrency supplement from source note22b8029c
1,"1,2,3,4",True,independent-verifier,PENDING_NAMED_CANDIDATE,"independent deterministic raw HTTP race captures, observable generation oracle and unchanged independent-process replacement",python snapshot_probe.py --base CURRENT_URL --peer INDEPENDENT_DESTINATION_1 --third INDEPENDENT_DESTINATION_2 --candidate FULL_NAMED_CANDIDATE --out NEW_UNIQUE_DIRECTORY,UNVERIFIED,unverified,Client events expose HTTP response lifetime; server-internal serialization interleaving is not inferred. Private state stays opaque; bounded schedule only.,TK1-snapshot-send-barrier-1-peer-old-records-removed,Replacement removes previous destination records.,6 / 7 / 10 / 11,417,systems-engineer,Snapshot concurrency supplement from source note22b8029c
1,"1,2,3,4",True,independent-verifier,PENDING_NAMED_CANDIDATE,"independent deterministic raw HTTP race captures, observable generation oracle and unchanged independent-process replacement",python snapshot_probe.py --base CURRENT_URL --peer INDEPENDENT_DESTINATION_1 --third INDEPENDENT_DESTINATION_2 --candidate FULL_NAMED_CANDIDATE --out NEW_UNIQUE_DIRECTORY,UNVERIFIED,unverified,Client events expose HTTP response lifetime; server-internal serialization interleaving is not inferred. Private state stays opaque; bounded schedule only.,TK1-snapshot-send-barrier-1-peer-create-receipts,Every successful original create receipt replays200 with its exact original response.,6 / 7 / 10 / 11,417,systems-engineer,Snapshot concurrency supplement from source note22b8029c
1,"1,2,3,4",True,independent-verifier,PENDING_NAMED_CANDIDATE,"independent deterministic raw HTTP race captures, observable generation oracle and unchanged independent-process replacement",python snapshot_probe.py --base CURRENT_URL --peer INDEPENDENT_DESTINATION_1 --third INDEPENDENT_DESTINATION_2 --candidate FULL_NAMED_CANDIDATE --out NEW_UNIQUE_DIRECTORY,UNVERIFIED,unverified,Client events expose HTTP response lifetime; server-internal serialization interleaving is not inferred. Private state stays opaque; bounded schedule only.,TK1-snapshot-send-barrier-1-peer-move-receipts,Every move committed in the captured generation's prefix replays200 with its exact original response.,6 / 7 / 10 / 11,417,systems-engineer,Snapshot concurrency supplement from source note22b8029c
1,"1,2,3,4",True,independent-verifier,PENDING_NAMED_CANDIDATE,"independent deterministic raw HTTP race captures, observable generation oracle and unchanged independent-process replacement",python snapshot_probe.py --base CURRENT_URL --peer INDEPENDENT_DESTINATION_1 --third INDEPENDENT_DESTINATION_2 --candidate FULL_NAMED_CANDIDATE --out NEW_UNIQUE_DIRECTORY,UNVERIFIED,unverified,Client events expose HTTP response lifetime; server-internal serialization interleaving is not inferred. Private state stays opaque; bounded schedule only.,TK1-snapshot-send-barrier-1-peer-future-keys-absent,Moves after the captured generation have no successful retry receipt; a changed invalid body gets422 rather than used-key409.,6 / 7 / 10 / 11,417,systems-engineer,Snapshot concurrency supplement from source note22b8029c
1,"1,2,3,4",True,independent-verifier,PENDING_NAMED_CANDIDATE,"independent deterministic raw HTTP race captures, observable generation oracle and unchanged independent-process replacement",python snapshot_probe.py --base CURRENT_URL --peer INDEPENDENT_DESTINATION_1 --third INDEPENDENT_DESTINATION_2 --candidate FULL_NAMED_CANDIDATE --out NEW_UNIQUE_DIRECTORY,UNVERIFIED,unverified,Client events expose HTTP response lifetime; server-internal serialization interleaving is not inferred. Private state stays opaque; bounded schedule only.,TK1-snapshot-send-barrier-1-peer-replay-readonly,All original replays leave the entire imported snapshot unchanged.,6 / 7 / 10 / 11,417,systems-engineer,Snapshot concurrency supplement from source note22b8029c
1,"1,2,3,4",True,independent-verifier,PENDING_NAMED_CANDIDATE,"independent deterministic raw HTTP race captures, observable generation oracle and unchanged independent-process replacement",python snapshot_probe.py --base CURRENT_URL --peer INDEPENDENT_DESTINATION_1 --third INDEPENDENT_DESTINATION_2 --candidate FULL_NAMED_CANDIDATE --out NEW_UNIQUE_DIRECTORY,UNVERIFIED,unverified,Client events expose HTTP response lifetime; server-internal serialization interleaving is not inferred. Private state stays opaque; bounded schedule only.,TK1-snapshot-send-barrier-1-peer-repeat-import,Repeating unchanged replacement204 preserves full exact snapshot without duplication.,6 / 7 / 10 / 11,417,systems-engineer,Snapshot concurrency supplement from source note22b8029c
1,"1,2,3,4",True,independent-verifier,PENDING_NAMED_CANDIDATE,"independent deterministic raw HTTP race captures, observable generation oracle and unchanged independent-process replacement",python snapshot_probe.py --base CURRENT_URL --peer INDEPENDENT_DESTINATION_1 --third INDEPENDENT_DESTINATION_2 --candidate FULL_NAMED_CANDIDATE --out NEW_UNIQUE_DIRECTORY,UNVERIFIED,unverified,Client events expose HTTP response lifetime; server-internal serialization interleaving is not inferred. Private state stays opaque; bounded schedule only.,TK1-snapshot-send-barrier-1-peer-captured-unchanged,Destination export remains the exact captured snapshot after later source writes and replays.,6 / 7 / 10 / 11,417,systems-engineer,Snapshot concurrency supplement from source note22b8029c
1,"1,2,3,4",True,independent-verifier,PENDING_NAMED_CANDIDATE,"independent deterministic raw HTTP race captures, observable generation oracle and unchanged independent-process replacement",python snapshot_probe.py --base CURRENT_URL --peer INDEPENDENT_DESTINATION_1 --third INDEPENDENT_DESTINATION_2 --candidate FULL_NAMED_CANDIDATE --out NEW_UNIQUE_DIRECTORY,UNVERIFIED,unverified,Client events expose HTTP response lifetime; server-internal serialization interleaving is not inferred. Private state stays opaque; bounded schedule only.,TK1-snapshot-send-barrier-1-third-import,Unchanged captured raw export replaces an independent destination204.,6 / 7 / 10 / 11,417,systems-engineer,Snapshot concurrency supplement from source note22b8029c
1,"1,2,3,4",True,independent-verifier,PENDING_NAMED_CANDIDATE,"independent deterministic raw HTTP race captures, observable generation oracle and unchanged independent-process replacement",python snapshot_probe.py --base CURRENT_URL --peer INDEPENDENT_DESTINATION_1 --third INDEPENDENT_DESTINATION_2 --candidate FULL_NAMED_CANDIDATE --out NEW_UNIQUE_DIRECTORY,UNVERIFIED,unverified,Client events expose HTTP response lifetime; server-internal serialization interleaving is not inferred. Private state stays opaque; bounded schedule only.,TK1-snapshot-send-barrier-1-third-valid-token,Real source bearer token remains valid after replacement.,6 / 7 / 10 / 11,417,systems-engineer,Snapshot concurrency supplement from source note22b8029c
1,"1,2,3,4",True,independent-verifier,PENDING_NAMED_CANDIDATE,"independent deterministic raw HTTP race captures, observable generation oracle and unchanged independent-process replacement",python snapshot_probe.py --base CURRENT_URL --peer INDEPENDENT_DESTINATION_1 --third INDEPENDENT_DESTINATION_2 --candidate FULL_NAMED_CANDIDATE --out NEW_UNIQUE_DIRECTORY,UNVERIFIED,unverified,Client events expose HTTP response lifetime; server-internal serialization interleaving is not inferred. Private state stays opaque; bounded schedule only.,TK1-snapshot-send-barrier-1-third-generation,Imported private records form one complete legal generation.,6 / 7 / 10 / 11,417,systems-engineer,Snapshot concurrency supplement from source note22b8029c
1,"1,2,3,4",True,independent-verifier,PENDING_NAMED_CANDIDATE,"independent deterministic raw HTTP race captures, observable generation oracle and unchanged independent-process replacement",python snapshot_probe.py --base CURRENT_URL --peer INDEPENDENT_DESTINATION_1 --third INDEPENDENT_DESTINATION_2 --candidate FULL_NAMED_CANDIDATE --out NEW_UNIQUE_DIRECTORY,UNVERIFIED,unverified,Client events expose HTTP response lifetime; server-internal serialization interleaving is not inferred. Private state stays opaque; bounded schedule only.,TK1-snapshot-send-barrier-1-third-identities,All imported source identities/statuses/timestamps remain unchanged.,6 / 7 / 10 / 11,417,systems-engineer,Snapshot concurrency supplement from source note22b8029c
1,"1,2,3,4",True,independent-verifier,PENDING_NAMED_CANDIDATE,"independent deterministic raw HTTP race captures, observable generation oracle and unchanged independent-process replacement",python snapshot_probe.py --base CURRENT_URL --peer INDEPENDENT_DESTINATION_1 --third INDEPENDENT_DESTINATION_2 --candidate FULL_NAMED_CANDIDATE --out NEW_UNIQUE_DIRECTORY,UNVERIFIED,unverified,Client events expose HTTP response lifetime; server-internal serialization interleaving is not inferred. Private state stays opaque; bounded schedule only.,TK1-snapshot-send-barrier-1-third-old-token-removed,Replacement removes the destination's previous session.,6 / 7 / 10 / 11,417,systems-engineer,Snapshot concurrency supplement from source note22b8029c
1,"1,2,3,4",True,independent-verifier,PENDING_NAMED_CANDIDATE,"independent deterministic raw HTTP race captures, observable generation oracle and unchanged independent-process replacement",python snapshot_probe.py --base CURRENT_URL --peer INDEPENDENT_DESTINATION_1 --third INDEPENDENT_DESTINATION_2 --candidate FULL_NAMED_CANDIDATE --out NEW_UNIQUE_DIRECTORY,UNVERIFIED,unverified,Client events expose HTTP response lifetime; server-internal serialization interleaving is not inferred. Private state stays opaque; bounded schedule only.,TK1-snapshot-send-barrier-1-third-old-records-removed,Replacement removes previous destination records.,6 / 7 / 10 / 11,417,systems-engineer,Snapshot concurrency supplement from source note22b8029c
1,"1,2,3,4",True,independent-verifier,PENDING_NAMED_CANDIDATE,"independent deterministic raw HTTP race captures, observable generation oracle and unchanged independent-process replacement",python snapshot_probe.py --base CURRENT_URL --peer INDEPENDENT_DESTINATION_1 --third INDEPENDENT_DESTINATION_2 --candidate FULL_NAMED_CANDIDATE --out NEW_UNIQUE_DIRECTORY,UNVERIFIED,unverified,Client events expose HTTP response lifetime; server-internal serialization interleaving is not inferred. Private state stays opaque; bounded schedule only.,TK1-snapshot-send-barrier-1-third-create-receipts,Every successful original create receipt replays200 with its exact original response.,6 / 7 / 10 / 11,417,systems-engineer,Snapshot concurrency supplement from source note22b8029c
1,"1,2,3,4",True,independent-verifier,PENDING_NAMED_CANDIDATE,"independent deterministic raw HTTP race captures, observable generation oracle and unchanged independent-process replacement",python snapshot_probe.py --base CURRENT_URL --peer INDEPENDENT_DESTINATION_1 --third INDEPENDENT_DESTINATION_2 --candidate FULL_NAMED_CANDIDATE --out NEW_UNIQUE_DIRECTORY,UNVERIFIED,unverified,Client events expose HTTP response lifetime; server-internal serialization interleaving is not inferred. Private state stays opaque; bounded schedule only.,TK1-snapshot-send-barrier-1-third-move-receipts,Every move committed in the captured generation's prefix replays200 with its exact original response.,6 / 7 / 10 / 11,417,systems-engineer,Snapshot concurrency supplement from source note22b8029c
1,"1,2,3,4",True,independent-verifier,PENDING_NAMED_CANDIDATE,"independent deterministic raw HTTP race captures, observable generation oracle and unchanged independent-process replacement",python snapshot_probe.py --base CURRENT_URL --peer INDEPENDENT_DESTINATION_1 --third INDEPENDENT_DESTINATION_2 --candidate FULL_NAMED_CANDIDATE --out NEW_UNIQUE_DIRECTORY,UNVERIFIED,unverified,Client events expose HTTP response lifetime; server-internal serialization interleaving is not inferred. Private state stays opaque; bounded schedule only.,TK1-snapshot-send-barrier-1-third-future-keys-absent,Moves after the captured generation have no successful retry receipt; a changed invalid body gets422 rather than used-key409.,6 / 7 / 10 / 11,417,systems-engineer,Snapshot concurrency supplement from source note22b8029c
1,"1,2,3,4",True,independent-verifier,PENDING_NAMED_CANDIDATE,"independent deterministic raw HTTP race captures, observable generation oracle and unchanged independent-process replacement",python snapshot_probe.py --base CURRENT_URL --peer INDEPENDENT_DESTINATION_1 --third INDEPENDENT_DESTINATION_2 --candidate FULL_NAMED_CANDIDATE --out NEW_UNIQUE_DIRECTORY,UNVERIFIED,unverified,Client events expose HTTP response lifetime; server-internal serialization interleaving is not inferred. Private state stays opaque; bounded schedule only.,TK1-snapshot-send-barrier-1-third-replay-readonly,All original replays leave the entire imported snapshot unchanged.,6 / 7 / 10 / 11,417,systems-engineer,Snapshot concurrency supplement from source note22b8029c
1,"1,2,3,4",True,independent-verifier,PENDING_NAMED_CANDIDATE,"independent deterministic raw HTTP race captures, observable generation oracle and unchanged independent-process replacement",python snapshot_probe.py --base CURRENT_URL --peer INDEPENDENT_DESTINATION_1 --third INDEPENDENT_DESTINATION_2 --candidate FULL_NAMED_CANDIDATE --out NEW_UNIQUE_DIRECTORY,UNVERIFIED,unverified,Client events expose HTTP response lifetime; server-internal serialization interleaving is not inferred. Private state stays opaque; bounded schedule only.,TK1-snapshot-send-barrier-1-third-repeat-import,Repeating unchanged replacement204 preserves full exact snapshot without duplication.,6 / 7 / 10 / 11,417,systems-engineer,Snapshot concurrency supplement from source note22b8029c
1,"1,2,3,4",True,independent-verifier,PENDING_NAMED_CANDIDATE,"independent deterministic raw HTTP race captures, observable generation oracle and unchanged independent-process replacement",python snapshot_probe.py --base CURRENT_URL --peer INDEPENDENT_DESTINATION_1 --third INDEPENDENT_DESTINATION_2 --candidate FULL_NAMED_CANDIDATE --out NEW_UNIQUE_DIRECTORY,UNVERIFIED,unverified,Client events expose HTTP response lifetime; server-internal serialization interleaving is not inferred. Private state stays opaque; bounded schedule only.,TK1-snapshot-send-barrier-1-third-captured-unchanged,Destination export remains the exact captured snapshot after later source writes and replays.,6 / 7 / 10 / 11,417,systems-engineer,Snapshot concurrency supplement from source note22b8029c
1,"1,2,3,4",True,independent-verifier,PENDING_NAMED_CANDIDATE,"independent deterministic raw HTTP race captures, observable generation oracle and unchanged independent-process replacement",python snapshot_probe.py --base CURRENT_URL --peer INDEPENDENT_DESTINATION_1 --third INDEPENDENT_DESTINATION_2 --candidate FULL_NAMED_CANDIDATE --out NEW_UNIQUE_DIRECTORY,UNVERIFIED,unverified,Client events expose HTTP response lifetime; server-internal serialization interleaving is not inferred. Private state stays opaque; bounded schedule only.,TK1-snapshot-send-barrier-2-export-status,export: Concurrent read returns200.,2 / 3.4 / 5 / 10,417,interface-engineer,Snapshot concurrency supplement from source note22b8029c
1,"1,2,3,4",True,independent-verifier,PENDING_NAMED_CANDIDATE,"independent deterministic raw HTTP race captures, observable generation oracle and unchanged independent-process replacement",python snapshot_probe.py --base CURRENT_URL --peer INDEPENDENT_DESTINATION_1 --third INDEPENDENT_DESTINATION_2 --candidate FULL_NAMED_CANDIDATE --out NEW_UNIQUE_DIRECTORY,UNVERIFIED,unverified,Client events expose HTTP response lifetime; server-internal serialization interleaving is not inferred. Private state stays opaque; bounded schedule only.,TK1-snapshot-send-barrier-2-export-json,export: Entire captured response is valid JSON.,2 / 3.4 / 5 / 10,417,interface-engineer,Snapshot concurrency supplement from source note22b8029c
1,"1,2,3,4",True,independent-verifier,PENDING_NAMED_CANDIDATE,"independent deterministic raw HTTP race captures, observable generation oracle and unchanged independent-process replacement",python snapshot_probe.py --base CURRENT_URL --peer INDEPENDENT_DESTINATION_1 --third INDEPENDENT_DESTINATION_2 --candidate FULL_NAMED_CANDIDATE --out NEW_UNIQUE_DIRECTORY,UNVERIFIED,unverified,Client events expose HTTP response lifetime; server-internal serialization interleaving is not inferred. Private state stays opaque; bounded schedule only.,TK1-snapshot-send-barrier-2-export-framing,export: Response charset and byte-accurate length remain correct during concurrent writes.,2 / 3.4 / 5 / 10,417,interface-engineer,Snapshot concurrency supplement from source note22b8029c
1,"1,2,3,4",True,independent-verifier,PENDING_NAMED_CANDIDATE,"independent deterministic raw HTTP race captures, observable generation oracle and unchanged independent-process replacement",python snapshot_probe.py --base CURRENT_URL --peer INDEPENDENT_DESTINATION_1 --third INDEPENDENT_DESTINATION_2 --candidate FULL_NAMED_CANDIDATE --out NEW_UNIQUE_DIRECTORY,UNVERIFIED,unverified,Client events expose HTTP response lifetime; server-internal serialization interleaving is not inferred. Private state stays opaque; bounded schedule only.,TK1-snapshot-send-barrier-2-list-status,list: Concurrent read returns200.,2 / 3.4 / 5 / 10,417,interface-engineer,Snapshot concurrency supplement from source note22b8029c
1,"1,2,3,4",True,independent-verifier,PENDING_NAMED_CANDIDATE,"independent deterministic raw HTTP race captures, observable generation oracle and unchanged independent-process replacement",python snapshot_probe.py --base CURRENT_URL --peer INDEPENDENT_DESTINATION_1 --third INDEPENDENT_DESTINATION_2 --candidate FULL_NAMED_CANDIDATE --out NEW_UNIQUE_DIRECTORY,UNVERIFIED,unverified,Client events expose HTTP response lifetime; server-internal serialization interleaving is not inferred. Private state stays opaque; bounded schedule only.,TK1-snapshot-send-barrier-2-list-json,list: Entire captured response is valid JSON.,2 / 3.4 / 5 / 10,417,interface-engineer,Snapshot concurrency supplement from source note22b8029c
1,"1,2,3,4",True,independent-verifier,PENDING_NAMED_CANDIDATE,"independent deterministic raw HTTP race captures, observable generation oracle and unchanged independent-process replacement",python snapshot_probe.py --base CURRENT_URL --peer INDEPENDENT_DESTINATION_1 --third INDEPENDENT_DESTINATION_2 --candidate FULL_NAMED_CANDIDATE --out NEW_UNIQUE_DIRECTORY,UNVERIFIED,unverified,Client events expose HTTP response lifetime; server-internal serialization interleaving is not inferred. Private state stays opaque; bounded schedule only.,TK1-snapshot-send-barrier-2-list-framing,list: Response charset and byte-accurate length remain correct during concurrent writes.,2 / 3.4 / 5 / 10,417,interface-engineer,Snapshot concurrency supplement from source note22b8029c
1,"1,2,3,4",True,independent-verifier,PENDING_NAMED_CANDIDATE,"independent deterministic raw HTTP race captures, observable generation oracle and unchanged independent-process replacement",python snapshot_probe.py --base CURRENT_URL --peer INDEPENDENT_DESTINATION_1 --third INDEPENDENT_DESTINATION_2 --candidate FULL_NAMED_CANDIDATE --out NEW_UNIQUE_DIRECTORY,UNVERIFIED,unverified,Client events expose HTTP response lifetime; server-internal serialization interleaving is not inferred. Private state stays opaque; bounded schedule only.,TK1-snapshot-send-barrier-2-availability-status,availability: Concurrent read returns200.,2 / 3.4 / 5 / 10,417,interface-engineer,Snapshot concurrency supplement from source note22b8029c
1,"1,2,3,4",True,independent-verifier,PENDING_NAMED_CANDIDATE,"independent deterministic raw HTTP race captures, observable generation oracle and unchanged independent-process replacement",python snapshot_probe.py --base CURRENT_URL --peer INDEPENDENT_DESTINATION_1 --third INDEPENDENT_DESTINATION_2 --candidate FULL_NAMED_CANDIDATE --out NEW_UNIQUE_DIRECTORY,UNVERIFIED,unverified,Client events expose HTTP response lifetime; server-internal serialization interleaving is not inferred. Private state stays opaque; bounded schedule only.,TK1-snapshot-send-barrier-2-availability-json,availability: Entire captured response is valid JSON.,2 / 3.4 / 5 / 10,417,interface-engineer,Snapshot concurrency supplement from source note22b8029c
1,"1,2,3,4",True,independent-verifier,PENDING_NAMED_CANDIDATE,"independent deterministic raw HTTP race captures, observable generation oracle and unchanged independent-process replacement",python snapshot_probe.py --base CURRENT_URL --peer INDEPENDENT_DESTINATION_1 --third INDEPENDENT_DESTINATION_2 --candidate FULL_NAMED_CANDIDATE --out NEW_UNIQUE_DIRECTORY,UNVERIFIED,unverified,Client events expose HTTP response lifetime; server-internal serialization interleaving is not inferred. Private state stays opaque; bounded schedule only.,TK1-snapshot-send-barrier-2-availability-framing,availability: Response charset and byte-accurate length remain correct during concurrent writes.,2 / 3.4 / 5 / 10,417,interface-engineer,Snapshot concurrency supplement from source note22b8029c
1,"1,2,3,4",True,independent-verifier,PENDING_NAMED_CANDIDATE,"independent deterministic raw HTTP race captures, observable generation oracle and unchanged independent-process replacement",python snapshot_probe.py --base CURRENT_URL --peer INDEPENDENT_DESTINATION_1 --third INDEPENDENT_DESTINATION_2 --candidate FULL_NAMED_CANDIDATE --out NEW_UNIQUE_DIRECTORY,UNVERIFIED,unverified,Client events expose HTTP response lifetime; server-internal serialization interleaving is not inferred. Private state stays opaque; bounded schedule only.,TK1-snapshot-send-barrier-2-list-coherent,Read list is one complete legal atomic generation within the concurrent interval.,1 / 8 / 11,417,systems-engineer,Snapshot concurrency supplement from source note22b8029c
1,"1,2,3,4",True,independent-verifier,PENDING_NAMED_CANDIDATE,"independent deterministic raw HTTP race captures, observable generation oracle and unchanged independent-process replacement",python snapshot_probe.py --base CURRENT_URL --peer INDEPENDENT_DESTINATION_1 --third INDEPENDENT_DESTINATION_2 --candidate FULL_NAMED_CANDIDATE --out NEW_UNIQUE_DIRECTORY,UNVERIFIED,unverified,Client events expose HTTP response lifetime; server-internal serialization interleaving is not inferred. Private state stays opaque; bounded schedule only.,TK1-snapshot-send-barrier-2-list-identities,Read list retains all eight identities/timestamps while moves commit.,8 / 11,417,systems-engineer,Snapshot concurrency supplement from source note22b8029c
1,"1,2,3,4",True,independent-verifier,PENDING_NAMED_CANDIDATE,"independent deterministic raw HTTP race captures, observable generation oracle and unchanged independent-process replacement",python snapshot_probe.py --base CURRENT_URL --peer INDEPENDENT_DESTINATION_1 --third INDEPENDENT_DESTINATION_2 --candidate FULL_NAMED_CANDIDATE --out NEW_UNIQUE_DIRECTORY,UNVERIFIED,unverified,Client events expose HTTP response lifetime; server-internal serialization interleaving is not inferred. Private state stays opaque; bounded schedule only.,TK1-snapshot-send-barrier-2-availability-coherent,Availability respects the full unchanged occupancy and fixture order during atomic cyclic moves.,1 / 8 / 11,417,systems-engineer,Snapshot concurrency supplement from source note22b8029c
1,"1,2,3,4",True,independent-verifier,PENDING_NAMED_CANDIDATE,"independent deterministic raw HTTP race captures, observable generation oracle and unchanged independent-process replacement",python snapshot_probe.py --base CURRENT_URL --peer INDEPENDENT_DESTINATION_1 --third INDEPENDENT_DESTINATION_2 --candidate FULL_NAMED_CANDIDATE --out NEW_UNIQUE_DIRECTORY,UNVERIFIED,unverified,Client events expose HTTP response lifetime; server-internal serialization interleaving is not inferred. Private state stays opaque; bounded schedule only.,TK1-snapshot-send-barrier-2-export-envelope,Captured export retains track/version/state envelope.,10,417,systems-engineer,Snapshot concurrency supplement from source note22b8029c
1,"1,2,3,4",True,independent-verifier,PENDING_NAMED_CANDIDATE,"independent deterministic raw HTTP race captures, observable generation oracle and unchanged independent-process replacement",python snapshot_probe.py --base CURRENT_URL --peer INDEPENDENT_DESTINATION_1 --third INDEPENDENT_DESTINATION_2 --candidate FULL_NAMED_CANDIDATE --out NEW_UNIQUE_DIRECTORY,UNVERIFIED,unverified,Client events expose HTTP response lifetime; server-internal serialization interleaving is not inferred. Private state stays opaque; bounded schedule only.,TK1-snapshot-send-barrier-2-source-readonly,"After writers settle, repeated reads/exports and receipt replays leave complete source state unchanged.",7 / 10,417,systems-engineer,Snapshot concurrency supplement from source note22b8029c
1,"1,2,3,4",True,independent-verifier,PENDING_NAMED_CANDIDATE,"independent deterministic raw HTTP race captures, observable generation oracle and unchanged independent-process replacement",python snapshot_probe.py --base CURRENT_URL --peer INDEPENDENT_DESTINATION_1 --third INDEPENDENT_DESTINATION_2 --candidate FULL_NAMED_CANDIDATE --out NEW_UNIQUE_DIRECTORY,UNVERIFIED,unverified,Client events expose HTTP response lifetime; server-internal serialization interleaving is not inferred. Private state stays opaque; bounded schedule only.,TK1-snapshot-send-barrier-2-peer-import,Unchanged captured raw export replaces an independent destination204.,6 / 7 / 10 / 11,417,systems-engineer,Snapshot concurrency supplement from source note22b8029c
1,"1,2,3,4",True,independent-verifier,PENDING_NAMED_CANDIDATE,"independent deterministic raw HTTP race captures, observable generation oracle and unchanged independent-process replacement",python snapshot_probe.py --base CURRENT_URL --peer INDEPENDENT_DESTINATION_1 --third INDEPENDENT_DESTINATION_2 --candidate FULL_NAMED_CANDIDATE --out NEW_UNIQUE_DIRECTORY,UNVERIFIED,unverified,Client events expose HTTP response lifetime; server-internal serialization interleaving is not inferred. Private state stays opaque; bounded schedule only.,TK1-snapshot-send-barrier-2-peer-valid-token,Real source bearer token remains valid after replacement.,6 / 7 / 10 / 11,417,systems-engineer,Snapshot concurrency supplement from source note22b8029c
1,"1,2,3,4",True,independent-verifier,PENDING_NAMED_CANDIDATE,"independent deterministic raw HTTP race captures, observable generation oracle and unchanged independent-process replacement",python snapshot_probe.py --base CURRENT_URL --peer INDEPENDENT_DESTINATION_1 --third INDEPENDENT_DESTINATION_2 --candidate FULL_NAMED_CANDIDATE --out NEW_UNIQUE_DIRECTORY,UNVERIFIED,unverified,Client events expose HTTP response lifetime; server-internal serialization interleaving is not inferred. Private state stays opaque; bounded schedule only.,TK1-snapshot-send-barrier-2-peer-generation,Imported private records form one complete legal generation.,6 / 7 / 10 / 11,417,systems-engineer,Snapshot concurrency supplement from source note22b8029c
1,"1,2,3,4",True,independent-verifier,PENDING_NAMED_CANDIDATE,"independent deterministic raw HTTP race captures, observable generation oracle and unchanged independent-process replacement",python snapshot_probe.py --base CURRENT_URL --peer INDEPENDENT_DESTINATION_1 --third INDEPENDENT_DESTINATION_2 --candidate FULL_NAMED_CANDIDATE --out NEW_UNIQUE_DIRECTORY,UNVERIFIED,unverified,Client events expose HTTP response lifetime; server-internal serialization interleaving is not inferred. Private state stays opaque; bounded schedule only.,TK1-snapshot-send-barrier-2-peer-identities,All imported source identities/statuses/timestamps remain unchanged.,6 / 7 / 10 / 11,417,systems-engineer,Snapshot concurrency supplement from source note22b8029c
1,"1,2,3,4",True,independent-verifier,PENDING_NAMED_CANDIDATE,"independent deterministic raw HTTP race captures, observable generation oracle and unchanged independent-process replacement",python snapshot_probe.py --base CURRENT_URL --peer INDEPENDENT_DESTINATION_1 --third INDEPENDENT_DESTINATION_2 --candidate FULL_NAMED_CANDIDATE --out NEW_UNIQUE_DIRECTORY,UNVERIFIED,unverified,Client events expose HTTP response lifetime; server-internal serialization interleaving is not inferred. Private state stays opaque; bounded schedule only.,TK1-snapshot-send-barrier-2-peer-old-token-removed,Replacement removes the destination's previous session.,6 / 7 / 10 / 11,417,systems-engineer,Snapshot concurrency supplement from source note22b8029c
1,"1,2,3,4",True,independent-verifier,PENDING_NAMED_CANDIDATE,"independent deterministic raw HTTP race captures, observable generation oracle and unchanged independent-process replacement",python snapshot_probe.py --base CURRENT_URL --peer INDEPENDENT_DESTINATION_1 --third INDEPENDENT_DESTINATION_2 --candidate FULL_NAMED_CANDIDATE --out NEW_UNIQUE_DIRECTORY,UNVERIFIED,unverified,Client events expose HTTP response lifetime; server-internal serialization interleaving is not inferred. Private state stays opaque; bounded schedule only.,TK1-snapshot-send-barrier-2-peer-old-records-removed,Replacement removes previous destination records.,6 / 7 / 10 / 11,417,systems-engineer,Snapshot concurrency supplement from source note22b8029c
1,"1,2,3,4",True,independent-verifier,PENDING_NAMED_CANDIDATE,"independent deterministic raw HTTP race captures, observable generation oracle and unchanged independent-process replacement",python snapshot_probe.py --base CURRENT_URL --peer INDEPENDENT_DESTINATION_1 --third INDEPENDENT_DESTINATION_2 --candidate FULL_NAMED_CANDIDATE --out NEW_UNIQUE_DIRECTORY,UNVERIFIED,unverified,Client events expose HTTP response lifetime; server-internal serialization interleaving is not inferred. Private state stays opaque; bounded schedule only.,TK1-snapshot-send-barrier-2-peer-create-receipts,Every successful original create receipt replays200 with its exact original response.,6 / 7 / 10 / 11,417,systems-engineer,Snapshot concurrency supplement from source note22b8029c
1,"1,2,3,4",True,independent-verifier,PENDING_NAMED_CANDIDATE,"independent deterministic raw HTTP race captures, observable generation oracle and unchanged independent-process replacement",python snapshot_probe.py --base CURRENT_URL --peer INDEPENDENT_DESTINATION_1 --third INDEPENDENT_DESTINATION_2 --candidate FULL_NAMED_CANDIDATE --out NEW_UNIQUE_DIRECTORY,UNVERIFIED,unverified,Client events expose HTTP response lifetime; server-internal serialization interleaving is not inferred. Private state stays opaque; bounded schedule only.,TK1-snapshot-send-barrier-2-peer-move-receipts,Every move committed in the captured generation's prefix replays200 with its exact original response.,6 / 7 / 10 / 11,417,systems-engineer,Snapshot concurrency supplement from source note22b8029c
1,"1,2,3,4",True,independent-verifier,PENDING_NAMED_CANDIDATE,"independent deterministic raw HTTP race captures, observable generation oracle and unchanged independent-process replacement",python snapshot_probe.py --base CURRENT_URL --peer INDEPENDENT_DESTINATION_1 --third INDEPENDENT_DESTINATION_2 --candidate FULL_NAMED_CANDIDATE --out NEW_UNIQUE_DIRECTORY,UNVERIFIED,unverified,Client events expose HTTP response lifetime; server-internal serialization interleaving is not inferred. Private state stays opaque; bounded schedule only.,TK1-snapshot-send-barrier-2-peer-future-keys-absent,Moves after the captured generation have no successful retry receipt; a changed invalid body gets422 rather than used-key409.,6 / 7 / 10 / 11,417,systems-engineer,Snapshot concurrency supplement from source note22b8029c
1,"1,2,3,4",True,independent-verifier,PENDING_NAMED_CANDIDATE,"independent deterministic raw HTTP race captures, observable generation oracle and unchanged independent-process replacement",python snapshot_probe.py --base CURRENT_URL --peer INDEPENDENT_DESTINATION_1 --third INDEPENDENT_DESTINATION_2 --candidate FULL_NAMED_CANDIDATE --out NEW_UNIQUE_DIRECTORY,UNVERIFIED,unverified,Client events expose HTTP response lifetime; server-internal serialization interleaving is not inferred. Private state stays opaque; bounded schedule only.,TK1-snapshot-send-barrier-2-peer-replay-readonly,All original replays leave the entire imported snapshot unchanged.,6 / 7 / 10 / 11,417,systems-engineer,Snapshot concurrency supplement from source note22b8029c
1,"1,2,3,4",True,independent-verifier,PENDING_NAMED_CANDIDATE,"independent deterministic raw HTTP race captures, observable generation oracle and unchanged independent-process replacement",python snapshot_probe.py --base CURRENT_URL --peer INDEPENDENT_DESTINATION_1 --third INDEPENDENT_DESTINATION_2 --candidate FULL_NAMED_CANDIDATE --out NEW_UNIQUE_DIRECTORY,UNVERIFIED,unverified,Client events expose HTTP response lifetime; server-internal serialization interleaving is not inferred. Private state stays opaque; bounded schedule only.,TK1-snapshot-send-barrier-2-peer-repeat-import,Repeating unchanged replacement204 preserves full exact snapshot without duplication.,6 / 7 / 10 / 11,417,systems-engineer,Snapshot concurrency supplement from source note22b8029c
1,"1,2,3,4",True,independent-verifier,PENDING_NAMED_CANDIDATE,"independent deterministic raw HTTP race captures, observable generation oracle and unchanged independent-process replacement",python snapshot_probe.py --base CURRENT_URL --peer INDEPENDENT_DESTINATION_1 --third INDEPENDENT_DESTINATION_2 --candidate FULL_NAMED_CANDIDATE --out NEW_UNIQUE_DIRECTORY,UNVERIFIED,unverified,Client events expose HTTP response lifetime; server-internal serialization interleaving is not inferred. Private state stays opaque; bounded schedule only.,TK1-snapshot-send-barrier-2-peer-captured-unchanged,Destination export remains the exact captured snapshot after later source writes and replays.,6 / 7 / 10 / 11,417,systems-engineer,Snapshot concurrency supplement from source note22b8029c
1,"1,2,3,4",True,independent-verifier,PENDING_NAMED_CANDIDATE,"independent deterministic raw HTTP race captures, observable generation oracle and unchanged independent-process replacement",python snapshot_probe.py --base CURRENT_URL --peer INDEPENDENT_DESTINATION_1 --third INDEPENDENT_DESTINATION_2 --candidate FULL_NAMED_CANDIDATE --out NEW_UNIQUE_DIRECTORY,UNVERIFIED,unverified,Client events expose HTTP response lifetime; server-internal serialization interleaving is not inferred. Private state stays opaque; bounded schedule only.,TK1-snapshot-send-barrier-2-third-import,Unchanged captured raw export replaces an independent destination204.,6 / 7 / 10 / 11,417,systems-engineer,Snapshot concurrency supplement from source note22b8029c
1,"1,2,3,4",True,independent-verifier,PENDING_NAMED_CANDIDATE,"independent deterministic raw HTTP race captures, observable generation oracle and unchanged independent-process replacement",python snapshot_probe.py --base CURRENT_URL --peer INDEPENDENT_DESTINATION_1 --third INDEPENDENT_DESTINATION_2 --candidate FULL_NAMED_CANDIDATE --out NEW_UNIQUE_DIRECTORY,UNVERIFIED,unverified,Client events expose HTTP response lifetime; server-internal serialization interleaving is not inferred. Private state stays opaque; bounded schedule only.,TK1-snapshot-send-barrier-2-third-valid-token,Real source bearer token remains valid after replacement.,6 / 7 / 10 / 11,417,systems-engineer,Snapshot concurrency supplement from source note22b8029c
1,"1,2,3,4",True,independent-verifier,PENDING_NAMED_CANDIDATE,"independent deterministic raw HTTP race captures, observable generation oracle and unchanged independent-process replacement",python snapshot_probe.py --base CURRENT_URL --peer INDEPENDENT_DESTINATION_1 --third INDEPENDENT_DESTINATION_2 --candidate FULL_NAMED_CANDIDATE --out NEW_UNIQUE_DIRECTORY,UNVERIFIED,unverified,Client events expose HTTP response lifetime; server-internal serialization interleaving is not inferred. Private state stays opaque; bounded schedule only.,TK1-snapshot-send-barrier-2-third-generation,Imported private records form one complete legal generation.,6 / 7 / 10 / 11,417,systems-engineer,Snapshot concurrency supplement from source note22b8029c
1,"1,2,3,4",True,independent-verifier,PENDING_NAMED_CANDIDATE,"independent deterministic raw HTTP race captures, observable generation oracle and unchanged independent-process replacement",python snapshot_probe.py --base CURRENT_URL --peer INDEPENDENT_DESTINATION_1 --third INDEPENDENT_DESTINATION_2 --candidate FULL_NAMED_CANDIDATE --out NEW_UNIQUE_DIRECTORY,UNVERIFIED,unverified,Client events expose HTTP response lifetime; server-internal serialization interleaving is not inferred. Private state stays opaque; bounded schedule only.,TK1-snapshot-send-barrier-2-third-identities,All imported source identities/statuses/timestamps remain unchanged.,6 / 7 / 10 / 11,417,systems-engineer,Snapshot concurrency supplement from source note22b8029c
1,"1,2,3,4",True,independent-verifier,PENDING_NAMED_CANDIDATE,"independent deterministic raw HTTP race captures, observable generation oracle and unchanged independent-process replacement",python snapshot_probe.py --base CURRENT_URL --peer INDEPENDENT_DESTINATION_1 --third INDEPENDENT_DESTINATION_2 --candidate FULL_NAMED_CANDIDATE --out NEW_UNIQUE_DIRECTORY,UNVERIFIED,unverified,Client events expose HTTP response lifetime; server-internal serialization interleaving is not inferred. Private state stays opaque; bounded schedule only.,TK1-snapshot-send-barrier-2-third-old-token-removed,Replacement removes the destination's previous session.,6 / 7 / 10 / 11,417,systems-engineer,Snapshot concurrency supplement from source note22b8029c
1,"1,2,3,4",True,independent-verifier,PENDING_NAMED_CANDIDATE,"independent deterministic raw HTTP race captures, observable generation oracle and unchanged independent-process replacement",python snapshot_probe.py --base CURRENT_URL --peer INDEPENDENT_DESTINATION_1 --third INDEPENDENT_DESTINATION_2 --candidate FULL_NAMED_CANDIDATE --out NEW_UNIQUE_DIRECTORY,UNVERIFIED,unverified,Client events expose HTTP response lifetime; server-internal serialization interleaving is not inferred. Private state stays opaque; bounded schedule only.,TK1-snapshot-send-barrier-2-third-old-records-removed,Replacement removes previous destination records.,6 / 7 / 10 / 11,417,systems-engineer,Snapshot concurrency supplement from source note22b8029c
1,"1,2,3,4",True,independent-verifier,PENDING_NAMED_CANDIDATE,"independent deterministic raw HTTP race captures, observable generation oracle and unchanged independent-process replacement",python snapshot_probe.py --base CURRENT_URL --peer INDEPENDENT_DESTINATION_1 --third INDEPENDENT_DESTINATION_2 --candidate FULL_NAMED_CANDIDATE --out NEW_UNIQUE_DIRECTORY,UNVERIFIED,unverified,Client events expose HTTP response lifetime; server-internal serialization interleaving is not inferred. Private state stays opaque; bounded schedule only.,TK1-snapshot-send-barrier-2-third-create-receipts,Every successful original create receipt replays200 with its exact original response.,6 / 7 / 10 / 11,417,systems-engineer,Snapshot concurrency supplement from source note22b8029c
1,"1,2,3,4",True,independent-verifier,PENDING_NAMED_CANDIDATE,"independent deterministic raw HTTP race captures, observable generation oracle and unchanged independent-process replacement",python snapshot_probe.py --base CURRENT_URL --peer INDEPENDENT_DESTINATION_1 --third INDEPENDENT_DESTINATION_2 --candidate FULL_NAMED_CANDIDATE --out NEW_UNIQUE_DIRECTORY,UNVERIFIED,unverified,Client events expose HTTP response lifetime; server-internal serialization interleaving is not inferred. Private state stays opaque; bounded schedule only.,TK1-snapshot-send-barrier-2-third-move-receipts,Every move committed in the captured generation's prefix replays200 with its exact original response.,6 / 7 / 10 / 11,417,systems-engineer,Snapshot concurrency supplement from source note22b8029c
1,"1,2,3,4",True,independent-verifier,PENDING_NAMED_CANDIDATE,"independent deterministic raw HTTP race captures, observable generation oracle and unchanged independent-process replacement",python snapshot_probe.py --base CURRENT_URL --peer INDEPENDENT_DESTINATION_1 --third INDEPENDENT_DESTINATION_2 --candidate FULL_NAMED_CANDIDATE --out NEW_UNIQUE_DIRECTORY,UNVERIFIED,unverified,Client events expose HTTP response lifetime; server-internal serialization interleaving is not inferred. Private state stays opaque; bounded schedule only.,TK1-snapshot-send-barrier-2-third-future-keys-absent,Moves after the captured generation have no successful retry receipt; a changed invalid body gets422 rather than used-key409.,6 / 7 / 10 / 11,417,systems-engineer,Snapshot concurrency supplement from source note22b8029c
1,"1,2,3,4",True,independent-verifier,PENDING_NAMED_CANDIDATE,"independent deterministic raw HTTP race captures, observable generation oracle and unchanged independent-process replacement",python snapshot_probe.py --base CURRENT_URL --peer INDEPENDENT_DESTINATION_1 --third INDEPENDENT_DESTINATION_2 --candidate FULL_NAMED_CANDIDATE --out NEW_UNIQUE_DIRECTORY,UNVERIFIED,unverified,Client events expose HTTP response lifetime; server-internal serialization interleaving is not inferred. Private state stays opaque; bounded schedule only.,TK1-snapshot-send-barrier-2-third-replay-readonly,All original replays leave the entire imported snapshot unchanged.,6 / 7 / 10 / 11,417,systems-engineer,Snapshot concurrency supplement from source note22b8029c
1,"1,2,3,4",True,independent-verifier,PENDING_NAMED_CANDIDATE,"independent deterministic raw HTTP race captures, observable generation oracle and unchanged independent-process replacement",python snapshot_probe.py --base CURRENT_URL --peer INDEPENDENT_DESTINATION_1 --third INDEPENDENT_DESTINATION_2 --candidate FULL_NAMED_CANDIDATE --out NEW_UNIQUE_DIRECTORY,UNVERIFIED,unverified,Client events expose HTTP response lifetime; server-internal serialization interleaving is not inferred. Private state stays opaque; bounded schedule only.,TK1-snapshot-send-barrier-2-third-repeat-import,Repeating unchanged replacement204 preserves full exact snapshot without duplication.,6 / 7 / 10 / 11,417,systems-engineer,Snapshot concurrency supplement from source note22b8029c
1,"1,2,3,4",True,independent-verifier,PENDING_NAMED_CANDIDATE,"independent deterministic raw HTTP race captures, observable generation oracle and unchanged independent-process replacement",python snapshot_probe.py --base CURRENT_URL --peer INDEPENDENT_DESTINATION_1 --third INDEPENDENT_DESTINATION_2 --candidate FULL_NAMED_CANDIDATE --out NEW_UNIQUE_DIRECTORY,UNVERIFIED,unverified,Client events expose HTTP response lifetime; server-internal serialization interleaving is not inferred. Private state stays opaque; bounded schedule only.,TK1-snapshot-send-barrier-2-third-captured-unchanged,Destination export remains the exact captured snapshot after later source writes and replays.,6 / 7 / 10 / 11,417,systems-engineer,Snapshot concurrency supplement from source note22b8029c
1,"1,2,3,4",True,independent-verifier,PENDING_NAMED_CANDIDATE,"independent deterministic raw HTTP race captures, observable generation oracle and unchanged independent-process replacement",python snapshot_probe.py --base CURRENT_URL --peer INDEPENDENT_DESTINATION_1 --third INDEPENDENT_DESTINATION_2 --candidate FULL_NAMED_CANDIDATE --out NEW_UNIQUE_DIRECTORY,UNVERIFIED,unverified,Client events expose HTTP response lifetime; server-internal serialization interleaving is not inferred. Private state stays opaque; bounded schedule only.,TK1-snapshot-send-barrier-3-export-status,export: Concurrent read returns200.,2 / 3.4 / 5 / 10,417,interface-engineer,Snapshot concurrency supplement from source note22b8029c
1,"1,2,3,4",True,independent-verifier,PENDING_NAMED_CANDIDATE,"independent deterministic raw HTTP race captures, observable generation oracle and unchanged independent-process replacement",python snapshot_probe.py --base CURRENT_URL --peer INDEPENDENT_DESTINATION_1 --third INDEPENDENT_DESTINATION_2 --candidate FULL_NAMED_CANDIDATE --out NEW_UNIQUE_DIRECTORY,UNVERIFIED,unverified,Client events expose HTTP response lifetime; server-internal serialization interleaving is not inferred. Private state stays opaque; bounded schedule only.,TK1-snapshot-send-barrier-3-export-json,export: Entire captured response is valid JSON.,2 / 3.4 / 5 / 10,417,interface-engineer,Snapshot concurrency supplement from source note22b8029c
1,"1,2,3,4",True,independent-verifier,PENDING_NAMED_CANDIDATE,"independent deterministic raw HTTP race captures, observable generation oracle and unchanged independent-process replacement",python snapshot_probe.py --base CURRENT_URL --peer INDEPENDENT_DESTINATION_1 --third INDEPENDENT_DESTINATION_2 --candidate FULL_NAMED_CANDIDATE --out NEW_UNIQUE_DIRECTORY,UNVERIFIED,unverified,Client events expose HTTP response lifetime; server-internal serialization interleaving is not inferred. Private state stays opaque; bounded schedule only.,TK1-snapshot-send-barrier-3-export-framing,export: Response charset and byte-accurate length remain correct during concurrent writes.,2 / 3.4 / 5 / 10,417,interface-engineer,Snapshot concurrency supplement from source note22b8029c
1,"1,2,3,4",True,independent-verifier,PENDING_NAMED_CANDIDATE,"independent deterministic raw HTTP race captures, observable generation oracle and unchanged independent-process replacement",python snapshot_probe.py --base CURRENT_URL --peer INDEPENDENT_DESTINATION_1 --third INDEPENDENT_DESTINATION_2 --candidate FULL_NAMED_CANDIDATE --out NEW_UNIQUE_DIRECTORY,UNVERIFIED,unverified,Client events expose HTTP response lifetime; server-internal serialization interleaving is not inferred. Private state stays opaque; bounded schedule only.,TK1-snapshot-send-barrier-3-list-status,list: Concurrent read returns200.,2 / 3.4 / 5 / 10,417,interface-engineer,Snapshot concurrency supplement from source note22b8029c
1,"1,2,3,4",True,independent-verifier,PENDING_NAMED_CANDIDATE,"independent deterministic raw HTTP race captures, observable generation oracle and unchanged independent-process replacement",python snapshot_probe.py --base CURRENT_URL --peer INDEPENDENT_DESTINATION_1 --third INDEPENDENT_DESTINATION_2 --candidate FULL_NAMED_CANDIDATE --out NEW_UNIQUE_DIRECTORY,UNVERIFIED,unverified,Client events expose HTTP response lifetime; server-internal serialization interleaving is not inferred. Private state stays opaque; bounded schedule only.,TK1-snapshot-send-barrier-3-list-json,list: Entire captured response is valid JSON.,2 / 3.4 / 5 / 10,417,interface-engineer,Snapshot concurrency supplement from source note22b8029c
1,"1,2,3,4",True,independent-verifier,PENDING_NAMED_CANDIDATE,"independent deterministic raw HTTP race captures, observable generation oracle and unchanged independent-process replacement",python snapshot_probe.py --base CURRENT_URL --peer INDEPENDENT_DESTINATION_1 --third INDEPENDENT_DESTINATION_2 --candidate FULL_NAMED_CANDIDATE --out NEW_UNIQUE_DIRECTORY,UNVERIFIED,unverified,Client events expose HTTP response lifetime; server-internal serialization interleaving is not inferred. Private state stays opaque; bounded schedule only.,TK1-snapshot-send-barrier-3-list-framing,list: Response charset and byte-accurate length remain correct during concurrent writes.,2 / 3.4 / 5 / 10,417,interface-engineer,Snapshot concurrency supplement from source note22b8029c
1,"1,2,3,4",True,independent-verifier,PENDING_NAMED_CANDIDATE,"independent deterministic raw HTTP race captures, observable generation oracle and unchanged independent-process replacement",python snapshot_probe.py --base CURRENT_URL --peer INDEPENDENT_DESTINATION_1 --third INDEPENDENT_DESTINATION_2 --candidate FULL_NAMED_CANDIDATE --out NEW_UNIQUE_DIRECTORY,UNVERIFIED,unverified,Client events expose HTTP response lifetime; server-internal serialization interleaving is not inferred. Private state stays opaque; bounded schedule only.,TK1-snapshot-send-barrier-3-availability-status,availability: Concurrent read returns200.,2 / 3.4 / 5 / 10,417,interface-engineer,Snapshot concurrency supplement from source note22b8029c
1,"1,2,3,4",True,independent-verifier,PENDING_NAMED_CANDIDATE,"independent deterministic raw HTTP race captures, observable generation oracle and unchanged independent-process replacement",python snapshot_probe.py --base CURRENT_URL --peer INDEPENDENT_DESTINATION_1 --third INDEPENDENT_DESTINATION_2 --candidate FULL_NAMED_CANDIDATE --out NEW_UNIQUE_DIRECTORY,UNVERIFIED,unverified,Client events expose HTTP response lifetime; server-internal serialization interleaving is not inferred. Private state stays opaque; bounded schedule only.,TK1-snapshot-send-barrier-3-availability-json,availability: Entire captured response is valid JSON.,2 / 3.4 / 5 / 10,417,interface-engineer,Snapshot concurrency supplement from source note22b8029c
1,"1,2,3,4",True,independent-verifier,PENDING_NAMED_CANDIDATE,"independent deterministic raw HTTP race captures, observable generation oracle and unchanged independent-process replacement",python snapshot_probe.py --base CURRENT_URL --peer INDEPENDENT_DESTINATION_1 --third INDEPENDENT_DESTINATION_2 --candidate FULL_NAMED_CANDIDATE --out NEW_UNIQUE_DIRECTORY,UNVERIFIED,unverified,Client events expose HTTP response lifetime; server-internal serialization interleaving is not inferred. Private state stays opaque; bounded schedule only.,TK1-snapshot-send-barrier-3-availability-framing,availability: Response charset and byte-accurate length remain correct during concurrent writes.,2 / 3.4 / 5 / 10,417,interface-engineer,Snapshot concurrency supplement from source note22b8029c
1,"1,2,3,4",True,independent-verifier,PENDING_NAMED_CANDIDATE,"independent deterministic raw HTTP race captures, observable generation oracle and unchanged independent-process replacement",python snapshot_probe.py --base CURRENT_URL --peer INDEPENDENT_DESTINATION_1 --third INDEPENDENT_DESTINATION_2 --candidate FULL_NAMED_CANDIDATE --out NEW_UNIQUE_DIRECTORY,UNVERIFIED,unverified,Client events expose HTTP response lifetime; server-internal serialization interleaving is not inferred. Private state stays opaque; bounded schedule only.,TK1-snapshot-send-barrier-3-list-coherent,Read list is one complete legal atomic generation within the concurrent interval.,1 / 8 / 11,417,systems-engineer,Snapshot concurrency supplement from source note22b8029c
1,"1,2,3,4",True,independent-verifier,PENDING_NAMED_CANDIDATE,"independent deterministic raw HTTP race captures, observable generation oracle and unchanged independent-process replacement",python snapshot_probe.py --base CURRENT_URL --peer INDEPENDENT_DESTINATION_1 --third INDEPENDENT_DESTINATION_2 --candidate FULL_NAMED_CANDIDATE --out NEW_UNIQUE_DIRECTORY,UNVERIFIED,unverified,Client events expose HTTP response lifetime; server-internal serialization interleaving is not inferred. Private state stays opaque; bounded schedule only.,TK1-snapshot-send-barrier-3-list-identities,Read list retains all eight identities/timestamps while moves commit.,8 / 11,417,systems-engineer,Snapshot concurrency supplement from source note22b8029c
1,"1,2,3,4",True,independent-verifier,PENDING_NAMED_CANDIDATE,"independent deterministic raw HTTP race captures, observable generation oracle and unchanged independent-process replacement",python snapshot_probe.py --base CURRENT_URL --peer INDEPENDENT_DESTINATION_1 --third INDEPENDENT_DESTINATION_2 --candidate FULL_NAMED_CANDIDATE --out NEW_UNIQUE_DIRECTORY,UNVERIFIED,unverified,Client events expose HTTP response lifetime; server-internal serialization interleaving is not inferred. Private state stays opaque; bounded schedule only.,TK1-snapshot-send-barrier-3-availability-coherent,Availability respects the full unchanged occupancy and fixture order during atomic cyclic moves.,1 / 8 / 11,417,systems-engineer,Snapshot concurrency supplement from source note22b8029c
1,"1,2,3,4",True,independent-verifier,PENDING_NAMED_CANDIDATE,"independent deterministic raw HTTP race captures, observable generation oracle and unchanged independent-process replacement",python snapshot_probe.py --base CURRENT_URL --peer INDEPENDENT_DESTINATION_1 --third INDEPENDENT_DESTINATION_2 --candidate FULL_NAMED_CANDIDATE --out NEW_UNIQUE_DIRECTORY,UNVERIFIED,unverified,Client events expose HTTP response lifetime; server-internal serialization interleaving is not inferred. Private state stays opaque; bounded schedule only.,TK1-snapshot-send-barrier-3-export-envelope,Captured export retains track/version/state envelope.,10,417,systems-engineer,Snapshot concurrency supplement from source note22b8029c
1,"1,2,3,4",True,independent-verifier,PENDING_NAMED_CANDIDATE,"independent deterministic raw HTTP race captures, observable generation oracle and unchanged independent-process replacement",python snapshot_probe.py --base CURRENT_URL --peer INDEPENDENT_DESTINATION_1 --third INDEPENDENT_DESTINATION_2 --candidate FULL_NAMED_CANDIDATE --out NEW_UNIQUE_DIRECTORY,UNVERIFIED,unverified,Client events expose HTTP response lifetime; server-internal serialization interleaving is not inferred. Private state stays opaque; bounded schedule only.,TK1-snapshot-send-barrier-3-source-readonly,"After writers settle, repeated reads/exports and receipt replays leave complete source state unchanged.",7 / 10,417,systems-engineer,Snapshot concurrency supplement from source note22b8029c
1,"1,2,3,4",True,independent-verifier,PENDING_NAMED_CANDIDATE,"independent deterministic raw HTTP race captures, observable generation oracle and unchanged independent-process replacement",python snapshot_probe.py --base CURRENT_URL --peer INDEPENDENT_DESTINATION_1 --third INDEPENDENT_DESTINATION_2 --candidate FULL_NAMED_CANDIDATE --out NEW_UNIQUE_DIRECTORY,UNVERIFIED,unverified,Client events expose HTTP response lifetime; server-internal serialization interleaving is not inferred. Private state stays opaque; bounded schedule only.,TK1-snapshot-send-barrier-3-peer-import,Unchanged captured raw export replaces an independent destination204.,6 / 7 / 10 / 11,417,systems-engineer,Snapshot concurrency supplement from source note22b8029c
1,"1,2,3,4",True,independent-verifier,PENDING_NAMED_CANDIDATE,"independent deterministic raw HTTP race captures, observable generation oracle and unchanged independent-process replacement",python snapshot_probe.py --base CURRENT_URL --peer INDEPENDENT_DESTINATION_1 --third INDEPENDENT_DESTINATION_2 --candidate FULL_NAMED_CANDIDATE --out NEW_UNIQUE_DIRECTORY,UNVERIFIED,unverified,Client events expose HTTP response lifetime; server-internal serialization interleaving is not inferred. Private state stays opaque; bounded schedule only.,TK1-snapshot-send-barrier-3-peer-valid-token,Real source bearer token remains valid after replacement.,6 / 7 / 10 / 11,417,systems-engineer,Snapshot concurrency supplement from source note22b8029c
1,"1,2,3,4",True,independent-verifier,PENDING_NAMED_CANDIDATE,"independent deterministic raw HTTP race captures, observable generation oracle and unchanged independent-process replacement",python snapshot_probe.py --base CURRENT_URL --peer INDEPENDENT_DESTINATION_1 --third INDEPENDENT_DESTINATION_2 --candidate FULL_NAMED_CANDIDATE --out NEW_UNIQUE_DIRECTORY,UNVERIFIED,unverified,Client events expose HTTP response lifetime; server-internal serialization interleaving is not inferred. Private state stays opaque; bounded schedule only.,TK1-snapshot-send-barrier-3-peer-generation,Imported private records form one complete legal generation.,6 / 7 / 10 / 11,417,systems-engineer,Snapshot concurrency supplement from source note22b8029c
1,"1,2,3,4",True,independent-verifier,PENDING_NAMED_CANDIDATE,"independent deterministic raw HTTP race captures, observable generation oracle and unchanged independent-process replacement",python snapshot_probe.py --base CURRENT_URL --peer INDEPENDENT_DESTINATION_1 --third INDEPENDENT_DESTINATION_2 --candidate FULL_NAMED_CANDIDATE --out NEW_UNIQUE_DIRECTORY,UNVERIFIED,unverified,Client events expose HTTP response lifetime; server-internal serialization interleaving is not inferred. Private state stays opaque; bounded schedule only.,TK1-snapshot-send-barrier-3-peer-identities,All imported source identities/statuses/timestamps remain unchanged.,6 / 7 / 10 / 11,417,systems-engineer,Snapshot concurrency supplement from source note22b8029c
1,"1,2,3,4",True,independent-verifier,PENDING_NAMED_CANDIDATE,"independent deterministic raw HTTP race captures, observable generation oracle and unchanged independent-process replacement",python snapshot_probe.py --base CURRENT_URL --peer INDEPENDENT_DESTINATION_1 --third INDEPENDENT_DESTINATION_2 --candidate FULL_NAMED_CANDIDATE --out NEW_UNIQUE_DIRECTORY,UNVERIFIED,unverified,Client events expose HTTP response lifetime; server-internal serialization interleaving is not inferred. Private state stays opaque; bounded schedule only.,TK1-snapshot-send-barrier-3-peer-old-token-removed,Replacement removes the destination's previous session.,6 / 7 / 10 / 11,417,systems-engineer,Snapshot concurrency supplement from source note22b8029c
1,"1,2,3,4",True,independent-verifier,PENDING_NAMED_CANDIDATE,"independent deterministic raw HTTP race captures, observable generation oracle and unchanged independent-process replacement",python snapshot_probe.py --base CURRENT_URL --peer INDEPENDENT_DESTINATION_1 --third INDEPENDENT_DESTINATION_2 --candidate FULL_NAMED_CANDIDATE --out NEW_UNIQUE_DIRECTORY,UNVERIFIED,unverified,Client events expose HTTP response lifetime; server-internal serialization interleaving is not inferred. Private state stays opaque; bounded schedule only.,TK1-snapshot-send-barrier-3-peer-old-records-removed,Replacement removes previous destination records.,6 / 7 / 10 / 11,417,systems-engineer,Snapshot concurrency supplement from source note22b8029c
1,"1,2,3,4",True,independent-verifier,PENDING_NAMED_CANDIDATE,"independent deterministic raw HTTP race captures, observable generation oracle and unchanged independent-process replacement",python snapshot_probe.py --base CURRENT_URL --peer INDEPENDENT_DESTINATION_1 --third INDEPENDENT_DESTINATION_2 --candidate FULL_NAMED_CANDIDATE --out NEW_UNIQUE_DIRECTORY,UNVERIFIED,unverified,Client events expose HTTP response lifetime; server-internal serialization interleaving is not inferred. Private state stays opaque; bounded schedule only.,TK1-snapshot-send-barrier-3-peer-create-receipts,Every successful original create receipt replays200 with its exact original response.,6 / 7 / 10 / 11,417,systems-engineer,Snapshot concurrency supplement from source note22b8029c
1,"1,2,3,4",True,independent-verifier,PENDING_NAMED_CANDIDATE,"independent deterministic raw HTTP race captures, observable generation oracle and unchanged independent-process replacement",python snapshot_probe.py --base CURRENT_URL --peer INDEPENDENT_DESTINATION_1 --third INDEPENDENT_DESTINATION_2 --candidate FULL_NAMED_CANDIDATE --out NEW_UNIQUE_DIRECTORY,UNVERIFIED,unverified,Client events expose HTTP response lifetime; server-internal serialization interleaving is not inferred. Private state stays opaque; bounded schedule only.,TK1-snapshot-send-barrier-3-peer-move-receipts,Every move committed in the captured generation's prefix replays200 with its exact original response.,6 / 7 / 10 / 11,417,systems-engineer,Snapshot concurrency supplement from source note22b8029c
1,"1,2,3,4",True,independent-verifier,PENDING_NAMED_CANDIDATE,"independent deterministic raw HTTP race captures, observable generation oracle and unchanged independent-process replacement",python snapshot_probe.py --base CURRENT_URL --peer INDEPENDENT_DESTINATION_1 --third INDEPENDENT_DESTINATION_2 --candidate FULL_NAMED_CANDIDATE --out NEW_UNIQUE_DIRECTORY,UNVERIFIED,unverified,Client events expose HTTP response lifetime; server-internal serialization interleaving is not inferred. Private state stays opaque; bounded schedule only.,TK1-snapshot-send-barrier-3-peer-future-keys-absent,Moves after the captured generation have no successful retry receipt; a changed invalid body gets422 rather than used-key409.,6 / 7 / 10 / 11,417,systems-engineer,Snapshot concurrency supplement from source note22b8029c
1,"1,2,3,4",True,independent-verifier,PENDING_NAMED_CANDIDATE,"independent deterministic raw HTTP race captures, observable generation oracle and unchanged independent-process replacement",python snapshot_probe.py --base CURRENT_URL --peer INDEPENDENT_DESTINATION_1 --third INDEPENDENT_DESTINATION_2 --candidate FULL_NAMED_CANDIDATE --out NEW_UNIQUE_DIRECTORY,UNVERIFIED,unverified,Client events expose HTTP response lifetime; server-internal serialization interleaving is not inferred. Private state stays opaque; bounded schedule only.,TK1-snapshot-send-barrier-3-peer-replay-readonly,All original replays leave the entire imported snapshot unchanged.,6 / 7 / 10 / 11,417,systems-engineer,Snapshot concurrency supplement from source note22b8029c
1,"1,2,3,4",True,independent-verifier,PENDING_NAMED_CANDIDATE,"independent deterministic raw HTTP race captures, observable generation oracle and unchanged independent-process replacement",python snapshot_probe.py --base CURRENT_URL --peer INDEPENDENT_DESTINATION_1 --third INDEPENDENT_DESTINATION_2 --candidate FULL_NAMED_CANDIDATE --out NEW_UNIQUE_DIRECTORY,UNVERIFIED,unverified,Client events expose HTTP response lifetime; server-internal serialization interleaving is not inferred. Private state stays opaque; bounded schedule only.,TK1-snapshot-send-barrier-3-peer-repeat-import,Repeating unchanged replacement204 preserves full exact snapshot without duplication.,6 / 7 / 10 / 11,417,systems-engineer,Snapshot concurrency supplement from source note22b8029c
1,"1,2,3,4",True,independent-verifier,PENDING_NAMED_CANDIDATE,"independent deterministic raw HTTP race captures, observable generation oracle and unchanged independent-process replacement",python snapshot_probe.py --base CURRENT_URL --peer INDEPENDENT_DESTINATION_1 --third INDEPENDENT_DESTINATION_2 --candidate FULL_NAMED_CANDIDATE --out NEW_UNIQUE_DIRECTORY,UNVERIFIED,unverified,Client events expose HTTP response lifetime; server-internal serialization interleaving is not inferred. Private state stays opaque; bounded schedule only.,TK1-snapshot-send-barrier-3-peer-captured-unchanged,Destination export remains the exact captured snapshot after later source writes and replays.,6 / 7 / 10 / 11,417,systems-engineer,Snapshot concurrency supplement from source note22b8029c
1,"1,2,3,4",True,independent-verifier,PENDING_NAMED_CANDIDATE,"independent deterministic raw HTTP race captures, observable generation oracle and unchanged independent-process replacement",python snapshot_probe.py --base CURRENT_URL --peer INDEPENDENT_DESTINATION_1 --third INDEPENDENT_DESTINATION_2 --candidate FULL_NAMED_CANDIDATE --out NEW_UNIQUE_DIRECTORY,UNVERIFIED,unverified,Client events expose HTTP response lifetime; server-internal serialization interleaving is not inferred. Private state stays opaque; bounded schedule only.,TK1-snapshot-send-barrier-3-third-import,Unchanged captured raw export replaces an independent destination204.,6 / 7 / 10 / 11,417,systems-engineer,Snapshot concurrency supplement from source note22b8029c
1,"1,2,3,4",True,independent-verifier,PENDING_NAMED_CANDIDATE,"independent deterministic raw HTTP race captures, observable generation oracle and unchanged independent-process replacement",python snapshot_probe.py --base CURRENT_URL --peer INDEPENDENT_DESTINATION_1 --third INDEPENDENT_DESTINATION_2 --candidate FULL_NAMED_CANDIDATE --out NEW_UNIQUE_DIRECTORY,UNVERIFIED,unverified,Client events expose HTTP response lifetime; server-internal serialization interleaving is not inferred. Private state stays opaque; bounded schedule only.,TK1-snapshot-send-barrier-3-third-valid-token,Real source bearer token remains valid after replacement.,6 / 7 / 10 / 11,417,systems-engineer,Snapshot concurrency supplement from source note22b8029c
1,"1,2,3,4",True,independent-verifier,PENDING_NAMED_CANDIDATE,"independent deterministic raw HTTP race captures, observable generation oracle and unchanged independent-process replacement",python snapshot_probe.py --base CURRENT_URL --peer INDEPENDENT_DESTINATION_1 --third INDEPENDENT_DESTINATION_2 --candidate FULL_NAMED_CANDIDATE --out NEW_UNIQUE_DIRECTORY,UNVERIFIED,unverified,Client events expose HTTP response lifetime; server-internal serialization interleaving is not inferred. Private state stays opaque; bounded schedule only.,TK1-snapshot-send-barrier-3-third-generation,Imported private records form one complete legal generation.,6 / 7 / 10 / 11,417,systems-engineer,Snapshot concurrency supplement from source note22b8029c
1,"1,2,3,4",True,independent-verifier,PENDING_NAMED_CANDIDATE,"independent deterministic raw HTTP race captures, observable generation oracle and unchanged independent-process replacement",python snapshot_probe.py --base CURRENT_URL --peer INDEPENDENT_DESTINATION_1 --third INDEPENDENT_DESTINATION_2 --candidate FULL_NAMED_CANDIDATE --out NEW_UNIQUE_DIRECTORY,UNVERIFIED,unverified,Client events expose HTTP response lifetime; server-internal serialization interleaving is not inferred. Private state stays opaque; bounded schedule only.,TK1-snapshot-send-barrier-3-third-identities,All imported source identities/statuses/timestamps remain unchanged.,6 / 7 / 10 / 11,417,systems-engineer,Snapshot concurrency supplement from source note22b8029c
1,"1,2,3,4",True,independent-verifier,PENDING_NAMED_CANDIDATE,"independent deterministic raw HTTP race captures, observable generation oracle and unchanged independent-process replacement",python snapshot_probe.py --base CURRENT_URL --peer INDEPENDENT_DESTINATION_1 --third INDEPENDENT_DESTINATION_2 --candidate FULL_NAMED_CANDIDATE --out NEW_UNIQUE_DIRECTORY,UNVERIFIED,unverified,Client events expose HTTP response lifetime; server-internal serialization interleaving is not inferred. Private state stays opaque; bounded schedule only.,TK1-snapshot-send-barrier-3-third-old-token-removed,Replacement removes the destination's previous session.,6 / 7 / 10 / 11,417,systems-engineer,Snapshot concurrency supplement from source note22b8029c
1,"1,2,3,4",True,independent-verifier,PENDING_NAMED_CANDIDATE,"independent deterministic raw HTTP race captures, observable generation oracle and unchanged independent-process replacement",python snapshot_probe.py --base CURRENT_URL --peer INDEPENDENT_DESTINATION_1 --third INDEPENDENT_DESTINATION_2 --candidate FULL_NAMED_CANDIDATE --out NEW_UNIQUE_DIRECTORY,UNVERIFIED,unverified,Client events expose HTTP response lifetime; server-internal serialization interleaving is not inferred. Private state stays opaque; bounded schedule only.,TK1-snapshot-send-barrier-3-third-old-records-removed,Replacement removes previous destination records.,6 / 7 / 10 / 11,417,systems-engineer,Snapshot concurrency supplement from source note22b8029c
1,"1,2,3,4",True,independent-verifier,PENDING_NAMED_CANDIDATE,"independent deterministic raw HTTP race captures, observable generation oracle and unchanged independent-process replacement",python snapshot_probe.py --base CURRENT_URL --peer INDEPENDENT_DESTINATION_1 --third INDEPENDENT_DESTINATION_2 --candidate FULL_NAMED_CANDIDATE --out NEW_UNIQUE_DIRECTORY,UNVERIFIED,unverified,Client events expose HTTP response lifetime; server-internal serialization interleaving is not inferred. Private state stays opaque; bounded schedule only.,TK1-snapshot-send-barrier-3-third-create-receipts,Every successful original create receipt replays200 with its exact original response.,6 / 7 / 10 / 11,417,systems-engineer,Snapshot concurrency supplement from source note22b8029c
1,"1,2,3,4",True,independent-verifier,PENDING_NAMED_CANDIDATE,"independent deterministic raw HTTP race captures, observable generation oracle and unchanged independent-process replacement",python snapshot_probe.py --base CURRENT_URL --peer INDEPENDENT_DESTINATION_1 --third INDEPENDENT_DESTINATION_2 --candidate FULL_NAMED_CANDIDATE --out NEW_UNIQUE_DIRECTORY,UNVERIFIED,unverified,Client events expose HTTP response lifetime; server-internal serialization interleaving is not inferred. Private state stays opaque; bounded schedule only.,TK1-snapshot-send-barrier-3-third-move-receipts,Every move committed in the captured generation's prefix replays200 with its exact original response.,6 / 7 / 10 / 11,417,systems-engineer,Snapshot concurrency supplement from source note22b8029c
1,"1,2,3,4",True,independent-verifier,PENDING_NAMED_CANDIDATE,"independent deterministic raw HTTP race captures, observable generation oracle and unchanged independent-process replacement",python snapshot_probe.py --base CURRENT_URL --peer INDEPENDENT_DESTINATION_1 --third INDEPENDENT_DESTINATION_2 --candidate FULL_NAMED_CANDIDATE --out NEW_UNIQUE_DIRECTORY,UNVERIFIED,unverified,Client events expose HTTP response lifetime; server-internal serialization interleaving is not inferred. Private state stays opaque; bounded schedule only.,TK1-snapshot-send-barrier-3-third-future-keys-absent,Moves after the captured generation have no successful retry receipt; a changed invalid body gets422 rather than used-key409.,6 / 7 / 10 / 11,417,systems-engineer,Snapshot concurrency supplement from source note22b8029c
1,"1,2,3,4",True,independent-verifier,PENDING_NAMED_CANDIDATE,"independent deterministic raw HTTP race captures, observable generation oracle and unchanged independent-process replacement",python snapshot_probe.py --base CURRENT_URL --peer INDEPENDENT_DESTINATION_1 --third INDEPENDENT_DESTINATION_2 --candidate FULL_NAMED_CANDIDATE --out NEW_UNIQUE_DIRECTORY,UNVERIFIED,unverified,Client events expose HTTP response lifetime; server-internal serialization interleaving is not inferred. Private state stays opaque; bounded schedule only.,TK1-snapshot-send-barrier-3-third-replay-readonly,All original replays leave the entire imported snapshot unchanged.,6 / 7 / 10 / 11,417,systems-engineer,Snapshot concurrency supplement from source note22b8029c
1,"1,2,3,4",True,independent-verifier,PENDING_NAMED_CANDIDATE,"independent deterministic raw HTTP race captures, observable generation oracle and unchanged independent-process replacement",python snapshot_probe.py --base CURRENT_URL --peer INDEPENDENT_DESTINATION_1 --third INDEPENDENT_DESTINATION_2 --candidate FULL_NAMED_CANDIDATE --out NEW_UNIQUE_DIRECTORY,UNVERIFIED,unverified,Client events expose HTTP response lifetime; server-internal serialization interleaving is not inferred. Private state stays opaque; bounded schedule only.,TK1-snapshot-send-barrier-3-third-repeat-import,Repeating unchanged replacement204 preserves full exact snapshot without duplication.,6 / 7 / 10 / 11,417,systems-engineer,Snapshot concurrency supplement from source note22b8029c
1,"1,2,3,4",True,independent-verifier,PENDING_NAMED_CANDIDATE,"independent deterministic raw HTTP race captures, observable generation oracle and unchanged independent-process replacement",python snapshot_probe.py --base CURRENT_URL --peer INDEPENDENT_DESTINATION_1 --third INDEPENDENT_DESTINATION_2 --candidate FULL_NAMED_CANDIDATE --out NEW_UNIQUE_DIRECTORY,UNVERIFIED,unverified,Client events expose HTTP response lifetime; server-internal serialization interleaving is not inferred. Private state stays opaque; bounded schedule only.,TK1-snapshot-send-barrier-3-third-captured-unchanged,Destination export remains the exact captured snapshot after later source writes and replays.,6 / 7 / 10 / 11,417,systems-engineer,Snapshot concurrency supplement from source note22b8029c
1,"1,2,3,4",True,independent-verifier,PENDING_NAMED_CANDIDATE,"independent deterministic raw HTTP race captures, observable generation oracle and unchanged independent-process replacement",python snapshot_probe.py --base CURRENT_URL --peer INDEPENDENT_DESTINATION_1 --third INDEPENDENT_DESTINATION_2 --candidate FULL_NAMED_CANDIDATE --out NEW_UNIQUE_DIRECTORY,UNVERIFIED,unverified,Client events expose HTTP response lifetime; server-internal serialization interleaving is not inferred. Private state stays opaque; bounded schedule only.,TK1-snapshot-first-byte-held-write-1-status,Atomic eight-record move first use succeeds201.,7 / 11,417,systems-engineer,Snapshot concurrency supplement from source note22b8029c
1,"1,2,3,4",True,independent-verifier,PENDING_NAMED_CANDIDATE,"independent deterministic raw HTTP race captures, observable generation oracle and unchanged independent-process replacement",python snapshot_probe.py --base CURRENT_URL --peer INDEPENDENT_DESTINATION_1 --third INDEPENDENT_DESTINATION_2 --candidate FULL_NAMED_CANDIDATE --out NEW_UNIQUE_DIRECTORY,UNVERIFIED,unverified,Client events expose HTTP response lifetime; server-internal serialization interleaving is not inferred. Private state stays opaque; bounded schedule only.,TK1-snapshot-first-byte-held-write-1-order,Successful move receipt retains input order and exact complete generation state.,11,417,systems-engineer,Snapshot concurrency supplement from source note22b8029c
1,"1,2,3,4",True,independent-verifier,PENDING_NAMED_CANDIDATE,"independent deterministic raw HTTP race captures, observable generation oracle and unchanged independent-process replacement",python snapshot_probe.py --base CURRENT_URL --peer INDEPENDENT_DESTINATION_1 --third INDEPENDENT_DESTINATION_2 --candidate FULL_NAMED_CANDIDATE --out NEW_UNIQUE_DIRECTORY,UNVERIFIED,unverified,Client events expose HTTP response lifetime; server-internal serialization interleaving is not inferred. Private state stays opaque; bounded schedule only.,TK1-snapshot-first-byte-held-write-2-status,Atomic eight-record move first use succeeds201.,7 / 11,417,systems-engineer,Snapshot concurrency supplement from source note22b8029c
1,"1,2,3,4",True,independent-verifier,PENDING_NAMED_CANDIDATE,"independent deterministic raw HTTP race captures, observable generation oracle and unchanged independent-process replacement",python snapshot_probe.py --base CURRENT_URL --peer INDEPENDENT_DESTINATION_1 --third INDEPENDENT_DESTINATION_2 --candidate FULL_NAMED_CANDIDATE --out NEW_UNIQUE_DIRECTORY,UNVERIFIED,unverified,Client events expose HTTP response lifetime; server-internal serialization interleaving is not inferred. Private state stays opaque; bounded schedule only.,TK1-snapshot-first-byte-held-write-2-order,Successful move receipt retains input order and exact complete generation state.,11,417,systems-engineer,Snapshot concurrency supplement from source note22b8029c
1,"1,2,3,4",True,independent-verifier,PENDING_NAMED_CANDIDATE,"independent deterministic raw HTTP race captures, observable generation oracle and unchanged independent-process replacement",python snapshot_probe.py --base CURRENT_URL --peer INDEPENDENT_DESTINATION_1 --third INDEPENDENT_DESTINATION_2 --candidate FULL_NAMED_CANDIDATE --out NEW_UNIQUE_DIRECTORY,UNVERIFIED,unverified,Client events expose HTTP response lifetime; server-internal serialization interleaving is not inferred. Private state stays opaque; bounded schedule only.,TK1-snapshot-first-byte-held-write-3-status,Atomic eight-record move first use succeeds201.,7 / 11,417,systems-engineer,Snapshot concurrency supplement from source note22b8029c
1,"1,2,3,4",True,independent-verifier,PENDING_NAMED_CANDIDATE,"independent deterministic raw HTTP race captures, observable generation oracle and unchanged independent-process replacement",python snapshot_probe.py --base CURRENT_URL --peer INDEPENDENT_DESTINATION_1 --third INDEPENDENT_DESTINATION_2 --candidate FULL_NAMED_CANDIDATE --out NEW_UNIQUE_DIRECTORY,UNVERIFIED,unverified,Client events expose HTTP response lifetime; server-internal serialization interleaving is not inferred. Private state stays opaque; bounded schedule only.,TK1-snapshot-first-byte-held-write-3-order,Successful move receipt retains input order and exact complete generation state.,11,417,systems-engineer,Snapshot concurrency supplement from source note22b8029c
1,"1,2,3,4",True,independent-verifier,PENDING_NAMED_CANDIDATE,"independent deterministic raw HTTP race captures, observable generation oracle and unchanged independent-process replacement",python snapshot_probe.py --base CURRENT_URL --peer INDEPENDENT_DESTINATION_1 --third INDEPENDENT_DESTINATION_2 --candidate FULL_NAMED_CANDIDATE --out NEW_UNIQUE_DIRECTORY,UNVERIFIED,unverified,Client events expose HTTP response lifetime; server-internal serialization interleaving is not inferred. Private state stays opaque; bounded schedule only.,TK1-snapshot-first-byte-held-write-4-status,Atomic eight-record move first use succeeds201.,7 / 11,417,systems-engineer,Snapshot concurrency supplement from source note22b8029c
1,"1,2,3,4",True,independent-verifier,PENDING_NAMED_CANDIDATE,"independent deterministic raw HTTP race captures, observable generation oracle and unchanged independent-process replacement",python snapshot_probe.py --base CURRENT_URL --peer INDEPENDENT_DESTINATION_1 --third INDEPENDENT_DESTINATION_2 --candidate FULL_NAMED_CANDIDATE --out NEW_UNIQUE_DIRECTORY,UNVERIFIED,unverified,Client events expose HTTP response lifetime; server-internal serialization interleaving is not inferred. Private state stays opaque; bounded schedule only.,TK1-snapshot-first-byte-held-write-4-order,Successful move receipt retains input order and exact complete generation state.,11,417,systems-engineer,Snapshot concurrency supplement from source note22b8029c
1,"1,2,3,4",True,independent-verifier,PENDING_NAMED_CANDIDATE,"independent deterministic raw HTTP race captures, observable generation oracle and unchanged independent-process replacement",python snapshot_probe.py --base CURRENT_URL --peer INDEPENDENT_DESTINATION_1 --third INDEPENDENT_DESTINATION_2 --candidate FULL_NAMED_CANDIDATE --out NEW_UNIQUE_DIRECTORY,UNVERIFIED,unverified,Client events expose HTTP response lifetime; server-internal serialization interleaving is not inferred. Private state stays opaque; bounded schedule only.,TK1-snapshot-first-byte-held-write-5-status,Atomic eight-record move first use succeeds201.,7 / 11,417,systems-engineer,Snapshot concurrency supplement from source note22b8029c
1,"1,2,3,4",True,independent-verifier,PENDING_NAMED_CANDIDATE,"independent deterministic raw HTTP race captures, observable generation oracle and unchanged independent-process replacement",python snapshot_probe.py --base CURRENT_URL --peer INDEPENDENT_DESTINATION_1 --third INDEPENDENT_DESTINATION_2 --candidate FULL_NAMED_CANDIDATE --out NEW_UNIQUE_DIRECTORY,UNVERIFIED,unverified,Client events expose HTTP response lifetime; server-internal serialization interleaving is not inferred. Private state stays opaque; bounded schedule only.,TK1-snapshot-first-byte-held-write-5-order,Successful move receipt retains input order and exact complete generation state.,11,417,systems-engineer,Snapshot concurrency supplement from source note22b8029c
1,"1,2,3,4",True,independent-verifier,PENDING_NAMED_CANDIDATE,"independent deterministic raw HTTP race captures, observable generation oracle and unchanged independent-process replacement",python snapshot_probe.py --base CURRENT_URL --peer INDEPENDENT_DESTINATION_1 --third INDEPENDENT_DESTINATION_2 --candidate FULL_NAMED_CANDIDATE --out NEW_UNIQUE_DIRECTORY,UNVERIFIED,unverified,Client events expose HTTP response lifetime; server-internal serialization interleaving is not inferred. Private state stays opaque; bounded schedule only.,TK1-snapshot-first-byte-held-write-6-status,Atomic eight-record move first use succeeds201.,7 / 11,417,systems-engineer,Snapshot concurrency supplement from source note22b8029c
1,"1,2,3,4",True,independent-verifier,PENDING_NAMED_CANDIDATE,"independent deterministic raw HTTP race captures, observable generation oracle and unchanged independent-process replacement",python snapshot_probe.py --base CURRENT_URL --peer INDEPENDENT_DESTINATION_1 --third INDEPENDENT_DESTINATION_2 --candidate FULL_NAMED_CANDIDATE --out NEW_UNIQUE_DIRECTORY,UNVERIFIED,unverified,Client events expose HTTP response lifetime; server-internal serialization interleaving is not inferred. Private state stays opaque; bounded schedule only.,TK1-snapshot-first-byte-held-write-6-order,Successful move receipt retains input order and exact complete generation state.,11,417,systems-engineer,Snapshot concurrency supplement from source note22b8029c
1,"1,2,3,4",True,independent-verifier,PENDING_NAMED_CANDIDATE,"independent deterministic raw HTTP race captures, observable generation oracle and unchanged independent-process replacement",python snapshot_probe.py --base CURRENT_URL --peer INDEPENDENT_DESTINATION_1 --third INDEPENDENT_DESTINATION_2 --candidate FULL_NAMED_CANDIDATE --out NEW_UNIQUE_DIRECTORY,UNVERIFIED,unverified,Client events expose HTTP response lifetime; server-internal serialization interleaving is not inferred. Private state stays opaque; bounded schedule only.,TK1-snapshot-first-byte-held-write-7-status,Atomic eight-record move first use succeeds201.,7 / 11,417,systems-engineer,Snapshot concurrency supplement from source note22b8029c
1,"1,2,3,4",True,independent-verifier,PENDING_NAMED_CANDIDATE,"independent deterministic raw HTTP race captures, observable generation oracle and unchanged independent-process replacement",python snapshot_probe.py --base CURRENT_URL --peer INDEPENDENT_DESTINATION_1 --third INDEPENDENT_DESTINATION_2 --candidate FULL_NAMED_CANDIDATE --out NEW_UNIQUE_DIRECTORY,UNVERIFIED,unverified,Client events expose HTTP response lifetime; server-internal serialization interleaving is not inferred. Private state stays opaque; bounded schedule only.,TK1-snapshot-first-byte-held-write-7-order,Successful move receipt retains input order and exact complete generation state.,11,417,systems-engineer,Snapshot concurrency supplement from source note22b8029c
1,"1,2,3,4",True,independent-verifier,PENDING_NAMED_CANDIDATE,"independent deterministic raw HTTP race captures, observable generation oracle and unchanged independent-process replacement",python snapshot_probe.py --base CURRENT_URL --peer INDEPENDENT_DESTINATION_1 --third INDEPENDENT_DESTINATION_2 --candidate FULL_NAMED_CANDIDATE --out NEW_UNIQUE_DIRECTORY,UNVERIFIED,unverified,Client events expose HTTP response lifetime; server-internal serialization interleaving is not inferred. Private state stays opaque; bounded schedule only.,TK1-snapshot-first-byte-held-write-8-status,Atomic eight-record move first use succeeds201.,7 / 11,417,systems-engineer,Snapshot concurrency supplement from source note22b8029c
1,"1,2,3,4",True,independent-verifier,PENDING_NAMED_CANDIDATE,"independent deterministic raw HTTP race captures, observable generation oracle and unchanged independent-process replacement",python snapshot_probe.py --base CURRENT_URL --peer INDEPENDENT_DESTINATION_1 --third INDEPENDENT_DESTINATION_2 --candidate FULL_NAMED_CANDIDATE --out NEW_UNIQUE_DIRECTORY,UNVERIFIED,unverified,Client events expose HTTP response lifetime; server-internal serialization interleaving is not inferred. Private state stays opaque; bounded schedule only.,TK1-snapshot-first-byte-held-write-8-order,Successful move receipt retains input order and exact complete generation state.,11,417,systems-engineer,Snapshot concurrency supplement from source note22b8029c
1,"1,2,3,4",True,independent-verifier,PENDING_NAMED_CANDIDATE,"independent deterministic raw HTTP race captures, observable generation oracle and unchanged independent-process replacement",python snapshot_probe.py --base CURRENT_URL --peer INDEPENDENT_DESTINATION_1 --third INDEPENDENT_DESTINATION_2 --candidate FULL_NAMED_CANDIDATE --out NEW_UNIQUE_DIRECTORY,UNVERIFIED,unverified,Client events expose HTTP response lifetime; server-internal serialization interleaving is not inferred. Private state stays opaque; bounded schedule only.,TK1-snapshot-first-byte-held-write-9-status,Atomic eight-record move first use succeeds201.,7 / 11,417,systems-engineer,Snapshot concurrency supplement from source note22b8029c
1,"1,2,3,4",True,independent-verifier,PENDING_NAMED_CANDIDATE,"independent deterministic raw HTTP race captures, observable generation oracle and unchanged independent-process replacement",python snapshot_probe.py --base CURRENT_URL --peer INDEPENDENT_DESTINATION_1 --third INDEPENDENT_DESTINATION_2 --candidate FULL_NAMED_CANDIDATE --out NEW_UNIQUE_DIRECTORY,UNVERIFIED,unverified,Client events expose HTTP response lifetime; server-internal serialization interleaving is not inferred. Private state stays opaque; bounded schedule only.,TK1-snapshot-first-byte-held-write-9-order,Successful move receipt retains input order and exact complete generation state.,11,417,systems-engineer,Snapshot concurrency supplement from source note22b8029c
1,"1,2,3,4",True,independent-verifier,PENDING_NAMED_CANDIDATE,"independent deterministic raw HTTP race captures, observable generation oracle and unchanged independent-process replacement",python snapshot_probe.py --base CURRENT_URL --peer INDEPENDENT_DESTINATION_1 --third INDEPENDENT_DESTINATION_2 --candidate FULL_NAMED_CANDIDATE --out NEW_UNIQUE_DIRECTORY,UNVERIFIED,unverified,Client events expose HTTP response lifetime; server-internal serialization interleaving is not inferred. Private state stays opaque; bounded schedule only.,TK1-snapshot-first-byte-held-write-10-status,Atomic eight-record move first use succeeds201.,7 / 11,417,systems-engineer,Snapshot concurrency supplement from source note22b8029c
1,"1,2,3,4",True,independent-verifier,PENDING_NAMED_CANDIDATE,"independent deterministic raw HTTP race captures, observable generation oracle and unchanged independent-process replacement",python snapshot_probe.py --base CURRENT_URL --peer INDEPENDENT_DESTINATION_1 --third INDEPENDENT_DESTINATION_2 --candidate FULL_NAMED_CANDIDATE --out NEW_UNIQUE_DIRECTORY,UNVERIFIED,unverified,Client events expose HTTP response lifetime; server-internal serialization interleaving is not inferred. Private state stays opaque; bounded schedule only.,TK1-snapshot-first-byte-held-write-10-order,Successful move receipt retains input order and exact complete generation state.,11,417,systems-engineer,Snapshot concurrency supplement from source note22b8029c
1,"1,2,3,4",True,independent-verifier,PENDING_NAMED_CANDIDATE,"independent deterministic raw HTTP race captures, observable generation oracle and unchanged independent-process replacement",python snapshot_probe.py --base CURRENT_URL --peer INDEPENDENT_DESTINATION_1 --third INDEPENDENT_DESTINATION_2 --candidate FULL_NAMED_CANDIDATE --out NEW_UNIQUE_DIRECTORY,UNVERIFIED,unverified,Client events expose HTTP response lifetime; server-internal serialization interleaving is not inferred. Private state stays opaque; bounded schedule only.,TK1-snapshot-first-byte-held-write-11-status,Atomic eight-record move first use succeeds201.,7 / 11,417,systems-engineer,Snapshot concurrency supplement from source note22b8029c
1,"1,2,3,4",True,independent-verifier,PENDING_NAMED_CANDIDATE,"independent deterministic raw HTTP race captures, observable generation oracle and unchanged independent-process replacement",python snapshot_probe.py --base CURRENT_URL --peer INDEPENDENT_DESTINATION_1 --third INDEPENDENT_DESTINATION_2 --candidate FULL_NAMED_CANDIDATE --out NEW_UNIQUE_DIRECTORY,UNVERIFIED,unverified,Client events expose HTTP response lifetime; server-internal serialization interleaving is not inferred. Private state stays opaque; bounded schedule only.,TK1-snapshot-first-byte-held-write-11-order,Successful move receipt retains input order and exact complete generation state.,11,417,systems-engineer,Snapshot concurrency supplement from source note22b8029c
1,"1,2,3,4",True,independent-verifier,PENDING_NAMED_CANDIDATE,"independent deterministic raw HTTP race captures, observable generation oracle and unchanged independent-process replacement",python snapshot_probe.py --base CURRENT_URL --peer INDEPENDENT_DESTINATION_1 --third INDEPENDENT_DESTINATION_2 --candidate FULL_NAMED_CANDIDATE --out NEW_UNIQUE_DIRECTORY,UNVERIFIED,unverified,Client events expose HTTP response lifetime; server-internal serialization interleaving is not inferred. Private state stays opaque; bounded schedule only.,TK1-snapshot-first-byte-held-write-12-status,Atomic eight-record move first use succeeds201.,7 / 11,417,systems-engineer,Snapshot concurrency supplement from source note22b8029c
1,"1,2,3,4",True,independent-verifier,PENDING_NAMED_CANDIDATE,"independent deterministic raw HTTP race captures, observable generation oracle and unchanged independent-process replacement",python snapshot_probe.py --base CURRENT_URL --peer INDEPENDENT_DESTINATION_1 --third INDEPENDENT_DESTINATION_2 --candidate FULL_NAMED_CANDIDATE --out NEW_UNIQUE_DIRECTORY,UNVERIFIED,unverified,Client events expose HTTP response lifetime; server-internal serialization interleaving is not inferred. Private state stays opaque; bounded schedule only.,TK1-snapshot-first-byte-held-write-12-order,Successful move receipt retains input order and exact complete generation state.,11,417,systems-engineer,Snapshot concurrency supplement from source note22b8029c
1,"1,2,3,4",True,independent-verifier,PENDING_NAMED_CANDIDATE,"independent deterministic raw HTTP race captures, observable generation oracle and unchanged independent-process replacement",python snapshot_probe.py --base CURRENT_URL --peer INDEPENDENT_DESTINATION_1 --third INDEPENDENT_DESTINATION_2 --candidate FULL_NAMED_CANDIDATE --out NEW_UNIQUE_DIRECTORY,UNVERIFIED,unverified,Client events expose HTTP response lifetime; server-internal serialization interleaving is not inferred. Private state stays opaque; bounded schedule only.,TK1-snapshot-first-byte-held-0-export-status,export: Concurrent read returns200.,2 / 3.4 / 5 / 10,417,interface-engineer,Snapshot concurrency supplement from source note22b8029c
1,"1,2,3,4",True,independent-verifier,PENDING_NAMED_CANDIDATE,"independent deterministic raw HTTP race captures, observable generation oracle and unchanged independent-process replacement",python snapshot_probe.py --base CURRENT_URL --peer INDEPENDENT_DESTINATION_1 --third INDEPENDENT_DESTINATION_2 --candidate FULL_NAMED_CANDIDATE --out NEW_UNIQUE_DIRECTORY,UNVERIFIED,unverified,Client events expose HTTP response lifetime; server-internal serialization interleaving is not inferred. Private state stays opaque; bounded schedule only.,TK1-snapshot-first-byte-held-0-export-json,export: Entire captured response is valid JSON.,2 / 3.4 / 5 / 10,417,interface-engineer,Snapshot concurrency supplement from source note22b8029c
1,"1,2,3,4",True,independent-verifier,PENDING_NAMED_CANDIDATE,"independent deterministic raw HTTP race captures, observable generation oracle and unchanged independent-process replacement",python snapshot_probe.py --base CURRENT_URL --peer INDEPENDENT_DESTINATION_1 --third INDEPENDENT_DESTINATION_2 --candidate FULL_NAMED_CANDIDATE --out NEW_UNIQUE_DIRECTORY,UNVERIFIED,unverified,Client events expose HTTP response lifetime; server-internal serialization interleaving is not inferred. Private state stays opaque; bounded schedule only.,TK1-snapshot-first-byte-held-0-export-framing,export: Response charset and byte-accurate length remain correct during concurrent writes.,2 / 3.4 / 5 / 10,417,interface-engineer,Snapshot concurrency supplement from source note22b8029c
1,"1,2,3,4",True,independent-verifier,PENDING_NAMED_CANDIDATE,"independent deterministic raw HTTP race captures, observable generation oracle and unchanged independent-process replacement",python snapshot_probe.py --base CURRENT_URL --peer INDEPENDENT_DESTINATION_1 --third INDEPENDENT_DESTINATION_2 --candidate FULL_NAMED_CANDIDATE --out NEW_UNIQUE_DIRECTORY,UNVERIFIED,unverified,Client events expose HTTP response lifetime; server-internal serialization interleaving is not inferred. Private state stays opaque; bounded schedule only.,TK1-snapshot-first-byte-held-0-list-status,list: Concurrent read returns200.,2 / 3.4 / 5 / 10,417,interface-engineer,Snapshot concurrency supplement from source note22b8029c
1,"1,2,3,4",True,independent-verifier,PENDING_NAMED_CANDIDATE,"independent deterministic raw HTTP race captures, observable generation oracle and unchanged independent-process replacement",python snapshot_probe.py --base CURRENT_URL --peer INDEPENDENT_DESTINATION_1 --third INDEPENDENT_DESTINATION_2 --candidate FULL_NAMED_CANDIDATE --out NEW_UNIQUE_DIRECTORY,UNVERIFIED,unverified,Client events expose HTTP response lifetime; server-internal serialization interleaving is not inferred. Private state stays opaque; bounded schedule only.,TK1-snapshot-first-byte-held-0-list-json,list: Entire captured response is valid JSON.,2 / 3.4 / 5 / 10,417,interface-engineer,Snapshot concurrency supplement from source note22b8029c
1,"1,2,3,4",True,independent-verifier,PENDING_NAMED_CANDIDATE,"independent deterministic raw HTTP race captures, observable generation oracle and unchanged independent-process replacement",python snapshot_probe.py --base CURRENT_URL --peer INDEPENDENT_DESTINATION_1 --third INDEPENDENT_DESTINATION_2 --candidate FULL_NAMED_CANDIDATE --out NEW_UNIQUE_DIRECTORY,UNVERIFIED,unverified,Client events expose HTTP response lifetime; server-internal serialization interleaving is not inferred. Private state stays opaque; bounded schedule only.,TK1-snapshot-first-byte-held-0-list-framing,list: Response charset and byte-accurate length remain correct during concurrent writes.,2 / 3.4 / 5 / 10,417,interface-engineer,Snapshot concurrency supplement from source note22b8029c
1,"1,2,3,4",True,independent-verifier,PENDING_NAMED_CANDIDATE,"independent deterministic raw HTTP race captures, observable generation oracle and unchanged independent-process replacement",python snapshot_probe.py --base CURRENT_URL --peer INDEPENDENT_DESTINATION_1 --third INDEPENDENT_DESTINATION_2 --candidate FULL_NAMED_CANDIDATE --out NEW_UNIQUE_DIRECTORY,UNVERIFIED,unverified,Client events expose HTTP response lifetime; server-internal serialization interleaving is not inferred. Private state stays opaque; bounded schedule only.,TK1-snapshot-first-byte-held-0-availability-status,availability: Concurrent read returns200.,2 / 3.4 / 5 / 10,417,interface-engineer,Snapshot concurrency supplement from source note22b8029c
1,"1,2,3,4",True,independent-verifier,PENDING_NAMED_CANDIDATE,"independent deterministic raw HTTP race captures, observable generation oracle and unchanged independent-process replacement",python snapshot_probe.py --base CURRENT_URL --peer INDEPENDENT_DESTINATION_1 --third INDEPENDENT_DESTINATION_2 --candidate FULL_NAMED_CANDIDATE --out NEW_UNIQUE_DIRECTORY,UNVERIFIED,unverified,Client events expose HTTP response lifetime; server-internal serialization interleaving is not inferred. Private state stays opaque; bounded schedule only.,TK1-snapshot-first-byte-held-0-availability-json,availability: Entire captured response is valid JSON.,2 / 3.4 / 5 / 10,417,interface-engineer,Snapshot concurrency supplement from source note22b8029c
1,"1,2,3,4",True,independent-verifier,PENDING_NAMED_CANDIDATE,"independent deterministic raw HTTP race captures, observable generation oracle and unchanged independent-process replacement",python snapshot_probe.py --base CURRENT_URL --peer INDEPENDENT_DESTINATION_1 --third INDEPENDENT_DESTINATION_2 --candidate FULL_NAMED_CANDIDATE --out NEW_UNIQUE_DIRECTORY,UNVERIFIED,unverified,Client events expose HTTP response lifetime; server-internal serialization interleaving is not inferred. Private state stays opaque; bounded schedule only.,TK1-snapshot-first-byte-held-0-availability-framing,availability: Response charset and byte-accurate length remain correct during concurrent writes.,2 / 3.4 / 5 / 10,417,interface-engineer,Snapshot concurrency supplement from source note22b8029c
1,"1,2,3,4",True,independent-verifier,PENDING_NAMED_CANDIDATE,"independent deterministic raw HTTP race captures, observable generation oracle and unchanged independent-process replacement",python snapshot_probe.py --base CURRENT_URL --peer INDEPENDENT_DESTINATION_1 --third INDEPENDENT_DESTINATION_2 --candidate FULL_NAMED_CANDIDATE --out NEW_UNIQUE_DIRECTORY,UNVERIFIED,unverified,Client events expose HTTP response lifetime; server-internal serialization interleaving is not inferred. Private state stays opaque; bounded schedule only.,TK1-snapshot-first-byte-held-0-list-coherent,Read list is one complete legal atomic generation within the concurrent interval.,1 / 8 / 11,417,systems-engineer,Snapshot concurrency supplement from source note22b8029c
1,"1,2,3,4",True,independent-verifier,PENDING_NAMED_CANDIDATE,"independent deterministic raw HTTP race captures, observable generation oracle and unchanged independent-process replacement",python snapshot_probe.py --base CURRENT_URL --peer INDEPENDENT_DESTINATION_1 --third INDEPENDENT_DESTINATION_2 --candidate FULL_NAMED_CANDIDATE --out NEW_UNIQUE_DIRECTORY,UNVERIFIED,unverified,Client events expose HTTP response lifetime; server-internal serialization interleaving is not inferred. Private state stays opaque; bounded schedule only.,TK1-snapshot-first-byte-held-0-list-identities,Read list retains all eight identities/timestamps while moves commit.,8 / 11,417,systems-engineer,Snapshot concurrency supplement from source note22b8029c
1,"1,2,3,4",True,independent-verifier,PENDING_NAMED_CANDIDATE,"independent deterministic raw HTTP race captures, observable generation oracle and unchanged independent-process replacement",python snapshot_probe.py --base CURRENT_URL --peer INDEPENDENT_DESTINATION_1 --third INDEPENDENT_DESTINATION_2 --candidate FULL_NAMED_CANDIDATE --out NEW_UNIQUE_DIRECTORY,UNVERIFIED,unverified,Client events expose HTTP response lifetime; server-internal serialization interleaving is not inferred. Private state stays opaque; bounded schedule only.,TK1-snapshot-first-byte-held-0-availability-coherent,Availability respects the full unchanged occupancy and fixture order during atomic cyclic moves.,1 / 8 / 11,417,systems-engineer,Snapshot concurrency supplement from source note22b8029c
1,"1,2,3,4",True,independent-verifier,PENDING_NAMED_CANDIDATE,"independent deterministic raw HTTP race captures, observable generation oracle and unchanged independent-process replacement",python snapshot_probe.py --base CURRENT_URL --peer INDEPENDENT_DESTINATION_1 --third INDEPENDENT_DESTINATION_2 --candidate FULL_NAMED_CANDIDATE --out NEW_UNIQUE_DIRECTORY,UNVERIFIED,unverified,Client events expose HTTP response lifetime; server-internal serialization interleaving is not inferred. Private state stays opaque; bounded schedule only.,TK1-snapshot-first-byte-held-0-export-envelope,Captured export retains track/version/state envelope.,10,417,systems-engineer,Snapshot concurrency supplement from source note22b8029c
1,"1,2,3,4",True,independent-verifier,PENDING_NAMED_CANDIDATE,"independent deterministic raw HTTP race captures, observable generation oracle and unchanged independent-process replacement",python snapshot_probe.py --base CURRENT_URL --peer INDEPENDENT_DESTINATION_1 --third INDEPENDENT_DESTINATION_2 --candidate FULL_NAMED_CANDIDATE --out NEW_UNIQUE_DIRECTORY,UNVERIFIED,unverified,Client events expose HTTP response lifetime; server-internal serialization interleaving is not inferred. Private state stays opaque; bounded schedule only.,TK1-snapshot-first-byte-held-0-source-readonly,"After writers settle, repeated reads/exports and receipt replays leave complete source state unchanged.",7 / 10,417,systems-engineer,Snapshot concurrency supplement from source note22b8029c
1,"1,2,3,4",True,independent-verifier,PENDING_NAMED_CANDIDATE,"independent deterministic raw HTTP race captures, observable generation oracle and unchanged independent-process replacement",python snapshot_probe.py --base CURRENT_URL --peer INDEPENDENT_DESTINATION_1 --third INDEPENDENT_DESTINATION_2 --candidate FULL_NAMED_CANDIDATE --out NEW_UNIQUE_DIRECTORY,UNVERIFIED,unverified,Client events expose HTTP response lifetime; server-internal serialization interleaving is not inferred. Private state stays opaque; bounded schedule only.,TK1-snapshot-first-byte-held-0-peer-import,Unchanged captured raw export replaces an independent destination204.,6 / 7 / 10 / 11,417,systems-engineer,Snapshot concurrency supplement from source note22b8029c
1,"1,2,3,4",True,independent-verifier,PENDING_NAMED_CANDIDATE,"independent deterministic raw HTTP race captures, observable generation oracle and unchanged independent-process replacement",python snapshot_probe.py --base CURRENT_URL --peer INDEPENDENT_DESTINATION_1 --third INDEPENDENT_DESTINATION_2 --candidate FULL_NAMED_CANDIDATE --out NEW_UNIQUE_DIRECTORY,UNVERIFIED,unverified,Client events expose HTTP response lifetime; server-internal serialization interleaving is not inferred. Private state stays opaque; bounded schedule only.,TK1-snapshot-first-byte-held-0-peer-valid-token,Real source bearer token remains valid after replacement.,6 / 7 / 10 / 11,417,systems-engineer,Snapshot concurrency supplement from source note22b8029c
1,"1,2,3,4",True,independent-verifier,PENDING_NAMED_CANDIDATE,"independent deterministic raw HTTP race captures, observable generation oracle and unchanged independent-process replacement",python snapshot_probe.py --base CURRENT_URL --peer INDEPENDENT_DESTINATION_1 --third INDEPENDENT_DESTINATION_2 --candidate FULL_NAMED_CANDIDATE --out NEW_UNIQUE_DIRECTORY,UNVERIFIED,unverified,Client events expose HTTP response lifetime; server-internal serialization interleaving is not inferred. Private state stays opaque; bounded schedule only.,TK1-snapshot-first-byte-held-0-peer-generation,Imported private records form one complete legal generation.,6 / 7 / 10 / 11,417,systems-engineer,Snapshot concurrency supplement from source note22b8029c
1,"1,2,3,4",True,independent-verifier,PENDING_NAMED_CANDIDATE,"independent deterministic raw HTTP race captures, observable generation oracle and unchanged independent-process replacement",python snapshot_probe.py --base CURRENT_URL --peer INDEPENDENT_DESTINATION_1 --third INDEPENDENT_DESTINATION_2 --candidate FULL_NAMED_CANDIDATE --out NEW_UNIQUE_DIRECTORY,UNVERIFIED,unverified,Client events expose HTTP response lifetime; server-internal serialization interleaving is not inferred. Private state stays opaque; bounded schedule only.,TK1-snapshot-first-byte-held-0-peer-identities,All imported source identities/statuses/timestamps remain unchanged.,6 / 7 / 10 / 11,417,systems-engineer,Snapshot concurrency supplement from source note22b8029c
1,"1,2,3,4",True,independent-verifier,PENDING_NAMED_CANDIDATE,"independent deterministic raw HTTP race captures, observable generation oracle and unchanged independent-process replacement",python snapshot_probe.py --base CURRENT_URL --peer INDEPENDENT_DESTINATION_1 --third INDEPENDENT_DESTINATION_2 --candidate FULL_NAMED_CANDIDATE --out NEW_UNIQUE_DIRECTORY,UNVERIFIED,unverified,Client events expose HTTP response lifetime; server-internal serialization interleaving is not inferred. Private state stays opaque; bounded schedule only.,TK1-snapshot-first-byte-held-0-peer-old-token-removed,Replacement removes the destination's previous session.,6 / 7 / 10 / 11,417,systems-engineer,Snapshot concurrency supplement from source note22b8029c
1,"1,2,3,4",True,independent-verifier,PENDING_NAMED_CANDIDATE,"independent deterministic raw HTTP race captures, observable generation oracle and unchanged independent-process replacement",python snapshot_probe.py --base CURRENT_URL --peer INDEPENDENT_DESTINATION_1 --third INDEPENDENT_DESTINATION_2 --candidate FULL_NAMED_CANDIDATE --out NEW_UNIQUE_DIRECTORY,UNVERIFIED,unverified,Client events expose HTTP response lifetime; server-internal serialization interleaving is not inferred. Private state stays opaque; bounded schedule only.,TK1-snapshot-first-byte-held-0-peer-old-records-removed,Replacement removes previous destination records.,6 / 7 / 10 / 11,417,systems-engineer,Snapshot concurrency supplement from source note22b8029c
1,"1,2,3,4",True,independent-verifier,PENDING_NAMED_CANDIDATE,"independent deterministic raw HTTP race captures, observable generation oracle and unchanged independent-process replacement",python snapshot_probe.py --base CURRENT_URL --peer INDEPENDENT_DESTINATION_1 --third INDEPENDENT_DESTINATION_2 --candidate FULL_NAMED_CANDIDATE --out NEW_UNIQUE_DIRECTORY,UNVERIFIED,unverified,Client events expose HTTP response lifetime; server-internal serialization interleaving is not inferred. Private state stays opaque; bounded schedule only.,TK1-snapshot-first-byte-held-0-peer-create-receipts,Every successful original create receipt replays200 with its exact original response.,6 / 7 / 10 / 11,417,systems-engineer,Snapshot concurrency supplement from source note22b8029c
1,"1,2,3,4",True,independent-verifier,PENDING_NAMED_CANDIDATE,"independent deterministic raw HTTP race captures, observable generation oracle and unchanged independent-process replacement",python snapshot_probe.py --base CURRENT_URL --peer INDEPENDENT_DESTINATION_1 --third INDEPENDENT_DESTINATION_2 --candidate FULL_NAMED_CANDIDATE --out NEW_UNIQUE_DIRECTORY,UNVERIFIED,unverified,Client events expose HTTP response lifetime; server-internal serialization interleaving is not inferred. Private state stays opaque; bounded schedule only.,TK1-snapshot-first-byte-held-0-peer-move-receipts,Every move committed in the captured generation's prefix replays200 with its exact original response.,6 / 7 / 10 / 11,417,systems-engineer,Snapshot concurrency supplement from source note22b8029c
1,"1,2,3,4",True,independent-verifier,PENDING_NAMED_CANDIDATE,"independent deterministic raw HTTP race captures, observable generation oracle and unchanged independent-process replacement",python snapshot_probe.py --base CURRENT_URL --peer INDEPENDENT_DESTINATION_1 --third INDEPENDENT_DESTINATION_2 --candidate FULL_NAMED_CANDIDATE --out NEW_UNIQUE_DIRECTORY,UNVERIFIED,unverified,Client events expose HTTP response lifetime; server-internal serialization interleaving is not inferred. Private state stays opaque; bounded schedule only.,TK1-snapshot-first-byte-held-0-peer-future-keys-absent,Moves after the captured generation have no successful retry receipt; a changed invalid body gets422 rather than used-key409.,6 / 7 / 10 / 11,417,systems-engineer,Snapshot concurrency supplement from source note22b8029c
1,"1,2,3,4",True,independent-verifier,PENDING_NAMED_CANDIDATE,"independent deterministic raw HTTP race captures, observable generation oracle and unchanged independent-process replacement",python snapshot_probe.py --base CURRENT_URL --peer INDEPENDENT_DESTINATION_1 --third INDEPENDENT_DESTINATION_2 --candidate FULL_NAMED_CANDIDATE --out NEW_UNIQUE_DIRECTORY,UNVERIFIED,unverified,Client events expose HTTP response lifetime; server-internal serialization interleaving is not inferred. Private state stays opaque; bounded schedule only.,TK1-snapshot-first-byte-held-0-peer-replay-readonly,All original replays leave the entire imported snapshot unchanged.,6 / 7 / 10 / 11,417,systems-engineer,Snapshot concurrency supplement from source note22b8029c
1,"1,2,3,4",True,independent-verifier,PENDING_NAMED_CANDIDATE,"independent deterministic raw HTTP race captures, observable generation oracle and unchanged independent-process replacement",python snapshot_probe.py --base CURRENT_URL --peer INDEPENDENT_DESTINATION_1 --third INDEPENDENT_DESTINATION_2 --candidate FULL_NAMED_CANDIDATE --out NEW_UNIQUE_DIRECTORY,UNVERIFIED,unverified,Client events expose HTTP response lifetime; server-internal serialization interleaving is not inferred. Private state stays opaque; bounded schedule only.,TK1-snapshot-first-byte-held-0-peer-repeat-import,Repeating unchanged replacement204 preserves full exact snapshot without duplication.,6 / 7 / 10 / 11,417,systems-engineer,Snapshot concurrency supplement from source note22b8029c
1,"1,2,3,4",True,independent-verifier,PENDING_NAMED_CANDIDATE,"independent deterministic raw HTTP race captures, observable generation oracle and unchanged independent-process replacement",python snapshot_probe.py --base CURRENT_URL --peer INDEPENDENT_DESTINATION_1 --third INDEPENDENT_DESTINATION_2 --candidate FULL_NAMED_CANDIDATE --out NEW_UNIQUE_DIRECTORY,UNVERIFIED,unverified,Client events expose HTTP response lifetime; server-internal serialization interleaving is not inferred. Private state stays opaque; bounded schedule only.,TK1-snapshot-first-byte-held-0-peer-captured-unchanged,Destination export remains the exact captured snapshot after later source writes and replays.,6 / 7 / 10 / 11,417,systems-engineer,Snapshot concurrency supplement from source note22b8029c
1,"1,2,3,4",True,independent-verifier,PENDING_NAMED_CANDIDATE,"independent deterministic raw HTTP race captures, observable generation oracle and unchanged independent-process replacement",python snapshot_probe.py --base CURRENT_URL --peer INDEPENDENT_DESTINATION_1 --third INDEPENDENT_DESTINATION_2 --candidate FULL_NAMED_CANDIDATE --out NEW_UNIQUE_DIRECTORY,UNVERIFIED,unverified,Client events expose HTTP response lifetime; server-internal serialization interleaving is not inferred. Private state stays opaque; bounded schedule only.,TK1-snapshot-first-byte-held-0-third-import,Unchanged captured raw export replaces an independent destination204.,6 / 7 / 10 / 11,417,systems-engineer,Snapshot concurrency supplement from source note22b8029c
1,"1,2,3,4",True,independent-verifier,PENDING_NAMED_CANDIDATE,"independent deterministic raw HTTP race captures, observable generation oracle and unchanged independent-process replacement",python snapshot_probe.py --base CURRENT_URL --peer INDEPENDENT_DESTINATION_1 --third INDEPENDENT_DESTINATION_2 --candidate FULL_NAMED_CANDIDATE --out NEW_UNIQUE_DIRECTORY,UNVERIFIED,unverified,Client events expose HTTP response lifetime; server-internal serialization interleaving is not inferred. Private state stays opaque; bounded schedule only.,TK1-snapshot-first-byte-held-0-third-valid-token,Real source bearer token remains valid after replacement.,6 / 7 / 10 / 11,417,systems-engineer,Snapshot concurrency supplement from source note22b8029c
1,"1,2,3,4",True,independent-verifier,PENDING_NAMED_CANDIDATE,"independent deterministic raw HTTP race captures, observable generation oracle and unchanged independent-process replacement",python snapshot_probe.py --base CURRENT_URL --peer INDEPENDENT_DESTINATION_1 --third INDEPENDENT_DESTINATION_2 --candidate FULL_NAMED_CANDIDATE --out NEW_UNIQUE_DIRECTORY,UNVERIFIED,unverified,Client events expose HTTP response lifetime; server-internal serialization interleaving is not inferred. Private state stays opaque; bounded schedule only.,TK1-snapshot-first-byte-held-0-third-generation,Imported private records form one complete legal generation.,6 / 7 / 10 / 11,417,systems-engineer,Snapshot concurrency supplement from source note22b8029c
1,"1,2,3,4",True,independent-verifier,PENDING_NAMED_CANDIDATE,"independent deterministic raw HTTP race captures, observable generation oracle and unchanged independent-process replacement",python snapshot_probe.py --base CURRENT_URL --peer INDEPENDENT_DESTINATION_1 --third INDEPENDENT_DESTINATION_2 --candidate FULL_NAMED_CANDIDATE --out NEW_UNIQUE_DIRECTORY,UNVERIFIED,unverified,Client events expose HTTP response lifetime; server-internal serialization interleaving is not inferred. Private state stays opaque; bounded schedule only.,TK1-snapshot-first-byte-held-0-third-identities,All imported source identities/statuses/timestamps remain unchanged.,6 / 7 / 10 / 11,417,systems-engineer,Snapshot concurrency supplement from source note22b8029c
1,"1,2,3,4",True,independent-verifier,PENDING_NAMED_CANDIDATE,"independent deterministic raw HTTP race captures, observable generation oracle and unchanged independent-process replacement",python snapshot_probe.py --base CURRENT_URL --peer INDEPENDENT_DESTINATION_1 --third INDEPENDENT_DESTINATION_2 --candidate FULL_NAMED_CANDIDATE --out NEW_UNIQUE_DIRECTORY,UNVERIFIED,unverified,Client events expose HTTP response lifetime; server-internal serialization interleaving is not inferred. Private state stays opaque; bounded schedule only.,TK1-snapshot-first-byte-held-0-third-old-token-removed,Replacement removes the destination's previous session.,6 / 7 / 10 / 11,417,systems-engineer,Snapshot concurrency supplement from source note22b8029c
1,"1,2,3,4",True,independent-verifier,PENDING_NAMED_CANDIDATE,"independent deterministic raw HTTP race captures, observable generation oracle and unchanged independent-process replacement",python snapshot_probe.py --base CURRENT_URL --peer INDEPENDENT_DESTINATION_1 --third INDEPENDENT_DESTINATION_2 --candidate FULL_NAMED_CANDIDATE --out NEW_UNIQUE_DIRECTORY,UNVERIFIED,unverified,Client events expose HTTP response lifetime; server-internal serialization interleaving is not inferred. Private state stays opaque; bounded schedule only.,TK1-snapshot-first-byte-held-0-third-old-records-removed,Replacement removes previous destination records.,6 / 7 / 10 / 11,417,systems-engineer,Snapshot concurrency supplement from source note22b8029c
1,"1,2,3,4",True,independent-verifier,PENDING_NAMED_CANDIDATE,"independent deterministic raw HTTP race captures, observable generation oracle and unchanged independent-process replacement",python snapshot_probe.py --base CURRENT_URL --peer INDEPENDENT_DESTINATION_1 --third INDEPENDENT_DESTINATION_2 --candidate FULL_NAMED_CANDIDATE --out NEW_UNIQUE_DIRECTORY,UNVERIFIED,unverified,Client events expose HTTP response lifetime; server-internal serialization interleaving is not inferred. Private state stays opaque; bounded schedule only.,TK1-snapshot-first-byte-held-0-third-create-receipts,Every successful original create receipt replays200 with its exact original response.,6 / 7 / 10 / 11,417,systems-engineer,Snapshot concurrency supplement from source note22b8029c
1,"1,2,3,4",True,independent-verifier,PENDING_NAMED_CANDIDATE,"independent deterministic raw HTTP race captures, observable generation oracle and unchanged independent-process replacement",python snapshot_probe.py --base CURRENT_URL --peer INDEPENDENT_DESTINATION_1 --third INDEPENDENT_DESTINATION_2 --candidate FULL_NAMED_CANDIDATE --out NEW_UNIQUE_DIRECTORY,UNVERIFIED,unverified,Client events expose HTTP response lifetime; server-internal serialization interleaving is not inferred. Private state stays opaque; bounded schedule only.,TK1-snapshot-first-byte-held-0-third-move-receipts,Every move committed in the captured generation's prefix replays200 with its exact original response.,6 / 7 / 10 / 11,417,systems-engineer,Snapshot concurrency supplement from source note22b8029c
1,"1,2,3,4",True,independent-verifier,PENDING_NAMED_CANDIDATE,"independent deterministic raw HTTP race captures, observable generation oracle and unchanged independent-process replacement",python snapshot_probe.py --base CURRENT_URL --peer INDEPENDENT_DESTINATION_1 --third INDEPENDENT_DESTINATION_2 --candidate FULL_NAMED_CANDIDATE --out NEW_UNIQUE_DIRECTORY,UNVERIFIED,unverified,Client events expose HTTP response lifetime; server-internal serialization interleaving is not inferred. Private state stays opaque; bounded schedule only.,TK1-snapshot-first-byte-held-0-third-future-keys-absent,Moves after the captured generation have no successful retry receipt; a changed invalid body gets422 rather than used-key409.,6 / 7 / 10 / 11,417,systems-engineer,Snapshot concurrency supplement from source note22b8029c
1,"1,2,3,4",True,independent-verifier,PENDING_NAMED_CANDIDATE,"independent deterministic raw HTTP race captures, observable generation oracle and unchanged independent-process replacement",python snapshot_probe.py --base CURRENT_URL --peer INDEPENDENT_DESTINATION_1 --third INDEPENDENT_DESTINATION_2 --candidate FULL_NAMED_CANDIDATE --out NEW_UNIQUE_DIRECTORY,UNVERIFIED,unverified,Client events expose HTTP response lifetime; server-internal serialization interleaving is not inferred. Private state stays opaque; bounded schedule only.,TK1-snapshot-first-byte-held-0-third-replay-readonly,All original replays leave the entire imported snapshot unchanged.,6 / 7 / 10 / 11,417,systems-engineer,Snapshot concurrency supplement from source note22b8029c
1,"1,2,3,4",True,independent-verifier,PENDING_NAMED_CANDIDATE,"independent deterministic raw HTTP race captures, observable generation oracle and unchanged independent-process replacement",python snapshot_probe.py --base CURRENT_URL --peer INDEPENDENT_DESTINATION_1 --third INDEPENDENT_DESTINATION_2 --candidate FULL_NAMED_CANDIDATE --out NEW_UNIQUE_DIRECTORY,UNVERIFIED,unverified,Client events expose HTTP response lifetime; server-internal serialization interleaving is not inferred. Private state stays opaque; bounded schedule only.,TK1-snapshot-first-byte-held-0-third-repeat-import,Repeating unchanged replacement204 preserves full exact snapshot without duplication.,6 / 7 / 10 / 11,417,systems-engineer,Snapshot concurrency supplement from source note22b8029c
1,"1,2,3,4",True,independent-verifier,PENDING_NAMED_CANDIDATE,"independent deterministic raw HTTP race captures, observable generation oracle and unchanged independent-process replacement",python snapshot_probe.py --base CURRENT_URL --peer INDEPENDENT_DESTINATION_1 --third INDEPENDENT_DESTINATION_2 --candidate FULL_NAMED_CANDIDATE --out NEW_UNIQUE_DIRECTORY,UNVERIFIED,unverified,Client events expose HTTP response lifetime; server-internal serialization interleaving is not inferred. Private state stays opaque; bounded schedule only.,TK1-snapshot-first-byte-held-0-third-captured-unchanged,Destination export remains the exact captured snapshot after later source writes and replays.,6 / 7 / 10 / 11,417,systems-engineer,Snapshot concurrency supplement from source note22b8029c
1,"1,2,3,4",True,independent-verifier,PENDING_NAMED_CANDIDATE,"independent deterministic raw HTTP race captures, observable generation oracle and unchanged independent-process replacement",python snapshot_probe.py --base CURRENT_URL --peer INDEPENDENT_DESTINATION_1 --third INDEPENDENT_DESTINATION_2 --candidate FULL_NAMED_CANDIDATE --out NEW_UNIQUE_DIRECTORY,UNVERIFIED,unverified,Client events expose HTTP response lifetime; server-internal serialization interleaving is not inferred. Private state stays opaque; bounded schedule only.,TK1-snapshot-first-byte-held-1-export-status,export: Concurrent read returns200.,2 / 3.4 / 5 / 10,417,interface-engineer,Snapshot concurrency supplement from source note22b8029c
1,"1,2,3,4",True,independent-verifier,PENDING_NAMED_CANDIDATE,"independent deterministic raw HTTP race captures, observable generation oracle and unchanged independent-process replacement",python snapshot_probe.py --base CURRENT_URL --peer INDEPENDENT_DESTINATION_1 --third INDEPENDENT_DESTINATION_2 --candidate FULL_NAMED_CANDIDATE --out NEW_UNIQUE_DIRECTORY,UNVERIFIED,unverified,Client events expose HTTP response lifetime; server-internal serialization interleaving is not inferred. Private state stays opaque; bounded schedule only.,TK1-snapshot-first-byte-held-1-export-json,export: Entire captured response is valid JSON.,2 / 3.4 / 5 / 10,417,interface-engineer,Snapshot concurrency supplement from source note22b8029c
1,"1,2,3,4",True,independent-verifier,PENDING_NAMED_CANDIDATE,"independent deterministic raw HTTP race captures, observable generation oracle and unchanged independent-process replacement",python snapshot_probe.py --base CURRENT_URL --peer INDEPENDENT_DESTINATION_1 --third INDEPENDENT_DESTINATION_2 --candidate FULL_NAMED_CANDIDATE --out NEW_UNIQUE_DIRECTORY,UNVERIFIED,unverified,Client events expose HTTP response lifetime; server-internal serialization interleaving is not inferred. Private state stays opaque; bounded schedule only.,TK1-snapshot-first-byte-held-1-export-framing,export: Response charset and byte-accurate length remain correct during concurrent writes.,2 / 3.4 / 5 / 10,417,interface-engineer,Snapshot concurrency supplement from source note22b8029c
1,"1,2,3,4",True,independent-verifier,PENDING_NAMED_CANDIDATE,"independent deterministic raw HTTP race captures, observable generation oracle and unchanged independent-process replacement",python snapshot_probe.py --base CURRENT_URL --peer INDEPENDENT_DESTINATION_1 --third INDEPENDENT_DESTINATION_2 --candidate FULL_NAMED_CANDIDATE --out NEW_UNIQUE_DIRECTORY,UNVERIFIED,unverified,Client events expose HTTP response lifetime; server-internal serialization interleaving is not inferred. Private state stays opaque; bounded schedule only.,TK1-snapshot-first-byte-held-1-list-status,list: Concurrent read returns200.,2 / 3.4 / 5 / 10,417,interface-engineer,Snapshot concurrency supplement from source note22b8029c
1,"1,2,3,4",True,independent-verifier,PENDING_NAMED_CANDIDATE,"independent deterministic raw HTTP race captures, observable generation oracle and unchanged independent-process replacement",python snapshot_probe.py --base CURRENT_URL --peer INDEPENDENT_DESTINATION_1 --third INDEPENDENT_DESTINATION_2 --candidate FULL_NAMED_CANDIDATE --out NEW_UNIQUE_DIRECTORY,UNVERIFIED,unverified,Client events expose HTTP response lifetime; server-internal serialization interleaving is not inferred. Private state stays opaque; bounded schedule only.,TK1-snapshot-first-byte-held-1-list-json,list: Entire captured response is valid JSON.,2 / 3.4 / 5 / 10,417,interface-engineer,Snapshot concurrency supplement from source note22b8029c
1,"1,2,3,4",True,independent-verifier,PENDING_NAMED_CANDIDATE,"independent deterministic raw HTTP race captures, observable generation oracle and unchanged independent-process replacement",python snapshot_probe.py --base CURRENT_URL --peer INDEPENDENT_DESTINATION_1 --third INDEPENDENT_DESTINATION_2 --candidate FULL_NAMED_CANDIDATE --out NEW_UNIQUE_DIRECTORY,UNVERIFIED,unverified,Client events expose HTTP response lifetime; server-internal serialization interleaving is not inferred. Private state stays opaque; bounded schedule only.,TK1-snapshot-first-byte-held-1-list-framing,list: Response charset and byte-accurate length remain correct during concurrent writes.,2 / 3.4 / 5 / 10,417,interface-engineer,Snapshot concurrency supplement from source note22b8029c
1,"1,2,3,4",True,independent-verifier,PENDING_NAMED_CANDIDATE,"independent deterministic raw HTTP race captures, observable generation oracle and unchanged independent-process replacement",python snapshot_probe.py --base CURRENT_URL --peer INDEPENDENT_DESTINATION_1 --third INDEPENDENT_DESTINATION_2 --candidate FULL_NAMED_CANDIDATE --out NEW_UNIQUE_DIRECTORY,UNVERIFIED,unverified,Client events expose HTTP response lifetime; server-internal serialization interleaving is not inferred. Private state stays opaque; bounded schedule only.,TK1-snapshot-first-byte-held-1-availability-status,availability: Concurrent read returns200.,2 / 3.4 / 5 / 10,417,interface-engineer,Snapshot concurrency supplement from source note22b8029c
1,"1,2,3,4",True,independent-verifier,PENDING_NAMED_CANDIDATE,"independent deterministic raw HTTP race captures, observable generation oracle and unchanged independent-process replacement",python snapshot_probe.py --base CURRENT_URL --peer INDEPENDENT_DESTINATION_1 --third INDEPENDENT_DESTINATION_2 --candidate FULL_NAMED_CANDIDATE --out NEW_UNIQUE_DIRECTORY,UNVERIFIED,unverified,Client events expose HTTP response lifetime; server-internal serialization interleaving is not inferred. Private state stays opaque; bounded schedule only.,TK1-snapshot-first-byte-held-1-availability-json,availability: Entire captured response is valid JSON.,2 / 3.4 / 5 / 10,417,interface-engineer,Snapshot concurrency supplement from source note22b8029c
1,"1,2,3,4",True,independent-verifier,PENDING_NAMED_CANDIDATE,"independent deterministic raw HTTP race captures, observable generation oracle and unchanged independent-process replacement",python snapshot_probe.py --base CURRENT_URL --peer INDEPENDENT_DESTINATION_1 --third INDEPENDENT_DESTINATION_2 --candidate FULL_NAMED_CANDIDATE --out NEW_UNIQUE_DIRECTORY,UNVERIFIED,unverified,Client events expose HTTP response lifetime; server-internal serialization interleaving is not inferred. Private state stays opaque; bounded schedule only.,TK1-snapshot-first-byte-held-1-availability-framing,availability: Response charset and byte-accurate length remain correct during concurrent writes.,2 / 3.4 / 5 / 10,417,interface-engineer,Snapshot concurrency supplement from source note22b8029c
1,"1,2,3,4",True,independent-verifier,PENDING_NAMED_CANDIDATE,"independent deterministic raw HTTP race captures, observable generation oracle and unchanged independent-process replacement",python snapshot_probe.py --base CURRENT_URL --peer INDEPENDENT_DESTINATION_1 --third INDEPENDENT_DESTINATION_2 --candidate FULL_NAMED_CANDIDATE --out NEW_UNIQUE_DIRECTORY,UNVERIFIED,unverified,Client events expose HTTP response lifetime; server-internal serialization interleaving is not inferred. Private state stays opaque; bounded schedule only.,TK1-snapshot-first-byte-held-1-list-coherent,Read list is one complete legal atomic generation within the concurrent interval.,1 / 8 / 11,417,systems-engineer,Snapshot concurrency supplement from source note22b8029c
1,"1,2,3,4",True,independent-verifier,PENDING_NAMED_CANDIDATE,"independent deterministic raw HTTP race captures, observable generation oracle and unchanged independent-process replacement",python snapshot_probe.py --base CURRENT_URL --peer INDEPENDENT_DESTINATION_1 --third INDEPENDENT_DESTINATION_2 --candidate FULL_NAMED_CANDIDATE --out NEW_UNIQUE_DIRECTORY,UNVERIFIED,unverified,Client events expose HTTP response lifetime; server-internal serialization interleaving is not inferred. Private state stays opaque; bounded schedule only.,TK1-snapshot-first-byte-held-1-list-identities,Read list retains all eight identities/timestamps while moves commit.,8 / 11,417,systems-engineer,Snapshot concurrency supplement from source note22b8029c
1,"1,2,3,4",True,independent-verifier,PENDING_NAMED_CANDIDATE,"independent deterministic raw HTTP race captures, observable generation oracle and unchanged independent-process replacement",python snapshot_probe.py --base CURRENT_URL --peer INDEPENDENT_DESTINATION_1 --third INDEPENDENT_DESTINATION_2 --candidate FULL_NAMED_CANDIDATE --out NEW_UNIQUE_DIRECTORY,UNVERIFIED,unverified,Client events expose HTTP response lifetime; server-internal serialization interleaving is not inferred. Private state stays opaque; bounded schedule only.,TK1-snapshot-first-byte-held-1-availability-coherent,Availability respects the full unchanged occupancy and fixture order during atomic cyclic moves.,1 / 8 / 11,417,systems-engineer,Snapshot concurrency supplement from source note22b8029c
1,"1,2,3,4",True,independent-verifier,PENDING_NAMED_CANDIDATE,"independent deterministic raw HTTP race captures, observable generation oracle and unchanged independent-process replacement",python snapshot_probe.py --base CURRENT_URL --peer INDEPENDENT_DESTINATION_1 --third INDEPENDENT_DESTINATION_2 --candidate FULL_NAMED_CANDIDATE --out NEW_UNIQUE_DIRECTORY,UNVERIFIED,unverified,Client events expose HTTP response lifetime; server-internal serialization interleaving is not inferred. Private state stays opaque; bounded schedule only.,TK1-snapshot-first-byte-held-1-export-envelope,Captured export retains track/version/state envelope.,10,417,systems-engineer,Snapshot concurrency supplement from source note22b8029c
1,"1,2,3,4",True,independent-verifier,PENDING_NAMED_CANDIDATE,"independent deterministic raw HTTP race captures, observable generation oracle and unchanged independent-process replacement",python snapshot_probe.py --base CURRENT_URL --peer INDEPENDENT_DESTINATION_1 --third INDEPENDENT_DESTINATION_2 --candidate FULL_NAMED_CANDIDATE --out NEW_UNIQUE_DIRECTORY,UNVERIFIED,unverified,Client events expose HTTP response lifetime; server-internal serialization interleaving is not inferred. Private state stays opaque; bounded schedule only.,TK1-snapshot-first-byte-held-1-source-readonly,"After writers settle, repeated reads/exports and receipt replays leave complete source state unchanged.",7 / 10,417,systems-engineer,Snapshot concurrency supplement from source note22b8029c
1,"1,2,3,4",True,independent-verifier,PENDING_NAMED_CANDIDATE,"independent deterministic raw HTTP race captures, observable generation oracle and unchanged independent-process replacement",python snapshot_probe.py --base CURRENT_URL --peer INDEPENDENT_DESTINATION_1 --third INDEPENDENT_DESTINATION_2 --candidate FULL_NAMED_CANDIDATE --out NEW_UNIQUE_DIRECTORY,UNVERIFIED,unverified,Client events expose HTTP response lifetime; server-internal serialization interleaving is not inferred. Private state stays opaque; bounded schedule only.,TK1-snapshot-first-byte-held-1-peer-import,Unchanged captured raw export replaces an independent destination204.,6 / 7 / 10 / 11,417,systems-engineer,Snapshot concurrency supplement from source note22b8029c
1,"1,2,3,4",True,independent-verifier,PENDING_NAMED_CANDIDATE,"independent deterministic raw HTTP race captures, observable generation oracle and unchanged independent-process replacement",python snapshot_probe.py --base CURRENT_URL --peer INDEPENDENT_DESTINATION_1 --third INDEPENDENT_DESTINATION_2 --candidate FULL_NAMED_CANDIDATE --out NEW_UNIQUE_DIRECTORY,UNVERIFIED,unverified,Client events expose HTTP response lifetime; server-internal serialization interleaving is not inferred. Private state stays opaque; bounded schedule only.,TK1-snapshot-first-byte-held-1-peer-valid-token,Real source bearer token remains valid after replacement.,6 / 7 / 10 / 11,417,systems-engineer,Snapshot concurrency supplement from source note22b8029c
1,"1,2,3,4",True,independent-verifier,PENDING_NAMED_CANDIDATE,"independent deterministic raw HTTP race captures, observable generation oracle and unchanged independent-process replacement",python snapshot_probe.py --base CURRENT_URL --peer INDEPENDENT_DESTINATION_1 --third INDEPENDENT_DESTINATION_2 --candidate FULL_NAMED_CANDIDATE --out NEW_UNIQUE_DIRECTORY,UNVERIFIED,unverified,Client events expose HTTP response lifetime; server-internal serialization interleaving is not inferred. Private state stays opaque; bounded schedule only.,TK1-snapshot-first-byte-held-1-peer-generation,Imported private records form one complete legal generation.,6 / 7 / 10 / 11,417,systems-engineer,Snapshot concurrency supplement from source note22b8029c
1,"1,2,3,4",True,independent-verifier,PENDING_NAMED_CANDIDATE,"independent deterministic raw HTTP race captures, observable generation oracle and unchanged independent-process replacement",python snapshot_probe.py --base CURRENT_URL --peer INDEPENDENT_DESTINATION_1 --third INDEPENDENT_DESTINATION_2 --candidate FULL_NAMED_CANDIDATE --out NEW_UNIQUE_DIRECTORY,UNVERIFIED,unverified,Client events expose HTTP response lifetime; server-internal serialization interleaving is not inferred. Private state stays opaque; bounded schedule only.,TK1-snapshot-first-byte-held-1-peer-identities,All imported source identities/statuses/timestamps remain unchanged.,6 / 7 / 10 / 11,417,systems-engineer,Snapshot concurrency supplement from source note22b8029c
1,"1,2,3,4",True,independent-verifier,PENDING_NAMED_CANDIDATE,"independent deterministic raw HTTP race captures, observable generation oracle and unchanged independent-process replacement",python snapshot_probe.py --base CURRENT_URL --peer INDEPENDENT_DESTINATION_1 --third INDEPENDENT_DESTINATION_2 --candidate FULL_NAMED_CANDIDATE --out NEW_UNIQUE_DIRECTORY,UNVERIFIED,unverified,Client events expose HTTP response lifetime; server-internal serialization interleaving is not inferred. Private state stays opaque; bounded schedule only.,TK1-snapshot-first-byte-held-1-peer-old-token-removed,Replacement removes the destination's previous session.,6 / 7 / 10 / 11,417,systems-engineer,Snapshot concurrency supplement from source note22b8029c
1,"1,2,3,4",True,independent-verifier,PENDING_NAMED_CANDIDATE,"independent deterministic raw HTTP race captures, observable generation oracle and unchanged independent-process replacement",python snapshot_probe.py --base CURRENT_URL --peer INDEPENDENT_DESTINATION_1 --third INDEPENDENT_DESTINATION_2 --candidate FULL_NAMED_CANDIDATE --out NEW_UNIQUE_DIRECTORY,UNVERIFIED,unverified,Client events expose HTTP response lifetime; server-internal serialization interleaving is not inferred. Private state stays opaque; bounded schedule only.,TK1-snapshot-first-byte-held-1-peer-old-records-removed,Replacement removes previous destination records.,6 / 7 / 10 / 11,417,systems-engineer,Snapshot concurrency supplement from source note22b8029c
1,"1,2,3,4",True,independent-verifier,PENDING_NAMED_CANDIDATE,"independent deterministic raw HTTP race captures, observable generation oracle and unchanged independent-process replacement",python snapshot_probe.py --base CURRENT_URL --peer INDEPENDENT_DESTINATION_1 --third INDEPENDENT_DESTINATION_2 --candidate FULL_NAMED_CANDIDATE --out NEW_UNIQUE_DIRECTORY,UNVERIFIED,unverified,Client events expose HTTP response lifetime; server-internal serialization interleaving is not inferred. Private state stays opaque; bounded schedule only.,TK1-snapshot-first-byte-held-1-peer-create-receipts,Every successful original create receipt replays200 with its exact original response.,6 / 7 / 10 / 11,417,systems-engineer,Snapshot concurrency supplement from source note22b8029c
1,"1,2,3,4",True,independent-verifier,PENDING_NAMED_CANDIDATE,"independent deterministic raw HTTP race captures, observable generation oracle and unchanged independent-process replacement",python snapshot_probe.py --base CURRENT_URL --peer INDEPENDENT_DESTINATION_1 --third INDEPENDENT_DESTINATION_2 --candidate FULL_NAMED_CANDIDATE --out NEW_UNIQUE_DIRECTORY,UNVERIFIED,unverified,Client events expose HTTP response lifetime; server-internal serialization interleaving is not inferred. Private state stays opaque; bounded schedule only.,TK1-snapshot-first-byte-held-1-peer-move-receipts,Every move committed in the captured generation's prefix replays200 with its exact original response.,6 / 7 / 10 / 11,417,systems-engineer,Snapshot concurrency supplement from source note22b8029c
1,"1,2,3,4",True,independent-verifier,PENDING_NAMED_CANDIDATE,"independent deterministic raw HTTP race captures, observable generation oracle and unchanged independent-process replacement",python snapshot_probe.py --base CURRENT_URL --peer INDEPENDENT_DESTINATION_1 --third INDEPENDENT_DESTINATION_2 --candidate FULL_NAMED_CANDIDATE --out NEW_UNIQUE_DIRECTORY,UNVERIFIED,unverified,Client events expose HTTP response lifetime; server-internal serialization interleaving is not inferred. Private state stays opaque; bounded schedule only.,TK1-snapshot-first-byte-held-1-peer-future-keys-absent,Moves after the captured generation have no successful retry receipt; a changed invalid body gets422 rather than used-key409.,6 / 7 / 10 / 11,417,systems-engineer,Snapshot concurrency supplement from source note22b8029c
1,"1,2,3,4",True,independent-verifier,PENDING_NAMED_CANDIDATE,"independent deterministic raw HTTP race captures, observable generation oracle and unchanged independent-process replacement",python snapshot_probe.py --base CURRENT_URL --peer INDEPENDENT_DESTINATION_1 --third INDEPENDENT_DESTINATION_2 --candidate FULL_NAMED_CANDIDATE --out NEW_UNIQUE_DIRECTORY,UNVERIFIED,unverified,Client events expose HTTP response lifetime; server-internal serialization interleaving is not inferred. Private state stays opaque; bounded schedule only.,TK1-snapshot-first-byte-held-1-peer-replay-readonly,All original replays leave the entire imported snapshot unchanged.,6 / 7 / 10 / 11,417,systems-engineer,Snapshot concurrency supplement from source note22b8029c
1,"1,2,3,4",True,independent-verifier,PENDING_NAMED_CANDIDATE,"independent deterministic raw HTTP race captures, observable generation oracle and unchanged independent-process replacement",python snapshot_probe.py --base CURRENT_URL --peer INDEPENDENT_DESTINATION_1 --third INDEPENDENT_DESTINATION_2 --candidate FULL_NAMED_CANDIDATE --out NEW_UNIQUE_DIRECTORY,UNVERIFIED,unverified,Client events expose HTTP response lifetime; server-internal serialization interleaving is not inferred. Private state stays opaque; bounded schedule only.,TK1-snapshot-first-byte-held-1-peer-repeat-import,Repeating unchanged replacement204 preserves full exact snapshot without duplication.,6 / 7 / 10 / 11,417,systems-engineer,Snapshot concurrency supplement from source note22b8029c
1,"1,2,3,4",True,independent-verifier,PENDING_NAMED_CANDIDATE,"independent deterministic raw HTTP race captures, observable generation oracle and unchanged independent-process replacement",python snapshot_probe.py --base CURRENT_URL --peer INDEPENDENT_DESTINATION_1 --third INDEPENDENT_DESTINATION_2 --candidate FULL_NAMED_CANDIDATE --out NEW_UNIQUE_DIRECTORY,UNVERIFIED,unverified,Client events expose HTTP response lifetime; server-internal serialization interleaving is not inferred. Private state stays opaque; bounded schedule only.,TK1-snapshot-first-byte-held-1-peer-captured-unchanged,Destination export remains the exact captured snapshot after later source writes and replays.,6 / 7 / 10 / 11,417,systems-engineer,Snapshot concurrency supplement from source note22b8029c
1,"1,2,3,4",True,independent-verifier,PENDING_NAMED_CANDIDATE,"independent deterministic raw HTTP race captures, observable generation oracle and unchanged independent-process replacement",python snapshot_probe.py --base CURRENT_URL --peer INDEPENDENT_DESTINATION_1 --third INDEPENDENT_DESTINATION_2 --candidate FULL_NAMED_CANDIDATE --out NEW_UNIQUE_DIRECTORY,UNVERIFIED,unverified,Client events expose HTTP response lifetime; server-internal serialization interleaving is not inferred. Private state stays opaque; bounded schedule only.,TK1-snapshot-first-byte-held-1-third-import,Unchanged captured raw export replaces an independent destination204.,6 / 7 / 10 / 11,417,systems-engineer,Snapshot concurrency supplement from source note22b8029c
1,"1,2,3,4",True,independent-verifier,PENDING_NAMED_CANDIDATE,"independent deterministic raw HTTP race captures, observable generation oracle and unchanged independent-process replacement",python snapshot_probe.py --base CURRENT_URL --peer INDEPENDENT_DESTINATION_1 --third INDEPENDENT_DESTINATION_2 --candidate FULL_NAMED_CANDIDATE --out NEW_UNIQUE_DIRECTORY,UNVERIFIED,unverified,Client events expose HTTP response lifetime; server-internal serialization interleaving is not inferred. Private state stays opaque; bounded schedule only.,TK1-snapshot-first-byte-held-1-third-valid-token,Real source bearer token remains valid after replacement.,6 / 7 / 10 / 11,417,systems-engineer,Snapshot concurrency supplement from source note22b8029c
1,"1,2,3,4",True,independent-verifier,PENDING_NAMED_CANDIDATE,"independent deterministic raw HTTP race captures, observable generation oracle and unchanged independent-process replacement",python snapshot_probe.py --base CURRENT_URL --peer INDEPENDENT_DESTINATION_1 --third INDEPENDENT_DESTINATION_2 --candidate FULL_NAMED_CANDIDATE --out NEW_UNIQUE_DIRECTORY,UNVERIFIED,unverified,Client events expose HTTP response lifetime; server-internal serialization interleaving is not inferred. Private state stays opaque; bounded schedule only.,TK1-snapshot-first-byte-held-1-third-generation,Imported private records form one complete legal generation.,6 / 7 / 10 / 11,417,systems-engineer,Snapshot concurrency supplement from source note22b8029c
1,"1,2,3,4",True,independent-verifier,PENDING_NAMED_CANDIDATE,"independent deterministic raw HTTP race captures, observable generation oracle and unchanged independent-process replacement",python snapshot_probe.py --base CURRENT_URL --peer INDEPENDENT_DESTINATION_1 --third INDEPENDENT_DESTINATION_2 --candidate FULL_NAMED_CANDIDATE --out NEW_UNIQUE_DIRECTORY,UNVERIFIED,unverified,Client events expose HTTP response lifetime; server-internal serialization interleaving is not inferred. Private state stays opaque; bounded schedule only.,TK1-snapshot-first-byte-held-1-third-identities,All imported source identities/statuses/timestamps remain unchanged.,6 / 7 / 10 / 11,417,systems-engineer,Snapshot concurrency supplement from source note22b8029c
1,"1,2,3,4",True,independent-verifier,PENDING_NAMED_CANDIDATE,"independent deterministic raw HTTP race captures, observable generation oracle and unchanged independent-process replacement",python snapshot_probe.py --base CURRENT_URL --peer INDEPENDENT_DESTINATION_1 --third INDEPENDENT_DESTINATION_2 --candidate FULL_NAMED_CANDIDATE --out NEW_UNIQUE_DIRECTORY,UNVERIFIED,unverified,Client events expose HTTP response lifetime; server-internal serialization interleaving is not inferred. Private state stays opaque; bounded schedule only.,TK1-snapshot-first-byte-held-1-third-old-token-removed,Replacement removes the destination's previous session.,6 / 7 / 10 / 11,417,systems-engineer,Snapshot concurrency supplement from source note22b8029c
1,"1,2,3,4",True,independent-verifier,PENDING_NAMED_CANDIDATE,"independent deterministic raw HTTP race captures, observable generation oracle and unchanged independent-process replacement",python snapshot_probe.py --base CURRENT_URL --peer INDEPENDENT_DESTINATION_1 --third INDEPENDENT_DESTINATION_2 --candidate FULL_NAMED_CANDIDATE --out NEW_UNIQUE_DIRECTORY,UNVERIFIED,unverified,Client events expose HTTP response lifetime; server-internal serialization interleaving is not inferred. Private state stays opaque; bounded schedule only.,TK1-snapshot-first-byte-held-1-third-old-records-removed,Replacement removes previous destination records.,6 / 7 / 10 / 11,417,systems-engineer,Snapshot concurrency supplement from source note22b8029c
1,"1,2,3,4",True,independent-verifier,PENDING_NAMED_CANDIDATE,"independent deterministic raw HTTP race captures, observable generation oracle and unchanged independent-process replacement",python snapshot_probe.py --base CURRENT_URL --peer INDEPENDENT_DESTINATION_1 --third INDEPENDENT_DESTINATION_2 --candidate FULL_NAMED_CANDIDATE --out NEW_UNIQUE_DIRECTORY,UNVERIFIED,unverified,Client events expose HTTP response lifetime; server-internal serialization interleaving is not inferred. Private state stays opaque; bounded schedule only.,TK1-snapshot-first-byte-held-1-third-create-receipts,Every successful original create receipt replays200 with its exact original response.,6 / 7 / 10 / 11,417,systems-engineer,Snapshot concurrency supplement from source note22b8029c
1,"1,2,3,4",True,independent-verifier,PENDING_NAMED_CANDIDATE,"independent deterministic raw HTTP race captures, observable generation oracle and unchanged independent-process replacement",python snapshot_probe.py --base CURRENT_URL --peer INDEPENDENT_DESTINATION_1 --third INDEPENDENT_DESTINATION_2 --candidate FULL_NAMED_CANDIDATE --out NEW_UNIQUE_DIRECTORY,UNVERIFIED,unverified,Client events expose HTTP response lifetime; server-internal serialization interleaving is not inferred. Private state stays opaque; bounded schedule only.,TK1-snapshot-first-byte-held-1-third-move-receipts,Every move committed in the captured generation's prefix replays200 with its exact original response.,6 / 7 / 10 / 11,417,systems-engineer,Snapshot concurrency supplement from source note22b8029c
1,"1,2,3,4",True,independent-verifier,PENDING_NAMED_CANDIDATE,"independent deterministic raw HTTP race captures, observable generation oracle and unchanged independent-process replacement",python snapshot_probe.py --base CURRENT_URL --peer INDEPENDENT_DESTINATION_1 --third INDEPENDENT_DESTINATION_2 --candidate FULL_NAMED_CANDIDATE --out NEW_UNIQUE_DIRECTORY,UNVERIFIED,unverified,Client events expose HTTP response lifetime; server-internal serialization interleaving is not inferred. Private state stays opaque; bounded schedule only.,TK1-snapshot-first-byte-held-1-third-future-keys-absent,Moves after the captured generation have no successful retry receipt; a changed invalid body gets422 rather than used-key409.,6 / 7 / 10 / 11,417,systems-engineer,Snapshot concurrency supplement from source note22b8029c
1,"1,2,3,4",True,independent-verifier,PENDING_NAMED_CANDIDATE,"independent deterministic raw HTTP race captures, observable generation oracle and unchanged independent-process replacement",python snapshot_probe.py --base CURRENT_URL --peer INDEPENDENT_DESTINATION_1 --third INDEPENDENT_DESTINATION_2 --candidate FULL_NAMED_CANDIDATE --out NEW_UNIQUE_DIRECTORY,UNVERIFIED,unverified,Client events expose HTTP response lifetime; server-internal serialization interleaving is not inferred. Private state stays opaque; bounded schedule only.,TK1-snapshot-first-byte-held-1-third-replay-readonly,All original replays leave the entire imported snapshot unchanged.,6 / 7 / 10 / 11,417,systems-engineer,Snapshot concurrency supplement from source note22b8029c
1,"1,2,3,4",True,independent-verifier,PENDING_NAMED_CANDIDATE,"independent deterministic raw HTTP race captures, observable generation oracle and unchanged independent-process replacement",python snapshot_probe.py --base CURRENT_URL --peer INDEPENDENT_DESTINATION_1 --third INDEPENDENT_DESTINATION_2 --candidate FULL_NAMED_CANDIDATE --out NEW_UNIQUE_DIRECTORY,UNVERIFIED,unverified,Client events expose HTTP response lifetime; server-internal serialization interleaving is not inferred. Private state stays opaque; bounded schedule only.,TK1-snapshot-first-byte-held-1-third-repeat-import,Repeating unchanged replacement204 preserves full exact snapshot without duplication.,6 / 7 / 10 / 11,417,systems-engineer,Snapshot concurrency supplement from source note22b8029c
1,"1,2,3,4",True,independent-verifier,PENDING_NAMED_CANDIDATE,"independent deterministic raw HTTP race captures, observable generation oracle and unchanged independent-process replacement",python snapshot_probe.py --base CURRENT_URL --peer INDEPENDENT_DESTINATION_1 --third INDEPENDENT_DESTINATION_2 --candidate FULL_NAMED_CANDIDATE --out NEW_UNIQUE_DIRECTORY,UNVERIFIED,unverified,Client events expose HTTP response lifetime; server-internal serialization interleaving is not inferred. Private state stays opaque; bounded schedule only.,TK1-snapshot-first-byte-held-1-third-captured-unchanged,Destination export remains the exact captured snapshot after later source writes and replays.,6 / 7 / 10 / 11,417,systems-engineer,Snapshot concurrency supplement from source note22b8029c
1,"1,2,3,4",True,independent-verifier,PENDING_NAMED_CANDIDATE,"independent deterministic raw HTTP race captures, observable generation oracle and unchanged independent-process replacement",python snapshot_probe.py --base CURRENT_URL --peer INDEPENDENT_DESTINATION_1 --third INDEPENDENT_DESTINATION_2 --candidate FULL_NAMED_CANDIDATE --out NEW_UNIQUE_DIRECTORY,UNVERIFIED,unverified,Client events expose HTTP response lifetime; server-internal serialization interleaving is not inferred. Private state stays opaque; bounded schedule only.,TK1-snapshot-first-byte-held-2-export-status,export: Concurrent read returns200.,2 / 3.4 / 5 / 10,417,interface-engineer,Snapshot concurrency supplement from source note22b8029c
1,"1,2,3,4",True,independent-verifier,PENDING_NAMED_CANDIDATE,"independent deterministic raw HTTP race captures, observable generation oracle and unchanged independent-process replacement",python snapshot_probe.py --base CURRENT_URL --peer INDEPENDENT_DESTINATION_1 --third INDEPENDENT_DESTINATION_2 --candidate FULL_NAMED_CANDIDATE --out NEW_UNIQUE_DIRECTORY,UNVERIFIED,unverified,Client events expose HTTP response lifetime; server-internal serialization interleaving is not inferred. Private state stays opaque; bounded schedule only.,TK1-snapshot-first-byte-held-2-export-json,export: Entire captured response is valid JSON.,2 / 3.4 / 5 / 10,417,interface-engineer,Snapshot concurrency supplement from source note22b8029c
1,"1,2,3,4",True,independent-verifier,PENDING_NAMED_CANDIDATE,"independent deterministic raw HTTP race captures, observable generation oracle and unchanged independent-process replacement",python snapshot_probe.py --base CURRENT_URL --peer INDEPENDENT_DESTINATION_1 --third INDEPENDENT_DESTINATION_2 --candidate FULL_NAMED_CANDIDATE --out NEW_UNIQUE_DIRECTORY,UNVERIFIED,unverified,Client events expose HTTP response lifetime; server-internal serialization interleaving is not inferred. Private state stays opaque; bounded schedule only.,TK1-snapshot-first-byte-held-2-export-framing,export: Response charset and byte-accurate length remain correct during concurrent writes.,2 / 3.4 / 5 / 10,417,interface-engineer,Snapshot concurrency supplement from source note22b8029c
1,"1,2,3,4",True,independent-verifier,PENDING_NAMED_CANDIDATE,"independent deterministic raw HTTP race captures, observable generation oracle and unchanged independent-process replacement",python snapshot_probe.py --base CURRENT_URL --peer INDEPENDENT_DESTINATION_1 --third INDEPENDENT_DESTINATION_2 --candidate FULL_NAMED_CANDIDATE --out NEW_UNIQUE_DIRECTORY,UNVERIFIED,unverified,Client events expose HTTP response lifetime; server-internal serialization interleaving is not inferred. Private state stays opaque; bounded schedule only.,TK1-snapshot-first-byte-held-2-list-status,list: Concurrent read returns200.,2 / 3.4 / 5 / 10,417,interface-engineer,Snapshot concurrency supplement from source note22b8029c
1,"1,2,3,4",True,independent-verifier,PENDING_NAMED_CANDIDATE,"independent deterministic raw HTTP race captures, observable generation oracle and unchanged independent-process replacement",python snapshot_probe.py --base CURRENT_URL --peer INDEPENDENT_DESTINATION_1 --third INDEPENDENT_DESTINATION_2 --candidate FULL_NAMED_CANDIDATE --out NEW_UNIQUE_DIRECTORY,UNVERIFIED,unverified,Client events expose HTTP response lifetime; server-internal serialization interleaving is not inferred. Private state stays opaque; bounded schedule only.,TK1-snapshot-first-byte-held-2-list-json,list: Entire captured response is valid JSON.,2 / 3.4 / 5 / 10,417,interface-engineer,Snapshot concurrency supplement from source note22b8029c
1,"1,2,3,4",True,independent-verifier,PENDING_NAMED_CANDIDATE,"independent deterministic raw HTTP race captures, observable generation oracle and unchanged independent-process replacement",python snapshot_probe.py --base CURRENT_URL --peer INDEPENDENT_DESTINATION_1 --third INDEPENDENT_DESTINATION_2 --candidate FULL_NAMED_CANDIDATE --out NEW_UNIQUE_DIRECTORY,UNVERIFIED,unverified,Client events expose HTTP response lifetime; server-internal serialization interleaving is not inferred. Private state stays opaque; bounded schedule only.,TK1-snapshot-first-byte-held-2-list-framing,list: Response charset and byte-accurate length remain correct during concurrent writes.,2 / 3.4 / 5 / 10,417,interface-engineer,Snapshot concurrency supplement from source note22b8029c
1,"1,2,3,4",True,independent-verifier,PENDING_NAMED_CANDIDATE,"independent deterministic raw HTTP race captures, observable generation oracle and unchanged independent-process replacement",python snapshot_probe.py --base CURRENT_URL --peer INDEPENDENT_DESTINATION_1 --third INDEPENDENT_DESTINATION_2 --candidate FULL_NAMED_CANDIDATE --out NEW_UNIQUE_DIRECTORY,UNVERIFIED,unverified,Client events expose HTTP response lifetime; server-internal serialization interleaving is not inferred. Private state stays opaque; bounded schedule only.,TK1-snapshot-first-byte-held-2-availability-status,availability: Concurrent read returns200.,2 / 3.4 / 5 / 10,417,interface-engineer,Snapshot concurrency supplement from source note22b8029c
1,"1,2,3,4",True,independent-verifier,PENDING_NAMED_CANDIDATE,"independent deterministic raw HTTP race captures, observable generation oracle and unchanged independent-process replacement",python snapshot_probe.py --base CURRENT_URL --peer INDEPENDENT_DESTINATION_1 --third INDEPENDENT_DESTINATION_2 --candidate FULL_NAMED_CANDIDATE --out NEW_UNIQUE_DIRECTORY,UNVERIFIED,unverified,Client events expose HTTP response lifetime; server-internal serialization interleaving is not inferred. Private state stays opaque; bounded schedule only.,TK1-snapshot-first-byte-held-2-availability-json,availability: Entire captured response is valid JSON.,2 / 3.4 / 5 / 10,417,interface-engineer,Snapshot concurrency supplement from source note22b8029c
1,"1,2,3,4",True,independent-verifier,PENDING_NAMED_CANDIDATE,"independent deterministic raw HTTP race captures, observable generation oracle and unchanged independent-process replacement",python snapshot_probe.py --base CURRENT_URL --peer INDEPENDENT_DESTINATION_1 --third INDEPENDENT_DESTINATION_2 --candidate FULL_NAMED_CANDIDATE --out NEW_UNIQUE_DIRECTORY,UNVERIFIED,unverified,Client events expose HTTP response lifetime; server-internal serialization interleaving is not inferred. Private state stays opaque; bounded schedule only.,TK1-snapshot-first-byte-held-2-availability-framing,availability: Response charset and byte-accurate length remain correct during concurrent writes.,2 / 3.4 / 5 / 10,417,interface-engineer,Snapshot concurrency supplement from source note22b8029c
1,"1,2,3,4",True,independent-verifier,PENDING_NAMED_CANDIDATE,"independent deterministic raw HTTP race captures, observable generation oracle and unchanged independent-process replacement",python snapshot_probe.py --base CURRENT_URL --peer INDEPENDENT_DESTINATION_1 --third INDEPENDENT_DESTINATION_2 --candidate FULL_NAMED_CANDIDATE --out NEW_UNIQUE_DIRECTORY,UNVERIFIED,unverified,Client events expose HTTP response lifetime; server-internal serialization interleaving is not inferred. Private state stays opaque; bounded schedule only.,TK1-snapshot-first-byte-held-2-list-coherent,Read list is one complete legal atomic generation within the concurrent interval.,1 / 8 / 11,417,systems-engineer,Snapshot concurrency supplement from source note22b8029c
1,"1,2,3,4",True,independent-verifier,PENDING_NAMED_CANDIDATE,"independent deterministic raw HTTP race captures, observable generation oracle and unchanged independent-process replacement",python snapshot_probe.py --base CURRENT_URL --peer INDEPENDENT_DESTINATION_1 --third INDEPENDENT_DESTINATION_2 --candidate FULL_NAMED_CANDIDATE --out NEW_UNIQUE_DIRECTORY,UNVERIFIED,unverified,Client events expose HTTP response lifetime; server-internal serialization interleaving is not inferred. Private state stays opaque; bounded schedule only.,TK1-snapshot-first-byte-held-2-list-identities,Read list retains all eight identities/timestamps while moves commit.,8 / 11,417,systems-engineer,Snapshot concurrency supplement from source note22b8029c
1,"1,2,3,4",True,independent-verifier,PENDING_NAMED_CANDIDATE,"independent deterministic raw HTTP race captures, observable generation oracle and unchanged independent-process replacement",python snapshot_probe.py --base CURRENT_URL --peer INDEPENDENT_DESTINATION_1 --third INDEPENDENT_DESTINATION_2 --candidate FULL_NAMED_CANDIDATE --out NEW_UNIQUE_DIRECTORY,UNVERIFIED,unverified,Client events expose HTTP response lifetime; server-internal serialization interleaving is not inferred. Private state stays opaque; bounded schedule only.,TK1-snapshot-first-byte-held-2-availability-coherent,Availability respects the full unchanged occupancy and fixture order during atomic cyclic moves.,1 / 8 / 11,417,systems-engineer,Snapshot concurrency supplement from source note22b8029c
1,"1,2,3,4",True,independent-verifier,PENDING_NAMED_CANDIDATE,"independent deterministic raw HTTP race captures, observable generation oracle and unchanged independent-process replacement",python snapshot_probe.py --base CURRENT_URL --peer INDEPENDENT_DESTINATION_1 --third INDEPENDENT_DESTINATION_2 --candidate FULL_NAMED_CANDIDATE --out NEW_UNIQUE_DIRECTORY,UNVERIFIED,unverified,Client events expose HTTP response lifetime; server-internal serialization interleaving is not inferred. Private state stays opaque; bounded schedule only.,TK1-snapshot-first-byte-held-2-export-envelope,Captured export retains track/version/state envelope.,10,417,systems-engineer,Snapshot concurrency supplement from source note22b8029c
1,"1,2,3,4",True,independent-verifier,PENDING_NAMED_CANDIDATE,"independent deterministic raw HTTP race captures, observable generation oracle and unchanged independent-process replacement",python snapshot_probe.py --base CURRENT_URL --peer INDEPENDENT_DESTINATION_1 --third INDEPENDENT_DESTINATION_2 --candidate FULL_NAMED_CANDIDATE --out NEW_UNIQUE_DIRECTORY,UNVERIFIED,unverified,Client events expose HTTP response lifetime; server-internal serialization interleaving is not inferred. Private state stays opaque; bounded schedule only.,TK1-snapshot-first-byte-held-2-source-readonly,"After writers settle, repeated reads/exports and receipt replays leave complete source state unchanged.",7 / 10,417,systems-engineer,Snapshot concurrency supplement from source note22b8029c
1,"1,2,3,4",True,independent-verifier,PENDING_NAMED_CANDIDATE,"independent deterministic raw HTTP race captures, observable generation oracle and unchanged independent-process replacement",python snapshot_probe.py --base CURRENT_URL --peer INDEPENDENT_DESTINATION_1 --third INDEPENDENT_DESTINATION_2 --candidate FULL_NAMED_CANDIDATE --out NEW_UNIQUE_DIRECTORY,UNVERIFIED,unverified,Client events expose HTTP response lifetime; server-internal serialization interleaving is not inferred. Private state stays opaque; bounded schedule only.,TK1-snapshot-first-byte-held-2-peer-import,Unchanged captured raw export replaces an independent destination204.,6 / 7 / 10 / 11,417,systems-engineer,Snapshot concurrency supplement from source note22b8029c
1,"1,2,3,4",True,independent-verifier,PENDING_NAMED_CANDIDATE,"independent deterministic raw HTTP race captures, observable generation oracle and unchanged independent-process replacement",python snapshot_probe.py --base CURRENT_URL --peer INDEPENDENT_DESTINATION_1 --third INDEPENDENT_DESTINATION_2 --candidate FULL_NAMED_CANDIDATE --out NEW_UNIQUE_DIRECTORY,UNVERIFIED,unverified,Client events expose HTTP response lifetime; server-internal serialization interleaving is not inferred. Private state stays opaque; bounded schedule only.,TK1-snapshot-first-byte-held-2-peer-valid-token,Real source bearer token remains valid after replacement.,6 / 7 / 10 / 11,417,systems-engineer,Snapshot concurrency supplement from source note22b8029c
1,"1,2,3,4",True,independent-verifier,PENDING_NAMED_CANDIDATE,"independent deterministic raw HTTP race captures, observable generation oracle and unchanged independent-process replacement",python snapshot_probe.py --base CURRENT_URL --peer INDEPENDENT_DESTINATION_1 --third INDEPENDENT_DESTINATION_2 --candidate FULL_NAMED_CANDIDATE --out NEW_UNIQUE_DIRECTORY,UNVERIFIED,unverified,Client events expose HTTP response lifetime; server-internal serialization interleaving is not inferred. Private state stays opaque; bounded schedule only.,TK1-snapshot-first-byte-held-2-peer-generation,Imported private records form one complete legal generation.,6 / 7 / 10 / 11,417,systems-engineer,Snapshot concurrency supplement from source note22b8029c
1,"1,2,3,4",True,independent-verifier,PENDING_NAMED_CANDIDATE,"independent deterministic raw HTTP race captures, observable generation oracle and unchanged independent-process replacement",python snapshot_probe.py --base CURRENT_URL --peer INDEPENDENT_DESTINATION_1 --third INDEPENDENT_DESTINATION_2 --candidate FULL_NAMED_CANDIDATE --out NEW_UNIQUE_DIRECTORY,UNVERIFIED,unverified,Client events expose HTTP response lifetime; server-internal serialization interleaving is not inferred. Private state stays opaque; bounded schedule only.,TK1-snapshot-first-byte-held-2-peer-identities,All imported source identities/statuses/timestamps remain unchanged.,6 / 7 / 10 / 11,417,systems-engineer,Snapshot concurrency supplement from source note22b8029c
1,"1,2,3,4",True,independent-verifier,PENDING_NAMED_CANDIDATE,"independent deterministic raw HTTP race captures, observable generation oracle and unchanged independent-process replacement",python snapshot_probe.py --base CURRENT_URL --peer INDEPENDENT_DESTINATION_1 --third INDEPENDENT_DESTINATION_2 --candidate FULL_NAMED_CANDIDATE --out NEW_UNIQUE_DIRECTORY,UNVERIFIED,unverified,Client events expose HTTP response lifetime; server-internal serialization interleaving is not inferred. Private state stays opaque; bounded schedule only.,TK1-snapshot-first-byte-held-2-peer-old-token-removed,Replacement removes the destination's previous session.,6 / 7 / 10 / 11,417,systems-engineer,Snapshot concurrency supplement from source note22b8029c
1,"1,2,3,4",True,independent-verifier,PENDING_NAMED_CANDIDATE,"independent deterministic raw HTTP race captures, observable generation oracle and unchanged independent-process replacement",python snapshot_probe.py --base CURRENT_URL --peer INDEPENDENT_DESTINATION_1 --third INDEPENDENT_DESTINATION_2 --candidate FULL_NAMED_CANDIDATE --out NEW_UNIQUE_DIRECTORY,UNVERIFIED,unverified,Client events expose HTTP response lifetime; server-internal serialization interleaving is not inferred. Private state stays opaque; bounded schedule only.,TK1-snapshot-first-byte-held-2-peer-old-records-removed,Replacement removes previous destination records.,6 / 7 / 10 / 11,417,systems-engineer,Snapshot concurrency supplement from source note22b8029c
1,"1,2,3,4",True,independent-verifier,PENDING_NAMED_CANDIDATE,"independent deterministic raw HTTP race captures, observable generation oracle and unchanged independent-process replacement",python snapshot_probe.py --base CURRENT_URL --peer INDEPENDENT_DESTINATION_1 --third INDEPENDENT_DESTINATION_2 --candidate FULL_NAMED_CANDIDATE --out NEW_UNIQUE_DIRECTORY,UNVERIFIED,unverified,Client events expose HTTP response lifetime; server-internal serialization interleaving is not inferred. Private state stays opaque; bounded schedule only.,TK1-snapshot-first-byte-held-2-peer-create-receipts,Every successful original create receipt replays200 with its exact original response.,6 / 7 / 10 / 11,417,systems-engineer,Snapshot concurrency supplement from source note22b8029c
1,"1,2,3,4",True,independent-verifier,PENDING_NAMED_CANDIDATE,"independent deterministic raw HTTP race captures, observable generation oracle and unchanged independent-process replacement",python snapshot_probe.py --base CURRENT_URL --peer INDEPENDENT_DESTINATION_1 --third INDEPENDENT_DESTINATION_2 --candidate FULL_NAMED_CANDIDATE --out NEW_UNIQUE_DIRECTORY,UNVERIFIED,unverified,Client events expose HTTP response lifetime; server-internal serialization interleaving is not inferred. Private state stays opaque; bounded schedule only.,TK1-snapshot-first-byte-held-2-peer-move-receipts,Every move committed in the captured generation's prefix replays200 with its exact original response.,6 / 7 / 10 / 11,417,systems-engineer,Snapshot concurrency supplement from source note22b8029c
1,"1,2,3,4",True,independent-verifier,PENDING_NAMED_CANDIDATE,"independent deterministic raw HTTP race captures, observable generation oracle and unchanged independent-process replacement",python snapshot_probe.py --base CURRENT_URL --peer INDEPENDENT_DESTINATION_1 --third INDEPENDENT_DESTINATION_2 --candidate FULL_NAMED_CANDIDATE --out NEW_UNIQUE_DIRECTORY,UNVERIFIED,unverified,Client events expose HTTP response lifetime; server-internal serialization interleaving is not inferred. Private state stays opaque; bounded schedule only.,TK1-snapshot-first-byte-held-2-peer-future-keys-absent,Moves after the captured generation have no successful retry receipt; a changed invalid body gets422 rather than used-key409.,6 / 7 / 10 / 11,417,systems-engineer,Snapshot concurrency supplement from source note22b8029c
1,"1,2,3,4",True,independent-verifier,PENDING_NAMED_CANDIDATE,"independent deterministic raw HTTP race captures, observable generation oracle and unchanged independent-process replacement",python snapshot_probe.py --base CURRENT_URL --peer INDEPENDENT_DESTINATION_1 --third INDEPENDENT_DESTINATION_2 --candidate FULL_NAMED_CANDIDATE --out NEW_UNIQUE_DIRECTORY,UNVERIFIED,unverified,Client events expose HTTP response lifetime; server-internal serialization interleaving is not inferred. Private state stays opaque; bounded schedule only.,TK1-snapshot-first-byte-held-2-peer-replay-readonly,All original replays leave the entire imported snapshot unchanged.,6 / 7 / 10 / 11,417,systems-engineer,Snapshot concurrency supplement from source note22b8029c
1,"1,2,3,4",True,independent-verifier,PENDING_NAMED_CANDIDATE,"independent deterministic raw HTTP race captures, observable generation oracle and unchanged independent-process replacement",python snapshot_probe.py --base CURRENT_URL --peer INDEPENDENT_DESTINATION_1 --third INDEPENDENT_DESTINATION_2 --candidate FULL_NAMED_CANDIDATE --out NEW_UNIQUE_DIRECTORY,UNVERIFIED,unverified,Client events expose HTTP response lifetime; server-internal serialization interleaving is not inferred. Private state stays opaque; bounded schedule only.,TK1-snapshot-first-byte-held-2-peer-repeat-import,Repeating unchanged replacement204 preserves full exact snapshot without duplication.,6 / 7 / 10 / 11,417,systems-engineer,Snapshot concurrency supplement from source note22b8029c
1,"1,2,3,4",True,independent-verifier,PENDING_NAMED_CANDIDATE,"independent deterministic raw HTTP race captures, observable generation oracle and unchanged independent-process replacement",python snapshot_probe.py --base CURRENT_URL --peer INDEPENDENT_DESTINATION_1 --third INDEPENDENT_DESTINATION_2 --candidate FULL_NAMED_CANDIDATE --out NEW_UNIQUE_DIRECTORY,UNVERIFIED,unverified,Client events expose HTTP response lifetime; server-internal serialization interleaving is not inferred. Private state stays opaque; bounded schedule only.,TK1-snapshot-first-byte-held-2-peer-captured-unchanged,Destination export remains the exact captured snapshot after later source writes and replays.,6 / 7 / 10 / 11,417,systems-engineer,Snapshot concurrency supplement from source note22b8029c
1,"1,2,3,4",True,independent-verifier,PENDING_NAMED_CANDIDATE,"independent deterministic raw HTTP race captures, observable generation oracle and unchanged independent-process replacement",python snapshot_probe.py --base CURRENT_URL --peer INDEPENDENT_DESTINATION_1 --third INDEPENDENT_DESTINATION_2 --candidate FULL_NAMED_CANDIDATE --out NEW_UNIQUE_DIRECTORY,UNVERIFIED,unverified,Client events expose HTTP response lifetime; server-internal serialization interleaving is not inferred. Private state stays opaque; bounded schedule only.,TK1-snapshot-first-byte-held-2-third-import,Unchanged captured raw export replaces an independent destination204.,6 / 7 / 10 / 11,417,systems-engineer,Snapshot concurrency supplement from source note22b8029c
1,"1,2,3,4",True,independent-verifier,PENDING_NAMED_CANDIDATE,"independent deterministic raw HTTP race captures, observable generation oracle and unchanged independent-process replacement",python snapshot_probe.py --base CURRENT_URL --peer INDEPENDENT_DESTINATION_1 --third INDEPENDENT_DESTINATION_2 --candidate FULL_NAMED_CANDIDATE --out NEW_UNIQUE_DIRECTORY,UNVERIFIED,unverified,Client events expose HTTP response lifetime; server-internal serialization interleaving is not inferred. Private state stays opaque; bounded schedule only.,TK1-snapshot-first-byte-held-2-third-valid-token,Real source bearer token remains valid after replacement.,6 / 7 / 10 / 11,417,systems-engineer,Snapshot concurrency supplement from source note22b8029c
1,"1,2,3,4",True,independent-verifier,PENDING_NAMED_CANDIDATE,"independent deterministic raw HTTP race captures, observable generation oracle and unchanged independent-process replacement",python snapshot_probe.py --base CURRENT_URL --peer INDEPENDENT_DESTINATION_1 --third INDEPENDENT_DESTINATION_2 --candidate FULL_NAMED_CANDIDATE --out NEW_UNIQUE_DIRECTORY,UNVERIFIED,unverified,Client events expose HTTP response lifetime; server-internal serialization interleaving is not inferred. Private state stays opaque; bounded schedule only.,TK1-snapshot-first-byte-held-2-third-generation,Imported private records form one complete legal generation.,6 / 7 / 10 / 11,417,systems-engineer,Snapshot concurrency supplement from source note22b8029c
1,"1,2,3,4",True,independent-verifier,PENDING_NAMED_CANDIDATE,"independent deterministic raw HTTP race captures, observable generation oracle and unchanged independent-process replacement",python snapshot_probe.py --base CURRENT_URL --peer INDEPENDENT_DESTINATION_1 --third INDEPENDENT_DESTINATION_2 --candidate FULL_NAMED_CANDIDATE --out NEW_UNIQUE_DIRECTORY,UNVERIFIED,unverified,Client events expose HTTP response lifetime; server-internal serialization interleaving is not inferred. Private state stays opaque; bounded schedule only.,TK1-snapshot-first-byte-held-2-third-identities,All imported source identities/statuses/timestamps remain unchanged.,6 / 7 / 10 / 11,417,systems-engineer,Snapshot concurrency supplement from source note22b8029c
1,"1,2,3,4",True,independent-verifier,PENDING_NAMED_CANDIDATE,"independent deterministic raw HTTP race captures, observable generation oracle and unchanged independent-process replacement",python snapshot_probe.py --base CURRENT_URL --peer INDEPENDENT_DESTINATION_1 --third INDEPENDENT_DESTINATION_2 --candidate FULL_NAMED_CANDIDATE --out NEW_UNIQUE_DIRECTORY,UNVERIFIED,unverified,Client events expose HTTP response lifetime; server-internal serialization interleaving is not inferred. Private state stays opaque; bounded schedule only.,TK1-snapshot-first-byte-held-2-third-old-token-removed,Replacement removes the destination's previous session.,6 / 7 / 10 / 11,417,systems-engineer,Snapshot concurrency supplement from source note22b8029c
1,"1,2,3,4",True,independent-verifier,PENDING_NAMED_CANDIDATE,"independent deterministic raw HTTP race captures, observable generation oracle and unchanged independent-process replacement",python snapshot_probe.py --base CURRENT_URL --peer INDEPENDENT_DESTINATION_1 --third INDEPENDENT_DESTINATION_2 --candidate FULL_NAMED_CANDIDATE --out NEW_UNIQUE_DIRECTORY,UNVERIFIED,unverified,Client events expose HTTP response lifetime; server-internal serialization interleaving is not inferred. Private state stays opaque; bounded schedule only.,TK1-snapshot-first-byte-held-2-third-old-records-removed,Replacement removes previous destination records.,6 / 7 / 10 / 11,417,systems-engineer,Snapshot concurrency supplement from source note22b8029c
1,"1,2,3,4",True,independent-verifier,PENDING_NAMED_CANDIDATE,"independent deterministic raw HTTP race captures, observable generation oracle and unchanged independent-process replacement",python snapshot_probe.py --base CURRENT_URL --peer INDEPENDENT_DESTINATION_1 --third INDEPENDENT_DESTINATION_2 --candidate FULL_NAMED_CANDIDATE --out NEW_UNIQUE_DIRECTORY,UNVERIFIED,unverified,Client events expose HTTP response lifetime; server-internal serialization interleaving is not inferred. Private state stays opaque; bounded schedule only.,TK1-snapshot-first-byte-held-2-third-create-receipts,Every successful original create receipt replays200 with its exact original response.,6 / 7 / 10 / 11,417,systems-engineer,Snapshot concurrency supplement from source note22b8029c
1,"1,2,3,4",True,independent-verifier,PENDING_NAMED_CANDIDATE,"independent deterministic raw HTTP race captures, observable generation oracle and unchanged independent-process replacement",python snapshot_probe.py --base CURRENT_URL --peer INDEPENDENT_DESTINATION_1 --third INDEPENDENT_DESTINATION_2 --candidate FULL_NAMED_CANDIDATE --out NEW_UNIQUE_DIRECTORY,UNVERIFIED,unverified,Client events expose HTTP response lifetime; server-internal serialization interleaving is not inferred. Private state stays opaque; bounded schedule only.,TK1-snapshot-first-byte-held-2-third-move-receipts,Every move committed in the captured generation's prefix replays200 with its exact original response.,6 / 7 / 10 / 11,417,systems-engineer,Snapshot concurrency supplement from source note22b8029c
1,"1,2,3,4",True,independent-verifier,PENDING_NAMED_CANDIDATE,"independent deterministic raw HTTP race captures, observable generation oracle and unchanged independent-process replacement",python snapshot_probe.py --base CURRENT_URL --peer INDEPENDENT_DESTINATION_1 --third INDEPENDENT_DESTINATION_2 --candidate FULL_NAMED_CANDIDATE --out NEW_UNIQUE_DIRECTORY,UNVERIFIED,unverified,Client events expose HTTP response lifetime; server-internal serialization interleaving is not inferred. Private state stays opaque; bounded schedule only.,TK1-snapshot-first-byte-held-2-third-future-keys-absent,Moves after the captured generation have no successful retry receipt; a changed invalid body gets422 rather than used-key409.,6 / 7 / 10 / 11,417,systems-engineer,Snapshot concurrency supplement from source note22b8029c
1,"1,2,3,4",True,independent-verifier,PENDING_NAMED_CANDIDATE,"independent deterministic raw HTTP race captures, observable generation oracle and unchanged independent-process replacement",python snapshot_probe.py --base CURRENT_URL --peer INDEPENDENT_DESTINATION_1 --third INDEPENDENT_DESTINATION_2 --candidate FULL_NAMED_CANDIDATE --out NEW_UNIQUE_DIRECTORY,UNVERIFIED,unverified,Client events expose HTTP response lifetime; server-internal serialization interleaving is not inferred. Private state stays opaque; bounded schedule only.,TK1-snapshot-first-byte-held-2-third-replay-readonly,All original replays leave the entire imported snapshot unchanged.,6 / 7 / 10 / 11,417,systems-engineer,Snapshot concurrency supplement from source note22b8029c
1,"1,2,3,4",True,independent-verifier,PENDING_NAMED_CANDIDATE,"independent deterministic raw HTTP race captures, observable generation oracle and unchanged independent-process replacement",python snapshot_probe.py --base CURRENT_URL --peer INDEPENDENT_DESTINATION_1 --third INDEPENDENT_DESTINATION_2 --candidate FULL_NAMED_CANDIDATE --out NEW_UNIQUE_DIRECTORY,UNVERIFIED,unverified,Client events expose HTTP response lifetime; server-internal serialization interleaving is not inferred. Private state stays opaque; bounded schedule only.,TK1-snapshot-first-byte-held-2-third-repeat-import,Repeating unchanged replacement204 preserves full exact snapshot without duplication.,6 / 7 / 10 / 11,417,systems-engineer,Snapshot concurrency supplement from source note22b8029c
1,"1,2,3,4",True,independent-verifier,PENDING_NAMED_CANDIDATE,"independent deterministic raw HTTP race captures, observable generation oracle and unchanged independent-process replacement",python snapshot_probe.py --base CURRENT_URL --peer INDEPENDENT_DESTINATION_1 --third INDEPENDENT_DESTINATION_2 --candidate FULL_NAMED_CANDIDATE --out NEW_UNIQUE_DIRECTORY,UNVERIFIED,unverified,Client events expose HTTP response lifetime; server-internal serialization interleaving is not inferred. Private state stays opaque; bounded schedule only.,TK1-snapshot-first-byte-held-2-third-captured-unchanged,Destination export remains the exact captured snapshot after later source writes and replays.,6 / 7 / 10 / 11,417,systems-engineer,Snapshot concurrency supplement from source note22b8029c
1,"1,2,3,4",True,independent-verifier,PENDING_NAMED_CANDIDATE,"independent deterministic raw HTTP race captures, observable generation oracle and unchanged independent-process replacement",python snapshot_probe.py --base CURRENT_URL --peer INDEPENDENT_DESTINATION_1 --third INDEPENDENT_DESTINATION_2 --candidate FULL_NAMED_CANDIDATE --out NEW_UNIQUE_DIRECTORY,UNVERIFIED,unverified,Client events expose HTTP response lifetime; server-internal serialization interleaving is not inferred. Private state stays opaque; bounded schedule only.,TK1-snapshot-first-byte-held-3-export-status,export: Concurrent read returns200.,2 / 3.4 / 5 / 10,417,interface-engineer,Snapshot concurrency supplement from source note22b8029c
1,"1,2,3,4",True,independent-verifier,PENDING_NAMED_CANDIDATE,"independent deterministic raw HTTP race captures, observable generation oracle and unchanged independent-process replacement",python snapshot_probe.py --base CURRENT_URL --peer INDEPENDENT_DESTINATION_1 --third INDEPENDENT_DESTINATION_2 --candidate FULL_NAMED_CANDIDATE --out NEW_UNIQUE_DIRECTORY,UNVERIFIED,unverified,Client events expose HTTP response lifetime; server-internal serialization interleaving is not inferred. Private state stays opaque; bounded schedule only.,TK1-snapshot-first-byte-held-3-export-json,export: Entire captured response is valid JSON.,2 / 3.4 / 5 / 10,417,interface-engineer,Snapshot concurrency supplement from source note22b8029c
1,"1,2,3,4",True,independent-verifier,PENDING_NAMED_CANDIDATE,"independent deterministic raw HTTP race captures, observable generation oracle and unchanged independent-process replacement",python snapshot_probe.py --base CURRENT_URL --peer INDEPENDENT_DESTINATION_1 --third INDEPENDENT_DESTINATION_2 --candidate FULL_NAMED_CANDIDATE --out NEW_UNIQUE_DIRECTORY,UNVERIFIED,unverified,Client events expose HTTP response lifetime; server-internal serialization interleaving is not inferred. Private state stays opaque; bounded schedule only.,TK1-snapshot-first-byte-held-3-export-framing,export: Response charset and byte-accurate length remain correct during concurrent writes.,2 / 3.4 / 5 / 10,417,interface-engineer,Snapshot concurrency supplement from source note22b8029c
1,"1,2,3,4",True,independent-verifier,PENDING_NAMED_CANDIDATE,"independent deterministic raw HTTP race captures, observable generation oracle and unchanged independent-process replacement",python snapshot_probe.py --base CURRENT_URL --peer INDEPENDENT_DESTINATION_1 --third INDEPENDENT_DESTINATION_2 --candidate FULL_NAMED_CANDIDATE --out NEW_UNIQUE_DIRECTORY,UNVERIFIED,unverified,Client events expose HTTP response lifetime; server-internal serialization interleaving is not inferred. Private state stays opaque; bounded schedule only.,TK1-snapshot-first-byte-held-3-list-status,list: Concurrent read returns200.,2 / 3.4 / 5 / 10,417,interface-engineer,Snapshot concurrency supplement from source note22b8029c
1,"1,2,3,4",True,independent-verifier,PENDING_NAMED_CANDIDATE,"independent deterministic raw HTTP race captures, observable generation oracle and unchanged independent-process replacement",python snapshot_probe.py --base CURRENT_URL --peer INDEPENDENT_DESTINATION_1 --third INDEPENDENT_DESTINATION_2 --candidate FULL_NAMED_CANDIDATE --out NEW_UNIQUE_DIRECTORY,UNVERIFIED,unverified,Client events expose HTTP response lifetime; server-internal serialization interleaving is not inferred. Private state stays opaque; bounded schedule only.,TK1-snapshot-first-byte-held-3-list-json,list: Entire captured response is valid JSON.,2 / 3.4 / 5 / 10,417,interface-engineer,Snapshot concurrency supplement from source note22b8029c
1,"1,2,3,4",True,independent-verifier,PENDING_NAMED_CANDIDATE,"independent deterministic raw HTTP race captures, observable generation oracle and unchanged independent-process replacement",python snapshot_probe.py --base CURRENT_URL --peer INDEPENDENT_DESTINATION_1 --third INDEPENDENT_DESTINATION_2 --candidate FULL_NAMED_CANDIDATE --out NEW_UNIQUE_DIRECTORY,UNVERIFIED,unverified,Client events expose HTTP response lifetime; server-internal serialization interleaving is not inferred. Private state stays opaque; bounded schedule only.,TK1-snapshot-first-byte-held-3-list-framing,list: Response charset and byte-accurate length remain correct during concurrent writes.,2 / 3.4 / 5 / 10,417,interface-engineer,Snapshot concurrency supplement from source note22b8029c
1,"1,2,3,4",True,independent-verifier,PENDING_NAMED_CANDIDATE,"independent deterministic raw HTTP race captures, observable generation oracle and unchanged independent-process replacement",python snapshot_probe.py --base CURRENT_URL --peer INDEPENDENT_DESTINATION_1 --third INDEPENDENT_DESTINATION_2 --candidate FULL_NAMED_CANDIDATE --out NEW_UNIQUE_DIRECTORY,UNVERIFIED,unverified,Client events expose HTTP response lifetime; server-internal serialization interleaving is not inferred. Private state stays opaque; bounded schedule only.,TK1-snapshot-first-byte-held-3-availability-status,availability: Concurrent read returns200.,2 / 3.4 / 5 / 10,417,interface-engineer,Snapshot concurrency supplement from source note22b8029c
1,"1,2,3,4",True,independent-verifier,PENDING_NAMED_CANDIDATE,"independent deterministic raw HTTP race captures, observable generation oracle and unchanged independent-process replacement",python snapshot_probe.py --base CURRENT_URL --peer INDEPENDENT_DESTINATION_1 --third INDEPENDENT_DESTINATION_2 --candidate FULL_NAMED_CANDIDATE --out NEW_UNIQUE_DIRECTORY,UNVERIFIED,unverified,Client events expose HTTP response lifetime; server-internal serialization interleaving is not inferred. Private state stays opaque; bounded schedule only.,TK1-snapshot-first-byte-held-3-availability-json,availability: Entire captured response is valid JSON.,2 / 3.4 / 5 / 10,417,interface-engineer,Snapshot concurrency supplement from source note22b8029c
1,"1,2,3,4",True,independent-verifier,PENDING_NAMED_CANDIDATE,"independent deterministic raw HTTP race captures, observable generation oracle and unchanged independent-process replacement",python snapshot_probe.py --base CURRENT_URL --peer INDEPENDENT_DESTINATION_1 --third INDEPENDENT_DESTINATION_2 --candidate FULL_NAMED_CANDIDATE --out NEW_UNIQUE_DIRECTORY,UNVERIFIED,unverified,Client events expose HTTP response lifetime; server-internal serialization interleaving is not inferred. Private state stays opaque; bounded schedule only.,TK1-snapshot-first-byte-held-3-availability-framing,availability: Response charset and byte-accurate length remain correct during concurrent writes.,2 / 3.4 / 5 / 10,417,interface-engineer,Snapshot concurrency supplement from source note22b8029c
1,"1,2,3,4",True,independent-verifier,PENDING_NAMED_CANDIDATE,"independent deterministic raw HTTP race captures, observable generation oracle and unchanged independent-process replacement",python snapshot_probe.py --base CURRENT_URL --peer INDEPENDENT_DESTINATION_1 --third INDEPENDENT_DESTINATION_2 --candidate FULL_NAMED_CANDIDATE --out NEW_UNIQUE_DIRECTORY,UNVERIFIED,unverified,Client events expose HTTP response lifetime; server-internal serialization interleaving is not inferred. Private state stays opaque; bounded schedule only.,TK1-snapshot-first-byte-held-3-list-coherent,Read list is one complete legal atomic generation within the concurrent interval.,1 / 8 / 11,417,systems-engineer,Snapshot concurrency supplement from source note22b8029c
1,"1,2,3,4",True,independent-verifier,PENDING_NAMED_CANDIDATE,"independent deterministic raw HTTP race captures, observable generation oracle and unchanged independent-process replacement",python snapshot_probe.py --base CURRENT_URL --peer INDEPENDENT_DESTINATION_1 --third INDEPENDENT_DESTINATION_2 --candidate FULL_NAMED_CANDIDATE --out NEW_UNIQUE_DIRECTORY,UNVERIFIED,unverified,Client events expose HTTP response lifetime; server-internal serialization interleaving is not inferred. Private state stays opaque; bounded schedule only.,TK1-snapshot-first-byte-held-3-list-identities,Read list retains all eight identities/timestamps while moves commit.,8 / 11,417,systems-engineer,Snapshot concurrency supplement from source note22b8029c
1,"1,2,3,4",True,independent-verifier,PENDING_NAMED_CANDIDATE,"independent deterministic raw HTTP race captures, observable generation oracle and unchanged independent-process replacement",python snapshot_probe.py --base CURRENT_URL --peer INDEPENDENT_DESTINATION_1 --third INDEPENDENT_DESTINATION_2 --candidate FULL_NAMED_CANDIDATE --out NEW_UNIQUE_DIRECTORY,UNVERIFIED,unverified,Client events expose HTTP response lifetime; server-internal serialization interleaving is not inferred. Private state stays opaque; bounded schedule only.,TK1-snapshot-first-byte-held-3-availability-coherent,Availability respects the full unchanged occupancy and fixture order during atomic cyclic moves.,1 / 8 / 11,417,systems-engineer,Snapshot concurrency supplement from source note22b8029c
1,"1,2,3,4",True,independent-verifier,PENDING_NAMED_CANDIDATE,"independent deterministic raw HTTP race captures, observable generation oracle and unchanged independent-process replacement",python snapshot_probe.py --base CURRENT_URL --peer INDEPENDENT_DESTINATION_1 --third INDEPENDENT_DESTINATION_2 --candidate FULL_NAMED_CANDIDATE --out NEW_UNIQUE_DIRECTORY,UNVERIFIED,unverified,Client events expose HTTP response lifetime; server-internal serialization interleaving is not inferred. Private state stays opaque; bounded schedule only.,TK1-snapshot-first-byte-held-3-export-envelope,Captured export retains track/version/state envelope.,10,417,systems-engineer,Snapshot concurrency supplement from source note22b8029c
1,"1,2,3,4",True,independent-verifier,PENDING_NAMED_CANDIDATE,"independent deterministic raw HTTP race captures, observable generation oracle and unchanged independent-process replacement",python snapshot_probe.py --base CURRENT_URL --peer INDEPENDENT_DESTINATION_1 --third INDEPENDENT_DESTINATION_2 --candidate FULL_NAMED_CANDIDATE --out NEW_UNIQUE_DIRECTORY,UNVERIFIED,unverified,Client events expose HTTP response lifetime; server-internal serialization interleaving is not inferred. Private state stays opaque; bounded schedule only.,TK1-snapshot-first-byte-held-3-source-readonly,"After writers settle, repeated reads/exports and receipt replays leave complete source state unchanged.",7 / 10,417,systems-engineer,Snapshot concurrency supplement from source note22b8029c
1,"1,2,3,4",True,independent-verifier,PENDING_NAMED_CANDIDATE,"independent deterministic raw HTTP race captures, observable generation oracle and unchanged independent-process replacement",python snapshot_probe.py --base CURRENT_URL --peer INDEPENDENT_DESTINATION_1 --third INDEPENDENT_DESTINATION_2 --candidate FULL_NAMED_CANDIDATE --out NEW_UNIQUE_DIRECTORY,UNVERIFIED,unverified,Client events expose HTTP response lifetime; server-internal serialization interleaving is not inferred. Private state stays opaque; bounded schedule only.,TK1-snapshot-first-byte-held-3-peer-import,Unchanged captured raw export replaces an independent destination204.,6 / 7 / 10 / 11,417,systems-engineer,Snapshot concurrency supplement from source note22b8029c
1,"1,2,3,4",True,independent-verifier,PENDING_NAMED_CANDIDATE,"independent deterministic raw HTTP race captures, observable generation oracle and unchanged independent-process replacement",python snapshot_probe.py --base CURRENT_URL --peer INDEPENDENT_DESTINATION_1 --third INDEPENDENT_DESTINATION_2 --candidate FULL_NAMED_CANDIDATE --out NEW_UNIQUE_DIRECTORY,UNVERIFIED,unverified,Client events expose HTTP response lifetime; server-internal serialization interleaving is not inferred. Private state stays opaque; bounded schedule only.,TK1-snapshot-first-byte-held-3-peer-valid-token,Real source bearer token remains valid after replacement.,6 / 7 / 10 / 11,417,systems-engineer,Snapshot concurrency supplement from source note22b8029c
1,"1,2,3,4",True,independent-verifier,PENDING_NAMED_CANDIDATE,"independent deterministic raw HTTP race captures, observable generation oracle and unchanged independent-process replacement",python snapshot_probe.py --base CURRENT_URL --peer INDEPENDENT_DESTINATION_1 --third INDEPENDENT_DESTINATION_2 --candidate FULL_NAMED_CANDIDATE --out NEW_UNIQUE_DIRECTORY,UNVERIFIED,unverified,Client events expose HTTP response lifetime; server-internal serialization interleaving is not inferred. Private state stays opaque; bounded schedule only.,TK1-snapshot-first-byte-held-3-peer-generation,Imported private records form one complete legal generation.,6 / 7 / 10 / 11,417,systems-engineer,Snapshot concurrency supplement from source note22b8029c
1,"1,2,3,4",True,independent-verifier,PENDING_NAMED_CANDIDATE,"independent deterministic raw HTTP race captures, observable generation oracle and unchanged independent-process replacement",python snapshot_probe.py --base CURRENT_URL --peer INDEPENDENT_DESTINATION_1 --third INDEPENDENT_DESTINATION_2 --candidate FULL_NAMED_CANDIDATE --out NEW_UNIQUE_DIRECTORY,UNVERIFIED,unverified,Client events expose HTTP response lifetime; server-internal serialization interleaving is not inferred. Private state stays opaque; bounded schedule only.,TK1-snapshot-first-byte-held-3-peer-identities,All imported source identities/statuses/timestamps remain unchanged.,6 / 7 / 10 / 11,417,systems-engineer,Snapshot concurrency supplement from source note22b8029c
1,"1,2,3,4",True,independent-verifier,PENDING_NAMED_CANDIDATE,"independent deterministic raw HTTP race captures, observable generation oracle and unchanged independent-process replacement",python snapshot_probe.py --base CURRENT_URL --peer INDEPENDENT_DESTINATION_1 --third INDEPENDENT_DESTINATION_2 --candidate FULL_NAMED_CANDIDATE --out NEW_UNIQUE_DIRECTORY,UNVERIFIED,unverified,Client events expose HTTP response lifetime; server-internal serialization interleaving is not inferred. Private state stays opaque; bounded schedule only.,TK1-snapshot-first-byte-held-3-peer-old-token-removed,Replacement removes the destination's previous session.,6 / 7 / 10 / 11,417,systems-engineer,Snapshot concurrency supplement from source note22b8029c
1,"1,2,3,4",True,independent-verifier,PENDING_NAMED_CANDIDATE,"independent deterministic raw HTTP race captures, observable generation oracle and unchanged independent-process replacement",python snapshot_probe.py --base CURRENT_URL --peer INDEPENDENT_DESTINATION_1 --third INDEPENDENT_DESTINATION_2 --candidate FULL_NAMED_CANDIDATE --out NEW_UNIQUE_DIRECTORY,UNVERIFIED,unverified,Client events expose HTTP response lifetime; server-internal serialization interleaving is not inferred. Private state stays opaque; bounded schedule only.,TK1-snapshot-first-byte-held-3-peer-old-records-removed,Replacement removes previous destination records.,6 / 7 / 10 / 11,417,systems-engineer,Snapshot concurrency supplement from source note22b8029c
1,"1,2,3,4",True,independent-verifier,PENDING_NAMED_CANDIDATE,"independent deterministic raw HTTP race captures, observable generation oracle and unchanged independent-process replacement",python snapshot_probe.py --base CURRENT_URL --peer INDEPENDENT_DESTINATION_1 --third INDEPENDENT_DESTINATION_2 --candidate FULL_NAMED_CANDIDATE --out NEW_UNIQUE_DIRECTORY,UNVERIFIED,unverified,Client events expose HTTP response lifetime; server-internal serialization interleaving is not inferred. Private state stays opaque; bounded schedule only.,TK1-snapshot-first-byte-held-3-peer-create-receipts,Every successful original create receipt replays200 with its exact original response.,6 / 7 / 10 / 11,417,systems-engineer,Snapshot concurrency supplement from source note22b8029c
1,"1,2,3,4",True,independent-verifier,PENDING_NAMED_CANDIDATE,"independent deterministic raw HTTP race captures, observable generation oracle and unchanged independent-process replacement",python snapshot_probe.py --base CURRENT_URL --peer INDEPENDENT_DESTINATION_1 --third INDEPENDENT_DESTINATION_2 --candidate FULL_NAMED_CANDIDATE --out NEW_UNIQUE_DIRECTORY,UNVERIFIED,unverified,Client events expose HTTP response lifetime; server-internal serialization interleaving is not inferred. Private state stays opaque; bounded schedule only.,TK1-snapshot-first-byte-held-3-peer-move-receipts,Every move committed in the captured generation's prefix replays200 with its exact original response.,6 / 7 / 10 / 11,417,systems-engineer,Snapshot concurrency supplement from source note22b8029c
1,"1,2,3,4",True,independent-verifier,PENDING_NAMED_CANDIDATE,"independent deterministic raw HTTP race captures, observable generation oracle and unchanged independent-process replacement",python snapshot_probe.py --base CURRENT_URL --peer INDEPENDENT_DESTINATION_1 --third INDEPENDENT_DESTINATION_2 --candidate FULL_NAMED_CANDIDATE --out NEW_UNIQUE_DIRECTORY,UNVERIFIED,unverified,Client events expose HTTP response lifetime; server-internal serialization interleaving is not inferred. Private state stays opaque; bounded schedule only.,TK1-snapshot-first-byte-held-3-peer-future-keys-absent,Moves after the captured generation have no successful retry receipt; a changed invalid body gets422 rather than used-key409.,6 / 7 / 10 / 11,417,systems-engineer,Snapshot concurrency supplement from source note22b8029c
1,"1,2,3,4",True,independent-verifier,PENDING_NAMED_CANDIDATE,"independent deterministic raw HTTP race captures, observable generation oracle and unchanged independent-process replacement",python snapshot_probe.py --base CURRENT_URL --peer INDEPENDENT_DESTINATION_1 --third INDEPENDENT_DESTINATION_2 --candidate FULL_NAMED_CANDIDATE --out NEW_UNIQUE_DIRECTORY,UNVERIFIED,unverified,Client events expose HTTP response lifetime; server-internal serialization interleaving is not inferred. Private state stays opaque; bounded schedule only.,TK1-snapshot-first-byte-held-3-peer-replay-readonly,All original replays leave the entire imported snapshot unchanged.,6 / 7 / 10 / 11,417,systems-engineer,Snapshot concurrency supplement from source note22b8029c
1,"1,2,3,4",True,independent-verifier,PENDING_NAMED_CANDIDATE,"independent deterministic raw HTTP race captures, observable generation oracle and unchanged independent-process replacement",python snapshot_probe.py --base CURRENT_URL --peer INDEPENDENT_DESTINATION_1 --third INDEPENDENT_DESTINATION_2 --candidate FULL_NAMED_CANDIDATE --out NEW_UNIQUE_DIRECTORY,UNVERIFIED,unverified,Client events expose HTTP response lifetime; server-internal serialization interleaving is not inferred. Private state stays opaque; bounded schedule only.,TK1-snapshot-first-byte-held-3-peer-repeat-import,Repeating unchanged replacement204 preserves full exact snapshot without duplication.,6 / 7 / 10 / 11,417,systems-engineer,Snapshot concurrency supplement from source note22b8029c
1,"1,2,3,4",True,independent-verifier,PENDING_NAMED_CANDIDATE,"independent deterministic raw HTTP race captures, observable generation oracle and unchanged independent-process replacement",python snapshot_probe.py --base CURRENT_URL --peer INDEPENDENT_DESTINATION_1 --third INDEPENDENT_DESTINATION_2 --candidate FULL_NAMED_CANDIDATE --out NEW_UNIQUE_DIRECTORY,UNVERIFIED,unverified,Client events expose HTTP response lifetime; server-internal serialization interleaving is not inferred. Private state stays opaque; bounded schedule only.,TK1-snapshot-first-byte-held-3-peer-captured-unchanged,Destination export remains the exact captured snapshot after later source writes and replays.,6 / 7 / 10 / 11,417,systems-engineer,Snapshot concurrency supplement from source note22b8029c
1,"1,2,3,4",True,independent-verifier,PENDING_NAMED_CANDIDATE,"independent deterministic raw HTTP race captures, observable generation oracle and unchanged independent-process replacement",python snapshot_probe.py --base CURRENT_URL --peer INDEPENDENT_DESTINATION_1 --third INDEPENDENT_DESTINATION_2 --candidate FULL_NAMED_CANDIDATE --out NEW_UNIQUE_DIRECTORY,UNVERIFIED,unverified,Client events expose HTTP response lifetime; server-internal serialization interleaving is not inferred. Private state stays opaque; bounded schedule only.,TK1-snapshot-first-byte-held-3-third-import,Unchanged captured raw export replaces an independent destination204.,6 / 7 / 10 / 11,417,systems-engineer,Snapshot concurrency supplement from source note22b8029c
1,"1,2,3,4",True,independent-verifier,PENDING_NAMED_CANDIDATE,"independent deterministic raw HTTP race captures, observable generation oracle and unchanged independent-process replacement",python snapshot_probe.py --base CURRENT_URL --peer INDEPENDENT_DESTINATION_1 --third INDEPENDENT_DESTINATION_2 --candidate FULL_NAMED_CANDIDATE --out NEW_UNIQUE_DIRECTORY,UNVERIFIED,unverified,Client events expose HTTP response lifetime; server-internal serialization interleaving is not inferred. Private state stays opaque; bounded schedule only.,TK1-snapshot-first-byte-held-3-third-valid-token,Real source bearer token remains valid after replacement.,6 / 7 / 10 / 11,417,systems-engineer,Snapshot concurrency supplement from source note22b8029c
1,"1,2,3,4",True,independent-verifier,PENDING_NAMED_CANDIDATE,"independent deterministic raw HTTP race captures, observable generation oracle and unchanged independent-process replacement",python snapshot_probe.py --base CURRENT_URL --peer INDEPENDENT_DESTINATION_1 --third INDEPENDENT_DESTINATION_2 --candidate FULL_NAMED_CANDIDATE --out NEW_UNIQUE_DIRECTORY,UNVERIFIED,unverified,Client events expose HTTP response lifetime; server-internal serialization interleaving is not inferred. Private state stays opaque; bounded schedule only.,TK1-snapshot-first-byte-held-3-third-generation,Imported private records form one complete legal generation.,6 / 7 / 10 / 11,417,systems-engineer,Snapshot concurrency supplement from source note22b8029c
1,"1,2,3,4",True,independent-verifier,PENDING_NAMED_CANDIDATE,"independent deterministic raw HTTP race captures, observable generation oracle and unchanged independent-process replacement",python snapshot_probe.py --base CURRENT_URL --peer INDEPENDENT_DESTINATION_1 --third INDEPENDENT_DESTINATION_2 --candidate FULL_NAMED_CANDIDATE --out NEW_UNIQUE_DIRECTORY,UNVERIFIED,unverified,Client events expose HTTP response lifetime; server-internal serialization interleaving is not inferred. Private state stays opaque; bounded schedule only.,TK1-snapshot-first-byte-held-3-third-identities,All imported source identities/statuses/timestamps remain unchanged.,6 / 7 / 10 / 11,417,systems-engineer,Snapshot concurrency supplement from source note22b8029c
1,"1,2,3,4",True,independent-verifier,PENDING_NAMED_CANDIDATE,"independent deterministic raw HTTP race captures, observable generation oracle and unchanged independent-process replacement",python snapshot_probe.py --base CURRENT_URL --peer INDEPENDENT_DESTINATION_1 --third INDEPENDENT_DESTINATION_2 --candidate FULL_NAMED_CANDIDATE --out NEW_UNIQUE_DIRECTORY,UNVERIFIED,unverified,Client events expose HTTP response lifetime; server-internal serialization interleaving is not inferred. Private state stays opaque; bounded schedule only.,TK1-snapshot-first-byte-held-3-third-old-token-removed,Replacement removes the destination's previous session.,6 / 7 / 10 / 11,417,systems-engineer,Snapshot concurrency supplement from source note22b8029c
1,"1,2,3,4",True,independent-verifier,PENDING_NAMED_CANDIDATE,"independent deterministic raw HTTP race captures, observable generation oracle and unchanged independent-process replacement",python snapshot_probe.py --base CURRENT_URL --peer INDEPENDENT_DESTINATION_1 --third INDEPENDENT_DESTINATION_2 --candidate FULL_NAMED_CANDIDATE --out NEW_UNIQUE_DIRECTORY,UNVERIFIED,unverified,Client events expose HTTP response lifetime; server-internal serialization interleaving is not inferred. Private state stays opaque; bounded schedule only.,TK1-snapshot-first-byte-held-3-third-old-records-removed,Replacement removes previous destination records.,6 / 7 / 10 / 11,417,systems-engineer,Snapshot concurrency supplement from source note22b8029c
1,"1,2,3,4",True,independent-verifier,PENDING_NAMED_CANDIDATE,"independent deterministic raw HTTP race captures, observable generation oracle and unchanged independent-process replacement",python snapshot_probe.py --base CURRENT_URL --peer INDEPENDENT_DESTINATION_1 --third INDEPENDENT_DESTINATION_2 --candidate FULL_NAMED_CANDIDATE --out NEW_UNIQUE_DIRECTORY,UNVERIFIED,unverified,Client events expose HTTP response lifetime; server-internal serialization interleaving is not inferred. Private state stays opaque; bounded schedule only.,TK1-snapshot-first-byte-held-3-third-create-receipts,Every successful original create receipt replays200 with its exact original response.,6 / 7 / 10 / 11,417,systems-engineer,Snapshot concurrency supplement from source note22b8029c
1,"1,2,3,4",True,independent-verifier,PENDING_NAMED_CANDIDATE,"independent deterministic raw HTTP race captures, observable generation oracle and unchanged independent-process replacement",python snapshot_probe.py --base CURRENT_URL --peer INDEPENDENT_DESTINATION_1 --third INDEPENDENT_DESTINATION_2 --candidate FULL_NAMED_CANDIDATE --out NEW_UNIQUE_DIRECTORY,UNVERIFIED,unverified,Client events expose HTTP response lifetime; server-internal serialization interleaving is not inferred. Private state stays opaque; bounded schedule only.,TK1-snapshot-first-byte-held-3-third-move-receipts,Every move committed in the captured generation's prefix replays200 with its exact original response.,6 / 7 / 10 / 11,417,systems-engineer,Snapshot concurrency supplement from source note22b8029c
1,"1,2,3,4",True,independent-verifier,PENDING_NAMED_CANDIDATE,"independent deterministic raw HTTP race captures, observable generation oracle and unchanged independent-process replacement",python snapshot_probe.py --base CURRENT_URL --peer INDEPENDENT_DESTINATION_1 --third INDEPENDENT_DESTINATION_2 --candidate FULL_NAMED_CANDIDATE --out NEW_UNIQUE_DIRECTORY,UNVERIFIED,unverified,Client events expose HTTP response lifetime; server-internal serialization interleaving is not inferred. Private state stays opaque; bounded schedule only.,TK1-snapshot-first-byte-held-3-third-future-keys-absent,Moves after the captured generation have no successful retry receipt; a changed invalid body gets422 rather than used-key409.,6 / 7 / 10 / 11,417,systems-engineer,Snapshot concurrency supplement from source note22b8029c
1,"1,2,3,4",True,independent-verifier,PENDING_NAMED_CANDIDATE,"independent deterministic raw HTTP race captures, observable generation oracle and unchanged independent-process replacement",python snapshot_probe.py --base CURRENT_URL --peer INDEPENDENT_DESTINATION_1 --third INDEPENDENT_DESTINATION_2 --candidate FULL_NAMED_CANDIDATE --out NEW_UNIQUE_DIRECTORY,UNVERIFIED,unverified,Client events expose HTTP response lifetime; server-internal serialization interleaving is not inferred. Private state stays opaque; bounded schedule only.,TK1-snapshot-first-byte-held-3-third-replay-readonly,All original replays leave the entire imported snapshot unchanged.,6 / 7 / 10 / 11,417,systems-engineer,Snapshot concurrency supplement from source note22b8029c
1,"1,2,3,4",True,independent-verifier,PENDING_NAMED_CANDIDATE,"independent deterministic raw HTTP race captures, observable generation oracle and unchanged independent-process replacement",python snapshot_probe.py --base CURRENT_URL --peer INDEPENDENT_DESTINATION_1 --third INDEPENDENT_DESTINATION_2 --candidate FULL_NAMED_CANDIDATE --out NEW_UNIQUE_DIRECTORY,UNVERIFIED,unverified,Client events expose HTTP response lifetime; server-internal serialization interleaving is not inferred. Private state stays opaque; bounded schedule only.,TK1-snapshot-first-byte-held-3-third-repeat-import,Repeating unchanged replacement204 preserves full exact snapshot without duplication.,6 / 7 / 10 / 11,417,systems-engineer,Snapshot concurrency supplement from source note22b8029c
1,"1,2,3,4",True,independent-verifier,PENDING_NAMED_CANDIDATE,"independent deterministic raw HTTP race captures, observable generation oracle and unchanged independent-process replacement",python snapshot_probe.py --base CURRENT_URL --peer INDEPENDENT_DESTINATION_1 --third INDEPENDENT_DESTINATION_2 --candidate FULL_NAMED_CANDIDATE --out NEW_UNIQUE_DIRECTORY,UNVERIFIED,unverified,Client events expose HTTP response lifetime; server-internal serialization interleaving is not inferred. Private state stays opaque; bounded schedule only.,TK1-snapshot-first-byte-held-3-third-captured-unchanged,Destination export remains the exact captured snapshot after later source writes and replays.,6 / 7 / 10 / 11,417,systems-engineer,Snapshot concurrency supplement from source note22b8029c
1,"1,2,3,4",True,independent-verifier,PENDING_NAMED_CANDIDATE,"independent deterministic raw HTTP race captures, observable generation oracle and unchanged independent-process replacement",python snapshot_probe.py --base CURRENT_URL --peer INDEPENDENT_DESTINATION_1 --third INDEPENDENT_DESTINATION_2 --candidate FULL_NAMED_CANDIDATE --out NEW_UNIQUE_DIRECTORY,UNVERIFIED,unverified,Client events expose HTTP response lifetime; server-internal serialization interleaving is not inferred. Private state stays opaque; bounded schedule only.,TK1-snapshot-send-held-write-1-status,Atomic eight-record move first use succeeds201.,7 / 11,417,systems-engineer,Snapshot concurrency supplement from source note22b8029c
1,"1,2,3,4",True,independent-verifier,PENDING_NAMED_CANDIDATE,"independent deterministic raw HTTP race captures, observable generation oracle and unchanged independent-process replacement",python snapshot_probe.py --base CURRENT_URL --peer INDEPENDENT_DESTINATION_1 --third INDEPENDENT_DESTINATION_2 --candidate FULL_NAMED_CANDIDATE --out NEW_UNIQUE_DIRECTORY,UNVERIFIED,unverified,Client events expose HTTP response lifetime; server-internal serialization interleaving is not inferred. Private state stays opaque; bounded schedule only.,TK1-snapshot-send-held-write-1-order,Successful move receipt retains input order and exact complete generation state.,11,417,systems-engineer,Snapshot concurrency supplement from source note22b8029c
1,"1,2,3,4",True,independent-verifier,PENDING_NAMED_CANDIDATE,"independent deterministic raw HTTP race captures, observable generation oracle and unchanged independent-process replacement",python snapshot_probe.py --base CURRENT_URL --peer INDEPENDENT_DESTINATION_1 --third INDEPENDENT_DESTINATION_2 --candidate FULL_NAMED_CANDIDATE --out NEW_UNIQUE_DIRECTORY,UNVERIFIED,unverified,Client events expose HTTP response lifetime; server-internal serialization interleaving is not inferred. Private state stays opaque; bounded schedule only.,TK1-snapshot-send-held-write-2-status,Atomic eight-record move first use succeeds201.,7 / 11,417,systems-engineer,Snapshot concurrency supplement from source note22b8029c
1,"1,2,3,4",True,independent-verifier,PENDING_NAMED_CANDIDATE,"independent deterministic raw HTTP race captures, observable generation oracle and unchanged independent-process replacement",python snapshot_probe.py --base CURRENT_URL --peer INDEPENDENT_DESTINATION_1 --third INDEPENDENT_DESTINATION_2 --candidate FULL_NAMED_CANDIDATE --out NEW_UNIQUE_DIRECTORY,UNVERIFIED,unverified,Client events expose HTTP response lifetime; server-internal serialization interleaving is not inferred. Private state stays opaque; bounded schedule only.,TK1-snapshot-send-held-write-2-order,Successful move receipt retains input order and exact complete generation state.,11,417,systems-engineer,Snapshot concurrency supplement from source note22b8029c
1,"1,2,3,4",True,independent-verifier,PENDING_NAMED_CANDIDATE,"independent deterministic raw HTTP race captures, observable generation oracle and unchanged independent-process replacement",python snapshot_probe.py --base CURRENT_URL --peer INDEPENDENT_DESTINATION_1 --third INDEPENDENT_DESTINATION_2 --candidate FULL_NAMED_CANDIDATE --out NEW_UNIQUE_DIRECTORY,UNVERIFIED,unverified,Client events expose HTTP response lifetime; server-internal serialization interleaving is not inferred. Private state stays opaque; bounded schedule only.,TK1-snapshot-send-held-write-3-status,Atomic eight-record move first use succeeds201.,7 / 11,417,systems-engineer,Snapshot concurrency supplement from source note22b8029c
1,"1,2,3,4",True,independent-verifier,PENDING_NAMED_CANDIDATE,"independent deterministic raw HTTP race captures, observable generation oracle and unchanged independent-process replacement",python snapshot_probe.py --base CURRENT_URL --peer INDEPENDENT_DESTINATION_1 --third INDEPENDENT_DESTINATION_2 --candidate FULL_NAMED_CANDIDATE --out NEW_UNIQUE_DIRECTORY,UNVERIFIED,unverified,Client events expose HTTP response lifetime; server-internal serialization interleaving is not inferred. Private state stays opaque; bounded schedule only.,TK1-snapshot-send-held-write-3-order,Successful move receipt retains input order and exact complete generation state.,11,417,systems-engineer,Snapshot concurrency supplement from source note22b8029c
1,"1,2,3,4",True,independent-verifier,PENDING_NAMED_CANDIDATE,"independent deterministic raw HTTP race captures, observable generation oracle and unchanged independent-process replacement",python snapshot_probe.py --base CURRENT_URL --peer INDEPENDENT_DESTINATION_1 --third INDEPENDENT_DESTINATION_2 --candidate FULL_NAMED_CANDIDATE --out NEW_UNIQUE_DIRECTORY,UNVERIFIED,unverified,Client events expose HTTP response lifetime; server-internal serialization interleaving is not inferred. Private state stays opaque; bounded schedule only.,TK1-snapshot-send-held-write-4-status,Atomic eight-record move first use succeeds201.,7 / 11,417,systems-engineer,Snapshot concurrency supplement from source note22b8029c
1,"1,2,3,4",True,independent-verifier,PENDING_NAMED_CANDIDATE,"independent deterministic raw HTTP race captures, observable generation oracle and unchanged independent-process replacement",python snapshot_probe.py --base CURRENT_URL --peer INDEPENDENT_DESTINATION_1 --third INDEPENDENT_DESTINATION_2 --candidate FULL_NAMED_CANDIDATE --out NEW_UNIQUE_DIRECTORY,UNVERIFIED,unverified,Client events expose HTTP response lifetime; server-internal serialization interleaving is not inferred. Private state stays opaque; bounded schedule only.,TK1-snapshot-send-held-write-4-order,Successful move receipt retains input order and exact complete generation state.,11,417,systems-engineer,Snapshot concurrency supplement from source note22b8029c
1,"1,2,3,4",True,independent-verifier,PENDING_NAMED_CANDIDATE,"independent deterministic raw HTTP race captures, observable generation oracle and unchanged independent-process replacement",python snapshot_probe.py --base CURRENT_URL --peer INDEPENDENT_DESTINATION_1 --third INDEPENDENT_DESTINATION_2 --candidate FULL_NAMED_CANDIDATE --out NEW_UNIQUE_DIRECTORY,UNVERIFIED,unverified,Client events expose HTTP response lifetime; server-internal serialization interleaving is not inferred. Private state stays opaque; bounded schedule only.,TK1-snapshot-send-held-write-5-status,Atomic eight-record move first use succeeds201.,7 / 11,417,systems-engineer,Snapshot concurrency supplement from source note22b8029c
1,"1,2,3,4",True,independent-verifier,PENDING_NAMED_CANDIDATE,"independent deterministic raw HTTP race captures, observable generation oracle and unchanged independent-process replacement",python snapshot_probe.py --base CURRENT_URL --peer INDEPENDENT_DESTINATION_1 --third INDEPENDENT_DESTINATION_2 --candidate FULL_NAMED_CANDIDATE --out NEW_UNIQUE_DIRECTORY,UNVERIFIED,unverified,Client events expose HTTP response lifetime; server-internal serialization interleaving is not inferred. Private state stays opaque; bounded schedule only.,TK1-snapshot-send-held-write-5-order,Successful move receipt retains input order and exact complete generation state.,11,417,systems-engineer,Snapshot concurrency supplement from source note22b8029c
1,"1,2,3,4",True,independent-verifier,PENDING_NAMED_CANDIDATE,"independent deterministic raw HTTP race captures, observable generation oracle and unchanged independent-process replacement",python snapshot_probe.py --base CURRENT_URL --peer INDEPENDENT_DESTINATION_1 --third INDEPENDENT_DESTINATION_2 --candidate FULL_NAMED_CANDIDATE --out NEW_UNIQUE_DIRECTORY,UNVERIFIED,unverified,Client events expose HTTP response lifetime; server-internal serialization interleaving is not inferred. Private state stays opaque; bounded schedule only.,TK1-snapshot-send-held-write-6-status,Atomic eight-record move first use succeeds201.,7 / 11,417,systems-engineer,Snapshot concurrency supplement from source note22b8029c
1,"1,2,3,4",True,independent-verifier,PENDING_NAMED_CANDIDATE,"independent deterministic raw HTTP race captures, observable generation oracle and unchanged independent-process replacement",python snapshot_probe.py --base CURRENT_URL --peer INDEPENDENT_DESTINATION_1 --third INDEPENDENT_DESTINATION_2 --candidate FULL_NAMED_CANDIDATE --out NEW_UNIQUE_DIRECTORY,UNVERIFIED,unverified,Client events expose HTTP response lifetime; server-internal serialization interleaving is not inferred. Private state stays opaque; bounded schedule only.,TK1-snapshot-send-held-write-6-order,Successful move receipt retains input order and exact complete generation state.,11,417,systems-engineer,Snapshot concurrency supplement from source note22b8029c
1,"1,2,3,4",True,independent-verifier,PENDING_NAMED_CANDIDATE,"independent deterministic raw HTTP race captures, observable generation oracle and unchanged independent-process replacement",python snapshot_probe.py --base CURRENT_URL --peer INDEPENDENT_DESTINATION_1 --third INDEPENDENT_DESTINATION_2 --candidate FULL_NAMED_CANDIDATE --out NEW_UNIQUE_DIRECTORY,UNVERIFIED,unverified,Client events expose HTTP response lifetime; server-internal serialization interleaving is not inferred. Private state stays opaque; bounded schedule only.,TK1-snapshot-send-held-write-7-status,Atomic eight-record move first use succeeds201.,7 / 11,417,systems-engineer,Snapshot concurrency supplement from source note22b8029c
1,"1,2,3,4",True,independent-verifier,PENDING_NAMED_CANDIDATE,"independent deterministic raw HTTP race captures, observable generation oracle and unchanged independent-process replacement",python snapshot_probe.py --base CURRENT_URL --peer INDEPENDENT_DESTINATION_1 --third INDEPENDENT_DESTINATION_2 --candidate FULL_NAMED_CANDIDATE --out NEW_UNIQUE_DIRECTORY,UNVERIFIED,unverified,Client events expose HTTP response lifetime; server-internal serialization interleaving is not inferred. Private state stays opaque; bounded schedule only.,TK1-snapshot-send-held-write-7-order,Successful move receipt retains input order and exact complete generation state.,11,417,systems-engineer,Snapshot concurrency supplement from source note22b8029c
1,"1,2,3,4",True,independent-verifier,PENDING_NAMED_CANDIDATE,"independent deterministic raw HTTP race captures, observable generation oracle and unchanged independent-process replacement",python snapshot_probe.py --base CURRENT_URL --peer INDEPENDENT_DESTINATION_1 --third INDEPENDENT_DESTINATION_2 --candidate FULL_NAMED_CANDIDATE --out NEW_UNIQUE_DIRECTORY,UNVERIFIED,unverified,Client events expose HTTP response lifetime; server-internal serialization interleaving is not inferred. Private state stays opaque; bounded schedule only.,TK1-snapshot-send-held-write-8-status,Atomic eight-record move first use succeeds201.,7 / 11,417,systems-engineer,Snapshot concurrency supplement from source note22b8029c
1,"1,2,3,4",True,independent-verifier,PENDING_NAMED_CANDIDATE,"independent deterministic raw HTTP race captures, observable generation oracle and unchanged independent-process replacement",python snapshot_probe.py --base CURRENT_URL --peer INDEPENDENT_DESTINATION_1 --third INDEPENDENT_DESTINATION_2 --candidate FULL_NAMED_CANDIDATE --out NEW_UNIQUE_DIRECTORY,UNVERIFIED,unverified,Client events expose HTTP response lifetime; server-internal serialization interleaving is not inferred. Private state stays opaque; bounded schedule only.,TK1-snapshot-send-held-write-8-order,Successful move receipt retains input order and exact complete generation state.,11,417,systems-engineer,Snapshot concurrency supplement from source note22b8029c
1,"1,2,3,4",True,independent-verifier,PENDING_NAMED_CANDIDATE,"independent deterministic raw HTTP race captures, observable generation oracle and unchanged independent-process replacement",python snapshot_probe.py --base CURRENT_URL --peer INDEPENDENT_DESTINATION_1 --third INDEPENDENT_DESTINATION_2 --candidate FULL_NAMED_CANDIDATE --out NEW_UNIQUE_DIRECTORY,UNVERIFIED,unverified,Client events expose HTTP response lifetime; server-internal serialization interleaving is not inferred. Private state stays opaque; bounded schedule only.,TK1-snapshot-send-held-write-9-status,Atomic eight-record move first use succeeds201.,7 / 11,417,systems-engineer,Snapshot concurrency supplement from source note22b8029c
1,"1,2,3,4",True,independent-verifier,PENDING_NAMED_CANDIDATE,"independent deterministic raw HTTP race captures, observable generation oracle and unchanged independent-process replacement",python snapshot_probe.py --base CURRENT_URL --peer INDEPENDENT_DESTINATION_1 --third INDEPENDENT_DESTINATION_2 --candidate FULL_NAMED_CANDIDATE --out NEW_UNIQUE_DIRECTORY,UNVERIFIED,unverified,Client events expose HTTP response lifetime; server-internal serialization interleaving is not inferred. Private state stays opaque; bounded schedule only.,TK1-snapshot-send-held-write-9-order,Successful move receipt retains input order and exact complete generation state.,11,417,systems-engineer,Snapshot concurrency supplement from source note22b8029c
1,"1,2,3,4",True,independent-verifier,PENDING_NAMED_CANDIDATE,"independent deterministic raw HTTP race captures, observable generation oracle and unchanged independent-process replacement",python snapshot_probe.py --base CURRENT_URL --peer INDEPENDENT_DESTINATION_1 --third INDEPENDENT_DESTINATION_2 --candidate FULL_NAMED_CANDIDATE --out NEW_UNIQUE_DIRECTORY,UNVERIFIED,unverified,Client events expose HTTP response lifetime; server-internal serialization interleaving is not inferred. Private state stays opaque; bounded schedule only.,TK1-snapshot-send-held-write-10-status,Atomic eight-record move first use succeeds201.,7 / 11,417,systems-engineer,Snapshot concurrency supplement from source note22b8029c
1,"1,2,3,4",True,independent-verifier,PENDING_NAMED_CANDIDATE,"independent deterministic raw HTTP race captures, observable generation oracle and unchanged independent-process replacement",python snapshot_probe.py --base CURRENT_URL --peer INDEPENDENT_DESTINATION_1 --third INDEPENDENT_DESTINATION_2 --candidate FULL_NAMED_CANDIDATE --out NEW_UNIQUE_DIRECTORY,UNVERIFIED,unverified,Client events expose HTTP response lifetime; server-internal serialization interleaving is not inferred. Private state stays opaque; bounded schedule only.,TK1-snapshot-send-held-write-10-order,Successful move receipt retains input order and exact complete generation state.,11,417,systems-engineer,Snapshot concurrency supplement from source note22b8029c
1,"1,2,3,4",True,independent-verifier,PENDING_NAMED_CANDIDATE,"independent deterministic raw HTTP race captures, observable generation oracle and unchanged independent-process replacement",python snapshot_probe.py --base CURRENT_URL --peer INDEPENDENT_DESTINATION_1 --third INDEPENDENT_DESTINATION_2 --candidate FULL_NAMED_CANDIDATE --out NEW_UNIQUE_DIRECTORY,UNVERIFIED,unverified,Client events expose HTTP response lifetime; server-internal serialization interleaving is not inferred. Private state stays opaque; bounded schedule only.,TK1-snapshot-send-held-write-11-status,Atomic eight-record move first use succeeds201.,7 / 11,417,systems-engineer,Snapshot concurrency supplement from source note22b8029c
1,"1,2,3,4",True,independent-verifier,PENDING_NAMED_CANDIDATE,"independent deterministic raw HTTP race captures, observable generation oracle and unchanged independent-process replacement",python snapshot_probe.py --base CURRENT_URL --peer INDEPENDENT_DESTINATION_1 --third INDEPENDENT_DESTINATION_2 --candidate FULL_NAMED_CANDIDATE --out NEW_UNIQUE_DIRECTORY,UNVERIFIED,unverified,Client events expose HTTP response lifetime; server-internal serialization interleaving is not inferred. Private state stays opaque; bounded schedule only.,TK1-snapshot-send-held-write-11-order,Successful move receipt retains input order and exact complete generation state.,11,417,systems-engineer,Snapshot concurrency supplement from source note22b8029c
1,"1,2,3,4",True,independent-verifier,PENDING_NAMED_CANDIDATE,"independent deterministic raw HTTP race captures, observable generation oracle and unchanged independent-process replacement",python snapshot_probe.py --base CURRENT_URL --peer INDEPENDENT_DESTINATION_1 --third INDEPENDENT_DESTINATION_2 --candidate FULL_NAMED_CANDIDATE --out NEW_UNIQUE_DIRECTORY,UNVERIFIED,unverified,Client events expose HTTP response lifetime; server-internal serialization interleaving is not inferred. Private state stays opaque; bounded schedule only.,TK1-snapshot-send-held-write-12-status,Atomic eight-record move first use succeeds201.,7 / 11,417,systems-engineer,Snapshot concurrency supplement from source note22b8029c
1,"1,2,3,4",True,independent-verifier,PENDING_NAMED_CANDIDATE,"independent deterministic raw HTTP race captures, observable generation oracle and unchanged independent-process replacement",python snapshot_probe.py --base CURRENT_URL --peer INDEPENDENT_DESTINATION_1 --third INDEPENDENT_DESTINATION_2 --candidate FULL_NAMED_CANDIDATE --out NEW_UNIQUE_DIRECTORY,UNVERIFIED,unverified,Client events expose HTTP response lifetime; server-internal serialization interleaving is not inferred. Private state stays opaque; bounded schedule only.,TK1-snapshot-send-held-write-12-order,Successful move receipt retains input order and exact complete generation state.,11,417,systems-engineer,Snapshot concurrency supplement from source note22b8029c
1,"1,2,3,4",True,independent-verifier,PENDING_NAMED_CANDIDATE,"independent deterministic raw HTTP race captures, observable generation oracle and unchanged independent-process replacement",python snapshot_probe.py --base CURRENT_URL --peer INDEPENDENT_DESTINATION_1 --third INDEPENDENT_DESTINATION_2 --candidate FULL_NAMED_CANDIDATE --out NEW_UNIQUE_DIRECTORY,UNVERIFIED,unverified,Client events expose HTTP response lifetime; server-internal serialization interleaving is not inferred. Private state stays opaque; bounded schedule only.,TK1-snapshot-send-held-0-export-status,export: Concurrent read returns200.,2 / 3.4 / 5 / 10,417,interface-engineer,Snapshot concurrency supplement from source note22b8029c
1,"1,2,3,4",True,independent-verifier,PENDING_NAMED_CANDIDATE,"independent deterministic raw HTTP race captures, observable generation oracle and unchanged independent-process replacement",python snapshot_probe.py --base CURRENT_URL --peer INDEPENDENT_DESTINATION_1 --third INDEPENDENT_DESTINATION_2 --candidate FULL_NAMED_CANDIDATE --out NEW_UNIQUE_DIRECTORY,UNVERIFIED,unverified,Client events expose HTTP response lifetime; server-internal serialization interleaving is not inferred. Private state stays opaque; bounded schedule only.,TK1-snapshot-send-held-0-export-json,export: Entire captured response is valid JSON.,2 / 3.4 / 5 / 10,417,interface-engineer,Snapshot concurrency supplement from source note22b8029c
1,"1,2,3,4",True,independent-verifier,PENDING_NAMED_CANDIDATE,"independent deterministic raw HTTP race captures, observable generation oracle and unchanged independent-process replacement",python snapshot_probe.py --base CURRENT_URL --peer INDEPENDENT_DESTINATION_1 --third INDEPENDENT_DESTINATION_2 --candidate FULL_NAMED_CANDIDATE --out NEW_UNIQUE_DIRECTORY,UNVERIFIED,unverified,Client events expose HTTP response lifetime; server-internal serialization interleaving is not inferred. Private state stays opaque; bounded schedule only.,TK1-snapshot-send-held-0-export-framing,export: Response charset and byte-accurate length remain correct during concurrent writes.,2 / 3.4 / 5 / 10,417,interface-engineer,Snapshot concurrency supplement from source note22b8029c
1,"1,2,3,4",True,independent-verifier,PENDING_NAMED_CANDIDATE,"independent deterministic raw HTTP race captures, observable generation oracle and unchanged independent-process replacement",python snapshot_probe.py --base CURRENT_URL --peer INDEPENDENT_DESTINATION_1 --third INDEPENDENT_DESTINATION_2 --candidate FULL_NAMED_CANDIDATE --out NEW_UNIQUE_DIRECTORY,UNVERIFIED,unverified,Client events expose HTTP response lifetime; server-internal serialization interleaving is not inferred. Private state stays opaque; bounded schedule only.,TK1-snapshot-send-held-0-list-status,list: Concurrent read returns200.,2 / 3.4 / 5 / 10,417,interface-engineer,Snapshot concurrency supplement from source note22b8029c
1,"1,2,3,4",True,independent-verifier,PENDING_NAMED_CANDIDATE,"independent deterministic raw HTTP race captures, observable generation oracle and unchanged independent-process replacement",python snapshot_probe.py --base CURRENT_URL --peer INDEPENDENT_DESTINATION_1 --third INDEPENDENT_DESTINATION_2 --candidate FULL_NAMED_CANDIDATE --out NEW_UNIQUE_DIRECTORY,UNVERIFIED,unverified,Client events expose HTTP response lifetime; server-internal serialization interleaving is not inferred. Private state stays opaque; bounded schedule only.,TK1-snapshot-send-held-0-list-json,list: Entire captured response is valid JSON.,2 / 3.4 / 5 / 10,417,interface-engineer,Snapshot concurrency supplement from source note22b8029c
1,"1,2,3,4",True,independent-verifier,PENDING_NAMED_CANDIDATE,"independent deterministic raw HTTP race captures, observable generation oracle and unchanged independent-process replacement",python snapshot_probe.py --base CURRENT_URL --peer INDEPENDENT_DESTINATION_1 --third INDEPENDENT_DESTINATION_2 --candidate FULL_NAMED_CANDIDATE --out NEW_UNIQUE_DIRECTORY,UNVERIFIED,unverified,Client events expose HTTP response lifetime; server-internal serialization interleaving is not inferred. Private state stays opaque; bounded schedule only.,TK1-snapshot-send-held-0-list-framing,list: Response charset and byte-accurate length remain correct during concurrent writes.,2 / 3.4 / 5 / 10,417,interface-engineer,Snapshot concurrency supplement from source note22b8029c
1,"1,2,3,4",True,independent-verifier,PENDING_NAMED_CANDIDATE,"independent deterministic raw HTTP race captures, observable generation oracle and unchanged independent-process replacement",python snapshot_probe.py --base CURRENT_URL --peer INDEPENDENT_DESTINATION_1 --third INDEPENDENT_DESTINATION_2 --candidate FULL_NAMED_CANDIDATE --out NEW_UNIQUE_DIRECTORY,UNVERIFIED,unverified,Client events expose HTTP response lifetime; server-internal serialization interleaving is not inferred. Private state stays opaque; bounded schedule only.,TK1-snapshot-send-held-0-availability-status,availability: Concurrent read returns200.,2 / 3.4 / 5 / 10,417,interface-engineer,Snapshot concurrency supplement from source note22b8029c
1,"1,2,3,4",True,independent-verifier,PENDING_NAMED_CANDIDATE,"independent deterministic raw HTTP race captures, observable generation oracle and unchanged independent-process replacement",python snapshot_probe.py --base CURRENT_URL --peer INDEPENDENT_DESTINATION_1 --third INDEPENDENT_DESTINATION_2 --candidate FULL_NAMED_CANDIDATE --out NEW_UNIQUE_DIRECTORY,UNVERIFIED,unverified,Client events expose HTTP response lifetime; server-internal serialization interleaving is not inferred. Private state stays opaque; bounded schedule only.,TK1-snapshot-send-held-0-availability-json,availability: Entire captured response is valid JSON.,2 / 3.4 / 5 / 10,417,interface-engineer,Snapshot concurrency supplement from source note22b8029c
1,"1,2,3,4",True,independent-verifier,PENDING_NAMED_CANDIDATE,"independent deterministic raw HTTP race captures, observable generation oracle and unchanged independent-process replacement",python snapshot_probe.py --base CURRENT_URL --peer INDEPENDENT_DESTINATION_1 --third INDEPENDENT_DESTINATION_2 --candidate FULL_NAMED_CANDIDATE --out NEW_UNIQUE_DIRECTORY,UNVERIFIED,unverified,Client events expose HTTP response lifetime; server-internal serialization interleaving is not inferred. Private state stays opaque; bounded schedule only.,TK1-snapshot-send-held-0-availability-framing,availability: Response charset and byte-accurate length remain correct during concurrent writes.,2 / 3.4 / 5 / 10,417,interface-engineer,Snapshot concurrency supplement from source note22b8029c
1,"1,2,3,4",True,independent-verifier,PENDING_NAMED_CANDIDATE,"independent deterministic raw HTTP race captures, observable generation oracle and unchanged independent-process replacement",python snapshot_probe.py --base CURRENT_URL --peer INDEPENDENT_DESTINATION_1 --third INDEPENDENT_DESTINATION_2 --candidate FULL_NAMED_CANDIDATE --out NEW_UNIQUE_DIRECTORY,UNVERIFIED,unverified,Client events expose HTTP response lifetime; server-internal serialization interleaving is not inferred. Private state stays opaque; bounded schedule only.,TK1-snapshot-send-held-0-list-coherent,Read list is one complete legal atomic generation within the concurrent interval.,1 / 8 / 11,417,systems-engineer,Snapshot concurrency supplement from source note22b8029c
1,"1,2,3,4",True,independent-verifier,PENDING_NAMED_CANDIDATE,"independent deterministic raw HTTP race captures, observable generation oracle and unchanged independent-process replacement",python snapshot_probe.py --base CURRENT_URL --peer INDEPENDENT_DESTINATION_1 --third INDEPENDENT_DESTINATION_2 --candidate FULL_NAMED_CANDIDATE --out NEW_UNIQUE_DIRECTORY,UNVERIFIED,unverified,Client events expose HTTP response lifetime; server-internal serialization interleaving is not inferred. Private state stays opaque; bounded schedule only.,TK1-snapshot-send-held-0-list-identities,Read list retains all eight identities/timestamps while moves commit.,8 / 11,417,systems-engineer,Snapshot concurrency supplement from source note22b8029c
1,"1,2,3,4",True,independent-verifier,PENDING_NAMED_CANDIDATE,"independent deterministic raw HTTP race captures, observable generation oracle and unchanged independent-process replacement",python snapshot_probe.py --base CURRENT_URL --peer INDEPENDENT_DESTINATION_1 --third INDEPENDENT_DESTINATION_2 --candidate FULL_NAMED_CANDIDATE --out NEW_UNIQUE_DIRECTORY,UNVERIFIED,unverified,Client events expose HTTP response lifetime; server-internal serialization interleaving is not inferred. Private state stays opaque; bounded schedule only.,TK1-snapshot-send-held-0-availability-coherent,Availability respects the full unchanged occupancy and fixture order during atomic cyclic moves.,1 / 8 / 11,417,systems-engineer,Snapshot concurrency supplement from source note22b8029c
1,"1,2,3,4",True,independent-verifier,PENDING_NAMED_CANDIDATE,"independent deterministic raw HTTP race captures, observable generation oracle and unchanged independent-process replacement",python snapshot_probe.py --base CURRENT_URL --peer INDEPENDENT_DESTINATION_1 --third INDEPENDENT_DESTINATION_2 --candidate FULL_NAMED_CANDIDATE --out NEW_UNIQUE_DIRECTORY,UNVERIFIED,unverified,Client events expose HTTP response lifetime; server-internal serialization interleaving is not inferred. Private state stays opaque; bounded schedule only.,TK1-snapshot-send-held-0-export-envelope,Captured export retains track/version/state envelope.,10,417,systems-engineer,Snapshot concurrency supplement from source note22b8029c
1,"1,2,3,4",True,independent-verifier,PENDING_NAMED_CANDIDATE,"independent deterministic raw HTTP race captures, observable generation oracle and unchanged independent-process replacement",python snapshot_probe.py --base CURRENT_URL --peer INDEPENDENT_DESTINATION_1 --third INDEPENDENT_DESTINATION_2 --candidate FULL_NAMED_CANDIDATE --out NEW_UNIQUE_DIRECTORY,UNVERIFIED,unverified,Client events expose HTTP response lifetime; server-internal serialization interleaving is not inferred. Private state stays opaque; bounded schedule only.,TK1-snapshot-send-held-0-source-readonly,"After writers settle, repeated reads/exports and receipt replays leave complete source state unchanged.",7 / 10,417,systems-engineer,Snapshot concurrency supplement from source note22b8029c
1,"1,2,3,4",True,independent-verifier,PENDING_NAMED_CANDIDATE,"independent deterministic raw HTTP race captures, observable generation oracle and unchanged independent-process replacement",python snapshot_probe.py --base CURRENT_URL --peer INDEPENDENT_DESTINATION_1 --third INDEPENDENT_DESTINATION_2 --candidate FULL_NAMED_CANDIDATE --out NEW_UNIQUE_DIRECTORY,UNVERIFIED,unverified,Client events expose HTTP response lifetime; server-internal serialization interleaving is not inferred. Private state stays opaque; bounded schedule only.,TK1-snapshot-send-held-0-peer-import,Unchanged captured raw export replaces an independent destination204.,6 / 7 / 10 / 11,417,systems-engineer,Snapshot concurrency supplement from source note22b8029c
1,"1,2,3,4",True,independent-verifier,PENDING_NAMED_CANDIDATE,"independent deterministic raw HTTP race captures, observable generation oracle and unchanged independent-process replacement",python snapshot_probe.py --base CURRENT_URL --peer INDEPENDENT_DESTINATION_1 --third INDEPENDENT_DESTINATION_2 --candidate FULL_NAMED_CANDIDATE --out NEW_UNIQUE_DIRECTORY,UNVERIFIED,unverified,Client events expose HTTP response lifetime; server-internal serialization interleaving is not inferred. Private state stays opaque; bounded schedule only.,TK1-snapshot-send-held-0-peer-valid-token,Real source bearer token remains valid after replacement.,6 / 7 / 10 / 11,417,systems-engineer,Snapshot concurrency supplement from source note22b8029c
1,"1,2,3,4",True,independent-verifier,PENDING_NAMED_CANDIDATE,"independent deterministic raw HTTP race captures, observable generation oracle and unchanged independent-process replacement",python snapshot_probe.py --base CURRENT_URL --peer INDEPENDENT_DESTINATION_1 --third INDEPENDENT_DESTINATION_2 --candidate FULL_NAMED_CANDIDATE --out NEW_UNIQUE_DIRECTORY,UNVERIFIED,unverified,Client events expose HTTP response lifetime; server-internal serialization interleaving is not inferred. Private state stays opaque; bounded schedule only.,TK1-snapshot-send-held-0-peer-generation,Imported private records form one complete legal generation.,6 / 7 / 10 / 11,417,systems-engineer,Snapshot concurrency supplement from source note22b8029c
1,"1,2,3,4",True,independent-verifier,PENDING_NAMED_CANDIDATE,"independent deterministic raw HTTP race captures, observable generation oracle and unchanged independent-process replacement",python snapshot_probe.py --base CURRENT_URL --peer INDEPENDENT_DESTINATION_1 --third INDEPENDENT_DESTINATION_2 --candidate FULL_NAMED_CANDIDATE --out NEW_UNIQUE_DIRECTORY,UNVERIFIED,unverified,Client events expose HTTP response lifetime; server-internal serialization interleaving is not inferred. Private state stays opaque; bounded schedule only.,TK1-snapshot-send-held-0-peer-identities,All imported source identities/statuses/timestamps remain unchanged.,6 / 7 / 10 / 11,417,systems-engineer,Snapshot concurrency supplement from source note22b8029c
1,"1,2,3,4",True,independent-verifier,PENDING_NAMED_CANDIDATE,"independent deterministic raw HTTP race captures, observable generation oracle and unchanged independent-process replacement",python snapshot_probe.py --base CURRENT_URL --peer INDEPENDENT_DESTINATION_1 --third INDEPENDENT_DESTINATION_2 --candidate FULL_NAMED_CANDIDATE --out NEW_UNIQUE_DIRECTORY,UNVERIFIED,unverified,Client events expose HTTP response lifetime; server-internal serialization interleaving is not inferred. Private state stays opaque; bounded schedule only.,TK1-snapshot-send-held-0-peer-old-token-removed,Replacement removes the destination's previous session.,6 / 7 / 10 / 11,417,systems-engineer,Snapshot concurrency supplement from source note22b8029c
1,"1,2,3,4",True,independent-verifier,PENDING_NAMED_CANDIDATE,"independent deterministic raw HTTP race captures, observable generation oracle and unchanged independent-process replacement",python snapshot_probe.py --base CURRENT_URL --peer INDEPENDENT_DESTINATION_1 --third INDEPENDENT_DESTINATION_2 --candidate FULL_NAMED_CANDIDATE --out NEW_UNIQUE_DIRECTORY,UNVERIFIED,unverified,Client events expose HTTP response lifetime; server-internal serialization interleaving is not inferred. Private state stays opaque; bounded schedule only.,TK1-snapshot-send-held-0-peer-old-records-removed,Replacement removes previous destination records.,6 / 7 / 10 / 11,417,systems-engineer,Snapshot concurrency supplement from source note22b8029c
1,"1,2,3,4",True,independent-verifier,PENDING_NAMED_CANDIDATE,"independent deterministic raw HTTP race captures, observable generation oracle and unchanged independent-process replacement",python snapshot_probe.py --base CURRENT_URL --peer INDEPENDENT_DESTINATION_1 --third INDEPENDENT_DESTINATION_2 --candidate FULL_NAMED_CANDIDATE --out NEW_UNIQUE_DIRECTORY,UNVERIFIED,unverified,Client events expose HTTP response lifetime; server-internal serialization interleaving is not inferred. Private state stays opaque; bounded schedule only.,TK1-snapshot-send-held-0-peer-create-receipts,Every successful original create receipt replays200 with its exact original response.,6 / 7 / 10 / 11,417,systems-engineer,Snapshot concurrency supplement from source note22b8029c
1,"1,2,3,4",True,independent-verifier,PENDING_NAMED_CANDIDATE,"independent deterministic raw HTTP race captures, observable generation oracle and unchanged independent-process replacement",python snapshot_probe.py --base CURRENT_URL --peer INDEPENDENT_DESTINATION_1 --third INDEPENDENT_DESTINATION_2 --candidate FULL_NAMED_CANDIDATE --out NEW_UNIQUE_DIRECTORY,UNVERIFIED,unverified,Client events expose HTTP response lifetime; server-internal serialization interleaving is not inferred. Private state stays opaque; bounded schedule only.,TK1-snapshot-send-held-0-peer-move-receipts,Every move committed in the captured generation's prefix replays200 with its exact original response.,6 / 7 / 10 / 11,417,systems-engineer,Snapshot concurrency supplement from source note22b8029c
1,"1,2,3,4",True,independent-verifier,PENDING_NAMED_CANDIDATE,"independent deterministic raw HTTP race captures, observable generation oracle and unchanged independent-process replacement",python snapshot_probe.py --base CURRENT_URL --peer INDEPENDENT_DESTINATION_1 --third INDEPENDENT_DESTINATION_2 --candidate FULL_NAMED_CANDIDATE --out NEW_UNIQUE_DIRECTORY,UNVERIFIED,unverified,Client events expose HTTP response lifetime; server-internal serialization interleaving is not inferred. Private state stays opaque; bounded schedule only.,TK1-snapshot-send-held-0-peer-future-keys-absent,Moves after the captured generation have no successful retry receipt; a changed invalid body gets422 rather than used-key409.,6 / 7 / 10 / 11,417,systems-engineer,Snapshot concurrency supplement from source note22b8029c
1,"1,2,3,4",True,independent-verifier,PENDING_NAMED_CANDIDATE,"independent deterministic raw HTTP race captures, observable generation oracle and unchanged independent-process replacement",python snapshot_probe.py --base CURRENT_URL --peer INDEPENDENT_DESTINATION_1 --third INDEPENDENT_DESTINATION_2 --candidate FULL_NAMED_CANDIDATE --out NEW_UNIQUE_DIRECTORY,UNVERIFIED,unverified,Client events expose HTTP response lifetime; server-internal serialization interleaving is not inferred. Private state stays opaque; bounded schedule only.,TK1-snapshot-send-held-0-peer-replay-readonly,All original replays leave the entire imported snapshot unchanged.,6 / 7 / 10 / 11,417,systems-engineer,Snapshot concurrency supplement from source note22b8029c
1,"1,2,3,4",True,independent-verifier,PENDING_NAMED_CANDIDATE,"independent deterministic raw HTTP race captures, observable generation oracle and unchanged independent-process replacement",python snapshot_probe.py --base CURRENT_URL --peer INDEPENDENT_DESTINATION_1 --third INDEPENDENT_DESTINATION_2 --candidate FULL_NAMED_CANDIDATE --out NEW_UNIQUE_DIRECTORY,UNVERIFIED,unverified,Client events expose HTTP response lifetime; server-internal serialization interleaving is not inferred. Private state stays opaque; bounded schedule only.,TK1-snapshot-send-held-0-peer-repeat-import,Repeating unchanged replacement204 preserves full exact snapshot without duplication.,6 / 7 / 10 / 11,417,systems-engineer,Snapshot concurrency supplement from source note22b8029c
1,"1,2,3,4",True,independent-verifier,PENDING_NAMED_CANDIDATE,"independent deterministic raw HTTP race captures, observable generation oracle and unchanged independent-process replacement",python snapshot_probe.py --base CURRENT_URL --peer INDEPENDENT_DESTINATION_1 --third INDEPENDENT_DESTINATION_2 --candidate FULL_NAMED_CANDIDATE --out NEW_UNIQUE_DIRECTORY,UNVERIFIED,unverified,Client events expose HTTP response lifetime; server-internal serialization interleaving is not inferred. Private state stays opaque; bounded schedule only.,TK1-snapshot-send-held-0-peer-captured-unchanged,Destination export remains the exact captured snapshot after later source writes and replays.,6 / 7 / 10 / 11,417,systems-engineer,Snapshot concurrency supplement from source note22b8029c
1,"1,2,3,4",True,independent-verifier,PENDING_NAMED_CANDIDATE,"independent deterministic raw HTTP race captures, observable generation oracle and unchanged independent-process replacement",python snapshot_probe.py --base CURRENT_URL --peer INDEPENDENT_DESTINATION_1 --third INDEPENDENT_DESTINATION_2 --candidate FULL_NAMED_CANDIDATE --out NEW_UNIQUE_DIRECTORY,UNVERIFIED,unverified,Client events expose HTTP response lifetime; server-internal serialization interleaving is not inferred. Private state stays opaque; bounded schedule only.,TK1-snapshot-send-held-0-third-import,Unchanged captured raw export replaces an independent destination204.,6 / 7 / 10 / 11,417,systems-engineer,Snapshot concurrency supplement from source note22b8029c
1,"1,2,3,4",True,independent-verifier,PENDING_NAMED_CANDIDATE,"independent deterministic raw HTTP race captures, observable generation oracle and unchanged independent-process replacement",python snapshot_probe.py --base CURRENT_URL --peer INDEPENDENT_DESTINATION_1 --third INDEPENDENT_DESTINATION_2 --candidate FULL_NAMED_CANDIDATE --out NEW_UNIQUE_DIRECTORY,UNVERIFIED,unverified,Client events expose HTTP response lifetime; server-internal serialization interleaving is not inferred. Private state stays opaque; bounded schedule only.,TK1-snapshot-send-held-0-third-valid-token,Real source bearer token remains valid after replacement.,6 / 7 / 10 / 11,417,systems-engineer,Snapshot concurrency supplement from source note22b8029c
1,"1,2,3,4",True,independent-verifier,PENDING_NAMED_CANDIDATE,"independent deterministic raw HTTP race captures, observable generation oracle and unchanged independent-process replacement",python snapshot_probe.py --base CURRENT_URL --peer INDEPENDENT_DESTINATION_1 --third INDEPENDENT_DESTINATION_2 --candidate FULL_NAMED_CANDIDATE --out NEW_UNIQUE_DIRECTORY,UNVERIFIED,unverified,Client events expose HTTP response lifetime; server-internal serialization interleaving is not inferred. Private state stays opaque; bounded schedule only.,TK1-snapshot-send-held-0-third-generation,Imported private records form one complete legal generation.,6 / 7 / 10 / 11,417,systems-engineer,Snapshot concurrency supplement from source note22b8029c
1,"1,2,3,4",True,independent-verifier,PENDING_NAMED_CANDIDATE,"independent deterministic raw HTTP race captures, observable generation oracle and unchanged independent-process replacement",python snapshot_probe.py --base CURRENT_URL --peer INDEPENDENT_DESTINATION_1 --third INDEPENDENT_DESTINATION_2 --candidate FULL_NAMED_CANDIDATE --out NEW_UNIQUE_DIRECTORY,UNVERIFIED,unverified,Client events expose HTTP response lifetime; server-internal serialization interleaving is not inferred. Private state stays opaque; bounded schedule only.,TK1-snapshot-send-held-0-third-identities,All imported source identities/statuses/timestamps remain unchanged.,6 / 7 / 10 / 11,417,systems-engineer,Snapshot concurrency supplement from source note22b8029c
1,"1,2,3,4",True,independent-verifier,PENDING_NAMED_CANDIDATE,"independent deterministic raw HTTP race captures, observable generation oracle and unchanged independent-process replacement",python snapshot_probe.py --base CURRENT_URL --peer INDEPENDENT_DESTINATION_1 --third INDEPENDENT_DESTINATION_2 --candidate FULL_NAMED_CANDIDATE --out NEW_UNIQUE_DIRECTORY,UNVERIFIED,unverified,Client events expose HTTP response lifetime; server-internal serialization interleaving is not inferred. Private state stays opaque; bounded schedule only.,TK1-snapshot-send-held-0-third-old-token-removed,Replacement removes the destination's previous session.,6 / 7 / 10 / 11,417,systems-engineer,Snapshot concurrency supplement from source note22b8029c
1,"1,2,3,4",True,independent-verifier,PENDING_NAMED_CANDIDATE,"independent deterministic raw HTTP race captures, observable generation oracle and unchanged independent-process replacement",python snapshot_probe.py --base CURRENT_URL --peer INDEPENDENT_DESTINATION_1 --third INDEPENDENT_DESTINATION_2 --candidate FULL_NAMED_CANDIDATE --out NEW_UNIQUE_DIRECTORY,UNVERIFIED,unverified,Client events expose HTTP response lifetime; server-internal serialization interleaving is not inferred. Private state stays opaque; bounded schedule only.,TK1-snapshot-send-held-0-third-old-records-removed,Replacement removes previous destination records.,6 / 7 / 10 / 11,417,systems-engineer,Snapshot concurrency supplement from source note22b8029c
1,"1,2,3,4",True,independent-verifier,PENDING_NAMED_CANDIDATE,"independent deterministic raw HTTP race captures, observable generation oracle and unchanged independent-process replacement",python snapshot_probe.py --base CURRENT_URL --peer INDEPENDENT_DESTINATION_1 --third INDEPENDENT_DESTINATION_2 --candidate FULL_NAMED_CANDIDATE --out NEW_UNIQUE_DIRECTORY,UNVERIFIED,unverified,Client events expose HTTP response lifetime; server-internal serialization interleaving is not inferred. Private state stays opaque; bounded schedule only.,TK1-snapshot-send-held-0-third-create-receipts,Every successful original create receipt replays200 with its exact original response.,6 / 7 / 10 / 11,417,systems-engineer,Snapshot concurrency supplement from source note22b8029c
1,"1,2,3,4",True,independent-verifier,PENDING_NAMED_CANDIDATE,"independent deterministic raw HTTP race captures, observable generation oracle and unchanged independent-process replacement",python snapshot_probe.py --base CURRENT_URL --peer INDEPENDENT_DESTINATION_1 --third INDEPENDENT_DESTINATION_2 --candidate FULL_NAMED_CANDIDATE --out NEW_UNIQUE_DIRECTORY,UNVERIFIED,unverified,Client events expose HTTP response lifetime; server-internal serialization interleaving is not inferred. Private state stays opaque; bounded schedule only.,TK1-snapshot-send-held-0-third-move-receipts,Every move committed in the captured generation's prefix replays200 with its exact original response.,6 / 7 / 10 / 11,417,systems-engineer,Snapshot concurrency supplement from source note22b8029c
1,"1,2,3,4",True,independent-verifier,PENDING_NAMED_CANDIDATE,"independent deterministic raw HTTP race captures, observable generation oracle and unchanged independent-process replacement",python snapshot_probe.py --base CURRENT_URL --peer INDEPENDENT_DESTINATION_1 --third INDEPENDENT_DESTINATION_2 --candidate FULL_NAMED_CANDIDATE --out NEW_UNIQUE_DIRECTORY,UNVERIFIED,unverified,Client events expose HTTP response lifetime; server-internal serialization interleaving is not inferred. Private state stays opaque; bounded schedule only.,TK1-snapshot-send-held-0-third-future-keys-absent,Moves after the captured generation have no successful retry receipt; a changed invalid body gets422 rather than used-key409.,6 / 7 / 10 / 11,417,systems-engineer,Snapshot concurrency supplement from source note22b8029c
1,"1,2,3,4",True,independent-verifier,PENDING_NAMED_CANDIDATE,"independent deterministic raw HTTP race captures, observable generation oracle and unchanged independent-process replacement",python snapshot_probe.py --base CURRENT_URL --peer INDEPENDENT_DESTINATION_1 --third INDEPENDENT_DESTINATION_2 --candidate FULL_NAMED_CANDIDATE --out NEW_UNIQUE_DIRECTORY,UNVERIFIED,unverified,Client events expose HTTP response lifetime; server-internal serialization interleaving is not inferred. Private state stays opaque; bounded schedule only.,TK1-snapshot-send-held-0-third-replay-readonly,All original replays leave the entire imported snapshot unchanged.,6 / 7 / 10 / 11,417,systems-engineer,Snapshot concurrency supplement from source note22b8029c
1,"1,2,3,4",True,independent-verifier,PENDING_NAMED_CANDIDATE,"independent deterministic raw HTTP race captures, observable generation oracle and unchanged independent-process replacement",python snapshot_probe.py --base CURRENT_URL --peer INDEPENDENT_DESTINATION_1 --third INDEPENDENT_DESTINATION_2 --candidate FULL_NAMED_CANDIDATE --out NEW_UNIQUE_DIRECTORY,UNVERIFIED,unverified,Client events expose HTTP response lifetime; server-internal serialization interleaving is not inferred. Private state stays opaque; bounded schedule only.,TK1-snapshot-send-held-0-third-repeat-import,Repeating unchanged replacement204 preserves full exact snapshot without duplication.,6 / 7 / 10 / 11,417,systems-engineer,Snapshot concurrency supplement from source note22b8029c
1,"1,2,3,4",True,independent-verifier,PENDING_NAMED_CANDIDATE,"independent deterministic raw HTTP race captures, observable generation oracle and unchanged independent-process replacement",python snapshot_probe.py --base CURRENT_URL --peer INDEPENDENT_DESTINATION_1 --third INDEPENDENT_DESTINATION_2 --candidate FULL_NAMED_CANDIDATE --out NEW_UNIQUE_DIRECTORY,UNVERIFIED,unverified,Client events expose HTTP response lifetime; server-internal serialization interleaving is not inferred. Private state stays opaque; bounded schedule only.,TK1-snapshot-send-held-0-third-captured-unchanged,Destination export remains the exact captured snapshot after later source writes and replays.,6 / 7 / 10 / 11,417,systems-engineer,Snapshot concurrency supplement from source note22b8029c
1,"1,2,3,4",True,independent-verifier,PENDING_NAMED_CANDIDATE,"independent deterministic raw HTTP race captures, observable generation oracle and unchanged independent-process replacement",python snapshot_probe.py --base CURRENT_URL --peer INDEPENDENT_DESTINATION_1 --third INDEPENDENT_DESTINATION_2 --candidate FULL_NAMED_CANDIDATE --out NEW_UNIQUE_DIRECTORY,UNVERIFIED,unverified,Client events expose HTTP response lifetime; server-internal serialization interleaving is not inferred. Private state stays opaque; bounded schedule only.,TK1-snapshot-send-held-1-export-status,export: Concurrent read returns200.,2 / 3.4 / 5 / 10,417,interface-engineer,Snapshot concurrency supplement from source note22b8029c
1,"1,2,3,4",True,independent-verifier,PENDING_NAMED_CANDIDATE,"independent deterministic raw HTTP race captures, observable generation oracle and unchanged independent-process replacement",python snapshot_probe.py --base CURRENT_URL --peer INDEPENDENT_DESTINATION_1 --third INDEPENDENT_DESTINATION_2 --candidate FULL_NAMED_CANDIDATE --out NEW_UNIQUE_DIRECTORY,UNVERIFIED,unverified,Client events expose HTTP response lifetime; server-internal serialization interleaving is not inferred. Private state stays opaque; bounded schedule only.,TK1-snapshot-send-held-1-export-json,export: Entire captured response is valid JSON.,2 / 3.4 / 5 / 10,417,interface-engineer,Snapshot concurrency supplement from source note22b8029c
1,"1,2,3,4",True,independent-verifier,PENDING_NAMED_CANDIDATE,"independent deterministic raw HTTP race captures, observable generation oracle and unchanged independent-process replacement",python snapshot_probe.py --base CURRENT_URL --peer INDEPENDENT_DESTINATION_1 --third INDEPENDENT_DESTINATION_2 --candidate FULL_NAMED_CANDIDATE --out NEW_UNIQUE_DIRECTORY,UNVERIFIED,unverified,Client events expose HTTP response lifetime; server-internal serialization interleaving is not inferred. Private state stays opaque; bounded schedule only.,TK1-snapshot-send-held-1-export-framing,export: Response charset and byte-accurate length remain correct during concurrent writes.,2 / 3.4 / 5 / 10,417,interface-engineer,Snapshot concurrency supplement from source note22b8029c
1,"1,2,3,4",True,independent-verifier,PENDING_NAMED_CANDIDATE,"independent deterministic raw HTTP race captures, observable generation oracle and unchanged independent-process replacement",python snapshot_probe.py --base CURRENT_URL --peer INDEPENDENT_DESTINATION_1 --third INDEPENDENT_DESTINATION_2 --candidate FULL_NAMED_CANDIDATE --out NEW_UNIQUE_DIRECTORY,UNVERIFIED,unverified,Client events expose HTTP response lifetime; server-internal serialization interleaving is not inferred. Private state stays opaque; bounded schedule only.,TK1-snapshot-send-held-1-list-status,list: Concurrent read returns200.,2 / 3.4 / 5 / 10,417,interface-engineer,Snapshot concurrency supplement from source note22b8029c
1,"1,2,3,4",True,independent-verifier,PENDING_NAMED_CANDIDATE,"independent deterministic raw HTTP race captures, observable generation oracle and unchanged independent-process replacement",python snapshot_probe.py --base CURRENT_URL --peer INDEPENDENT_DESTINATION_1 --third INDEPENDENT_DESTINATION_2 --candidate FULL_NAMED_CANDIDATE --out NEW_UNIQUE_DIRECTORY,UNVERIFIED,unverified,Client events expose HTTP response lifetime; server-internal serialization interleaving is not inferred. Private state stays opaque; bounded schedule only.,TK1-snapshot-send-held-1-list-json,list: Entire captured response is valid JSON.,2 / 3.4 / 5 / 10,417,interface-engineer,Snapshot concurrency supplement from source note22b8029c
1,"1,2,3,4",True,independent-verifier,PENDING_NAMED_CANDIDATE,"independent deterministic raw HTTP race captures, observable generation oracle and unchanged independent-process replacement",python snapshot_probe.py --base CURRENT_URL --peer INDEPENDENT_DESTINATION_1 --third INDEPENDENT_DESTINATION_2 --candidate FULL_NAMED_CANDIDATE --out NEW_UNIQUE_DIRECTORY,UNVERIFIED,unverified,Client events expose HTTP response lifetime; server-internal serialization interleaving is not inferred. Private state stays opaque; bounded schedule only.,TK1-snapshot-send-held-1-list-framing,list: Response charset and byte-accurate length remain correct during concurrent writes.,2 / 3.4 / 5 / 10,417,interface-engineer,Snapshot concurrency supplement from source note22b8029c
1,"1,2,3,4",True,independent-verifier,PENDING_NAMED_CANDIDATE,"independent deterministic raw HTTP race captures, observable generation oracle and unchanged independent-process replacement",python snapshot_probe.py --base CURRENT_URL --peer INDEPENDENT_DESTINATION_1 --third INDEPENDENT_DESTINATION_2 --candidate FULL_NAMED_CANDIDATE --out NEW_UNIQUE_DIRECTORY,UNVERIFIED,unverified,Client events expose HTTP response lifetime; server-internal serialization interleaving is not inferred. Private state stays opaque; bounded schedule only.,TK1-snapshot-send-held-1-availability-status,availability: Concurrent read returns200.,2 / 3.4 / 5 / 10,417,interface-engineer,Snapshot concurrency supplement from source note22b8029c
1,"1,2,3,4",True,independent-verifier,PENDING_NAMED_CANDIDATE,"independent deterministic raw HTTP race captures, observable generation oracle and unchanged independent-process replacement",python snapshot_probe.py --base CURRENT_URL --peer INDEPENDENT_DESTINATION_1 --third INDEPENDENT_DESTINATION_2 --candidate FULL_NAMED_CANDIDATE --out NEW_UNIQUE_DIRECTORY,UNVERIFIED,unverified,Client events expose HTTP response lifetime; server-internal serialization interleaving is not inferred. Private state stays opaque; bounded schedule only.,TK1-snapshot-send-held-1-availability-json,availability: Entire captured response is valid JSON.,2 / 3.4 / 5 / 10,417,interface-engineer,Snapshot concurrency supplement from source note22b8029c
1,"1,2,3,4",True,independent-verifier,PENDING_NAMED_CANDIDATE,"independent deterministic raw HTTP race captures, observable generation oracle and unchanged independent-process replacement",python snapshot_probe.py --base CURRENT_URL --peer INDEPENDENT_DESTINATION_1 --third INDEPENDENT_DESTINATION_2 --candidate FULL_NAMED_CANDIDATE --out NEW_UNIQUE_DIRECTORY,UNVERIFIED,unverified,Client events expose HTTP response lifetime; server-internal serialization interleaving is not inferred. Private state stays opaque; bounded schedule only.,TK1-snapshot-send-held-1-availability-framing,availability: Response charset and byte-accurate length remain correct during concurrent writes.,2 / 3.4 / 5 / 10,417,interface-engineer,Snapshot concurrency supplement from source note22b8029c
1,"1,2,3,4",True,independent-verifier,PENDING_NAMED_CANDIDATE,"independent deterministic raw HTTP race captures, observable generation oracle and unchanged independent-process replacement",python snapshot_probe.py --base CURRENT_URL --peer INDEPENDENT_DESTINATION_1 --third INDEPENDENT_DESTINATION_2 --candidate FULL_NAMED_CANDIDATE --out NEW_UNIQUE_DIRECTORY,UNVERIFIED,unverified,Client events expose HTTP response lifetime; server-internal serialization interleaving is not inferred. Private state stays opaque; bounded schedule only.,TK1-snapshot-send-held-1-list-coherent,Read list is one complete legal atomic generation within the concurrent interval.,1 / 8 / 11,417,systems-engineer,Snapshot concurrency supplement from source note22b8029c
1,"1,2,3,4",True,independent-verifier,PENDING_NAMED_CANDIDATE,"independent deterministic raw HTTP race captures, observable generation oracle and unchanged independent-process replacement",python snapshot_probe.py --base CURRENT_URL --peer INDEPENDENT_DESTINATION_1 --third INDEPENDENT_DESTINATION_2 --candidate FULL_NAMED_CANDIDATE --out NEW_UNIQUE_DIRECTORY,UNVERIFIED,unverified,Client events expose HTTP response lifetime; server-internal serialization interleaving is not inferred. Private state stays opaque; bounded schedule only.,TK1-snapshot-send-held-1-list-identities,Read list retains all eight identities/timestamps while moves commit.,8 / 11,417,systems-engineer,Snapshot concurrency supplement from source note22b8029c
1,"1,2,3,4",True,independent-verifier,PENDING_NAMED_CANDIDATE,"independent deterministic raw HTTP race captures, observable generation oracle and unchanged independent-process replacement",python snapshot_probe.py --base CURRENT_URL --peer INDEPENDENT_DESTINATION_1 --third INDEPENDENT_DESTINATION_2 --candidate FULL_NAMED_CANDIDATE --out NEW_UNIQUE_DIRECTORY,UNVERIFIED,unverified,Client events expose HTTP response lifetime; server-internal serialization interleaving is not inferred. Private state stays opaque; bounded schedule only.,TK1-snapshot-send-held-1-availability-coherent,Availability respects the full unchanged occupancy and fixture order during atomic cyclic moves.,1 / 8 / 11,417,systems-engineer,Snapshot concurrency supplement from source note22b8029c
1,"1,2,3,4",True,independent-verifier,PENDING_NAMED_CANDIDATE,"independent deterministic raw HTTP race captures, observable generation oracle and unchanged independent-process replacement",python snapshot_probe.py --base CURRENT_URL --peer INDEPENDENT_DESTINATION_1 --third INDEPENDENT_DESTINATION_2 --candidate FULL_NAMED_CANDIDATE --out NEW_UNIQUE_DIRECTORY,UNVERIFIED,unverified,Client events expose HTTP response lifetime; server-internal serialization interleaving is not inferred. Private state stays opaque; bounded schedule only.,TK1-snapshot-send-held-1-export-envelope,Captured export retains track/version/state envelope.,10,417,systems-engineer,Snapshot concurrency supplement from source note22b8029c
1,"1,2,3,4",True,independent-verifier,PENDING_NAMED_CANDIDATE,"independent deterministic raw HTTP race captures, observable generation oracle and unchanged independent-process replacement",python snapshot_probe.py --base CURRENT_URL --peer INDEPENDENT_DESTINATION_1 --third INDEPENDENT_DESTINATION_2 --candidate FULL_NAMED_CANDIDATE --out NEW_UNIQUE_DIRECTORY,UNVERIFIED,unverified,Client events expose HTTP response lifetime; server-internal serialization interleaving is not inferred. Private state stays opaque; bounded schedule only.,TK1-snapshot-send-held-1-source-readonly,"After writers settle, repeated reads/exports and receipt replays leave complete source state unchanged.",7 / 10,417,systems-engineer,Snapshot concurrency supplement from source note22b8029c
1,"1,2,3,4",True,independent-verifier,PENDING_NAMED_CANDIDATE,"independent deterministic raw HTTP race captures, observable generation oracle and unchanged independent-process replacement",python snapshot_probe.py --base CURRENT_URL --peer INDEPENDENT_DESTINATION_1 --third INDEPENDENT_DESTINATION_2 --candidate FULL_NAMED_CANDIDATE --out NEW_UNIQUE_DIRECTORY,UNVERIFIED,unverified,Client events expose HTTP response lifetime; server-internal serialization interleaving is not inferred. Private state stays opaque; bounded schedule only.,TK1-snapshot-send-held-1-peer-import,Unchanged captured raw export replaces an independent destination204.,6 / 7 / 10 / 11,417,systems-engineer,Snapshot concurrency supplement from source note22b8029c
1,"1,2,3,4",True,independent-verifier,PENDING_NAMED_CANDIDATE,"independent deterministic raw HTTP race captures, observable generation oracle and unchanged independent-process replacement",python snapshot_probe.py --base CURRENT_URL --peer INDEPENDENT_DESTINATION_1 --third INDEPENDENT_DESTINATION_2 --candidate FULL_NAMED_CANDIDATE --out NEW_UNIQUE_DIRECTORY,UNVERIFIED,unverified,Client events expose HTTP response lifetime; server-internal serialization interleaving is not inferred. Private state stays opaque; bounded schedule only.,TK1-snapshot-send-held-1-peer-valid-token,Real source bearer token remains valid after replacement.,6 / 7 / 10 / 11,417,systems-engineer,Snapshot concurrency supplement from source note22b8029c
1,"1,2,3,4",True,independent-verifier,PENDING_NAMED_CANDIDATE,"independent deterministic raw HTTP race captures, observable generation oracle and unchanged independent-process replacement",python snapshot_probe.py --base CURRENT_URL --peer INDEPENDENT_DESTINATION_1 --third INDEPENDENT_DESTINATION_2 --candidate FULL_NAMED_CANDIDATE --out NEW_UNIQUE_DIRECTORY,UNVERIFIED,unverified,Client events expose HTTP response lifetime; server-internal serialization interleaving is not inferred. Private state stays opaque; bounded schedule only.,TK1-snapshot-send-held-1-peer-generation,Imported private records form one complete legal generation.,6 / 7 / 10 / 11,417,systems-engineer,Snapshot concurrency supplement from source note22b8029c
1,"1,2,3,4",True,independent-verifier,PENDING_NAMED_CANDIDATE,"independent deterministic raw HTTP race captures, observable generation oracle and unchanged independent-process replacement",python snapshot_probe.py --base CURRENT_URL --peer INDEPENDENT_DESTINATION_1 --third INDEPENDENT_DESTINATION_2 --candidate FULL_NAMED_CANDIDATE --out NEW_UNIQUE_DIRECTORY,UNVERIFIED,unverified,Client events expose HTTP response lifetime; server-internal serialization interleaving is not inferred. Private state stays opaque; bounded schedule only.,TK1-snapshot-send-held-1-peer-identities,All imported source identities/statuses/timestamps remain unchanged.,6 / 7 / 10 / 11,417,systems-engineer,Snapshot concurrency supplement from source note22b8029c
1,"1,2,3,4",True,independent-verifier,PENDING_NAMED_CANDIDATE,"independent deterministic raw HTTP race captures, observable generation oracle and unchanged independent-process replacement",python snapshot_probe.py --base CURRENT_URL --peer INDEPENDENT_DESTINATION_1 --third INDEPENDENT_DESTINATION_2 --candidate FULL_NAMED_CANDIDATE --out NEW_UNIQUE_DIRECTORY,UNVERIFIED,unverified,Client events expose HTTP response lifetime; server-internal serialization interleaving is not inferred. Private state stays opaque; bounded schedule only.,TK1-snapshot-send-held-1-peer-old-token-removed,Replacement removes the destination's previous session.,6 / 7 / 10 / 11,417,systems-engineer,Snapshot concurrency supplement from source note22b8029c
1,"1,2,3,4",True,independent-verifier,PENDING_NAMED_CANDIDATE,"independent deterministic raw HTTP race captures, observable generation oracle and unchanged independent-process replacement",python snapshot_probe.py --base CURRENT_URL --peer INDEPENDENT_DESTINATION_1 --third INDEPENDENT_DESTINATION_2 --candidate FULL_NAMED_CANDIDATE --out NEW_UNIQUE_DIRECTORY,UNVERIFIED,unverified,Client events expose HTTP response lifetime; server-internal serialization interleaving is not inferred. Private state stays opaque; bounded schedule only.,TK1-snapshot-send-held-1-peer-old-records-removed,Replacement removes previous destination records.,6 / 7 / 10 / 11,417,systems-engineer,Snapshot concurrency supplement from source note22b8029c
1,"1,2,3,4",True,independent-verifier,PENDING_NAMED_CANDIDATE,"independent deterministic raw HTTP race captures, observable generation oracle and unchanged independent-process replacement",python snapshot_probe.py --base CURRENT_URL --peer INDEPENDENT_DESTINATION_1 --third INDEPENDENT_DESTINATION_2 --candidate FULL_NAMED_CANDIDATE --out NEW_UNIQUE_DIRECTORY,UNVERIFIED,unverified,Client events expose HTTP response lifetime; server-internal serialization interleaving is not inferred. Private state stays opaque; bounded schedule only.,TK1-snapshot-send-held-1-peer-create-receipts,Every successful original create receipt replays200 with its exact original response.,6 / 7 / 10 / 11,417,systems-engineer,Snapshot concurrency supplement from source note22b8029c
1,"1,2,3,4",True,independent-verifier,PENDING_NAMED_CANDIDATE,"independent deterministic raw HTTP race captures, observable generation oracle and unchanged independent-process replacement",python snapshot_probe.py --base CURRENT_URL --peer INDEPENDENT_DESTINATION_1 --third INDEPENDENT_DESTINATION_2 --candidate FULL_NAMED_CANDIDATE --out NEW_UNIQUE_DIRECTORY,UNVERIFIED,unverified,Client events expose HTTP response lifetime; server-internal serialization interleaving is not inferred. Private state stays opaque; bounded schedule only.,TK1-snapshot-send-held-1-peer-move-receipts,Every move committed in the captured generation's prefix replays200 with its exact original response.,6 / 7 / 10 / 11,417,systems-engineer,Snapshot concurrency supplement from source note22b8029c
1,"1,2,3,4",True,independent-verifier,PENDING_NAMED_CANDIDATE,"independent deterministic raw HTTP race captures, observable generation oracle and unchanged independent-process replacement",python snapshot_probe.py --base CURRENT_URL --peer INDEPENDENT_DESTINATION_1 --third INDEPENDENT_DESTINATION_2 --candidate FULL_NAMED_CANDIDATE --out NEW_UNIQUE_DIRECTORY,UNVERIFIED,unverified,Client events expose HTTP response lifetime; server-internal serialization interleaving is not inferred. Private state stays opaque; bounded schedule only.,TK1-snapshot-send-held-1-peer-future-keys-absent,Moves after the captured generation have no successful retry receipt; a changed invalid body gets422 rather than used-key409.,6 / 7 / 10 / 11,417,systems-engineer,Snapshot concurrency supplement from source note22b8029c
1,"1,2,3,4",True,independent-verifier,PENDING_NAMED_CANDIDATE,"independent deterministic raw HTTP race captures, observable generation oracle and unchanged independent-process replacement",python snapshot_probe.py --base CURRENT_URL --peer INDEPENDENT_DESTINATION_1 --third INDEPENDENT_DESTINATION_2 --candidate FULL_NAMED_CANDIDATE --out NEW_UNIQUE_DIRECTORY,UNVERIFIED,unverified,Client events expose HTTP response lifetime; server-internal serialization interleaving is not inferred. Private state stays opaque; bounded schedule only.,TK1-snapshot-send-held-1-peer-replay-readonly,All original replays leave the entire imported snapshot unchanged.,6 / 7 / 10 / 11,417,systems-engineer,Snapshot concurrency supplement from source note22b8029c
1,"1,2,3,4",True,independent-verifier,PENDING_NAMED_CANDIDATE,"independent deterministic raw HTTP race captures, observable generation oracle and unchanged independent-process replacement",python snapshot_probe.py --base CURRENT_URL --peer INDEPENDENT_DESTINATION_1 --third INDEPENDENT_DESTINATION_2 --candidate FULL_NAMED_CANDIDATE --out NEW_UNIQUE_DIRECTORY,UNVERIFIED,unverified,Client events expose HTTP response lifetime; server-internal serialization interleaving is not inferred. Private state stays opaque; bounded schedule only.,TK1-snapshot-send-held-1-peer-repeat-import,Repeating unchanged replacement204 preserves full exact snapshot without duplication.,6 / 7 / 10 / 11,417,systems-engineer,Snapshot concurrency supplement from source note22b8029c
1,"1,2,3,4",True,independent-verifier,PENDING_NAMED_CANDIDATE,"independent deterministic raw HTTP race captures, observable generation oracle and unchanged independent-process replacement",python snapshot_probe.py --base CURRENT_URL --peer INDEPENDENT_DESTINATION_1 --third INDEPENDENT_DESTINATION_2 --candidate FULL_NAMED_CANDIDATE --out NEW_UNIQUE_DIRECTORY,UNVERIFIED,unverified,Client events expose HTTP response lifetime; server-internal serialization interleaving is not inferred. Private state stays opaque; bounded schedule only.,TK1-snapshot-send-held-1-peer-captured-unchanged,Destination export remains the exact captured snapshot after later source writes and replays.,6 / 7 / 10 / 11,417,systems-engineer,Snapshot concurrency supplement from source note22b8029c
1,"1,2,3,4",True,independent-verifier,PENDING_NAMED_CANDIDATE,"independent deterministic raw HTTP race captures, observable generation oracle and unchanged independent-process replacement",python snapshot_probe.py --base CURRENT_URL --peer INDEPENDENT_DESTINATION_1 --third INDEPENDENT_DESTINATION_2 --candidate FULL_NAMED_CANDIDATE --out NEW_UNIQUE_DIRECTORY,UNVERIFIED,unverified,Client events expose HTTP response lifetime; server-internal serialization interleaving is not inferred. Private state stays opaque; bounded schedule only.,TK1-snapshot-send-held-1-third-import,Unchanged captured raw export replaces an independent destination204.,6 / 7 / 10 / 11,417,systems-engineer,Snapshot concurrency supplement from source note22b8029c
1,"1,2,3,4",True,independent-verifier,PENDING_NAMED_CANDIDATE,"independent deterministic raw HTTP race captures, observable generation oracle and unchanged independent-process replacement",python snapshot_probe.py --base CURRENT_URL --peer INDEPENDENT_DESTINATION_1 --third INDEPENDENT_DESTINATION_2 --candidate FULL_NAMED_CANDIDATE --out NEW_UNIQUE_DIRECTORY,UNVERIFIED,unverified,Client events expose HTTP response lifetime; server-internal serialization interleaving is not inferred. Private state stays opaque; bounded schedule only.,TK1-snapshot-send-held-1-third-valid-token,Real source bearer token remains valid after replacement.,6 / 7 / 10 / 11,417,systems-engineer,Snapshot concurrency supplement from source note22b8029c
1,"1,2,3,4",True,independent-verifier,PENDING_NAMED_CANDIDATE,"independent deterministic raw HTTP race captures, observable generation oracle and unchanged independent-process replacement",python snapshot_probe.py --base CURRENT_URL --peer INDEPENDENT_DESTINATION_1 --third INDEPENDENT_DESTINATION_2 --candidate FULL_NAMED_CANDIDATE --out NEW_UNIQUE_DIRECTORY,UNVERIFIED,unverified,Client events expose HTTP response lifetime; server-internal serialization interleaving is not inferred. Private state stays opaque; bounded schedule only.,TK1-snapshot-send-held-1-third-generation,Imported private records form one complete legal generation.,6 / 7 / 10 / 11,417,systems-engineer,Snapshot concurrency supplement from source note22b8029c
1,"1,2,3,4",True,independent-verifier,PENDING_NAMED_CANDIDATE,"independent deterministic raw HTTP race captures, observable generation oracle and unchanged independent-process replacement",python snapshot_probe.py --base CURRENT_URL --peer INDEPENDENT_DESTINATION_1 --third INDEPENDENT_DESTINATION_2 --candidate FULL_NAMED_CANDIDATE --out NEW_UNIQUE_DIRECTORY,UNVERIFIED,unverified,Client events expose HTTP response lifetime; server-internal serialization interleaving is not inferred. Private state stays opaque; bounded schedule only.,TK1-snapshot-send-held-1-third-identities,All imported source identities/statuses/timestamps remain unchanged.,6 / 7 / 10 / 11,417,systems-engineer,Snapshot concurrency supplement from source note22b8029c
1,"1,2,3,4",True,independent-verifier,PENDING_NAMED_CANDIDATE,"independent deterministic raw HTTP race captures, observable generation oracle and unchanged independent-process replacement",python snapshot_probe.py --base CURRENT_URL --peer INDEPENDENT_DESTINATION_1 --third INDEPENDENT_DESTINATION_2 --candidate FULL_NAMED_CANDIDATE --out NEW_UNIQUE_DIRECTORY,UNVERIFIED,unverified,Client events expose HTTP response lifetime; server-internal serialization interleaving is not inferred. Private state stays opaque; bounded schedule only.,TK1-snapshot-send-held-1-third-old-token-removed,Replacement removes the destination's previous session.,6 / 7 / 10 / 11,417,systems-engineer,Snapshot concurrency supplement from source note22b8029c
1,"1,2,3,4",True,independent-verifier,PENDING_NAMED_CANDIDATE,"independent deterministic raw HTTP race captures, observable generation oracle and unchanged independent-process replacement",python snapshot_probe.py --base CURRENT_URL --peer INDEPENDENT_DESTINATION_1 --third INDEPENDENT_DESTINATION_2 --candidate FULL_NAMED_CANDIDATE --out NEW_UNIQUE_DIRECTORY,UNVERIFIED,unverified,Client events expose HTTP response lifetime; server-internal serialization interleaving is not inferred. Private state stays opaque; bounded schedule only.,TK1-snapshot-send-held-1-third-old-records-removed,Replacement removes previous destination records.,6 / 7 / 10 / 11,417,systems-engineer,Snapshot concurrency supplement from source note22b8029c
1,"1,2,3,4",True,independent-verifier,PENDING_NAMED_CANDIDATE,"independent deterministic raw HTTP race captures, observable generation oracle and unchanged independent-process replacement",python snapshot_probe.py --base CURRENT_URL --peer INDEPENDENT_DESTINATION_1 --third INDEPENDENT_DESTINATION_2 --candidate FULL_NAMED_CANDIDATE --out NEW_UNIQUE_DIRECTORY,UNVERIFIED,unverified,Client events expose HTTP response lifetime; server-internal serialization interleaving is not inferred. Private state stays opaque; bounded schedule only.,TK1-snapshot-send-held-1-third-create-receipts,Every successful original create receipt replays200 with its exact original response.,6 / 7 / 10 / 11,417,systems-engineer,Snapshot concurrency supplement from source note22b8029c
1,"1,2,3,4",True,independent-verifier,PENDING_NAMED_CANDIDATE,"independent deterministic raw HTTP race captures, observable generation oracle and unchanged independent-process replacement",python snapshot_probe.py --base CURRENT_URL --peer INDEPENDENT_DESTINATION_1 --third INDEPENDENT_DESTINATION_2 --candidate FULL_NAMED_CANDIDATE --out NEW_UNIQUE_DIRECTORY,UNVERIFIED,unverified,Client events expose HTTP response lifetime; server-internal serialization interleaving is not inferred. Private state stays opaque; bounded schedule only.,TK1-snapshot-send-held-1-third-move-receipts,Every move committed in the captured generation's prefix replays200 with its exact original response.,6 / 7 / 10 / 11,417,systems-engineer,Snapshot concurrency supplement from source note22b8029c
1,"1,2,3,4",True,independent-verifier,PENDING_NAMED_CANDIDATE,"independent deterministic raw HTTP race captures, observable generation oracle and unchanged independent-process replacement",python snapshot_probe.py --base CURRENT_URL --peer INDEPENDENT_DESTINATION_1 --third INDEPENDENT_DESTINATION_2 --candidate FULL_NAMED_CANDIDATE --out NEW_UNIQUE_DIRECTORY,UNVERIFIED,unverified,Client events expose HTTP response lifetime; server-internal serialization interleaving is not inferred. Private state stays opaque; bounded schedule only.,TK1-snapshot-send-held-1-third-future-keys-absent,Moves after the captured generation have no successful retry receipt; a changed invalid body gets422 rather than used-key409.,6 / 7 / 10 / 11,417,systems-engineer,Snapshot concurrency supplement from source note22b8029c
1,"1,2,3,4",True,independent-verifier,PENDING_NAMED_CANDIDATE,"independent deterministic raw HTTP race captures, observable generation oracle and unchanged independent-process replacement",python snapshot_probe.py --base CURRENT_URL --peer INDEPENDENT_DESTINATION_1 --third INDEPENDENT_DESTINATION_2 --candidate FULL_NAMED_CANDIDATE --out NEW_UNIQUE_DIRECTORY,UNVERIFIED,unverified,Client events expose HTTP response lifetime; server-internal serialization interleaving is not inferred. Private state stays opaque; bounded schedule only.,TK1-snapshot-send-held-1-third-replay-readonly,All original replays leave the entire imported snapshot unchanged.,6 / 7 / 10 / 11,417,systems-engineer,Snapshot concurrency supplement from source note22b8029c
1,"1,2,3,4",True,independent-verifier,PENDING_NAMED_CANDIDATE,"independent deterministic raw HTTP race captures, observable generation oracle and unchanged independent-process replacement",python snapshot_probe.py --base CURRENT_URL --peer INDEPENDENT_DESTINATION_1 --third INDEPENDENT_DESTINATION_2 --candidate FULL_NAMED_CANDIDATE --out NEW_UNIQUE_DIRECTORY,UNVERIFIED,unverified,Client events expose HTTP response lifetime; server-internal serialization interleaving is not inferred. Private state stays opaque; bounded schedule only.,TK1-snapshot-send-held-1-third-repeat-import,Repeating unchanged replacement204 preserves full exact snapshot without duplication.,6 / 7 / 10 / 11,417,systems-engineer,Snapshot concurrency supplement from source note22b8029c
1,"1,2,3,4",True,independent-verifier,PENDING_NAMED_CANDIDATE,"independent deterministic raw HTTP race captures, observable generation oracle and unchanged independent-process replacement",python snapshot_probe.py --base CURRENT_URL --peer INDEPENDENT_DESTINATION_1 --third INDEPENDENT_DESTINATION_2 --candidate FULL_NAMED_CANDIDATE --out NEW_UNIQUE_DIRECTORY,UNVERIFIED,unverified,Client events expose HTTP response lifetime; server-internal serialization interleaving is not inferred. Private state stays opaque; bounded schedule only.,TK1-snapshot-send-held-1-third-captured-unchanged,Destination export remains the exact captured snapshot after later source writes and replays.,6 / 7 / 10 / 11,417,systems-engineer,Snapshot concurrency supplement from source note22b8029c
1,"1,2,3,4",True,independent-verifier,PENDING_NAMED_CANDIDATE,"independent deterministic raw HTTP race captures, observable generation oracle and unchanged independent-process replacement",python snapshot_probe.py --base CURRENT_URL --peer INDEPENDENT_DESTINATION_1 --third INDEPENDENT_DESTINATION_2 --candidate FULL_NAMED_CANDIDATE --out NEW_UNIQUE_DIRECTORY,UNVERIFIED,unverified,Client events expose HTTP response lifetime; server-internal serialization interleaving is not inferred. Private state stays opaque; bounded schedule only.,TK1-snapshot-send-held-2-export-status,export: Concurrent read returns200.,2 / 3.4 / 5 / 10,417,interface-engineer,Snapshot concurrency supplement from source note22b8029c
1,"1,2,3,4",True,independent-verifier,PENDING_NAMED_CANDIDATE,"independent deterministic raw HTTP race captures, observable generation oracle and unchanged independent-process replacement",python snapshot_probe.py --base CURRENT_URL --peer INDEPENDENT_DESTINATION_1 --third INDEPENDENT_DESTINATION_2 --candidate FULL_NAMED_CANDIDATE --out NEW_UNIQUE_DIRECTORY,UNVERIFIED,unverified,Client events expose HTTP response lifetime; server-internal serialization interleaving is not inferred. Private state stays opaque; bounded schedule only.,TK1-snapshot-send-held-2-export-json,export: Entire captured response is valid JSON.,2 / 3.4 / 5 / 10,417,interface-engineer,Snapshot concurrency supplement from source note22b8029c
1,"1,2,3,4",True,independent-verifier,PENDING_NAMED_CANDIDATE,"independent deterministic raw HTTP race captures, observable generation oracle and unchanged independent-process replacement",python snapshot_probe.py --base CURRENT_URL --peer INDEPENDENT_DESTINATION_1 --third INDEPENDENT_DESTINATION_2 --candidate FULL_NAMED_CANDIDATE --out NEW_UNIQUE_DIRECTORY,UNVERIFIED,unverified,Client events expose HTTP response lifetime; server-internal serialization interleaving is not inferred. Private state stays opaque; bounded schedule only.,TK1-snapshot-send-held-2-export-framing,export: Response charset and byte-accurate length remain correct during concurrent writes.,2 / 3.4 / 5 / 10,417,interface-engineer,Snapshot concurrency supplement from source note22b8029c
1,"1,2,3,4",True,independent-verifier,PENDING_NAMED_CANDIDATE,"independent deterministic raw HTTP race captures, observable generation oracle and unchanged independent-process replacement",python snapshot_probe.py --base CURRENT_URL --peer INDEPENDENT_DESTINATION_1 --third INDEPENDENT_DESTINATION_2 --candidate FULL_NAMED_CANDIDATE --out NEW_UNIQUE_DIRECTORY,UNVERIFIED,unverified,Client events expose HTTP response lifetime; server-internal serialization interleaving is not inferred. Private state stays opaque; bounded schedule only.,TK1-snapshot-send-held-2-list-status,list: Concurrent read returns200.,2 / 3.4 / 5 / 10,417,interface-engineer,Snapshot concurrency supplement from source note22b8029c
1,"1,2,3,4",True,independent-verifier,PENDING_NAMED_CANDIDATE,"independent deterministic raw HTTP race captures, observable generation oracle and unchanged independent-process replacement",python snapshot_probe.py --base CURRENT_URL --peer INDEPENDENT_DESTINATION_1 --third INDEPENDENT_DESTINATION_2 --candidate FULL_NAMED_CANDIDATE --out NEW_UNIQUE_DIRECTORY,UNVERIFIED,unverified,Client events expose HTTP response lifetime; server-internal serialization interleaving is not inferred. Private state stays opaque; bounded schedule only.,TK1-snapshot-send-held-2-list-json,list: Entire captured response is valid JSON.,2 / 3.4 / 5 / 10,417,interface-engineer,Snapshot concurrency supplement from source note22b8029c
1,"1,2,3,4",True,independent-verifier,PENDING_NAMED_CANDIDATE,"independent deterministic raw HTTP race captures, observable generation oracle and unchanged independent-process replacement",python snapshot_probe.py --base CURRENT_URL --peer INDEPENDENT_DESTINATION_1 --third INDEPENDENT_DESTINATION_2 --candidate FULL_NAMED_CANDIDATE --out NEW_UNIQUE_DIRECTORY,UNVERIFIED,unverified,Client events expose HTTP response lifetime; server-internal serialization interleaving is not inferred. Private state stays opaque; bounded schedule only.,TK1-snapshot-send-held-2-list-framing,list: Response charset and byte-accurate length remain correct during concurrent writes.,2 / 3.4 / 5 / 10,417,interface-engineer,Snapshot concurrency supplement from source note22b8029c
1,"1,2,3,4",True,independent-verifier,PENDING_NAMED_CANDIDATE,"independent deterministic raw HTTP race captures, observable generation oracle and unchanged independent-process replacement",python snapshot_probe.py --base CURRENT_URL --peer INDEPENDENT_DESTINATION_1 --third INDEPENDENT_DESTINATION_2 --candidate FULL_NAMED_CANDIDATE --out NEW_UNIQUE_DIRECTORY,UNVERIFIED,unverified,Client events expose HTTP response lifetime; server-internal serialization interleaving is not inferred. Private state stays opaque; bounded schedule only.,TK1-snapshot-send-held-2-availability-status,availability: Concurrent read returns200.,2 / 3.4 / 5 / 10,417,interface-engineer,Snapshot concurrency supplement from source note22b8029c
1,"1,2,3,4",True,independent-verifier,PENDING_NAMED_CANDIDATE,"independent deterministic raw HTTP race captures, observable generation oracle and unchanged independent-process replacement",python snapshot_probe.py --base CURRENT_URL --peer INDEPENDENT_DESTINATION_1 --third INDEPENDENT_DESTINATION_2 --candidate FULL_NAMED_CANDIDATE --out NEW_UNIQUE_DIRECTORY,UNVERIFIED,unverified,Client events expose HTTP response lifetime; server-internal serialization interleaving is not inferred. Private state stays opaque; bounded schedule only.,TK1-snapshot-send-held-2-availability-json,availability: Entire captured response is valid JSON.,2 / 3.4 / 5 / 10,417,interface-engineer,Snapshot concurrency supplement from source note22b8029c
1,"1,2,3,4",True,independent-verifier,PENDING_NAMED_CANDIDATE,"independent deterministic raw HTTP race captures, observable generation oracle and unchanged independent-process replacement",python snapshot_probe.py --base CURRENT_URL --peer INDEPENDENT_DESTINATION_1 --third INDEPENDENT_DESTINATION_2 --candidate FULL_NAMED_CANDIDATE --out NEW_UNIQUE_DIRECTORY,UNVERIFIED,unverified,Client events expose HTTP response lifetime; server-internal serialization interleaving is not inferred. Private state stays opaque; bounded schedule only.,TK1-snapshot-send-held-2-availability-framing,availability: Response charset and byte-accurate length remain correct during concurrent writes.,2 / 3.4 / 5 / 10,417,interface-engineer,Snapshot concurrency supplement from source note22b8029c
1,"1,2,3,4",True,independent-verifier,PENDING_NAMED_CANDIDATE,"independent deterministic raw HTTP race captures, observable generation oracle and unchanged independent-process replacement",python snapshot_probe.py --base CURRENT_URL --peer INDEPENDENT_DESTINATION_1 --third INDEPENDENT_DESTINATION_2 --candidate FULL_NAMED_CANDIDATE --out NEW_UNIQUE_DIRECTORY,UNVERIFIED,unverified,Client events expose HTTP response lifetime; server-internal serialization interleaving is not inferred. Private state stays opaque; bounded schedule only.,TK1-snapshot-send-held-2-list-coherent,Read list is one complete legal atomic generation within the concurrent interval.,1 / 8 / 11,417,systems-engineer,Snapshot concurrency supplement from source note22b8029c
1,"1,2,3,4",True,independent-verifier,PENDING_NAMED_CANDIDATE,"independent deterministic raw HTTP race captures, observable generation oracle and unchanged independent-process replacement",python snapshot_probe.py --base CURRENT_URL --peer INDEPENDENT_DESTINATION_1 --third INDEPENDENT_DESTINATION_2 --candidate FULL_NAMED_CANDIDATE --out NEW_UNIQUE_DIRECTORY,UNVERIFIED,unverified,Client events expose HTTP response lifetime; server-internal serialization interleaving is not inferred. Private state stays opaque; bounded schedule only.,TK1-snapshot-send-held-2-list-identities,Read list retains all eight identities/timestamps while moves commit.,8 / 11,417,systems-engineer,Snapshot concurrency supplement from source note22b8029c
1,"1,2,3,4",True,independent-verifier,PENDING_NAMED_CANDIDATE,"independent deterministic raw HTTP race captures, observable generation oracle and unchanged independent-process replacement",python snapshot_probe.py --base CURRENT_URL --peer INDEPENDENT_DESTINATION_1 --third INDEPENDENT_DESTINATION_2 --candidate FULL_NAMED_CANDIDATE --out NEW_UNIQUE_DIRECTORY,UNVERIFIED,unverified,Client events expose HTTP response lifetime; server-internal serialization interleaving is not inferred. Private state stays opaque; bounded schedule only.,TK1-snapshot-send-held-2-availability-coherent,Availability respects the full unchanged occupancy and fixture order during atomic cyclic moves.,1 / 8 / 11,417,systems-engineer,Snapshot concurrency supplement from source note22b8029c
1,"1,2,3,4",True,independent-verifier,PENDING_NAMED_CANDIDATE,"independent deterministic raw HTTP race captures, observable generation oracle and unchanged independent-process replacement",python snapshot_probe.py --base CURRENT_URL --peer INDEPENDENT_DESTINATION_1 --third INDEPENDENT_DESTINATION_2 --candidate FULL_NAMED_CANDIDATE --out NEW_UNIQUE_DIRECTORY,UNVERIFIED,unverified,Client events expose HTTP response lifetime; server-internal serialization interleaving is not inferred. Private state stays opaque; bounded schedule only.,TK1-snapshot-send-held-2-export-envelope,Captured export retains track/version/state envelope.,10,417,systems-engineer,Snapshot concurrency supplement from source note22b8029c
1,"1,2,3,4",True,independent-verifier,PENDING_NAMED_CANDIDATE,"independent deterministic raw HTTP race captures, observable generation oracle and unchanged independent-process replacement",python snapshot_probe.py --base CURRENT_URL --peer INDEPENDENT_DESTINATION_1 --third INDEPENDENT_DESTINATION_2 --candidate FULL_NAMED_CANDIDATE --out NEW_UNIQUE_DIRECTORY,UNVERIFIED,unverified,Client events expose HTTP response lifetime; server-internal serialization interleaving is not inferred. Private state stays opaque; bounded schedule only.,TK1-snapshot-send-held-2-source-readonly,"After writers settle, repeated reads/exports and receipt replays leave complete source state unchanged.",7 / 10,417,systems-engineer,Snapshot concurrency supplement from source note22b8029c
1,"1,2,3,4",True,independent-verifier,PENDING_NAMED_CANDIDATE,"independent deterministic raw HTTP race captures, observable generation oracle and unchanged independent-process replacement",python snapshot_probe.py --base CURRENT_URL --peer INDEPENDENT_DESTINATION_1 --third INDEPENDENT_DESTINATION_2 --candidate FULL_NAMED_CANDIDATE --out NEW_UNIQUE_DIRECTORY,UNVERIFIED,unverified,Client events expose HTTP response lifetime; server-internal serialization interleaving is not inferred. Private state stays opaque; bounded schedule only.,TK1-snapshot-send-held-2-peer-import,Unchanged captured raw export replaces an independent destination204.,6 / 7 / 10 / 11,417,systems-engineer,Snapshot concurrency supplement from source note22b8029c
1,"1,2,3,4",True,independent-verifier,PENDING_NAMED_CANDIDATE,"independent deterministic raw HTTP race captures, observable generation oracle and unchanged independent-process replacement",python snapshot_probe.py --base CURRENT_URL --peer INDEPENDENT_DESTINATION_1 --third INDEPENDENT_DESTINATION_2 --candidate FULL_NAMED_CANDIDATE --out NEW_UNIQUE_DIRECTORY,UNVERIFIED,unverified,Client events expose HTTP response lifetime; server-internal serialization interleaving is not inferred. Private state stays opaque; bounded schedule only.,TK1-snapshot-send-held-2-peer-valid-token,Real source bearer token remains valid after replacement.,6 / 7 / 10 / 11,417,systems-engineer,Snapshot concurrency supplement from source note22b8029c
1,"1,2,3,4",True,independent-verifier,PENDING_NAMED_CANDIDATE,"independent deterministic raw HTTP race captures, observable generation oracle and unchanged independent-process replacement",python snapshot_probe.py --base CURRENT_URL --peer INDEPENDENT_DESTINATION_1 --third INDEPENDENT_DESTINATION_2 --candidate FULL_NAMED_CANDIDATE --out NEW_UNIQUE_DIRECTORY,UNVERIFIED,unverified,Client events expose HTTP response lifetime; server-internal serialization interleaving is not inferred. Private state stays opaque; bounded schedule only.,TK1-snapshot-send-held-2-peer-generation,Imported private records form one complete legal generation.,6 / 7 / 10 / 11,417,systems-engineer,Snapshot concurrency supplement from source note22b8029c
1,"1,2,3,4",True,independent-verifier,PENDING_NAMED_CANDIDATE,"independent deterministic raw HTTP race captures, observable generation oracle and unchanged independent-process replacement",python snapshot_probe.py --base CURRENT_URL --peer INDEPENDENT_DESTINATION_1 --third INDEPENDENT_DESTINATION_2 --candidate FULL_NAMED_CANDIDATE --out NEW_UNIQUE_DIRECTORY,UNVERIFIED,unverified,Client events expose HTTP response lifetime; server-internal serialization interleaving is not inferred. Private state stays opaque; bounded schedule only.,TK1-snapshot-send-held-2-peer-identities,All imported source identities/statuses/timestamps remain unchanged.,6 / 7 / 10 / 11,417,systems-engineer,Snapshot concurrency supplement from source note22b8029c
1,"1,2,3,4",True,independent-verifier,PENDING_NAMED_CANDIDATE,"independent deterministic raw HTTP race captures, observable generation oracle and unchanged independent-process replacement",python snapshot_probe.py --base CURRENT_URL --peer INDEPENDENT_DESTINATION_1 --third INDEPENDENT_DESTINATION_2 --candidate FULL_NAMED_CANDIDATE --out NEW_UNIQUE_DIRECTORY,UNVERIFIED,unverified,Client events expose HTTP response lifetime; server-internal serialization interleaving is not inferred. Private state stays opaque; bounded schedule only.,TK1-snapshot-send-held-2-peer-old-token-removed,Replacement removes the destination's previous session.,6 / 7 / 10 / 11,417,systems-engineer,Snapshot concurrency supplement from source note22b8029c
1,"1,2,3,4",True,independent-verifier,PENDING_NAMED_CANDIDATE,"independent deterministic raw HTTP race captures, observable generation oracle and unchanged independent-process replacement",python snapshot_probe.py --base CURRENT_URL --peer INDEPENDENT_DESTINATION_1 --third INDEPENDENT_DESTINATION_2 --candidate FULL_NAMED_CANDIDATE --out NEW_UNIQUE_DIRECTORY,UNVERIFIED,unverified,Client events expose HTTP response lifetime; server-internal serialization interleaving is not inferred. Private state stays opaque; bounded schedule only.,TK1-snapshot-send-held-2-peer-old-records-removed,Replacement removes previous destination records.,6 / 7 / 10 / 11,417,systems-engineer,Snapshot concurrency supplement from source note22b8029c
1,"1,2,3,4",True,independent-verifier,PENDING_NAMED_CANDIDATE,"independent deterministic raw HTTP race captures, observable generation oracle and unchanged independent-process replacement",python snapshot_probe.py --base CURRENT_URL --peer INDEPENDENT_DESTINATION_1 --third INDEPENDENT_DESTINATION_2 --candidate FULL_NAMED_CANDIDATE --out NEW_UNIQUE_DIRECTORY,UNVERIFIED,unverified,Client events expose HTTP response lifetime; server-internal serialization interleaving is not inferred. Private state stays opaque; bounded schedule only.,TK1-snapshot-send-held-2-peer-create-receipts,Every successful original create receipt replays200 with its exact original response.,6 / 7 / 10 / 11,417,systems-engineer,Snapshot concurrency supplement from source note22b8029c
1,"1,2,3,4",True,independent-verifier,PENDING_NAMED_CANDIDATE,"independent deterministic raw HTTP race captures, observable generation oracle and unchanged independent-process replacement",python snapshot_probe.py --base CURRENT_URL --peer INDEPENDENT_DESTINATION_1 --third INDEPENDENT_DESTINATION_2 --candidate FULL_NAMED_CANDIDATE --out NEW_UNIQUE_DIRECTORY,UNVERIFIED,unverified,Client events expose HTTP response lifetime; server-internal serialization interleaving is not inferred. Private state stays opaque; bounded schedule only.,TK1-snapshot-send-held-2-peer-move-receipts,Every move committed in the captured generation's prefix replays200 with its exact original response.,6 / 7 / 10 / 11,417,systems-engineer,Snapshot concurrency supplement from source note22b8029c
1,"1,2,3,4",True,independent-verifier,PENDING_NAMED_CANDIDATE,"independent deterministic raw HTTP race captures, observable generation oracle and unchanged independent-process replacement",python snapshot_probe.py --base CURRENT_URL --peer INDEPENDENT_DESTINATION_1 --third INDEPENDENT_DESTINATION_2 --candidate FULL_NAMED_CANDIDATE --out NEW_UNIQUE_DIRECTORY,UNVERIFIED,unverified,Client events expose HTTP response lifetime; server-internal serialization interleaving is not inferred. Private state stays opaque; bounded schedule only.,TK1-snapshot-send-held-2-peer-future-keys-absent,Moves after the captured generation have no successful retry receipt; a changed invalid body gets422 rather than used-key409.,6 / 7 / 10 / 11,417,systems-engineer,Snapshot concurrency supplement from source note22b8029c
1,"1,2,3,4",True,independent-verifier,PENDING_NAMED_CANDIDATE,"independent deterministic raw HTTP race captures, observable generation oracle and unchanged independent-process replacement",python snapshot_probe.py --base CURRENT_URL --peer INDEPENDENT_DESTINATION_1 --third INDEPENDENT_DESTINATION_2 --candidate FULL_NAMED_CANDIDATE --out NEW_UNIQUE_DIRECTORY,UNVERIFIED,unverified,Client events expose HTTP response lifetime; server-internal serialization interleaving is not inferred. Private state stays opaque; bounded schedule only.,TK1-snapshot-send-held-2-peer-replay-readonly,All original replays leave the entire imported snapshot unchanged.,6 / 7 / 10 / 11,417,systems-engineer,Snapshot concurrency supplement from source note22b8029c
1,"1,2,3,4",True,independent-verifier,PENDING_NAMED_CANDIDATE,"independent deterministic raw HTTP race captures, observable generation oracle and unchanged independent-process replacement",python snapshot_probe.py --base CURRENT_URL --peer INDEPENDENT_DESTINATION_1 --third INDEPENDENT_DESTINATION_2 --candidate FULL_NAMED_CANDIDATE --out NEW_UNIQUE_DIRECTORY,UNVERIFIED,unverified,Client events expose HTTP response lifetime; server-internal serialization interleaving is not inferred. Private state stays opaque; bounded schedule only.,TK1-snapshot-send-held-2-peer-repeat-import,Repeating unchanged replacement204 preserves full exact snapshot without duplication.,6 / 7 / 10 / 11,417,systems-engineer,Snapshot concurrency supplement from source note22b8029c
1,"1,2,3,4",True,independent-verifier,PENDING_NAMED_CANDIDATE,"independent deterministic raw HTTP race captures, observable generation oracle and unchanged independent-process replacement",python snapshot_probe.py --base CURRENT_URL --peer INDEPENDENT_DESTINATION_1 --third INDEPENDENT_DESTINATION_2 --candidate FULL_NAMED_CANDIDATE --out NEW_UNIQUE_DIRECTORY,UNVERIFIED,unverified,Client events expose HTTP response lifetime; server-internal serialization interleaving is not inferred. Private state stays opaque; bounded schedule only.,TK1-snapshot-send-held-2-peer-captured-unchanged,Destination export remains the exact captured snapshot after later source writes and replays.,6 / 7 / 10 / 11,417,systems-engineer,Snapshot concurrency supplement from source note22b8029c
1,"1,2,3,4",True,independent-verifier,PENDING_NAMED_CANDIDATE,"independent deterministic raw HTTP race captures, observable generation oracle and unchanged independent-process replacement",python snapshot_probe.py --base CURRENT_URL --peer INDEPENDENT_DESTINATION_1 --third INDEPENDENT_DESTINATION_2 --candidate FULL_NAMED_CANDIDATE --out NEW_UNIQUE_DIRECTORY,UNVERIFIED,unverified,Client events expose HTTP response lifetime; server-internal serialization interleaving is not inferred. Private state stays opaque; bounded schedule only.,TK1-snapshot-send-held-2-third-import,Unchanged captured raw export replaces an independent destination204.,6 / 7 / 10 / 11,417,systems-engineer,Snapshot concurrency supplement from source note22b8029c
1,"1,2,3,4",True,independent-verifier,PENDING_NAMED_CANDIDATE,"independent deterministic raw HTTP race captures, observable generation oracle and unchanged independent-process replacement",python snapshot_probe.py --base CURRENT_URL --peer INDEPENDENT_DESTINATION_1 --third INDEPENDENT_DESTINATION_2 --candidate FULL_NAMED_CANDIDATE --out NEW_UNIQUE_DIRECTORY,UNVERIFIED,unverified,Client events expose HTTP response lifetime; server-internal serialization interleaving is not inferred. Private state stays opaque; bounded schedule only.,TK1-snapshot-send-held-2-third-valid-token,Real source bearer token remains valid after replacement.,6 / 7 / 10 / 11,417,systems-engineer,Snapshot concurrency supplement from source note22b8029c
1,"1,2,3,4",True,independent-verifier,PENDING_NAMED_CANDIDATE,"independent deterministic raw HTTP race captures, observable generation oracle and unchanged independent-process replacement",python snapshot_probe.py --base CURRENT_URL --peer INDEPENDENT_DESTINATION_1 --third INDEPENDENT_DESTINATION_2 --candidate FULL_NAMED_CANDIDATE --out NEW_UNIQUE_DIRECTORY,UNVERIFIED,unverified,Client events expose HTTP response lifetime; server-internal serialization interleaving is not inferred. Private state stays opaque; bounded schedule only.,TK1-snapshot-send-held-2-third-generation,Imported private records form one complete legal generation.,6 / 7 / 10 / 11,417,systems-engineer,Snapshot concurrency supplement from source note22b8029c
1,"1,2,3,4",True,independent-verifier,PENDING_NAMED_CANDIDATE,"independent deterministic raw HTTP race captures, observable generation oracle and unchanged independent-process replacement",python snapshot_probe.py --base CURRENT_URL --peer INDEPENDENT_DESTINATION_1 --third INDEPENDENT_DESTINATION_2 --candidate FULL_NAMED_CANDIDATE --out NEW_UNIQUE_DIRECTORY,UNVERIFIED,unverified,Client events expose HTTP response lifetime; server-internal serialization interleaving is not inferred. Private state stays opaque; bounded schedule only.,TK1-snapshot-send-held-2-third-identities,All imported source identities/statuses/timestamps remain unchanged.,6 / 7 / 10 / 11,417,systems-engineer,Snapshot concurrency supplement from source note22b8029c
1,"1,2,3,4",True,independent-verifier,PENDING_NAMED_CANDIDATE,"independent deterministic raw HTTP race captures, observable generation oracle and unchanged independent-process replacement",python snapshot_probe.py --base CURRENT_URL --peer INDEPENDENT_DESTINATION_1 --third INDEPENDENT_DESTINATION_2 --candidate FULL_NAMED_CANDIDATE --out NEW_UNIQUE_DIRECTORY,UNVERIFIED,unverified,Client events expose HTTP response lifetime; server-internal serialization interleaving is not inferred. Private state stays opaque; bounded schedule only.,TK1-snapshot-send-held-2-third-old-token-removed,Replacement removes the destination's previous session.,6 / 7 / 10 / 11,417,systems-engineer,Snapshot concurrency supplement from source note22b8029c
1,"1,2,3,4",True,independent-verifier,PENDING_NAMED_CANDIDATE,"independent deterministic raw HTTP race captures, observable generation oracle and unchanged independent-process replacement",python snapshot_probe.py --base CURRENT_URL --peer INDEPENDENT_DESTINATION_1 --third INDEPENDENT_DESTINATION_2 --candidate FULL_NAMED_CANDIDATE --out NEW_UNIQUE_DIRECTORY,UNVERIFIED,unverified,Client events expose HTTP response lifetime; server-internal serialization interleaving is not inferred. Private state stays opaque; bounded schedule only.,TK1-snapshot-send-held-2-third-old-records-removed,Replacement removes previous destination records.,6 / 7 / 10 / 11,417,systems-engineer,Snapshot concurrency supplement from source note22b8029c
1,"1,2,3,4",True,independent-verifier,PENDING_NAMED_CANDIDATE,"independent deterministic raw HTTP race captures, observable generation oracle and unchanged independent-process replacement",python snapshot_probe.py --base CURRENT_URL --peer INDEPENDENT_DESTINATION_1 --third INDEPENDENT_DESTINATION_2 --candidate FULL_NAMED_CANDIDATE --out NEW_UNIQUE_DIRECTORY,UNVERIFIED,unverified,Client events expose HTTP response lifetime; server-internal serialization interleaving is not inferred. Private state stays opaque; bounded schedule only.,TK1-snapshot-send-held-2-third-create-receipts,Every successful original create receipt replays200 with its exact original response.,6 / 7 / 10 / 11,417,systems-engineer,Snapshot concurrency supplement from source note22b8029c
1,"1,2,3,4",True,independent-verifier,PENDING_NAMED_CANDIDATE,"independent deterministic raw HTTP race captures, observable generation oracle and unchanged independent-process replacement",python snapshot_probe.py --base CURRENT_URL --peer INDEPENDENT_DESTINATION_1 --third INDEPENDENT_DESTINATION_2 --candidate FULL_NAMED_CANDIDATE --out NEW_UNIQUE_DIRECTORY,UNVERIFIED,unverified,Client events expose HTTP response lifetime; server-internal serialization interleaving is not inferred. Private state stays opaque; bounded schedule only.,TK1-snapshot-send-held-2-third-move-receipts,Every move committed in the captured generation's prefix replays200 with its exact original response.,6 / 7 / 10 / 11,417,systems-engineer,Snapshot concurrency supplement from source note22b8029c
1,"1,2,3,4",True,independent-verifier,PENDING_NAMED_CANDIDATE,"independent deterministic raw HTTP race captures, observable generation oracle and unchanged independent-process replacement",python snapshot_probe.py --base CURRENT_URL --peer INDEPENDENT_DESTINATION_1 --third INDEPENDENT_DESTINATION_2 --candidate FULL_NAMED_CANDIDATE --out NEW_UNIQUE_DIRECTORY,UNVERIFIED,unverified,Client events expose HTTP response lifetime; server-internal serialization interleaving is not inferred. Private state stays opaque; bounded schedule only.,TK1-snapshot-send-held-2-third-future-keys-absent,Moves after the captured generation have no successful retry receipt; a changed invalid body gets422 rather than used-key409.,6 / 7 / 10 / 11,417,systems-engineer,Snapshot concurrency supplement from source note22b8029c
1,"1,2,3,4",True,independent-verifier,PENDING_NAMED_CANDIDATE,"independent deterministic raw HTTP race captures, observable generation oracle and unchanged independent-process replacement",python snapshot_probe.py --base CURRENT_URL --peer INDEPENDENT_DESTINATION_1 --third INDEPENDENT_DESTINATION_2 --candidate FULL_NAMED_CANDIDATE --out NEW_UNIQUE_DIRECTORY,UNVERIFIED,unverified,Client events expose HTTP response lifetime; server-internal serialization interleaving is not inferred. Private state stays opaque; bounded schedule only.,TK1-snapshot-send-held-2-third-replay-readonly,All original replays leave the entire imported snapshot unchanged.,6 / 7 / 10 / 11,417,systems-engineer,Snapshot concurrency supplement from source note22b8029c
1,"1,2,3,4",True,independent-verifier,PENDING_NAMED_CANDIDATE,"independent deterministic raw HTTP race captures, observable generation oracle and unchanged independent-process replacement",python snapshot_probe.py --base CURRENT_URL --peer INDEPENDENT_DESTINATION_1 --third INDEPENDENT_DESTINATION_2 --candidate FULL_NAMED_CANDIDATE --out NEW_UNIQUE_DIRECTORY,UNVERIFIED,unverified,Client events expose HTTP response lifetime; server-internal serialization interleaving is not inferred. Private state stays opaque; bounded schedule only.,TK1-snapshot-send-held-2-third-repeat-import,Repeating unchanged replacement204 preserves full exact snapshot without duplication.,6 / 7 / 10 / 11,417,systems-engineer,Snapshot concurrency supplement from source note22b8029c
1,"1,2,3,4",True,independent-verifier,PENDING_NAMED_CANDIDATE,"independent deterministic raw HTTP race captures, observable generation oracle and unchanged independent-process replacement",python snapshot_probe.py --base CURRENT_URL --peer INDEPENDENT_DESTINATION_1 --third INDEPENDENT_DESTINATION_2 --candidate FULL_NAMED_CANDIDATE --out NEW_UNIQUE_DIRECTORY,UNVERIFIED,unverified,Client events expose HTTP response lifetime; server-internal serialization interleaving is not inferred. Private state stays opaque; bounded schedule only.,TK1-snapshot-send-held-2-third-captured-unchanged,Destination export remains the exact captured snapshot after later source writes and replays.,6 / 7 / 10 / 11,417,systems-engineer,Snapshot concurrency supplement from source note22b8029c
1,"1,2,3,4",True,independent-verifier,PENDING_NAMED_CANDIDATE,"independent deterministic raw HTTP race captures, observable generation oracle and unchanged independent-process replacement",python snapshot_probe.py --base CURRENT_URL --peer INDEPENDENT_DESTINATION_1 --third INDEPENDENT_DESTINATION_2 --candidate FULL_NAMED_CANDIDATE --out NEW_UNIQUE_DIRECTORY,UNVERIFIED,unverified,Client events expose HTTP response lifetime; server-internal serialization interleaving is not inferred. Private state stays opaque; bounded schedule only.,TK1-snapshot-send-held-3-export-status,export: Concurrent read returns200.,2 / 3.4 / 5 / 10,417,interface-engineer,Snapshot concurrency supplement from source note22b8029c
1,"1,2,3,4",True,independent-verifier,PENDING_NAMED_CANDIDATE,"independent deterministic raw HTTP race captures, observable generation oracle and unchanged independent-process replacement",python snapshot_probe.py --base CURRENT_URL --peer INDEPENDENT_DESTINATION_1 --third INDEPENDENT_DESTINATION_2 --candidate FULL_NAMED_CANDIDATE --out NEW_UNIQUE_DIRECTORY,UNVERIFIED,unverified,Client events expose HTTP response lifetime; server-internal serialization interleaving is not inferred. Private state stays opaque; bounded schedule only.,TK1-snapshot-send-held-3-export-json,export: Entire captured response is valid JSON.,2 / 3.4 / 5 / 10,417,interface-engineer,Snapshot concurrency supplement from source note22b8029c
1,"1,2,3,4",True,independent-verifier,PENDING_NAMED_CANDIDATE,"independent deterministic raw HTTP race captures, observable generation oracle and unchanged independent-process replacement",python snapshot_probe.py --base CURRENT_URL --peer INDEPENDENT_DESTINATION_1 --third INDEPENDENT_DESTINATION_2 --candidate FULL_NAMED_CANDIDATE --out NEW_UNIQUE_DIRECTORY,UNVERIFIED,unverified,Client events expose HTTP response lifetime; server-internal serialization interleaving is not inferred. Private state stays opaque; bounded schedule only.,TK1-snapshot-send-held-3-export-framing,export: Response charset and byte-accurate length remain correct during concurrent writes.,2 / 3.4 / 5 / 10,417,interface-engineer,Snapshot concurrency supplement from source note22b8029c
1,"1,2,3,4",True,independent-verifier,PENDING_NAMED_CANDIDATE,"independent deterministic raw HTTP race captures, observable generation oracle and unchanged independent-process replacement",python snapshot_probe.py --base CURRENT_URL --peer INDEPENDENT_DESTINATION_1 --third INDEPENDENT_DESTINATION_2 --candidate FULL_NAMED_CANDIDATE --out NEW_UNIQUE_DIRECTORY,UNVERIFIED,unverified,Client events expose HTTP response lifetime; server-internal serialization interleaving is not inferred. Private state stays opaque; bounded schedule only.,TK1-snapshot-send-held-3-list-status,list: Concurrent read returns200.,2 / 3.4 / 5 / 10,417,interface-engineer,Snapshot concurrency supplement from source note22b8029c
1,"1,2,3,4",True,independent-verifier,PENDING_NAMED_CANDIDATE,"independent deterministic raw HTTP race captures, observable generation oracle and unchanged independent-process replacement",python snapshot_probe.py --base CURRENT_URL --peer INDEPENDENT_DESTINATION_1 --third INDEPENDENT_DESTINATION_2 --candidate FULL_NAMED_CANDIDATE --out NEW_UNIQUE_DIRECTORY,UNVERIFIED,unverified,Client events expose HTTP response lifetime; server-internal serialization interleaving is not inferred. Private state stays opaque; bounded schedule only.,TK1-snapshot-send-held-3-list-json,list: Entire captured response is valid JSON.,2 / 3.4 / 5 / 10,417,interface-engineer,Snapshot concurrency supplement from source note22b8029c
1,"1,2,3,4",True,independent-verifier,PENDING_NAMED_CANDIDATE,"independent deterministic raw HTTP race captures, observable generation oracle and unchanged independent-process replacement",python snapshot_probe.py --base CURRENT_URL --peer INDEPENDENT_DESTINATION_1 --third INDEPENDENT_DESTINATION_2 --candidate FULL_NAMED_CANDIDATE --out NEW_UNIQUE_DIRECTORY,UNVERIFIED,unverified,Client events expose HTTP response lifetime; server-internal serialization interleaving is not inferred. Private state stays opaque; bounded schedule only.,TK1-snapshot-send-held-3-list-framing,list: Response charset and byte-accurate length remain correct during concurrent writes.,2 / 3.4 / 5 / 10,417,interface-engineer,Snapshot concurrency supplement from source note22b8029c
1,"1,2,3,4",True,independent-verifier,PENDING_NAMED_CANDIDATE,"independent deterministic raw HTTP race captures, observable generation oracle and unchanged independent-process replacement",python snapshot_probe.py --base CURRENT_URL --peer INDEPENDENT_DESTINATION_1 --third INDEPENDENT_DESTINATION_2 --candidate FULL_NAMED_CANDIDATE --out NEW_UNIQUE_DIRECTORY,UNVERIFIED,unverified,Client events expose HTTP response lifetime; server-internal serialization interleaving is not inferred. Private state stays opaque; bounded schedule only.,TK1-snapshot-send-held-3-availability-status,availability: Concurrent read returns200.,2 / 3.4 / 5 / 10,417,interface-engineer,Snapshot concurrency supplement from source note22b8029c
1,"1,2,3,4",True,independent-verifier,PENDING_NAMED_CANDIDATE,"independent deterministic raw HTTP race captures, observable generation oracle and unchanged independent-process replacement",python snapshot_probe.py --base CURRENT_URL --peer INDEPENDENT_DESTINATION_1 --third INDEPENDENT_DESTINATION_2 --candidate FULL_NAMED_CANDIDATE --out NEW_UNIQUE_DIRECTORY,UNVERIFIED,unverified,Client events expose HTTP response lifetime; server-internal serialization interleaving is not inferred. Private state stays opaque; bounded schedule only.,TK1-snapshot-send-held-3-availability-json,availability: Entire captured response is valid JSON.,2 / 3.4 / 5 / 10,417,interface-engineer,Snapshot concurrency supplement from source note22b8029c
1,"1,2,3,4",True,independent-verifier,PENDING_NAMED_CANDIDATE,"independent deterministic raw HTTP race captures, observable generation oracle and unchanged independent-process replacement",python snapshot_probe.py --base CURRENT_URL --peer INDEPENDENT_DESTINATION_1 --third INDEPENDENT_DESTINATION_2 --candidate FULL_NAMED_CANDIDATE --out NEW_UNIQUE_DIRECTORY,UNVERIFIED,unverified,Client events expose HTTP response lifetime; server-internal serialization interleaving is not inferred. Private state stays opaque; bounded schedule only.,TK1-snapshot-send-held-3-availability-framing,availability: Response charset and byte-accurate length remain correct during concurrent writes.,2 / 3.4 / 5 / 10,417,interface-engineer,Snapshot concurrency supplement from source note22b8029c
1,"1,2,3,4",True,independent-verifier,PENDING_NAMED_CANDIDATE,"independent deterministic raw HTTP race captures, observable generation oracle and unchanged independent-process replacement",python snapshot_probe.py --base CURRENT_URL --peer INDEPENDENT_DESTINATION_1 --third INDEPENDENT_DESTINATION_2 --candidate FULL_NAMED_CANDIDATE --out NEW_UNIQUE_DIRECTORY,UNVERIFIED,unverified,Client events expose HTTP response lifetime; server-internal serialization interleaving is not inferred. Private state stays opaque; bounded schedule only.,TK1-snapshot-send-held-3-list-coherent,Read list is one complete legal atomic generation within the concurrent interval.,1 / 8 / 11,417,systems-engineer,Snapshot concurrency supplement from source note22b8029c
1,"1,2,3,4",True,independent-verifier,PENDING_NAMED_CANDIDATE,"independent deterministic raw HTTP race captures, observable generation oracle and unchanged independent-process replacement",python snapshot_probe.py --base CURRENT_URL --peer INDEPENDENT_DESTINATION_1 --third INDEPENDENT_DESTINATION_2 --candidate FULL_NAMED_CANDIDATE --out NEW_UNIQUE_DIRECTORY,UNVERIFIED,unverified,Client events expose HTTP response lifetime; server-internal serialization interleaving is not inferred. Private state stays opaque; bounded schedule only.,TK1-snapshot-send-held-3-list-identities,Read list retains all eight identities/timestamps while moves commit.,8 / 11,417,systems-engineer,Snapshot concurrency supplement from source note22b8029c
1,"1,2,3,4",True,independent-verifier,PENDING_NAMED_CANDIDATE,"independent deterministic raw HTTP race captures, observable generation oracle and unchanged independent-process replacement",python snapshot_probe.py --base CURRENT_URL --peer INDEPENDENT_DESTINATION_1 --third INDEPENDENT_DESTINATION_2 --candidate FULL_NAMED_CANDIDATE --out NEW_UNIQUE_DIRECTORY,UNVERIFIED,unverified,Client events expose HTTP response lifetime; server-internal serialization interleaving is not inferred. Private state stays opaque; bounded schedule only.,TK1-snapshot-send-held-3-availability-coherent,Availability respects the full unchanged occupancy and fixture order during atomic cyclic moves.,1 / 8 / 11,417,systems-engineer,Snapshot concurrency supplement from source note22b8029c
1,"1,2,3,4",True,independent-verifier,PENDING_NAMED_CANDIDATE,"independent deterministic raw HTTP race captures, observable generation oracle and unchanged independent-process replacement",python snapshot_probe.py --base CURRENT_URL --peer INDEPENDENT_DESTINATION_1 --third INDEPENDENT_DESTINATION_2 --candidate FULL_NAMED_CANDIDATE --out NEW_UNIQUE_DIRECTORY,UNVERIFIED,unverified,Client events expose HTTP response lifetime; server-internal serialization interleaving is not inferred. Private state stays opaque; bounded schedule only.,TK1-snapshot-send-held-3-export-envelope,Captured export retains track/version/state envelope.,10,417,systems-engineer,Snapshot concurrency supplement from source note22b8029c
1,"1,2,3,4",True,independent-verifier,PENDING_NAMED_CANDIDATE,"independent deterministic raw HTTP race captures, observable generation oracle and unchanged independent-process replacement",python snapshot_probe.py --base CURRENT_URL --peer INDEPENDENT_DESTINATION_1 --third INDEPENDENT_DESTINATION_2 --candidate FULL_NAMED_CANDIDATE --out NEW_UNIQUE_DIRECTORY,UNVERIFIED,unverified,Client events expose HTTP response lifetime; server-internal serialization interleaving is not inferred. Private state stays opaque; bounded schedule only.,TK1-snapshot-send-held-3-source-readonly,"After writers settle, repeated reads/exports and receipt replays leave complete source state unchanged.",7 / 10,417,systems-engineer,Snapshot concurrency supplement from source note22b8029c
1,"1,2,3,4",True,independent-verifier,PENDING_NAMED_CANDIDATE,"independent deterministic raw HTTP race captures, observable generation oracle and unchanged independent-process replacement",python snapshot_probe.py --base CURRENT_URL --peer INDEPENDENT_DESTINATION_1 --third INDEPENDENT_DESTINATION_2 --candidate FULL_NAMED_CANDIDATE --out NEW_UNIQUE_DIRECTORY,UNVERIFIED,unverified,Client events expose HTTP response lifetime; server-internal serialization interleaving is not inferred. Private state stays opaque; bounded schedule only.,TK1-snapshot-send-held-3-peer-import,Unchanged captured raw export replaces an independent destination204.,6 / 7 / 10 / 11,417,systems-engineer,Snapshot concurrency supplement from source note22b8029c
1,"1,2,3,4",True,independent-verifier,PENDING_NAMED_CANDIDATE,"independent deterministic raw HTTP race captures, observable generation oracle and unchanged independent-process replacement",python snapshot_probe.py --base CURRENT_URL --peer INDEPENDENT_DESTINATION_1 --third INDEPENDENT_DESTINATION_2 --candidate FULL_NAMED_CANDIDATE --out NEW_UNIQUE_DIRECTORY,UNVERIFIED,unverified,Client events expose HTTP response lifetime; server-internal serialization interleaving is not inferred. Private state stays opaque; bounded schedule only.,TK1-snapshot-send-held-3-peer-valid-token,Real source bearer token remains valid after replacement.,6 / 7 / 10 / 11,417,systems-engineer,Snapshot concurrency supplement from source note22b8029c
1,"1,2,3,4",True,independent-verifier,PENDING_NAMED_CANDIDATE,"independent deterministic raw HTTP race captures, observable generation oracle and unchanged independent-process replacement",python snapshot_probe.py --base CURRENT_URL --peer INDEPENDENT_DESTINATION_1 --third INDEPENDENT_DESTINATION_2 --candidate FULL_NAMED_CANDIDATE --out NEW_UNIQUE_DIRECTORY,UNVERIFIED,unverified,Client events expose HTTP response lifetime; server-internal serialization interleaving is not inferred. Private state stays opaque; bounded schedule only.,TK1-snapshot-send-held-3-peer-generation,Imported private records form one complete legal generation.,6 / 7 / 10 / 11,417,systems-engineer,Snapshot concurrency supplement from source note22b8029c
1,"1,2,3,4",True,independent-verifier,PENDING_NAMED_CANDIDATE,"independent deterministic raw HTTP race captures, observable generation oracle and unchanged independent-process replacement",python snapshot_probe.py --base CURRENT_URL --peer INDEPENDENT_DESTINATION_1 --third INDEPENDENT_DESTINATION_2 --candidate FULL_NAMED_CANDIDATE --out NEW_UNIQUE_DIRECTORY,UNVERIFIED,unverified,Client events expose HTTP response lifetime; server-internal serialization interleaving is not inferred. Private state stays opaque; bounded schedule only.,TK1-snapshot-send-held-3-peer-identities,All imported source identities/statuses/timestamps remain unchanged.,6 / 7 / 10 / 11,417,systems-engineer,Snapshot concurrency supplement from source note22b8029c
1,"1,2,3,4",True,independent-verifier,PENDING_NAMED_CANDIDATE,"independent deterministic raw HTTP race captures, observable generation oracle and unchanged independent-process replacement",python snapshot_probe.py --base CURRENT_URL --peer INDEPENDENT_DESTINATION_1 --third INDEPENDENT_DESTINATION_2 --candidate FULL_NAMED_CANDIDATE --out NEW_UNIQUE_DIRECTORY,UNVERIFIED,unverified,Client events expose HTTP response lifetime; server-internal serialization interleaving is not inferred. Private state stays opaque; bounded schedule only.,TK1-snapshot-send-held-3-peer-old-token-removed,Replacement removes the destination's previous session.,6 / 7 / 10 / 11,417,systems-engineer,Snapshot concurrency supplement from source note22b8029c
1,"1,2,3,4",True,independent-verifier,PENDING_NAMED_CANDIDATE,"independent deterministic raw HTTP race captures, observable generation oracle and unchanged independent-process replacement",python snapshot_probe.py --base CURRENT_URL --peer INDEPENDENT_DESTINATION_1 --third INDEPENDENT_DESTINATION_2 --candidate FULL_NAMED_CANDIDATE --out NEW_UNIQUE_DIRECTORY,UNVERIFIED,unverified,Client events expose HTTP response lifetime; server-internal serialization interleaving is not inferred. Private state stays opaque; bounded schedule only.,TK1-snapshot-send-held-3-peer-old-records-removed,Replacement removes previous destination records.,6 / 7 / 10 / 11,417,systems-engineer,Snapshot concurrency supplement from source note22b8029c
1,"1,2,3,4",True,independent-verifier,PENDING_NAMED_CANDIDATE,"independent deterministic raw HTTP race captures, observable generation oracle and unchanged independent-process replacement",python snapshot_probe.py --base CURRENT_URL --peer INDEPENDENT_DESTINATION_1 --third INDEPENDENT_DESTINATION_2 --candidate FULL_NAMED_CANDIDATE --out NEW_UNIQUE_DIRECTORY,UNVERIFIED,unverified,Client events expose HTTP response lifetime; server-internal serialization interleaving is not inferred. Private state stays opaque; bounded schedule only.,TK1-snapshot-send-held-3-peer-create-receipts,Every successful original create receipt replays200 with its exact original response.,6 / 7 / 10 / 11,417,systems-engineer,Snapshot concurrency supplement from source note22b8029c
1,"1,2,3,4",True,independent-verifier,PENDING_NAMED_CANDIDATE,"independent deterministic raw HTTP race captures, observable generation oracle and unchanged independent-process replacement",python snapshot_probe.py --base CURRENT_URL --peer INDEPENDENT_DESTINATION_1 --third INDEPENDENT_DESTINATION_2 --candidate FULL_NAMED_CANDIDATE --out NEW_UNIQUE_DIRECTORY,UNVERIFIED,unverified,Client events expose HTTP response lifetime; server-internal serialization interleaving is not inferred. Private state stays opaque; bounded schedule only.,TK1-snapshot-send-held-3-peer-move-receipts,Every move committed in the captured generation's prefix replays200 with its exact original response.,6 / 7 / 10 / 11,417,systems-engineer,Snapshot concurrency supplement from source note22b8029c
1,"1,2,3,4",True,independent-verifier,PENDING_NAMED_CANDIDATE,"independent deterministic raw HTTP race captures, observable generation oracle and unchanged independent-process replacement",python snapshot_probe.py --base CURRENT_URL --peer INDEPENDENT_DESTINATION_1 --third INDEPENDENT_DESTINATION_2 --candidate FULL_NAMED_CANDIDATE --out NEW_UNIQUE_DIRECTORY,UNVERIFIED,unverified,Client events expose HTTP response lifetime; server-internal serialization interleaving is not inferred. Private state stays opaque; bounded schedule only.,TK1-snapshot-send-held-3-peer-future-keys-absent,Moves after the captured generation have no successful retry receipt; a changed invalid body gets422 rather than used-key409.,6 / 7 / 10 / 11,417,systems-engineer,Snapshot concurrency supplement from source note22b8029c
1,"1,2,3,4",True,independent-verifier,PENDING_NAMED_CANDIDATE,"independent deterministic raw HTTP race captures, observable generation oracle and unchanged independent-process replacement",python snapshot_probe.py --base CURRENT_URL --peer INDEPENDENT_DESTINATION_1 --third INDEPENDENT_DESTINATION_2 --candidate FULL_NAMED_CANDIDATE --out NEW_UNIQUE_DIRECTORY,UNVERIFIED,unverified,Client events expose HTTP response lifetime; server-internal serialization interleaving is not inferred. Private state stays opaque; bounded schedule only.,TK1-snapshot-send-held-3-peer-replay-readonly,All original replays leave the entire imported snapshot unchanged.,6 / 7 / 10 / 11,417,systems-engineer,Snapshot concurrency supplement from source note22b8029c
1,"1,2,3,4",True,independent-verifier,PENDING_NAMED_CANDIDATE,"independent deterministic raw HTTP race captures, observable generation oracle and unchanged independent-process replacement",python snapshot_probe.py --base CURRENT_URL --peer INDEPENDENT_DESTINATION_1 --third INDEPENDENT_DESTINATION_2 --candidate FULL_NAMED_CANDIDATE --out NEW_UNIQUE_DIRECTORY,UNVERIFIED,unverified,Client events expose HTTP response lifetime; server-internal serialization interleaving is not inferred. Private state stays opaque; bounded schedule only.,TK1-snapshot-send-held-3-peer-repeat-import,Repeating unchanged replacement204 preserves full exact snapshot without duplication.,6 / 7 / 10 / 11,417,systems-engineer,Snapshot concurrency supplement from source note22b8029c
1,"1,2,3,4",True,independent-verifier,PENDING_NAMED_CANDIDATE,"independent deterministic raw HTTP race captures, observable generation oracle and unchanged independent-process replacement",python snapshot_probe.py --base CURRENT_URL --peer INDEPENDENT_DESTINATION_1 --third INDEPENDENT_DESTINATION_2 --candidate FULL_NAMED_CANDIDATE --out NEW_UNIQUE_DIRECTORY,UNVERIFIED,unverified,Client events expose HTTP response lifetime; server-internal serialization interleaving is not inferred. Private state stays opaque; bounded schedule only.,TK1-snapshot-send-held-3-peer-captured-unchanged,Destination export remains the exact captured snapshot after later source writes and replays.,6 / 7 / 10 / 11,417,systems-engineer,Snapshot concurrency supplement from source note22b8029c
1,"1,2,3,4",True,independent-verifier,PENDING_NAMED_CANDIDATE,"independent deterministic raw HTTP race captures, observable generation oracle and unchanged independent-process replacement",python snapshot_probe.py --base CURRENT_URL --peer INDEPENDENT_DESTINATION_1 --third INDEPENDENT_DESTINATION_2 --candidate FULL_NAMED_CANDIDATE --out NEW_UNIQUE_DIRECTORY,UNVERIFIED,unverified,Client events expose HTTP response lifetime; server-internal serialization interleaving is not inferred. Private state stays opaque; bounded schedule only.,TK1-snapshot-send-held-3-third-import,Unchanged captured raw export replaces an independent destination204.,6 / 7 / 10 / 11,417,systems-engineer,Snapshot concurrency supplement from source note22b8029c
1,"1,2,3,4",True,independent-verifier,PENDING_NAMED_CANDIDATE,"independent deterministic raw HTTP race captures, observable generation oracle and unchanged independent-process replacement",python snapshot_probe.py --base CURRENT_URL --peer INDEPENDENT_DESTINATION_1 --third INDEPENDENT_DESTINATION_2 --candidate FULL_NAMED_CANDIDATE --out NEW_UNIQUE_DIRECTORY,UNVERIFIED,unverified,Client events expose HTTP response lifetime; server-internal serialization interleaving is not inferred. Private state stays opaque; bounded schedule only.,TK1-snapshot-send-held-3-third-valid-token,Real source bearer token remains valid after replacement.,6 / 7 / 10 / 11,417,systems-engineer,Snapshot concurrency supplement from source note22b8029c
1,"1,2,3,4",True,independent-verifier,PENDING_NAMED_CANDIDATE,"independent deterministic raw HTTP race captures, observable generation oracle and unchanged independent-process replacement",python snapshot_probe.py --base CURRENT_URL --peer INDEPENDENT_DESTINATION_1 --third INDEPENDENT_DESTINATION_2 --candidate FULL_NAMED_CANDIDATE --out NEW_UNIQUE_DIRECTORY,UNVERIFIED,unverified,Client events expose HTTP response lifetime; server-internal serialization interleaving is not inferred. Private state stays opaque; bounded schedule only.,TK1-snapshot-send-held-3-third-generation,Imported private records form one complete legal generation.,6 / 7 / 10 / 11,417,systems-engineer,Snapshot concurrency supplement from source note22b8029c
1,"1,2,3,4",True,independent-verifier,PENDING_NAMED_CANDIDATE,"independent deterministic raw HTTP race captures, observable generation oracle and unchanged independent-process replacement",python snapshot_probe.py --base CURRENT_URL --peer INDEPENDENT_DESTINATION_1 --third INDEPENDENT_DESTINATION_2 --candidate FULL_NAMED_CANDIDATE --out NEW_UNIQUE_DIRECTORY,UNVERIFIED,unverified,Client events expose HTTP response lifetime; server-internal serialization interleaving is not inferred. Private state stays opaque; bounded schedule only.,TK1-snapshot-send-held-3-third-identities,All imported source identities/statuses/timestamps remain unchanged.,6 / 7 / 10 / 11,417,systems-engineer,Snapshot concurrency supplement from source note22b8029c
1,"1,2,3,4",True,independent-verifier,PENDING_NAMED_CANDIDATE,"independent deterministic raw HTTP race captures, observable generation oracle and unchanged independent-process replacement",python snapshot_probe.py --base CURRENT_URL --peer INDEPENDENT_DESTINATION_1 --third INDEPENDENT_DESTINATION_2 --candidate FULL_NAMED_CANDIDATE --out NEW_UNIQUE_DIRECTORY,UNVERIFIED,unverified,Client events expose HTTP response lifetime; server-internal serialization interleaving is not inferred. Private state stays opaque; bounded schedule only.,TK1-snapshot-send-held-3-third-old-token-removed,Replacement removes the destination's previous session.,6 / 7 / 10 / 11,417,systems-engineer,Snapshot concurrency supplement from source note22b8029c
1,"1,2,3,4",True,independent-verifier,PENDING_NAMED_CANDIDATE,"independent deterministic raw HTTP race captures, observable generation oracle and unchanged independent-process replacement",python snapshot_probe.py --base CURRENT_URL --peer INDEPENDENT_DESTINATION_1 --third INDEPENDENT_DESTINATION_2 --candidate FULL_NAMED_CANDIDATE --out NEW_UNIQUE_DIRECTORY,UNVERIFIED,unverified,Client events expose HTTP response lifetime; server-internal serialization interleaving is not inferred. Private state stays opaque; bounded schedule only.,TK1-snapshot-send-held-3-third-old-records-removed,Replacement removes previous destination records.,6 / 7 / 10 / 11,417,systems-engineer,Snapshot concurrency supplement from source note22b8029c
1,"1,2,3,4",True,independent-verifier,PENDING_NAMED_CANDIDATE,"independent deterministic raw HTTP race captures, observable generation oracle and unchanged independent-process replacement",python snapshot_probe.py --base CURRENT_URL --peer INDEPENDENT_DESTINATION_1 --third INDEPENDENT_DESTINATION_2 --candidate FULL_NAMED_CANDIDATE --out NEW_UNIQUE_DIRECTORY,UNVERIFIED,unverified,Client events expose HTTP response lifetime; server-internal serialization interleaving is not inferred. Private state stays opaque; bounded schedule only.,TK1-snapshot-send-held-3-third-create-receipts,Every successful original create receipt replays200 with its exact original response.,6 / 7 / 10 / 11,417,systems-engineer,Snapshot concurrency supplement from source note22b8029c
1,"1,2,3,4",True,independent-verifier,PENDING_NAMED_CANDIDATE,"independent deterministic raw HTTP race captures, observable generation oracle and unchanged independent-process replacement",python snapshot_probe.py --base CURRENT_URL --peer INDEPENDENT_DESTINATION_1 --third INDEPENDENT_DESTINATION_2 --candidate FULL_NAMED_CANDIDATE --out NEW_UNIQUE_DIRECTORY,UNVERIFIED,unverified,Client events expose HTTP response lifetime; server-internal serialization interleaving is not inferred. Private state stays opaque; bounded schedule only.,TK1-snapshot-send-held-3-third-move-receipts,Every move committed in the captured generation's prefix replays200 with its exact original response.,6 / 7 / 10 / 11,417,systems-engineer,Snapshot concurrency supplement from source note22b8029c
1,"1,2,3,4",True,independent-verifier,PENDING_NAMED_CANDIDATE,"independent deterministic raw HTTP race captures, observable generation oracle and unchanged independent-process replacement",python snapshot_probe.py --base CURRENT_URL --peer INDEPENDENT_DESTINATION_1 --third INDEPENDENT_DESTINATION_2 --candidate FULL_NAMED_CANDIDATE --out NEW_UNIQUE_DIRECTORY,UNVERIFIED,unverified,Client events expose HTTP response lifetime; server-internal serialization interleaving is not inferred. Private state stays opaque; bounded schedule only.,TK1-snapshot-send-held-3-third-future-keys-absent,Moves after the captured generation have no successful retry receipt; a changed invalid body gets422 rather than used-key409.,6 / 7 / 10 / 11,417,systems-engineer,Snapshot concurrency supplement from source note22b8029c
1,"1,2,3,4",True,independent-verifier,PENDING_NAMED_CANDIDATE,"independent deterministic raw HTTP race captures, observable generation oracle and unchanged independent-process replacement",python snapshot_probe.py --base CURRENT_URL --peer INDEPENDENT_DESTINATION_1 --third INDEPENDENT_DESTINATION_2 --candidate FULL_NAMED_CANDIDATE --out NEW_UNIQUE_DIRECTORY,UNVERIFIED,unverified,Client events expose HTTP response lifetime; server-internal serialization interleaving is not inferred. Private state stays opaque; bounded schedule only.,TK1-snapshot-send-held-3-third-replay-readonly,All original replays leave the entire imported snapshot unchanged.,6 / 7 / 10 / 11,417,systems-engineer,Snapshot concurrency supplement from source note22b8029c
1,"1,2,3,4",True,independent-verifier,PENDING_NAMED_CANDIDATE,"independent deterministic raw HTTP race captures, observable generation oracle and unchanged independent-process replacement",python snapshot_probe.py --base CURRENT_URL --peer INDEPENDENT_DESTINATION_1 --third INDEPENDENT_DESTINATION_2 --candidate FULL_NAMED_CANDIDATE --out NEW_UNIQUE_DIRECTORY,UNVERIFIED,unverified,Client events expose HTTP response lifetime; server-internal serialization interleaving is not inferred. Private state stays opaque; bounded schedule only.,TK1-snapshot-send-held-3-third-repeat-import,Repeating unchanged replacement204 preserves full exact snapshot without duplication.,6 / 7 / 10 / 11,417,systems-engineer,Snapshot concurrency supplement from source note22b8029c
1,"1,2,3,4",True,independent-verifier,PENDING_NAMED_CANDIDATE,"independent deterministic raw HTTP race captures, observable generation oracle and unchanged independent-process replacement",python snapshot_probe.py --base CURRENT_URL --peer INDEPENDENT_DESTINATION_1 --third INDEPENDENT_DESTINATION_2 --candidate FULL_NAMED_CANDIDATE --out NEW_UNIQUE_DIRECTORY,UNVERIFIED,unverified,Client events expose HTTP response lifetime; server-internal serialization interleaving is not inferred. Private state stays opaque; bounded schedule only.,TK1-snapshot-send-held-3-third-captured-unchanged,Destination export remains the exact captured snapshot after later source writes and replays.,6 / 7 / 10 / 11,417,systems-engineer,Snapshot concurrency supplement from source note22b8029c
1,"1,2,3,4",True,independent-verifier,PENDING_NAMED_CANDIDATE,"independent deterministic raw HTTP race captures, observable generation oracle and unchanged independent-process replacement",python snapshot_probe.py --base CURRENT_URL --peer INDEPENDENT_DESTINATION_1 --third INDEPENDENT_DESTINATION_2 --candidate FULL_NAMED_CANDIDATE --out NEW_UNIQUE_DIRECTORY,UNVERIFIED,unverified,Client events expose HTTP response lifetime; server-internal serialization interleaving is not inferred. Private state stays opaque; bounded schedule only.,TK1-snapshot-no-5xx,No observed bounded concurrent request yields5xx.,2 / 5,417,interface-engineer,Snapshot concurrency supplement from source note22b8029c
1,"1,2,3,4",True,independent-verifier,PENDING_NAMED_CANDIDATE,"independent deterministic raw HTTP race captures, observable generation oracle and unchanged independent-process replacement",python snapshot_probe.py --base CURRENT_URL --peer INDEPENDENT_DESTINATION_1 --third INDEPENDENT_DESTINATION_2 --candidate FULL_NAMED_CANDIDATE --out NEW_UNIQUE_DIRECTORY,UNVERIFIED,unverified,Client events expose HTTP response lifetime; server-internal serialization interleaving is not inferred. Private state stays opaque; bounded schedule only.,TK1-snapshot-ordinary-duration,Non-held ordinary write/read requests finish within5seconds.,2 / 5,417,interface-engineer,Snapshot concurrency supplement from source note22b8029c
1,"1,2,3,4",True,independent-verifier,PENDING_NAMED_CANDIDATE,"independent deterministic raw HTTP race captures, observable generation oracle and unchanged independent-process replacement",python snapshot_probe.py --base CURRENT_URL --peer INDEPENDENT_DESTINATION_1 --third INDEPENDENT_DESTINATION_2 --candidate FULL_NAMED_CANDIDATE --out NEW_UNIQUE_DIRECTORY,UNVERIFIED,unverified,Client events expose HTTP response lifetime; server-internal serialization interleaving is not inferred. Private state stays opaque; bounded schedule only.,TK1-snapshot-control-duration,Non-held reset/import/export controls finish within10seconds.,2 / 5,417,interface-engineer,Snapshot concurrency supplement from source note22b8029c
