requirement_id,source_section,source_line,introduced_stage,applicable_stages,source_kind,requirement_text,owner,candidate_full_revision,verification_method,executable_command_or_interaction,evidence_path,verdict
TK-S1-001,Tablekeeper — Stage 1: reservations,3,1,"1,2,3,4",prose,This stage defines the initial service and its API.,systems-engineer,UNASSIGNED,Independent specification-derived black-box probe; atomization review pending,UNVERIFIED,UNVERIFIED,unverified
TK-S1-002,Tablekeeper — Stage 1: reservations,5,1,"1,2,3,4",prose,Build from the supplied requirements.,systems-engineer,UNASSIGNED,Independent specification-derived black-box probe; atomization review pending,UNVERIFIED,UNVERIFIED,unverified
TK-S1-003,Tablekeeper — Stage 1: reservations,5,1,"1,2,3,4",prose,"Source code, API documentation and schemas from existing products in this domain must not be used.",systems-engineer,UNASSIGNED,Independent specification-derived black-box probe; atomization review pending,UNVERIFIED,UNVERIFIED,unverified
TK-S1-004,1. Scope,10,1,"1,2,3,4",prose,"Diners can search restaurant availability, book a table and receive a confirmation reference.",systems-engineer,UNASSIGNED,Independent specification-derived black-box probe; atomization review pending,UNVERIFIED,UNVERIFIED,unverified
TK-S1-005,1. Scope,10,1,"1,2,3,4",prose,"They can cancel or amend their bookings, including changing several bookings together.",systems-engineer,UNASSIGNED,Independent specification-derived black-box probe; atomization review pending,UNVERIFIED,UNVERIFIED,unverified
TK-S1-006,1. Scope,10,1,"1,2,3,4",prose,"Each restaurant has its own table capacities, opening hours and cancellation policy.",systems-engineer,UNASSIGNED,Independent specification-derived black-box probe; atomization review pending,UNVERIFIED,UNVERIFIED,unverified
TK-S1-007,1. Scope,10,1,"1,2,3,4",prose,Only the HTTP API is required.,systems-engineer,UNASSIGNED,Independent specification-derived black-box probe; atomization review pending,UNVERIFIED,UNVERIFIED,unverified
TK-S1-008,1. Scope,15,1,"1,2,3,4",prose,"Two `confirmed` reservations must never occupy the same table at overlapping times, including during concurrent requests.",systems-engineer,UNASSIGNED,Independent specification-derived black-box probe; atomization review pending,UNVERIFIED,UNVERIFIED,unverified
TK-S1-009,1. Scope,15,1,"1,2,3,4",prose,"Occupancy is the half-open interval `[starts_at, starts_at + reservation_duration)`.",systems-engineer,UNASSIGNED,Independent specification-derived black-box probe; atomization review pending,UNVERIFIED,UNVERIFIED,unverified
TK-S1-010,1. Scope,15,1,"1,2,3,4",prose,A 90-minute booking at 19:00 therefore does not overlap a booking starting at 20:30.,systems-engineer,UNASSIGNED,Independent specification-derived black-box probe; atomization review pending,UNVERIFIED,UNVERIFIED,unverified
TK-S1-011,1. Scope,15,1,"1,2,3,4",prose,Retries and rejected requests must not create duplicate or partial bookings.,systems-engineer,UNASSIGNED,Independent specification-derived black-box probe; atomization review pending,UNVERIFIED,UNVERIFIED,unverified
TK-S1-012,2. Delivery and deployment,23,1,"1,2,3,4",prose,"Deliver an HTTP service, a `Dockerfile` and a `RUN.md` with a command that builds and starts the service without manual setup.",interface-engineer,UNASSIGNED,Independent specification-derived black-box probe; atomization review pending,UNVERIFIED,UNVERIFIED,unverified
TK-S1-013,2. Delivery and deployment,23,1,"1,2,3,4",prose,"Language, framework and storage are unrestricted.",interface-engineer,UNASSIGNED,Independent specification-derived black-box probe; atomization review pending,UNVERIFIED,UNVERIFIED,unverified
TK-S1-014,2. Delivery and deployment,23,1,"1,2,3,4",prose,A `docker-compose.yml` is optional.,interface-engineer,UNASSIGNED,Independent specification-derived black-box probe; atomization review pending,UNVERIFIED,UNVERIFIED,unverified
TK-S1-015,2. Delivery and deployment,27,1,"1,2,3,4",prose,"The submission is a containerized HTTP service, not a Python package.",interface-engineer,UNASSIGNED,Independent specification-derived black-box probe; atomization review pending,UNVERIFIED,UNVERIFIED,unverified
TK-S1-016,2. Delivery and deployment,27,1,"1,2,3,4",prose,Python is not required in the implementation.,interface-engineer,UNASSIGNED,Independent specification-derived black-box probe; atomization review pending,UNVERIFIED,UNVERIFIED,unverified
TK-S1-017,2. Delivery and deployment,27,1,"1,2,3,4",prose,"TypeScript/JavaScript, Go, Rust, Java, Python and any other language are equally valid.",interface-engineer,UNASSIGNED,Independent specification-derived black-box probe; atomization review pending,UNVERIFIED,UNVERIFIED,unverified
TK-S1-018,2. Delivery and deployment,27,1,"1,2,3,4",prose,"The harness builds the submitted `Dockerfile`, starts the resulting image and tests only its HTTP behavior; it does not import or execute the submission's source files on the judge host.",interface-engineer,UNASSIGNED,Independent specification-derived black-box probe; atomization review pending,UNVERIFIED,UNVERIFIED,unverified
TK-S1-019,2. Delivery and deployment,33,1,"1,2,3,4",prose,The image must run on its own with `-e PORT=<port>` and a port mapping.,interface-engineer,UNASSIGNED,Independent specification-derived black-box probe; atomization review pending,UNVERIFIED,UNVERIFIED,unverified
TK-S1-020,2. Delivery and deployment,33,1,"1,2,3,4",prose,Runtime networking has no outbound access.,interface-engineer,UNASSIGNED,Independent specification-derived black-box probe; atomization review pending,UNVERIFIED,UNVERIFIED,unverified
TK-S1-021,2. Delivery and deployment,33,1,"1,2,3,4",prose,"All runtime dependencies, initialization and seed data must work within that single container.",interface-engineer,UNASSIGNED,Independent specification-derived black-box probe; atomization review pending,UNVERIFIED,UNVERIFIED,unverified
TK-S1-022,2. Delivery and deployment,33,1,"1,2,3,4",prose,Compose configuration is not used to start the service.,interface-engineer,UNASSIGNED,Independent specification-derived black-box probe; atomization review pending,UNVERIFIED,UNVERIFIED,unverified
TK-S1-023,Resource limits,39,1,"1,2,3,4",prose,The service must operate within these limits:,systems-engineer,UNASSIGNED,Independent specification-derived black-box probe; atomization review pending,UNVERIFIED,UNVERIFIED,unverified
TK-S1-024,Resource limits,41,1,"1,2,3,4",table contract,| Limit | Value |,systems-engineer,UNASSIGNED,Independent specification-derived black-box probe; atomization review pending,UNVERIFIED,UNVERIFIED,unverified
TK-S1-025,Resource limits,43,1,"1,2,3,4",table contract,| CPU | 2 vCPU |,systems-engineer,UNASSIGNED,Independent specification-derived black-box probe; atomization review pending,UNVERIFIED,UNVERIFIED,unverified
TK-S1-026,Resource limits,44,1,"1,2,3,4",table contract,| Memory | 2 GiB |,systems-engineer,UNASSIGNED,Independent specification-derived black-box probe; atomization review pending,UNVERIFIED,UNVERIFIED,unverified
TK-S1-027,Resource limits,45,1,"1,2,3,4",table contract,| Start to first healthy response | 60 s |,systems-engineer,UNASSIGNED,Independent specification-derived black-box probe; atomization review pending,UNVERIFIED,UNVERIFIED,unverified
TK-S1-028,Resource limits,46,1,"1,2,3,4",table contract,| Concurrent requests | up to 50 in flight |,systems-engineer,UNASSIGNED,Independent specification-derived black-box probe; atomization review pending,UNVERIFIED,UNVERIFIED,unverified
TK-S1-029,Resource limits,47,1,"1,2,3,4",table contract,| Per-request timeout | 5 s (10 s for `POST /_test/reset`) |,systems-engineer,UNASSIGNED,Independent specification-derived black-box probe; atomization review pending,UNVERIFIED,UNVERIFIED,unverified
TK-S1-030,Resource limits,48,1,"1,2,3,4",table contract,"| Outbound network | available during `docker build`, **none at run time** |",systems-engineer,UNASSIGNED,Independent specification-derived black-box probe; atomization review pending,UNVERIFIED,UNVERIFIED,unverified
TK-S1-031,Resource limits,49,1,"1,2,3,4",table contract,| Disk | ephemeral; state need not survive a container restart |,systems-engineer,UNASSIGNED,Independent specification-derived black-box probe; atomization review pending,UNVERIFIED,UNVERIFIED,unverified
TK-S1-032,Resource limits,51,1,"1,2,3,4",prose,Runtime assets and dependencies must be included in the image.,systems-engineer,UNASSIGNED,Independent specification-derived black-box probe; atomization review pending,UNVERIFIED,UNVERIFIED,unverified
TK-S1-033,Resource limits,51,1,"1,2,3,4",prose,"This includes fonts, scripts and stylesheets; external services are unavailable at runtime.",systems-engineer,UNASSIGNED,Independent specification-derived black-box probe; atomization review pending,UNVERIFIED,UNVERIFIED,unverified
TK-S1-034,3.1 Listening,58,1,"1,2,3,4",prose,"Listen on `0.0.0.0` using the `PORT` environment variable, default `8080`.",systems-engineer,UNASSIGNED,Independent specification-derived black-box probe; atomization review pending,UNVERIFIED,UNVERIFIED,unverified
TK-S1-035,3.2 Health,62,1,"1,2,3,4",schema/example,"GET /health  ->  200  {""status"": ""ok""}",systems-engineer,UNASSIGNED,Independent specification-derived black-box probe; atomization review pending,UNVERIFIED,UNVERIFIED,unverified
TK-S1-036,3.2 Health,66,1,"1,2,3,4",prose,"Return 200 once the service and its data store can serve requests, within 60 seconds of container start.",systems-engineer,UNASSIGNED,Independent specification-derived black-box probe; atomization review pending,UNVERIFIED,UNVERIFIED,unverified
TK-S1-037,3.2 Health,66,1,"1,2,3,4",prose,Non-200 responses are permitted before the service is ready.,systems-engineer,UNASSIGNED,Independent specification-derived black-box probe; atomization review pending,UNVERIFIED,UNVERIFIED,unverified
TK-S1-038,3.3 Reset and seed,71,1,"1,2,3,4",schema/example,"POST /_test/reset
Content-Type: application/json

{ ...fixture... }

->  204 No Content",systems-engineer,UNASSIGNED,Independent specification-derived black-box probe; atomization review pending,UNVERIFIED,UNVERIFIED,unverified
TK-S1-039,3.3 Reset and seed,80,1,"1,2,3,4",prose,Replace all service state with the fixture in the request body (§4).,systems-engineer,UNASSIGNED,Independent specification-derived black-box probe; atomization review pending,UNVERIFIED,UNVERIFIED,unverified
TK-S1-040,3.3 Reset and seed,80,1,"1,2,3,4",prose,"When reset returns 204, subsequent requests must see only that fixture.",systems-engineer,UNASSIGNED,Independent specification-derived black-box probe; atomization review pending,UNVERIFIED,UNVERIFIED,unverified
TK-S1-041,3.3 Reset and seed,80,1,"1,2,3,4",prose,Repeated resets are supported.,systems-engineer,UNASSIGNED,Independent specification-derived black-box probe; atomization review pending,UNVERIFIED,UNVERIFIED,unverified
TK-S1-042,3.3 Reset and seed,80,1,"1,2,3,4",prose,This test endpoint must be enabled in the delivered image and requires no authentication.,systems-engineer,UNASSIGNED,Independent specification-derived black-box probe; atomization review pending,UNVERIFIED,UNVERIFIED,unverified
TK-S1-043,3.4 Conventions,86,1,"1,2,3,4",prose,- Requests and responses are `application/json; charset=utf-8`.,systems-engineer,UNASSIGNED,Independent specification-derived black-box probe; atomization review pending,UNVERIFIED,UNVERIFIED,unverified
TK-S1-044,3.4 Conventions,87,1,"1,2,3,4",prose,"- Timestamps in responses are RFC 3339 with an explicit offset, e.g.",systems-engineer,UNASSIGNED,Independent specification-derived black-box probe; atomization review pending,UNVERIFIED,UNVERIFIED,unverified
TK-S1-045,3.4 Conventions,87,1,"1,2,3,4",prose,`2026-09-24T19:00:00+02:00`.,systems-engineer,UNASSIGNED,Independent specification-derived black-box probe; atomization review pending,UNVERIFIED,UNVERIFIED,unverified
TK-S1-046,3.4 Conventions,88,1,"1,2,3,4",prose,"- Unknown fields in a request body are ignored, never an error.",systems-engineer,UNASSIGNED,Independent specification-derived black-box probe; atomization review pending,UNVERIFIED,UNVERIFIED,unverified
TK-S1-047,3.4 Conventions,89,1,"1,2,3,4",prose,- Unknown query parameters are ignored.,systems-engineer,UNASSIGNED,Independent specification-derived black-box probe; atomization review pending,UNVERIFIED,UNVERIFIED,unverified
TK-S1-048,3.4 Conventions,90,1,"1,2,3,4",prose,- IDs are opaque strings of at most 64 characters.,systems-engineer,UNASSIGNED,Independent specification-derived black-box probe; atomization review pending,UNVERIFIED,UNVERIFIED,unverified
TK-S1-049,3.4 Conventions,90,1,"1,2,3,4",prose,Their format is yours.,systems-engineer,UNASSIGNED,Independent specification-derived black-box probe; atomization review pending,UNVERIFIED,UNVERIFIED,unverified
TK-S1-050,3.4 Conventions,90,1,"1,2,3,4",prose,This limit also applies to IDs supplied in reset fixtures.,systems-engineer,UNASSIGNED,Independent specification-derived black-box probe; atomization review pending,UNVERIFIED,UNVERIFIED,unverified
TK-S1-051,4. Model,95,1,"1,2,3,4",prose,Restaurants and tables are supplied through `POST /_test/reset` only.,systems-engineer,UNASSIGNED,Independent specification-derived black-box probe; atomization review pending,UNVERIFIED,UNVERIFIED,unverified
TK-S1-052,4. Model,95,1,"1,2,3,4",prose,Restaurant and table creation endpoints are out of scope.,systems-engineer,UNASSIGNED,Independent specification-derived black-box probe; atomization review pending,UNVERIFIED,UNVERIFIED,unverified
TK-S1-053,4. Model,98,1,"1,2,3,4",table contract,| Field | On | Meaning |,systems-engineer,UNASSIGNED,Independent specification-derived black-box probe; atomization review pending,UNVERIFIED,UNVERIFIED,unverified
TK-S1-054,4. Model,100,1,"1,2,3,4",table contract,"| `timezone` | Restaurant | IANA zone name, e.g.",systems-engineer,UNASSIGNED,Independent specification-derived black-box probe; atomization review pending,UNVERIFIED,UNVERIFIED,unverified
TK-S1-055,4. Model,100,1,"1,2,3,4",table contract,`Europe/Berlin`.,systems-engineer,UNASSIGNED,Independent specification-derived black-box probe; atomization review pending,UNVERIFIED,UNVERIFIED,unverified
TK-S1-056,4. Model,100,1,"1,2,3,4",table contract,All of the restaurant's times are local to this |,systems-engineer,UNASSIGNED,Independent specification-derived black-box probe; atomization review pending,UNVERIFIED,UNVERIFIED,unverified
TK-S1-057,4. Model,101,1,"1,2,3,4",table contract,| `slot_minutes` | Restaurant | Bookings start on a grid of this many minutes from opening time |,systems-engineer,UNASSIGNED,Independent specification-derived black-box probe; atomization review pending,UNVERIFIED,UNVERIFIED,unverified
TK-S1-058,4. Model,102,1,"1,2,3,4",table contract,| `reservation_duration_minutes` | Restaurant | How long every reservation occupies its table |,systems-engineer,UNASSIGNED,Independent specification-derived black-box probe; atomization review pending,UNVERIFIED,UNVERIFIED,unverified
TK-S1-059,4. Model,103,1,"1,2,3,4",table contract,| `cancellation_cutoff_minutes` | Restaurant | A booking cannot be cancelled or changed within this many minutes of its start |,systems-engineer,UNASSIGNED,Independent specification-derived black-box probe; atomization review pending,UNVERIFIED,UNVERIFIED,unverified
TK-S1-060,4. Model,104,1,"1,2,3,4",table contract,| `opening_hours` | Restaurant | Per weekday.,systems-engineer,UNASSIGNED,Independent specification-derived black-box probe; atomization review pending,UNVERIFIED,UNVERIFIED,unverified
TK-S1-061,4. Model,104,1,"1,2,3,4",table contract,A day with no entry is closed |,systems-engineer,UNASSIGNED,Independent specification-derived black-box probe; atomization review pending,UNVERIFIED,UNVERIFIED,unverified
TK-S1-062,4. Model,105,1,"1,2,3,4",table contract,| `capacity` | Table | Maximum party size |,systems-engineer,UNASSIGNED,Independent specification-derived black-box probe; atomization review pending,UNVERIFIED,UNVERIFIED,unverified
TK-S1-063,Fixture format,109,1,"1,2,3,4",schema/example,"{
  ""users"": [
    { ""id"": ""u_ada"", ""email"": ""ada@example.com"",
      ""password"": ""correct horse"", ""display_name"": ""Ada"" }
  ],
  ""restaurants"": [
    {
      ""id"": ""r_anker"",
      ""name"": ""Zum Anker"",
      ""timezone"": ""Europe/Berlin"",
      ""slot_minutes"": 30,
      ""reservation_duration_minutes"": 90,
      ""cancellation_cutoff_minutes"": 120,
      ""opening_hours"": [
        { ""weekday"": ""thu"", ""opens"": ""18:00"", ""closes"": ""23:00"" },
        { ""weekday"": ""fri"", ""opens"": ""18:00"", ""closes"": ""23:30"" }
      ],
      ""tables"": [
        { ""id"": ""t_1"", ""label"": ""1"", ""capacity"": 2 },
        { ""id"": ""t_2"", ""label"": ""2"", ""capacity"": 4 }
      ]
    }
  ],
  ""reservations"": []
}",systems-engineer,UNASSIGNED,Independent specification-derived black-box probe; atomization review pending,UNVERIFIED,UNVERIFIED,unverified
TK-S1-064,Fixture format,137,1,"1,2,3,4",prose,- `weekday` is one of `mon tue wed thu fri sat sun`.,systems-engineer,UNASSIGNED,Independent specification-derived black-box probe; atomization review pending,UNVERIFIED,UNVERIFIED,unverified
TK-S1-065,Fixture format,138,1,"1,2,3,4",prose,"- `opens` and `closes` are local `HH:MM`, 24-hour.",systems-engineer,UNASSIGNED,Independent specification-derived black-box probe; atomization review pending,UNVERIFIED,UNVERIFIED,unverified
TK-S1-066,Fixture format,138,1,"1,2,3,4",prose,`closes` is always later than `opens` on the same local day — opening hours never cross midnight.,systems-engineer,UNASSIGNED,Independent specification-derived black-box probe; atomization review pending,UNVERIFIED,UNVERIFIED,unverified
TK-S1-067,Fixture format,140,1,"1,2,3,4",prose,- Seeded users must be able to log in with the given password immediately.,systems-engineer,UNASSIGNED,Independent specification-derived black-box probe; atomization review pending,UNVERIFIED,UNVERIFIED,unverified
TK-S1-068,Fixture format,141,1,"1,2,3,4",prose,"- `reservations` may seed confirmed bookings, with the same fields as a `POST /reservations` body plus `id`, `reference` and `user_id`.",systems-engineer,UNASSIGNED,Independent specification-derived black-box probe; atomization review pending,UNVERIFIED,UNVERIFIED,unverified
TK-S1-069,Fixture format,144,1,"1,2,3,4",prose,Fixtures may use any calendar date.,systems-engineer,UNASSIGNED,Independent specification-derived black-box probe; atomization review pending,UNVERIFIED,UNVERIFIED,unverified
TK-S1-070,Fixture format,144,1,"1,2,3,4",prose,A booking must not be rejected solely because its start is in the past; the cancellation and amendment cutoff rules still apply.,systems-engineer,UNASSIGNED,Independent specification-derived black-box probe; atomization review pending,UNVERIFIED,UNVERIFIED,unverified
TK-S1-071,5. Errors,149,1,"1,2,3,4",prose,Every 4xx and 5xx response carries this body:,systems-engineer,UNASSIGNED,Independent specification-derived black-box probe; atomization review pending,UNVERIFIED,UNVERIFIED,unverified
TK-S1-072,5. Errors,151,1,"1,2,3,4",schema/example,"{ ""error"": { ""code"": ""table_unavailable"", ""message"": ""human readable, any wording"" } }",systems-engineer,UNASSIGNED,Independent specification-derived black-box probe; atomization review pending,UNVERIFIED,UNVERIFIED,unverified
TK-S1-073,5. Errors,155,1,"1,2,3,4",prose,Use the specified HTTP status and `code`.,systems-engineer,UNASSIGNED,Independent specification-derived black-box probe; atomization review pending,UNVERIFIED,UNVERIFIED,unverified
TK-S1-074,5. Errors,155,1,"1,2,3,4",prose,The human-readable `message` may use any wording.,systems-engineer,UNASSIGNED,Independent specification-derived black-box probe; atomization review pending,UNVERIFIED,UNVERIFIED,unverified
TK-S1-075,5. Errors,155,1,"1,2,3,4",prose,Endpoint-specific errors are listed with each endpoint.,systems-engineer,UNASSIGNED,Independent specification-derived black-box probe; atomization review pending,UNVERIFIED,UNVERIFIED,unverified
TK-S1-076,5. Errors,158,1,"1,2,3,4",table contract,| Status | `code` | When |,systems-engineer,UNASSIGNED,Independent specification-derived black-box probe; atomization review pending,UNVERIFIED,UNVERIFIED,unverified
TK-S1-077,5. Errors,160,1,"1,2,3,4",table contract,"| 400 | `malformed_request` | Unparseable body, or a field of the wrong JSON type |",systems-engineer,UNASSIGNED,Independent specification-derived black-box probe; atomization review pending,UNVERIFIED,UNVERIFIED,unverified
TK-S1-078,5. Errors,161,1,"1,2,3,4",table contract,| 400 | `missing_idempotency_key` | Required `Idempotency-Key` header absent or empty |,systems-engineer,UNASSIGNED,Independent specification-derived black-box probe; atomization review pending,UNVERIFIED,UNVERIFIED,unverified
TK-S1-079,5. Errors,162,1,"1,2,3,4",table contract,"| 401 | `unauthenticated` | Missing, malformed or unknown bearer token |",systems-engineer,UNASSIGNED,Independent specification-derived black-box probe; atomization review pending,UNVERIFIED,UNVERIFIED,unverified
TK-S1-080,5. Errors,163,1,"1,2,3,4",table contract,"| 403 | `forbidden` | Authenticated, but not permitted to touch this resource |",systems-engineer,UNASSIGNED,Independent specification-derived black-box probe; atomization review pending,UNVERIFIED,UNVERIFIED,unverified
TK-S1-081,5. Errors,164,1,"1,2,3,4",table contract,"| 404 | `not_found` | No such resource, or not visible to this caller |",systems-engineer,UNASSIGNED,Independent specification-derived black-box probe; atomization review pending,UNVERIFIED,UNVERIFIED,unverified
TK-S1-082,5. Errors,165,1,"1,2,3,4",table contract,| 409 | `idempotency_key_reuse` | Key already used by this caller with a different request body |,systems-engineer,UNASSIGNED,Independent specification-derived black-box probe; atomization review pending,UNVERIFIED,UNVERIFIED,unverified
TK-S1-083,5. Errors,166,1,"1,2,3,4",table contract,"| 422 | `validation_failed` | A required field or query parameter is missing, or a stated rule is violated with no more specific code |",systems-engineer,UNASSIGNED,Independent specification-derived black-box probe; atomization review pending,UNVERIFIED,UNVERIFIED,unverified
TK-S1-084,5. Errors,168,1,"1,2,3,4",prose,"A field of the correct JSON type with an invalid format or out-of-range value gives 422 `validation_failed`, unless an endpoint specifies a different error.",systems-engineer,UNASSIGNED,Independent specification-derived black-box probe; atomization review pending,UNVERIFIED,UNVERIFIED,unverified
TK-S1-085,5. Errors,168,1,"1,2,3,4",prose,"This includes invalid dates, negative counts and values exceeding a stated maximum or length.",systems-engineer,UNASSIGNED,Independent specification-derived black-box probe; atomization review pending,UNVERIFIED,UNVERIFIED,unverified
TK-S1-086,5. Errors,168,1,"1,2,3,4",prose,In addition:,systems-engineer,UNASSIGNED,Independent specification-derived black-box probe; atomization review pending,UNVERIFIED,UNVERIFIED,unverified
TK-S1-087,5. Errors,172,1,"1,2,3,4",prose,- Endpoint-specific field rules take precedence: invalid `party_size` values (including strings and booleans) and `starts_at_local` strings that are not a bare local `YYYY-MM-DDTHH:MM` are 422 `validation_failed`.,systems-engineer,UNASSIGNED,Independent specification-derived black-box probe; atomization review pending,UNVERIFIED,UNVERIFIED,unverified
TK-S1-088,5. Errors,172,1,"1,2,3,4",prose,Other wrong JSON types follow the rule below.,systems-engineer,UNASSIGNED,Independent specification-derived black-box probe; atomization review pending,UNVERIFIED,UNVERIFIED,unverified
TK-S1-089,5. Errors,175,1,"1,2,3,4",prose,"- An integer-valued **query parameter** is written as plain decimal digits: `1e9`, `4.0` and `+4` are 422 `validation_failed` whatever their numeric value.",systems-engineer,UNASSIGNED,Independent specification-derived black-box probe; atomization review pending,UNVERIFIED,UNVERIFIED,unverified
TK-S1-090,5. Errors,177,1,"1,2,3,4",prose,- Reserve 400 `malformed_request` for a body that does not parse or a field of the wrong type.,systems-engineer,UNASSIGNED,Independent specification-derived black-box probe; atomization review pending,UNVERIFIED,UNVERIFIED,unverified
TK-S1-091,5. Errors,179,1,"1,2,3,4",prose,"Shared ranges, enforced on every endpoint that takes them:",systems-engineer,UNASSIGNED,Independent specification-derived black-box probe; atomization review pending,UNVERIFIED,UNVERIFIED,unverified
TK-S1-092,5. Errors,181,1,"1,2,3,4",table contract,| Field | Valid | Otherwise |,systems-engineer,UNASSIGNED,Independent specification-derived black-box probe; atomization review pending,UNVERIFIED,UNVERIFIED,unverified
TK-S1-093,5. Errors,183,1,"1,2,3,4",table contract,| `Idempotency-Key` | 1 to 255 characters | 422 `validation_failed` |,systems-engineer,UNASSIGNED,Independent specification-derived black-box probe; atomization review pending,UNVERIFIED,UNVERIFIED,unverified
TK-S1-094,5. Errors,185,1,"1,2,3,4",prose,"Requests must not produce 5xx responses, including under concurrent load.",systems-engineer,UNASSIGNED,Independent specification-derived black-box probe; atomization review pending,UNVERIFIED,UNVERIFIED,unverified
TK-S1-095,6. Authentication,189,1,"1,2,3,4",prose,Authentication supports signup and login.,systems-engineer,UNASSIGNED,Independent specification-derived black-box probe; atomization review pending,UNVERIFIED,UNVERIFIED,unverified
TK-S1-096,6. Authentication,189,1,"1,2,3,4",prose,"Email verification, password reset, refresh tokens and role-management endpoints are out of scope.",systems-engineer,UNASSIGNED,Independent specification-derived black-box probe; atomization review pending,UNVERIFIED,UNVERIFIED,unverified
TK-S1-097,6. Authentication,189,1,"1,2,3,4",prose,Permissions specified elsewhere in these requirements still apply.,systems-engineer,UNASSIGNED,Independent specification-derived black-box probe; atomization review pending,UNVERIFIED,UNVERIFIED,unverified
TK-S1-098,6. Authentication,193,1,"1,2,3,4",schema/example,"POST /auth/signup
{ ""email"": ""a@example.com"", ""password"": ""correct horse"", ""display_name"": ""Ada"" }

->  201  { ""user_id"": ""u_1"", ""display_name"": ""Ada"", ""token"": ""..."" }",systems-engineer,UNASSIGNED,Independent specification-derived black-box probe; atomization review pending,UNVERIFIED,UNVERIFIED,unverified
TK-S1-099,6. Authentication,200,1,"1,2,3,4",schema/example,"POST /auth/login
{ ""email"": ""a@example.com"", ""password"": ""correct horse"" }

->  200  { ""user_id"": ""u_1"", ""display_name"": ""Ada"", ""token"": ""..."" }",systems-engineer,UNASSIGNED,Independent specification-derived black-box probe; atomization review pending,UNVERIFIED,UNVERIFIED,unverified
TK-S1-100,6. Authentication,207,1,"1,2,3,4",table contract,| Case | Response |,systems-engineer,UNASSIGNED,Independent specification-derived black-box probe; atomization review pending,UNVERIFIED,UNVERIFIED,unverified
TK-S1-101,6. Authentication,209,1,"1,2,3,4",table contract,| Email already registered | 409 `email_taken` |,systems-engineer,UNASSIGNED,Independent specification-derived black-box probe; atomization review pending,UNVERIFIED,UNVERIFIED,unverified
TK-S1-102,6. Authentication,210,1,"1,2,3,4",table contract,| Password shorter than 8 characters | 422 `validation_failed` |,systems-engineer,UNASSIGNED,Independent specification-derived black-box probe; atomization review pending,UNVERIFIED,UNVERIFIED,unverified
TK-S1-103,6. Authentication,211,1,"1,2,3,4",table contract,| `email` not of the form `local@domain` | 422 `validation_failed` |,systems-engineer,UNASSIGNED,Independent specification-derived black-box probe; atomization review pending,UNVERIFIED,UNVERIFIED,unverified
TK-S1-104,6. Authentication,212,1,"1,2,3,4",table contract,| Wrong password or unknown email on login | 401 `unauthenticated` |,systems-engineer,UNASSIGNED,Independent specification-derived black-box probe; atomization review pending,UNVERIFIED,UNVERIFIED,unverified
TK-S1-105,6. Authentication,214,1,"1,2,3,4",prose,"Every other endpoint requires a bearer token, except `/health`, `/_test/reset`, the two above, and the three public endpoints named at the top of §8 — `GET /restaurants`, `GET /restaurants/{id}` and `GET /availability`:",systems-engineer,UNASSIGNED,Independent specification-derived black-box probe; atomization review pending,UNVERIFIED,UNVERIFIED,unverified
TK-S1-106,6. Authentication,218,1,"1,2,3,4",schema/example,Authorization: Bearer <token>,systems-engineer,UNASSIGNED,Independent specification-derived black-box probe; atomization review pending,UNVERIFIED,UNVERIFIED,unverified
TK-S1-107,6. Authentication,222,1,"1,2,3,4",prose,Tokens do not expire.,systems-engineer,UNASSIGNED,Independent specification-derived black-box probe; atomization review pending,UNVERIFIED,UNVERIFIED,unverified
TK-S1-108,6. Authentication,222,1,"1,2,3,4",prose,An account may have multiple valid tokens and concurrent sessions.,systems-engineer,UNASSIGNED,Independent specification-derived black-box probe; atomization review pending,UNVERIFIED,UNVERIFIED,unverified
TK-S1-109,6. Authentication,224,1,"1,2,3,4",prose,"Passwords must be stored using a password-hashing function such as bcrypt, scrypt or Argon2, or an equivalent.",systems-engineer,UNASSIGNED,Independent specification-derived black-box probe; atomization review pending,UNVERIFIED,UNVERIFIED,unverified
TK-S1-110,6. Authentication,224,1,"1,2,3,4",prose,Plaintext password storage is not permitted.,systems-engineer,UNASSIGNED,Independent specification-derived black-box probe; atomization review pending,UNVERIFIED,UNVERIFIED,unverified
TK-S1-111,7. Idempotency,229,1,"1,2,3,4",prose,Two write paths require an idempotency key: **`POST /reservations`** (§8) and **`POST /reservation-moves`** (§11).,systems-engineer,UNASSIGNED,Independent specification-derived black-box probe; atomization review pending,UNVERIFIED,UNVERIFIED,unverified
TK-S1-112,7. Idempotency,232,1,"1,2,3,4",schema/example,"Idempotency-Key: <client-chosen string, 1..255 characters>",systems-engineer,UNASSIGNED,Independent specification-derived black-box probe; atomization review pending,UNVERIFIED,UNVERIFIED,unverified
TK-S1-113,7. Idempotency,236,1,"1,2,3,4",prose,The key is scoped to **the authenticated user**.,systems-engineer,UNASSIGNED,Independent specification-derived black-box probe; atomization review pending,UNVERIFIED,UNVERIFIED,unverified
TK-S1-114,7. Idempotency,236,1,"1,2,3,4",prose,Two different users may use the same key string with no interaction between them.,systems-engineer,UNASSIGNED,Independent specification-derived black-box probe; atomization review pending,UNVERIFIED,UNVERIFIED,unverified
TK-S1-115,7. Idempotency,239,1,"1,2,3,4",prose,"A replay means the same user sending the **same method, the same path and the same body**.",systems-engineer,UNASSIGNED,Independent specification-derived black-box probe; atomization review pending,UNVERIFIED,UNVERIFIED,unverified
TK-S1-116,7. Idempotency,239,1,"1,2,3,4",prose,"The same key with the same body on a different path is a different request, not a replay, and must succeed normally.",systems-engineer,UNASSIGNED,Independent specification-derived black-box probe; atomization review pending,UNVERIFIED,UNVERIFIED,unverified
TK-S1-117,7. Idempotency,243,1,"1,2,3,4",prose,"After the body has been parsed as a JSON object and the caller authenticated, idempotency is resolved before endpoint-specific field validation or current-resource checks.",systems-engineer,UNASSIGNED,Independent specification-derived black-box probe; atomization review pending,UNVERIFIED,UNVERIFIED,unverified
TK-S1-118,7. Idempotency,243,1,"1,2,3,4",prose,Thus a used key with a different JSON body returns `409 idempotency_key_reuse` even when that new body would otherwise be invalid.,systems-engineer,UNASSIGNED,Independent specification-derived black-box probe; atomization review pending,UNVERIFIED,UNVERIFIED,unverified
TK-S1-119,7. Idempotency,248,1,"1,2,3,4",table contract,| Situation | Response |,systems-engineer,UNASSIGNED,Independent specification-derived black-box probe; atomization review pending,UNVERIFIED,UNVERIFIED,unverified
TK-S1-120,7. Idempotency,250,1,"1,2,3,4",table contract,| Header absent or empty | 400 `missing_idempotency_key` |,systems-engineer,UNASSIGNED,Independent specification-derived black-box probe; atomization review pending,UNVERIFIED,UNVERIFIED,unverified
TK-S1-121,7. Idempotency,251,1,"1,2,3,4",table contract,"| First use of the key | The normal response, **201** |",systems-engineer,UNASSIGNED,Independent specification-derived black-box probe; atomization review pending,UNVERIFIED,UNVERIFIED,unverified
TK-S1-122,7. Idempotency,252,1,"1,2,3,4",table contract,"| Replay: same key, same body | **200**, body identical to the original response as a JSON value |",systems-engineer,UNASSIGNED,Independent specification-derived black-box probe; atomization review pending,UNVERIFIED,UNVERIFIED,unverified
TK-S1-123,7. Idempotency,253,1,"1,2,3,4",table contract,"| Same key, different body | 409 `idempotency_key_reuse` |",systems-engineer,UNASSIGNED,Independent specification-derived black-box probe; atomization review pending,UNVERIFIED,UNVERIFIED,unverified
TK-S1-124,7. Idempotency,254,1,"1,2,3,4",table contract,| Key reused after the original request failed with 4xx | Treated as a first use |,systems-engineer,UNASSIGNED,Independent specification-derived black-box probe; atomization review pending,UNVERIFIED,UNVERIFIED,unverified
TK-S1-125,7. Idempotency,256,1,"1,2,3,4",prose,"""Same body"" means the same JSON value after parsing — key order and whitespace do not matter.",systems-engineer,UNASSIGNED,Independent specification-derived black-box probe; atomization review pending,UNVERIFIED,UNVERIFIED,unverified
TK-S1-126,7. Idempotency,258,1,"1,2,3,4",prose,"For concurrent identical requests with an unused key, exactly one returns 201.",systems-engineer,UNASSIGNED,Independent specification-derived black-box probe; atomization review pending,UNVERIFIED,UNVERIFIED,unverified
TK-S1-127,7. Idempotency,258,1,"1,2,3,4",prose,The others return 200 with the same body.,systems-engineer,UNASSIGNED,Independent specification-derived black-box probe; atomization review pending,UNVERIFIED,UNVERIFIED,unverified
TK-S1-128,7. Idempotency,258,1,"1,2,3,4",prose,The operation takes effect only once.,systems-engineer,UNASSIGNED,Independent specification-derived black-box probe; atomization review pending,UNVERIFIED,UNVERIFIED,unverified
TK-S1-129,7. Idempotency,261,1,"1,2,3,4",prose,"A successful replay returns the original response, even after the resource changes or is cancelled.",systems-engineer,UNASSIGNED,Independent specification-derived black-box probe; atomization review pending,UNVERIFIED,UNVERIFIED,unverified
TK-S1-130,7. Idempotency,261,1,"1,2,3,4",prose,It makes no further state changes.,systems-engineer,UNASSIGNED,Independent specification-derived black-box probe; atomization review pending,UNVERIFIED,UNVERIFIED,unverified
TK-S1-131,8. API,266,1,"1,2,3,4",prose,"`GET /restaurants`, `GET /restaurants/{id}` and `GET /availability` are **public** — no bearer token.",systems-engineer,UNASSIGNED,Independent specification-derived black-box probe; atomization review pending,UNVERIFIED,UNVERIFIED,unverified
TK-S1-132,8. API,266,1,"1,2,3,4",prose,Everything else needs one.,systems-engineer,UNASSIGNED,Independent specification-derived black-box probe; atomization review pending,UNVERIFIED,UNVERIFIED,unverified
TK-S1-133,8. API,266,1,"1,2,3,4",prose,Diners browse before they sign in.,systems-engineer,UNASSIGNED,Independent specification-derived black-box probe; atomization review pending,UNVERIFIED,UNVERIFIED,unverified
TK-S1-134,`GET /restaurants`,271,1,"1,2,3,4",schema/example,"{ ""restaurants"": [ { ""id"": ""r_anker"", ""name"": ""Zum Anker"", ""timezone"": ""Europe/Berlin"" } ] }",systems-engineer,UNASSIGNED,Independent specification-derived black-box probe; atomization review pending,UNVERIFIED,UNVERIFIED,unverified
TK-S1-135,`GET /restaurants/{id}`,277,1,"1,2,3,4",prose,"The restaurant with its `slot_minutes`, `reservation_duration_minutes`, `cancellation_cutoff_minutes`, `opening_hours` and `tables`, in the fixture's shape. 404 if unknown.",systems-engineer,UNASSIGNED,Independent specification-derived black-box probe; atomization review pending,UNVERIFIED,UNVERIFIED,unverified
TK-S1-136,`GET /availability`,283,1,"1,2,3,4",schema/example,GET /availability?restaurant_id=r_anker&date=2026-09-24&party_size=4,systems-engineer,UNASSIGNED,Independent specification-derived black-box probe; atomization review pending,UNVERIFIED,UNVERIFIED,unverified
TK-S1-137,`GET /availability`,287,1,"1,2,3,4",prose,All three parameters are required; a missing one is 422 `validation_failed`.,systems-engineer,UNASSIGNED,Independent specification-derived black-box probe; atomization review pending,UNVERIFIED,UNVERIFIED,unverified
TK-S1-138,`GET /availability`,287,1,"1,2,3,4",prose,`date` is a local calendar date at the restaurant.,systems-engineer,UNASSIGNED,Independent specification-derived black-box probe; atomization review pending,UNVERIFIED,UNVERIFIED,unverified
TK-S1-139,`GET /availability`,290,1,"1,2,3,4",schema/example,"{
  ""restaurant_id"": ""r_anker"",
  ""date"": ""2026-09-24"",
  ""timezone"": ""Europe/Berlin"",
  ""slots"": [
    { ""starts_at_local"": ""2026-09-24T18:00"",
      ""starts_at"": ""2026-09-24T18:00:00+02:00"",
      ""available_table_ids"": [""t_2""] }
  ]
}",systems-engineer,UNASSIGNED,Independent specification-derived black-box probe; atomization review pending,UNVERIFIED,UNVERIFIED,unverified
TK-S1-140,`GET /availability`,303,1,"1,2,3,4",prose,`starts_at_local` is the full `YYYY-MM-DDTHH:MM` and goes into `POST /reservations` unchanged.,systems-engineer,UNASSIGNED,Independent specification-derived black-box probe; atomization review pending,UNVERIFIED,UNVERIFIED,unverified
TK-S1-141,`GET /availability`,305,1,"1,2,3,4",prose,A slot appears for every `slot_minutes` step from `opens` such that `slot + reservation_duration_minutes <= closes`.,systems-engineer,UNASSIGNED,Independent specification-derived black-box probe; atomization review pending,UNVERIFIED,UNVERIFIED,unverified
TK-S1-142,`GET /availability`,305,1,"1,2,3,4",prose,"`available_table_ids` lists the tables of that restaurant with `capacity >= party_size` and no overlapping confirmed reservation, in fixture order.",systems-engineer,UNASSIGNED,Independent specification-derived black-box probe; atomization review pending,UNVERIFIED,UNVERIFIED,unverified
TK-S1-143,`GET /availability`,305,1,"1,2,3,4",prose,"A slot with no available table still appears, with an empty list.",systems-engineer,UNASSIGNED,Independent specification-derived black-box probe; atomization review pending,UNVERIFIED,UNVERIFIED,unverified
TK-S1-144,`GET /availability`,310,1,"1,2,3,4",prose,"A closed day returns `""slots"": []`.",systems-engineer,UNASSIGNED,Independent specification-derived black-box probe; atomization review pending,UNVERIFIED,UNVERIFIED,unverified
TK-S1-145,`POST /reservations`,314,1,"1,2,3,4",prose,`Idempotency-Key` is required; see §7.,systems-engineer,UNASSIGNED,Independent specification-derived black-box probe; atomization review pending,UNVERIFIED,UNVERIFIED,unverified
TK-S1-146,`POST /reservations`,316,1,"1,2,3,4",schema/example,"POST /reservations
Authorization: Bearer <token>
Idempotency-Key: 2f9c1a...

{ ""restaurant_id"": ""r_anker"", ""table_id"": ""t_2"",
  ""starts_at_local"": ""2026-09-24T19:00"", ""party_size"": 4 }",systems-engineer,UNASSIGNED,Independent specification-derived black-box probe; atomization review pending,UNVERIFIED,UNVERIFIED,unverified
TK-S1-147,`POST /reservations`,325,1,"1,2,3,4",prose,"`starts_at_local` is wall-clock at the restaurant, with no offset and no `Z`.",systems-engineer,UNASSIGNED,Independent specification-derived black-box probe; atomization review pending,UNVERIFIED,UNVERIFIED,unverified
TK-S1-148,`POST /reservations`,325,1,"1,2,3,4",prose,Resolve it against the restaurant's `timezone`.,systems-engineer,UNASSIGNED,Independent specification-derived black-box probe; atomization review pending,UNVERIFIED,UNVERIFIED,unverified
TK-S1-149,`POST /reservations`,328,1,"1,2,3,4",schema/example,"201
{
  ""reservation_id"": ""res_7"",
  ""reference"": ""K3P7QW"",
  ""restaurant_id"": ""r_anker"",
  ""table_id"": ""t_2"",
  ""party_size"": 4,
  ""status"": ""confirmed"",
  ""starts_at_local"": ""2026-09-24T19:00"",
  ""starts_at"": ""2026-09-24T19:00:00+02:00"",
  ""ends_at"": ""2026-09-24T20:30:00+02:00"",
  ""created_at"": ""2026-09-21T11:04:03+00:00""
}",systems-engineer,UNASSIGNED,Independent specification-derived black-box probe; atomization review pending,UNVERIFIED,UNVERIFIED,unverified
TK-S1-150,`POST /reservations`,344,1,"1,2,3,4",prose,"`reference` is 6 to 12 characters of `A-Z0-9`, unique across all reservations, and never changes.",systems-engineer,UNASSIGNED,Independent specification-derived black-box probe; atomization review pending,UNVERIFIED,UNVERIFIED,unverified
TK-S1-151,`POST /reservations`,346,1,"1,2,3,4",table contract,| Case | Response |,systems-engineer,UNASSIGNED,Independent specification-derived black-box probe; atomization review pending,UNVERIFIED,UNVERIFIED,unverified
TK-S1-152,`POST /reservations`,348,1,"1,2,3,4",table contract,| The table is taken for an overlapping interval | 409 `table_unavailable` |,systems-engineer,UNASSIGNED,Independent specification-derived black-box probe; atomization review pending,UNVERIFIED,UNVERIFIED,unverified
TK-S1-153,`POST /reservations`,349,1,"1,2,3,4",table contract,| `starts_at_local` is not on the slot grid | 422 `not_on_slot_grid` |,systems-engineer,UNASSIGNED,Independent specification-derived black-box probe; atomization review pending,UNVERIFIED,UNVERIFIED,unverified
TK-S1-154,`POST /reservations`,350,1,"1,2,3,4",table contract,"| Slot outside opening hours, or the reservation would end after `closes` | 422 `outside_opening_hours` |",systems-engineer,UNASSIGNED,Independent specification-derived black-box probe; atomization review pending,UNVERIFIED,UNVERIFIED,unverified
TK-S1-155,`POST /reservations`,351,1,"1,2,3,4",table contract,| `party_size` exceeds the table's `capacity` | 422 `party_exceeds_capacity` |,systems-engineer,UNASSIGNED,Independent specification-derived black-box probe; atomization review pending,UNVERIFIED,UNVERIFIED,unverified
TK-S1-156,`POST /reservations`,352,1,"1,2,3,4",table contract,"| `party_size` below 1, or not an integer | 422 `validation_failed` |",systems-engineer,UNASSIGNED,Independent specification-derived black-box probe; atomization review pending,UNVERIFIED,UNVERIFIED,unverified
TK-S1-157,`POST /reservations`,353,1,"1,2,3,4",table contract,| `starts_at_local` is a local time that does not exist (see §9) | 422 `invalid_local_time` |,systems-engineer,UNASSIGNED,Independent specification-derived black-box probe; atomization review pending,UNVERIFIED,UNVERIFIED,unverified
TK-S1-158,`POST /reservations`,354,1,"1,2,3,4",table contract,"| Unknown restaurant, unknown table, or the table belongs to another restaurant | 404 `not_found` |",systems-engineer,UNASSIGNED,Independent specification-derived black-box probe; atomization review pending,UNVERIFIED,UNVERIFIED,unverified
TK-S1-159,`GET /reservations`,358,1,"1,2,3,4",prose,"The caller's reservations, `starts_at` descending, confirmed and cancelled alike.",systems-engineer,UNASSIGNED,Independent specification-derived black-box probe; atomization review pending,UNVERIFIED,UNVERIFIED,unverified
TK-S1-160,`GET /reservations`,358,1,"1,2,3,4",prose,"Return `200` with `{""reservations"": [...]}`; each entry has the same shape as the create response.",systems-engineer,UNASSIGNED,Independent specification-derived black-box probe; atomization review pending,UNVERIFIED,UNVERIFIED,unverified
TK-S1-161,`GET /reservations`,358,1,"1,2,3,4",prose,"An empty list is `{""reservations"": []}`.",systems-engineer,UNASSIGNED,Independent specification-derived black-box probe; atomization review pending,UNVERIFIED,UNVERIFIED,unverified
TK-S1-162,`GET /reservations/{reference}`,364,1,"1,2,3,4",prose,One reservation. **404 if it is not the caller's** — do not leak the existence of other people's bookings.,systems-engineer,UNASSIGNED,Independent specification-derived black-box probe; atomization review pending,UNVERIFIED,UNVERIFIED,unverified
TK-S1-163,`POST /reservations/{reference}/cancel`,369,1,"1,2,3,4",schema/example,"200
{ ""reference"": ""K3P7QW"", ""status"": ""cancelled"", ... }",systems-engineer,UNASSIGNED,Independent specification-derived black-box probe; atomization review pending,UNVERIFIED,UNVERIFIED,unverified
TK-S1-164,`POST /reservations/{reference}/cancel`,374,1,"1,2,3,4",prose,Frees the table immediately: the next `GET /availability` must offer that slot again.,systems-engineer,UNASSIGNED,Independent specification-derived black-box probe; atomization review pending,UNVERIFIED,UNVERIFIED,unverified
TK-S1-165,`POST /reservations/{reference}/cancel`,376,1,"1,2,3,4",table contract,| Case | Response |,systems-engineer,UNASSIGNED,Independent specification-derived black-box probe; atomization review pending,UNVERIFIED,UNVERIFIED,unverified
TK-S1-166,`POST /reservations/{reference}/cancel`,378,1,"1,2,3,4",table contract,| Already cancelled | 200 with the current state — cancelling twice is not an error |,systems-engineer,UNASSIGNED,Independent specification-derived black-box probe; atomization review pending,UNVERIFIED,UNVERIFIED,unverified
TK-S1-167,`POST /reservations/{reference}/cancel`,379,1,"1,2,3,4",table contract,"| Now is within `cancellation_cutoff_minutes` of `starts_at`, or later | 409 `cutoff_passed` |",systems-engineer,UNASSIGNED,Independent specification-derived black-box probe; atomization review pending,UNVERIFIED,UNVERIFIED,unverified
TK-S1-168,`POST /reservations/{reference}/cancel`,380,1,"1,2,3,4",table contract,| Not the caller's reservation | 404 `not_found` |,systems-engineer,UNASSIGNED,Independent specification-derived black-box probe; atomization review pending,UNVERIFIED,UNVERIFIED,unverified
TK-S1-169,`PATCH /reservations/{reference}`,384,1,"1,2,3,4",prose,"Change the time, the table or the party size.",systems-engineer,UNASSIGNED,Independent specification-derived black-box probe; atomization review pending,UNVERIFIED,UNVERIFIED,unverified
TK-S1-170,`PATCH /reservations/{reference}`,384,1,"1,2,3,4",prose,"Any subset of `table_id`, `starts_at_local`, `party_size`.",systems-engineer,UNASSIGNED,Independent specification-derived black-box probe; atomization review pending,UNVERIFIED,UNVERIFIED,unverified
TK-S1-171,`PATCH /reservations/{reference}`,384,1,"1,2,3,4",prose,No idempotency key is required here.,systems-engineer,UNASSIGNED,Independent specification-derived black-box probe; atomization review pending,UNVERIFIED,UNVERIFIED,unverified
TK-S1-172,`PATCH /reservations/{reference}`,387,1,"1,2,3,4",prose,"Validation is identical to `POST /reservations`, and the same cutoff rule as cancel applies (409 `cutoff_passed`), measured against the **current** start time.",systems-engineer,UNASSIGNED,Independent specification-derived black-box probe; atomization review pending,UNVERIFIED,UNVERIFIED,unverified
TK-S1-173,`PATCH /reservations/{reference}`,387,1,"1,2,3,4",prose,A cancelled reservation is 409 `reservation_cancelled`.,systems-engineer,UNASSIGNED,Independent specification-derived black-box probe; atomization review pending,UNVERIFIED,UNVERIFIED,unverified
TK-S1-174,`PATCH /reservations/{reference}`,387,1,"1,2,3,4",prose,A successful amendment releases the old slot and reserves the new one together.,systems-engineer,UNASSIGNED,Independent specification-derived black-box probe; atomization review pending,UNVERIFIED,UNVERIFIED,unverified
TK-S1-175,`PATCH /reservations/{reference}`,387,1,"1,2,3,4",prose,A failed amendment leaves the original booking and its occupancy unchanged.,systems-engineer,UNASSIGNED,Independent specification-derived black-box probe; atomization review pending,UNVERIFIED,UNVERIFIED,unverified
TK-S1-176,`PATCH /reservations/{reference}`,392,1,"1,2,3,4",prose,`reference` and `reservation_id` survive a change.,systems-engineer,UNASSIGNED,Independent specification-derived black-box probe; atomization review pending,UNVERIFIED,UNVERIFIED,unverified
TK-S1-177,9. Time and DST,396,1,"1,2,3,4",prose,"Local dates and times follow the restaurant's `timezone`, including daylight-saving transitions.",systems-engineer,UNASSIGNED,Independent specification-derived black-box probe; atomization review pending,UNVERIFIED,UNVERIFIED,unverified
TK-S1-178,9. Time and DST,398,1,"1,2,3,4",prose,**Spring forward.** Local times in the skipped hour do not exist.,systems-engineer,UNASSIGNED,Independent specification-derived black-box probe; atomization review pending,UNVERIFIED,UNVERIFIED,unverified
TK-S1-179,9. Time and DST,398,1,"1,2,3,4",prose,"They never appear in availability, and booking one is 422 `invalid_local_time`.",systems-engineer,UNASSIGNED,Independent specification-derived black-box probe; atomization review pending,UNVERIFIED,UNVERIFIED,unverified
TK-S1-180,9. Time and DST,401,1,"1,2,3,4",prose,"**Fall back.** Local times in the repeated hour occur twice. **Always resolve to the first occurrence — the one before the clocks change.** The slot appears once in availability, and the second occurrence is not bookable.",systems-engineer,UNASSIGNED,Independent specification-derived black-box probe; atomization review pending,UNVERIFIED,UNVERIFIED,unverified
TK-S1-181,9. Time and DST,405,1,"1,2,3,4",prose,"`reservation_duration_minutes` is **absolute time**, not wall-clock.",systems-engineer,UNASSIGNED,Independent specification-derived black-box probe; atomization review pending,UNVERIFIED,UNVERIFIED,unverified
TK-S1-182,9. Time and DST,405,1,"1,2,3,4",prose,"A 90-minute reservation starting at 01:30 on a fall-back night ends 90 real minutes later, and its local `ends_at` will read 02:00, not 03:00.",systems-engineer,UNASSIGNED,Independent specification-derived black-box probe; atomization review pending,UNVERIFIED,UNVERIFIED,unverified
TK-S1-183,9. Time and DST,409,1,"1,2,3,4",prose,The transitions that must be handled:,systems-engineer,UNASSIGNED,Independent specification-derived black-box probe; atomization review pending,UNVERIFIED,UNVERIFIED,unverified
TK-S1-184,9. Time and DST,411,1,"1,2,3,4",table contract,| Zone | Spring forward | Fall back |,systems-engineer,UNASSIGNED,Independent specification-derived black-box probe; atomization review pending,UNVERIFIED,UNVERIFIED,unverified
TK-S1-185,9. Time and DST,413,1,"1,2,3,4",table contract,"| `Europe/Berlin` | 2026-03-29, 02:00 → 03:00 | 2026-10-25, 03:00 → 02:00 |",systems-engineer,UNASSIGNED,Independent specification-derived black-box probe; atomization review pending,UNVERIFIED,UNVERIFIED,unverified
TK-S1-186,9. Time and DST,414,1,"1,2,3,4",table contract,"| `America/New_York` | 2026-03-08, 02:00 → 03:00 | 2026-11-01, 02:00 → 01:00 |",systems-engineer,UNASSIGNED,Independent specification-derived black-box probe; atomization review pending,UNVERIFIED,UNVERIFIED,unverified
TK-S1-187,9. Time and DST,416,1,"1,2,3,4",prose,Offsets must follow the IANA rules for the specified zone and date.,systems-engineer,UNASSIGNED,Independent specification-derived black-box probe; atomization review pending,UNVERIFIED,UNVERIFIED,unverified
TK-S1-188,10. Export and import,420,1,"1,2,3,4",prose,The service must support `GET /_test/export` and `POST /_test/import`.,systems-engineer,UNASSIGNED,Independent specification-derived black-box probe; atomization review pending,UNVERIFIED,UNVERIFIED,unverified
TK-S1-189,10. Export and import,420,1,"1,2,3,4",prose,"Like reset, these are unauthenticated test endpoints.",systems-engineer,UNASSIGNED,Independent specification-derived black-box probe; atomization review pending,UNVERIFIED,UNVERIFIED,unverified
TK-S1-190,10. Export and import,420,1,"1,2,3,4",prose,Exports may contain credentials and session tokens; handle them as private test artifacts.,systems-engineer,UNASSIGNED,Independent specification-derived black-box probe; atomization review pending,UNVERIFIED,UNVERIFIED,unverified
TK-S1-191,10. Export and import,420,1,"1,2,3,4",prose,"Return 200 from export with a JSON object containing `track: ""tablekeeper""`, `format_version: 1` and `state` (an implementation-defined JSON object).",systems-engineer,UNASSIGNED,Independent specification-derived black-box probe; atomization review pending,UNVERIFIED,UNVERIFIED,unverified
TK-S1-192,10. Export and import,420,1,"1,2,3,4",prose,The state format is opaque to the caller and must be accepted unchanged by import.,systems-engineer,UNASSIGNED,Independent specification-derived black-box probe; atomization review pending,UNVERIFIED,UNVERIFIED,unverified
TK-S1-193,10. Export and import,427,1,"1,2,3,4",prose,"Import takes that entire object and atomically replaces the service's state, returning",systems-engineer,UNASSIGNED,Independent specification-derived black-box probe; atomization review pending,UNVERIFIED,UNVERIFIED,unverified
TK-S1-194,10. Export and import,428,1,"1,2,3,4",prose,204.,systems-engineer,UNASSIGNED,Independent specification-derived black-box probe; atomization review pending,UNVERIFIED,UNVERIFIED,unverified
TK-S1-195,10. Export and import,428,1,"1,2,3,4",prose,It must accept an unchanged export produced by this service.,systems-engineer,UNASSIGNED,Independent specification-derived black-box probe; atomization review pending,UNVERIFIED,UNVERIFIED,unverified
TK-S1-196,10. Export and import,428,1,"1,2,3,4",prose,"No dependency on the source process, files, volume, port or network address is allowed.",systems-engineer,UNASSIGNED,Independent specification-derived black-box probe; atomization review pending,UNVERIFIED,UNVERIFIED,unverified
TK-S1-197,10. Export and import,428,1,"1,2,3,4",prose,"Import is replacement, not merge; repeating it restores the exported state without duplicating anything.",systems-engineer,UNASSIGNED,Independent specification-derived black-box probe; atomization review pending,UNVERIFIED,UNVERIFIED,unverified
TK-S1-198,10. Export and import,428,1,"1,2,3,4",prose,"Invalid JSON follows §5; missing fields, wrong track/version or an invalid state give 422 `validation_failed` without changing the destination.",systems-engineer,UNASSIGNED,Independent specification-derived black-box probe; atomization review pending,UNVERIFIED,UNVERIFIED,unverified
TK-S1-199,10. Export and import,428,1,"1,2,3,4",prose,Test control calls have a 10-second timeout.,systems-engineer,UNASSIGNED,Independent specification-derived black-box probe; atomization review pending,UNVERIFIED,UNVERIFIED,unverified
TK-S1-200,10. Export and import,428,1,"1,2,3,4",prose,"Export is an atomic, read-only snapshot; subsequent source writes do not change it.",systems-engineer,UNASSIGNED,Independent specification-derived black-box probe; atomization review pending,UNVERIFIED,UNVERIFIED,unverified
TK-S1-201,10. Export and import,435,1,"1,2,3,4",prose,"Preserve accounts and hashed-password login, existing bearer tokens, fixture configuration, reservations, references, all completed idempotent request bodies and original responses.",systems-engineer,UNASSIGNED,Independent specification-derived black-box probe; atomization review pending,UNVERIFIED,UNVERIFIED,unverified
TK-S1-202,10. Export and import,435,1,"1,2,3,4",prose,"Identities, statuses and timestamps must not be regenerated.",systems-engineer,UNASSIGNED,Independent specification-derived black-box probe; atomization review pending,UNVERIFIED,UNVERIFIED,unverified
TK-S1-203,10. Export and import,435,1,"1,2,3,4",prose,Failed request keys remain reusable.,systems-engineer,UNASSIGNED,Independent specification-derived black-box probe; atomization review pending,UNVERIFIED,UNVERIFIED,unverified
TK-S1-204,10. Export and import,435,1,"1,2,3,4",prose,"Existing receipts, references, tokens and retries must remain valid after import; replacing the state with a fresh fixture does not satisfy this requirement.",systems-engineer,UNASSIGNED,Independent specification-derived black-box probe; atomization review pending,UNVERIFIED,UNVERIFIED,unverified
TK-S1-205,10. Export and import,435,1,"1,2,3,4",prose,Import removes all previous destination data and credentials.,systems-engineer,UNASSIGNED,Independent specification-derived black-box probe; atomization review pending,UNVERIFIED,UNVERIFIED,unverified
TK-S1-206,10. Export and import,435,1,"1,2,3,4",prose,"Reset continues to clear all state, including imported state.",systems-engineer,UNASSIGNED,Independent specification-derived black-box probe; atomization review pending,UNVERIFIED,UNVERIFIED,unverified
TK-S1-207,10. Export and import,435,1,"1,2,3,4",prose,State need not survive an abrupt container restart.,systems-engineer,UNASSIGNED,Independent specification-derived black-box probe; atomization review pending,UNVERIFIED,UNVERIFIED,unverified
TK-S1-208,11. Atomic reservation moves,445,1,"1,2,3,4",prose,A diner may change several bookings in one request.,systems-engineer,UNASSIGNED,Independent specification-derived black-box probe; atomization review pending,UNVERIFIED,UNVERIFIED,unverified
TK-S1-209,11. Atomic reservation moves,447,1,"1,2,3,4",prose,`POST /reservation-moves` requires authentication and an idempotency key.,systems-engineer,UNASSIGNED,Independent specification-derived black-box probe; atomization review pending,UNVERIFIED,UNVERIFIED,unverified
TK-S1-210,11. Atomic reservation moves,447,1,"1,2,3,4",prose,Body:,systems-engineer,UNASSIGNED,Independent specification-derived black-box probe; atomization review pending,UNVERIFIED,UNVERIFIED,unverified
TK-S1-211,11. Atomic reservation moves,449,1,"1,2,3,4",schema/example,"{""moves"": [{""reference"": ""BOOK01"", ""table_id"": ""t_2""},
           {""reference"": ""BOOK02"", ""table_id"": ""t_1""}]}",systems-engineer,UNASSIGNED,Independent specification-derived black-box probe; atomization review pending,UNVERIFIED,UNVERIFIED,unverified
TK-S1-212,11. Atomic reservation moves,454,1,"1,2,3,4",prose,`moves` contains 1..8 objects with distinct string references.,systems-engineer,UNASSIGNED,Independent specification-derived black-box probe; atomization review pending,UNVERIFIED,UNVERIFIED,unverified
TK-S1-213,11. Atomic reservation moves,454,1,"1,2,3,4",prose,Invalid shape or duplicate references gives 422 `validation_failed`.,systems-engineer,UNASSIGNED,Independent specification-derived black-box probe; atomization review pending,UNVERIFIED,UNVERIFIED,unverified
TK-S1-214,11. Atomic reservation moves,454,1,"1,2,3,4",prose,Every booking must belong to the caller and the same restaurant.,systems-engineer,UNASSIGNED,Independent specification-derived black-box probe; atomization review pending,UNVERIFIED,UNVERIFIED,unverified
TK-S1-215,11. Atomic reservation moves,454,1,"1,2,3,4",prose,Unknown/another owner's reference gives 404 `not_found`; different restaurants give 422 `validation_failed`.,systems-engineer,UNASSIGNED,Independent specification-derived black-box probe; atomization review pending,UNVERIFIED,UNVERIFIED,unverified
TK-S1-216,11. Atomic reservation moves,454,1,"1,2,3,4",prose,No token gives 401.,systems-engineer,UNASSIGNED,Independent specification-derived black-box probe; atomization review pending,UNVERIFIED,UNVERIFIED,unverified
TK-S1-217,11. Atomic reservation moves,459,1,"1,2,3,4",prose,"Each item accepts the ordinary PATCH fields `table_id`, `starts_at_local`, `party_size`; omitted fields retain their current values and unknown fields are ignored.",systems-engineer,UNASSIGNED,Independent specification-derived black-box probe; atomization review pending,UNVERIFIED,UNVERIFIED,unverified
TK-S1-218,11. Atomic reservation moves,459,1,"1,2,3,4",prose,"The booking's identity, owner and creation time never change.",systems-engineer,UNASSIGNED,Independent specification-derived black-box probe; atomization review pending,UNVERIFIED,UNVERIFIED,unverified
TK-S1-219,11. Atomic reservation moves,459,1,"1,2,3,4",prose,Cancelled bookings give 409 `reservation_cancelled`.,systems-engineer,UNASSIGNED,Independent specification-derived black-box probe; atomization review pending,UNVERIFIED,UNVERIFIED,unverified
TK-S1-220,11. Atomic reservation moves,459,1,"1,2,3,4",prose,Each booking's existing cutoff applies.,systems-engineer,UNASSIGNED,Independent specification-derived black-box probe; atomization review pending,UNVERIFIED,UNVERIFIED,unverified
TK-S1-221,11. Atomic reservation moves,459,1,"1,2,3,4",prose,"Non-occupancy errors use ordinary amendment codes and take precedence in input order, with cutoff errors preceding other changes for that booking.",systems-engineer,UNASSIGNED,Independent specification-derived black-box probe; atomization review pending,UNVERIFIED,UNVERIFIED,unverified
TK-S1-222,11. Atomic reservation moves,459,1,"1,2,3,4",prose,An overlap among resulting bookings or with an unlisted booking gives 409 `table_unavailable`.,systems-engineer,UNASSIGNED,Independent specification-derived black-box probe; atomization review pending,UNVERIFIED,UNVERIFIED,unverified
TK-S1-223,11. Atomic reservation moves,459,1,"1,2,3,4",prose,Unchanged listed bookings retain their occupancy.,systems-engineer,UNASSIGNED,Independent specification-derived black-box probe; atomization review pending,UNVERIFIED,UNVERIFIED,unverified
TK-S1-224,11. Atomic reservation moves,467,1,"1,2,3,4",prose,"Either every move commits or nothing changes: occupancy, reservation records and retry keys.",systems-engineer,UNASSIGNED,Independent specification-derived black-box probe; atomization review pending,UNVERIFIED,UNVERIFIED,unverified
TK-S1-225,11. Atomic reservation moves,467,1,"1,2,3,4",prose,"On success return 201 with `{""reservations"": [...]}` in input order, including unchanged items.",systems-engineer,UNASSIGNED,Independent specification-derived black-box probe; atomization review pending,UNVERIFIED,UNVERIFIED,unverified
TK-S1-226,11. Atomic reservation moves,467,1,"1,2,3,4",prose,"Replays return that original response with 200, even after amendments or cancellations.",systems-engineer,UNASSIGNED,Independent specification-derived black-box probe; atomization review pending,UNVERIFIED,UNVERIFIED,unverified
TK-S1-227,11. Atomic reservation moves,467,1,"1,2,3,4",prose,No-op moves retain all existing values.,systems-engineer,UNASSIGNED,Independent specification-derived black-box probe; atomization review pending,UNVERIFIED,UNVERIFIED,unverified
TK-S1-228,11. Atomic reservation moves,467,1,"1,2,3,4",prose,Export/import preserves successful batch receipts as well as the resulting bookings.,systems-engineer,UNASSIGNED,Independent specification-derived black-box probe; atomization review pending,UNVERIFIED,UNVERIFIED,unverified
TK-S1-229,11. Atomic reservation moves,467,1,"1,2,3,4",prose,No batch UI is required.,systems-engineer,UNASSIGNED,Independent specification-derived black-box probe; atomization review pending,UNVERIFIED,UNVERIFIED,unverified
TK-S2-001,Tablekeeper — Stage 2: online booking and combined tables,3,2,"2,3,4",prose,"The stage-1 requirements continue to apply, with the additions below.",systems-engineer,UNASSIGNED,Independent specification-derived black-box probe; atomization review pending,UNVERIFIED,UNVERIFIED,unverified
TK-S2-002,Tablekeeper — Stage 2: online booking and combined tables,3,2,"2,3,4",prose,Numbered section references such as §5 and §7 refer to `stage-1.md`.,systems-engineer,UNASSIGNED,Independent specification-derived black-box probe; atomization review pending,UNVERIFIED,UNVERIFIED,unverified
TK-S2-003,Tablekeeper — Stage 2: online booking and combined tables,6,2,"2,3,4",prose,"Diners can search, book and manage reservations in a browser.",systems-engineer,UNASSIGNED,Independent specification-derived black-box probe; atomization review pending,UNVERIFIED,UNVERIFIED,unverified
TK-S2-004,Tablekeeper — Stage 2: online booking and combined tables,6,2,"2,3,4",prose,Restaurants can offer approved pairs of tables for larger parties.,systems-engineer,UNASSIGNED,Independent specification-derived black-box probe; atomization review pending,UNVERIFIED,UNVERIFIED,unverified
TK-S2-005,Tablekeeper — Stage 2: online booking and combined tables,9,2,"2,3,4",prose,The following screens must be reachable by URL.,systems-engineer,UNASSIGNED,Independent specification-derived black-box probe; atomization review pending,UNVERIFIED,UNVERIFIED,unverified
TK-S2-006,Tablekeeper — Stage 2: online booking and combined tables,9,2,"2,3,4",prose,Other screens must be reachable through the UI.,systems-engineer,UNASSIGNED,Independent specification-derived black-box probe; atomization review pending,UNVERIFIED,UNVERIFIED,unverified
TK-S2-007,Tablekeeper — Stage 2: online booking and combined tables,9,2,"2,3,4",prose,Server-side and client-side rendering are both permitted.,systems-engineer,UNASSIGNED,Independent specification-derived black-box probe; atomization review pending,UNVERIFIED,UNVERIFIED,unverified
TK-S2-008,Tablekeeper — Stage 2: online booking and combined tables,12,2,"2,3,4",table contract,| Route | Screen |,systems-engineer,UNASSIGNED,Independent specification-derived black-box probe; atomization review pending,UNVERIFIED,UNVERIFIED,unverified
TK-S2-009,Tablekeeper — Stage 2: online booking and combined tables,14,2,"2,3,4",table contract,| `/` | Search and availability grid |,systems-engineer,UNASSIGNED,Independent specification-derived black-box probe; atomization review pending,UNVERIFIED,UNVERIFIED,unverified
TK-S2-010,Tablekeeper — Stage 2: online booking and combined tables,15,2,"2,3,4",table contract,| `/signup` | Signup |,systems-engineer,UNASSIGNED,Independent specification-derived black-box probe; atomization review pending,UNVERIFIED,UNVERIFIED,unverified
TK-S2-011,Tablekeeper — Stage 2: online booking and combined tables,16,2,"2,3,4",table contract,| `/login` | Login |,systems-engineer,UNASSIGNED,Independent specification-derived black-box probe; atomization review pending,UNVERIFIED,UNVERIFIED,unverified
TK-S2-012,Tablekeeper — Stage 2: online booking and combined tables,17,2,"2,3,4",table contract,| `/lookup` | Look up a reservation by reference |,systems-engineer,UNASSIGNED,Independent specification-derived black-box probe; atomization review pending,UNVERIFIED,UNVERIFIED,unverified
TK-S2-013,Tablekeeper — Stage 2: online booking and combined tables,19,2,"2,3,4",prose,"A screen route returns HTML; §3.4's `application/json` convention is about the API, and does not govern the routes in the table above.",systems-engineer,UNASSIGNED,Independent specification-derived black-box probe; atomization review pending,UNVERIFIED,UNVERIFIED,unverified
TK-S2-014,Competing clients and uncertain outcomes,24,2,"2,3,4",prose,The UI must handle responses arriving out of order and connections failing after submission.,interface-engineer,UNASSIGNED,Independent specification-derived black-box probe; atomization review pending,UNVERIFIED,UNVERIFIED,unverified
TK-S2-015,Competing clients and uncertain outcomes,26,2,"2,3,4",prose,"- If search A starts before search B but finishes after it, the grid, table labels and booking form must describe B.",interface-engineer,UNASSIGNED,Independent specification-derived black-box probe; atomization review pending,UNVERIFIED,UNVERIFIED,unverified
TK-S2-016,Competing clients and uncertain outcomes,26,2,"2,3,4",prose,A late response must not restore A's results.,interface-engineer,UNASSIGNED,Independent specification-derived black-box probe; atomization review pending,UNVERIFIED,UNVERIFIED,unverified
TK-S2-017,Competing clients and uncertain outcomes,28,2,"2,3,4",prose,"- If another client takes a table after the form opens, a `409 table_unavailable` response shows `booking-error` and refreshes availability.",interface-engineer,UNASSIGNED,Independent specification-derived black-box probe; atomization review pending,UNVERIFIED,UNVERIFIED,unverified
TK-S2-018,Competing clients and uncertain outcomes,28,2,"2,3,4",prose,Preserve the selected form and its inputs so the diner can change their choice.,interface-engineer,UNASSIGNED,Independent specification-derived black-box probe; atomization review pending,UNVERIFIED,UNVERIFIED,unverified
TK-S2-019,Competing clients and uncertain outcomes,28,2,"2,3,4",prose,Do not show a confirmation for that attempt.,interface-engineer,UNASSIGNED,Independent specification-derived black-box probe; atomization review pending,UNVERIFIED,UNVERIFIED,unverified
TK-S2-020,Competing clients and uncertain outcomes,31,2,"2,3,4",prose,"- If a booking response is lost, including after the booking commits, show nonempty `booking-uncertain` text, without `booking-error` or a new confirmation.",interface-engineer,UNASSIGNED,Independent specification-derived black-box probe; atomization review pending,UNVERIFIED,UNVERIFIED,unverified
TK-S2-021,Competing clients and uncertain outcomes,31,2,"2,3,4",prose,The unchanged form must retry with the same idempotency key and body.,interface-engineer,UNASSIGNED,Independent specification-derived black-box probe; atomization review pending,UNVERIFIED,UNVERIFIED,unverified
TK-S2-022,Competing clients and uncertain outcomes,31,2,"2,3,4",prose,A successful retry removes the uncertainty/error elements and shows the original reference.,interface-engineer,UNASSIGNED,Independent specification-derived black-box probe; atomization review pending,UNVERIFIED,UNVERIFIED,unverified
TK-S2-023,Competing clients and uncertain outcomes,31,2,"2,3,4",prose,A confirmed rejection uses `booking-error`.,interface-engineer,UNASSIGNED,Independent specification-derived black-box probe; atomization review pending,UNVERIFIED,UNVERIFIED,unverified
TK-S2-024,Competing clients and uncertain outcomes,37,2,"2,3,4",prose,These rules apply to combination bookings too.,interface-engineer,UNASSIGNED,Independent specification-derived black-box probe; atomization review pending,UNVERIFIED,UNVERIFIED,unverified
TK-S2-025,Competing clients and uncertain outcomes,37,2,"2,3,4",prose,"No background polling, live updates, cross-tab storage synchronization, or recovery across a page reload is required.",interface-engineer,UNASSIGNED,Independent specification-derived black-box probe; atomization review pending,UNVERIFIED,UNVERIFIED,unverified
TK-S2-026,Competing clients and uncertain outcomes,37,2,"2,3,4",prose,The server remains authoritative; the browser must not manufacture a successful result from cached data.,interface-engineer,UNASSIGNED,Independent specification-derived black-box probe; atomization review pending,UNVERIFIED,UNVERIFIED,unverified
TK-S2-027,Competing clients and uncertain outcomes,41,2,"2,3,4",prose,The UI must expose the `data-testid` attributes listed below for integration testing.,interface-engineer,UNASSIGNED,Independent specification-derived black-box probe; atomization review pending,UNVERIFIED,UNVERIFIED,unverified
TK-S2-028,Competing clients and uncertain outcomes,41,2,"2,3,4",prose,"Additional elements are permitted, and the visual implementation is the team's choice subject to the product-quality requirements below.",interface-engineer,UNASSIGNED,Independent specification-derived black-box probe; atomization review pending,UNVERIFIED,UNVERIFIED,unverified
TK-S2-029,Product and visual direction,47,2,"2,3,4",prose,"The browser experience must feel like a coherent, presentation-ready restaurant product, not a test harness with controls attached.",interface-engineer,UNASSIGNED,Independent specification-derived black-box probe; atomization review pending,UNVERIFIED,UNVERIFIED,unverified
TK-S2-030,Product and visual direction,47,2,"2,3,4",prose,"Aim for a warm, confident hospitality character.",interface-engineer,UNASSIGNED,Independent specification-derived black-box probe; atomization review pending,UNVERIFIED,UNVERIFIED,unverified
TK-S2-031,Product and visual direction,47,2,"2,3,4",prose,"The search, availability and booking flow should have an obvious visual hierarchy; a diner should be able to scan dates, times, party size and table choices without having to interpret raw API data.",interface-engineer,UNASSIGNED,Independent specification-derived black-box probe; atomization review pending,UNVERIFIED,UNVERIFIED,unverified
TK-S2-032,Product and visual direction,47,2,"2,3,4",prose,"Combined tables should read as intentional seating options, not as concatenated technical identifiers.",interface-engineer,UNASSIGNED,Independent specification-derived black-box probe; atomization review pending,UNVERIFIED,UNVERIFIED,unverified
TK-S2-033,Product and visual direction,53,2,"2,3,4",prose,"Use a consistent visual system for typography, spacing, colour, controls and feedback.",interface-engineer,UNASSIGNED,Independent specification-derived black-box probe; atomization review pending,UNVERIFIED,UNVERIFIED,unverified
TK-S2-034,Product and visual direction,53,2,"2,3,4",prose,Primary actions must be easy to identify.,interface-engineer,UNASSIGNED,Independent specification-derived black-box probe; atomization review pending,UNVERIFIED,UNVERIFIED,unverified
TK-S2-035,Product and visual direction,53,2,"2,3,4",prose,"Available, unavailable, selected, loading, successful, refused and uncertain states must be visually distinct as well as satisfying the behavioural requirements below.",interface-engineer,UNASSIGNED,Independent specification-derived black-box probe; atomization review pending,UNVERIFIED,UNVERIFIED,unverified
TK-S2-036,Product and visual direction,53,2,"2,3,4",prose,Use human-readable restaurant and table labels prominently; expose technical identifiers only where they help the user.,interface-engineer,UNASSIGNED,Independent specification-derived black-box probe; atomization review pending,UNVERIFIED,UNVERIFIED,unverified
TK-S2-037,Product and visual direction,59,2,"2,3,4",prose,"The required flows must remain clear and usable at a 375 CSS-pixel viewport and at conventional desktop widths, without horizontal page scrolling.",interface-engineer,UNASSIGNED,Independent specification-derived black-box probe; atomization review pending,UNVERIFIED,UNVERIFIED,unverified
TK-S2-038,Product and visual direction,59,2,"2,3,4",prose,"Inputs need visible labels, keyboard focus must be apparent, and text and controls need sufficient contrast.",interface-engineer,UNASSIGNED,Independent specification-derived black-box probe; atomization review pending,UNVERIFIED,UNVERIFIED,unverified
TK-S2-039,Product and visual direction,59,2,"2,3,4",prose,"Provide considered empty, loading and error states, and keep navigation consistent across the required routes.",interface-engineer,UNASSIGNED,Independent specification-derived black-box probe; atomization review pending,UNVERIFIED,UNVERIFIED,unverified
TK-S2-040,Product and visual direction,59,2,"2,3,4",prose,"A custom illustration, brand asset or exact visual match to a reference is not required.",interface-engineer,UNASSIGNED,Independent specification-derived black-box probe; atomization review pending,UNVERIFIED,UNVERIFIED,unverified
TK-S2-041,Signup and login,67,2,"2,3,4",table contract,| `data-testid` | Element |,interface-engineer,UNASSIGNED,Independent specification-derived black-box probe; atomization review pending,UNVERIFIED,UNVERIFIED,unverified
TK-S2-042,Signup and login,69,2,"2,3,4",table contract,"| `signup-email`, `signup-password`, `signup-display-name` | Inputs |",interface-engineer,UNASSIGNED,Independent specification-derived black-box probe; atomization review pending,UNVERIFIED,UNVERIFIED,unverified
TK-S2-043,Signup and login,70,2,"2,3,4",table contract,| `signup-submit` | Button |,interface-engineer,UNASSIGNED,Independent specification-derived black-box probe; atomization review pending,UNVERIFIED,UNVERIFIED,unverified
TK-S2-044,Signup and login,71,2,"2,3,4",table contract,"| `login-email`, `login-password`, `login-submit` | Inputs and button |",interface-engineer,UNASSIGNED,Independent specification-derived black-box probe; atomization review pending,UNVERIFIED,UNVERIFIED,unverified
TK-S2-045,Signup and login,72,2,"2,3,4",table contract,| `auth-error` | Error message.,interface-engineer,UNASSIGNED,Independent specification-derived black-box probe; atomization review pending,UNVERIFIED,UNVERIFIED,unverified
TK-S2-046,Signup and login,72,2,"2,3,4",table contract,Present only when there is one |,interface-engineer,UNASSIGNED,Independent specification-derived black-box probe; atomization review pending,UNVERIFIED,UNVERIFIED,unverified
TK-S2-047,Signup and login,73,2,"2,3,4",table contract,| `current-user` | Visible on every screen when signed in.,interface-engineer,UNASSIGNED,Independent specification-derived black-box probe; atomization review pending,UNVERIFIED,UNVERIFIED,unverified
TK-S2-048,Signup and login,73,2,"2,3,4",table contract,Text contains the display name |,interface-engineer,UNASSIGNED,Independent specification-derived black-box probe; atomization review pending,UNVERIFIED,UNVERIFIED,unverified
TK-S2-049,Signup and login,74,2,"2,3,4",table contract,| `logout-button` | Button |,interface-engineer,UNASSIGNED,Independent specification-derived black-box probe; atomization review pending,UNVERIFIED,UNVERIFIED,unverified
TK-S2-050,Search and availability grid — `/`,78,2,"2,3,4",table contract,| `data-testid` | Element |,interface-engineer,UNASSIGNED,Independent specification-derived black-box probe; atomization review pending,UNVERIFIED,UNVERIFIED,unverified
TK-S2-051,Search and availability grid — `/`,80,2,"2,3,4",table contract,| `restaurant-select` | Selects a restaurant.,interface-engineer,UNASSIGNED,Independent specification-derived black-box probe; atomization review pending,UNVERIFIED,UNVERIFIED,unverified
TK-S2-052,Search and availability grid — `/`,80,2,"2,3,4",table contract,Option values are restaurant ids |,interface-engineer,UNASSIGNED,Independent specification-derived black-box probe; atomization review pending,UNVERIFIED,UNVERIFIED,unverified
TK-S2-053,Search and availability grid — `/`,81,2,"2,3,4",table contract,"| `date-input` | Date, value `YYYY-MM-DD` |",interface-engineer,UNASSIGNED,Independent specification-derived black-box probe; atomization review pending,UNVERIFIED,UNVERIFIED,unverified
TK-S2-054,Search and availability grid — `/`,82,2,"2,3,4",table contract,| `party-size-input` | Number |,interface-engineer,UNASSIGNED,Independent specification-derived black-box probe; atomization review pending,UNVERIFIED,UNVERIFIED,unverified
TK-S2-055,Search and availability grid — `/`,83,2,"2,3,4",table contract,| `search-button` | Runs the search |,interface-engineer,UNASSIGNED,Independent specification-derived black-box probe; atomization review pending,UNVERIFIED,UNVERIFIED,unverified
TK-S2-056,Search and availability grid — `/`,84,2,"2,3,4",table contract,| `availability-grid` | Container for the results |,interface-engineer,UNASSIGNED,Independent specification-derived black-box probe; atomization review pending,UNVERIFIED,UNVERIFIED,unverified
TK-S2-057,Search and availability grid — `/`,85,2,"2,3,4",table contract,"| `slot-{table_id}-{HH:MM}` | One cell per table per slot, e.g.",interface-engineer,UNASSIGNED,Independent specification-derived black-box probe; atomization review pending,UNVERIFIED,UNVERIFIED,unverified
TK-S2-058,Search and availability grid — `/`,85,2,"2,3,4",table contract,`slot-t_2-19:00` |,interface-engineer,UNASSIGNED,Independent specification-derived black-box probe; atomization review pending,UNVERIFIED,UNVERIFIED,unverified
TK-S2-059,Search and availability grid — `/`,86,2,"2,3,4",table contract,| `no-slots` | Shown instead of the grid when the day has no slots |,interface-engineer,UNASSIGNED,Independent specification-derived black-box probe; atomization review pending,UNVERIFIED,UNVERIFIED,unverified
TK-S2-060,Search and availability grid — `/`,88,2,"2,3,4",prose,"Each cell carries `data-available=""true""` or `data-available=""false""`.",interface-engineer,UNASSIGNED,Independent specification-derived black-box probe; atomization review pending,UNVERIFIED,UNVERIFIED,unverified
TK-S2-061,Search and availability grid — `/`,88,2,"2,3,4",prose,"A cell is `true` exactly when its `table_id` is in that slot's `available_table_ids` from `GET /availability` for the party size that was searched, and `false` otherwise.",interface-engineer,UNASSIGNED,Independent specification-derived black-box probe; atomization review pending,UNVERIFIED,UNVERIFIED,unverified
TK-S2-062,Search and availability grid — `/`,88,2,"2,3,4",prose,Clicking an available cell opens the booking form for that table and slot.,interface-engineer,UNASSIGNED,Independent specification-derived black-box probe; atomization review pending,UNVERIFIED,UNVERIFIED,unverified
TK-S2-063,Search and availability grid — `/`,88,2,"2,3,4",prose,Clicking an unavailable cell does nothing.,interface-engineer,UNASSIGNED,Independent specification-derived black-box probe; atomization review pending,UNVERIFIED,UNVERIFIED,unverified
TK-S2-064,Search and availability grid — `/`,88,2,"2,3,4",prose,"Booking requires a signed-in user: clicking an available cell while signed out shows `auth-error` or navigates to `/login`, your choice.",interface-engineer,UNASSIGNED,Independent specification-derived black-box probe; atomization review pending,UNVERIFIED,UNVERIFIED,unverified
TK-S2-065,Booking form,97,2,"2,3,4",table contract,| `data-testid` | Element |,interface-engineer,UNASSIGNED,Independent specification-derived black-box probe; atomization review pending,UNVERIFIED,UNVERIFIED,unverified
TK-S2-066,Booking form,99,2,"2,3,4",table contract,| `booking-form` | Container |,interface-engineer,UNASSIGNED,Independent specification-derived black-box probe; atomization review pending,UNVERIFIED,UNVERIFIED,unverified
TK-S2-067,Booking form,100,2,"2,3,4",table contract,| `booking-summary` | Text contains the table label and the local start time |,interface-engineer,UNASSIGNED,Independent specification-derived black-box probe; atomization review pending,UNVERIFIED,UNVERIFIED,unverified
TK-S2-068,Booking form,101,2,"2,3,4",table contract,"| `booking-party-size` | Number input, pre-filled from the search |",interface-engineer,UNASSIGNED,Independent specification-derived black-box probe; atomization review pending,UNVERIFIED,UNVERIFIED,unverified
TK-S2-069,Booking form,102,2,"2,3,4",table contract,| `booking-submit` | Button |,interface-engineer,UNASSIGNED,Independent specification-derived black-box probe; atomization review pending,UNVERIFIED,UNVERIFIED,unverified
TK-S2-070,Booking form,103,2,"2,3,4",table contract,"| `booking-error` | Error message, when the booking fails |",interface-engineer,UNASSIGNED,Independent specification-derived black-box probe; atomization review pending,UNVERIFIED,UNVERIFIED,unverified
TK-S2-071,Booking form,105,2,"2,3,4",prose,Keep the booking form on screen after success.,interface-engineer,UNASSIGNED,Independent specification-derived black-box probe; atomization review pending,UNVERIFIED,UNVERIFIED,unverified
TK-S2-072,Booking form,105,2,"2,3,4",prose,"Submitting it again without changing a field must return the same `confirmation-reference`, without `booking-error` or another booking.",interface-engineer,UNASSIGNED,Independent specification-derived black-box probe; atomization review pending,UNVERIFIED,UNVERIFIED,unverified
TK-S2-073,Booking form,105,2,"2,3,4",prose,Changing a field makes the next submission a new booking request.,interface-engineer,UNASSIGNED,Independent specification-derived black-box probe; atomization review pending,UNVERIFIED,UNVERIFIED,unverified
TK-S2-074,Booking form,105,2,"2,3,4",prose,Retries follow §7.,interface-engineer,UNASSIGNED,Independent specification-derived black-box probe; atomization review pending,UNVERIFIED,UNVERIFIED,unverified
TK-S2-075,Confirmation,111,2,"2,3,4",prose,Shown after a successful booking.,interface-engineer,UNASSIGNED,Independent specification-derived black-box probe; atomization review pending,UNVERIFIED,UNVERIFIED,unverified
TK-S2-076,Confirmation,113,2,"2,3,4",table contract,| `data-testid` | Element |,interface-engineer,UNASSIGNED,Independent specification-derived black-box probe; atomization review pending,UNVERIFIED,UNVERIFIED,unverified
TK-S2-077,Confirmation,115,2,"2,3,4",table contract,| `confirmation` | Container |,interface-engineer,UNASSIGNED,Independent specification-derived black-box probe; atomization review pending,UNVERIFIED,UNVERIFIED,unverified
TK-S2-078,Confirmation,116,2,"2,3,4",table contract,"| `confirmation-reference` | Text is exactly the reference, no surrounding words |",interface-engineer,UNASSIGNED,Independent specification-derived black-box probe; atomization review pending,UNVERIFIED,UNVERIFIED,unverified
TK-S2-079,Confirmation,117,2,"2,3,4",table contract,"| `confirmation-details` | Text contains the restaurant name, table label and local start time |",interface-engineer,UNASSIGNED,Independent specification-derived black-box probe; atomization review pending,UNVERIFIED,UNVERIFIED,unverified
TK-S2-080,Lookup — `/lookup`,121,2,"2,3,4",table contract,| `data-testid` | Element |,interface-engineer,UNASSIGNED,Independent specification-derived black-box probe; atomization review pending,UNVERIFIED,UNVERIFIED,unverified
TK-S2-081,Lookup — `/lookup`,123,2,"2,3,4",table contract,"| `lookup-reference-input`, `lookup-submit` | Input and button |",interface-engineer,UNASSIGNED,Independent specification-derived black-box probe; atomization review pending,UNVERIFIED,UNVERIFIED,unverified
TK-S2-082,Lookup — `/lookup`,124,2,"2,3,4",table contract,"| `reservation-detail` | Container, shown when found |",interface-engineer,UNASSIGNED,Independent specification-derived black-box probe; atomization review pending,UNVERIFIED,UNVERIFIED,unverified
TK-S2-083,Lookup — `/lookup`,125,2,"2,3,4",table contract,| `reservation-status` | Text is exactly `confirmed` or `cancelled` |,interface-engineer,UNASSIGNED,Independent specification-derived black-box probe; atomization review pending,UNVERIFIED,UNVERIFIED,unverified
TK-S2-084,Lookup — `/lookup`,126,2,"2,3,4",table contract,| `reservation-cancel-button` | Cancels.,interface-engineer,UNASSIGNED,Independent specification-derived black-box probe; atomization review pending,UNVERIFIED,UNVERIFIED,unverified
TK-S2-085,Lookup — `/lookup`,126,2,"2,3,4",table contract,Absent once cancelled |,interface-engineer,UNASSIGNED,Independent specification-derived black-box probe; atomization review pending,UNVERIFIED,UNVERIFIED,unverified
TK-S2-086,Lookup — `/lookup`,127,2,"2,3,4",table contract,"| `reservation-error` | Shown when not found, or when a cancel is refused |",interface-engineer,UNASSIGNED,Independent specification-derived black-box probe; atomization review pending,UNVERIFIED,UNVERIFIED,unverified
TK-S2-087,Existing clients after an upgrade,131,2,"2,3,4",prose,A stage-2 service must accept an export produced by the same team's stage-1 service.,interface-engineer,UNASSIGNED,Independent specification-derived black-box probe; atomization review pending,UNVERIFIED,UNVERIFIED,unverified
TK-S2-088,Existing clients after an upgrade,131,2,"2,3,4",prose,A browser signed in before that export/import upgrade must remain signed in afterwards.,interface-engineer,UNASSIGNED,Independent specification-derived black-box probe; atomization review pending,UNVERIFIED,UNVERIFIED,unverified
TK-S2-089,Existing clients after an upgrade,131,2,"2,3,4",prose,A retained booking reference still works through the lookup screen.,interface-engineer,UNASSIGNED,Independent specification-derived black-box probe; atomization review pending,UNVERIFIED,UNVERIFIED,unverified
TK-S2-090,Existing clients after an upgrade,131,2,"2,3,4",prose,A booking whose response was lost before export remains retryable after import with the same body and key; the UI must recover the original confirmation.,interface-engineer,UNASSIGNED,Independent specification-derived black-box probe; atomization review pending,UNVERIFIED,UNVERIFIED,unverified
TK-S2-091,Existing clients after an upgrade,131,2,"2,3,4",prose,These requirements apply when import completes between browser requests; migration during an in-flight request is not required.,interface-engineer,UNASSIGNED,Independent specification-derived black-box probe; atomization review pending,UNVERIFIED,UNVERIFIED,unverified
TK-S2-092,Existing clients after an upgrade,131,2,"2,3,4",prose,No page reload or new screen is required.,interface-engineer,UNASSIGNED,Independent specification-derived black-box probe; atomization review pending,UNVERIFIED,UNVERIFIED,unverified
TK-S2-093,Existing clients after an upgrade,131,2,"2,3,4",prose,The form and pending retry identity must survive the upgrade.,interface-engineer,UNASSIGNED,Independent specification-derived black-box probe; atomization review pending,UNVERIFIED,UNVERIFIED,unverified
TK-S2-094,Combined tables,141,2,"2,3,4",prose,A party may book two tables that the restaurant has declared combinable.,systems-engineer,UNASSIGNED,Independent specification-derived black-box probe; atomization review pending,UNVERIFIED,UNVERIFIED,unverified
TK-S2-095,Combined tables,141,2,"2,3,4",prose,The booking occupies both tables for its full duration.,systems-engineer,UNASSIGNED,Independent specification-derived black-box probe; atomization review pending,UNVERIFIED,UNVERIFIED,unverified
TK-S2-096,Combined tables,141,2,"2,3,4",prose,Existing single-table request formats remain supported.,systems-engineer,UNASSIGNED,Independent specification-derived black-box probe; atomization review pending,UNVERIFIED,UNVERIFIED,unverified
TK-S2-097,Model,147,2,"2,3,4",prose,The restaurant fixture gains one field:,systems-engineer,UNASSIGNED,Independent specification-derived black-box probe; atomization review pending,UNVERIFIED,UNVERIFIED,unverified
TK-S2-098,Model,149,2,"2,3,4",schema/example,"{
  ""id"": ""r_anker"",
  ""combinable"": [ [""t_1"", ""t_2""], [""t_2"", ""t_3""] ],
  ...
}",systems-engineer,UNASSIGNED,Independent specification-derived black-box probe; atomization review pending,UNVERIFIED,UNVERIFIED,unverified
TK-S2-099,Model,157,2,"2,3,4",prose,Each entry is an unordered pair of table ids in that restaurant. **Pairs only** — never three or more.,systems-engineer,UNASSIGNED,Independent specification-derived black-box probe; atomization review pending,UNVERIFIED,UNVERIFIED,unverified
TK-S2-100,Model,157,2,"2,3,4",prose,"A pair not listed cannot be combined, whatever the table sizes are.",systems-engineer,UNASSIGNED,Independent specification-derived black-box probe; atomization review pending,UNVERIFIED,UNVERIFIED,unverified
TK-S2-101,Model,157,2,"2,3,4",prose,"Combining is not transitive: `[t_1,t_2]` and `[t_2,t_3]` do not make `{t_1,t_3}` bookable.",systems-engineer,UNASSIGNED,Independent specification-derived black-box probe; atomization review pending,UNVERIFIED,UNVERIFIED,unverified
TK-S2-102,Model,161,2,"2,3,4",prose,A combination's capacity is the sum of its tables' capacities.,systems-engineer,UNASSIGNED,Independent specification-derived black-box probe; atomization review pending,UNVERIFIED,UNVERIFIED,unverified
TK-S2-103,Model,163,2,"2,3,4",prose,"Seeded `reservations` are `confirmed` unless they carry a `status` of `cancelled`, and may hold either `table_id` or `table_ids`.",systems-engineer,UNASSIGNED,Independent specification-derived black-box probe; atomization review pending,UNVERIFIED,UNVERIFIED,unverified
TK-S2-104,`GET /availability`,170,2,"2,3,4",prose,Slots gain `available_options`.,systems-engineer,UNASSIGNED,Independent specification-derived black-box probe; atomization review pending,UNVERIFIED,UNVERIFIED,unverified
TK-S2-105,`GET /availability`,170,2,"2,3,4",prose,`available_table_ids` stays exactly as it was — single tables only.,systems-engineer,UNASSIGNED,Independent specification-derived black-box probe; atomization review pending,UNVERIFIED,UNVERIFIED,unverified
TK-S2-106,`GET /availability`,173,2,"2,3,4",schema/example,"{
  ""slots"": [
    {
      ""starts_at_local"": ""2026-09-24T19:00"",
      ""starts_at"": ""2026-09-24T19:00:00+02:00"",
      ""available_table_ids"": [""t_3""],
      ""available_options"": [
        { ""table_ids"": [""t_3""], ""capacity"": 4 },
        { ""table_ids"": [""t_1"", ""t_2""], ""capacity"": 6 }
      ]
    }
  ]
}",systems-engineer,UNASSIGNED,Independent specification-derived black-box probe; atomization review pending,UNVERIFIED,UNVERIFIED,unverified
TK-S2-107,`GET /availability`,189,2,"2,3,4",prose,`available_options` lists every single table and every declared pair with `capacity >= party_size` and no overlapping confirmed reservation on any member.,systems-engineer,UNASSIGNED,Independent specification-derived black-box probe; atomization review pending,UNVERIFIED,UNVERIFIED,unverified
TK-S2-108,`GET /availability`,189,2,"2,3,4",prose,"Singles first in fixture order, then pairs in `combinable` order.",systems-engineer,UNASSIGNED,Independent specification-derived black-box probe; atomization review pending,UNVERIFIED,UNVERIFIED,unverified
TK-S2-109,`GET /availability`,189,2,"2,3,4",prose,`table_ids` within a pair is in `combinable` order.,systems-engineer,UNASSIGNED,Independent specification-derived black-box probe; atomization review pending,UNVERIFIED,UNVERIFIED,unverified
TK-S2-110,`POST /reservations`,196,2,"2,3,4",prose,The body takes `table_ids` instead of `table_id`:,systems-engineer,UNASSIGNED,Independent specification-derived black-box probe; atomization review pending,UNVERIFIED,UNVERIFIED,unverified
TK-S2-111,`POST /reservations`,198,2,"2,3,4",schema/example,"{ ""restaurant_id"": ""r_anker"", ""table_ids"": [""t_1"", ""t_2""],
  ""starts_at_local"": ""2026-09-24T19:00"", ""party_size"": 6 }",systems-engineer,UNASSIGNED,Independent specification-derived black-box probe; atomization review pending,UNVERIFIED,UNVERIFIED,unverified
TK-S2-112,`POST /reservations`,203,2,"2,3,4",prose,`table_id` is still accepted and means a set of one.,systems-engineer,UNASSIGNED,Independent specification-derived black-box probe; atomization review pending,UNVERIFIED,UNVERIFIED,unverified
TK-S2-113,`POST /reservations`,203,2,"2,3,4",prose,Sending both is 422 `validation_failed`.,systems-engineer,UNASSIGNED,Independent specification-derived black-box probe; atomization review pending,UNVERIFIED,UNVERIFIED,unverified
TK-S2-114,`POST /reservations`,205,2,"2,3,4",prose,Responses always carry `table_ids`.,systems-engineer,UNASSIGNED,Independent specification-derived black-box probe; atomization review pending,UNVERIFIED,UNVERIFIED,unverified
TK-S2-115,`POST /reservations`,205,2,"2,3,4",prose,"They also carry `table_id` **when the set has exactly one member**, and omit it otherwise.",systems-engineer,UNASSIGNED,Independent specification-derived black-box probe; atomization review pending,UNVERIFIED,UNVERIFIED,unverified
TK-S2-116,`POST /reservations`,208,2,"2,3,4",table contract,| Case | Response |,systems-engineer,UNASSIGNED,Independent specification-derived black-box probe; atomization review pending,UNVERIFIED,UNVERIFIED,unverified
TK-S2-117,`POST /reservations`,210,2,"2,3,4",table contract,| The pair is not in `combinable` | 422 `combination_not_allowed` |,systems-engineer,UNASSIGNED,Independent specification-derived black-box probe; atomization review pending,UNVERIFIED,UNVERIFIED,unverified
TK-S2-118,`POST /reservations`,211,2,"2,3,4",table contract,| More than two tables | 422 `combination_not_allowed` |,systems-engineer,UNASSIGNED,Independent specification-derived black-box probe; atomization review pending,UNVERIFIED,UNVERIFIED,unverified
TK-S2-119,`POST /reservations`,212,2,"2,3,4",table contract,| Any table in the set is taken for an overlapping interval | 409 `table_unavailable` |,systems-engineer,UNASSIGNED,Independent specification-derived black-box probe; atomization review pending,UNVERIFIED,UNVERIFIED,unverified
TK-S2-120,`POST /reservations`,213,2,"2,3,4",table contract,| `party_size` exceeds the combination's summed capacity | 422 `party_exceeds_capacity` |,systems-engineer,UNASSIGNED,Independent specification-derived black-box probe; atomization review pending,UNVERIFIED,UNVERIFIED,unverified
TK-S2-121,`POST /reservations`,214,2,"2,3,4",table contract,| Duplicate table id in the set | 422 `validation_failed` |,systems-engineer,UNASSIGNED,Independent specification-derived black-box probe; atomization review pending,UNVERIFIED,UNVERIFIED,unverified
TK-S2-122,`POST /reservations`,216,2,"2,3,4",prose,`PATCH /reservations/{reference}` accepts `table_ids` under the same rules.,systems-engineer,UNASSIGNED,Independent specification-derived black-box probe; atomization review pending,UNVERIFIED,UNVERIFIED,unverified
TK-S2-123,`POST /reservations`,216,2,"2,3,4",prose,Cancelling frees every table in the set.,systems-engineer,UNASSIGNED,Independent specification-derived black-box probe; atomization review pending,UNVERIFIED,UNVERIFIED,unverified
TK-S2-124,UI,221,2,"2,3,4",prose,"The availability grid gains combination cells, shown when a declared pair is available for the searched party size:",interface-engineer,UNASSIGNED,Independent specification-derived black-box probe; atomization review pending,UNVERIFIED,UNVERIFIED,unverified
TK-S2-125,UI,224,2,"2,3,4",table contract,| `data-testid` | Element |,interface-engineer,UNASSIGNED,Independent specification-derived black-box probe; atomization review pending,UNVERIFIED,UNVERIFIED,unverified
TK-S2-126,UI,226,2,"2,3,4",table contract,"| `slot-{t_a}+{t_b}-{HH:MM}` | A combination cell, e.g.",interface-engineer,UNASSIGNED,Independent specification-derived black-box probe; atomization review pending,UNVERIFIED,UNVERIFIED,unverified
TK-S2-127,UI,226,2,"2,3,4",table contract,`slot-t_1+t_2-19:00`.,interface-engineer,UNASSIGNED,Independent specification-derived black-box probe; atomization review pending,UNVERIFIED,UNVERIFIED,unverified
TK-S2-128,UI,226,2,"2,3,4",table contract,Ids in `combinable` order.,interface-engineer,UNASSIGNED,Independent specification-derived black-box probe; atomization review pending,UNVERIFIED,UNVERIFIED,unverified
TK-S2-129,UI,226,2,"2,3,4",table contract,Carries `data-available` like a single cell |,interface-engineer,UNASSIGNED,Independent specification-derived black-box probe; atomization review pending,UNVERIFIED,UNVERIFIED,unverified
TK-S2-130,UI,227,2,"2,3,4",table contract,| `confirmation-tables` | Text contains every table label in the reservation |,interface-engineer,UNASSIGNED,Independent specification-derived black-box probe; atomization review pending,UNVERIFIED,UNVERIFIED,unverified
TK-S2-131,UI,228,2,"2,3,4",table contract,| `reservation-tables` | On the lookup screen.,interface-engineer,UNASSIGNED,Independent specification-derived black-box probe; atomization review pending,UNVERIFIED,UNVERIFIED,unverified
TK-S2-132,UI,228,2,"2,3,4",table contract,Same |,interface-engineer,UNASSIGNED,Independent specification-derived black-box probe; atomization review pending,UNVERIFIED,UNVERIFIED,unverified
TK-S2-133,UI,230,2,"2,3,4",prose,`booking-summary` must name every table in the selection.,interface-engineer,UNASSIGNED,Independent specification-derived black-box probe; atomization review pending,UNVERIFIED,UNVERIFIED,unverified
TK-S2-134,UI,230,2,"2,3,4",prose,"A single-table booking's cell testid, confirmation and lookup are unchanged.",interface-engineer,UNASSIGNED,Independent specification-derived black-box probe; atomization review pending,UNVERIFIED,UNVERIFIED,unverified
TK-S2-135,UI,233,2,"2,3,4",prose,Atomic reservation moves from stage 1 also accept `table_ids` per move.,interface-engineer,UNASSIGNED,Independent specification-derived black-box probe; atomization review pending,UNVERIFIED,UNVERIFIED,unverified
TK-S2-136,UI,233,2,"2,3,4",prose,No table may belong to overlapping resulting bookings.,interface-engineer,UNASSIGNED,Independent specification-derived black-box probe; atomization review pending,UNVERIFIED,UNVERIFIED,unverified
TK-S2-137,UI,233,2,"2,3,4",prose,The existing browser recovery and original-receipt requirements also apply to combined-table bookings.,interface-engineer,UNASSIGNED,Independent specification-derived black-box probe; atomization review pending,UNVERIFIED,UNVERIFIED,unverified
TK-S2-138,Concurrent bookings and amendments,239,2,"2,3,4",prose,"Concurrent requests must produce the same results as executing them one at a time in some order, and the requirements above hold at every read.",systems-engineer,UNASSIGNED,Independent specification-derived black-box probe; atomization review pending,UNVERIFIED,UNVERIFIED,unverified
TK-S3-001,"Tablekeeper — Stage 3: booking policies, history and recurring reservations",3,3,"3,4",prose,"The requirements from stages 1 and 2 continue to apply, with the additions below.",systems-engineer,UNASSIGNED,Independent specification-derived black-box probe; atomization review pending,UNVERIFIED,UNVERIFIED,unverified
TK-S3-002,"Tablekeeper — Stage 3: booking policies, history and recurring reservations",3,3,"3,4",prose,Numbered section references such as §5 and §7 refer to `stage-1.md`.,systems-engineer,UNASSIGNED,Independent specification-derived black-box probe; atomization review pending,UNVERIFIED,UNVERIFIED,unverified
TK-S3-003,"Tablekeeper — Stage 3: booking policies, history and recurring reservations",6,3,"3,4",prose,Restaurants can publish dated booking policies.,systems-engineer,UNASSIGNED,Independent specification-derived black-box probe; atomization review pending,UNVERIFIED,UNVERIFIED,unverified
TK-S3-004,"Tablekeeper — Stage 3: booking policies, history and recurring reservations",6,3,"3,4",prose,"Diners can see why a table is unavailable, view their reservation history and arrange recurring bookings.",systems-engineer,UNASSIGNED,Independent specification-derived black-box probe; atomization review pending,UNVERIFIED,UNVERIFIED,unverified
TK-S3-005,Availability explanations,11,3,"3,4",prose,"Whether a table is available for a slot is decided by two rules, each independent of the other:",systems-engineer,UNASSIGNED,Independent specification-derived black-box probe; atomization review pending,UNVERIFIED,UNVERIFIED,unverified
TK-S3-006,Availability explanations,13,3,"3,4",table contract,| Rule | Holds when |,systems-engineer,UNASSIGNED,Independent specification-derived black-box probe; atomization review pending,UNVERIFIED,UNVERIFIED,unverified
TK-S3-007,Availability explanations,15,3,"3,4",table contract,| `capacity` | `party_size` is at most the table's `capacity` |,systems-engineer,UNASSIGNED,Independent specification-derived black-box probe; atomization review pending,UNVERIFIED,UNVERIFIED,unverified
TK-S3-008,Availability explanations,16,3,"3,4",table contract,| `no_overlap` | no confirmed reservation on that table overlaps the slot's interval |,systems-engineer,UNASSIGNED,Independent specification-derived black-box probe; atomization review pending,UNVERIFIED,UNVERIFIED,unverified
TK-S3-009,Availability explanations,18,3,"3,4",prose,A table is available exactly when both hold.,systems-engineer,UNASSIGNED,Independent specification-derived black-box probe; atomization review pending,UNVERIFIED,UNVERIFIED,unverified
TK-S3-010,Availability explanations,18,3,"3,4",prose,`available_table_ids` is unchanged in meaning.,systems-engineer,UNASSIGNED,Independent specification-derived black-box probe; atomization review pending,UNVERIFIED,UNVERIFIED,unverified
TK-S3-011,Availability explanations,20,3,"3,4",schema/example,GET /availability?restaurant_id=r_anker&date=2026-09-24&party_size=4&explain=true,systems-engineer,UNASSIGNED,Independent specification-derived black-box probe; atomization review pending,UNVERIFIED,UNVERIFIED,unverified
TK-S3-012,Availability explanations,24,3,"3,4",prose,`explain` is optional.,systems-engineer,UNASSIGNED,Independent specification-derived black-box probe; atomization review pending,UNVERIFIED,UNVERIFIED,unverified
TK-S3-013,Availability explanations,24,3,"3,4",prose,"Its only accepted value is `true`; any other value, including `false`, `1` and the empty string, is 422 `validation_failed`. **Without it the response keeps stage 1's shape** — no explanation fields appear.",systems-engineer,UNASSIGNED,Independent specification-derived black-box probe; atomization review pending,UNVERIFIED,UNVERIFIED,unverified
TK-S3-014,Availability explanations,24,3,"3,4",prose,Published policies can change the slot values.,systems-engineer,UNASSIGNED,Independent specification-derived black-box probe; atomization review pending,UNVERIFIED,UNVERIFIED,unverified
TK-S3-015,Availability explanations,28,3,"3,4",prose,"With it, every slot carries one further field:",systems-engineer,UNASSIGNED,Independent specification-derived black-box probe; atomization review pending,UNVERIFIED,UNVERIFIED,unverified
TK-S3-016,Availability explanations,30,3,"3,4",schema/example,"{ ""starts_at_local"": ""2026-09-24T18:00"",
  ""starts_at"": ""2026-09-24T18:00:00+02:00"",
  ""available_table_ids"": [""t_2""],
  ""explain"": [
    { ""table_id"": ""t_1"", ""policy_version"": 0, ""available"": false,
      ""rules"": [ { ""rule"": ""capacity"", ""holds"": false },
                 { ""rule"": ""no_overlap"", ""holds"": true } ] },
    { ""table_id"": ""t_2"", ""policy_version"": 0, ""available"": true,
      ""rules"": [ { ""rule"": ""capacity"", ""holds"": true },
                 { ""rule"": ""no_overlap"", ""holds"": true } ] }
  ] }",systems-engineer,UNASSIGNED,Independent specification-derived black-box probe; atomization review pending,UNVERIFIED,UNVERIFIED,unverified
TK-S3-017,Availability explanations,44,3,"3,4",prose,"1. **Every table of the restaurant appears exactly once**, available or not, in fixture order — the same order `available_table_ids` uses.",systems-engineer,UNASSIGNED,Independent specification-derived black-box probe; atomization review pending,UNVERIFIED,UNVERIFIED,unverified
TK-S3-018,Availability explanations,46,3,"3,4",prose,"2. **Both rules are reported for every table**, in the order above.",systems-engineer,UNASSIGNED,Independent specification-derived black-box probe; atomization review pending,UNVERIFIED,UNVERIFIED,unverified
TK-S3-019,Availability explanations,46,3,"3,4",prose,A rule that holds is reported holding; a table excluded by both reports both false.,systems-engineer,UNASSIGNED,Independent specification-derived black-box probe; atomization review pending,UNVERIFIED,UNVERIFIED,unverified
TK-S3-020,Availability explanations,46,3,"3,4",prose,No rule may be omitted.,systems-engineer,UNASSIGNED,Independent specification-derived black-box probe; atomization review pending,UNVERIFIED,UNVERIFIED,unverified
TK-S3-021,Availability explanations,48,3,"3,4",prose,"3. **`available` is true exactly when both rules hold**, and the `table_id`s whose `available` is true are exactly `available_table_ids`, in the same order.",systems-engineer,UNASSIGNED,Independent specification-derived black-box probe; atomization review pending,UNVERIFIED,UNVERIFIED,unverified
TK-S3-022,Availability explanations,50,3,"3,4",prose,4.,systems-engineer,UNASSIGNED,Independent specification-derived black-box probe; atomization review pending,UNVERIFIED,UNVERIFIED,unverified
TK-S3-023,Availability explanations,50,3,"3,4",prose,"A closed day still returns `""slots"": []`, and a slot with no available table still appears — now with a full `explain` for every table.",systems-engineer,UNASSIGNED,Independent specification-derived black-box probe; atomization review pending,UNVERIFIED,UNVERIFIED,unverified
TK-S3-024,Reservation history,55,3,"3,4",schema/example,GET /reservations/{reference}/history,systems-engineer,UNASSIGNED,Independent specification-derived black-box probe; atomization review pending,UNVERIFIED,UNVERIFIED,unverified
TK-S3-025,Reservation history,59,3,"3,4",prose,"The reservation's own record, oldest first.",systems-engineer,UNASSIGNED,Independent specification-derived black-box probe; atomization review pending,UNVERIFIED,UNVERIFIED,unverified
TK-S3-026,Reservation history,59,3,"3,4",prose,"Only its owner may read it; anyone else, signed in or not, gets the same 404 `not_found` that §8 gives for a reservation that is not theirs.",systems-engineer,UNASSIGNED,Independent specification-derived black-box probe; atomization review pending,UNVERIFIED,UNVERIFIED,unverified
TK-S3-027,Reservation history,59,3,"3,4",prose,A cancelled reservation still has its history.,systems-engineer,UNASSIGNED,Independent specification-derived black-box probe; atomization review pending,UNVERIFIED,UNVERIFIED,unverified
TK-S3-028,Reservation history,63,3,"3,4",prose,The example below shows the event fields; every entry also carries `revision` and `accepted_terms` as specified under “Policies and accepted terms”.,systems-engineer,UNASSIGNED,Independent specification-derived black-box probe; atomization review pending,UNVERIFIED,UNVERIFIED,unverified
TK-S3-029,Reservation history,66,3,"3,4",schema/example,"{ ""reference"": ""ABC12345"",
  ""entries"": [
    { ""seq"": 1, ""at"": ""2026-09-17T12:00:00+02:00"", ""event"": ""created"",
      ""changes"": [ { ""field"": ""table_id"", ""from"": null, ""to"": ""t_2"" },
                   { ""field"": ""starts_at_local"", ""from"": null, ""to"": ""2026-09-24T19:00"" },
                   { ""field"": ""party_size"", ""from"": null, ""to"": 4 } ] },
    { ""seq"": 2, ""at"": ""2026-09-17T12:05:00+02:00"", ""event"": ""changed"",
      ""changes"": [ { ""field"": ""table_id"", ""from"": ""t_2"", ""to"": ""t_3"" } ] },
    { ""seq"": 3, ""at"": ""2026-09-17T12:09:00+02:00"", ""event"": ""cancelled"", ""changes"": [] } ]
}",systems-engineer,UNASSIGNED,Independent specification-derived black-box probe; atomization review pending,UNVERIFIED,UNVERIFIED,unverified
TK-S3-030,Reservation history,79,3,"3,4",prose,"1. **`seq` starts at 1 and increases by exactly 1**, so the order is total even when two writes land in the same second.",systems-engineer,UNASSIGNED,Independent specification-derived black-box probe; atomization review pending,UNVERIFIED,UNVERIFIED,unverified
TK-S3-031,Reservation history,79,3,"3,4",prose,"Entries are returned in `seq` order, which is also `at` order.",systems-engineer,UNASSIGNED,Independent specification-derived black-box probe; atomization review pending,UNVERIFIED,UNVERIFIED,unverified
TK-S3-032,Reservation history,81,3,"3,4",prose,"2. **`created` names all three fields**, each with `""from"": null`.",systems-engineer,UNASSIGNED,Independent specification-derived black-box probe; atomization review pending,UNVERIFIED,UNVERIFIED,unverified
TK-S3-033,Reservation history,82,3,"3,4",prose,"3. **`changed` names only the fields that actually changed**, in the order `table_id`, `starts_at_local`, `party_size`.",systems-engineer,UNASSIGNED,Independent specification-derived black-box probe; atomization review pending,UNVERIFIED,UNVERIFIED,unverified
TK-S3-034,Reservation history,82,3,"3,4",prose,"A `PATCH` that sets a field to the value it already has changed nothing: it still succeeds, and it records **no entry at all**.",systems-engineer,UNASSIGNED,Independent specification-derived black-box probe; atomization review pending,UNVERIFIED,UNVERIFIED,unverified
TK-S3-035,Reservation history,85,3,"3,4",prose,"4. **`cancelled` carries an empty `changes`**, and nothing follows it.",systems-engineer,UNASSIGNED,Independent specification-derived black-box probe; atomization review pending,UNVERIFIED,UNVERIFIED,unverified
TK-S3-036,Reservation history,86,3,"3,4",prose,5.,systems-engineer,UNASSIGNED,Independent specification-derived black-box probe; atomization review pending,UNVERIFIED,UNVERIFIED,unverified
TK-S3-037,Reservation history,86,3,"3,4",prose,Replaying an idempotent `POST /reservations` records nothing — a replay returns the original response and does not re-run the operation (§7).,systems-engineer,UNASSIGNED,Independent specification-derived black-box probe; atomization review pending,UNVERIFIED,UNVERIFIED,unverified
TK-S3-038,Existing screens,91,3,"3,4",prose,No new screens are required for explanations or history.,systems-engineer,UNASSIGNED,Independent specification-derived black-box probe; atomization review pending,UNVERIFIED,UNVERIFIED,unverified
TK-S3-039,Existing screens,91,3,"3,4",prose,The availability grid continues to follow the stage-2 rules.,systems-engineer,UNASSIGNED,Independent specification-derived black-box probe; atomization review pending,UNVERIFIED,UNVERIFIED,unverified
TK-S3-040,Policies and accepted terms,96,3,"3,4",prose,Restaurants may now declare `manager_user_ids` in their reset fixture (default `[]`).,systems-engineer,UNASSIGNED,Independent specification-derived black-box probe; atomization review pending,UNVERIFIED,UNVERIFIED,unverified
TK-S3-041,Policies and accepted terms,96,3,"3,4",prose,Only these users may publish policies.,systems-engineer,UNASSIGNED,Independent specification-derived black-box probe; atomization review pending,UNVERIFIED,UNVERIFIED,unverified
TK-S3-042,Policies and accepted terms,96,3,"3,4",prose,Unknown restaurant is 404; an authenticated non-manager is 403 `forbidden`; no token is 401.,systems-engineer,UNASSIGNED,Independent specification-derived black-box probe; atomization review pending,UNVERIFIED,UNVERIFIED,unverified
TK-S3-043,Policies and accepted terms,96,3,"3,4",prose,This extends stage 1's minimal permissions; managers do not gain access to other diners' private lookup/history.,systems-engineer,UNASSIGNED,Independent specification-derived black-box probe; atomization review pending,UNVERIFIED,UNVERIFIED,unverified
TK-S3-044,Policies and accepted terms,101,3,"3,4",prose,"`POST /restaurants/{id}/policies` requires an idempotency key, with stage 1's replay rules.",systems-engineer,UNASSIGNED,Independent specification-derived black-box probe; atomization review pending,UNVERIFIED,UNVERIFIED,unverified
TK-S3-045,Policies and accepted terms,101,3,"3,4",prose,"It accepts a **complete policy**, not a patch:",systems-engineer,UNASSIGNED,Independent specification-derived black-box probe; atomization review pending,UNVERIFIED,UNVERIFIED,unverified
TK-S3-046,Policies and accepted terms,104,3,"3,4",schema/example,"{
  ""effective_from"": ""2026-09-28"",
  ""slot_minutes"": 30,
  ""reservation_duration_minutes"": 120,
  ""cancellation_cutoff_minutes"": 60,
  ""opening_hours"": [{""weekday"": ""mon"", ""opens"": ""18:00"", ""closes"": ""23:00""}],
  ""capacities"": {""t_1"": 2, ""t_2"": 4, ""t_3"": 6}
}",systems-engineer,UNASSIGNED,Independent specification-derived black-box probe; atomization review pending,UNVERIFIED,UNVERIFIED,unverified
TK-S3-047,Policies and accepted terms,115,3,"3,4",prose,"Returns 201 with the supplied policy plus `policy_version`, an integer starting at 1 and increasing by one per restaurant.",systems-engineer,UNASSIGNED,Independent specification-derived black-box probe; atomization review pending,UNVERIFIED,UNVERIFIED,unverified
TK-S3-048,Policies and accepted terms,115,3,"3,4",prose,Failed writes and replays allocate no version.,systems-engineer,UNASSIGNED,Independent specification-derived black-box probe; atomization review pending,UNVERIFIED,UNVERIFIED,unverified
TK-S3-049,Policies and accepted terms,115,3,"3,4",prose,Policy 0 is the original fixture's rules and applies before any published policy.,systems-engineer,UNASSIGNED,Independent specification-derived black-box probe; atomization review pending,UNVERIFIED,UNVERIFIED,unverified
TK-S3-050,Policies and accepted terms,115,3,"3,4",prose,Policies are immutable.,systems-engineer,UNASSIGNED,Independent specification-derived black-box probe; atomization review pending,UNVERIFIED,UNVERIFIED,unverified
TK-S3-051,Policies and accepted terms,115,3,"3,4",prose,Publication order may differ from effective-date order.,systems-engineer,UNASSIGNED,Independent specification-derived black-box probe; atomization review pending,UNVERIFIED,UNVERIFIED,unverified
TK-S3-052,Policies and accepted terms,115,3,"3,4",prose,"For a booking's **local start date**, choose the greatest `effective_from` not later than that date; ties choose the greatest `policy_version`.",systems-engineer,UNASSIGNED,Independent specification-derived black-box probe; atomization review pending,UNVERIFIED,UNVERIFIED,unverified
TK-S3-053,Policies and accepted terms,115,3,"3,4",prose,"A new same-date policy supersedes the old one for future decisions, without changing any accepted reservation.",systems-engineer,UNASSIGNED,Independent specification-derived black-box probe; atomization review pending,UNVERIFIED,UNVERIFIED,unverified
TK-S3-054,Policies and accepted terms,115,3,"3,4",prose,Effective dates may be in the past; publication never retroactively edits a booking.,systems-engineer,UNASSIGNED,Independent specification-derived black-box probe; atomization review pending,UNVERIFIED,UNVERIFIED,unverified
TK-S3-055,Policies and accepted terms,124,3,"3,4",prose,All fields above are required.,systems-engineer,UNASSIGNED,Independent specification-derived black-box probe; atomization review pending,UNVERIFIED,UNVERIFIED,unverified
TK-S3-056,Policies and accepted terms,124,3,"3,4",prose,`effective_from` is an actual `YYYY-MM-DD` date; grid and duration are integers 1..1440; cutoff is an integer 0..10080; booleans are not integers.,systems-engineer,UNASSIGNED,Independent specification-derived black-box probe; atomization review pending,UNVERIFIED,UNVERIFIED,unverified
TK-S3-057,Policies and accepted terms,124,3,"3,4",prose,Opening hours follow stage 1 and contain no duplicate weekdays.,systems-engineer,UNASSIGNED,Independent specification-derived black-box probe; atomization review pending,UNVERIFIED,UNVERIFIED,unverified
TK-S3-058,Policies and accepted terms,124,3,"3,4",prose,`capacities` names **exactly** the restaurant's table ids with integer capacities 1..100.,systems-engineer,UNASSIGNED,Independent specification-derived black-box probe; atomization review pending,UNVERIFIED,UNVERIFIED,unverified
TK-S3-059,Policies and accepted terms,124,3,"3,4",prose,"Invalid policy is 422 `validation_failed`, with no version or state change.",systems-engineer,UNASSIGNED,Independent specification-derived black-box probe; atomization review pending,UNVERIFIED,UNVERIFIED,unverified
TK-S3-060,Policies and accepted terms,124,3,"3,4",prose,"Table ids, labels, timezone and declared combinations cannot be changed by a policy.",systems-engineer,UNASSIGNED,Independent specification-derived black-box probe; atomization review pending,UNVERIFIED,UNVERIFIED,unverified
TK-S3-061,Policies and accepted terms,124,3,"3,4",prose,Unknown fields are ignored.,systems-engineer,UNASSIGNED,Independent specification-derived black-box probe; atomization review pending,UNVERIFIED,UNVERIFIED,unverified
TK-S3-062,Policies and accepted terms,131,3,"3,4",prose,"`GET /restaurants/{id}/policies` is public and returns `{""policies"": [...]}` in publication order, omitting policy 0.",systems-engineer,UNASSIGNED,Independent specification-derived black-box probe; atomization review pending,UNVERIFIED,UNVERIFIED,unverified
TK-S3-063,Policies and accepted terms,131,3,"3,4",prose,The ordinary restaurant detail still returns its original fixture configuration.,systems-engineer,UNASSIGNED,Independent specification-derived black-box probe; atomization review pending,UNVERIFIED,UNVERIFIED,unverified
TK-S3-064,Policies and accepted terms,131,3,"3,4",prose,"Availability and booking decisions use the selected policy, not that detail.",systems-engineer,UNASSIGNED,Independent specification-derived black-box probe; atomization review pending,UNVERIFIED,UNVERIFIED,unverified
TK-S3-065,Policies and accepted terms,131,3,"3,4",prose,"With `explain=true`, each table explanation additionally identifies its `policy_version`.",systems-engineer,UNASSIGNED,Independent specification-derived black-box probe; atomization review pending,UNVERIFIED,UNVERIFIED,unverified
TK-S3-066,Policies and accepted terms,136,3,"3,4",prose,Every reservation response gains `revision` (1 at creation) and `accepted_terms`:,systems-engineer,UNASSIGNED,Independent specification-derived black-box probe; atomization review pending,UNVERIFIED,UNVERIFIED,unverified
TK-S3-067,Policies and accepted terms,138,3,"3,4",schema/example,"{""policy_version"": 0, ""slot_minutes"": 30,
 ""reservation_duration_minutes"": 90, ""cancellation_cutoff_minutes"": 120,
 ""opening_hours"": [{""weekday"": ""mon"", ""opens"": ""18:00"", ""closes"": ""23:00""}],
 ""capacities"": {""t_1"": 2, ""t_2"": 4, ""t_3"": 6}}",systems-engineer,UNASSIGNED,Independent specification-derived black-box probe; atomization review pending,UNVERIFIED,UNVERIFIED,unverified
TK-S3-068,Policies and accepted terms,145,3,"3,4",prose,"These are a snapshot of the entire selected policy, excluding `effective_from`.",systems-engineer,UNASSIGNED,Independent specification-derived black-box probe; atomization review pending,UNVERIFIED,UNVERIFIED,unverified
TK-S3-069,Policies and accepted terms,145,3,"3,4",prose,Seeded bookings start at revision 1 under policy 0.,systems-engineer,UNASSIGNED,Independent specification-derived black-box probe; atomization review pending,UNVERIFIED,UNVERIFIED,unverified
TK-S3-070,Policies and accepted terms,145,3,"3,4",prose,"Responses to old idempotency keys remain the original response, including the original revision and terms.",systems-engineer,UNASSIGNED,Independent specification-derived black-box probe; atomization review pending,UNVERIFIED,UNVERIFIED,unverified
TK-S3-071,Policies and accepted terms,149,3,"3,4",prose,"- A policy publication does not change existing bookings, their end times, or their history.",systems-engineer,UNASSIGNED,Independent specification-derived black-box probe; atomization review pending,UNVERIFIED,UNVERIFIED,unverified
TK-S3-072,Policies and accepted terms,150,3,"3,4",prose,"- Cancel checks the accepted cutoff, against the current start.",systems-engineer,UNASSIGNED,Independent specification-derived black-box probe; atomization review pending,UNVERIFIED,UNVERIFIED,unverified
TK-S3-073,Policies and accepted terms,151,3,"3,4",prose,"- A real diner amendment (time, tables or party size) checks the old accepted cutoff first, then validates **all** resulting fields against the policy applicable to the resulting start date.",systems-engineer,UNASSIGNED,Independent specification-derived black-box probe; atomization review pending,UNVERIFIED,UNVERIFIED,unverified
TK-S3-074,Policies and accepted terms,151,3,"3,4",prose,It atomically replaces accepted terms and end time and increments revision once.,systems-engineer,UNASSIGNED,Independent specification-derived black-box probe; atomization review pending,UNVERIFIED,UNVERIFIED,unverified
TK-S3-075,Policies and accepted terms,154,3,"3,4",prose,"- A no-op amendment retains terms, end time and revision and records no history.",systems-engineer,UNASSIGNED,Independent specification-derived black-box probe; atomization review pending,UNVERIFIED,UNVERIFIED,unverified
TK-S3-076,Policies and accepted terms,154,3,"3,4",prose,"It still requires a confirmed, editable booking.",systems-engineer,UNASSIGNED,Independent specification-derived black-box probe; atomization review pending,UNVERIFIED,UNVERIFIED,unverified
TK-S3-077,Policies and accepted terms,156,3,"3,4",prose,- Failed amendments change nothing.,systems-engineer,UNASSIGNED,Independent specification-derived black-box probe; atomization review pending,UNVERIFIED,UNVERIFIED,unverified
TK-S3-078,Policies and accepted terms,156,3,"3,4",prose,Cancel increments revision once; repeated cancel does not.,systems-engineer,UNASSIGNED,Independent specification-derived black-box probe; atomization review pending,UNVERIFIED,UNVERIFIED,unverified
TK-S3-079,Policies and accepted terms,157,3,"3,4",prose,- `PATCH` optionally accepts `expected_revision`.,systems-engineer,UNASSIGNED,Independent specification-derived black-box probe; atomization review pending,UNVERIFIED,UNVERIFIED,unverified
TK-S3-080,Policies and accepted terms,157,3,"3,4",prose,A positive integer differing from the current revision gives 409 `stale_revision` before cutoff/validation; invalid type/range gives 422.,systems-engineer,UNASSIGNED,Independent specification-derived black-box probe; atomization review pending,UNVERIFIED,UNVERIFIED,unverified
TK-S3-081,Policies and accepted terms,157,3,"3,4",prose,Omission retains stage 1 semantics.,systems-engineer,UNASSIGNED,Independent specification-derived black-box probe; atomization review pending,UNVERIFIED,UNVERIFIED,unverified
TK-S3-082,Policies and accepted terms,157,3,"3,4",prose,Two concurrent amendments using one revision: at most one real change succeeds.,systems-engineer,UNASSIGNED,Independent specification-derived black-box probe; atomization review pending,UNVERIFIED,UNVERIFIED,unverified
TK-S3-083,Policies and accepted terms,157,3,"3,4",prose,Unrelated unknown fields remain ignored.,systems-engineer,UNASSIGNED,Independent specification-derived black-box probe; atomization review pending,UNVERIFIED,UNVERIFIED,unverified
TK-S3-084,Policies and accepted terms,162,3,"3,4",prose,Each history entry additionally carries the reservation's resulting `revision` and complete `accepted_terms`.,systems-engineer,UNASSIGNED,Independent specification-derived black-box probe; atomization review pending,UNVERIFIED,UNVERIFIED,unverified
TK-S3-085,Policies and accepted terms,162,3,"3,4",prose,Old entries never acquire newer terms.,systems-engineer,UNASSIGNED,Independent specification-derived black-box probe; atomization review pending,UNVERIFIED,UNVERIFIED,unverified
TK-S3-086,Policies and accepted terms,162,3,"3,4",prose,"`GET /reservations/{reference}/decision` returns `{""reference"": ""..."", ""revision"": 1, ""accepted_terms"": {...}}` for the current booking, including after cancellation, with history's owner-only 404 rule.",systems-engineer,UNASSIGNED,Independent specification-derived black-box probe; atomization review pending,UNVERIFIED,UNVERIFIED,unverified
TK-S3-087,Policies and accepted terms,162,3,"3,4",prose,"History and decision return 404 even without authentication, resolving the exception to stage 1's general 401 rule.",systems-engineer,UNASSIGNED,Independent specification-derived black-box probe; atomization review pending,UNVERIFIED,UNVERIFIED,unverified
TK-S3-088,Recurring reservations,170,3,"3,4",prose,`POST /series` adopts an existing reservation as occurrence zero of a recurring agreement.,systems-engineer,UNASSIGNED,Independent specification-derived black-box probe; atomization review pending,UNVERIFIED,UNVERIFIED,unverified
TK-S3-089,Recurring reservations,170,3,"3,4",prose,An idempotency key is required.,systems-engineer,UNASSIGNED,Independent specification-derived black-box probe; atomization review pending,UNVERIFIED,UNVERIFIED,unverified
TK-S3-090,Recurring reservations,170,3,"3,4",prose,Body:,systems-engineer,UNASSIGNED,Independent specification-derived black-box probe; atomization review pending,UNVERIFIED,UNVERIFIED,unverified
TK-S3-091,Recurring reservations,173,3,"3,4",schema/example,"{""anchor_reference"": ""ABC12345"", ""count"": 8, ""interval_weeks"": 1}",systems-engineer,UNASSIGNED,Independent specification-derived black-box probe; atomization review pending,UNVERIFIED,UNVERIFIED,unverified
TK-S3-092,Recurring reservations,177,3,"3,4",prose,"The anchor must belong to the caller, be confirmed and satisfy its accepted cancellation cutoff.",systems-engineer,UNASSIGNED,Independent specification-derived black-box probe; atomization review pending,UNVERIFIED,UNVERIFIED,unverified
TK-S3-093,Recurring reservations,177,3,"3,4",prose,Unknown or another owner's anchor gives 404 `not_found`; cancelled gives 409 `reservation_cancelled`; already adopted gives 409 `already_in_series`.,systems-engineer,UNASSIGNED,Independent specification-derived black-box probe; atomization review pending,UNVERIFIED,UNVERIFIED,unverified
TK-S3-094,Recurring reservations,177,3,"3,4",prose,`count` is an integer 2..12 including the anchor; `interval_weeks` is an integer 1..4.,systems-engineer,UNASSIGNED,Independent specification-derived black-box probe; atomization review pending,UNVERIFIED,UNVERIFIED,unverified
TK-S3-095,Recurring reservations,177,3,"3,4",prose,"Invalid values, including booleans, give 422 `validation_failed`.",systems-engineer,UNASSIGNED,Independent specification-derived black-box probe; atomization review pending,UNVERIFIED,UNVERIFIED,unverified
TK-S3-096,Recurring reservations,177,3,"3,4",prose,No token gives 401.,systems-engineer,UNASSIGNED,Independent specification-derived black-box probe; atomization review pending,UNVERIFIED,UNVERIFIED,unverified
TK-S3-097,Recurring reservations,183,3,"3,4",prose,"Occurrence zero is the anchor itself: its reference, identity, revision, terms, history, timestamps and original idempotent response remain unchanged.",systems-engineer,UNASSIGNED,Independent specification-derived black-box probe; atomization review pending,UNVERIFIED,UNVERIFIED,unverified
TK-S3-098,Recurring reservations,183,3,"3,4",prose,"Occurrence i starts on the anchor's local calendar date plus i × interval_weeks × 7 days, at the same local clock time.",systems-engineer,UNASSIGNED,Independent specification-derived black-box probe; atomization review pending,UNVERIFIED,UNVERIFIED,unverified
TK-S3-099,Recurring reservations,183,3,"3,4",prose,"Each generated occurrence independently selects its date's policy, including duration and capacity, and obeys ordinary opening, DST and occupancy rules.",systems-engineer,UNASSIGNED,Independent specification-derived black-box probe; atomization review pending,UNVERIFIED,UNVERIFIED,unverified
TK-S3-100,Recurring reservations,183,3,"3,4",prose,A nonexistent local time rejects the entire adoption with `invalid_local_time`; repeated times use stage 1's first occurrence rule.,systems-engineer,UNASSIGNED,Independent specification-derived black-box probe; atomization review pending,UNVERIFIED,UNVERIFIED,unverified
TK-S3-101,Recurring reservations,183,3,"3,4",prose,Generated occurrences use the anchor's party size and table selection.,systems-engineer,UNASSIGNED,Independent specification-derived black-box probe; atomization review pending,UNVERIFIED,UNVERIFIED,unverified
TK-S3-102,Recurring reservations,183,3,"3,4",prose,"No partial series, reservations, histories, counters or idempotency claim survive failure.",systems-engineer,UNASSIGNED,Independent specification-derived black-box probe; atomization review pending,UNVERIFIED,UNVERIFIED,unverified
TK-S3-103,Recurring reservations,183,3,"3,4",prose,The first failing occurrence in index order determines the ordinary booking error.,systems-engineer,UNASSIGNED,Independent specification-derived black-box probe; atomization review pending,UNVERIFIED,UNVERIFIED,unverified
TK-S3-104,Recurring reservations,193,3,"3,4",prose,Return 201:,systems-engineer,UNASSIGNED,Independent specification-derived black-box probe; atomization review pending,UNVERIFIED,UNVERIFIED,unverified
TK-S3-105,Recurring reservations,195,3,"3,4",schema/example,"{""series_id"": ""opaque"", ""revision"": 1, ""interval_weeks"": 1,
 ""occurrences"": [{""index"": 0, ""reference"": ""ABC12345"", ""exception"": false,
                  ""reservation"": {""..."": ""ordinary reservation response""}}]}",systems-engineer,UNASSIGNED,Independent specification-derived black-box probe; atomization review pending,UNVERIFIED,UNVERIFIED,unverified
TK-S3-106,Recurring reservations,201,3,"3,4",prose,The array includes all count occurrences in index order.,systems-engineer,UNASSIGNED,Independent specification-derived black-box probe; atomization review pending,UNVERIFIED,UNVERIFIED,unverified
TK-S3-107,Recurring reservations,201,3,"3,4",prose,Each has a distinct ordinary reservation reference; references and indices never change when dates or tables change.,systems-engineer,UNASSIGNED,Independent specification-derived black-box probe; atomization review pending,UNVERIFIED,UNVERIFIED,unverified
TK-S3-108,Recurring reservations,201,3,"3,4",prose,"Occurrences appear in ordinary reservation lists, occupy tables, and have ordinary histories.",systems-engineer,UNASSIGNED,Independent specification-derived black-box probe; atomization review pending,UNVERIFIED,UNVERIFIED,unverified
TK-S3-109,Recurring reservations,201,3,"3,4",prose,`GET /series/{series_id}` returns this shape with current reservation states.,systems-engineer,UNASSIGNED,Independent specification-derived black-box probe; atomization review pending,UNVERIFIED,UNVERIFIED,unverified
TK-S3-110,Recurring reservations,201,3,"3,4",prose,Only the owner may read it: another user or no token gives 404 `not_found`.,systems-engineer,UNASSIGNED,Independent specification-derived black-box probe; atomization review pending,UNVERIFIED,UNVERIFIED,unverified
TK-S3-111,Recurring reservations,207,3,"3,4",prose,A real individual PATCH permanently marks that occurrence as `exception: true` and increments the series revision once; a no-op or failure changes neither.,systems-engineer,UNASSIGNED,Independent specification-derived black-box probe; atomization review pending,UNVERIFIED,UNVERIFIED,unverified
TK-S3-112,Recurring reservations,207,3,"3,4",prose,"Cancellation increments the series revision once, retaining the cancelled occurrence, but does not mark it as an exception; repeated cancel does nothing.",systems-engineer,UNASSIGNED,Independent specification-derived black-box probe; atomization review pending,UNVERIFIED,UNVERIFIED,unverified
TK-S3-113,Recurring reservations,207,3,"3,4",prose,Cancelling the anchor does not cancel its siblings.,systems-engineer,UNASSIGNED,Independent specification-derived black-box probe; atomization review pending,UNVERIFIED,UNVERIFIED,unverified
TK-S3-114,Recurring reservations,207,3,"3,4",prose,Ordinary cutoff and revision checks still apply.,systems-engineer,UNASSIGNED,Independent specification-derived black-box probe; atomization review pending,UNVERIFIED,UNVERIFIED,unverified
TK-S3-115,Recurring reservations,207,3,"3,4",prose,Adoption increments the restaurant revision once for the whole operation.,systems-engineer,UNASSIGNED,Independent specification-derived black-box probe; atomization review pending,UNVERIFIED,UNVERIFIED,unverified
TK-S3-116,Recurring reservations,207,3,"3,4",prose,"Replays return the original series response, even after later changes, and change no counter.",systems-engineer,UNASSIGNED,Independent specification-derived black-box probe; atomization review pending,UNVERIFIED,UNVERIFIED,unverified
TK-S3-117,Recurring reservations,207,3,"3,4",prose,Series creation adds one idempotent write path.,systems-engineer,UNASSIGNED,Independent specification-derived black-box probe; atomization review pending,UNVERIFIED,UNVERIFIED,unverified
TK-S3-118,Recurring reservations,207,3,"3,4",prose,Unknown fields are ignored.,systems-engineer,UNASSIGNED,Independent specification-derived black-box probe; atomization review pending,UNVERIFIED,UNVERIFIED,unverified
TK-S3-119,Recurring reservations,216,3,"3,4",prose,A stage-3 service must accept exports produced by the same team's stage-1 or stage-2 service.,systems-engineer,UNASSIGNED,Independent specification-derived black-box probe; atomization review pending,UNVERIFIED,UNVERIFIED,unverified
TK-S3-120,Recurring reservations,216,3,"3,4",prose,Adoption must work on reservations imported this way.,systems-engineer,UNASSIGNED,Independent specification-derived black-box probe; atomization review pending,UNVERIFIED,UNVERIFIED,unverified
TK-S3-121,Recurring reservations,216,3,"3,4",prose,"Existing confirmation links, sessions and original booking retries remain valid.",systems-engineer,UNASSIGNED,Independent specification-derived black-box probe; atomization review pending,UNVERIFIED,UNVERIFIED,unverified
TK-S3-122,Combined-table history,222,3,"3,4",prose,Stage 3's accepted terms apply to combinations too; capacity is the sum of the **selected policy's** capacities.,systems-engineer,UNASSIGNED,Independent specification-derived black-box probe; atomization review pending,UNVERIFIED,UNVERIFIED,unverified
TK-S3-123,Combined-table history,222,3,"3,4",prose,"In history, retain stage-3 fields for single-to-single operations.",systems-engineer,UNASSIGNED,Independent specification-derived black-box probe; atomization review pending,UNVERIFIED,UNVERIFIED,unverified
TK-S3-124,Combined-table history,222,3,"3,4",prose,"For a creation of a pair, replace the `table_id` change by `table_ids` (from null to the pair).",systems-engineer,UNASSIGNED,Independent specification-derived black-box probe; atomization review pending,UNVERIFIED,UNVERIFIED,unverified
TK-S3-125,Combined-table history,222,3,"3,4",prose,"For a change involving a pair, use `table_ids` (complete before/after lists) instead of `table_id`.",systems-engineer,UNASSIGNED,Independent specification-derived black-box probe; atomization review pending,UNVERIFIED,UNVERIFIED,unverified
TK-S3-126,Combined-table history,222,3,"3,4",prose,Table-set order is the declared combination order.,systems-engineer,UNASSIGNED,Independent specification-derived black-box probe; atomization review pending,UNVERIFIED,UNVERIFIED,unverified
TK-S3-127,Combined-table history,222,3,"3,4",prose,A reversed input pair names the same set and is not an amendment on its own.,systems-engineer,UNASSIGNED,Independent specification-derived black-box probe; atomization review pending,UNVERIFIED,UNVERIFIED,unverified
TK-S3-128,Combined-table history,222,3,"3,4",prose,"Policy selection, revision and replay rules are unchanged.",systems-engineer,UNASSIGNED,Independent specification-derived black-box probe; atomization review pending,UNVERIFIED,UNVERIFIED,unverified
TK-S3-129,Collective moves under policies and agreements,232,3,"3,4",prose,"Each real change in `POST /reservation-moves` uses individual PATCH semantics: check the old accepted cutoff, then adopt the resulting date's policy.",systems-engineer,UNASSIGNED,Independent specification-derived black-box probe; atomization review pending,UNVERIFIED,UNVERIFIED,unverified
TK-S3-130,Collective moves under policies and agreements,232,3,"3,4",prose,Per-move `expected_revision` is optional and follows PATCH validation and stale-revision rules.,systems-engineer,UNASSIGNED,Independent specification-derived black-box probe; atomization review pending,UNVERIFIED,UNVERIFIED,unverified
TK-S3-131,Collective moves under policies and agreements,232,3,"3,4",prose,A no-op retains its terms and history.,systems-engineer,UNASSIGNED,Independent specification-derived black-box probe; atomization review pending,UNVERIFIED,UNVERIFIED,unverified
TK-S3-132,Collective moves under policies and agreements,232,3,"3,4",prose,All resulting bookings must satisfy amendment and occupancy rules; failure leaves every booking unchanged.,systems-engineer,UNASSIGNED,Independent specification-derived black-box probe; atomization review pending,UNVERIFIED,UNVERIFIED,unverified
TK-S3-133,Collective moves under policies and agreements,232,3,"3,4",prose,Every changed booking gains one revision and changed history entry; the restaurant revision increases once for the whole batch.,systems-engineer,UNASSIGNED,Independent specification-derived black-box probe; atomization review pending,UNVERIFIED,UNVERIFIED,unverified
TK-S3-134,Collective moves under policies and agreements,232,3,"3,4",prose,"Each affected series revision increases once, and each changed series occurrence becomes a permanent diner exception.",systems-engineer,UNASSIGNED,Independent specification-derived black-box probe; atomization review pending,UNVERIFIED,UNVERIFIED,unverified
TK-S3-135,Collective moves under policies and agreements,232,3,"3,4",prose,"A failed batch or replay changes no revisions, histories or exception flags.",systems-engineer,UNASSIGNED,Independent specification-derived black-box probe; atomization review pending,UNVERIFIED,UNVERIFIED,unverified
TK-S4-001,Tablekeeper — Stage 4: seating changes and recurring amendments,3,4,4,prose,"Extends all earlier stages, including stage-1 atomic reservation moves, stage-2 table combinations and stage-3 policies and recurring agreements.",systems-engineer,UNASSIGNED,Independent specification-derived black-box probe; atomization review pending,UNVERIFIED,UNVERIFIED,unverified
TK-S4-002,Tablekeeper — Stage 4: seating changes and recurring amendments,3,4,4,prose,All earlier requirements apply.,systems-engineer,UNASSIGNED,Independent specification-derived black-box probe; atomization review pending,UNVERIFIED,UNVERIFIED,unverified
TK-S4-003,Seating changes after a table closure,8,4,4,prose,"When a table becomes unavailable, a manager can review a proposed seating arrangement before applying it.",systems-engineer,UNASSIGNED,Independent specification-derived black-box probe; atomization review pending,UNVERIFIED,UNVERIFIED,unverified
TK-S4-004,Seating changes after a table closure,8,4,4,prose,"Customers must keep their booking times, party sizes and accepted terms.",systems-engineer,UNASSIGNED,Independent specification-derived black-box probe; atomization review pending,UNVERIFIED,UNVERIFIED,unverified
TK-S4-005,Seating changes after a table closure,8,4,4,prose,No new screens are required.,systems-engineer,UNASSIGNED,Independent specification-derived black-box probe; atomization review pending,UNVERIFIED,UNVERIFIED,unverified
TK-S4-006,Seating changes after a table closure,8,4,4,prose,"Existing availability, confirmation and lookup screens must reflect an applied plan.",systems-engineer,UNASSIGNED,Independent specification-derived black-box probe; atomization review pending,UNVERIFIED,UNVERIFIED,unverified
TK-S4-007,Seating changes after a table closure,13,4,4,prose,`POST /restaurants/{id}/replans` requires a manager and an idempotency key.,systems-engineer,UNASSIGNED,Independent specification-derived black-box probe; atomization review pending,UNVERIFIED,UNVERIFIED,unverified
TK-S4-008,Seating changes after a table closure,13,4,4,prose,Body:,systems-engineer,UNASSIGNED,Independent specification-derived black-box probe; atomization review pending,UNVERIFIED,UNVERIFIED,unverified
TK-S4-009,Seating changes after a table closure,15,4,4,schema/example,"{""table_id"": ""t_2"", ""from"": ""2026-09-28T18:00:00+02:00"",
 ""to"": ""2026-09-28T23:00:00+02:00""}",systems-engineer,UNASSIGNED,Independent specification-derived black-box probe; atomization review pending,UNVERIFIED,UNVERIFIED,unverified
TK-S4-010,Seating changes after a table closure,20,4,4,prose,"The instants have explicit offsets and `from < to`; invalid interval is 422 `validation_failed`, unknown table 404.",systems-engineer,UNASSIGNED,Independent specification-derived black-box probe; atomization review pending,UNVERIFIED,UNVERIFIED,unverified
TK-S4-011,Seating changes after a table closure,20,4,4,prose,"The proposed closure is the half-open interval `[from,to)`.",systems-engineer,UNASSIGNED,Independent specification-derived black-box probe; atomization review pending,UNVERIFIED,UNVERIFIED,unverified
TK-S4-012,Seating changes after a table closure,20,4,4,prose,Consider every confirmed booking at this restaurant overlapping that interval.,systems-engineer,UNASSIGNED,Independent specification-derived black-box probe; atomization review pending,UNVERIFIED,UNVERIFIED,unverified
TK-S4-013,Seating changes after a table closure,20,4,4,prose,Other bookings retain their assignments.,systems-engineer,UNASSIGNED,Independent specification-derived black-box probe; atomization review pending,UNVERIFIED,UNVERIFIED,unverified
TK-S4-014,Seating changes after a table closure,20,4,4,prose,"Planning must support up to 6 tables, 4 declared pairs and 6 considered bookings; larger inputs may return 422 `planning_limit`.",systems-engineer,UNASSIGNED,Independent specification-derived black-box probe; atomization review pending,UNVERIFIED,UNVERIFIED,unverified
TK-S4-015,Seating changes after a table closure,20,4,4,prose,"Each considered booking must retain its reference, owner, party size, start, end and accepted terms.",systems-engineer,UNASSIGNED,Independent specification-derived black-box probe; atomization review pending,UNVERIFIED,UNVERIFIED,unverified
TK-S4-016,Seating changes after a table closure,20,4,4,prose,"Assign it a single or a declared pair with enough capacity under **its own accepted terms**, without conflicts with fixed bookings, other assignments, previously applied closures or the proposed closure.",systems-engineer,UNASSIGNED,Independent specification-derived black-box probe; atomization review pending,UNVERIFIED,UNVERIFIED,unverified
TK-S4-017,Seating changes after a table closure,20,4,4,prose,Diners' cancellation cutoffs do not prevent an operator repair.,systems-engineer,UNASSIGNED,Independent specification-derived black-box probe; atomization review pending,UNVERIFIED,UNVERIFIED,unverified
TK-S4-018,Seating changes after a table closure,20,4,4,prose,No booking may disappear or be cancelled.,systems-engineer,UNASSIGNED,Independent specification-derived black-box probe; atomization review pending,UNVERIFIED,UNVERIFIED,unverified
TK-S4-019,Seating changes after a table closure,31,4,4,prose,"Among feasible plans minimize, in order:",systems-engineer,UNASSIGNED,Independent specification-derived black-box probe; atomization review pending,UNVERIFIED,UNVERIFIED,unverified
TK-S4-020,Seating changes after a table closure,33,4,4,prose,1.,systems-engineer,UNASSIGNED,Independent specification-derived black-box probe; atomization review pending,UNVERIFIED,UNVERIFIED,unverified
TK-S4-021,Seating changes after a table closure,33,4,4,prose,Number of bookings whose table set changes.,systems-engineer,UNASSIGNED,Independent specification-derived black-box probe; atomization review pending,UNVERIFIED,UNVERIFIED,unverified
TK-S4-022,Seating changes after a table closure,34,4,4,prose,2.,systems-engineer,UNASSIGNED,Independent specification-derived black-box probe; atomization review pending,UNVERIFIED,UNVERIFIED,unverified
TK-S4-023,Seating changes after a table closure,34,4,4,prose,Total unused seats across all considered bookings (capacity minus party size).,systems-engineer,UNASSIGNED,Independent specification-derived black-box probe; atomization review pending,UNVERIFIED,UNVERIFIED,unverified
TK-S4-024,Seating changes after a table closure,35,4,4,prose,3.,systems-engineer,UNASSIGNED,Independent specification-derived black-box probe; atomization review pending,UNVERIFIED,UNVERIFIED,unverified
TK-S4-025,Seating changes after a table closure,35,4,4,prose,The vector of option ranks in ascending reservation-reference order.,systems-engineer,UNASSIGNED,Independent specification-derived black-box probe; atomization review pending,UNVERIFIED,UNVERIFIED,unverified
TK-S4-026,Seating changes after a table closure,35,4,4,prose,"Singles are ranked first in fixture order, then pairs in declared order, starting at 0.",systems-engineer,UNASSIGNED,Independent specification-derived black-box probe; atomization review pending,UNVERIFIED,UNVERIFIED,unverified
TK-S4-027,Seating changes after a table closure,38,4,4,prose,Returns 201:,systems-engineer,UNASSIGNED,Independent specification-derived black-box probe; atomization review pending,UNVERIFIED,UNVERIFIED,unverified
TK-S4-028,Seating changes after a table closure,40,4,4,schema/example,"{""plan_id"": ""opaque"", ""restaurant_revision"": 4,
 ""closure"": {""table_id"": ""t_2"", ""from"": ""..."", ""to"": ""...""},
 ""assignments"": [{""reference"": ""ABC12345"", ""table_ids"": [""t_1""], ""changed"": true}],
 ""moved_count"": 1, ""unused_seats"": 0}",systems-engineer,UNASSIGNED,Independent specification-derived black-box probe; atomization review pending,UNVERIFIED,UNVERIFIED,unverified
TK-S4-029,Seating changes after a table closure,47,4,4,prose,Assignments include every considered booking in reference order.,systems-engineer,UNASSIGNED,Independent specification-derived black-box probe; atomization review pending,UNVERIFIED,UNVERIFIED,unverified
TK-S4-030,Seating changes after a table closure,47,4,4,prose,"A restaurant revision starts at 0 after reset and increments once for each successful new booking, real amendment, cancellation, policy publication or plan application.",systems-engineer,UNASSIGNED,Independent specification-derived black-box probe; atomization review pending,UNVERIFIED,UNVERIFIED,unverified
TK-S4-031,Seating changes after a table closure,47,4,4,prose,"No-op writes, failures, previews and replays do not increment it.",systems-engineer,UNASSIGNED,Independent specification-derived black-box probe; atomization review pending,UNVERIFIED,UNVERIFIED,unverified
TK-S4-032,Seating changes after a table closure,47,4,4,prose,"Preview stores only a plan: no closure, occupancy, reservation revision or history changes.",systems-engineer,UNASSIGNED,Independent specification-derived black-box probe; atomization review pending,UNVERIFIED,UNVERIFIED,unverified
TK-S4-033,Seating changes after a table closure,47,4,4,prose,"No feasible plan gives 409 `no_feasible_plan`, changing nothing.",systems-engineer,UNASSIGNED,Independent specification-derived black-box probe; atomization review pending,UNVERIFIED,UNVERIFIED,unverified
TK-S4-034,Seating changes after a table closure,53,4,4,prose,"`POST /restaurants/{id}/replans/{plan_id}/apply`, body `{}`, requires a manager and an idempotency key.",systems-engineer,UNASSIGNED,Independent specification-derived black-box probe; atomization review pending,UNVERIFIED,UNVERIFIED,unverified
TK-S4-035,Seating changes after a table closure,53,4,4,prose,"Return 201 with `{""plan_id"": ""..."", ""restaurant_revision"": 5, ""reservations"": [...]}`; reservations include every considered booking in reference order.",systems-engineer,UNASSIGNED,Independent specification-derived black-box probe; atomization review pending,UNVERIFIED,UNVERIFIED,unverified
TK-S4-036,Seating changes after a table closure,53,4,4,prose,Unknown plan or one from another restaurant is 404.,systems-engineer,UNASSIGNED,Independent specification-derived black-box probe; atomization review pending,UNVERIFIED,UNVERIFIED,unverified
TK-S4-037,Seating changes after a table closure,53,4,4,prose,"Any intervening restaurant revision invalidates the plan: 409 `stale_plan`, changing nothing.",systems-engineer,UNASSIGNED,Independent specification-derived black-box probe; atomization review pending,UNVERIFIED,UNVERIFIED,unverified
TK-S4-038,Seating changes after a table closure,53,4,4,prose,"A plan already applied under a different key gives 409 `plan_already_applied`; replay of the successful key returns the original response with 200, even after later changes.",systems-engineer,UNASSIGNED,Independent specification-derived black-box probe; atomization review pending,UNVERIFIED,UNVERIFIED,unverified
TK-S4-039,Seating changes after a table closure,53,4,4,prose,Application is atomic.,systems-engineer,UNASSIGNED,Independent specification-derived black-box probe; atomization review pending,UNVERIFIED,UNVERIFIED,unverified
TK-S4-040,Seating changes after a table closure,61,4,4,prose,Application records the closure and all assignments together.,systems-engineer,UNASSIGNED,Independent specification-derived black-box probe; atomization review pending,UNVERIFIED,UNVERIFIED,unverified
TK-S4-041,Seating changes after a table closure,61,4,4,prose,Each moved booking increments its revision once and gains one `reassigned` history entry with a `table_ids` change and `plan_id`; accepted terms and times remain identical.,systems-engineer,UNASSIGNED,Independent specification-derived black-box probe; atomization review pending,UNVERIFIED,UNVERIFIED,unverified
TK-S4-042,Seating changes after a table closure,61,4,4,prose,Unmoved bookings gain nothing.,systems-engineer,UNASSIGNED,Independent specification-derived black-box probe; atomization review pending,UNVERIFIED,UNVERIFIED,unverified
TK-S4-043,Seating changes after a table closure,61,4,4,prose,The restaurant revision increments once for the **whole plan**.,systems-engineer,UNASSIGNED,Independent specification-derived black-box probe; atomization review pending,UNVERIFIED,UNVERIFIED,unverified
TK-S4-044,Seating changes after a table closure,61,4,4,prose,Closures thereafter exclude singles and pairs from availability and reject creates/amendments with 409 `table_unavailable`.,systems-engineer,UNASSIGNED,Independent specification-derived black-box probe; atomization review pending,UNVERIFIED,UNVERIFIED,unverified
TK-S4-045,Seating changes after a table closure,61,4,4,prose,"In explanations, `no_overlap` is false for a closure as for a conflicting booking.",systems-engineer,UNASSIGNED,Independent specification-derived black-box probe; atomization review pending,UNVERIFIED,UNVERIFIED,unverified
TK-S4-046,Seating changes after a table closure,68,4,4,prose,Concurrent applications must not leave partially moved bookings.,systems-engineer,UNASSIGNED,Independent specification-derived black-box probe; atomization review pending,UNVERIFIED,UNVERIFIED,unverified
TK-S4-047,Seating changes after a table closure,68,4,4,prose,A closure at another restaurant does not invalidate this plan.,systems-engineer,UNASSIGNED,Independent specification-derived black-box probe; atomization review pending,UNVERIFIED,UNVERIFIED,unverified
TK-S4-048,Amend recurring reservations,73,4,4,prose,`POST /series/{series_id}/amend` is an owner-only idempotent write.,systems-engineer,UNASSIGNED,Independent specification-derived black-box probe; atomization review pending,UNVERIFIED,UNVERIFIED,unverified
TK-S4-049,Amend recurring reservations,73,4,4,prose,Unknown or another owner's series is 404; no token is 401.,systems-engineer,UNASSIGNED,Independent specification-derived black-box probe; atomization review pending,UNVERIFIED,UNVERIFIED,unverified
TK-S4-050,Amend recurring reservations,73,4,4,prose,Body:,systems-engineer,UNASSIGNED,Independent specification-derived black-box probe; atomization review pending,UNVERIFIED,UNVERIFIED,unverified
TK-S4-051,Amend recurring reservations,76,4,4,schema/example,"{""expected_revision"": 3, ""from_index"": 2, ""local_time"": ""20:00""}",systems-engineer,UNASSIGNED,Independent specification-derived black-box probe; atomization review pending,UNVERIFIED,UNVERIFIED,unverified
TK-S4-052,Amend recurring reservations,80,4,4,prose,Revision must be a positive integer; from_index an integer in 0..count-1; local_time exactly HH:MM in 00:00..23:59.,systems-engineer,UNASSIGNED,Independent specification-derived black-box probe; atomization review pending,UNVERIFIED,UNVERIFIED,unverified
TK-S4-053,Amend recurring reservations,80,4,4,prose,Booleans are invalid integers.,systems-engineer,UNASSIGNED,Independent specification-derived black-box probe; atomization review pending,UNVERIFIED,UNVERIFIED,unverified
TK-S4-054,Amend recurring reservations,80,4,4,prose,Invalid input gives 422 `validation_failed`; a mismatched series revision gives 409 `stale_revision` before any occurrence's cutoff or booking validation.,systems-engineer,UNASSIGNED,Independent specification-derived black-box probe; atomization review pending,UNVERIFIED,UNVERIFIED,unverified
TK-S4-055,Amend recurring reservations,80,4,4,prose,Unknown fields are ignored.,systems-engineer,UNASSIGNED,Independent specification-derived black-box probe; atomization review pending,UNVERIFIED,UNVERIFIED,unverified
TK-S4-056,Amend recurring reservations,85,4,4,prose,"Consider indices at or after from_index, excluding cancelled occurrences and those marked exception.",systems-engineer,UNASSIGNED,Independent specification-derived black-box probe; atomization review pending,UNVERIFIED,UNVERIFIED,unverified
TK-S4-057,Amend recurring reservations,85,4,4,prose,"Change their clock time on their original scheduled local dates, retaining each reference, owner, party size and current table selection.",systems-engineer,UNASSIGNED,Independent specification-derived black-box probe; atomization review pending,UNVERIFIED,UNVERIFIED,unverified
TK-S4-058,Amend recurring reservations,85,4,4,prose,A change with identical resulting fields is a no-op and retains its terms.,systems-engineer,UNASSIGNED,Independent specification-derived black-box probe; atomization review pending,UNVERIFIED,UNVERIFIED,unverified
TK-S4-059,Amend recurring reservations,85,4,4,prose,"Each real change checks its old accepted cutoff, then adopts the policy for its resulting start date, just like an individual PATCH.",systems-engineer,UNASSIGNED,Independent specification-derived black-box probe; atomization review pending,UNVERIFIED,UNVERIFIED,unverified
TK-S4-060,Amend recurring reservations,91,4,4,prose,"The resulting occurrences must not conflict with unchanged occurrences, other bookings or applied closures.",systems-engineer,UNASSIGNED,Independent specification-derived black-box probe; atomization review pending,UNVERIFIED,UNVERIFIED,unverified
TK-S4-061,Amend recurring reservations,91,4,4,prose,"On failure, histories, idempotency records and all revisions remain unchanged.",systems-engineer,UNASSIGNED,Independent specification-derived black-box probe; atomization review pending,UNVERIFIED,UNVERIFIED,unverified
TK-S4-062,Amend recurring reservations,91,4,4,prose,Non-occupancy errors take precedence in occurrence-index order; otherwise an occupancy conflict returns `table_unavailable`.,systems-engineer,UNASSIGNED,Independent specification-derived black-box probe; atomization review pending,UNVERIFIED,UNVERIFIED,unverified
TK-S4-063,Amend recurring reservations,96,4,4,prose,On success return 201 with the current series response.,systems-engineer,UNASSIGNED,Independent specification-derived black-box probe; atomization review pending,UNVERIFIED,UNVERIFIED,unverified
TK-S4-064,Amend recurring reservations,96,4,4,prose,Each changed occurrence gains one ordinary changed history entry and one reservation revision.,systems-engineer,UNASSIGNED,Independent specification-derived black-box probe; atomization review pending,UNVERIFIED,UNVERIFIED,unverified
TK-S4-065,Amend recurring reservations,96,4,4,prose,The series and restaurant revisions each increase once for the entire operation if anything changed.,systems-engineer,UNASSIGNED,Independent specification-derived black-box probe; atomization review pending,UNVERIFIED,UNVERIFIED,unverified
TK-S4-066,Amend recurring reservations,96,4,4,prose,Series amendments do not mark exceptions.,systems-engineer,UNASSIGNED,Independent specification-derived black-box probe; atomization review pending,UNVERIFIED,UNVERIFIED,unverified
TK-S4-067,Amend recurring reservations,96,4,4,prose,All-no-op or empty eligible sets succeed without changing revisions.,systems-engineer,UNASSIGNED,Independent specification-derived black-box probe; atomization review pending,UNVERIFIED,UNVERIFIED,unverified
TK-S4-068,Amend recurring reservations,96,4,4,prose,Replay returns the original response with 200 even after further edits or cancellations.,systems-engineer,UNASSIGNED,Independent specification-derived black-box probe; atomization review pending,UNVERIFIED,UNVERIFIED,unverified
TK-S4-069,Amend recurring reservations,102,4,4,prose,Seating repairs may move series occurrences.,systems-engineer,UNASSIGNED,Independent specification-derived black-box probe; atomization review pending,UNVERIFIED,UNVERIFIED,unverified
TK-S4-070,Amend recurring reservations,102,4,4,prose,"They preserve their exception flags, scheduled dates, identities and accepted terms.",systems-engineer,UNASSIGNED,Independent specification-derived black-box probe; atomization review pending,UNVERIFIED,UNVERIFIED,unverified
TK-S4-071,Amend recurring reservations,102,4,4,prose,Each affected series revision increases once per plan application if at least one member moved.,systems-engineer,UNASSIGNED,Independent specification-derived black-box probe; atomization review pending,UNVERIFIED,UNVERIFIED,unverified
TK-S4-072,Amend recurring reservations,102,4,4,prose,Concurrent amendments from the same expected revision may not both make a real change.,systems-engineer,UNASSIGNED,Independent specification-derived black-box probe; atomization review pending,UNVERIFIED,UNVERIFIED,unverified
TK-S4-073,Amend recurring reservations,107,4,4,prose,A stage-4 service must accept exports produced by the same team's stages 1–3.,systems-engineer,UNASSIGNED,Independent specification-derived black-box probe; atomization review pending,UNVERIFIED,UNVERIFIED,unverified
TK-S4-074,Amend recurring reservations,107,4,4,prose,"These operations must support imported series, including moved and cancelled occurrences.",systems-engineer,UNASSIGNED,Independent specification-derived black-box probe; atomization review pending,UNVERIFIED,UNVERIFIED,unverified
TK-S4-075,Amend recurring reservations,107,4,4,prose,"Earlier booking and series receipts, histories and retries remain valid.",systems-engineer,UNASSIGNED,Independent specification-derived black-box probe; atomization review pending,UNVERIFIED,UNVERIFIED,unverified
