introduced_stage,applicable_stages,implementation_owner,verification_owner,candidate_full_revision,verification_method,case,executable_command_or_interaction,evidence_path,verdict,normative,requirement_id,source_section,source_line,requirement_text,owner
1,"1,2,3,4",systems-engineer,independent-verifier,PENDING_NAMED_CANDIDATE,"independent raw HTTP, inductive deep grammar and shallow exact-value oracle",decoder-strictness/deep-real-receipts,PENDING explicit candidate7 execution release; prepared decoder_runtime.py,UNVERIFIED,unverified,True,TK1-decoder-deep-array-1100-reset,3.4 / 5 / 7 / 10,see named Stage1 sections,Valid ignored deep reset succeeds without imposing a nesting ceiling.,systems-engineer
1,"1,2,3,4",systems-engineer,independent-verifier,PENDING_NAMED_CANDIDATE,"independent raw HTTP, inductive deep grammar and shallow exact-value oracle",decoder-strictness/deep-real-receipts,PENDING explicit candidate7 execution release; prepared decoder_runtime.py,UNVERIFIED,unverified,True,TK1-decoder-deep-array-1100-signup,3.4 / 5 / 7 / 10,see named Stage1 sections,Valid ignored deep signup succeeds.,systems-engineer
1,"1,2,3,4",systems-engineer,independent-verifier,PENDING_NAMED_CANDIDATE,"independent raw HTTP, inductive deep grammar and shallow exact-value oracle",decoder-strictness/deep-real-receipts,PENDING explicit candidate7 execution release; prepared decoder_runtime.py,UNVERIFIED,unverified,True,TK1-decoder-deep-array-1100-login,3.4 / 5 / 7 / 10,see named Stage1 sections,Valid ignored deep login succeeds and supplies a second active session.,systems-engineer
1,"1,2,3,4",systems-engineer,independent-verifier,PENDING_NAMED_CANDIDATE,"independent raw HTTP, inductive deep grammar and shallow exact-value oracle",decoder-strictness/deep-real-receipts,PENDING explicit candidate7 execution release; prepared decoder_runtime.py,UNVERIFIED,unverified,True,TK1-decoder-deep-array-1100-second-token,3.4 / 5 / 7 / 10,see named Stage1 sections,The original session remains valid after another deep login.,systems-engineer
1,"1,2,3,4",systems-engineer,independent-verifier,PENDING_NAMED_CANDIDATE,"independent raw HTTP, inductive deep grammar and shallow exact-value oracle",decoder-strictness/deep-real-receipts,PENDING explicit candidate7 execution release; prepared decoder_runtime.py,UNVERIFIED,unverified,True,TK1-decoder-deep-array-1100-create,3.4 / 5 / 7 / 10,see named Stage1 sections,Valid ignored deep create issues a real original receipt.,systems-engineer
1,"1,2,3,4",systems-engineer,independent-verifier,PENDING_NAMED_CANDIDATE,"independent raw HTTP, inductive deep grammar and shallow exact-value oracle",decoder-strictness/deep-real-receipts,PENDING explicit candidate7 execution release; prepared decoder_runtime.py,UNVERIFIED,unverified,True,TK1-decoder-deep-array-1100-create-alias,3.4 / 5 / 7 / 10,see named Stage1 sections,An equal complete deep parsed body replays the original create response.,systems-engineer
1,"1,2,3,4",systems-engineer,independent-verifier,PENDING_NAMED_CANDIDATE,"independent raw HTTP, inductive deep grammar and shallow exact-value oracle",decoder-strictness/deep-real-receipts,PENDING explicit candidate7 execution release; prepared decoder_runtime.py,UNVERIFIED,unverified,True,TK1-decoder-deep-array-1100-create-precision,3.4 / 5 / 7 / 10,see named Stage1 sections,A deep exact numeric difference conflicts before current resource checks.,systems-engineer
1,"1,2,3,4",systems-engineer,independent-verifier,PENDING_NAMED_CANDIDATE,"independent raw HTTP, inductive deep grammar and shallow exact-value oracle",decoder-strictness/deep-real-receipts,PENDING explicit candidate7 execution release; prepared decoder_runtime.py,UNVERIFIED,unverified,True,TK1-decoder-deep-array-1100-create-type,3.4 / 5 / 7 / 10,see named Stage1 sections,A nested number/boolean difference conflicts.,systems-engineer
1,"1,2,3,4",systems-engineer,independent-verifier,PENDING_NAMED_CANDIDATE,"independent raw HTTP, inductive deep grammar and shallow exact-value oracle",decoder-strictness/deep-real-receipts,PENDING explicit candidate7 execution release; prepared decoder_runtime.py,UNVERIFIED,unverified,True,TK1-decoder-deep-array-1100-create-invalid-difference,3.4 / 5 / 7 / 10,see named Stage1 sections,Used-key deep differences precede invalid party values.,systems-engineer
1,"1,2,3,4",systems-engineer,independent-verifier,PENDING_NAMED_CANDIDATE,"independent raw HTTP, inductive deep grammar and shallow exact-value oracle",decoder-strictness/deep-real-receipts,PENDING explicit candidate7 execution release; prepared decoder_runtime.py,UNVERIFIED,unverified,True,TK1-decoder-deep-array-1100-create-no-auth,3.4 / 5 / 7 / 10,see named Stage1 sections,Valid deep writes still require authentication.,systems-engineer
1,"1,2,3,4",systems-engineer,independent-verifier,PENDING_NAMED_CANDIDATE,"independent raw HTTP, inductive deep grammar and shallow exact-value oracle",decoder-strictness/deep-real-receipts,PENDING explicit candidate7 execution release; prepared decoder_runtime.py,UNVERIFIED,unverified,True,TK1-decoder-deep-array-1100-create-no-key,3.4 / 5 / 7 / 10,see named Stage1 sections,Valid deep writes still require a key.,systems-engineer
1,"1,2,3,4",systems-engineer,independent-verifier,PENDING_NAMED_CANDIDATE,"independent raw HTTP, inductive deep grammar and shallow exact-value oracle",decoder-strictness/deep-real-receipts,PENDING explicit candidate7 execution release; prepared decoder_runtime.py,UNVERIFIED,unverified,True,TK1-decoder-deep-array-1100-second-create,3.4 / 5 / 7 / 10,see named Stage1 sections,A second ordinary booking provides a real atomic swap member.,systems-engineer
1,"1,2,3,4",systems-engineer,independent-verifier,PENDING_NAMED_CANDIDATE,"independent raw HTTP, inductive deep grammar and shallow exact-value oracle",decoder-strictness/deep-real-receipts,PENDING explicit candidate7 execution release; prepared decoder_runtime.py,UNVERIFIED,unverified,True,TK1-decoder-deep-array-1100-moves,3.4 / 5 / 7 / 10,see named Stage1 sections,A deep complete body and per-item ignored field preserve an atomic two-member swap.,systems-engineer
1,"1,2,3,4",systems-engineer,independent-verifier,PENDING_NAMED_CANDIDATE,"independent raw HTTP, inductive deep grammar and shallow exact-value oracle",decoder-strictness/deep-real-receipts,PENDING explicit candidate7 execution release; prepared decoder_runtime.py,UNVERIFIED,unverified,True,TK1-decoder-deep-array-1100-moves-alias,3.4 / 5 / 7 / 10,see named Stage1 sections,Deep move aliases replay the real original ordered batch receipt.,systems-engineer
1,"1,2,3,4",systems-engineer,independent-verifier,PENDING_NAMED_CANDIDATE,"independent raw HTTP, inductive deep grammar and shallow exact-value oracle",decoder-strictness/deep-real-receipts,PENDING explicit candidate7 execution release; prepared decoder_runtime.py,UNVERIFIED,unverified,True,TK1-decoder-deep-array-1100-moves-precision,3.4 / 5 / 7 / 10,see named Stage1 sections,A deep exact move body difference conflicts.,systems-engineer
1,"1,2,3,4",systems-engineer,independent-verifier,PENDING_NAMED_CANDIDATE,"independent raw HTTP, inductive deep grammar and shallow exact-value oracle",decoder-strictness/deep-real-receipts,PENDING explicit candidate7 execution release; prepared decoder_runtime.py,UNVERIFIED,unverified,True,TK1-decoder-deep-array-1100-moves-type,3.4 / 5 / 7 / 10,see named Stage1 sections,A nested numeric/type move difference conflicts.,systems-engineer
1,"1,2,3,4",systems-engineer,independent-verifier,PENDING_NAMED_CANDIDATE,"independent raw HTTP, inductive deep grammar and shallow exact-value oracle",decoder-strictness/deep-real-receipts,PENDING explicit candidate7 execution release; prepared decoder_runtime.py,UNVERIFIED,unverified,True,TK1-decoder-deep-array-1100-create-fraction,3.4 / 5 / 7 / 10,see named Stage1 sections,A valid deep fractional party reaches endpoint validation.,systems-engineer
1,"1,2,3,4",systems-engineer,independent-verifier,PENDING_NAMED_CANDIDATE,"independent raw HTTP, inductive deep grammar and shallow exact-value oracle",decoder-strictness/deep-real-receipts,PENDING explicit candidate7 execution release; prepared decoder_runtime.py,UNVERIFIED,unverified,True,TK1-decoder-deep-array-1100-create-fraction-atomic,3.4 / 5 / 7 / 10,see named Stage1 sections,A refused deep create preserves records and occupancy.,systems-engineer
1,"1,2,3,4",systems-engineer,independent-verifier,PENDING_NAMED_CANDIDATE,"independent raw HTTP, inductive deep grammar and shallow exact-value oracle",decoder-strictness/deep-real-receipts,PENDING explicit candidate7 execution release; prepared decoder_runtime.py,UNVERIFIED,unverified,True,TK1-decoder-deep-array-1100-create-failed-key,3.4 / 5 / 7 / 10,see named Stage1 sections,A deep refused create leaves its key reusable.,systems-engineer
1,"1,2,3,4",systems-engineer,independent-verifier,PENDING_NAMED_CANDIDATE,"independent raw HTTP, inductive deep grammar and shallow exact-value oracle",decoder-strictness/deep-real-receipts,PENDING explicit candidate7 execution release; prepared decoder_runtime.py,UNVERIFIED,unverified,True,TK1-decoder-deep-array-1100-move-fraction,3.4 / 5 / 7 / 10,see named Stage1 sections,A deep fractional move refuses without consuming the key.,systems-engineer
1,"1,2,3,4",systems-engineer,independent-verifier,PENDING_NAMED_CANDIDATE,"independent raw HTTP, inductive deep grammar and shallow exact-value oracle",decoder-strictness/deep-real-receipts,PENDING explicit candidate7 execution release; prepared decoder_runtime.py,UNVERIFIED,unverified,True,TK1-decoder-deep-array-1100-move-fraction-atomic,3.4 / 5 / 7 / 10,see named Stage1 sections,A refused deep batch preserves every record and occupancy.,systems-engineer
1,"1,2,3,4",systems-engineer,independent-verifier,PENDING_NAMED_CANDIDATE,"independent raw HTTP, inductive deep grammar and shallow exact-value oracle",decoder-strictness/deep-real-receipts,PENDING explicit candidate7 execution release; prepared decoder_runtime.py,UNVERIFIED,unverified,True,TK1-decoder-deep-array-1100-move-failed-key,3.4 / 5 / 7 / 10,see named Stage1 sections,A deep refused move leaves its key reusable.,systems-engineer
1,"1,2,3,4",systems-engineer,independent-verifier,PENDING_NAMED_CANDIDATE,"independent raw HTTP, inductive deep grammar and shallow exact-value oracle",decoder-strictness/deep-real-receipts,PENDING explicit candidate7 execution release; prepared decoder_runtime.py,UNVERIFIED,unverified,True,TK1-decoder-deep-array-1100-export,3.4 / 5 / 7 / 10,see named Stage1 sections,Export captures actual successful deep create and move receipts.,systems-engineer
1,"1,2,3,4",systems-engineer,independent-verifier,PENDING_NAMED_CANDIDATE,"independent raw HTTP, inductive deep grammar and shallow exact-value oracle",decoder-strictness/deep-real-receipts,PENDING explicit candidate7 execution release; prepared decoder_runtime.py,UNVERIFIED,unverified,True,TK1-decoder-deep-array-1100-amend,3.4 / 5 / 7 / 10,see named Stage1 sections,A real amendment changes the current booking after snapshot capture.,systems-engineer
1,"1,2,3,4",systems-engineer,independent-verifier,PENDING_NAMED_CANDIDATE,"independent raw HTTP, inductive deep grammar and shallow exact-value oracle",decoder-strictness/deep-real-receipts,PENDING explicit candidate7 execution release; prepared decoder_runtime.py,UNVERIFIED,unverified,True,TK1-decoder-deep-array-1100-cancel,3.4 / 5 / 7 / 10,see named Stage1 sections,A real cancellation changes current occupancy after snapshot capture.,systems-engineer
1,"1,2,3,4",systems-engineer,independent-verifier,PENDING_NAMED_CANDIDATE,"independent raw HTTP, inductive deep grammar and shallow exact-value oracle",decoder-strictness/deep-real-receipts,PENDING explicit candidate7 execution release; prepared decoder_runtime.py,UNVERIFIED,unverified,True,TK1-decoder-deep-array-1100-create-immutable,3.4 / 5 / 7 / 10,see named Stage1 sections,Original deep create replay remains unchanged after amendment and cancellation.,systems-engineer
1,"1,2,3,4",systems-engineer,independent-verifier,PENDING_NAMED_CANDIDATE,"independent raw HTTP, inductive deep grammar and shallow exact-value oracle",decoder-strictness/deep-real-receipts,PENDING explicit candidate7 execution release; prepared decoder_runtime.py,UNVERIFIED,unverified,True,TK1-decoder-deep-array-1100-moves-immutable,3.4 / 5 / 7 / 10,see named Stage1 sections,Original deep move replay remains unchanged after amendment and cancellation.,systems-engineer
1,"1,2,3,4",systems-engineer,independent-verifier,PENDING_NAMED_CANDIDATE,"independent raw HTTP, inductive deep grammar and shallow exact-value oracle",decoder-strictness/deep-real-receipts,PENDING explicit candidate7 execution release; prepared decoder_runtime.py,UNVERIFIED,unverified,True,TK1-decoder-deep-array-1100-bad-import,3.4 / 5 / 7 / 10,see named Stage1 sections,Malformed deep private import refuses before replacing state.,systems-engineer
1,"1,2,3,4",systems-engineer,independent-verifier,PENDING_NAMED_CANDIDATE,"independent raw HTTP, inductive deep grammar and shallow exact-value oracle",decoder-strictness/deep-real-receipts,PENDING explicit candidate7 execution release; prepared decoder_runtime.py,UNVERIFIED,unverified,True,TK1-decoder-deep-array-1100-bad-import-atomic,3.4 / 5 / 7 / 10,see named Stage1 sections,"Malformed deep import preserves current records, sessions and original receipts.",systems-engineer
1,"1,2,3,4",systems-engineer,independent-verifier,PENDING_NAMED_CANDIDATE,"independent raw HTTP, inductive deep grammar and shallow exact-value oracle",decoder-strictness/deep-real-receipts,PENDING explicit candidate7 execution release; prepared decoder_runtime.py,UNVERIFIED,unverified,True,TK1-decoder-deep-array-1100-snapshot-lifetime,3.4 / 5 / 7 / 10,see named Stage1 sections,Captured immutable bytes remain unchanged through subsequent source writes.,systems-engineer
1,"1,2,3,4",systems-engineer,independent-verifier,PENDING_NAMED_CANDIDATE,"independent raw HTTP, inductive deep grammar and shallow exact-value oracle",decoder-strictness/deep-real-receipts,PENDING explicit candidate7 execution release; prepared decoder_runtime.py,UNVERIFIED,unverified,True,TK1-decoder-deep-array-1100-peer-import,7 / 10,see named Stage1 sections,Unchanged actual deep export replaces an independent destination atomically.,systems-engineer
1,"1,2,3,4",systems-engineer,independent-verifier,PENDING_NAMED_CANDIDATE,"independent raw HTTP, inductive deep grammar and shallow exact-value oracle",decoder-strictness/deep-real-receipts,PENDING explicit candidate7 execution release; prepared decoder_runtime.py,UNVERIFIED,unverified,True,TK1-decoder-deep-array-1100-peer-replaced-session,7 / 10,see named Stage1 sections,Old destination sessions are removed by replacement.,systems-engineer
1,"1,2,3,4",systems-engineer,independent-verifier,PENDING_NAMED_CANDIDATE,"independent raw HTTP, inductive deep grammar and shallow exact-value oracle",decoder-strictness/deep-real-receipts,PENDING explicit candidate7 execution release; prepared decoder_runtime.py,UNVERIFIED,unverified,True,TK1-decoder-deep-array-1100-peer-replaced-login,7 / 10,see named Stage1 sections,Old destination credentials are removed by replacement.,systems-engineer
1,"1,2,3,4",systems-engineer,independent-verifier,PENDING_NAMED_CANDIDATE,"independent raw HTTP, inductive deep grammar and shallow exact-value oracle",decoder-strictness/deep-real-receipts,PENDING explicit candidate7 execution release; prepared decoder_runtime.py,UNVERIFIED,unverified,True,TK1-decoder-deep-array-1100-peer-records,7 / 10,see named Stage1 sections,"Imported deep state retains real identities, assignment, timestamps and confirmed status.",systems-engineer
1,"1,2,3,4",systems-engineer,independent-verifier,PENDING_NAMED_CANDIDATE,"independent raw HTTP, inductive deep grammar and shallow exact-value oracle",decoder-strictness/deep-real-receipts,PENDING explicit candidate7 execution release; prepared decoder_runtime.py,UNVERIFIED,unverified,True,TK1-decoder-deep-array-1100-peer-create-original,7 / 10,see named Stage1 sections,The transferred deep original create receipt replays identically.,systems-engineer
1,"1,2,3,4",systems-engineer,independent-verifier,PENDING_NAMED_CANDIDATE,"independent raw HTTP, inductive deep grammar and shallow exact-value oracle",decoder-strictness/deep-real-receipts,PENDING explicit candidate7 execution release; prepared decoder_runtime.py,UNVERIFIED,unverified,True,TK1-decoder-deep-array-1100-peer-moves-original,7 / 10,see named Stage1 sections,The transferred deep original ordered swap receipt replays identically.,systems-engineer
1,"1,2,3,4",systems-engineer,independent-verifier,PENDING_NAMED_CANDIDATE,"independent raw HTTP, inductive deep grammar and shallow exact-value oracle",decoder-strictness/deep-real-receipts,PENDING explicit candidate7 execution release; prepared decoder_runtime.py,UNVERIFIED,unverified,True,TK1-decoder-deep-array-1100-peer-difference,7 / 10,see named Stage1 sections,A valid deep body difference retains used-key refusal after import.,systems-engineer
1,"1,2,3,4",systems-engineer,independent-verifier,PENDING_NAMED_CANDIDATE,"independent raw HTTP, inductive deep grammar and shallow exact-value oracle",decoder-strictness/deep-real-receipts,PENDING explicit candidate7 execution release; prepared decoder_runtime.py,UNVERIFIED,unverified,True,TK1-decoder-deep-array-1100-peer-cancel,7 / 10,see named Stage1 sections,An imported booking can be cancelled with its retained token.,systems-engineer
1,"1,2,3,4",systems-engineer,independent-verifier,PENDING_NAMED_CANDIDATE,"independent raw HTTP, inductive deep grammar and shallow exact-value oracle",decoder-strictness/deep-real-receipts,PENDING explicit candidate7 execution release; prepared decoder_runtime.py,UNVERIFIED,unverified,True,TK1-decoder-deep-array-1100-peer-replay-cancelled,7 / 10,see named Stage1 sections,A cancelled imported booking still replays its original receipt.,systems-engineer
1,"1,2,3,4",systems-engineer,independent-verifier,PENDING_NAMED_CANDIDATE,"independent raw HTTP, inductive deep grammar and shallow exact-value oracle",decoder-strictness/deep-real-receipts,PENDING explicit candidate7 execution release; prepared decoder_runtime.py,UNVERIFIED,unverified,True,TK1-decoder-deep-array-1100-peer-repeat-import,7 / 10,see named Stage1 sections,Repeating the unchanged deep import restores exported state without duplication.,systems-engineer
1,"1,2,3,4",systems-engineer,independent-verifier,PENDING_NAMED_CANDIDATE,"independent raw HTTP, inductive deep grammar and shallow exact-value oracle",decoder-strictness/deep-real-receipts,PENDING explicit candidate7 execution release; prepared decoder_runtime.py,UNVERIFIED,unverified,True,TK1-decoder-deep-array-1100-peer-repeat-records,7 / 10,see named Stage1 sections,Repeated replacement restores confirmed status and exactly the exported identities.,systems-engineer
1,"1,2,3,4",systems-engineer,independent-verifier,PENDING_NAMED_CANDIDATE,"independent raw HTTP, inductive deep grammar and shallow exact-value oracle",decoder-strictness/deep-real-receipts,PENDING explicit candidate7 execution release; prepared decoder_runtime.py,UNVERIFIED,unverified,True,TK1-decoder-deep-array-1100-third-import,7 / 10,see named Stage1 sections,Unchanged actual deep export replaces an independent destination atomically.,systems-engineer
1,"1,2,3,4",systems-engineer,independent-verifier,PENDING_NAMED_CANDIDATE,"independent raw HTTP, inductive deep grammar and shallow exact-value oracle",decoder-strictness/deep-real-receipts,PENDING explicit candidate7 execution release; prepared decoder_runtime.py,UNVERIFIED,unverified,True,TK1-decoder-deep-array-1100-third-replaced-session,7 / 10,see named Stage1 sections,Old destination sessions are removed by replacement.,systems-engineer
1,"1,2,3,4",systems-engineer,independent-verifier,PENDING_NAMED_CANDIDATE,"independent raw HTTP, inductive deep grammar and shallow exact-value oracle",decoder-strictness/deep-real-receipts,PENDING explicit candidate7 execution release; prepared decoder_runtime.py,UNVERIFIED,unverified,True,TK1-decoder-deep-array-1100-third-replaced-login,7 / 10,see named Stage1 sections,Old destination credentials are removed by replacement.,systems-engineer
1,"1,2,3,4",systems-engineer,independent-verifier,PENDING_NAMED_CANDIDATE,"independent raw HTTP, inductive deep grammar and shallow exact-value oracle",decoder-strictness/deep-real-receipts,PENDING explicit candidate7 execution release; prepared decoder_runtime.py,UNVERIFIED,unverified,True,TK1-decoder-deep-array-1100-third-records,7 / 10,see named Stage1 sections,"Imported deep state retains real identities, assignment, timestamps and confirmed status.",systems-engineer
1,"1,2,3,4",systems-engineer,independent-verifier,PENDING_NAMED_CANDIDATE,"independent raw HTTP, inductive deep grammar and shallow exact-value oracle",decoder-strictness/deep-real-receipts,PENDING explicit candidate7 execution release; prepared decoder_runtime.py,UNVERIFIED,unverified,True,TK1-decoder-deep-array-1100-third-create-original,7 / 10,see named Stage1 sections,The transferred deep original create receipt replays identically.,systems-engineer
1,"1,2,3,4",systems-engineer,independent-verifier,PENDING_NAMED_CANDIDATE,"independent raw HTTP, inductive deep grammar and shallow exact-value oracle",decoder-strictness/deep-real-receipts,PENDING explicit candidate7 execution release; prepared decoder_runtime.py,UNVERIFIED,unverified,True,TK1-decoder-deep-array-1100-third-moves-original,7 / 10,see named Stage1 sections,The transferred deep original ordered swap receipt replays identically.,systems-engineer
1,"1,2,3,4",systems-engineer,independent-verifier,PENDING_NAMED_CANDIDATE,"independent raw HTTP, inductive deep grammar and shallow exact-value oracle",decoder-strictness/deep-real-receipts,PENDING explicit candidate7 execution release; prepared decoder_runtime.py,UNVERIFIED,unverified,True,TK1-decoder-deep-array-1100-third-difference,7 / 10,see named Stage1 sections,A valid deep body difference retains used-key refusal after import.,systems-engineer
1,"1,2,3,4",systems-engineer,independent-verifier,PENDING_NAMED_CANDIDATE,"independent raw HTTP, inductive deep grammar and shallow exact-value oracle",decoder-strictness/deep-real-receipts,PENDING explicit candidate7 execution release; prepared decoder_runtime.py,UNVERIFIED,unverified,True,TK1-decoder-deep-array-1100-third-cancel,7 / 10,see named Stage1 sections,An imported booking can be cancelled with its retained token.,systems-engineer
1,"1,2,3,4",systems-engineer,independent-verifier,PENDING_NAMED_CANDIDATE,"independent raw HTTP, inductive deep grammar and shallow exact-value oracle",decoder-strictness/deep-real-receipts,PENDING explicit candidate7 execution release; prepared decoder_runtime.py,UNVERIFIED,unverified,True,TK1-decoder-deep-array-1100-third-replay-cancelled,7 / 10,see named Stage1 sections,A cancelled imported booking still replays its original receipt.,systems-engineer
1,"1,2,3,4",systems-engineer,independent-verifier,PENDING_NAMED_CANDIDATE,"independent raw HTTP, inductive deep grammar and shallow exact-value oracle",decoder-strictness/deep-real-receipts,PENDING explicit candidate7 execution release; prepared decoder_runtime.py,UNVERIFIED,unverified,True,TK1-decoder-deep-array-1100-third-repeat-import,7 / 10,see named Stage1 sections,Repeating the unchanged deep import restores exported state without duplication.,systems-engineer
1,"1,2,3,4",systems-engineer,independent-verifier,PENDING_NAMED_CANDIDATE,"independent raw HTTP, inductive deep grammar and shallow exact-value oracle",decoder-strictness/deep-real-receipts,PENDING explicit candidate7 execution release; prepared decoder_runtime.py,UNVERIFIED,unverified,True,TK1-decoder-deep-array-1100-third-repeat-records,7 / 10,see named Stage1 sections,Repeated replacement restores confirmed status and exactly the exported identities.,systems-engineer
1,"1,2,3,4",systems-engineer,independent-verifier,PENDING_NAMED_CANDIDATE,"independent raw HTTP, inductive deep grammar and shallow exact-value oracle",decoder-strictness/deep-real-receipts,PENDING explicit candidate7 execution release; prepared decoder_runtime.py,UNVERIFIED,unverified,True,TK1-decoder-deep-array-1100-peer-export,10,see named Stage1 sections,A second independent process exports the genuinely imported deep receipts.,systems-engineer
1,"1,2,3,4",systems-engineer,independent-verifier,PENDING_NAMED_CANDIDATE,"independent raw HTTP, inductive deep grammar and shallow exact-value oracle",decoder-strictness/deep-real-receipts,PENDING explicit candidate7 execution release; prepared decoder_runtime.py,UNVERIFIED,unverified,True,TK1-decoder-deep-array-5000-reset,3.4 / 5 / 7 / 10,see named Stage1 sections,Valid ignored deep reset succeeds without imposing a nesting ceiling.,systems-engineer
1,"1,2,3,4",systems-engineer,independent-verifier,PENDING_NAMED_CANDIDATE,"independent raw HTTP, inductive deep grammar and shallow exact-value oracle",decoder-strictness/deep-real-receipts,PENDING explicit candidate7 execution release; prepared decoder_runtime.py,UNVERIFIED,unverified,True,TK1-decoder-deep-array-5000-signup,3.4 / 5 / 7 / 10,see named Stage1 sections,Valid ignored deep signup succeeds.,systems-engineer
1,"1,2,3,4",systems-engineer,independent-verifier,PENDING_NAMED_CANDIDATE,"independent raw HTTP, inductive deep grammar and shallow exact-value oracle",decoder-strictness/deep-real-receipts,PENDING explicit candidate7 execution release; prepared decoder_runtime.py,UNVERIFIED,unverified,True,TK1-decoder-deep-array-5000-login,3.4 / 5 / 7 / 10,see named Stage1 sections,Valid ignored deep login succeeds and supplies a second active session.,systems-engineer
1,"1,2,3,4",systems-engineer,independent-verifier,PENDING_NAMED_CANDIDATE,"independent raw HTTP, inductive deep grammar and shallow exact-value oracle",decoder-strictness/deep-real-receipts,PENDING explicit candidate7 execution release; prepared decoder_runtime.py,UNVERIFIED,unverified,True,TK1-decoder-deep-array-5000-second-token,3.4 / 5 / 7 / 10,see named Stage1 sections,The original session remains valid after another deep login.,systems-engineer
1,"1,2,3,4",systems-engineer,independent-verifier,PENDING_NAMED_CANDIDATE,"independent raw HTTP, inductive deep grammar and shallow exact-value oracle",decoder-strictness/deep-real-receipts,PENDING explicit candidate7 execution release; prepared decoder_runtime.py,UNVERIFIED,unverified,True,TK1-decoder-deep-array-5000-create,3.4 / 5 / 7 / 10,see named Stage1 sections,Valid ignored deep create issues a real original receipt.,systems-engineer
1,"1,2,3,4",systems-engineer,independent-verifier,PENDING_NAMED_CANDIDATE,"independent raw HTTP, inductive deep grammar and shallow exact-value oracle",decoder-strictness/deep-real-receipts,PENDING explicit candidate7 execution release; prepared decoder_runtime.py,UNVERIFIED,unverified,True,TK1-decoder-deep-array-5000-create-alias,3.4 / 5 / 7 / 10,see named Stage1 sections,An equal complete deep parsed body replays the original create response.,systems-engineer
1,"1,2,3,4",systems-engineer,independent-verifier,PENDING_NAMED_CANDIDATE,"independent raw HTTP, inductive deep grammar and shallow exact-value oracle",decoder-strictness/deep-real-receipts,PENDING explicit candidate7 execution release; prepared decoder_runtime.py,UNVERIFIED,unverified,True,TK1-decoder-deep-array-5000-create-precision,3.4 / 5 / 7 / 10,see named Stage1 sections,A deep exact numeric difference conflicts before current resource checks.,systems-engineer
1,"1,2,3,4",systems-engineer,independent-verifier,PENDING_NAMED_CANDIDATE,"independent raw HTTP, inductive deep grammar and shallow exact-value oracle",decoder-strictness/deep-real-receipts,PENDING explicit candidate7 execution release; prepared decoder_runtime.py,UNVERIFIED,unverified,True,TK1-decoder-deep-array-5000-create-type,3.4 / 5 / 7 / 10,see named Stage1 sections,A nested number/boolean difference conflicts.,systems-engineer
1,"1,2,3,4",systems-engineer,independent-verifier,PENDING_NAMED_CANDIDATE,"independent raw HTTP, inductive deep grammar and shallow exact-value oracle",decoder-strictness/deep-real-receipts,PENDING explicit candidate7 execution release; prepared decoder_runtime.py,UNVERIFIED,unverified,True,TK1-decoder-deep-array-5000-create-invalid-difference,3.4 / 5 / 7 / 10,see named Stage1 sections,Used-key deep differences precede invalid party values.,systems-engineer
1,"1,2,3,4",systems-engineer,independent-verifier,PENDING_NAMED_CANDIDATE,"independent raw HTTP, inductive deep grammar and shallow exact-value oracle",decoder-strictness/deep-real-receipts,PENDING explicit candidate7 execution release; prepared decoder_runtime.py,UNVERIFIED,unverified,True,TK1-decoder-deep-array-5000-create-no-auth,3.4 / 5 / 7 / 10,see named Stage1 sections,Valid deep writes still require authentication.,systems-engineer
1,"1,2,3,4",systems-engineer,independent-verifier,PENDING_NAMED_CANDIDATE,"independent raw HTTP, inductive deep grammar and shallow exact-value oracle",decoder-strictness/deep-real-receipts,PENDING explicit candidate7 execution release; prepared decoder_runtime.py,UNVERIFIED,unverified,True,TK1-decoder-deep-array-5000-create-no-key,3.4 / 5 / 7 / 10,see named Stage1 sections,Valid deep writes still require a key.,systems-engineer
1,"1,2,3,4",systems-engineer,independent-verifier,PENDING_NAMED_CANDIDATE,"independent raw HTTP, inductive deep grammar and shallow exact-value oracle",decoder-strictness/deep-real-receipts,PENDING explicit candidate7 execution release; prepared decoder_runtime.py,UNVERIFIED,unverified,True,TK1-decoder-deep-array-5000-second-create,3.4 / 5 / 7 / 10,see named Stage1 sections,A second ordinary booking provides a real atomic swap member.,systems-engineer
1,"1,2,3,4",systems-engineer,independent-verifier,PENDING_NAMED_CANDIDATE,"independent raw HTTP, inductive deep grammar and shallow exact-value oracle",decoder-strictness/deep-real-receipts,PENDING explicit candidate7 execution release; prepared decoder_runtime.py,UNVERIFIED,unverified,True,TK1-decoder-deep-array-5000-moves,3.4 / 5 / 7 / 10,see named Stage1 sections,A deep complete body and per-item ignored field preserve an atomic two-member swap.,systems-engineer
1,"1,2,3,4",systems-engineer,independent-verifier,PENDING_NAMED_CANDIDATE,"independent raw HTTP, inductive deep grammar and shallow exact-value oracle",decoder-strictness/deep-real-receipts,PENDING explicit candidate7 execution release; prepared decoder_runtime.py,UNVERIFIED,unverified,True,TK1-decoder-deep-array-5000-moves-alias,3.4 / 5 / 7 / 10,see named Stage1 sections,Deep move aliases replay the real original ordered batch receipt.,systems-engineer
1,"1,2,3,4",systems-engineer,independent-verifier,PENDING_NAMED_CANDIDATE,"independent raw HTTP, inductive deep grammar and shallow exact-value oracle",decoder-strictness/deep-real-receipts,PENDING explicit candidate7 execution release; prepared decoder_runtime.py,UNVERIFIED,unverified,True,TK1-decoder-deep-array-5000-moves-precision,3.4 / 5 / 7 / 10,see named Stage1 sections,A deep exact move body difference conflicts.,systems-engineer
1,"1,2,3,4",systems-engineer,independent-verifier,PENDING_NAMED_CANDIDATE,"independent raw HTTP, inductive deep grammar and shallow exact-value oracle",decoder-strictness/deep-real-receipts,PENDING explicit candidate7 execution release; prepared decoder_runtime.py,UNVERIFIED,unverified,True,TK1-decoder-deep-array-5000-moves-type,3.4 / 5 / 7 / 10,see named Stage1 sections,A nested numeric/type move difference conflicts.,systems-engineer
1,"1,2,3,4",systems-engineer,independent-verifier,PENDING_NAMED_CANDIDATE,"independent raw HTTP, inductive deep grammar and shallow exact-value oracle",decoder-strictness/deep-real-receipts,PENDING explicit candidate7 execution release; prepared decoder_runtime.py,UNVERIFIED,unverified,True,TK1-decoder-deep-array-5000-create-fraction,3.4 / 5 / 7 / 10,see named Stage1 sections,A valid deep fractional party reaches endpoint validation.,systems-engineer
1,"1,2,3,4",systems-engineer,independent-verifier,PENDING_NAMED_CANDIDATE,"independent raw HTTP, inductive deep grammar and shallow exact-value oracle",decoder-strictness/deep-real-receipts,PENDING explicit candidate7 execution release; prepared decoder_runtime.py,UNVERIFIED,unverified,True,TK1-decoder-deep-array-5000-create-fraction-atomic,3.4 / 5 / 7 / 10,see named Stage1 sections,A refused deep create preserves records and occupancy.,systems-engineer
1,"1,2,3,4",systems-engineer,independent-verifier,PENDING_NAMED_CANDIDATE,"independent raw HTTP, inductive deep grammar and shallow exact-value oracle",decoder-strictness/deep-real-receipts,PENDING explicit candidate7 execution release; prepared decoder_runtime.py,UNVERIFIED,unverified,True,TK1-decoder-deep-array-5000-create-failed-key,3.4 / 5 / 7 / 10,see named Stage1 sections,A deep refused create leaves its key reusable.,systems-engineer
1,"1,2,3,4",systems-engineer,independent-verifier,PENDING_NAMED_CANDIDATE,"independent raw HTTP, inductive deep grammar and shallow exact-value oracle",decoder-strictness/deep-real-receipts,PENDING explicit candidate7 execution release; prepared decoder_runtime.py,UNVERIFIED,unverified,True,TK1-decoder-deep-array-5000-move-fraction,3.4 / 5 / 7 / 10,see named Stage1 sections,A deep fractional move refuses without consuming the key.,systems-engineer
1,"1,2,3,4",systems-engineer,independent-verifier,PENDING_NAMED_CANDIDATE,"independent raw HTTP, inductive deep grammar and shallow exact-value oracle",decoder-strictness/deep-real-receipts,PENDING explicit candidate7 execution release; prepared decoder_runtime.py,UNVERIFIED,unverified,True,TK1-decoder-deep-array-5000-move-fraction-atomic,3.4 / 5 / 7 / 10,see named Stage1 sections,A refused deep batch preserves every record and occupancy.,systems-engineer
1,"1,2,3,4",systems-engineer,independent-verifier,PENDING_NAMED_CANDIDATE,"independent raw HTTP, inductive deep grammar and shallow exact-value oracle",decoder-strictness/deep-real-receipts,PENDING explicit candidate7 execution release; prepared decoder_runtime.py,UNVERIFIED,unverified,True,TK1-decoder-deep-array-5000-move-failed-key,3.4 / 5 / 7 / 10,see named Stage1 sections,A deep refused move leaves its key reusable.,systems-engineer
1,"1,2,3,4",systems-engineer,independent-verifier,PENDING_NAMED_CANDIDATE,"independent raw HTTP, inductive deep grammar and shallow exact-value oracle",decoder-strictness/deep-real-receipts,PENDING explicit candidate7 execution release; prepared decoder_runtime.py,UNVERIFIED,unverified,True,TK1-decoder-deep-array-5000-export,3.4 / 5 / 7 / 10,see named Stage1 sections,Export captures actual successful deep create and move receipts.,systems-engineer
1,"1,2,3,4",systems-engineer,independent-verifier,PENDING_NAMED_CANDIDATE,"independent raw HTTP, inductive deep grammar and shallow exact-value oracle",decoder-strictness/deep-real-receipts,PENDING explicit candidate7 execution release; prepared decoder_runtime.py,UNVERIFIED,unverified,True,TK1-decoder-deep-array-5000-amend,3.4 / 5 / 7 / 10,see named Stage1 sections,A real amendment changes the current booking after snapshot capture.,systems-engineer
1,"1,2,3,4",systems-engineer,independent-verifier,PENDING_NAMED_CANDIDATE,"independent raw HTTP, inductive deep grammar and shallow exact-value oracle",decoder-strictness/deep-real-receipts,PENDING explicit candidate7 execution release; prepared decoder_runtime.py,UNVERIFIED,unverified,True,TK1-decoder-deep-array-5000-cancel,3.4 / 5 / 7 / 10,see named Stage1 sections,A real cancellation changes current occupancy after snapshot capture.,systems-engineer
1,"1,2,3,4",systems-engineer,independent-verifier,PENDING_NAMED_CANDIDATE,"independent raw HTTP, inductive deep grammar and shallow exact-value oracle",decoder-strictness/deep-real-receipts,PENDING explicit candidate7 execution release; prepared decoder_runtime.py,UNVERIFIED,unverified,True,TK1-decoder-deep-array-5000-create-immutable,3.4 / 5 / 7 / 10,see named Stage1 sections,Original deep create replay remains unchanged after amendment and cancellation.,systems-engineer
1,"1,2,3,4",systems-engineer,independent-verifier,PENDING_NAMED_CANDIDATE,"independent raw HTTP, inductive deep grammar and shallow exact-value oracle",decoder-strictness/deep-real-receipts,PENDING explicit candidate7 execution release; prepared decoder_runtime.py,UNVERIFIED,unverified,True,TK1-decoder-deep-array-5000-moves-immutable,3.4 / 5 / 7 / 10,see named Stage1 sections,Original deep move replay remains unchanged after amendment and cancellation.,systems-engineer
1,"1,2,3,4",systems-engineer,independent-verifier,PENDING_NAMED_CANDIDATE,"independent raw HTTP, inductive deep grammar and shallow exact-value oracle",decoder-strictness/deep-real-receipts,PENDING explicit candidate7 execution release; prepared decoder_runtime.py,UNVERIFIED,unverified,True,TK1-decoder-deep-array-5000-bad-import,3.4 / 5 / 7 / 10,see named Stage1 sections,Malformed deep private import refuses before replacing state.,systems-engineer
1,"1,2,3,4",systems-engineer,independent-verifier,PENDING_NAMED_CANDIDATE,"independent raw HTTP, inductive deep grammar and shallow exact-value oracle",decoder-strictness/deep-real-receipts,PENDING explicit candidate7 execution release; prepared decoder_runtime.py,UNVERIFIED,unverified,True,TK1-decoder-deep-array-5000-bad-import-atomic,3.4 / 5 / 7 / 10,see named Stage1 sections,"Malformed deep import preserves current records, sessions and original receipts.",systems-engineer
1,"1,2,3,4",systems-engineer,independent-verifier,PENDING_NAMED_CANDIDATE,"independent raw HTTP, inductive deep grammar and shallow exact-value oracle",decoder-strictness/deep-real-receipts,PENDING explicit candidate7 execution release; prepared decoder_runtime.py,UNVERIFIED,unverified,True,TK1-decoder-deep-array-5000-snapshot-lifetime,3.4 / 5 / 7 / 10,see named Stage1 sections,Captured immutable bytes remain unchanged through subsequent source writes.,systems-engineer
1,"1,2,3,4",systems-engineer,independent-verifier,PENDING_NAMED_CANDIDATE,"independent raw HTTP, inductive deep grammar and shallow exact-value oracle",decoder-strictness/deep-real-receipts,PENDING explicit candidate7 execution release; prepared decoder_runtime.py,UNVERIFIED,unverified,True,TK1-decoder-deep-array-5000-peer-import,7 / 10,see named Stage1 sections,Unchanged actual deep export replaces an independent destination atomically.,systems-engineer
1,"1,2,3,4",systems-engineer,independent-verifier,PENDING_NAMED_CANDIDATE,"independent raw HTTP, inductive deep grammar and shallow exact-value oracle",decoder-strictness/deep-real-receipts,PENDING explicit candidate7 execution release; prepared decoder_runtime.py,UNVERIFIED,unverified,True,TK1-decoder-deep-array-5000-peer-replaced-session,7 / 10,see named Stage1 sections,Old destination sessions are removed by replacement.,systems-engineer
1,"1,2,3,4",systems-engineer,independent-verifier,PENDING_NAMED_CANDIDATE,"independent raw HTTP, inductive deep grammar and shallow exact-value oracle",decoder-strictness/deep-real-receipts,PENDING explicit candidate7 execution release; prepared decoder_runtime.py,UNVERIFIED,unverified,True,TK1-decoder-deep-array-5000-peer-replaced-login,7 / 10,see named Stage1 sections,Old destination credentials are removed by replacement.,systems-engineer
1,"1,2,3,4",systems-engineer,independent-verifier,PENDING_NAMED_CANDIDATE,"independent raw HTTP, inductive deep grammar and shallow exact-value oracle",decoder-strictness/deep-real-receipts,PENDING explicit candidate7 execution release; prepared decoder_runtime.py,UNVERIFIED,unverified,True,TK1-decoder-deep-array-5000-peer-records,7 / 10,see named Stage1 sections,"Imported deep state retains real identities, assignment, timestamps and confirmed status.",systems-engineer
1,"1,2,3,4",systems-engineer,independent-verifier,PENDING_NAMED_CANDIDATE,"independent raw HTTP, inductive deep grammar and shallow exact-value oracle",decoder-strictness/deep-real-receipts,PENDING explicit candidate7 execution release; prepared decoder_runtime.py,UNVERIFIED,unverified,True,TK1-decoder-deep-array-5000-peer-create-original,7 / 10,see named Stage1 sections,The transferred deep original create receipt replays identically.,systems-engineer
1,"1,2,3,4",systems-engineer,independent-verifier,PENDING_NAMED_CANDIDATE,"independent raw HTTP, inductive deep grammar and shallow exact-value oracle",decoder-strictness/deep-real-receipts,PENDING explicit candidate7 execution release; prepared decoder_runtime.py,UNVERIFIED,unverified,True,TK1-decoder-deep-array-5000-peer-moves-original,7 / 10,see named Stage1 sections,The transferred deep original ordered swap receipt replays identically.,systems-engineer
1,"1,2,3,4",systems-engineer,independent-verifier,PENDING_NAMED_CANDIDATE,"independent raw HTTP, inductive deep grammar and shallow exact-value oracle",decoder-strictness/deep-real-receipts,PENDING explicit candidate7 execution release; prepared decoder_runtime.py,UNVERIFIED,unverified,True,TK1-decoder-deep-array-5000-peer-difference,7 / 10,see named Stage1 sections,A valid deep body difference retains used-key refusal after import.,systems-engineer
1,"1,2,3,4",systems-engineer,independent-verifier,PENDING_NAMED_CANDIDATE,"independent raw HTTP, inductive deep grammar and shallow exact-value oracle",decoder-strictness/deep-real-receipts,PENDING explicit candidate7 execution release; prepared decoder_runtime.py,UNVERIFIED,unverified,True,TK1-decoder-deep-array-5000-peer-cancel,7 / 10,see named Stage1 sections,An imported booking can be cancelled with its retained token.,systems-engineer
1,"1,2,3,4",systems-engineer,independent-verifier,PENDING_NAMED_CANDIDATE,"independent raw HTTP, inductive deep grammar and shallow exact-value oracle",decoder-strictness/deep-real-receipts,PENDING explicit candidate7 execution release; prepared decoder_runtime.py,UNVERIFIED,unverified,True,TK1-decoder-deep-array-5000-peer-replay-cancelled,7 / 10,see named Stage1 sections,A cancelled imported booking still replays its original receipt.,systems-engineer
1,"1,2,3,4",systems-engineer,independent-verifier,PENDING_NAMED_CANDIDATE,"independent raw HTTP, inductive deep grammar and shallow exact-value oracle",decoder-strictness/deep-real-receipts,PENDING explicit candidate7 execution release; prepared decoder_runtime.py,UNVERIFIED,unverified,True,TK1-decoder-deep-array-5000-peer-repeat-import,7 / 10,see named Stage1 sections,Repeating the unchanged deep import restores exported state without duplication.,systems-engineer
1,"1,2,3,4",systems-engineer,independent-verifier,PENDING_NAMED_CANDIDATE,"independent raw HTTP, inductive deep grammar and shallow exact-value oracle",decoder-strictness/deep-real-receipts,PENDING explicit candidate7 execution release; prepared decoder_runtime.py,UNVERIFIED,unverified,True,TK1-decoder-deep-array-5000-peer-repeat-records,7 / 10,see named Stage1 sections,Repeated replacement restores confirmed status and exactly the exported identities.,systems-engineer
1,"1,2,3,4",systems-engineer,independent-verifier,PENDING_NAMED_CANDIDATE,"independent raw HTTP, inductive deep grammar and shallow exact-value oracle",decoder-strictness/deep-real-receipts,PENDING explicit candidate7 execution release; prepared decoder_runtime.py,UNVERIFIED,unverified,True,TK1-decoder-deep-array-5000-third-import,7 / 10,see named Stage1 sections,Unchanged actual deep export replaces an independent destination atomically.,systems-engineer
1,"1,2,3,4",systems-engineer,independent-verifier,PENDING_NAMED_CANDIDATE,"independent raw HTTP, inductive deep grammar and shallow exact-value oracle",decoder-strictness/deep-real-receipts,PENDING explicit candidate7 execution release; prepared decoder_runtime.py,UNVERIFIED,unverified,True,TK1-decoder-deep-array-5000-third-replaced-session,7 / 10,see named Stage1 sections,Old destination sessions are removed by replacement.,systems-engineer
1,"1,2,3,4",systems-engineer,independent-verifier,PENDING_NAMED_CANDIDATE,"independent raw HTTP, inductive deep grammar and shallow exact-value oracle",decoder-strictness/deep-real-receipts,PENDING explicit candidate7 execution release; prepared decoder_runtime.py,UNVERIFIED,unverified,True,TK1-decoder-deep-array-5000-third-replaced-login,7 / 10,see named Stage1 sections,Old destination credentials are removed by replacement.,systems-engineer
1,"1,2,3,4",systems-engineer,independent-verifier,PENDING_NAMED_CANDIDATE,"independent raw HTTP, inductive deep grammar and shallow exact-value oracle",decoder-strictness/deep-real-receipts,PENDING explicit candidate7 execution release; prepared decoder_runtime.py,UNVERIFIED,unverified,True,TK1-decoder-deep-array-5000-third-records,7 / 10,see named Stage1 sections,"Imported deep state retains real identities, assignment, timestamps and confirmed status.",systems-engineer
1,"1,2,3,4",systems-engineer,independent-verifier,PENDING_NAMED_CANDIDATE,"independent raw HTTP, inductive deep grammar and shallow exact-value oracle",decoder-strictness/deep-real-receipts,PENDING explicit candidate7 execution release; prepared decoder_runtime.py,UNVERIFIED,unverified,True,TK1-decoder-deep-array-5000-third-create-original,7 / 10,see named Stage1 sections,The transferred deep original create receipt replays identically.,systems-engineer
1,"1,2,3,4",systems-engineer,independent-verifier,PENDING_NAMED_CANDIDATE,"independent raw HTTP, inductive deep grammar and shallow exact-value oracle",decoder-strictness/deep-real-receipts,PENDING explicit candidate7 execution release; prepared decoder_runtime.py,UNVERIFIED,unverified,True,TK1-decoder-deep-array-5000-third-moves-original,7 / 10,see named Stage1 sections,The transferred deep original ordered swap receipt replays identically.,systems-engineer
1,"1,2,3,4",systems-engineer,independent-verifier,PENDING_NAMED_CANDIDATE,"independent raw HTTP, inductive deep grammar and shallow exact-value oracle",decoder-strictness/deep-real-receipts,PENDING explicit candidate7 execution release; prepared decoder_runtime.py,UNVERIFIED,unverified,True,TK1-decoder-deep-array-5000-third-difference,7 / 10,see named Stage1 sections,A valid deep body difference retains used-key refusal after import.,systems-engineer
1,"1,2,3,4",systems-engineer,independent-verifier,PENDING_NAMED_CANDIDATE,"independent raw HTTP, inductive deep grammar and shallow exact-value oracle",decoder-strictness/deep-real-receipts,PENDING explicit candidate7 execution release; prepared decoder_runtime.py,UNVERIFIED,unverified,True,TK1-decoder-deep-array-5000-third-cancel,7 / 10,see named Stage1 sections,An imported booking can be cancelled with its retained token.,systems-engineer
1,"1,2,3,4",systems-engineer,independent-verifier,PENDING_NAMED_CANDIDATE,"independent raw HTTP, inductive deep grammar and shallow exact-value oracle",decoder-strictness/deep-real-receipts,PENDING explicit candidate7 execution release; prepared decoder_runtime.py,UNVERIFIED,unverified,True,TK1-decoder-deep-array-5000-third-replay-cancelled,7 / 10,see named Stage1 sections,A cancelled imported booking still replays its original receipt.,systems-engineer
1,"1,2,3,4",systems-engineer,independent-verifier,PENDING_NAMED_CANDIDATE,"independent raw HTTP, inductive deep grammar and shallow exact-value oracle",decoder-strictness/deep-real-receipts,PENDING explicit candidate7 execution release; prepared decoder_runtime.py,UNVERIFIED,unverified,True,TK1-decoder-deep-array-5000-third-repeat-import,7 / 10,see named Stage1 sections,Repeating the unchanged deep import restores exported state without duplication.,systems-engineer
1,"1,2,3,4",systems-engineer,independent-verifier,PENDING_NAMED_CANDIDATE,"independent raw HTTP, inductive deep grammar and shallow exact-value oracle",decoder-strictness/deep-real-receipts,PENDING explicit candidate7 execution release; prepared decoder_runtime.py,UNVERIFIED,unverified,True,TK1-decoder-deep-array-5000-third-repeat-records,7 / 10,see named Stage1 sections,Repeated replacement restores confirmed status and exactly the exported identities.,systems-engineer
1,"1,2,3,4",systems-engineer,independent-verifier,PENDING_NAMED_CANDIDATE,"independent raw HTTP, inductive deep grammar and shallow exact-value oracle",decoder-strictness/deep-real-receipts,PENDING explicit candidate7 execution release; prepared decoder_runtime.py,UNVERIFIED,unverified,True,TK1-decoder-deep-array-5000-peer-export,10,see named Stage1 sections,A second independent process exports the genuinely imported deep receipts.,systems-engineer
1,"1,2,3,4",systems-engineer,independent-verifier,PENDING_NAMED_CANDIDATE,"independent raw HTTP, inductive deep grammar and shallow exact-value oracle",decoder-strictness/deep-real-receipts,PENDING explicit candidate7 execution release; prepared decoder_runtime.py,UNVERIFIED,unverified,True,TK1-decoder-deep-array-10000-reset,3.4 / 5 / 7 / 10,see named Stage1 sections,Valid ignored deep reset succeeds without imposing a nesting ceiling.,systems-engineer
1,"1,2,3,4",systems-engineer,independent-verifier,PENDING_NAMED_CANDIDATE,"independent raw HTTP, inductive deep grammar and shallow exact-value oracle",decoder-strictness/deep-real-receipts,PENDING explicit candidate7 execution release; prepared decoder_runtime.py,UNVERIFIED,unverified,True,TK1-decoder-deep-array-10000-signup,3.4 / 5 / 7 / 10,see named Stage1 sections,Valid ignored deep signup succeeds.,systems-engineer
1,"1,2,3,4",systems-engineer,independent-verifier,PENDING_NAMED_CANDIDATE,"independent raw HTTP, inductive deep grammar and shallow exact-value oracle",decoder-strictness/deep-real-receipts,PENDING explicit candidate7 execution release; prepared decoder_runtime.py,UNVERIFIED,unverified,True,TK1-decoder-deep-array-10000-login,3.4 / 5 / 7 / 10,see named Stage1 sections,Valid ignored deep login succeeds and supplies a second active session.,systems-engineer
1,"1,2,3,4",systems-engineer,independent-verifier,PENDING_NAMED_CANDIDATE,"independent raw HTTP, inductive deep grammar and shallow exact-value oracle",decoder-strictness/deep-real-receipts,PENDING explicit candidate7 execution release; prepared decoder_runtime.py,UNVERIFIED,unverified,True,TK1-decoder-deep-array-10000-second-token,3.4 / 5 / 7 / 10,see named Stage1 sections,The original session remains valid after another deep login.,systems-engineer
1,"1,2,3,4",systems-engineer,independent-verifier,PENDING_NAMED_CANDIDATE,"independent raw HTTP, inductive deep grammar and shallow exact-value oracle",decoder-strictness/deep-real-receipts,PENDING explicit candidate7 execution release; prepared decoder_runtime.py,UNVERIFIED,unverified,True,TK1-decoder-deep-array-10000-create,3.4 / 5 / 7 / 10,see named Stage1 sections,Valid ignored deep create issues a real original receipt.,systems-engineer
1,"1,2,3,4",systems-engineer,independent-verifier,PENDING_NAMED_CANDIDATE,"independent raw HTTP, inductive deep grammar and shallow exact-value oracle",decoder-strictness/deep-real-receipts,PENDING explicit candidate7 execution release; prepared decoder_runtime.py,UNVERIFIED,unverified,True,TK1-decoder-deep-array-10000-create-alias,3.4 / 5 / 7 / 10,see named Stage1 sections,An equal complete deep parsed body replays the original create response.,systems-engineer
1,"1,2,3,4",systems-engineer,independent-verifier,PENDING_NAMED_CANDIDATE,"independent raw HTTP, inductive deep grammar and shallow exact-value oracle",decoder-strictness/deep-real-receipts,PENDING explicit candidate7 execution release; prepared decoder_runtime.py,UNVERIFIED,unverified,True,TK1-decoder-deep-array-10000-create-precision,3.4 / 5 / 7 / 10,see named Stage1 sections,A deep exact numeric difference conflicts before current resource checks.,systems-engineer
1,"1,2,3,4",systems-engineer,independent-verifier,PENDING_NAMED_CANDIDATE,"independent raw HTTP, inductive deep grammar and shallow exact-value oracle",decoder-strictness/deep-real-receipts,PENDING explicit candidate7 execution release; prepared decoder_runtime.py,UNVERIFIED,unverified,True,TK1-decoder-deep-array-10000-create-type,3.4 / 5 / 7 / 10,see named Stage1 sections,A nested number/boolean difference conflicts.,systems-engineer
1,"1,2,3,4",systems-engineer,independent-verifier,PENDING_NAMED_CANDIDATE,"independent raw HTTP, inductive deep grammar and shallow exact-value oracle",decoder-strictness/deep-real-receipts,PENDING explicit candidate7 execution release; prepared decoder_runtime.py,UNVERIFIED,unverified,True,TK1-decoder-deep-array-10000-create-invalid-difference,3.4 / 5 / 7 / 10,see named Stage1 sections,Used-key deep differences precede invalid party values.,systems-engineer
1,"1,2,3,4",systems-engineer,independent-verifier,PENDING_NAMED_CANDIDATE,"independent raw HTTP, inductive deep grammar and shallow exact-value oracle",decoder-strictness/deep-real-receipts,PENDING explicit candidate7 execution release; prepared decoder_runtime.py,UNVERIFIED,unverified,True,TK1-decoder-deep-array-10000-create-no-auth,3.4 / 5 / 7 / 10,see named Stage1 sections,Valid deep writes still require authentication.,systems-engineer
1,"1,2,3,4",systems-engineer,independent-verifier,PENDING_NAMED_CANDIDATE,"independent raw HTTP, inductive deep grammar and shallow exact-value oracle",decoder-strictness/deep-real-receipts,PENDING explicit candidate7 execution release; prepared decoder_runtime.py,UNVERIFIED,unverified,True,TK1-decoder-deep-array-10000-create-no-key,3.4 / 5 / 7 / 10,see named Stage1 sections,Valid deep writes still require a key.,systems-engineer
1,"1,2,3,4",systems-engineer,independent-verifier,PENDING_NAMED_CANDIDATE,"independent raw HTTP, inductive deep grammar and shallow exact-value oracle",decoder-strictness/deep-real-receipts,PENDING explicit candidate7 execution release; prepared decoder_runtime.py,UNVERIFIED,unverified,True,TK1-decoder-deep-array-10000-second-create,3.4 / 5 / 7 / 10,see named Stage1 sections,A second ordinary booking provides a real atomic swap member.,systems-engineer
1,"1,2,3,4",systems-engineer,independent-verifier,PENDING_NAMED_CANDIDATE,"independent raw HTTP, inductive deep grammar and shallow exact-value oracle",decoder-strictness/deep-real-receipts,PENDING explicit candidate7 execution release; prepared decoder_runtime.py,UNVERIFIED,unverified,True,TK1-decoder-deep-array-10000-moves,3.4 / 5 / 7 / 10,see named Stage1 sections,A deep complete body and per-item ignored field preserve an atomic two-member swap.,systems-engineer
1,"1,2,3,4",systems-engineer,independent-verifier,PENDING_NAMED_CANDIDATE,"independent raw HTTP, inductive deep grammar and shallow exact-value oracle",decoder-strictness/deep-real-receipts,PENDING explicit candidate7 execution release; prepared decoder_runtime.py,UNVERIFIED,unverified,True,TK1-decoder-deep-array-10000-moves-alias,3.4 / 5 / 7 / 10,see named Stage1 sections,Deep move aliases replay the real original ordered batch receipt.,systems-engineer
1,"1,2,3,4",systems-engineer,independent-verifier,PENDING_NAMED_CANDIDATE,"independent raw HTTP, inductive deep grammar and shallow exact-value oracle",decoder-strictness/deep-real-receipts,PENDING explicit candidate7 execution release; prepared decoder_runtime.py,UNVERIFIED,unverified,True,TK1-decoder-deep-array-10000-moves-precision,3.4 / 5 / 7 / 10,see named Stage1 sections,A deep exact move body difference conflicts.,systems-engineer
1,"1,2,3,4",systems-engineer,independent-verifier,PENDING_NAMED_CANDIDATE,"independent raw HTTP, inductive deep grammar and shallow exact-value oracle",decoder-strictness/deep-real-receipts,PENDING explicit candidate7 execution release; prepared decoder_runtime.py,UNVERIFIED,unverified,True,TK1-decoder-deep-array-10000-moves-type,3.4 / 5 / 7 / 10,see named Stage1 sections,A nested numeric/type move difference conflicts.,systems-engineer
1,"1,2,3,4",systems-engineer,independent-verifier,PENDING_NAMED_CANDIDATE,"independent raw HTTP, inductive deep grammar and shallow exact-value oracle",decoder-strictness/deep-real-receipts,PENDING explicit candidate7 execution release; prepared decoder_runtime.py,UNVERIFIED,unverified,True,TK1-decoder-deep-array-10000-create-fraction,3.4 / 5 / 7 / 10,see named Stage1 sections,A valid deep fractional party reaches endpoint validation.,systems-engineer
1,"1,2,3,4",systems-engineer,independent-verifier,PENDING_NAMED_CANDIDATE,"independent raw HTTP, inductive deep grammar and shallow exact-value oracle",decoder-strictness/deep-real-receipts,PENDING explicit candidate7 execution release; prepared decoder_runtime.py,UNVERIFIED,unverified,True,TK1-decoder-deep-array-10000-create-fraction-atomic,3.4 / 5 / 7 / 10,see named Stage1 sections,A refused deep create preserves records and occupancy.,systems-engineer
1,"1,2,3,4",systems-engineer,independent-verifier,PENDING_NAMED_CANDIDATE,"independent raw HTTP, inductive deep grammar and shallow exact-value oracle",decoder-strictness/deep-real-receipts,PENDING explicit candidate7 execution release; prepared decoder_runtime.py,UNVERIFIED,unverified,True,TK1-decoder-deep-array-10000-create-failed-key,3.4 / 5 / 7 / 10,see named Stage1 sections,A deep refused create leaves its key reusable.,systems-engineer
1,"1,2,3,4",systems-engineer,independent-verifier,PENDING_NAMED_CANDIDATE,"independent raw HTTP, inductive deep grammar and shallow exact-value oracle",decoder-strictness/deep-real-receipts,PENDING explicit candidate7 execution release; prepared decoder_runtime.py,UNVERIFIED,unverified,True,TK1-decoder-deep-array-10000-move-fraction,3.4 / 5 / 7 / 10,see named Stage1 sections,A deep fractional move refuses without consuming the key.,systems-engineer
1,"1,2,3,4",systems-engineer,independent-verifier,PENDING_NAMED_CANDIDATE,"independent raw HTTP, inductive deep grammar and shallow exact-value oracle",decoder-strictness/deep-real-receipts,PENDING explicit candidate7 execution release; prepared decoder_runtime.py,UNVERIFIED,unverified,True,TK1-decoder-deep-array-10000-move-fraction-atomic,3.4 / 5 / 7 / 10,see named Stage1 sections,A refused deep batch preserves every record and occupancy.,systems-engineer
1,"1,2,3,4",systems-engineer,independent-verifier,PENDING_NAMED_CANDIDATE,"independent raw HTTP, inductive deep grammar and shallow exact-value oracle",decoder-strictness/deep-real-receipts,PENDING explicit candidate7 execution release; prepared decoder_runtime.py,UNVERIFIED,unverified,True,TK1-decoder-deep-array-10000-move-failed-key,3.4 / 5 / 7 / 10,see named Stage1 sections,A deep refused move leaves its key reusable.,systems-engineer
1,"1,2,3,4",systems-engineer,independent-verifier,PENDING_NAMED_CANDIDATE,"independent raw HTTP, inductive deep grammar and shallow exact-value oracle",decoder-strictness/deep-real-receipts,PENDING explicit candidate7 execution release; prepared decoder_runtime.py,UNVERIFIED,unverified,True,TK1-decoder-deep-array-10000-export,3.4 / 5 / 7 / 10,see named Stage1 sections,Export captures actual successful deep create and move receipts.,systems-engineer
1,"1,2,3,4",systems-engineer,independent-verifier,PENDING_NAMED_CANDIDATE,"independent raw HTTP, inductive deep grammar and shallow exact-value oracle",decoder-strictness/deep-real-receipts,PENDING explicit candidate7 execution release; prepared decoder_runtime.py,UNVERIFIED,unverified,True,TK1-decoder-deep-array-10000-amend,3.4 / 5 / 7 / 10,see named Stage1 sections,A real amendment changes the current booking after snapshot capture.,systems-engineer
1,"1,2,3,4",systems-engineer,independent-verifier,PENDING_NAMED_CANDIDATE,"independent raw HTTP, inductive deep grammar and shallow exact-value oracle",decoder-strictness/deep-real-receipts,PENDING explicit candidate7 execution release; prepared decoder_runtime.py,UNVERIFIED,unverified,True,TK1-decoder-deep-array-10000-cancel,3.4 / 5 / 7 / 10,see named Stage1 sections,A real cancellation changes current occupancy after snapshot capture.,systems-engineer
1,"1,2,3,4",systems-engineer,independent-verifier,PENDING_NAMED_CANDIDATE,"independent raw HTTP, inductive deep grammar and shallow exact-value oracle",decoder-strictness/deep-real-receipts,PENDING explicit candidate7 execution release; prepared decoder_runtime.py,UNVERIFIED,unverified,True,TK1-decoder-deep-array-10000-create-immutable,3.4 / 5 / 7 / 10,see named Stage1 sections,Original deep create replay remains unchanged after amendment and cancellation.,systems-engineer
1,"1,2,3,4",systems-engineer,independent-verifier,PENDING_NAMED_CANDIDATE,"independent raw HTTP, inductive deep grammar and shallow exact-value oracle",decoder-strictness/deep-real-receipts,PENDING explicit candidate7 execution release; prepared decoder_runtime.py,UNVERIFIED,unverified,True,TK1-decoder-deep-array-10000-moves-immutable,3.4 / 5 / 7 / 10,see named Stage1 sections,Original deep move replay remains unchanged after amendment and cancellation.,systems-engineer
1,"1,2,3,4",systems-engineer,independent-verifier,PENDING_NAMED_CANDIDATE,"independent raw HTTP, inductive deep grammar and shallow exact-value oracle",decoder-strictness/deep-real-receipts,PENDING explicit candidate7 execution release; prepared decoder_runtime.py,UNVERIFIED,unverified,True,TK1-decoder-deep-array-10000-bad-import,3.4 / 5 / 7 / 10,see named Stage1 sections,Malformed deep private import refuses before replacing state.,systems-engineer
1,"1,2,3,4",systems-engineer,independent-verifier,PENDING_NAMED_CANDIDATE,"independent raw HTTP, inductive deep grammar and shallow exact-value oracle",decoder-strictness/deep-real-receipts,PENDING explicit candidate7 execution release; prepared decoder_runtime.py,UNVERIFIED,unverified,True,TK1-decoder-deep-array-10000-bad-import-atomic,3.4 / 5 / 7 / 10,see named Stage1 sections,"Malformed deep import preserves current records, sessions and original receipts.",systems-engineer
1,"1,2,3,4",systems-engineer,independent-verifier,PENDING_NAMED_CANDIDATE,"independent raw HTTP, inductive deep grammar and shallow exact-value oracle",decoder-strictness/deep-real-receipts,PENDING explicit candidate7 execution release; prepared decoder_runtime.py,UNVERIFIED,unverified,True,TK1-decoder-deep-array-10000-snapshot-lifetime,3.4 / 5 / 7 / 10,see named Stage1 sections,Captured immutable bytes remain unchanged through subsequent source writes.,systems-engineer
1,"1,2,3,4",systems-engineer,independent-verifier,PENDING_NAMED_CANDIDATE,"independent raw HTTP, inductive deep grammar and shallow exact-value oracle",decoder-strictness/deep-real-receipts,PENDING explicit candidate7 execution release; prepared decoder_runtime.py,UNVERIFIED,unverified,True,TK1-decoder-deep-array-10000-peer-import,7 / 10,see named Stage1 sections,Unchanged actual deep export replaces an independent destination atomically.,systems-engineer
1,"1,2,3,4",systems-engineer,independent-verifier,PENDING_NAMED_CANDIDATE,"independent raw HTTP, inductive deep grammar and shallow exact-value oracle",decoder-strictness/deep-real-receipts,PENDING explicit candidate7 execution release; prepared decoder_runtime.py,UNVERIFIED,unverified,True,TK1-decoder-deep-array-10000-peer-replaced-session,7 / 10,see named Stage1 sections,Old destination sessions are removed by replacement.,systems-engineer
1,"1,2,3,4",systems-engineer,independent-verifier,PENDING_NAMED_CANDIDATE,"independent raw HTTP, inductive deep grammar and shallow exact-value oracle",decoder-strictness/deep-real-receipts,PENDING explicit candidate7 execution release; prepared decoder_runtime.py,UNVERIFIED,unverified,True,TK1-decoder-deep-array-10000-peer-replaced-login,7 / 10,see named Stage1 sections,Old destination credentials are removed by replacement.,systems-engineer
1,"1,2,3,4",systems-engineer,independent-verifier,PENDING_NAMED_CANDIDATE,"independent raw HTTP, inductive deep grammar and shallow exact-value oracle",decoder-strictness/deep-real-receipts,PENDING explicit candidate7 execution release; prepared decoder_runtime.py,UNVERIFIED,unverified,True,TK1-decoder-deep-array-10000-peer-records,7 / 10,see named Stage1 sections,"Imported deep state retains real identities, assignment, timestamps and confirmed status.",systems-engineer
1,"1,2,3,4",systems-engineer,independent-verifier,PENDING_NAMED_CANDIDATE,"independent raw HTTP, inductive deep grammar and shallow exact-value oracle",decoder-strictness/deep-real-receipts,PENDING explicit candidate7 execution release; prepared decoder_runtime.py,UNVERIFIED,unverified,True,TK1-decoder-deep-array-10000-peer-create-original,7 / 10,see named Stage1 sections,The transferred deep original create receipt replays identically.,systems-engineer
1,"1,2,3,4",systems-engineer,independent-verifier,PENDING_NAMED_CANDIDATE,"independent raw HTTP, inductive deep grammar and shallow exact-value oracle",decoder-strictness/deep-real-receipts,PENDING explicit candidate7 execution release; prepared decoder_runtime.py,UNVERIFIED,unverified,True,TK1-decoder-deep-array-10000-peer-moves-original,7 / 10,see named Stage1 sections,The transferred deep original ordered swap receipt replays identically.,systems-engineer
1,"1,2,3,4",systems-engineer,independent-verifier,PENDING_NAMED_CANDIDATE,"independent raw HTTP, inductive deep grammar and shallow exact-value oracle",decoder-strictness/deep-real-receipts,PENDING explicit candidate7 execution release; prepared decoder_runtime.py,UNVERIFIED,unverified,True,TK1-decoder-deep-array-10000-peer-difference,7 / 10,see named Stage1 sections,A valid deep body difference retains used-key refusal after import.,systems-engineer
1,"1,2,3,4",systems-engineer,independent-verifier,PENDING_NAMED_CANDIDATE,"independent raw HTTP, inductive deep grammar and shallow exact-value oracle",decoder-strictness/deep-real-receipts,PENDING explicit candidate7 execution release; prepared decoder_runtime.py,UNVERIFIED,unverified,True,TK1-decoder-deep-array-10000-peer-cancel,7 / 10,see named Stage1 sections,An imported booking can be cancelled with its retained token.,systems-engineer
1,"1,2,3,4",systems-engineer,independent-verifier,PENDING_NAMED_CANDIDATE,"independent raw HTTP, inductive deep grammar and shallow exact-value oracle",decoder-strictness/deep-real-receipts,PENDING explicit candidate7 execution release; prepared decoder_runtime.py,UNVERIFIED,unverified,True,TK1-decoder-deep-array-10000-peer-replay-cancelled,7 / 10,see named Stage1 sections,A cancelled imported booking still replays its original receipt.,systems-engineer
1,"1,2,3,4",systems-engineer,independent-verifier,PENDING_NAMED_CANDIDATE,"independent raw HTTP, inductive deep grammar and shallow exact-value oracle",decoder-strictness/deep-real-receipts,PENDING explicit candidate7 execution release; prepared decoder_runtime.py,UNVERIFIED,unverified,True,TK1-decoder-deep-array-10000-peer-repeat-import,7 / 10,see named Stage1 sections,Repeating the unchanged deep import restores exported state without duplication.,systems-engineer
1,"1,2,3,4",systems-engineer,independent-verifier,PENDING_NAMED_CANDIDATE,"independent raw HTTP, inductive deep grammar and shallow exact-value oracle",decoder-strictness/deep-real-receipts,PENDING explicit candidate7 execution release; prepared decoder_runtime.py,UNVERIFIED,unverified,True,TK1-decoder-deep-array-10000-peer-repeat-records,7 / 10,see named Stage1 sections,Repeated replacement restores confirmed status and exactly the exported identities.,systems-engineer
1,"1,2,3,4",systems-engineer,independent-verifier,PENDING_NAMED_CANDIDATE,"independent raw HTTP, inductive deep grammar and shallow exact-value oracle",decoder-strictness/deep-real-receipts,PENDING explicit candidate7 execution release; prepared decoder_runtime.py,UNVERIFIED,unverified,True,TK1-decoder-deep-array-10000-third-import,7 / 10,see named Stage1 sections,Unchanged actual deep export replaces an independent destination atomically.,systems-engineer
1,"1,2,3,4",systems-engineer,independent-verifier,PENDING_NAMED_CANDIDATE,"independent raw HTTP, inductive deep grammar and shallow exact-value oracle",decoder-strictness/deep-real-receipts,PENDING explicit candidate7 execution release; prepared decoder_runtime.py,UNVERIFIED,unverified,True,TK1-decoder-deep-array-10000-third-replaced-session,7 / 10,see named Stage1 sections,Old destination sessions are removed by replacement.,systems-engineer
1,"1,2,3,4",systems-engineer,independent-verifier,PENDING_NAMED_CANDIDATE,"independent raw HTTP, inductive deep grammar and shallow exact-value oracle",decoder-strictness/deep-real-receipts,PENDING explicit candidate7 execution release; prepared decoder_runtime.py,UNVERIFIED,unverified,True,TK1-decoder-deep-array-10000-third-replaced-login,7 / 10,see named Stage1 sections,Old destination credentials are removed by replacement.,systems-engineer
1,"1,2,3,4",systems-engineer,independent-verifier,PENDING_NAMED_CANDIDATE,"independent raw HTTP, inductive deep grammar and shallow exact-value oracle",decoder-strictness/deep-real-receipts,PENDING explicit candidate7 execution release; prepared decoder_runtime.py,UNVERIFIED,unverified,True,TK1-decoder-deep-array-10000-third-records,7 / 10,see named Stage1 sections,"Imported deep state retains real identities, assignment, timestamps and confirmed status.",systems-engineer
1,"1,2,3,4",systems-engineer,independent-verifier,PENDING_NAMED_CANDIDATE,"independent raw HTTP, inductive deep grammar and shallow exact-value oracle",decoder-strictness/deep-real-receipts,PENDING explicit candidate7 execution release; prepared decoder_runtime.py,UNVERIFIED,unverified,True,TK1-decoder-deep-array-10000-third-create-original,7 / 10,see named Stage1 sections,The transferred deep original create receipt replays identically.,systems-engineer
1,"1,2,3,4",systems-engineer,independent-verifier,PENDING_NAMED_CANDIDATE,"independent raw HTTP, inductive deep grammar and shallow exact-value oracle",decoder-strictness/deep-real-receipts,PENDING explicit candidate7 execution release; prepared decoder_runtime.py,UNVERIFIED,unverified,True,TK1-decoder-deep-array-10000-third-moves-original,7 / 10,see named Stage1 sections,The transferred deep original ordered swap receipt replays identically.,systems-engineer
1,"1,2,3,4",systems-engineer,independent-verifier,PENDING_NAMED_CANDIDATE,"independent raw HTTP, inductive deep grammar and shallow exact-value oracle",decoder-strictness/deep-real-receipts,PENDING explicit candidate7 execution release; prepared decoder_runtime.py,UNVERIFIED,unverified,True,TK1-decoder-deep-array-10000-third-difference,7 / 10,see named Stage1 sections,A valid deep body difference retains used-key refusal after import.,systems-engineer
1,"1,2,3,4",systems-engineer,independent-verifier,PENDING_NAMED_CANDIDATE,"independent raw HTTP, inductive deep grammar and shallow exact-value oracle",decoder-strictness/deep-real-receipts,PENDING explicit candidate7 execution release; prepared decoder_runtime.py,UNVERIFIED,unverified,True,TK1-decoder-deep-array-10000-third-cancel,7 / 10,see named Stage1 sections,An imported booking can be cancelled with its retained token.,systems-engineer
1,"1,2,3,4",systems-engineer,independent-verifier,PENDING_NAMED_CANDIDATE,"independent raw HTTP, inductive deep grammar and shallow exact-value oracle",decoder-strictness/deep-real-receipts,PENDING explicit candidate7 execution release; prepared decoder_runtime.py,UNVERIFIED,unverified,True,TK1-decoder-deep-array-10000-third-replay-cancelled,7 / 10,see named Stage1 sections,A cancelled imported booking still replays its original receipt.,systems-engineer
1,"1,2,3,4",systems-engineer,independent-verifier,PENDING_NAMED_CANDIDATE,"independent raw HTTP, inductive deep grammar and shallow exact-value oracle",decoder-strictness/deep-real-receipts,PENDING explicit candidate7 execution release; prepared decoder_runtime.py,UNVERIFIED,unverified,True,TK1-decoder-deep-array-10000-third-repeat-import,7 / 10,see named Stage1 sections,Repeating the unchanged deep import restores exported state without duplication.,systems-engineer
1,"1,2,3,4",systems-engineer,independent-verifier,PENDING_NAMED_CANDIDATE,"independent raw HTTP, inductive deep grammar and shallow exact-value oracle",decoder-strictness/deep-real-receipts,PENDING explicit candidate7 execution release; prepared decoder_runtime.py,UNVERIFIED,unverified,True,TK1-decoder-deep-array-10000-third-repeat-records,7 / 10,see named Stage1 sections,Repeated replacement restores confirmed status and exactly the exported identities.,systems-engineer
1,"1,2,3,4",systems-engineer,independent-verifier,PENDING_NAMED_CANDIDATE,"independent raw HTTP, inductive deep grammar and shallow exact-value oracle",decoder-strictness/deep-real-receipts,PENDING explicit candidate7 execution release; prepared decoder_runtime.py,UNVERIFIED,unverified,True,TK1-decoder-deep-array-10000-peer-export,10,see named Stage1 sections,A second independent process exports the genuinely imported deep receipts.,systems-engineer
1,"1,2,3,4",systems-engineer,independent-verifier,PENDING_NAMED_CANDIDATE,"independent raw HTTP, inductive deep grammar and shallow exact-value oracle",decoder-strictness/deep-real-receipts,PENDING explicit candidate7 execution release; prepared decoder_runtime.py,UNVERIFIED,unverified,True,TK1-decoder-deep-array-20000-reset,3.4 / 5 / 7 / 10,see named Stage1 sections,Valid ignored deep reset succeeds without imposing a nesting ceiling.,systems-engineer
1,"1,2,3,4",systems-engineer,independent-verifier,PENDING_NAMED_CANDIDATE,"independent raw HTTP, inductive deep grammar and shallow exact-value oracle",decoder-strictness/deep-real-receipts,PENDING explicit candidate7 execution release; prepared decoder_runtime.py,UNVERIFIED,unverified,True,TK1-decoder-deep-array-20000-signup,3.4 / 5 / 7 / 10,see named Stage1 sections,Valid ignored deep signup succeeds.,systems-engineer
1,"1,2,3,4",systems-engineer,independent-verifier,PENDING_NAMED_CANDIDATE,"independent raw HTTP, inductive deep grammar and shallow exact-value oracle",decoder-strictness/deep-real-receipts,PENDING explicit candidate7 execution release; prepared decoder_runtime.py,UNVERIFIED,unverified,True,TK1-decoder-deep-array-20000-login,3.4 / 5 / 7 / 10,see named Stage1 sections,Valid ignored deep login succeeds and supplies a second active session.,systems-engineer
1,"1,2,3,4",systems-engineer,independent-verifier,PENDING_NAMED_CANDIDATE,"independent raw HTTP, inductive deep grammar and shallow exact-value oracle",decoder-strictness/deep-real-receipts,PENDING explicit candidate7 execution release; prepared decoder_runtime.py,UNVERIFIED,unverified,True,TK1-decoder-deep-array-20000-second-token,3.4 / 5 / 7 / 10,see named Stage1 sections,The original session remains valid after another deep login.,systems-engineer
1,"1,2,3,4",systems-engineer,independent-verifier,PENDING_NAMED_CANDIDATE,"independent raw HTTP, inductive deep grammar and shallow exact-value oracle",decoder-strictness/deep-real-receipts,PENDING explicit candidate7 execution release; prepared decoder_runtime.py,UNVERIFIED,unverified,True,TK1-decoder-deep-array-20000-create,3.4 / 5 / 7 / 10,see named Stage1 sections,Valid ignored deep create issues a real original receipt.,systems-engineer
1,"1,2,3,4",systems-engineer,independent-verifier,PENDING_NAMED_CANDIDATE,"independent raw HTTP, inductive deep grammar and shallow exact-value oracle",decoder-strictness/deep-real-receipts,PENDING explicit candidate7 execution release; prepared decoder_runtime.py,UNVERIFIED,unverified,True,TK1-decoder-deep-array-20000-create-alias,3.4 / 5 / 7 / 10,see named Stage1 sections,An equal complete deep parsed body replays the original create response.,systems-engineer
1,"1,2,3,4",systems-engineer,independent-verifier,PENDING_NAMED_CANDIDATE,"independent raw HTTP, inductive deep grammar and shallow exact-value oracle",decoder-strictness/deep-real-receipts,PENDING explicit candidate7 execution release; prepared decoder_runtime.py,UNVERIFIED,unverified,True,TK1-decoder-deep-array-20000-create-precision,3.4 / 5 / 7 / 10,see named Stage1 sections,A deep exact numeric difference conflicts before current resource checks.,systems-engineer
1,"1,2,3,4",systems-engineer,independent-verifier,PENDING_NAMED_CANDIDATE,"independent raw HTTP, inductive deep grammar and shallow exact-value oracle",decoder-strictness/deep-real-receipts,PENDING explicit candidate7 execution release; prepared decoder_runtime.py,UNVERIFIED,unverified,True,TK1-decoder-deep-array-20000-create-type,3.4 / 5 / 7 / 10,see named Stage1 sections,A nested number/boolean difference conflicts.,systems-engineer
1,"1,2,3,4",systems-engineer,independent-verifier,PENDING_NAMED_CANDIDATE,"independent raw HTTP, inductive deep grammar and shallow exact-value oracle",decoder-strictness/deep-real-receipts,PENDING explicit candidate7 execution release; prepared decoder_runtime.py,UNVERIFIED,unverified,True,TK1-decoder-deep-array-20000-create-invalid-difference,3.4 / 5 / 7 / 10,see named Stage1 sections,Used-key deep differences precede invalid party values.,systems-engineer
1,"1,2,3,4",systems-engineer,independent-verifier,PENDING_NAMED_CANDIDATE,"independent raw HTTP, inductive deep grammar and shallow exact-value oracle",decoder-strictness/deep-real-receipts,PENDING explicit candidate7 execution release; prepared decoder_runtime.py,UNVERIFIED,unverified,True,TK1-decoder-deep-array-20000-create-no-auth,3.4 / 5 / 7 / 10,see named Stage1 sections,Valid deep writes still require authentication.,systems-engineer
1,"1,2,3,4",systems-engineer,independent-verifier,PENDING_NAMED_CANDIDATE,"independent raw HTTP, inductive deep grammar and shallow exact-value oracle",decoder-strictness/deep-real-receipts,PENDING explicit candidate7 execution release; prepared decoder_runtime.py,UNVERIFIED,unverified,True,TK1-decoder-deep-array-20000-create-no-key,3.4 / 5 / 7 / 10,see named Stage1 sections,Valid deep writes still require a key.,systems-engineer
1,"1,2,3,4",systems-engineer,independent-verifier,PENDING_NAMED_CANDIDATE,"independent raw HTTP, inductive deep grammar and shallow exact-value oracle",decoder-strictness/deep-real-receipts,PENDING explicit candidate7 execution release; prepared decoder_runtime.py,UNVERIFIED,unverified,True,TK1-decoder-deep-array-20000-second-create,3.4 / 5 / 7 / 10,see named Stage1 sections,A second ordinary booking provides a real atomic swap member.,systems-engineer
1,"1,2,3,4",systems-engineer,independent-verifier,PENDING_NAMED_CANDIDATE,"independent raw HTTP, inductive deep grammar and shallow exact-value oracle",decoder-strictness/deep-real-receipts,PENDING explicit candidate7 execution release; prepared decoder_runtime.py,UNVERIFIED,unverified,True,TK1-decoder-deep-array-20000-moves,3.4 / 5 / 7 / 10,see named Stage1 sections,A deep complete body and per-item ignored field preserve an atomic two-member swap.,systems-engineer
1,"1,2,3,4",systems-engineer,independent-verifier,PENDING_NAMED_CANDIDATE,"independent raw HTTP, inductive deep grammar and shallow exact-value oracle",decoder-strictness/deep-real-receipts,PENDING explicit candidate7 execution release; prepared decoder_runtime.py,UNVERIFIED,unverified,True,TK1-decoder-deep-array-20000-moves-alias,3.4 / 5 / 7 / 10,see named Stage1 sections,Deep move aliases replay the real original ordered batch receipt.,systems-engineer
1,"1,2,3,4",systems-engineer,independent-verifier,PENDING_NAMED_CANDIDATE,"independent raw HTTP, inductive deep grammar and shallow exact-value oracle",decoder-strictness/deep-real-receipts,PENDING explicit candidate7 execution release; prepared decoder_runtime.py,UNVERIFIED,unverified,True,TK1-decoder-deep-array-20000-moves-precision,3.4 / 5 / 7 / 10,see named Stage1 sections,A deep exact move body difference conflicts.,systems-engineer
1,"1,2,3,4",systems-engineer,independent-verifier,PENDING_NAMED_CANDIDATE,"independent raw HTTP, inductive deep grammar and shallow exact-value oracle",decoder-strictness/deep-real-receipts,PENDING explicit candidate7 execution release; prepared decoder_runtime.py,UNVERIFIED,unverified,True,TK1-decoder-deep-array-20000-moves-type,3.4 / 5 / 7 / 10,see named Stage1 sections,A nested numeric/type move difference conflicts.,systems-engineer
1,"1,2,3,4",systems-engineer,independent-verifier,PENDING_NAMED_CANDIDATE,"independent raw HTTP, inductive deep grammar and shallow exact-value oracle",decoder-strictness/deep-real-receipts,PENDING explicit candidate7 execution release; prepared decoder_runtime.py,UNVERIFIED,unverified,True,TK1-decoder-deep-array-20000-create-fraction,3.4 / 5 / 7 / 10,see named Stage1 sections,A valid deep fractional party reaches endpoint validation.,systems-engineer
1,"1,2,3,4",systems-engineer,independent-verifier,PENDING_NAMED_CANDIDATE,"independent raw HTTP, inductive deep grammar and shallow exact-value oracle",decoder-strictness/deep-real-receipts,PENDING explicit candidate7 execution release; prepared decoder_runtime.py,UNVERIFIED,unverified,True,TK1-decoder-deep-array-20000-create-fraction-atomic,3.4 / 5 / 7 / 10,see named Stage1 sections,A refused deep create preserves records and occupancy.,systems-engineer
1,"1,2,3,4",systems-engineer,independent-verifier,PENDING_NAMED_CANDIDATE,"independent raw HTTP, inductive deep grammar and shallow exact-value oracle",decoder-strictness/deep-real-receipts,PENDING explicit candidate7 execution release; prepared decoder_runtime.py,UNVERIFIED,unverified,True,TK1-decoder-deep-array-20000-create-failed-key,3.4 / 5 / 7 / 10,see named Stage1 sections,A deep refused create leaves its key reusable.,systems-engineer
1,"1,2,3,4",systems-engineer,independent-verifier,PENDING_NAMED_CANDIDATE,"independent raw HTTP, inductive deep grammar and shallow exact-value oracle",decoder-strictness/deep-real-receipts,PENDING explicit candidate7 execution release; prepared decoder_runtime.py,UNVERIFIED,unverified,True,TK1-decoder-deep-array-20000-move-fraction,3.4 / 5 / 7 / 10,see named Stage1 sections,A deep fractional move refuses without consuming the key.,systems-engineer
1,"1,2,3,4",systems-engineer,independent-verifier,PENDING_NAMED_CANDIDATE,"independent raw HTTP, inductive deep grammar and shallow exact-value oracle",decoder-strictness/deep-real-receipts,PENDING explicit candidate7 execution release; prepared decoder_runtime.py,UNVERIFIED,unverified,True,TK1-decoder-deep-array-20000-move-fraction-atomic,3.4 / 5 / 7 / 10,see named Stage1 sections,A refused deep batch preserves every record and occupancy.,systems-engineer
1,"1,2,3,4",systems-engineer,independent-verifier,PENDING_NAMED_CANDIDATE,"independent raw HTTP, inductive deep grammar and shallow exact-value oracle",decoder-strictness/deep-real-receipts,PENDING explicit candidate7 execution release; prepared decoder_runtime.py,UNVERIFIED,unverified,True,TK1-decoder-deep-array-20000-move-failed-key,3.4 / 5 / 7 / 10,see named Stage1 sections,A deep refused move leaves its key reusable.,systems-engineer
1,"1,2,3,4",systems-engineer,independent-verifier,PENDING_NAMED_CANDIDATE,"independent raw HTTP, inductive deep grammar and shallow exact-value oracle",decoder-strictness/deep-real-receipts,PENDING explicit candidate7 execution release; prepared decoder_runtime.py,UNVERIFIED,unverified,True,TK1-decoder-deep-array-20000-export,3.4 / 5 / 7 / 10,see named Stage1 sections,Export captures actual successful deep create and move receipts.,systems-engineer
1,"1,2,3,4",systems-engineer,independent-verifier,PENDING_NAMED_CANDIDATE,"independent raw HTTP, inductive deep grammar and shallow exact-value oracle",decoder-strictness/deep-real-receipts,PENDING explicit candidate7 execution release; prepared decoder_runtime.py,UNVERIFIED,unverified,True,TK1-decoder-deep-array-20000-amend,3.4 / 5 / 7 / 10,see named Stage1 sections,A real amendment changes the current booking after snapshot capture.,systems-engineer
1,"1,2,3,4",systems-engineer,independent-verifier,PENDING_NAMED_CANDIDATE,"independent raw HTTP, inductive deep grammar and shallow exact-value oracle",decoder-strictness/deep-real-receipts,PENDING explicit candidate7 execution release; prepared decoder_runtime.py,UNVERIFIED,unverified,True,TK1-decoder-deep-array-20000-cancel,3.4 / 5 / 7 / 10,see named Stage1 sections,A real cancellation changes current occupancy after snapshot capture.,systems-engineer
1,"1,2,3,4",systems-engineer,independent-verifier,PENDING_NAMED_CANDIDATE,"independent raw HTTP, inductive deep grammar and shallow exact-value oracle",decoder-strictness/deep-real-receipts,PENDING explicit candidate7 execution release; prepared decoder_runtime.py,UNVERIFIED,unverified,True,TK1-decoder-deep-array-20000-create-immutable,3.4 / 5 / 7 / 10,see named Stage1 sections,Original deep create replay remains unchanged after amendment and cancellation.,systems-engineer
1,"1,2,3,4",systems-engineer,independent-verifier,PENDING_NAMED_CANDIDATE,"independent raw HTTP, inductive deep grammar and shallow exact-value oracle",decoder-strictness/deep-real-receipts,PENDING explicit candidate7 execution release; prepared decoder_runtime.py,UNVERIFIED,unverified,True,TK1-decoder-deep-array-20000-moves-immutable,3.4 / 5 / 7 / 10,see named Stage1 sections,Original deep move replay remains unchanged after amendment and cancellation.,systems-engineer
1,"1,2,3,4",systems-engineer,independent-verifier,PENDING_NAMED_CANDIDATE,"independent raw HTTP, inductive deep grammar and shallow exact-value oracle",decoder-strictness/deep-real-receipts,PENDING explicit candidate7 execution release; prepared decoder_runtime.py,UNVERIFIED,unverified,True,TK1-decoder-deep-array-20000-bad-import,3.4 / 5 / 7 / 10,see named Stage1 sections,Malformed deep private import refuses before replacing state.,systems-engineer
1,"1,2,3,4",systems-engineer,independent-verifier,PENDING_NAMED_CANDIDATE,"independent raw HTTP, inductive deep grammar and shallow exact-value oracle",decoder-strictness/deep-real-receipts,PENDING explicit candidate7 execution release; prepared decoder_runtime.py,UNVERIFIED,unverified,True,TK1-decoder-deep-array-20000-bad-import-atomic,3.4 / 5 / 7 / 10,see named Stage1 sections,"Malformed deep import preserves current records, sessions and original receipts.",systems-engineer
1,"1,2,3,4",systems-engineer,independent-verifier,PENDING_NAMED_CANDIDATE,"independent raw HTTP, inductive deep grammar and shallow exact-value oracle",decoder-strictness/deep-real-receipts,PENDING explicit candidate7 execution release; prepared decoder_runtime.py,UNVERIFIED,unverified,True,TK1-decoder-deep-array-20000-snapshot-lifetime,3.4 / 5 / 7 / 10,see named Stage1 sections,Captured immutable bytes remain unchanged through subsequent source writes.,systems-engineer
1,"1,2,3,4",systems-engineer,independent-verifier,PENDING_NAMED_CANDIDATE,"independent raw HTTP, inductive deep grammar and shallow exact-value oracle",decoder-strictness/deep-real-receipts,PENDING explicit candidate7 execution release; prepared decoder_runtime.py,UNVERIFIED,unverified,True,TK1-decoder-deep-array-20000-peer-import,7 / 10,see named Stage1 sections,Unchanged actual deep export replaces an independent destination atomically.,systems-engineer
1,"1,2,3,4",systems-engineer,independent-verifier,PENDING_NAMED_CANDIDATE,"independent raw HTTP, inductive deep grammar and shallow exact-value oracle",decoder-strictness/deep-real-receipts,PENDING explicit candidate7 execution release; prepared decoder_runtime.py,UNVERIFIED,unverified,True,TK1-decoder-deep-array-20000-peer-replaced-session,7 / 10,see named Stage1 sections,Old destination sessions are removed by replacement.,systems-engineer
1,"1,2,3,4",systems-engineer,independent-verifier,PENDING_NAMED_CANDIDATE,"independent raw HTTP, inductive deep grammar and shallow exact-value oracle",decoder-strictness/deep-real-receipts,PENDING explicit candidate7 execution release; prepared decoder_runtime.py,UNVERIFIED,unverified,True,TK1-decoder-deep-array-20000-peer-replaced-login,7 / 10,see named Stage1 sections,Old destination credentials are removed by replacement.,systems-engineer
1,"1,2,3,4",systems-engineer,independent-verifier,PENDING_NAMED_CANDIDATE,"independent raw HTTP, inductive deep grammar and shallow exact-value oracle",decoder-strictness/deep-real-receipts,PENDING explicit candidate7 execution release; prepared decoder_runtime.py,UNVERIFIED,unverified,True,TK1-decoder-deep-array-20000-peer-records,7 / 10,see named Stage1 sections,"Imported deep state retains real identities, assignment, timestamps and confirmed status.",systems-engineer
1,"1,2,3,4",systems-engineer,independent-verifier,PENDING_NAMED_CANDIDATE,"independent raw HTTP, inductive deep grammar and shallow exact-value oracle",decoder-strictness/deep-real-receipts,PENDING explicit candidate7 execution release; prepared decoder_runtime.py,UNVERIFIED,unverified,True,TK1-decoder-deep-array-20000-peer-create-original,7 / 10,see named Stage1 sections,The transferred deep original create receipt replays identically.,systems-engineer
1,"1,2,3,4",systems-engineer,independent-verifier,PENDING_NAMED_CANDIDATE,"independent raw HTTP, inductive deep grammar and shallow exact-value oracle",decoder-strictness/deep-real-receipts,PENDING explicit candidate7 execution release; prepared decoder_runtime.py,UNVERIFIED,unverified,True,TK1-decoder-deep-array-20000-peer-moves-original,7 / 10,see named Stage1 sections,The transferred deep original ordered swap receipt replays identically.,systems-engineer
1,"1,2,3,4",systems-engineer,independent-verifier,PENDING_NAMED_CANDIDATE,"independent raw HTTP, inductive deep grammar and shallow exact-value oracle",decoder-strictness/deep-real-receipts,PENDING explicit candidate7 execution release; prepared decoder_runtime.py,UNVERIFIED,unverified,True,TK1-decoder-deep-array-20000-peer-difference,7 / 10,see named Stage1 sections,A valid deep body difference retains used-key refusal after import.,systems-engineer
1,"1,2,3,4",systems-engineer,independent-verifier,PENDING_NAMED_CANDIDATE,"independent raw HTTP, inductive deep grammar and shallow exact-value oracle",decoder-strictness/deep-real-receipts,PENDING explicit candidate7 execution release; prepared decoder_runtime.py,UNVERIFIED,unverified,True,TK1-decoder-deep-array-20000-peer-cancel,7 / 10,see named Stage1 sections,An imported booking can be cancelled with its retained token.,systems-engineer
1,"1,2,3,4",systems-engineer,independent-verifier,PENDING_NAMED_CANDIDATE,"independent raw HTTP, inductive deep grammar and shallow exact-value oracle",decoder-strictness/deep-real-receipts,PENDING explicit candidate7 execution release; prepared decoder_runtime.py,UNVERIFIED,unverified,True,TK1-decoder-deep-array-20000-peer-replay-cancelled,7 / 10,see named Stage1 sections,A cancelled imported booking still replays its original receipt.,systems-engineer
1,"1,2,3,4",systems-engineer,independent-verifier,PENDING_NAMED_CANDIDATE,"independent raw HTTP, inductive deep grammar and shallow exact-value oracle",decoder-strictness/deep-real-receipts,PENDING explicit candidate7 execution release; prepared decoder_runtime.py,UNVERIFIED,unverified,True,TK1-decoder-deep-array-20000-peer-repeat-import,7 / 10,see named Stage1 sections,Repeating the unchanged deep import restores exported state without duplication.,systems-engineer
1,"1,2,3,4",systems-engineer,independent-verifier,PENDING_NAMED_CANDIDATE,"independent raw HTTP, inductive deep grammar and shallow exact-value oracle",decoder-strictness/deep-real-receipts,PENDING explicit candidate7 execution release; prepared decoder_runtime.py,UNVERIFIED,unverified,True,TK1-decoder-deep-array-20000-peer-repeat-records,7 / 10,see named Stage1 sections,Repeated replacement restores confirmed status and exactly the exported identities.,systems-engineer
1,"1,2,3,4",systems-engineer,independent-verifier,PENDING_NAMED_CANDIDATE,"independent raw HTTP, inductive deep grammar and shallow exact-value oracle",decoder-strictness/deep-real-receipts,PENDING explicit candidate7 execution release; prepared decoder_runtime.py,UNVERIFIED,unverified,True,TK1-decoder-deep-array-20000-third-import,7 / 10,see named Stage1 sections,Unchanged actual deep export replaces an independent destination atomically.,systems-engineer
1,"1,2,3,4",systems-engineer,independent-verifier,PENDING_NAMED_CANDIDATE,"independent raw HTTP, inductive deep grammar and shallow exact-value oracle",decoder-strictness/deep-real-receipts,PENDING explicit candidate7 execution release; prepared decoder_runtime.py,UNVERIFIED,unverified,True,TK1-decoder-deep-array-20000-third-replaced-session,7 / 10,see named Stage1 sections,Old destination sessions are removed by replacement.,systems-engineer
1,"1,2,3,4",systems-engineer,independent-verifier,PENDING_NAMED_CANDIDATE,"independent raw HTTP, inductive deep grammar and shallow exact-value oracle",decoder-strictness/deep-real-receipts,PENDING explicit candidate7 execution release; prepared decoder_runtime.py,UNVERIFIED,unverified,True,TK1-decoder-deep-array-20000-third-replaced-login,7 / 10,see named Stage1 sections,Old destination credentials are removed by replacement.,systems-engineer
1,"1,2,3,4",systems-engineer,independent-verifier,PENDING_NAMED_CANDIDATE,"independent raw HTTP, inductive deep grammar and shallow exact-value oracle",decoder-strictness/deep-real-receipts,PENDING explicit candidate7 execution release; prepared decoder_runtime.py,UNVERIFIED,unverified,True,TK1-decoder-deep-array-20000-third-records,7 / 10,see named Stage1 sections,"Imported deep state retains real identities, assignment, timestamps and confirmed status.",systems-engineer
1,"1,2,3,4",systems-engineer,independent-verifier,PENDING_NAMED_CANDIDATE,"independent raw HTTP, inductive deep grammar and shallow exact-value oracle",decoder-strictness/deep-real-receipts,PENDING explicit candidate7 execution release; prepared decoder_runtime.py,UNVERIFIED,unverified,True,TK1-decoder-deep-array-20000-third-create-original,7 / 10,see named Stage1 sections,The transferred deep original create receipt replays identically.,systems-engineer
1,"1,2,3,4",systems-engineer,independent-verifier,PENDING_NAMED_CANDIDATE,"independent raw HTTP, inductive deep grammar and shallow exact-value oracle",decoder-strictness/deep-real-receipts,PENDING explicit candidate7 execution release; prepared decoder_runtime.py,UNVERIFIED,unverified,True,TK1-decoder-deep-array-20000-third-moves-original,7 / 10,see named Stage1 sections,The transferred deep original ordered swap receipt replays identically.,systems-engineer
1,"1,2,3,4",systems-engineer,independent-verifier,PENDING_NAMED_CANDIDATE,"independent raw HTTP, inductive deep grammar and shallow exact-value oracle",decoder-strictness/deep-real-receipts,PENDING explicit candidate7 execution release; prepared decoder_runtime.py,UNVERIFIED,unverified,True,TK1-decoder-deep-array-20000-third-difference,7 / 10,see named Stage1 sections,A valid deep body difference retains used-key refusal after import.,systems-engineer
1,"1,2,3,4",systems-engineer,independent-verifier,PENDING_NAMED_CANDIDATE,"independent raw HTTP, inductive deep grammar and shallow exact-value oracle",decoder-strictness/deep-real-receipts,PENDING explicit candidate7 execution release; prepared decoder_runtime.py,UNVERIFIED,unverified,True,TK1-decoder-deep-array-20000-third-cancel,7 / 10,see named Stage1 sections,An imported booking can be cancelled with its retained token.,systems-engineer
1,"1,2,3,4",systems-engineer,independent-verifier,PENDING_NAMED_CANDIDATE,"independent raw HTTP, inductive deep grammar and shallow exact-value oracle",decoder-strictness/deep-real-receipts,PENDING explicit candidate7 execution release; prepared decoder_runtime.py,UNVERIFIED,unverified,True,TK1-decoder-deep-array-20000-third-replay-cancelled,7 / 10,see named Stage1 sections,A cancelled imported booking still replays its original receipt.,systems-engineer
1,"1,2,3,4",systems-engineer,independent-verifier,PENDING_NAMED_CANDIDATE,"independent raw HTTP, inductive deep grammar and shallow exact-value oracle",decoder-strictness/deep-real-receipts,PENDING explicit candidate7 execution release; prepared decoder_runtime.py,UNVERIFIED,unverified,True,TK1-decoder-deep-array-20000-third-repeat-import,7 / 10,see named Stage1 sections,Repeating the unchanged deep import restores exported state without duplication.,systems-engineer
1,"1,2,3,4",systems-engineer,independent-verifier,PENDING_NAMED_CANDIDATE,"independent raw HTTP, inductive deep grammar and shallow exact-value oracle",decoder-strictness/deep-real-receipts,PENDING explicit candidate7 execution release; prepared decoder_runtime.py,UNVERIFIED,unverified,True,TK1-decoder-deep-array-20000-third-repeat-records,7 / 10,see named Stage1 sections,Repeated replacement restores confirmed status and exactly the exported identities.,systems-engineer
1,"1,2,3,4",systems-engineer,independent-verifier,PENDING_NAMED_CANDIDATE,"independent raw HTTP, inductive deep grammar and shallow exact-value oracle",decoder-strictness/deep-real-receipts,PENDING explicit candidate7 execution release; prepared decoder_runtime.py,UNVERIFIED,unverified,True,TK1-decoder-deep-array-20000-peer-export,10,see named Stage1 sections,A second independent process exports the genuinely imported deep receipts.,systems-engineer
1,"1,2,3,4",systems-engineer,independent-verifier,PENDING_NAMED_CANDIDATE,"independent raw HTTP, inductive deep grammar and shallow exact-value oracle",decoder-strictness/deep-real-receipts,PENDING explicit candidate7 execution release; prepared decoder_runtime.py,UNVERIFIED,unverified,True,TK1-decoder-deep-object-1100-reset,3.4 / 5 / 7 / 10,see named Stage1 sections,Valid ignored deep reset succeeds without imposing a nesting ceiling.,systems-engineer
1,"1,2,3,4",systems-engineer,independent-verifier,PENDING_NAMED_CANDIDATE,"independent raw HTTP, inductive deep grammar and shallow exact-value oracle",decoder-strictness/deep-real-receipts,PENDING explicit candidate7 execution release; prepared decoder_runtime.py,UNVERIFIED,unverified,True,TK1-decoder-deep-object-1100-signup,3.4 / 5 / 7 / 10,see named Stage1 sections,Valid ignored deep signup succeeds.,systems-engineer
1,"1,2,3,4",systems-engineer,independent-verifier,PENDING_NAMED_CANDIDATE,"independent raw HTTP, inductive deep grammar and shallow exact-value oracle",decoder-strictness/deep-real-receipts,PENDING explicit candidate7 execution release; prepared decoder_runtime.py,UNVERIFIED,unverified,True,TK1-decoder-deep-object-1100-login,3.4 / 5 / 7 / 10,see named Stage1 sections,Valid ignored deep login succeeds and supplies a second active session.,systems-engineer
1,"1,2,3,4",systems-engineer,independent-verifier,PENDING_NAMED_CANDIDATE,"independent raw HTTP, inductive deep grammar and shallow exact-value oracle",decoder-strictness/deep-real-receipts,PENDING explicit candidate7 execution release; prepared decoder_runtime.py,UNVERIFIED,unverified,True,TK1-decoder-deep-object-1100-second-token,3.4 / 5 / 7 / 10,see named Stage1 sections,The original session remains valid after another deep login.,systems-engineer
1,"1,2,3,4",systems-engineer,independent-verifier,PENDING_NAMED_CANDIDATE,"independent raw HTTP, inductive deep grammar and shallow exact-value oracle",decoder-strictness/deep-real-receipts,PENDING explicit candidate7 execution release; prepared decoder_runtime.py,UNVERIFIED,unverified,True,TK1-decoder-deep-object-1100-create,3.4 / 5 / 7 / 10,see named Stage1 sections,Valid ignored deep create issues a real original receipt.,systems-engineer
1,"1,2,3,4",systems-engineer,independent-verifier,PENDING_NAMED_CANDIDATE,"independent raw HTTP, inductive deep grammar and shallow exact-value oracle",decoder-strictness/deep-real-receipts,PENDING explicit candidate7 execution release; prepared decoder_runtime.py,UNVERIFIED,unverified,True,TK1-decoder-deep-object-1100-create-alias,3.4 / 5 / 7 / 10,see named Stage1 sections,An equal complete deep parsed body replays the original create response.,systems-engineer
1,"1,2,3,4",systems-engineer,independent-verifier,PENDING_NAMED_CANDIDATE,"independent raw HTTP, inductive deep grammar and shallow exact-value oracle",decoder-strictness/deep-real-receipts,PENDING explicit candidate7 execution release; prepared decoder_runtime.py,UNVERIFIED,unverified,True,TK1-decoder-deep-object-1100-create-precision,3.4 / 5 / 7 / 10,see named Stage1 sections,A deep exact numeric difference conflicts before current resource checks.,systems-engineer
1,"1,2,3,4",systems-engineer,independent-verifier,PENDING_NAMED_CANDIDATE,"independent raw HTTP, inductive deep grammar and shallow exact-value oracle",decoder-strictness/deep-real-receipts,PENDING explicit candidate7 execution release; prepared decoder_runtime.py,UNVERIFIED,unverified,True,TK1-decoder-deep-object-1100-create-type,3.4 / 5 / 7 / 10,see named Stage1 sections,A nested number/boolean difference conflicts.,systems-engineer
1,"1,2,3,4",systems-engineer,independent-verifier,PENDING_NAMED_CANDIDATE,"independent raw HTTP, inductive deep grammar and shallow exact-value oracle",decoder-strictness/deep-real-receipts,PENDING explicit candidate7 execution release; prepared decoder_runtime.py,UNVERIFIED,unverified,True,TK1-decoder-deep-object-1100-create-invalid-difference,3.4 / 5 / 7 / 10,see named Stage1 sections,Used-key deep differences precede invalid party values.,systems-engineer
1,"1,2,3,4",systems-engineer,independent-verifier,PENDING_NAMED_CANDIDATE,"independent raw HTTP, inductive deep grammar and shallow exact-value oracle",decoder-strictness/deep-real-receipts,PENDING explicit candidate7 execution release; prepared decoder_runtime.py,UNVERIFIED,unverified,True,TK1-decoder-deep-object-1100-create-no-auth,3.4 / 5 / 7 / 10,see named Stage1 sections,Valid deep writes still require authentication.,systems-engineer
1,"1,2,3,4",systems-engineer,independent-verifier,PENDING_NAMED_CANDIDATE,"independent raw HTTP, inductive deep grammar and shallow exact-value oracle",decoder-strictness/deep-real-receipts,PENDING explicit candidate7 execution release; prepared decoder_runtime.py,UNVERIFIED,unverified,True,TK1-decoder-deep-object-1100-create-no-key,3.4 / 5 / 7 / 10,see named Stage1 sections,Valid deep writes still require a key.,systems-engineer
1,"1,2,3,4",systems-engineer,independent-verifier,PENDING_NAMED_CANDIDATE,"independent raw HTTP, inductive deep grammar and shallow exact-value oracle",decoder-strictness/deep-real-receipts,PENDING explicit candidate7 execution release; prepared decoder_runtime.py,UNVERIFIED,unverified,True,TK1-decoder-deep-object-1100-second-create,3.4 / 5 / 7 / 10,see named Stage1 sections,A second ordinary booking provides a real atomic swap member.,systems-engineer
1,"1,2,3,4",systems-engineer,independent-verifier,PENDING_NAMED_CANDIDATE,"independent raw HTTP, inductive deep grammar and shallow exact-value oracle",decoder-strictness/deep-real-receipts,PENDING explicit candidate7 execution release; prepared decoder_runtime.py,UNVERIFIED,unverified,True,TK1-decoder-deep-object-1100-moves,3.4 / 5 / 7 / 10,see named Stage1 sections,A deep complete body and per-item ignored field preserve an atomic two-member swap.,systems-engineer
1,"1,2,3,4",systems-engineer,independent-verifier,PENDING_NAMED_CANDIDATE,"independent raw HTTP, inductive deep grammar and shallow exact-value oracle",decoder-strictness/deep-real-receipts,PENDING explicit candidate7 execution release; prepared decoder_runtime.py,UNVERIFIED,unverified,True,TK1-decoder-deep-object-1100-moves-alias,3.4 / 5 / 7 / 10,see named Stage1 sections,Deep move aliases replay the real original ordered batch receipt.,systems-engineer
1,"1,2,3,4",systems-engineer,independent-verifier,PENDING_NAMED_CANDIDATE,"independent raw HTTP, inductive deep grammar and shallow exact-value oracle",decoder-strictness/deep-real-receipts,PENDING explicit candidate7 execution release; prepared decoder_runtime.py,UNVERIFIED,unverified,True,TK1-decoder-deep-object-1100-moves-precision,3.4 / 5 / 7 / 10,see named Stage1 sections,A deep exact move body difference conflicts.,systems-engineer
1,"1,2,3,4",systems-engineer,independent-verifier,PENDING_NAMED_CANDIDATE,"independent raw HTTP, inductive deep grammar and shallow exact-value oracle",decoder-strictness/deep-real-receipts,PENDING explicit candidate7 execution release; prepared decoder_runtime.py,UNVERIFIED,unverified,True,TK1-decoder-deep-object-1100-moves-type,3.4 / 5 / 7 / 10,see named Stage1 sections,A nested numeric/type move difference conflicts.,systems-engineer
1,"1,2,3,4",systems-engineer,independent-verifier,PENDING_NAMED_CANDIDATE,"independent raw HTTP, inductive deep grammar and shallow exact-value oracle",decoder-strictness/deep-real-receipts,PENDING explicit candidate7 execution release; prepared decoder_runtime.py,UNVERIFIED,unverified,True,TK1-decoder-deep-object-1100-create-fraction,3.4 / 5 / 7 / 10,see named Stage1 sections,A valid deep fractional party reaches endpoint validation.,systems-engineer
1,"1,2,3,4",systems-engineer,independent-verifier,PENDING_NAMED_CANDIDATE,"independent raw HTTP, inductive deep grammar and shallow exact-value oracle",decoder-strictness/deep-real-receipts,PENDING explicit candidate7 execution release; prepared decoder_runtime.py,UNVERIFIED,unverified,True,TK1-decoder-deep-object-1100-create-fraction-atomic,3.4 / 5 / 7 / 10,see named Stage1 sections,A refused deep create preserves records and occupancy.,systems-engineer
1,"1,2,3,4",systems-engineer,independent-verifier,PENDING_NAMED_CANDIDATE,"independent raw HTTP, inductive deep grammar and shallow exact-value oracle",decoder-strictness/deep-real-receipts,PENDING explicit candidate7 execution release; prepared decoder_runtime.py,UNVERIFIED,unverified,True,TK1-decoder-deep-object-1100-create-failed-key,3.4 / 5 / 7 / 10,see named Stage1 sections,A deep refused create leaves its key reusable.,systems-engineer
1,"1,2,3,4",systems-engineer,independent-verifier,PENDING_NAMED_CANDIDATE,"independent raw HTTP, inductive deep grammar and shallow exact-value oracle",decoder-strictness/deep-real-receipts,PENDING explicit candidate7 execution release; prepared decoder_runtime.py,UNVERIFIED,unverified,True,TK1-decoder-deep-object-1100-move-fraction,3.4 / 5 / 7 / 10,see named Stage1 sections,A deep fractional move refuses without consuming the key.,systems-engineer
1,"1,2,3,4",systems-engineer,independent-verifier,PENDING_NAMED_CANDIDATE,"independent raw HTTP, inductive deep grammar and shallow exact-value oracle",decoder-strictness/deep-real-receipts,PENDING explicit candidate7 execution release; prepared decoder_runtime.py,UNVERIFIED,unverified,True,TK1-decoder-deep-object-1100-move-fraction-atomic,3.4 / 5 / 7 / 10,see named Stage1 sections,A refused deep batch preserves every record and occupancy.,systems-engineer
1,"1,2,3,4",systems-engineer,independent-verifier,PENDING_NAMED_CANDIDATE,"independent raw HTTP, inductive deep grammar and shallow exact-value oracle",decoder-strictness/deep-real-receipts,PENDING explicit candidate7 execution release; prepared decoder_runtime.py,UNVERIFIED,unverified,True,TK1-decoder-deep-object-1100-move-failed-key,3.4 / 5 / 7 / 10,see named Stage1 sections,A deep refused move leaves its key reusable.,systems-engineer
1,"1,2,3,4",systems-engineer,independent-verifier,PENDING_NAMED_CANDIDATE,"independent raw HTTP, inductive deep grammar and shallow exact-value oracle",decoder-strictness/deep-real-receipts,PENDING explicit candidate7 execution release; prepared decoder_runtime.py,UNVERIFIED,unverified,True,TK1-decoder-deep-object-1100-export,3.4 / 5 / 7 / 10,see named Stage1 sections,Export captures actual successful deep create and move receipts.,systems-engineer
1,"1,2,3,4",systems-engineer,independent-verifier,PENDING_NAMED_CANDIDATE,"independent raw HTTP, inductive deep grammar and shallow exact-value oracle",decoder-strictness/deep-real-receipts,PENDING explicit candidate7 execution release; prepared decoder_runtime.py,UNVERIFIED,unverified,True,TK1-decoder-deep-object-1100-amend,3.4 / 5 / 7 / 10,see named Stage1 sections,A real amendment changes the current booking after snapshot capture.,systems-engineer
1,"1,2,3,4",systems-engineer,independent-verifier,PENDING_NAMED_CANDIDATE,"independent raw HTTP, inductive deep grammar and shallow exact-value oracle",decoder-strictness/deep-real-receipts,PENDING explicit candidate7 execution release; prepared decoder_runtime.py,UNVERIFIED,unverified,True,TK1-decoder-deep-object-1100-cancel,3.4 / 5 / 7 / 10,see named Stage1 sections,A real cancellation changes current occupancy after snapshot capture.,systems-engineer
1,"1,2,3,4",systems-engineer,independent-verifier,PENDING_NAMED_CANDIDATE,"independent raw HTTP, inductive deep grammar and shallow exact-value oracle",decoder-strictness/deep-real-receipts,PENDING explicit candidate7 execution release; prepared decoder_runtime.py,UNVERIFIED,unverified,True,TK1-decoder-deep-object-1100-create-immutable,3.4 / 5 / 7 / 10,see named Stage1 sections,Original deep create replay remains unchanged after amendment and cancellation.,systems-engineer
1,"1,2,3,4",systems-engineer,independent-verifier,PENDING_NAMED_CANDIDATE,"independent raw HTTP, inductive deep grammar and shallow exact-value oracle",decoder-strictness/deep-real-receipts,PENDING explicit candidate7 execution release; prepared decoder_runtime.py,UNVERIFIED,unverified,True,TK1-decoder-deep-object-1100-moves-immutable,3.4 / 5 / 7 / 10,see named Stage1 sections,Original deep move replay remains unchanged after amendment and cancellation.,systems-engineer
1,"1,2,3,4",systems-engineer,independent-verifier,PENDING_NAMED_CANDIDATE,"independent raw HTTP, inductive deep grammar and shallow exact-value oracle",decoder-strictness/deep-real-receipts,PENDING explicit candidate7 execution release; prepared decoder_runtime.py,UNVERIFIED,unverified,True,TK1-decoder-deep-object-1100-bad-import,3.4 / 5 / 7 / 10,see named Stage1 sections,Malformed deep private import refuses before replacing state.,systems-engineer
1,"1,2,3,4",systems-engineer,independent-verifier,PENDING_NAMED_CANDIDATE,"independent raw HTTP, inductive deep grammar and shallow exact-value oracle",decoder-strictness/deep-real-receipts,PENDING explicit candidate7 execution release; prepared decoder_runtime.py,UNVERIFIED,unverified,True,TK1-decoder-deep-object-1100-bad-import-atomic,3.4 / 5 / 7 / 10,see named Stage1 sections,"Malformed deep import preserves current records, sessions and original receipts.",systems-engineer
1,"1,2,3,4",systems-engineer,independent-verifier,PENDING_NAMED_CANDIDATE,"independent raw HTTP, inductive deep grammar and shallow exact-value oracle",decoder-strictness/deep-real-receipts,PENDING explicit candidate7 execution release; prepared decoder_runtime.py,UNVERIFIED,unverified,True,TK1-decoder-deep-object-1100-snapshot-lifetime,3.4 / 5 / 7 / 10,see named Stage1 sections,Captured immutable bytes remain unchanged through subsequent source writes.,systems-engineer
1,"1,2,3,4",systems-engineer,independent-verifier,PENDING_NAMED_CANDIDATE,"independent raw HTTP, inductive deep grammar and shallow exact-value oracle",decoder-strictness/deep-real-receipts,PENDING explicit candidate7 execution release; prepared decoder_runtime.py,UNVERIFIED,unverified,True,TK1-decoder-deep-object-1100-peer-import,7 / 10,see named Stage1 sections,Unchanged actual deep export replaces an independent destination atomically.,systems-engineer
1,"1,2,3,4",systems-engineer,independent-verifier,PENDING_NAMED_CANDIDATE,"independent raw HTTP, inductive deep grammar and shallow exact-value oracle",decoder-strictness/deep-real-receipts,PENDING explicit candidate7 execution release; prepared decoder_runtime.py,UNVERIFIED,unverified,True,TK1-decoder-deep-object-1100-peer-replaced-session,7 / 10,see named Stage1 sections,Old destination sessions are removed by replacement.,systems-engineer
1,"1,2,3,4",systems-engineer,independent-verifier,PENDING_NAMED_CANDIDATE,"independent raw HTTP, inductive deep grammar and shallow exact-value oracle",decoder-strictness/deep-real-receipts,PENDING explicit candidate7 execution release; prepared decoder_runtime.py,UNVERIFIED,unverified,True,TK1-decoder-deep-object-1100-peer-replaced-login,7 / 10,see named Stage1 sections,Old destination credentials are removed by replacement.,systems-engineer
1,"1,2,3,4",systems-engineer,independent-verifier,PENDING_NAMED_CANDIDATE,"independent raw HTTP, inductive deep grammar and shallow exact-value oracle",decoder-strictness/deep-real-receipts,PENDING explicit candidate7 execution release; prepared decoder_runtime.py,UNVERIFIED,unverified,True,TK1-decoder-deep-object-1100-peer-records,7 / 10,see named Stage1 sections,"Imported deep state retains real identities, assignment, timestamps and confirmed status.",systems-engineer
1,"1,2,3,4",systems-engineer,independent-verifier,PENDING_NAMED_CANDIDATE,"independent raw HTTP, inductive deep grammar and shallow exact-value oracle",decoder-strictness/deep-real-receipts,PENDING explicit candidate7 execution release; prepared decoder_runtime.py,UNVERIFIED,unverified,True,TK1-decoder-deep-object-1100-peer-create-original,7 / 10,see named Stage1 sections,The transferred deep original create receipt replays identically.,systems-engineer
1,"1,2,3,4",systems-engineer,independent-verifier,PENDING_NAMED_CANDIDATE,"independent raw HTTP, inductive deep grammar and shallow exact-value oracle",decoder-strictness/deep-real-receipts,PENDING explicit candidate7 execution release; prepared decoder_runtime.py,UNVERIFIED,unverified,True,TK1-decoder-deep-object-1100-peer-moves-original,7 / 10,see named Stage1 sections,The transferred deep original ordered swap receipt replays identically.,systems-engineer
1,"1,2,3,4",systems-engineer,independent-verifier,PENDING_NAMED_CANDIDATE,"independent raw HTTP, inductive deep grammar and shallow exact-value oracle",decoder-strictness/deep-real-receipts,PENDING explicit candidate7 execution release; prepared decoder_runtime.py,UNVERIFIED,unverified,True,TK1-decoder-deep-object-1100-peer-difference,7 / 10,see named Stage1 sections,A valid deep body difference retains used-key refusal after import.,systems-engineer
1,"1,2,3,4",systems-engineer,independent-verifier,PENDING_NAMED_CANDIDATE,"independent raw HTTP, inductive deep grammar and shallow exact-value oracle",decoder-strictness/deep-real-receipts,PENDING explicit candidate7 execution release; prepared decoder_runtime.py,UNVERIFIED,unverified,True,TK1-decoder-deep-object-1100-peer-cancel,7 / 10,see named Stage1 sections,An imported booking can be cancelled with its retained token.,systems-engineer
1,"1,2,3,4",systems-engineer,independent-verifier,PENDING_NAMED_CANDIDATE,"independent raw HTTP, inductive deep grammar and shallow exact-value oracle",decoder-strictness/deep-real-receipts,PENDING explicit candidate7 execution release; prepared decoder_runtime.py,UNVERIFIED,unverified,True,TK1-decoder-deep-object-1100-peer-replay-cancelled,7 / 10,see named Stage1 sections,A cancelled imported booking still replays its original receipt.,systems-engineer
1,"1,2,3,4",systems-engineer,independent-verifier,PENDING_NAMED_CANDIDATE,"independent raw HTTP, inductive deep grammar and shallow exact-value oracle",decoder-strictness/deep-real-receipts,PENDING explicit candidate7 execution release; prepared decoder_runtime.py,UNVERIFIED,unverified,True,TK1-decoder-deep-object-1100-peer-repeat-import,7 / 10,see named Stage1 sections,Repeating the unchanged deep import restores exported state without duplication.,systems-engineer
1,"1,2,3,4",systems-engineer,independent-verifier,PENDING_NAMED_CANDIDATE,"independent raw HTTP, inductive deep grammar and shallow exact-value oracle",decoder-strictness/deep-real-receipts,PENDING explicit candidate7 execution release; prepared decoder_runtime.py,UNVERIFIED,unverified,True,TK1-decoder-deep-object-1100-peer-repeat-records,7 / 10,see named Stage1 sections,Repeated replacement restores confirmed status and exactly the exported identities.,systems-engineer
1,"1,2,3,4",systems-engineer,independent-verifier,PENDING_NAMED_CANDIDATE,"independent raw HTTP, inductive deep grammar and shallow exact-value oracle",decoder-strictness/deep-real-receipts,PENDING explicit candidate7 execution release; prepared decoder_runtime.py,UNVERIFIED,unverified,True,TK1-decoder-deep-object-1100-third-import,7 / 10,see named Stage1 sections,Unchanged actual deep export replaces an independent destination atomically.,systems-engineer
1,"1,2,3,4",systems-engineer,independent-verifier,PENDING_NAMED_CANDIDATE,"independent raw HTTP, inductive deep grammar and shallow exact-value oracle",decoder-strictness/deep-real-receipts,PENDING explicit candidate7 execution release; prepared decoder_runtime.py,UNVERIFIED,unverified,True,TK1-decoder-deep-object-1100-third-replaced-session,7 / 10,see named Stage1 sections,Old destination sessions are removed by replacement.,systems-engineer
1,"1,2,3,4",systems-engineer,independent-verifier,PENDING_NAMED_CANDIDATE,"independent raw HTTP, inductive deep grammar and shallow exact-value oracle",decoder-strictness/deep-real-receipts,PENDING explicit candidate7 execution release; prepared decoder_runtime.py,UNVERIFIED,unverified,True,TK1-decoder-deep-object-1100-third-replaced-login,7 / 10,see named Stage1 sections,Old destination credentials are removed by replacement.,systems-engineer
1,"1,2,3,4",systems-engineer,independent-verifier,PENDING_NAMED_CANDIDATE,"independent raw HTTP, inductive deep grammar and shallow exact-value oracle",decoder-strictness/deep-real-receipts,PENDING explicit candidate7 execution release; prepared decoder_runtime.py,UNVERIFIED,unverified,True,TK1-decoder-deep-object-1100-third-records,7 / 10,see named Stage1 sections,"Imported deep state retains real identities, assignment, timestamps and confirmed status.",systems-engineer
1,"1,2,3,4",systems-engineer,independent-verifier,PENDING_NAMED_CANDIDATE,"independent raw HTTP, inductive deep grammar and shallow exact-value oracle",decoder-strictness/deep-real-receipts,PENDING explicit candidate7 execution release; prepared decoder_runtime.py,UNVERIFIED,unverified,True,TK1-decoder-deep-object-1100-third-create-original,7 / 10,see named Stage1 sections,The transferred deep original create receipt replays identically.,systems-engineer
1,"1,2,3,4",systems-engineer,independent-verifier,PENDING_NAMED_CANDIDATE,"independent raw HTTP, inductive deep grammar and shallow exact-value oracle",decoder-strictness/deep-real-receipts,PENDING explicit candidate7 execution release; prepared decoder_runtime.py,UNVERIFIED,unverified,True,TK1-decoder-deep-object-1100-third-moves-original,7 / 10,see named Stage1 sections,The transferred deep original ordered swap receipt replays identically.,systems-engineer
1,"1,2,3,4",systems-engineer,independent-verifier,PENDING_NAMED_CANDIDATE,"independent raw HTTP, inductive deep grammar and shallow exact-value oracle",decoder-strictness/deep-real-receipts,PENDING explicit candidate7 execution release; prepared decoder_runtime.py,UNVERIFIED,unverified,True,TK1-decoder-deep-object-1100-third-difference,7 / 10,see named Stage1 sections,A valid deep body difference retains used-key refusal after import.,systems-engineer
1,"1,2,3,4",systems-engineer,independent-verifier,PENDING_NAMED_CANDIDATE,"independent raw HTTP, inductive deep grammar and shallow exact-value oracle",decoder-strictness/deep-real-receipts,PENDING explicit candidate7 execution release; prepared decoder_runtime.py,UNVERIFIED,unverified,True,TK1-decoder-deep-object-1100-third-cancel,7 / 10,see named Stage1 sections,An imported booking can be cancelled with its retained token.,systems-engineer
1,"1,2,3,4",systems-engineer,independent-verifier,PENDING_NAMED_CANDIDATE,"independent raw HTTP, inductive deep grammar and shallow exact-value oracle",decoder-strictness/deep-real-receipts,PENDING explicit candidate7 execution release; prepared decoder_runtime.py,UNVERIFIED,unverified,True,TK1-decoder-deep-object-1100-third-replay-cancelled,7 / 10,see named Stage1 sections,A cancelled imported booking still replays its original receipt.,systems-engineer
1,"1,2,3,4",systems-engineer,independent-verifier,PENDING_NAMED_CANDIDATE,"independent raw HTTP, inductive deep grammar and shallow exact-value oracle",decoder-strictness/deep-real-receipts,PENDING explicit candidate7 execution release; prepared decoder_runtime.py,UNVERIFIED,unverified,True,TK1-decoder-deep-object-1100-third-repeat-import,7 / 10,see named Stage1 sections,Repeating the unchanged deep import restores exported state without duplication.,systems-engineer
1,"1,2,3,4",systems-engineer,independent-verifier,PENDING_NAMED_CANDIDATE,"independent raw HTTP, inductive deep grammar and shallow exact-value oracle",decoder-strictness/deep-real-receipts,PENDING explicit candidate7 execution release; prepared decoder_runtime.py,UNVERIFIED,unverified,True,TK1-decoder-deep-object-1100-third-repeat-records,7 / 10,see named Stage1 sections,Repeated replacement restores confirmed status and exactly the exported identities.,systems-engineer
1,"1,2,3,4",systems-engineer,independent-verifier,PENDING_NAMED_CANDIDATE,"independent raw HTTP, inductive deep grammar and shallow exact-value oracle",decoder-strictness/deep-real-receipts,PENDING explicit candidate7 execution release; prepared decoder_runtime.py,UNVERIFIED,unverified,True,TK1-decoder-deep-object-1100-peer-export,10,see named Stage1 sections,A second independent process exports the genuinely imported deep receipts.,systems-engineer
1,"1,2,3,4",systems-engineer,independent-verifier,PENDING_NAMED_CANDIDATE,"independent raw HTTP, inductive deep grammar and shallow exact-value oracle",decoder-strictness/deep-real-receipts,PENDING explicit candidate7 execution release; prepared decoder_runtime.py,UNVERIFIED,unverified,True,TK1-decoder-deep-object-5000-reset,3.4 / 5 / 7 / 10,see named Stage1 sections,Valid ignored deep reset succeeds without imposing a nesting ceiling.,systems-engineer
1,"1,2,3,4",systems-engineer,independent-verifier,PENDING_NAMED_CANDIDATE,"independent raw HTTP, inductive deep grammar and shallow exact-value oracle",decoder-strictness/deep-real-receipts,PENDING explicit candidate7 execution release; prepared decoder_runtime.py,UNVERIFIED,unverified,True,TK1-decoder-deep-object-5000-signup,3.4 / 5 / 7 / 10,see named Stage1 sections,Valid ignored deep signup succeeds.,systems-engineer
1,"1,2,3,4",systems-engineer,independent-verifier,PENDING_NAMED_CANDIDATE,"independent raw HTTP, inductive deep grammar and shallow exact-value oracle",decoder-strictness/deep-real-receipts,PENDING explicit candidate7 execution release; prepared decoder_runtime.py,UNVERIFIED,unverified,True,TK1-decoder-deep-object-5000-login,3.4 / 5 / 7 / 10,see named Stage1 sections,Valid ignored deep login succeeds and supplies a second active session.,systems-engineer
1,"1,2,3,4",systems-engineer,independent-verifier,PENDING_NAMED_CANDIDATE,"independent raw HTTP, inductive deep grammar and shallow exact-value oracle",decoder-strictness/deep-real-receipts,PENDING explicit candidate7 execution release; prepared decoder_runtime.py,UNVERIFIED,unverified,True,TK1-decoder-deep-object-5000-second-token,3.4 / 5 / 7 / 10,see named Stage1 sections,The original session remains valid after another deep login.,systems-engineer
1,"1,2,3,4",systems-engineer,independent-verifier,PENDING_NAMED_CANDIDATE,"independent raw HTTP, inductive deep grammar and shallow exact-value oracle",decoder-strictness/deep-real-receipts,PENDING explicit candidate7 execution release; prepared decoder_runtime.py,UNVERIFIED,unverified,True,TK1-decoder-deep-object-5000-create,3.4 / 5 / 7 / 10,see named Stage1 sections,Valid ignored deep create issues a real original receipt.,systems-engineer
1,"1,2,3,4",systems-engineer,independent-verifier,PENDING_NAMED_CANDIDATE,"independent raw HTTP, inductive deep grammar and shallow exact-value oracle",decoder-strictness/deep-real-receipts,PENDING explicit candidate7 execution release; prepared decoder_runtime.py,UNVERIFIED,unverified,True,TK1-decoder-deep-object-5000-create-alias,3.4 / 5 / 7 / 10,see named Stage1 sections,An equal complete deep parsed body replays the original create response.,systems-engineer
1,"1,2,3,4",systems-engineer,independent-verifier,PENDING_NAMED_CANDIDATE,"independent raw HTTP, inductive deep grammar and shallow exact-value oracle",decoder-strictness/deep-real-receipts,PENDING explicit candidate7 execution release; prepared decoder_runtime.py,UNVERIFIED,unverified,True,TK1-decoder-deep-object-5000-create-precision,3.4 / 5 / 7 / 10,see named Stage1 sections,A deep exact numeric difference conflicts before current resource checks.,systems-engineer
1,"1,2,3,4",systems-engineer,independent-verifier,PENDING_NAMED_CANDIDATE,"independent raw HTTP, inductive deep grammar and shallow exact-value oracle",decoder-strictness/deep-real-receipts,PENDING explicit candidate7 execution release; prepared decoder_runtime.py,UNVERIFIED,unverified,True,TK1-decoder-deep-object-5000-create-type,3.4 / 5 / 7 / 10,see named Stage1 sections,A nested number/boolean difference conflicts.,systems-engineer
1,"1,2,3,4",systems-engineer,independent-verifier,PENDING_NAMED_CANDIDATE,"independent raw HTTP, inductive deep grammar and shallow exact-value oracle",decoder-strictness/deep-real-receipts,PENDING explicit candidate7 execution release; prepared decoder_runtime.py,UNVERIFIED,unverified,True,TK1-decoder-deep-object-5000-create-invalid-difference,3.4 / 5 / 7 / 10,see named Stage1 sections,Used-key deep differences precede invalid party values.,systems-engineer
1,"1,2,3,4",systems-engineer,independent-verifier,PENDING_NAMED_CANDIDATE,"independent raw HTTP, inductive deep grammar and shallow exact-value oracle",decoder-strictness/deep-real-receipts,PENDING explicit candidate7 execution release; prepared decoder_runtime.py,UNVERIFIED,unverified,True,TK1-decoder-deep-object-5000-create-no-auth,3.4 / 5 / 7 / 10,see named Stage1 sections,Valid deep writes still require authentication.,systems-engineer
1,"1,2,3,4",systems-engineer,independent-verifier,PENDING_NAMED_CANDIDATE,"independent raw HTTP, inductive deep grammar and shallow exact-value oracle",decoder-strictness/deep-real-receipts,PENDING explicit candidate7 execution release; prepared decoder_runtime.py,UNVERIFIED,unverified,True,TK1-decoder-deep-object-5000-create-no-key,3.4 / 5 / 7 / 10,see named Stage1 sections,Valid deep writes still require a key.,systems-engineer
1,"1,2,3,4",systems-engineer,independent-verifier,PENDING_NAMED_CANDIDATE,"independent raw HTTP, inductive deep grammar and shallow exact-value oracle",decoder-strictness/deep-real-receipts,PENDING explicit candidate7 execution release; prepared decoder_runtime.py,UNVERIFIED,unverified,True,TK1-decoder-deep-object-5000-second-create,3.4 / 5 / 7 / 10,see named Stage1 sections,A second ordinary booking provides a real atomic swap member.,systems-engineer
1,"1,2,3,4",systems-engineer,independent-verifier,PENDING_NAMED_CANDIDATE,"independent raw HTTP, inductive deep grammar and shallow exact-value oracle",decoder-strictness/deep-real-receipts,PENDING explicit candidate7 execution release; prepared decoder_runtime.py,UNVERIFIED,unverified,True,TK1-decoder-deep-object-5000-moves,3.4 / 5 / 7 / 10,see named Stage1 sections,A deep complete body and per-item ignored field preserve an atomic two-member swap.,systems-engineer
1,"1,2,3,4",systems-engineer,independent-verifier,PENDING_NAMED_CANDIDATE,"independent raw HTTP, inductive deep grammar and shallow exact-value oracle",decoder-strictness/deep-real-receipts,PENDING explicit candidate7 execution release; prepared decoder_runtime.py,UNVERIFIED,unverified,True,TK1-decoder-deep-object-5000-moves-alias,3.4 / 5 / 7 / 10,see named Stage1 sections,Deep move aliases replay the real original ordered batch receipt.,systems-engineer
1,"1,2,3,4",systems-engineer,independent-verifier,PENDING_NAMED_CANDIDATE,"independent raw HTTP, inductive deep grammar and shallow exact-value oracle",decoder-strictness/deep-real-receipts,PENDING explicit candidate7 execution release; prepared decoder_runtime.py,UNVERIFIED,unverified,True,TK1-decoder-deep-object-5000-moves-precision,3.4 / 5 / 7 / 10,see named Stage1 sections,A deep exact move body difference conflicts.,systems-engineer
1,"1,2,3,4",systems-engineer,independent-verifier,PENDING_NAMED_CANDIDATE,"independent raw HTTP, inductive deep grammar and shallow exact-value oracle",decoder-strictness/deep-real-receipts,PENDING explicit candidate7 execution release; prepared decoder_runtime.py,UNVERIFIED,unverified,True,TK1-decoder-deep-object-5000-moves-type,3.4 / 5 / 7 / 10,see named Stage1 sections,A nested numeric/type move difference conflicts.,systems-engineer
1,"1,2,3,4",systems-engineer,independent-verifier,PENDING_NAMED_CANDIDATE,"independent raw HTTP, inductive deep grammar and shallow exact-value oracle",decoder-strictness/deep-real-receipts,PENDING explicit candidate7 execution release; prepared decoder_runtime.py,UNVERIFIED,unverified,True,TK1-decoder-deep-object-5000-create-fraction,3.4 / 5 / 7 / 10,see named Stage1 sections,A valid deep fractional party reaches endpoint validation.,systems-engineer
1,"1,2,3,4",systems-engineer,independent-verifier,PENDING_NAMED_CANDIDATE,"independent raw HTTP, inductive deep grammar and shallow exact-value oracle",decoder-strictness/deep-real-receipts,PENDING explicit candidate7 execution release; prepared decoder_runtime.py,UNVERIFIED,unverified,True,TK1-decoder-deep-object-5000-create-fraction-atomic,3.4 / 5 / 7 / 10,see named Stage1 sections,A refused deep create preserves records and occupancy.,systems-engineer
1,"1,2,3,4",systems-engineer,independent-verifier,PENDING_NAMED_CANDIDATE,"independent raw HTTP, inductive deep grammar and shallow exact-value oracle",decoder-strictness/deep-real-receipts,PENDING explicit candidate7 execution release; prepared decoder_runtime.py,UNVERIFIED,unverified,True,TK1-decoder-deep-object-5000-create-failed-key,3.4 / 5 / 7 / 10,see named Stage1 sections,A deep refused create leaves its key reusable.,systems-engineer
1,"1,2,3,4",systems-engineer,independent-verifier,PENDING_NAMED_CANDIDATE,"independent raw HTTP, inductive deep grammar and shallow exact-value oracle",decoder-strictness/deep-real-receipts,PENDING explicit candidate7 execution release; prepared decoder_runtime.py,UNVERIFIED,unverified,True,TK1-decoder-deep-object-5000-move-fraction,3.4 / 5 / 7 / 10,see named Stage1 sections,A deep fractional move refuses without consuming the key.,systems-engineer
1,"1,2,3,4",systems-engineer,independent-verifier,PENDING_NAMED_CANDIDATE,"independent raw HTTP, inductive deep grammar and shallow exact-value oracle",decoder-strictness/deep-real-receipts,PENDING explicit candidate7 execution release; prepared decoder_runtime.py,UNVERIFIED,unverified,True,TK1-decoder-deep-object-5000-move-fraction-atomic,3.4 / 5 / 7 / 10,see named Stage1 sections,A refused deep batch preserves every record and occupancy.,systems-engineer
1,"1,2,3,4",systems-engineer,independent-verifier,PENDING_NAMED_CANDIDATE,"independent raw HTTP, inductive deep grammar and shallow exact-value oracle",decoder-strictness/deep-real-receipts,PENDING explicit candidate7 execution release; prepared decoder_runtime.py,UNVERIFIED,unverified,True,TK1-decoder-deep-object-5000-move-failed-key,3.4 / 5 / 7 / 10,see named Stage1 sections,A deep refused move leaves its key reusable.,systems-engineer
1,"1,2,3,4",systems-engineer,independent-verifier,PENDING_NAMED_CANDIDATE,"independent raw HTTP, inductive deep grammar and shallow exact-value oracle",decoder-strictness/deep-real-receipts,PENDING explicit candidate7 execution release; prepared decoder_runtime.py,UNVERIFIED,unverified,True,TK1-decoder-deep-object-5000-export,3.4 / 5 / 7 / 10,see named Stage1 sections,Export captures actual successful deep create and move receipts.,systems-engineer
1,"1,2,3,4",systems-engineer,independent-verifier,PENDING_NAMED_CANDIDATE,"independent raw HTTP, inductive deep grammar and shallow exact-value oracle",decoder-strictness/deep-real-receipts,PENDING explicit candidate7 execution release; prepared decoder_runtime.py,UNVERIFIED,unverified,True,TK1-decoder-deep-object-5000-amend,3.4 / 5 / 7 / 10,see named Stage1 sections,A real amendment changes the current booking after snapshot capture.,systems-engineer
1,"1,2,3,4",systems-engineer,independent-verifier,PENDING_NAMED_CANDIDATE,"independent raw HTTP, inductive deep grammar and shallow exact-value oracle",decoder-strictness/deep-real-receipts,PENDING explicit candidate7 execution release; prepared decoder_runtime.py,UNVERIFIED,unverified,True,TK1-decoder-deep-object-5000-cancel,3.4 / 5 / 7 / 10,see named Stage1 sections,A real cancellation changes current occupancy after snapshot capture.,systems-engineer
1,"1,2,3,4",systems-engineer,independent-verifier,PENDING_NAMED_CANDIDATE,"independent raw HTTP, inductive deep grammar and shallow exact-value oracle",decoder-strictness/deep-real-receipts,PENDING explicit candidate7 execution release; prepared decoder_runtime.py,UNVERIFIED,unverified,True,TK1-decoder-deep-object-5000-create-immutable,3.4 / 5 / 7 / 10,see named Stage1 sections,Original deep create replay remains unchanged after amendment and cancellation.,systems-engineer
1,"1,2,3,4",systems-engineer,independent-verifier,PENDING_NAMED_CANDIDATE,"independent raw HTTP, inductive deep grammar and shallow exact-value oracle",decoder-strictness/deep-real-receipts,PENDING explicit candidate7 execution release; prepared decoder_runtime.py,UNVERIFIED,unverified,True,TK1-decoder-deep-object-5000-moves-immutable,3.4 / 5 / 7 / 10,see named Stage1 sections,Original deep move replay remains unchanged after amendment and cancellation.,systems-engineer
1,"1,2,3,4",systems-engineer,independent-verifier,PENDING_NAMED_CANDIDATE,"independent raw HTTP, inductive deep grammar and shallow exact-value oracle",decoder-strictness/deep-real-receipts,PENDING explicit candidate7 execution release; prepared decoder_runtime.py,UNVERIFIED,unverified,True,TK1-decoder-deep-object-5000-bad-import,3.4 / 5 / 7 / 10,see named Stage1 sections,Malformed deep private import refuses before replacing state.,systems-engineer
1,"1,2,3,4",systems-engineer,independent-verifier,PENDING_NAMED_CANDIDATE,"independent raw HTTP, inductive deep grammar and shallow exact-value oracle",decoder-strictness/deep-real-receipts,PENDING explicit candidate7 execution release; prepared decoder_runtime.py,UNVERIFIED,unverified,True,TK1-decoder-deep-object-5000-bad-import-atomic,3.4 / 5 / 7 / 10,see named Stage1 sections,"Malformed deep import preserves current records, sessions and original receipts.",systems-engineer
1,"1,2,3,4",systems-engineer,independent-verifier,PENDING_NAMED_CANDIDATE,"independent raw HTTP, inductive deep grammar and shallow exact-value oracle",decoder-strictness/deep-real-receipts,PENDING explicit candidate7 execution release; prepared decoder_runtime.py,UNVERIFIED,unverified,True,TK1-decoder-deep-object-5000-snapshot-lifetime,3.4 / 5 / 7 / 10,see named Stage1 sections,Captured immutable bytes remain unchanged through subsequent source writes.,systems-engineer
1,"1,2,3,4",systems-engineer,independent-verifier,PENDING_NAMED_CANDIDATE,"independent raw HTTP, inductive deep grammar and shallow exact-value oracle",decoder-strictness/deep-real-receipts,PENDING explicit candidate7 execution release; prepared decoder_runtime.py,UNVERIFIED,unverified,True,TK1-decoder-deep-object-5000-peer-import,7 / 10,see named Stage1 sections,Unchanged actual deep export replaces an independent destination atomically.,systems-engineer
1,"1,2,3,4",systems-engineer,independent-verifier,PENDING_NAMED_CANDIDATE,"independent raw HTTP, inductive deep grammar and shallow exact-value oracle",decoder-strictness/deep-real-receipts,PENDING explicit candidate7 execution release; prepared decoder_runtime.py,UNVERIFIED,unverified,True,TK1-decoder-deep-object-5000-peer-replaced-session,7 / 10,see named Stage1 sections,Old destination sessions are removed by replacement.,systems-engineer
1,"1,2,3,4",systems-engineer,independent-verifier,PENDING_NAMED_CANDIDATE,"independent raw HTTP, inductive deep grammar and shallow exact-value oracle",decoder-strictness/deep-real-receipts,PENDING explicit candidate7 execution release; prepared decoder_runtime.py,UNVERIFIED,unverified,True,TK1-decoder-deep-object-5000-peer-replaced-login,7 / 10,see named Stage1 sections,Old destination credentials are removed by replacement.,systems-engineer
1,"1,2,3,4",systems-engineer,independent-verifier,PENDING_NAMED_CANDIDATE,"independent raw HTTP, inductive deep grammar and shallow exact-value oracle",decoder-strictness/deep-real-receipts,PENDING explicit candidate7 execution release; prepared decoder_runtime.py,UNVERIFIED,unverified,True,TK1-decoder-deep-object-5000-peer-records,7 / 10,see named Stage1 sections,"Imported deep state retains real identities, assignment, timestamps and confirmed status.",systems-engineer
1,"1,2,3,4",systems-engineer,independent-verifier,PENDING_NAMED_CANDIDATE,"independent raw HTTP, inductive deep grammar and shallow exact-value oracle",decoder-strictness/deep-real-receipts,PENDING explicit candidate7 execution release; prepared decoder_runtime.py,UNVERIFIED,unverified,True,TK1-decoder-deep-object-5000-peer-create-original,7 / 10,see named Stage1 sections,The transferred deep original create receipt replays identically.,systems-engineer
1,"1,2,3,4",systems-engineer,independent-verifier,PENDING_NAMED_CANDIDATE,"independent raw HTTP, inductive deep grammar and shallow exact-value oracle",decoder-strictness/deep-real-receipts,PENDING explicit candidate7 execution release; prepared decoder_runtime.py,UNVERIFIED,unverified,True,TK1-decoder-deep-object-5000-peer-moves-original,7 / 10,see named Stage1 sections,The transferred deep original ordered swap receipt replays identically.,systems-engineer
1,"1,2,3,4",systems-engineer,independent-verifier,PENDING_NAMED_CANDIDATE,"independent raw HTTP, inductive deep grammar and shallow exact-value oracle",decoder-strictness/deep-real-receipts,PENDING explicit candidate7 execution release; prepared decoder_runtime.py,UNVERIFIED,unverified,True,TK1-decoder-deep-object-5000-peer-difference,7 / 10,see named Stage1 sections,A valid deep body difference retains used-key refusal after import.,systems-engineer
1,"1,2,3,4",systems-engineer,independent-verifier,PENDING_NAMED_CANDIDATE,"independent raw HTTP, inductive deep grammar and shallow exact-value oracle",decoder-strictness/deep-real-receipts,PENDING explicit candidate7 execution release; prepared decoder_runtime.py,UNVERIFIED,unverified,True,TK1-decoder-deep-object-5000-peer-cancel,7 / 10,see named Stage1 sections,An imported booking can be cancelled with its retained token.,systems-engineer
1,"1,2,3,4",systems-engineer,independent-verifier,PENDING_NAMED_CANDIDATE,"independent raw HTTP, inductive deep grammar and shallow exact-value oracle",decoder-strictness/deep-real-receipts,PENDING explicit candidate7 execution release; prepared decoder_runtime.py,UNVERIFIED,unverified,True,TK1-decoder-deep-object-5000-peer-replay-cancelled,7 / 10,see named Stage1 sections,A cancelled imported booking still replays its original receipt.,systems-engineer
1,"1,2,3,4",systems-engineer,independent-verifier,PENDING_NAMED_CANDIDATE,"independent raw HTTP, inductive deep grammar and shallow exact-value oracle",decoder-strictness/deep-real-receipts,PENDING explicit candidate7 execution release; prepared decoder_runtime.py,UNVERIFIED,unverified,True,TK1-decoder-deep-object-5000-peer-repeat-import,7 / 10,see named Stage1 sections,Repeating the unchanged deep import restores exported state without duplication.,systems-engineer
1,"1,2,3,4",systems-engineer,independent-verifier,PENDING_NAMED_CANDIDATE,"independent raw HTTP, inductive deep grammar and shallow exact-value oracle",decoder-strictness/deep-real-receipts,PENDING explicit candidate7 execution release; prepared decoder_runtime.py,UNVERIFIED,unverified,True,TK1-decoder-deep-object-5000-peer-repeat-records,7 / 10,see named Stage1 sections,Repeated replacement restores confirmed status and exactly the exported identities.,systems-engineer
1,"1,2,3,4",systems-engineer,independent-verifier,PENDING_NAMED_CANDIDATE,"independent raw HTTP, inductive deep grammar and shallow exact-value oracle",decoder-strictness/deep-real-receipts,PENDING explicit candidate7 execution release; prepared decoder_runtime.py,UNVERIFIED,unverified,True,TK1-decoder-deep-object-5000-third-import,7 / 10,see named Stage1 sections,Unchanged actual deep export replaces an independent destination atomically.,systems-engineer
1,"1,2,3,4",systems-engineer,independent-verifier,PENDING_NAMED_CANDIDATE,"independent raw HTTP, inductive deep grammar and shallow exact-value oracle",decoder-strictness/deep-real-receipts,PENDING explicit candidate7 execution release; prepared decoder_runtime.py,UNVERIFIED,unverified,True,TK1-decoder-deep-object-5000-third-replaced-session,7 / 10,see named Stage1 sections,Old destination sessions are removed by replacement.,systems-engineer
1,"1,2,3,4",systems-engineer,independent-verifier,PENDING_NAMED_CANDIDATE,"independent raw HTTP, inductive deep grammar and shallow exact-value oracle",decoder-strictness/deep-real-receipts,PENDING explicit candidate7 execution release; prepared decoder_runtime.py,UNVERIFIED,unverified,True,TK1-decoder-deep-object-5000-third-replaced-login,7 / 10,see named Stage1 sections,Old destination credentials are removed by replacement.,systems-engineer
1,"1,2,3,4",systems-engineer,independent-verifier,PENDING_NAMED_CANDIDATE,"independent raw HTTP, inductive deep grammar and shallow exact-value oracle",decoder-strictness/deep-real-receipts,PENDING explicit candidate7 execution release; prepared decoder_runtime.py,UNVERIFIED,unverified,True,TK1-decoder-deep-object-5000-third-records,7 / 10,see named Stage1 sections,"Imported deep state retains real identities, assignment, timestamps and confirmed status.",systems-engineer
1,"1,2,3,4",systems-engineer,independent-verifier,PENDING_NAMED_CANDIDATE,"independent raw HTTP, inductive deep grammar and shallow exact-value oracle",decoder-strictness/deep-real-receipts,PENDING explicit candidate7 execution release; prepared decoder_runtime.py,UNVERIFIED,unverified,True,TK1-decoder-deep-object-5000-third-create-original,7 / 10,see named Stage1 sections,The transferred deep original create receipt replays identically.,systems-engineer
1,"1,2,3,4",systems-engineer,independent-verifier,PENDING_NAMED_CANDIDATE,"independent raw HTTP, inductive deep grammar and shallow exact-value oracle",decoder-strictness/deep-real-receipts,PENDING explicit candidate7 execution release; prepared decoder_runtime.py,UNVERIFIED,unverified,True,TK1-decoder-deep-object-5000-third-moves-original,7 / 10,see named Stage1 sections,The transferred deep original ordered swap receipt replays identically.,systems-engineer
1,"1,2,3,4",systems-engineer,independent-verifier,PENDING_NAMED_CANDIDATE,"independent raw HTTP, inductive deep grammar and shallow exact-value oracle",decoder-strictness/deep-real-receipts,PENDING explicit candidate7 execution release; prepared decoder_runtime.py,UNVERIFIED,unverified,True,TK1-decoder-deep-object-5000-third-difference,7 / 10,see named Stage1 sections,A valid deep body difference retains used-key refusal after import.,systems-engineer
1,"1,2,3,4",systems-engineer,independent-verifier,PENDING_NAMED_CANDIDATE,"independent raw HTTP, inductive deep grammar and shallow exact-value oracle",decoder-strictness/deep-real-receipts,PENDING explicit candidate7 execution release; prepared decoder_runtime.py,UNVERIFIED,unverified,True,TK1-decoder-deep-object-5000-third-cancel,7 / 10,see named Stage1 sections,An imported booking can be cancelled with its retained token.,systems-engineer
1,"1,2,3,4",systems-engineer,independent-verifier,PENDING_NAMED_CANDIDATE,"independent raw HTTP, inductive deep grammar and shallow exact-value oracle",decoder-strictness/deep-real-receipts,PENDING explicit candidate7 execution release; prepared decoder_runtime.py,UNVERIFIED,unverified,True,TK1-decoder-deep-object-5000-third-replay-cancelled,7 / 10,see named Stage1 sections,A cancelled imported booking still replays its original receipt.,systems-engineer
1,"1,2,3,4",systems-engineer,independent-verifier,PENDING_NAMED_CANDIDATE,"independent raw HTTP, inductive deep grammar and shallow exact-value oracle",decoder-strictness/deep-real-receipts,PENDING explicit candidate7 execution release; prepared decoder_runtime.py,UNVERIFIED,unverified,True,TK1-decoder-deep-object-5000-third-repeat-import,7 / 10,see named Stage1 sections,Repeating the unchanged deep import restores exported state without duplication.,systems-engineer
1,"1,2,3,4",systems-engineer,independent-verifier,PENDING_NAMED_CANDIDATE,"independent raw HTTP, inductive deep grammar and shallow exact-value oracle",decoder-strictness/deep-real-receipts,PENDING explicit candidate7 execution release; prepared decoder_runtime.py,UNVERIFIED,unverified,True,TK1-decoder-deep-object-5000-third-repeat-records,7 / 10,see named Stage1 sections,Repeated replacement restores confirmed status and exactly the exported identities.,systems-engineer
1,"1,2,3,4",systems-engineer,independent-verifier,PENDING_NAMED_CANDIDATE,"independent raw HTTP, inductive deep grammar and shallow exact-value oracle",decoder-strictness/deep-real-receipts,PENDING explicit candidate7 execution release; prepared decoder_runtime.py,UNVERIFIED,unverified,True,TK1-decoder-deep-object-5000-peer-export,10,see named Stage1 sections,A second independent process exports the genuinely imported deep receipts.,systems-engineer
1,"1,2,3,4",systems-engineer,independent-verifier,PENDING_NAMED_CANDIDATE,"independent raw HTTP, inductive deep grammar and shallow exact-value oracle",decoder-strictness/deep-real-receipts,PENDING explicit candidate7 execution release; prepared decoder_runtime.py,UNVERIFIED,unverified,True,TK1-decoder-deep-object-10000-reset,3.4 / 5 / 7 / 10,see named Stage1 sections,Valid ignored deep reset succeeds without imposing a nesting ceiling.,systems-engineer
1,"1,2,3,4",systems-engineer,independent-verifier,PENDING_NAMED_CANDIDATE,"independent raw HTTP, inductive deep grammar and shallow exact-value oracle",decoder-strictness/deep-real-receipts,PENDING explicit candidate7 execution release; prepared decoder_runtime.py,UNVERIFIED,unverified,True,TK1-decoder-deep-object-10000-signup,3.4 / 5 / 7 / 10,see named Stage1 sections,Valid ignored deep signup succeeds.,systems-engineer
1,"1,2,3,4",systems-engineer,independent-verifier,PENDING_NAMED_CANDIDATE,"independent raw HTTP, inductive deep grammar and shallow exact-value oracle",decoder-strictness/deep-real-receipts,PENDING explicit candidate7 execution release; prepared decoder_runtime.py,UNVERIFIED,unverified,True,TK1-decoder-deep-object-10000-login,3.4 / 5 / 7 / 10,see named Stage1 sections,Valid ignored deep login succeeds and supplies a second active session.,systems-engineer
1,"1,2,3,4",systems-engineer,independent-verifier,PENDING_NAMED_CANDIDATE,"independent raw HTTP, inductive deep grammar and shallow exact-value oracle",decoder-strictness/deep-real-receipts,PENDING explicit candidate7 execution release; prepared decoder_runtime.py,UNVERIFIED,unverified,True,TK1-decoder-deep-object-10000-second-token,3.4 / 5 / 7 / 10,see named Stage1 sections,The original session remains valid after another deep login.,systems-engineer
1,"1,2,3,4",systems-engineer,independent-verifier,PENDING_NAMED_CANDIDATE,"independent raw HTTP, inductive deep grammar and shallow exact-value oracle",decoder-strictness/deep-real-receipts,PENDING explicit candidate7 execution release; prepared decoder_runtime.py,UNVERIFIED,unverified,True,TK1-decoder-deep-object-10000-create,3.4 / 5 / 7 / 10,see named Stage1 sections,Valid ignored deep create issues a real original receipt.,systems-engineer
1,"1,2,3,4",systems-engineer,independent-verifier,PENDING_NAMED_CANDIDATE,"independent raw HTTP, inductive deep grammar and shallow exact-value oracle",decoder-strictness/deep-real-receipts,PENDING explicit candidate7 execution release; prepared decoder_runtime.py,UNVERIFIED,unverified,True,TK1-decoder-deep-object-10000-create-alias,3.4 / 5 / 7 / 10,see named Stage1 sections,An equal complete deep parsed body replays the original create response.,systems-engineer
1,"1,2,3,4",systems-engineer,independent-verifier,PENDING_NAMED_CANDIDATE,"independent raw HTTP, inductive deep grammar and shallow exact-value oracle",decoder-strictness/deep-real-receipts,PENDING explicit candidate7 execution release; prepared decoder_runtime.py,UNVERIFIED,unverified,True,TK1-decoder-deep-object-10000-create-precision,3.4 / 5 / 7 / 10,see named Stage1 sections,A deep exact numeric difference conflicts before current resource checks.,systems-engineer
1,"1,2,3,4",systems-engineer,independent-verifier,PENDING_NAMED_CANDIDATE,"independent raw HTTP, inductive deep grammar and shallow exact-value oracle",decoder-strictness/deep-real-receipts,PENDING explicit candidate7 execution release; prepared decoder_runtime.py,UNVERIFIED,unverified,True,TK1-decoder-deep-object-10000-create-type,3.4 / 5 / 7 / 10,see named Stage1 sections,A nested number/boolean difference conflicts.,systems-engineer
1,"1,2,3,4",systems-engineer,independent-verifier,PENDING_NAMED_CANDIDATE,"independent raw HTTP, inductive deep grammar and shallow exact-value oracle",decoder-strictness/deep-real-receipts,PENDING explicit candidate7 execution release; prepared decoder_runtime.py,UNVERIFIED,unverified,True,TK1-decoder-deep-object-10000-create-invalid-difference,3.4 / 5 / 7 / 10,see named Stage1 sections,Used-key deep differences precede invalid party values.,systems-engineer
1,"1,2,3,4",systems-engineer,independent-verifier,PENDING_NAMED_CANDIDATE,"independent raw HTTP, inductive deep grammar and shallow exact-value oracle",decoder-strictness/deep-real-receipts,PENDING explicit candidate7 execution release; prepared decoder_runtime.py,UNVERIFIED,unverified,True,TK1-decoder-deep-object-10000-create-no-auth,3.4 / 5 / 7 / 10,see named Stage1 sections,Valid deep writes still require authentication.,systems-engineer
1,"1,2,3,4",systems-engineer,independent-verifier,PENDING_NAMED_CANDIDATE,"independent raw HTTP, inductive deep grammar and shallow exact-value oracle",decoder-strictness/deep-real-receipts,PENDING explicit candidate7 execution release; prepared decoder_runtime.py,UNVERIFIED,unverified,True,TK1-decoder-deep-object-10000-create-no-key,3.4 / 5 / 7 / 10,see named Stage1 sections,Valid deep writes still require a key.,systems-engineer
1,"1,2,3,4",systems-engineer,independent-verifier,PENDING_NAMED_CANDIDATE,"independent raw HTTP, inductive deep grammar and shallow exact-value oracle",decoder-strictness/deep-real-receipts,PENDING explicit candidate7 execution release; prepared decoder_runtime.py,UNVERIFIED,unverified,True,TK1-decoder-deep-object-10000-second-create,3.4 / 5 / 7 / 10,see named Stage1 sections,A second ordinary booking provides a real atomic swap member.,systems-engineer
1,"1,2,3,4",systems-engineer,independent-verifier,PENDING_NAMED_CANDIDATE,"independent raw HTTP, inductive deep grammar and shallow exact-value oracle",decoder-strictness/deep-real-receipts,PENDING explicit candidate7 execution release; prepared decoder_runtime.py,UNVERIFIED,unverified,True,TK1-decoder-deep-object-10000-moves,3.4 / 5 / 7 / 10,see named Stage1 sections,A deep complete body and per-item ignored field preserve an atomic two-member swap.,systems-engineer
1,"1,2,3,4",systems-engineer,independent-verifier,PENDING_NAMED_CANDIDATE,"independent raw HTTP, inductive deep grammar and shallow exact-value oracle",decoder-strictness/deep-real-receipts,PENDING explicit candidate7 execution release; prepared decoder_runtime.py,UNVERIFIED,unverified,True,TK1-decoder-deep-object-10000-moves-alias,3.4 / 5 / 7 / 10,see named Stage1 sections,Deep move aliases replay the real original ordered batch receipt.,systems-engineer
1,"1,2,3,4",systems-engineer,independent-verifier,PENDING_NAMED_CANDIDATE,"independent raw HTTP, inductive deep grammar and shallow exact-value oracle",decoder-strictness/deep-real-receipts,PENDING explicit candidate7 execution release; prepared decoder_runtime.py,UNVERIFIED,unverified,True,TK1-decoder-deep-object-10000-moves-precision,3.4 / 5 / 7 / 10,see named Stage1 sections,A deep exact move body difference conflicts.,systems-engineer
1,"1,2,3,4",systems-engineer,independent-verifier,PENDING_NAMED_CANDIDATE,"independent raw HTTP, inductive deep grammar and shallow exact-value oracle",decoder-strictness/deep-real-receipts,PENDING explicit candidate7 execution release; prepared decoder_runtime.py,UNVERIFIED,unverified,True,TK1-decoder-deep-object-10000-moves-type,3.4 / 5 / 7 / 10,see named Stage1 sections,A nested numeric/type move difference conflicts.,systems-engineer
1,"1,2,3,4",systems-engineer,independent-verifier,PENDING_NAMED_CANDIDATE,"independent raw HTTP, inductive deep grammar and shallow exact-value oracle",decoder-strictness/deep-real-receipts,PENDING explicit candidate7 execution release; prepared decoder_runtime.py,UNVERIFIED,unverified,True,TK1-decoder-deep-object-10000-create-fraction,3.4 / 5 / 7 / 10,see named Stage1 sections,A valid deep fractional party reaches endpoint validation.,systems-engineer
1,"1,2,3,4",systems-engineer,independent-verifier,PENDING_NAMED_CANDIDATE,"independent raw HTTP, inductive deep grammar and shallow exact-value oracle",decoder-strictness/deep-real-receipts,PENDING explicit candidate7 execution release; prepared decoder_runtime.py,UNVERIFIED,unverified,True,TK1-decoder-deep-object-10000-create-fraction-atomic,3.4 / 5 / 7 / 10,see named Stage1 sections,A refused deep create preserves records and occupancy.,systems-engineer
1,"1,2,3,4",systems-engineer,independent-verifier,PENDING_NAMED_CANDIDATE,"independent raw HTTP, inductive deep grammar and shallow exact-value oracle",decoder-strictness/deep-real-receipts,PENDING explicit candidate7 execution release; prepared decoder_runtime.py,UNVERIFIED,unverified,True,TK1-decoder-deep-object-10000-create-failed-key,3.4 / 5 / 7 / 10,see named Stage1 sections,A deep refused create leaves its key reusable.,systems-engineer
1,"1,2,3,4",systems-engineer,independent-verifier,PENDING_NAMED_CANDIDATE,"independent raw HTTP, inductive deep grammar and shallow exact-value oracle",decoder-strictness/deep-real-receipts,PENDING explicit candidate7 execution release; prepared decoder_runtime.py,UNVERIFIED,unverified,True,TK1-decoder-deep-object-10000-move-fraction,3.4 / 5 / 7 / 10,see named Stage1 sections,A deep fractional move refuses without consuming the key.,systems-engineer
1,"1,2,3,4",systems-engineer,independent-verifier,PENDING_NAMED_CANDIDATE,"independent raw HTTP, inductive deep grammar and shallow exact-value oracle",decoder-strictness/deep-real-receipts,PENDING explicit candidate7 execution release; prepared decoder_runtime.py,UNVERIFIED,unverified,True,TK1-decoder-deep-object-10000-move-fraction-atomic,3.4 / 5 / 7 / 10,see named Stage1 sections,A refused deep batch preserves every record and occupancy.,systems-engineer
1,"1,2,3,4",systems-engineer,independent-verifier,PENDING_NAMED_CANDIDATE,"independent raw HTTP, inductive deep grammar and shallow exact-value oracle",decoder-strictness/deep-real-receipts,PENDING explicit candidate7 execution release; prepared decoder_runtime.py,UNVERIFIED,unverified,True,TK1-decoder-deep-object-10000-move-failed-key,3.4 / 5 / 7 / 10,see named Stage1 sections,A deep refused move leaves its key reusable.,systems-engineer
1,"1,2,3,4",systems-engineer,independent-verifier,PENDING_NAMED_CANDIDATE,"independent raw HTTP, inductive deep grammar and shallow exact-value oracle",decoder-strictness/deep-real-receipts,PENDING explicit candidate7 execution release; prepared decoder_runtime.py,UNVERIFIED,unverified,True,TK1-decoder-deep-object-10000-export,3.4 / 5 / 7 / 10,see named Stage1 sections,Export captures actual successful deep create and move receipts.,systems-engineer
1,"1,2,3,4",systems-engineer,independent-verifier,PENDING_NAMED_CANDIDATE,"independent raw HTTP, inductive deep grammar and shallow exact-value oracle",decoder-strictness/deep-real-receipts,PENDING explicit candidate7 execution release; prepared decoder_runtime.py,UNVERIFIED,unverified,True,TK1-decoder-deep-object-10000-amend,3.4 / 5 / 7 / 10,see named Stage1 sections,A real amendment changes the current booking after snapshot capture.,systems-engineer
1,"1,2,3,4",systems-engineer,independent-verifier,PENDING_NAMED_CANDIDATE,"independent raw HTTP, inductive deep grammar and shallow exact-value oracle",decoder-strictness/deep-real-receipts,PENDING explicit candidate7 execution release; prepared decoder_runtime.py,UNVERIFIED,unverified,True,TK1-decoder-deep-object-10000-cancel,3.4 / 5 / 7 / 10,see named Stage1 sections,A real cancellation changes current occupancy after snapshot capture.,systems-engineer
1,"1,2,3,4",systems-engineer,independent-verifier,PENDING_NAMED_CANDIDATE,"independent raw HTTP, inductive deep grammar and shallow exact-value oracle",decoder-strictness/deep-real-receipts,PENDING explicit candidate7 execution release; prepared decoder_runtime.py,UNVERIFIED,unverified,True,TK1-decoder-deep-object-10000-create-immutable,3.4 / 5 / 7 / 10,see named Stage1 sections,Original deep create replay remains unchanged after amendment and cancellation.,systems-engineer
1,"1,2,3,4",systems-engineer,independent-verifier,PENDING_NAMED_CANDIDATE,"independent raw HTTP, inductive deep grammar and shallow exact-value oracle",decoder-strictness/deep-real-receipts,PENDING explicit candidate7 execution release; prepared decoder_runtime.py,UNVERIFIED,unverified,True,TK1-decoder-deep-object-10000-moves-immutable,3.4 / 5 / 7 / 10,see named Stage1 sections,Original deep move replay remains unchanged after amendment and cancellation.,systems-engineer
1,"1,2,3,4",systems-engineer,independent-verifier,PENDING_NAMED_CANDIDATE,"independent raw HTTP, inductive deep grammar and shallow exact-value oracle",decoder-strictness/deep-real-receipts,PENDING explicit candidate7 execution release; prepared decoder_runtime.py,UNVERIFIED,unverified,True,TK1-decoder-deep-object-10000-bad-import,3.4 / 5 / 7 / 10,see named Stage1 sections,Malformed deep private import refuses before replacing state.,systems-engineer
1,"1,2,3,4",systems-engineer,independent-verifier,PENDING_NAMED_CANDIDATE,"independent raw HTTP, inductive deep grammar and shallow exact-value oracle",decoder-strictness/deep-real-receipts,PENDING explicit candidate7 execution release; prepared decoder_runtime.py,UNVERIFIED,unverified,True,TK1-decoder-deep-object-10000-bad-import-atomic,3.4 / 5 / 7 / 10,see named Stage1 sections,"Malformed deep import preserves current records, sessions and original receipts.",systems-engineer
1,"1,2,3,4",systems-engineer,independent-verifier,PENDING_NAMED_CANDIDATE,"independent raw HTTP, inductive deep grammar and shallow exact-value oracle",decoder-strictness/deep-real-receipts,PENDING explicit candidate7 execution release; prepared decoder_runtime.py,UNVERIFIED,unverified,True,TK1-decoder-deep-object-10000-snapshot-lifetime,3.4 / 5 / 7 / 10,see named Stage1 sections,Captured immutable bytes remain unchanged through subsequent source writes.,systems-engineer
1,"1,2,3,4",systems-engineer,independent-verifier,PENDING_NAMED_CANDIDATE,"independent raw HTTP, inductive deep grammar and shallow exact-value oracle",decoder-strictness/deep-real-receipts,PENDING explicit candidate7 execution release; prepared decoder_runtime.py,UNVERIFIED,unverified,True,TK1-decoder-deep-object-10000-peer-import,7 / 10,see named Stage1 sections,Unchanged actual deep export replaces an independent destination atomically.,systems-engineer
1,"1,2,3,4",systems-engineer,independent-verifier,PENDING_NAMED_CANDIDATE,"independent raw HTTP, inductive deep grammar and shallow exact-value oracle",decoder-strictness/deep-real-receipts,PENDING explicit candidate7 execution release; prepared decoder_runtime.py,UNVERIFIED,unverified,True,TK1-decoder-deep-object-10000-peer-replaced-session,7 / 10,see named Stage1 sections,Old destination sessions are removed by replacement.,systems-engineer
1,"1,2,3,4",systems-engineer,independent-verifier,PENDING_NAMED_CANDIDATE,"independent raw HTTP, inductive deep grammar and shallow exact-value oracle",decoder-strictness/deep-real-receipts,PENDING explicit candidate7 execution release; prepared decoder_runtime.py,UNVERIFIED,unverified,True,TK1-decoder-deep-object-10000-peer-replaced-login,7 / 10,see named Stage1 sections,Old destination credentials are removed by replacement.,systems-engineer
1,"1,2,3,4",systems-engineer,independent-verifier,PENDING_NAMED_CANDIDATE,"independent raw HTTP, inductive deep grammar and shallow exact-value oracle",decoder-strictness/deep-real-receipts,PENDING explicit candidate7 execution release; prepared decoder_runtime.py,UNVERIFIED,unverified,True,TK1-decoder-deep-object-10000-peer-records,7 / 10,see named Stage1 sections,"Imported deep state retains real identities, assignment, timestamps and confirmed status.",systems-engineer
1,"1,2,3,4",systems-engineer,independent-verifier,PENDING_NAMED_CANDIDATE,"independent raw HTTP, inductive deep grammar and shallow exact-value oracle",decoder-strictness/deep-real-receipts,PENDING explicit candidate7 execution release; prepared decoder_runtime.py,UNVERIFIED,unverified,True,TK1-decoder-deep-object-10000-peer-create-original,7 / 10,see named Stage1 sections,The transferred deep original create receipt replays identically.,systems-engineer
1,"1,2,3,4",systems-engineer,independent-verifier,PENDING_NAMED_CANDIDATE,"independent raw HTTP, inductive deep grammar and shallow exact-value oracle",decoder-strictness/deep-real-receipts,PENDING explicit candidate7 execution release; prepared decoder_runtime.py,UNVERIFIED,unverified,True,TK1-decoder-deep-object-10000-peer-moves-original,7 / 10,see named Stage1 sections,The transferred deep original ordered swap receipt replays identically.,systems-engineer
1,"1,2,3,4",systems-engineer,independent-verifier,PENDING_NAMED_CANDIDATE,"independent raw HTTP, inductive deep grammar and shallow exact-value oracle",decoder-strictness/deep-real-receipts,PENDING explicit candidate7 execution release; prepared decoder_runtime.py,UNVERIFIED,unverified,True,TK1-decoder-deep-object-10000-peer-difference,7 / 10,see named Stage1 sections,A valid deep body difference retains used-key refusal after import.,systems-engineer
1,"1,2,3,4",systems-engineer,independent-verifier,PENDING_NAMED_CANDIDATE,"independent raw HTTP, inductive deep grammar and shallow exact-value oracle",decoder-strictness/deep-real-receipts,PENDING explicit candidate7 execution release; prepared decoder_runtime.py,UNVERIFIED,unverified,True,TK1-decoder-deep-object-10000-peer-cancel,7 / 10,see named Stage1 sections,An imported booking can be cancelled with its retained token.,systems-engineer
1,"1,2,3,4",systems-engineer,independent-verifier,PENDING_NAMED_CANDIDATE,"independent raw HTTP, inductive deep grammar and shallow exact-value oracle",decoder-strictness/deep-real-receipts,PENDING explicit candidate7 execution release; prepared decoder_runtime.py,UNVERIFIED,unverified,True,TK1-decoder-deep-object-10000-peer-replay-cancelled,7 / 10,see named Stage1 sections,A cancelled imported booking still replays its original receipt.,systems-engineer
1,"1,2,3,4",systems-engineer,independent-verifier,PENDING_NAMED_CANDIDATE,"independent raw HTTP, inductive deep grammar and shallow exact-value oracle",decoder-strictness/deep-real-receipts,PENDING explicit candidate7 execution release; prepared decoder_runtime.py,UNVERIFIED,unverified,True,TK1-decoder-deep-object-10000-peer-repeat-import,7 / 10,see named Stage1 sections,Repeating the unchanged deep import restores exported state without duplication.,systems-engineer
1,"1,2,3,4",systems-engineer,independent-verifier,PENDING_NAMED_CANDIDATE,"independent raw HTTP, inductive deep grammar and shallow exact-value oracle",decoder-strictness/deep-real-receipts,PENDING explicit candidate7 execution release; prepared decoder_runtime.py,UNVERIFIED,unverified,True,TK1-decoder-deep-object-10000-peer-repeat-records,7 / 10,see named Stage1 sections,Repeated replacement restores confirmed status and exactly the exported identities.,systems-engineer
1,"1,2,3,4",systems-engineer,independent-verifier,PENDING_NAMED_CANDIDATE,"independent raw HTTP, inductive deep grammar and shallow exact-value oracle",decoder-strictness/deep-real-receipts,PENDING explicit candidate7 execution release; prepared decoder_runtime.py,UNVERIFIED,unverified,True,TK1-decoder-deep-object-10000-third-import,7 / 10,see named Stage1 sections,Unchanged actual deep export replaces an independent destination atomically.,systems-engineer
1,"1,2,3,4",systems-engineer,independent-verifier,PENDING_NAMED_CANDIDATE,"independent raw HTTP, inductive deep grammar and shallow exact-value oracle",decoder-strictness/deep-real-receipts,PENDING explicit candidate7 execution release; prepared decoder_runtime.py,UNVERIFIED,unverified,True,TK1-decoder-deep-object-10000-third-replaced-session,7 / 10,see named Stage1 sections,Old destination sessions are removed by replacement.,systems-engineer
1,"1,2,3,4",systems-engineer,independent-verifier,PENDING_NAMED_CANDIDATE,"independent raw HTTP, inductive deep grammar and shallow exact-value oracle",decoder-strictness/deep-real-receipts,PENDING explicit candidate7 execution release; prepared decoder_runtime.py,UNVERIFIED,unverified,True,TK1-decoder-deep-object-10000-third-replaced-login,7 / 10,see named Stage1 sections,Old destination credentials are removed by replacement.,systems-engineer
1,"1,2,3,4",systems-engineer,independent-verifier,PENDING_NAMED_CANDIDATE,"independent raw HTTP, inductive deep grammar and shallow exact-value oracle",decoder-strictness/deep-real-receipts,PENDING explicit candidate7 execution release; prepared decoder_runtime.py,UNVERIFIED,unverified,True,TK1-decoder-deep-object-10000-third-records,7 / 10,see named Stage1 sections,"Imported deep state retains real identities, assignment, timestamps and confirmed status.",systems-engineer
1,"1,2,3,4",systems-engineer,independent-verifier,PENDING_NAMED_CANDIDATE,"independent raw HTTP, inductive deep grammar and shallow exact-value oracle",decoder-strictness/deep-real-receipts,PENDING explicit candidate7 execution release; prepared decoder_runtime.py,UNVERIFIED,unverified,True,TK1-decoder-deep-object-10000-third-create-original,7 / 10,see named Stage1 sections,The transferred deep original create receipt replays identically.,systems-engineer
1,"1,2,3,4",systems-engineer,independent-verifier,PENDING_NAMED_CANDIDATE,"independent raw HTTP, inductive deep grammar and shallow exact-value oracle",decoder-strictness/deep-real-receipts,PENDING explicit candidate7 execution release; prepared decoder_runtime.py,UNVERIFIED,unverified,True,TK1-decoder-deep-object-10000-third-moves-original,7 / 10,see named Stage1 sections,The transferred deep original ordered swap receipt replays identically.,systems-engineer
1,"1,2,3,4",systems-engineer,independent-verifier,PENDING_NAMED_CANDIDATE,"independent raw HTTP, inductive deep grammar and shallow exact-value oracle",decoder-strictness/deep-real-receipts,PENDING explicit candidate7 execution release; prepared decoder_runtime.py,UNVERIFIED,unverified,True,TK1-decoder-deep-object-10000-third-difference,7 / 10,see named Stage1 sections,A valid deep body difference retains used-key refusal after import.,systems-engineer
1,"1,2,3,4",systems-engineer,independent-verifier,PENDING_NAMED_CANDIDATE,"independent raw HTTP, inductive deep grammar and shallow exact-value oracle",decoder-strictness/deep-real-receipts,PENDING explicit candidate7 execution release; prepared decoder_runtime.py,UNVERIFIED,unverified,True,TK1-decoder-deep-object-10000-third-cancel,7 / 10,see named Stage1 sections,An imported booking can be cancelled with its retained token.,systems-engineer
1,"1,2,3,4",systems-engineer,independent-verifier,PENDING_NAMED_CANDIDATE,"independent raw HTTP, inductive deep grammar and shallow exact-value oracle",decoder-strictness/deep-real-receipts,PENDING explicit candidate7 execution release; prepared decoder_runtime.py,UNVERIFIED,unverified,True,TK1-decoder-deep-object-10000-third-replay-cancelled,7 / 10,see named Stage1 sections,A cancelled imported booking still replays its original receipt.,systems-engineer
1,"1,2,3,4",systems-engineer,independent-verifier,PENDING_NAMED_CANDIDATE,"independent raw HTTP, inductive deep grammar and shallow exact-value oracle",decoder-strictness/deep-real-receipts,PENDING explicit candidate7 execution release; prepared decoder_runtime.py,UNVERIFIED,unverified,True,TK1-decoder-deep-object-10000-third-repeat-import,7 / 10,see named Stage1 sections,Repeating the unchanged deep import restores exported state without duplication.,systems-engineer
1,"1,2,3,4",systems-engineer,independent-verifier,PENDING_NAMED_CANDIDATE,"independent raw HTTP, inductive deep grammar and shallow exact-value oracle",decoder-strictness/deep-real-receipts,PENDING explicit candidate7 execution release; prepared decoder_runtime.py,UNVERIFIED,unverified,True,TK1-decoder-deep-object-10000-third-repeat-records,7 / 10,see named Stage1 sections,Repeated replacement restores confirmed status and exactly the exported identities.,systems-engineer
1,"1,2,3,4",systems-engineer,independent-verifier,PENDING_NAMED_CANDIDATE,"independent raw HTTP, inductive deep grammar and shallow exact-value oracle",decoder-strictness/deep-real-receipts,PENDING explicit candidate7 execution release; prepared decoder_runtime.py,UNVERIFIED,unverified,True,TK1-decoder-deep-object-10000-peer-export,10,see named Stage1 sections,A second independent process exports the genuinely imported deep receipts.,systems-engineer
1,"1,2,3,4",systems-engineer,independent-verifier,PENDING_NAMED_CANDIDATE,"independent raw HTTP, inductive deep grammar and shallow exact-value oracle",decoder-strictness/deep-real-receipts,PENDING explicit candidate7 execution release; prepared decoder_runtime.py,UNVERIFIED,unverified,True,TK1-decoder-deep-object-20000-reset,3.4 / 5 / 7 / 10,see named Stage1 sections,Valid ignored deep reset succeeds without imposing a nesting ceiling.,systems-engineer
1,"1,2,3,4",systems-engineer,independent-verifier,PENDING_NAMED_CANDIDATE,"independent raw HTTP, inductive deep grammar and shallow exact-value oracle",decoder-strictness/deep-real-receipts,PENDING explicit candidate7 execution release; prepared decoder_runtime.py,UNVERIFIED,unverified,True,TK1-decoder-deep-object-20000-signup,3.4 / 5 / 7 / 10,see named Stage1 sections,Valid ignored deep signup succeeds.,systems-engineer
1,"1,2,3,4",systems-engineer,independent-verifier,PENDING_NAMED_CANDIDATE,"independent raw HTTP, inductive deep grammar and shallow exact-value oracle",decoder-strictness/deep-real-receipts,PENDING explicit candidate7 execution release; prepared decoder_runtime.py,UNVERIFIED,unverified,True,TK1-decoder-deep-object-20000-login,3.4 / 5 / 7 / 10,see named Stage1 sections,Valid ignored deep login succeeds and supplies a second active session.,systems-engineer
1,"1,2,3,4",systems-engineer,independent-verifier,PENDING_NAMED_CANDIDATE,"independent raw HTTP, inductive deep grammar and shallow exact-value oracle",decoder-strictness/deep-real-receipts,PENDING explicit candidate7 execution release; prepared decoder_runtime.py,UNVERIFIED,unverified,True,TK1-decoder-deep-object-20000-second-token,3.4 / 5 / 7 / 10,see named Stage1 sections,The original session remains valid after another deep login.,systems-engineer
1,"1,2,3,4",systems-engineer,independent-verifier,PENDING_NAMED_CANDIDATE,"independent raw HTTP, inductive deep grammar and shallow exact-value oracle",decoder-strictness/deep-real-receipts,PENDING explicit candidate7 execution release; prepared decoder_runtime.py,UNVERIFIED,unverified,True,TK1-decoder-deep-object-20000-create,3.4 / 5 / 7 / 10,see named Stage1 sections,Valid ignored deep create issues a real original receipt.,systems-engineer
1,"1,2,3,4",systems-engineer,independent-verifier,PENDING_NAMED_CANDIDATE,"independent raw HTTP, inductive deep grammar and shallow exact-value oracle",decoder-strictness/deep-real-receipts,PENDING explicit candidate7 execution release; prepared decoder_runtime.py,UNVERIFIED,unverified,True,TK1-decoder-deep-object-20000-create-alias,3.4 / 5 / 7 / 10,see named Stage1 sections,An equal complete deep parsed body replays the original create response.,systems-engineer
1,"1,2,3,4",systems-engineer,independent-verifier,PENDING_NAMED_CANDIDATE,"independent raw HTTP, inductive deep grammar and shallow exact-value oracle",decoder-strictness/deep-real-receipts,PENDING explicit candidate7 execution release; prepared decoder_runtime.py,UNVERIFIED,unverified,True,TK1-decoder-deep-object-20000-create-precision,3.4 / 5 / 7 / 10,see named Stage1 sections,A deep exact numeric difference conflicts before current resource checks.,systems-engineer
1,"1,2,3,4",systems-engineer,independent-verifier,PENDING_NAMED_CANDIDATE,"independent raw HTTP, inductive deep grammar and shallow exact-value oracle",decoder-strictness/deep-real-receipts,PENDING explicit candidate7 execution release; prepared decoder_runtime.py,UNVERIFIED,unverified,True,TK1-decoder-deep-object-20000-create-type,3.4 / 5 / 7 / 10,see named Stage1 sections,A nested number/boolean difference conflicts.,systems-engineer
1,"1,2,3,4",systems-engineer,independent-verifier,PENDING_NAMED_CANDIDATE,"independent raw HTTP, inductive deep grammar and shallow exact-value oracle",decoder-strictness/deep-real-receipts,PENDING explicit candidate7 execution release; prepared decoder_runtime.py,UNVERIFIED,unverified,True,TK1-decoder-deep-object-20000-create-invalid-difference,3.4 / 5 / 7 / 10,see named Stage1 sections,Used-key deep differences precede invalid party values.,systems-engineer
1,"1,2,3,4",systems-engineer,independent-verifier,PENDING_NAMED_CANDIDATE,"independent raw HTTP, inductive deep grammar and shallow exact-value oracle",decoder-strictness/deep-real-receipts,PENDING explicit candidate7 execution release; prepared decoder_runtime.py,UNVERIFIED,unverified,True,TK1-decoder-deep-object-20000-create-no-auth,3.4 / 5 / 7 / 10,see named Stage1 sections,Valid deep writes still require authentication.,systems-engineer
1,"1,2,3,4",systems-engineer,independent-verifier,PENDING_NAMED_CANDIDATE,"independent raw HTTP, inductive deep grammar and shallow exact-value oracle",decoder-strictness/deep-real-receipts,PENDING explicit candidate7 execution release; prepared decoder_runtime.py,UNVERIFIED,unverified,True,TK1-decoder-deep-object-20000-create-no-key,3.4 / 5 / 7 / 10,see named Stage1 sections,Valid deep writes still require a key.,systems-engineer
1,"1,2,3,4",systems-engineer,independent-verifier,PENDING_NAMED_CANDIDATE,"independent raw HTTP, inductive deep grammar and shallow exact-value oracle",decoder-strictness/deep-real-receipts,PENDING explicit candidate7 execution release; prepared decoder_runtime.py,UNVERIFIED,unverified,True,TK1-decoder-deep-object-20000-second-create,3.4 / 5 / 7 / 10,see named Stage1 sections,A second ordinary booking provides a real atomic swap member.,systems-engineer
1,"1,2,3,4",systems-engineer,independent-verifier,PENDING_NAMED_CANDIDATE,"independent raw HTTP, inductive deep grammar and shallow exact-value oracle",decoder-strictness/deep-real-receipts,PENDING explicit candidate7 execution release; prepared decoder_runtime.py,UNVERIFIED,unverified,True,TK1-decoder-deep-object-20000-moves,3.4 / 5 / 7 / 10,see named Stage1 sections,A deep complete body and per-item ignored field preserve an atomic two-member swap.,systems-engineer
1,"1,2,3,4",systems-engineer,independent-verifier,PENDING_NAMED_CANDIDATE,"independent raw HTTP, inductive deep grammar and shallow exact-value oracle",decoder-strictness/deep-real-receipts,PENDING explicit candidate7 execution release; prepared decoder_runtime.py,UNVERIFIED,unverified,True,TK1-decoder-deep-object-20000-moves-alias,3.4 / 5 / 7 / 10,see named Stage1 sections,Deep move aliases replay the real original ordered batch receipt.,systems-engineer
1,"1,2,3,4",systems-engineer,independent-verifier,PENDING_NAMED_CANDIDATE,"independent raw HTTP, inductive deep grammar and shallow exact-value oracle",decoder-strictness/deep-real-receipts,PENDING explicit candidate7 execution release; prepared decoder_runtime.py,UNVERIFIED,unverified,True,TK1-decoder-deep-object-20000-moves-precision,3.4 / 5 / 7 / 10,see named Stage1 sections,A deep exact move body difference conflicts.,systems-engineer
1,"1,2,3,4",systems-engineer,independent-verifier,PENDING_NAMED_CANDIDATE,"independent raw HTTP, inductive deep grammar and shallow exact-value oracle",decoder-strictness/deep-real-receipts,PENDING explicit candidate7 execution release; prepared decoder_runtime.py,UNVERIFIED,unverified,True,TK1-decoder-deep-object-20000-moves-type,3.4 / 5 / 7 / 10,see named Stage1 sections,A nested numeric/type move difference conflicts.,systems-engineer
1,"1,2,3,4",systems-engineer,independent-verifier,PENDING_NAMED_CANDIDATE,"independent raw HTTP, inductive deep grammar and shallow exact-value oracle",decoder-strictness/deep-real-receipts,PENDING explicit candidate7 execution release; prepared decoder_runtime.py,UNVERIFIED,unverified,True,TK1-decoder-deep-object-20000-create-fraction,3.4 / 5 / 7 / 10,see named Stage1 sections,A valid deep fractional party reaches endpoint validation.,systems-engineer
1,"1,2,3,4",systems-engineer,independent-verifier,PENDING_NAMED_CANDIDATE,"independent raw HTTP, inductive deep grammar and shallow exact-value oracle",decoder-strictness/deep-real-receipts,PENDING explicit candidate7 execution release; prepared decoder_runtime.py,UNVERIFIED,unverified,True,TK1-decoder-deep-object-20000-create-fraction-atomic,3.4 / 5 / 7 / 10,see named Stage1 sections,A refused deep create preserves records and occupancy.,systems-engineer
1,"1,2,3,4",systems-engineer,independent-verifier,PENDING_NAMED_CANDIDATE,"independent raw HTTP, inductive deep grammar and shallow exact-value oracle",decoder-strictness/deep-real-receipts,PENDING explicit candidate7 execution release; prepared decoder_runtime.py,UNVERIFIED,unverified,True,TK1-decoder-deep-object-20000-create-failed-key,3.4 / 5 / 7 / 10,see named Stage1 sections,A deep refused create leaves its key reusable.,systems-engineer
1,"1,2,3,4",systems-engineer,independent-verifier,PENDING_NAMED_CANDIDATE,"independent raw HTTP, inductive deep grammar and shallow exact-value oracle",decoder-strictness/deep-real-receipts,PENDING explicit candidate7 execution release; prepared decoder_runtime.py,UNVERIFIED,unverified,True,TK1-decoder-deep-object-20000-move-fraction,3.4 / 5 / 7 / 10,see named Stage1 sections,A deep fractional move refuses without consuming the key.,systems-engineer
1,"1,2,3,4",systems-engineer,independent-verifier,PENDING_NAMED_CANDIDATE,"independent raw HTTP, inductive deep grammar and shallow exact-value oracle",decoder-strictness/deep-real-receipts,PENDING explicit candidate7 execution release; prepared decoder_runtime.py,UNVERIFIED,unverified,True,TK1-decoder-deep-object-20000-move-fraction-atomic,3.4 / 5 / 7 / 10,see named Stage1 sections,A refused deep batch preserves every record and occupancy.,systems-engineer
1,"1,2,3,4",systems-engineer,independent-verifier,PENDING_NAMED_CANDIDATE,"independent raw HTTP, inductive deep grammar and shallow exact-value oracle",decoder-strictness/deep-real-receipts,PENDING explicit candidate7 execution release; prepared decoder_runtime.py,UNVERIFIED,unverified,True,TK1-decoder-deep-object-20000-move-failed-key,3.4 / 5 / 7 / 10,see named Stage1 sections,A deep refused move leaves its key reusable.,systems-engineer
1,"1,2,3,4",systems-engineer,independent-verifier,PENDING_NAMED_CANDIDATE,"independent raw HTTP, inductive deep grammar and shallow exact-value oracle",decoder-strictness/deep-real-receipts,PENDING explicit candidate7 execution release; prepared decoder_runtime.py,UNVERIFIED,unverified,True,TK1-decoder-deep-object-20000-export,3.4 / 5 / 7 / 10,see named Stage1 sections,Export captures actual successful deep create and move receipts.,systems-engineer
1,"1,2,3,4",systems-engineer,independent-verifier,PENDING_NAMED_CANDIDATE,"independent raw HTTP, inductive deep grammar and shallow exact-value oracle",decoder-strictness/deep-real-receipts,PENDING explicit candidate7 execution release; prepared decoder_runtime.py,UNVERIFIED,unverified,True,TK1-decoder-deep-object-20000-amend,3.4 / 5 / 7 / 10,see named Stage1 sections,A real amendment changes the current booking after snapshot capture.,systems-engineer
1,"1,2,3,4",systems-engineer,independent-verifier,PENDING_NAMED_CANDIDATE,"independent raw HTTP, inductive deep grammar and shallow exact-value oracle",decoder-strictness/deep-real-receipts,PENDING explicit candidate7 execution release; prepared decoder_runtime.py,UNVERIFIED,unverified,True,TK1-decoder-deep-object-20000-cancel,3.4 / 5 / 7 / 10,see named Stage1 sections,A real cancellation changes current occupancy after snapshot capture.,systems-engineer
1,"1,2,3,4",systems-engineer,independent-verifier,PENDING_NAMED_CANDIDATE,"independent raw HTTP, inductive deep grammar and shallow exact-value oracle",decoder-strictness/deep-real-receipts,PENDING explicit candidate7 execution release; prepared decoder_runtime.py,UNVERIFIED,unverified,True,TK1-decoder-deep-object-20000-create-immutable,3.4 / 5 / 7 / 10,see named Stage1 sections,Original deep create replay remains unchanged after amendment and cancellation.,systems-engineer
1,"1,2,3,4",systems-engineer,independent-verifier,PENDING_NAMED_CANDIDATE,"independent raw HTTP, inductive deep grammar and shallow exact-value oracle",decoder-strictness/deep-real-receipts,PENDING explicit candidate7 execution release; prepared decoder_runtime.py,UNVERIFIED,unverified,True,TK1-decoder-deep-object-20000-moves-immutable,3.4 / 5 / 7 / 10,see named Stage1 sections,Original deep move replay remains unchanged after amendment and cancellation.,systems-engineer
1,"1,2,3,4",systems-engineer,independent-verifier,PENDING_NAMED_CANDIDATE,"independent raw HTTP, inductive deep grammar and shallow exact-value oracle",decoder-strictness/deep-real-receipts,PENDING explicit candidate7 execution release; prepared decoder_runtime.py,UNVERIFIED,unverified,True,TK1-decoder-deep-object-20000-bad-import,3.4 / 5 / 7 / 10,see named Stage1 sections,Malformed deep private import refuses before replacing state.,systems-engineer
1,"1,2,3,4",systems-engineer,independent-verifier,PENDING_NAMED_CANDIDATE,"independent raw HTTP, inductive deep grammar and shallow exact-value oracle",decoder-strictness/deep-real-receipts,PENDING explicit candidate7 execution release; prepared decoder_runtime.py,UNVERIFIED,unverified,True,TK1-decoder-deep-object-20000-bad-import-atomic,3.4 / 5 / 7 / 10,see named Stage1 sections,"Malformed deep import preserves current records, sessions and original receipts.",systems-engineer
1,"1,2,3,4",systems-engineer,independent-verifier,PENDING_NAMED_CANDIDATE,"independent raw HTTP, inductive deep grammar and shallow exact-value oracle",decoder-strictness/deep-real-receipts,PENDING explicit candidate7 execution release; prepared decoder_runtime.py,UNVERIFIED,unverified,True,TK1-decoder-deep-object-20000-snapshot-lifetime,3.4 / 5 / 7 / 10,see named Stage1 sections,Captured immutable bytes remain unchanged through subsequent source writes.,systems-engineer
1,"1,2,3,4",systems-engineer,independent-verifier,PENDING_NAMED_CANDIDATE,"independent raw HTTP, inductive deep grammar and shallow exact-value oracle",decoder-strictness/deep-real-receipts,PENDING explicit candidate7 execution release; prepared decoder_runtime.py,UNVERIFIED,unverified,True,TK1-decoder-deep-object-20000-peer-import,7 / 10,see named Stage1 sections,Unchanged actual deep export replaces an independent destination atomically.,systems-engineer
1,"1,2,3,4",systems-engineer,independent-verifier,PENDING_NAMED_CANDIDATE,"independent raw HTTP, inductive deep grammar and shallow exact-value oracle",decoder-strictness/deep-real-receipts,PENDING explicit candidate7 execution release; prepared decoder_runtime.py,UNVERIFIED,unverified,True,TK1-decoder-deep-object-20000-peer-replaced-session,7 / 10,see named Stage1 sections,Old destination sessions are removed by replacement.,systems-engineer
1,"1,2,3,4",systems-engineer,independent-verifier,PENDING_NAMED_CANDIDATE,"independent raw HTTP, inductive deep grammar and shallow exact-value oracle",decoder-strictness/deep-real-receipts,PENDING explicit candidate7 execution release; prepared decoder_runtime.py,UNVERIFIED,unverified,True,TK1-decoder-deep-object-20000-peer-replaced-login,7 / 10,see named Stage1 sections,Old destination credentials are removed by replacement.,systems-engineer
1,"1,2,3,4",systems-engineer,independent-verifier,PENDING_NAMED_CANDIDATE,"independent raw HTTP, inductive deep grammar and shallow exact-value oracle",decoder-strictness/deep-real-receipts,PENDING explicit candidate7 execution release; prepared decoder_runtime.py,UNVERIFIED,unverified,True,TK1-decoder-deep-object-20000-peer-records,7 / 10,see named Stage1 sections,"Imported deep state retains real identities, assignment, timestamps and confirmed status.",systems-engineer
1,"1,2,3,4",systems-engineer,independent-verifier,PENDING_NAMED_CANDIDATE,"independent raw HTTP, inductive deep grammar and shallow exact-value oracle",decoder-strictness/deep-real-receipts,PENDING explicit candidate7 execution release; prepared decoder_runtime.py,UNVERIFIED,unverified,True,TK1-decoder-deep-object-20000-peer-create-original,7 / 10,see named Stage1 sections,The transferred deep original create receipt replays identically.,systems-engineer
1,"1,2,3,4",systems-engineer,independent-verifier,PENDING_NAMED_CANDIDATE,"independent raw HTTP, inductive deep grammar and shallow exact-value oracle",decoder-strictness/deep-real-receipts,PENDING explicit candidate7 execution release; prepared decoder_runtime.py,UNVERIFIED,unverified,True,TK1-decoder-deep-object-20000-peer-moves-original,7 / 10,see named Stage1 sections,The transferred deep original ordered swap receipt replays identically.,systems-engineer
1,"1,2,3,4",systems-engineer,independent-verifier,PENDING_NAMED_CANDIDATE,"independent raw HTTP, inductive deep grammar and shallow exact-value oracle",decoder-strictness/deep-real-receipts,PENDING explicit candidate7 execution release; prepared decoder_runtime.py,UNVERIFIED,unverified,True,TK1-decoder-deep-object-20000-peer-difference,7 / 10,see named Stage1 sections,A valid deep body difference retains used-key refusal after import.,systems-engineer
1,"1,2,3,4",systems-engineer,independent-verifier,PENDING_NAMED_CANDIDATE,"independent raw HTTP, inductive deep grammar and shallow exact-value oracle",decoder-strictness/deep-real-receipts,PENDING explicit candidate7 execution release; prepared decoder_runtime.py,UNVERIFIED,unverified,True,TK1-decoder-deep-object-20000-peer-cancel,7 / 10,see named Stage1 sections,An imported booking can be cancelled with its retained token.,systems-engineer
1,"1,2,3,4",systems-engineer,independent-verifier,PENDING_NAMED_CANDIDATE,"independent raw HTTP, inductive deep grammar and shallow exact-value oracle",decoder-strictness/deep-real-receipts,PENDING explicit candidate7 execution release; prepared decoder_runtime.py,UNVERIFIED,unverified,True,TK1-decoder-deep-object-20000-peer-replay-cancelled,7 / 10,see named Stage1 sections,A cancelled imported booking still replays its original receipt.,systems-engineer
1,"1,2,3,4",systems-engineer,independent-verifier,PENDING_NAMED_CANDIDATE,"independent raw HTTP, inductive deep grammar and shallow exact-value oracle",decoder-strictness/deep-real-receipts,PENDING explicit candidate7 execution release; prepared decoder_runtime.py,UNVERIFIED,unverified,True,TK1-decoder-deep-object-20000-peer-repeat-import,7 / 10,see named Stage1 sections,Repeating the unchanged deep import restores exported state without duplication.,systems-engineer
1,"1,2,3,4",systems-engineer,independent-verifier,PENDING_NAMED_CANDIDATE,"independent raw HTTP, inductive deep grammar and shallow exact-value oracle",decoder-strictness/deep-real-receipts,PENDING explicit candidate7 execution release; prepared decoder_runtime.py,UNVERIFIED,unverified,True,TK1-decoder-deep-object-20000-peer-repeat-records,7 / 10,see named Stage1 sections,Repeated replacement restores confirmed status and exactly the exported identities.,systems-engineer
1,"1,2,3,4",systems-engineer,independent-verifier,PENDING_NAMED_CANDIDATE,"independent raw HTTP, inductive deep grammar and shallow exact-value oracle",decoder-strictness/deep-real-receipts,PENDING explicit candidate7 execution release; prepared decoder_runtime.py,UNVERIFIED,unverified,True,TK1-decoder-deep-object-20000-third-import,7 / 10,see named Stage1 sections,Unchanged actual deep export replaces an independent destination atomically.,systems-engineer
1,"1,2,3,4",systems-engineer,independent-verifier,PENDING_NAMED_CANDIDATE,"independent raw HTTP, inductive deep grammar and shallow exact-value oracle",decoder-strictness/deep-real-receipts,PENDING explicit candidate7 execution release; prepared decoder_runtime.py,UNVERIFIED,unverified,True,TK1-decoder-deep-object-20000-third-replaced-session,7 / 10,see named Stage1 sections,Old destination sessions are removed by replacement.,systems-engineer
1,"1,2,3,4",systems-engineer,independent-verifier,PENDING_NAMED_CANDIDATE,"independent raw HTTP, inductive deep grammar and shallow exact-value oracle",decoder-strictness/deep-real-receipts,PENDING explicit candidate7 execution release; prepared decoder_runtime.py,UNVERIFIED,unverified,True,TK1-decoder-deep-object-20000-third-replaced-login,7 / 10,see named Stage1 sections,Old destination credentials are removed by replacement.,systems-engineer
1,"1,2,3,4",systems-engineer,independent-verifier,PENDING_NAMED_CANDIDATE,"independent raw HTTP, inductive deep grammar and shallow exact-value oracle",decoder-strictness/deep-real-receipts,PENDING explicit candidate7 execution release; prepared decoder_runtime.py,UNVERIFIED,unverified,True,TK1-decoder-deep-object-20000-third-records,7 / 10,see named Stage1 sections,"Imported deep state retains real identities, assignment, timestamps and confirmed status.",systems-engineer
1,"1,2,3,4",systems-engineer,independent-verifier,PENDING_NAMED_CANDIDATE,"independent raw HTTP, inductive deep grammar and shallow exact-value oracle",decoder-strictness/deep-real-receipts,PENDING explicit candidate7 execution release; prepared decoder_runtime.py,UNVERIFIED,unverified,True,TK1-decoder-deep-object-20000-third-create-original,7 / 10,see named Stage1 sections,The transferred deep original create receipt replays identically.,systems-engineer
1,"1,2,3,4",systems-engineer,independent-verifier,PENDING_NAMED_CANDIDATE,"independent raw HTTP, inductive deep grammar and shallow exact-value oracle",decoder-strictness/deep-real-receipts,PENDING explicit candidate7 execution release; prepared decoder_runtime.py,UNVERIFIED,unverified,True,TK1-decoder-deep-object-20000-third-moves-original,7 / 10,see named Stage1 sections,The transferred deep original ordered swap receipt replays identically.,systems-engineer
1,"1,2,3,4",systems-engineer,independent-verifier,PENDING_NAMED_CANDIDATE,"independent raw HTTP, inductive deep grammar and shallow exact-value oracle",decoder-strictness/deep-real-receipts,PENDING explicit candidate7 execution release; prepared decoder_runtime.py,UNVERIFIED,unverified,True,TK1-decoder-deep-object-20000-third-difference,7 / 10,see named Stage1 sections,A valid deep body difference retains used-key refusal after import.,systems-engineer
1,"1,2,3,4",systems-engineer,independent-verifier,PENDING_NAMED_CANDIDATE,"independent raw HTTP, inductive deep grammar and shallow exact-value oracle",decoder-strictness/deep-real-receipts,PENDING explicit candidate7 execution release; prepared decoder_runtime.py,UNVERIFIED,unverified,True,TK1-decoder-deep-object-20000-third-cancel,7 / 10,see named Stage1 sections,An imported booking can be cancelled with its retained token.,systems-engineer
1,"1,2,3,4",systems-engineer,independent-verifier,PENDING_NAMED_CANDIDATE,"independent raw HTTP, inductive deep grammar and shallow exact-value oracle",decoder-strictness/deep-real-receipts,PENDING explicit candidate7 execution release; prepared decoder_runtime.py,UNVERIFIED,unverified,True,TK1-decoder-deep-object-20000-third-replay-cancelled,7 / 10,see named Stage1 sections,A cancelled imported booking still replays its original receipt.,systems-engineer
1,"1,2,3,4",systems-engineer,independent-verifier,PENDING_NAMED_CANDIDATE,"independent raw HTTP, inductive deep grammar and shallow exact-value oracle",decoder-strictness/deep-real-receipts,PENDING explicit candidate7 execution release; prepared decoder_runtime.py,UNVERIFIED,unverified,True,TK1-decoder-deep-object-20000-third-repeat-import,7 / 10,see named Stage1 sections,Repeating the unchanged deep import restores exported state without duplication.,systems-engineer
1,"1,2,3,4",systems-engineer,independent-verifier,PENDING_NAMED_CANDIDATE,"independent raw HTTP, inductive deep grammar and shallow exact-value oracle",decoder-strictness/deep-real-receipts,PENDING explicit candidate7 execution release; prepared decoder_runtime.py,UNVERIFIED,unverified,True,TK1-decoder-deep-object-20000-third-repeat-records,7 / 10,see named Stage1 sections,Repeated replacement restores confirmed status and exactly the exported identities.,systems-engineer
1,"1,2,3,4",systems-engineer,independent-verifier,PENDING_NAMED_CANDIDATE,"independent raw HTTP, inductive deep grammar and shallow exact-value oracle",decoder-strictness/deep-real-receipts,PENDING explicit candidate7 execution release; prepared decoder_runtime.py,UNVERIFIED,unverified,True,TK1-decoder-deep-object-20000-peer-export,10,see named Stage1 sections,A second independent process exports the genuinely imported deep receipts.,systems-engineer
1,"1,2,3,4",systems-engineer,independent-verifier,PENDING_NAMED_CANDIDATE,"independent raw HTTP, inductive deep grammar and shallow exact-value oracle",decoder-strictness/deep-real-receipts,PENDING explicit candidate7 execution release; prepared decoder_runtime.py,UNVERIFIED,unverified,True,TK1-decoder-deep-alternating-1100-reset,3.4 / 5 / 7 / 10,see named Stage1 sections,Valid ignored deep reset succeeds without imposing a nesting ceiling.,systems-engineer
1,"1,2,3,4",systems-engineer,independent-verifier,PENDING_NAMED_CANDIDATE,"independent raw HTTP, inductive deep grammar and shallow exact-value oracle",decoder-strictness/deep-real-receipts,PENDING explicit candidate7 execution release; prepared decoder_runtime.py,UNVERIFIED,unverified,True,TK1-decoder-deep-alternating-1100-signup,3.4 / 5 / 7 / 10,see named Stage1 sections,Valid ignored deep signup succeeds.,systems-engineer
1,"1,2,3,4",systems-engineer,independent-verifier,PENDING_NAMED_CANDIDATE,"independent raw HTTP, inductive deep grammar and shallow exact-value oracle",decoder-strictness/deep-real-receipts,PENDING explicit candidate7 execution release; prepared decoder_runtime.py,UNVERIFIED,unverified,True,TK1-decoder-deep-alternating-1100-login,3.4 / 5 / 7 / 10,see named Stage1 sections,Valid ignored deep login succeeds and supplies a second active session.,systems-engineer
1,"1,2,3,4",systems-engineer,independent-verifier,PENDING_NAMED_CANDIDATE,"independent raw HTTP, inductive deep grammar and shallow exact-value oracle",decoder-strictness/deep-real-receipts,PENDING explicit candidate7 execution release; prepared decoder_runtime.py,UNVERIFIED,unverified,True,TK1-decoder-deep-alternating-1100-second-token,3.4 / 5 / 7 / 10,see named Stage1 sections,The original session remains valid after another deep login.,systems-engineer
1,"1,2,3,4",systems-engineer,independent-verifier,PENDING_NAMED_CANDIDATE,"independent raw HTTP, inductive deep grammar and shallow exact-value oracle",decoder-strictness/deep-real-receipts,PENDING explicit candidate7 execution release; prepared decoder_runtime.py,UNVERIFIED,unverified,True,TK1-decoder-deep-alternating-1100-create,3.4 / 5 / 7 / 10,see named Stage1 sections,Valid ignored deep create issues a real original receipt.,systems-engineer
1,"1,2,3,4",systems-engineer,independent-verifier,PENDING_NAMED_CANDIDATE,"independent raw HTTP, inductive deep grammar and shallow exact-value oracle",decoder-strictness/deep-real-receipts,PENDING explicit candidate7 execution release; prepared decoder_runtime.py,UNVERIFIED,unverified,True,TK1-decoder-deep-alternating-1100-create-alias,3.4 / 5 / 7 / 10,see named Stage1 sections,An equal complete deep parsed body replays the original create response.,systems-engineer
1,"1,2,3,4",systems-engineer,independent-verifier,PENDING_NAMED_CANDIDATE,"independent raw HTTP, inductive deep grammar and shallow exact-value oracle",decoder-strictness/deep-real-receipts,PENDING explicit candidate7 execution release; prepared decoder_runtime.py,UNVERIFIED,unverified,True,TK1-decoder-deep-alternating-1100-create-precision,3.4 / 5 / 7 / 10,see named Stage1 sections,A deep exact numeric difference conflicts before current resource checks.,systems-engineer
1,"1,2,3,4",systems-engineer,independent-verifier,PENDING_NAMED_CANDIDATE,"independent raw HTTP, inductive deep grammar and shallow exact-value oracle",decoder-strictness/deep-real-receipts,PENDING explicit candidate7 execution release; prepared decoder_runtime.py,UNVERIFIED,unverified,True,TK1-decoder-deep-alternating-1100-create-type,3.4 / 5 / 7 / 10,see named Stage1 sections,A nested number/boolean difference conflicts.,systems-engineer
1,"1,2,3,4",systems-engineer,independent-verifier,PENDING_NAMED_CANDIDATE,"independent raw HTTP, inductive deep grammar and shallow exact-value oracle",decoder-strictness/deep-real-receipts,PENDING explicit candidate7 execution release; prepared decoder_runtime.py,UNVERIFIED,unverified,True,TK1-decoder-deep-alternating-1100-create-invalid-difference,3.4 / 5 / 7 / 10,see named Stage1 sections,Used-key deep differences precede invalid party values.,systems-engineer
1,"1,2,3,4",systems-engineer,independent-verifier,PENDING_NAMED_CANDIDATE,"independent raw HTTP, inductive deep grammar and shallow exact-value oracle",decoder-strictness/deep-real-receipts,PENDING explicit candidate7 execution release; prepared decoder_runtime.py,UNVERIFIED,unverified,True,TK1-decoder-deep-alternating-1100-create-no-auth,3.4 / 5 / 7 / 10,see named Stage1 sections,Valid deep writes still require authentication.,systems-engineer
1,"1,2,3,4",systems-engineer,independent-verifier,PENDING_NAMED_CANDIDATE,"independent raw HTTP, inductive deep grammar and shallow exact-value oracle",decoder-strictness/deep-real-receipts,PENDING explicit candidate7 execution release; prepared decoder_runtime.py,UNVERIFIED,unverified,True,TK1-decoder-deep-alternating-1100-create-no-key,3.4 / 5 / 7 / 10,see named Stage1 sections,Valid deep writes still require a key.,systems-engineer
1,"1,2,3,4",systems-engineer,independent-verifier,PENDING_NAMED_CANDIDATE,"independent raw HTTP, inductive deep grammar and shallow exact-value oracle",decoder-strictness/deep-real-receipts,PENDING explicit candidate7 execution release; prepared decoder_runtime.py,UNVERIFIED,unverified,True,TK1-decoder-deep-alternating-1100-second-create,3.4 / 5 / 7 / 10,see named Stage1 sections,A second ordinary booking provides a real atomic swap member.,systems-engineer
1,"1,2,3,4",systems-engineer,independent-verifier,PENDING_NAMED_CANDIDATE,"independent raw HTTP, inductive deep grammar and shallow exact-value oracle",decoder-strictness/deep-real-receipts,PENDING explicit candidate7 execution release; prepared decoder_runtime.py,UNVERIFIED,unverified,True,TK1-decoder-deep-alternating-1100-moves,3.4 / 5 / 7 / 10,see named Stage1 sections,A deep complete body and per-item ignored field preserve an atomic two-member swap.,systems-engineer
1,"1,2,3,4",systems-engineer,independent-verifier,PENDING_NAMED_CANDIDATE,"independent raw HTTP, inductive deep grammar and shallow exact-value oracle",decoder-strictness/deep-real-receipts,PENDING explicit candidate7 execution release; prepared decoder_runtime.py,UNVERIFIED,unverified,True,TK1-decoder-deep-alternating-1100-moves-alias,3.4 / 5 / 7 / 10,see named Stage1 sections,Deep move aliases replay the real original ordered batch receipt.,systems-engineer
1,"1,2,3,4",systems-engineer,independent-verifier,PENDING_NAMED_CANDIDATE,"independent raw HTTP, inductive deep grammar and shallow exact-value oracle",decoder-strictness/deep-real-receipts,PENDING explicit candidate7 execution release; prepared decoder_runtime.py,UNVERIFIED,unverified,True,TK1-decoder-deep-alternating-1100-moves-precision,3.4 / 5 / 7 / 10,see named Stage1 sections,A deep exact move body difference conflicts.,systems-engineer
1,"1,2,3,4",systems-engineer,independent-verifier,PENDING_NAMED_CANDIDATE,"independent raw HTTP, inductive deep grammar and shallow exact-value oracle",decoder-strictness/deep-real-receipts,PENDING explicit candidate7 execution release; prepared decoder_runtime.py,UNVERIFIED,unverified,True,TK1-decoder-deep-alternating-1100-moves-type,3.4 / 5 / 7 / 10,see named Stage1 sections,A nested numeric/type move difference conflicts.,systems-engineer
1,"1,2,3,4",systems-engineer,independent-verifier,PENDING_NAMED_CANDIDATE,"independent raw HTTP, inductive deep grammar and shallow exact-value oracle",decoder-strictness/deep-real-receipts,PENDING explicit candidate7 execution release; prepared decoder_runtime.py,UNVERIFIED,unverified,True,TK1-decoder-deep-alternating-1100-create-fraction,3.4 / 5 / 7 / 10,see named Stage1 sections,A valid deep fractional party reaches endpoint validation.,systems-engineer
1,"1,2,3,4",systems-engineer,independent-verifier,PENDING_NAMED_CANDIDATE,"independent raw HTTP, inductive deep grammar and shallow exact-value oracle",decoder-strictness/deep-real-receipts,PENDING explicit candidate7 execution release; prepared decoder_runtime.py,UNVERIFIED,unverified,True,TK1-decoder-deep-alternating-1100-create-fraction-atomic,3.4 / 5 / 7 / 10,see named Stage1 sections,A refused deep create preserves records and occupancy.,systems-engineer
1,"1,2,3,4",systems-engineer,independent-verifier,PENDING_NAMED_CANDIDATE,"independent raw HTTP, inductive deep grammar and shallow exact-value oracle",decoder-strictness/deep-real-receipts,PENDING explicit candidate7 execution release; prepared decoder_runtime.py,UNVERIFIED,unverified,True,TK1-decoder-deep-alternating-1100-create-failed-key,3.4 / 5 / 7 / 10,see named Stage1 sections,A deep refused create leaves its key reusable.,systems-engineer
1,"1,2,3,4",systems-engineer,independent-verifier,PENDING_NAMED_CANDIDATE,"independent raw HTTP, inductive deep grammar and shallow exact-value oracle",decoder-strictness/deep-real-receipts,PENDING explicit candidate7 execution release; prepared decoder_runtime.py,UNVERIFIED,unverified,True,TK1-decoder-deep-alternating-1100-move-fraction,3.4 / 5 / 7 / 10,see named Stage1 sections,A deep fractional move refuses without consuming the key.,systems-engineer
1,"1,2,3,4",systems-engineer,independent-verifier,PENDING_NAMED_CANDIDATE,"independent raw HTTP, inductive deep grammar and shallow exact-value oracle",decoder-strictness/deep-real-receipts,PENDING explicit candidate7 execution release; prepared decoder_runtime.py,UNVERIFIED,unverified,True,TK1-decoder-deep-alternating-1100-move-fraction-atomic,3.4 / 5 / 7 / 10,see named Stage1 sections,A refused deep batch preserves every record and occupancy.,systems-engineer
1,"1,2,3,4",systems-engineer,independent-verifier,PENDING_NAMED_CANDIDATE,"independent raw HTTP, inductive deep grammar and shallow exact-value oracle",decoder-strictness/deep-real-receipts,PENDING explicit candidate7 execution release; prepared decoder_runtime.py,UNVERIFIED,unverified,True,TK1-decoder-deep-alternating-1100-move-failed-key,3.4 / 5 / 7 / 10,see named Stage1 sections,A deep refused move leaves its key reusable.,systems-engineer
1,"1,2,3,4",systems-engineer,independent-verifier,PENDING_NAMED_CANDIDATE,"independent raw HTTP, inductive deep grammar and shallow exact-value oracle",decoder-strictness/deep-real-receipts,PENDING explicit candidate7 execution release; prepared decoder_runtime.py,UNVERIFIED,unverified,True,TK1-decoder-deep-alternating-1100-export,3.4 / 5 / 7 / 10,see named Stage1 sections,Export captures actual successful deep create and move receipts.,systems-engineer
1,"1,2,3,4",systems-engineer,independent-verifier,PENDING_NAMED_CANDIDATE,"independent raw HTTP, inductive deep grammar and shallow exact-value oracle",decoder-strictness/deep-real-receipts,PENDING explicit candidate7 execution release; prepared decoder_runtime.py,UNVERIFIED,unverified,True,TK1-decoder-deep-alternating-1100-amend,3.4 / 5 / 7 / 10,see named Stage1 sections,A real amendment changes the current booking after snapshot capture.,systems-engineer
1,"1,2,3,4",systems-engineer,independent-verifier,PENDING_NAMED_CANDIDATE,"independent raw HTTP, inductive deep grammar and shallow exact-value oracle",decoder-strictness/deep-real-receipts,PENDING explicit candidate7 execution release; prepared decoder_runtime.py,UNVERIFIED,unverified,True,TK1-decoder-deep-alternating-1100-cancel,3.4 / 5 / 7 / 10,see named Stage1 sections,A real cancellation changes current occupancy after snapshot capture.,systems-engineer
1,"1,2,3,4",systems-engineer,independent-verifier,PENDING_NAMED_CANDIDATE,"independent raw HTTP, inductive deep grammar and shallow exact-value oracle",decoder-strictness/deep-real-receipts,PENDING explicit candidate7 execution release; prepared decoder_runtime.py,UNVERIFIED,unverified,True,TK1-decoder-deep-alternating-1100-create-immutable,3.4 / 5 / 7 / 10,see named Stage1 sections,Original deep create replay remains unchanged after amendment and cancellation.,systems-engineer
1,"1,2,3,4",systems-engineer,independent-verifier,PENDING_NAMED_CANDIDATE,"independent raw HTTP, inductive deep grammar and shallow exact-value oracle",decoder-strictness/deep-real-receipts,PENDING explicit candidate7 execution release; prepared decoder_runtime.py,UNVERIFIED,unverified,True,TK1-decoder-deep-alternating-1100-moves-immutable,3.4 / 5 / 7 / 10,see named Stage1 sections,Original deep move replay remains unchanged after amendment and cancellation.,systems-engineer
1,"1,2,3,4",systems-engineer,independent-verifier,PENDING_NAMED_CANDIDATE,"independent raw HTTP, inductive deep grammar and shallow exact-value oracle",decoder-strictness/deep-real-receipts,PENDING explicit candidate7 execution release; prepared decoder_runtime.py,UNVERIFIED,unverified,True,TK1-decoder-deep-alternating-1100-bad-import,3.4 / 5 / 7 / 10,see named Stage1 sections,Malformed deep private import refuses before replacing state.,systems-engineer
1,"1,2,3,4",systems-engineer,independent-verifier,PENDING_NAMED_CANDIDATE,"independent raw HTTP, inductive deep grammar and shallow exact-value oracle",decoder-strictness/deep-real-receipts,PENDING explicit candidate7 execution release; prepared decoder_runtime.py,UNVERIFIED,unverified,True,TK1-decoder-deep-alternating-1100-bad-import-atomic,3.4 / 5 / 7 / 10,see named Stage1 sections,"Malformed deep import preserves current records, sessions and original receipts.",systems-engineer
1,"1,2,3,4",systems-engineer,independent-verifier,PENDING_NAMED_CANDIDATE,"independent raw HTTP, inductive deep grammar and shallow exact-value oracle",decoder-strictness/deep-real-receipts,PENDING explicit candidate7 execution release; prepared decoder_runtime.py,UNVERIFIED,unverified,True,TK1-decoder-deep-alternating-1100-snapshot-lifetime,3.4 / 5 / 7 / 10,see named Stage1 sections,Captured immutable bytes remain unchanged through subsequent source writes.,systems-engineer
1,"1,2,3,4",systems-engineer,independent-verifier,PENDING_NAMED_CANDIDATE,"independent raw HTTP, inductive deep grammar and shallow exact-value oracle",decoder-strictness/deep-real-receipts,PENDING explicit candidate7 execution release; prepared decoder_runtime.py,UNVERIFIED,unverified,True,TK1-decoder-deep-alternating-1100-peer-import,7 / 10,see named Stage1 sections,Unchanged actual deep export replaces an independent destination atomically.,systems-engineer
1,"1,2,3,4",systems-engineer,independent-verifier,PENDING_NAMED_CANDIDATE,"independent raw HTTP, inductive deep grammar and shallow exact-value oracle",decoder-strictness/deep-real-receipts,PENDING explicit candidate7 execution release; prepared decoder_runtime.py,UNVERIFIED,unverified,True,TK1-decoder-deep-alternating-1100-peer-replaced-session,7 / 10,see named Stage1 sections,Old destination sessions are removed by replacement.,systems-engineer
1,"1,2,3,4",systems-engineer,independent-verifier,PENDING_NAMED_CANDIDATE,"independent raw HTTP, inductive deep grammar and shallow exact-value oracle",decoder-strictness/deep-real-receipts,PENDING explicit candidate7 execution release; prepared decoder_runtime.py,UNVERIFIED,unverified,True,TK1-decoder-deep-alternating-1100-peer-replaced-login,7 / 10,see named Stage1 sections,Old destination credentials are removed by replacement.,systems-engineer
1,"1,2,3,4",systems-engineer,independent-verifier,PENDING_NAMED_CANDIDATE,"independent raw HTTP, inductive deep grammar and shallow exact-value oracle",decoder-strictness/deep-real-receipts,PENDING explicit candidate7 execution release; prepared decoder_runtime.py,UNVERIFIED,unverified,True,TK1-decoder-deep-alternating-1100-peer-records,7 / 10,see named Stage1 sections,"Imported deep state retains real identities, assignment, timestamps and confirmed status.",systems-engineer
1,"1,2,3,4",systems-engineer,independent-verifier,PENDING_NAMED_CANDIDATE,"independent raw HTTP, inductive deep grammar and shallow exact-value oracle",decoder-strictness/deep-real-receipts,PENDING explicit candidate7 execution release; prepared decoder_runtime.py,UNVERIFIED,unverified,True,TK1-decoder-deep-alternating-1100-peer-create-original,7 / 10,see named Stage1 sections,The transferred deep original create receipt replays identically.,systems-engineer
1,"1,2,3,4",systems-engineer,independent-verifier,PENDING_NAMED_CANDIDATE,"independent raw HTTP, inductive deep grammar and shallow exact-value oracle",decoder-strictness/deep-real-receipts,PENDING explicit candidate7 execution release; prepared decoder_runtime.py,UNVERIFIED,unverified,True,TK1-decoder-deep-alternating-1100-peer-moves-original,7 / 10,see named Stage1 sections,The transferred deep original ordered swap receipt replays identically.,systems-engineer
1,"1,2,3,4",systems-engineer,independent-verifier,PENDING_NAMED_CANDIDATE,"independent raw HTTP, inductive deep grammar and shallow exact-value oracle",decoder-strictness/deep-real-receipts,PENDING explicit candidate7 execution release; prepared decoder_runtime.py,UNVERIFIED,unverified,True,TK1-decoder-deep-alternating-1100-peer-difference,7 / 10,see named Stage1 sections,A valid deep body difference retains used-key refusal after import.,systems-engineer
1,"1,2,3,4",systems-engineer,independent-verifier,PENDING_NAMED_CANDIDATE,"independent raw HTTP, inductive deep grammar and shallow exact-value oracle",decoder-strictness/deep-real-receipts,PENDING explicit candidate7 execution release; prepared decoder_runtime.py,UNVERIFIED,unverified,True,TK1-decoder-deep-alternating-1100-peer-cancel,7 / 10,see named Stage1 sections,An imported booking can be cancelled with its retained token.,systems-engineer
1,"1,2,3,4",systems-engineer,independent-verifier,PENDING_NAMED_CANDIDATE,"independent raw HTTP, inductive deep grammar and shallow exact-value oracle",decoder-strictness/deep-real-receipts,PENDING explicit candidate7 execution release; prepared decoder_runtime.py,UNVERIFIED,unverified,True,TK1-decoder-deep-alternating-1100-peer-replay-cancelled,7 / 10,see named Stage1 sections,A cancelled imported booking still replays its original receipt.,systems-engineer
1,"1,2,3,4",systems-engineer,independent-verifier,PENDING_NAMED_CANDIDATE,"independent raw HTTP, inductive deep grammar and shallow exact-value oracle",decoder-strictness/deep-real-receipts,PENDING explicit candidate7 execution release; prepared decoder_runtime.py,UNVERIFIED,unverified,True,TK1-decoder-deep-alternating-1100-peer-repeat-import,7 / 10,see named Stage1 sections,Repeating the unchanged deep import restores exported state without duplication.,systems-engineer
1,"1,2,3,4",systems-engineer,independent-verifier,PENDING_NAMED_CANDIDATE,"independent raw HTTP, inductive deep grammar and shallow exact-value oracle",decoder-strictness/deep-real-receipts,PENDING explicit candidate7 execution release; prepared decoder_runtime.py,UNVERIFIED,unverified,True,TK1-decoder-deep-alternating-1100-peer-repeat-records,7 / 10,see named Stage1 sections,Repeated replacement restores confirmed status and exactly the exported identities.,systems-engineer
1,"1,2,3,4",systems-engineer,independent-verifier,PENDING_NAMED_CANDIDATE,"independent raw HTTP, inductive deep grammar and shallow exact-value oracle",decoder-strictness/deep-real-receipts,PENDING explicit candidate7 execution release; prepared decoder_runtime.py,UNVERIFIED,unverified,True,TK1-decoder-deep-alternating-1100-third-import,7 / 10,see named Stage1 sections,Unchanged actual deep export replaces an independent destination atomically.,systems-engineer
1,"1,2,3,4",systems-engineer,independent-verifier,PENDING_NAMED_CANDIDATE,"independent raw HTTP, inductive deep grammar and shallow exact-value oracle",decoder-strictness/deep-real-receipts,PENDING explicit candidate7 execution release; prepared decoder_runtime.py,UNVERIFIED,unverified,True,TK1-decoder-deep-alternating-1100-third-replaced-session,7 / 10,see named Stage1 sections,Old destination sessions are removed by replacement.,systems-engineer
1,"1,2,3,4",systems-engineer,independent-verifier,PENDING_NAMED_CANDIDATE,"independent raw HTTP, inductive deep grammar and shallow exact-value oracle",decoder-strictness/deep-real-receipts,PENDING explicit candidate7 execution release; prepared decoder_runtime.py,UNVERIFIED,unverified,True,TK1-decoder-deep-alternating-1100-third-replaced-login,7 / 10,see named Stage1 sections,Old destination credentials are removed by replacement.,systems-engineer
1,"1,2,3,4",systems-engineer,independent-verifier,PENDING_NAMED_CANDIDATE,"independent raw HTTP, inductive deep grammar and shallow exact-value oracle",decoder-strictness/deep-real-receipts,PENDING explicit candidate7 execution release; prepared decoder_runtime.py,UNVERIFIED,unverified,True,TK1-decoder-deep-alternating-1100-third-records,7 / 10,see named Stage1 sections,"Imported deep state retains real identities, assignment, timestamps and confirmed status.",systems-engineer
1,"1,2,3,4",systems-engineer,independent-verifier,PENDING_NAMED_CANDIDATE,"independent raw HTTP, inductive deep grammar and shallow exact-value oracle",decoder-strictness/deep-real-receipts,PENDING explicit candidate7 execution release; prepared decoder_runtime.py,UNVERIFIED,unverified,True,TK1-decoder-deep-alternating-1100-third-create-original,7 / 10,see named Stage1 sections,The transferred deep original create receipt replays identically.,systems-engineer
1,"1,2,3,4",systems-engineer,independent-verifier,PENDING_NAMED_CANDIDATE,"independent raw HTTP, inductive deep grammar and shallow exact-value oracle",decoder-strictness/deep-real-receipts,PENDING explicit candidate7 execution release; prepared decoder_runtime.py,UNVERIFIED,unverified,True,TK1-decoder-deep-alternating-1100-third-moves-original,7 / 10,see named Stage1 sections,The transferred deep original ordered swap receipt replays identically.,systems-engineer
1,"1,2,3,4",systems-engineer,independent-verifier,PENDING_NAMED_CANDIDATE,"independent raw HTTP, inductive deep grammar and shallow exact-value oracle",decoder-strictness/deep-real-receipts,PENDING explicit candidate7 execution release; prepared decoder_runtime.py,UNVERIFIED,unverified,True,TK1-decoder-deep-alternating-1100-third-difference,7 / 10,see named Stage1 sections,A valid deep body difference retains used-key refusal after import.,systems-engineer
1,"1,2,3,4",systems-engineer,independent-verifier,PENDING_NAMED_CANDIDATE,"independent raw HTTP, inductive deep grammar and shallow exact-value oracle",decoder-strictness/deep-real-receipts,PENDING explicit candidate7 execution release; prepared decoder_runtime.py,UNVERIFIED,unverified,True,TK1-decoder-deep-alternating-1100-third-cancel,7 / 10,see named Stage1 sections,An imported booking can be cancelled with its retained token.,systems-engineer
1,"1,2,3,4",systems-engineer,independent-verifier,PENDING_NAMED_CANDIDATE,"independent raw HTTP, inductive deep grammar and shallow exact-value oracle",decoder-strictness/deep-real-receipts,PENDING explicit candidate7 execution release; prepared decoder_runtime.py,UNVERIFIED,unverified,True,TK1-decoder-deep-alternating-1100-third-replay-cancelled,7 / 10,see named Stage1 sections,A cancelled imported booking still replays its original receipt.,systems-engineer
1,"1,2,3,4",systems-engineer,independent-verifier,PENDING_NAMED_CANDIDATE,"independent raw HTTP, inductive deep grammar and shallow exact-value oracle",decoder-strictness/deep-real-receipts,PENDING explicit candidate7 execution release; prepared decoder_runtime.py,UNVERIFIED,unverified,True,TK1-decoder-deep-alternating-1100-third-repeat-import,7 / 10,see named Stage1 sections,Repeating the unchanged deep import restores exported state without duplication.,systems-engineer
1,"1,2,3,4",systems-engineer,independent-verifier,PENDING_NAMED_CANDIDATE,"independent raw HTTP, inductive deep grammar and shallow exact-value oracle",decoder-strictness/deep-real-receipts,PENDING explicit candidate7 execution release; prepared decoder_runtime.py,UNVERIFIED,unverified,True,TK1-decoder-deep-alternating-1100-third-repeat-records,7 / 10,see named Stage1 sections,Repeated replacement restores confirmed status and exactly the exported identities.,systems-engineer
1,"1,2,3,4",systems-engineer,independent-verifier,PENDING_NAMED_CANDIDATE,"independent raw HTTP, inductive deep grammar and shallow exact-value oracle",decoder-strictness/deep-real-receipts,PENDING explicit candidate7 execution release; prepared decoder_runtime.py,UNVERIFIED,unverified,True,TK1-decoder-deep-alternating-1100-peer-export,10,see named Stage1 sections,A second independent process exports the genuinely imported deep receipts.,systems-engineer
1,"1,2,3,4",systems-engineer,independent-verifier,PENDING_NAMED_CANDIDATE,"independent raw HTTP, inductive deep grammar and shallow exact-value oracle",decoder-strictness/deep-real-receipts,PENDING explicit candidate7 execution release; prepared decoder_runtime.py,UNVERIFIED,unverified,True,TK1-decoder-deep-alternating-5000-reset,3.4 / 5 / 7 / 10,see named Stage1 sections,Valid ignored deep reset succeeds without imposing a nesting ceiling.,systems-engineer
1,"1,2,3,4",systems-engineer,independent-verifier,PENDING_NAMED_CANDIDATE,"independent raw HTTP, inductive deep grammar and shallow exact-value oracle",decoder-strictness/deep-real-receipts,PENDING explicit candidate7 execution release; prepared decoder_runtime.py,UNVERIFIED,unverified,True,TK1-decoder-deep-alternating-5000-signup,3.4 / 5 / 7 / 10,see named Stage1 sections,Valid ignored deep signup succeeds.,systems-engineer
1,"1,2,3,4",systems-engineer,independent-verifier,PENDING_NAMED_CANDIDATE,"independent raw HTTP, inductive deep grammar and shallow exact-value oracle",decoder-strictness/deep-real-receipts,PENDING explicit candidate7 execution release; prepared decoder_runtime.py,UNVERIFIED,unverified,True,TK1-decoder-deep-alternating-5000-login,3.4 / 5 / 7 / 10,see named Stage1 sections,Valid ignored deep login succeeds and supplies a second active session.,systems-engineer
1,"1,2,3,4",systems-engineer,independent-verifier,PENDING_NAMED_CANDIDATE,"independent raw HTTP, inductive deep grammar and shallow exact-value oracle",decoder-strictness/deep-real-receipts,PENDING explicit candidate7 execution release; prepared decoder_runtime.py,UNVERIFIED,unverified,True,TK1-decoder-deep-alternating-5000-second-token,3.4 / 5 / 7 / 10,see named Stage1 sections,The original session remains valid after another deep login.,systems-engineer
1,"1,2,3,4",systems-engineer,independent-verifier,PENDING_NAMED_CANDIDATE,"independent raw HTTP, inductive deep grammar and shallow exact-value oracle",decoder-strictness/deep-real-receipts,PENDING explicit candidate7 execution release; prepared decoder_runtime.py,UNVERIFIED,unverified,True,TK1-decoder-deep-alternating-5000-create,3.4 / 5 / 7 / 10,see named Stage1 sections,Valid ignored deep create issues a real original receipt.,systems-engineer
1,"1,2,3,4",systems-engineer,independent-verifier,PENDING_NAMED_CANDIDATE,"independent raw HTTP, inductive deep grammar and shallow exact-value oracle",decoder-strictness/deep-real-receipts,PENDING explicit candidate7 execution release; prepared decoder_runtime.py,UNVERIFIED,unverified,True,TK1-decoder-deep-alternating-5000-create-alias,3.4 / 5 / 7 / 10,see named Stage1 sections,An equal complete deep parsed body replays the original create response.,systems-engineer
1,"1,2,3,4",systems-engineer,independent-verifier,PENDING_NAMED_CANDIDATE,"independent raw HTTP, inductive deep grammar and shallow exact-value oracle",decoder-strictness/deep-real-receipts,PENDING explicit candidate7 execution release; prepared decoder_runtime.py,UNVERIFIED,unverified,True,TK1-decoder-deep-alternating-5000-create-precision,3.4 / 5 / 7 / 10,see named Stage1 sections,A deep exact numeric difference conflicts before current resource checks.,systems-engineer
1,"1,2,3,4",systems-engineer,independent-verifier,PENDING_NAMED_CANDIDATE,"independent raw HTTP, inductive deep grammar and shallow exact-value oracle",decoder-strictness/deep-real-receipts,PENDING explicit candidate7 execution release; prepared decoder_runtime.py,UNVERIFIED,unverified,True,TK1-decoder-deep-alternating-5000-create-type,3.4 / 5 / 7 / 10,see named Stage1 sections,A nested number/boolean difference conflicts.,systems-engineer
1,"1,2,3,4",systems-engineer,independent-verifier,PENDING_NAMED_CANDIDATE,"independent raw HTTP, inductive deep grammar and shallow exact-value oracle",decoder-strictness/deep-real-receipts,PENDING explicit candidate7 execution release; prepared decoder_runtime.py,UNVERIFIED,unverified,True,TK1-decoder-deep-alternating-5000-create-invalid-difference,3.4 / 5 / 7 / 10,see named Stage1 sections,Used-key deep differences precede invalid party values.,systems-engineer
1,"1,2,3,4",systems-engineer,independent-verifier,PENDING_NAMED_CANDIDATE,"independent raw HTTP, inductive deep grammar and shallow exact-value oracle",decoder-strictness/deep-real-receipts,PENDING explicit candidate7 execution release; prepared decoder_runtime.py,UNVERIFIED,unverified,True,TK1-decoder-deep-alternating-5000-create-no-auth,3.4 / 5 / 7 / 10,see named Stage1 sections,Valid deep writes still require authentication.,systems-engineer
1,"1,2,3,4",systems-engineer,independent-verifier,PENDING_NAMED_CANDIDATE,"independent raw HTTP, inductive deep grammar and shallow exact-value oracle",decoder-strictness/deep-real-receipts,PENDING explicit candidate7 execution release; prepared decoder_runtime.py,UNVERIFIED,unverified,True,TK1-decoder-deep-alternating-5000-create-no-key,3.4 / 5 / 7 / 10,see named Stage1 sections,Valid deep writes still require a key.,systems-engineer
1,"1,2,3,4",systems-engineer,independent-verifier,PENDING_NAMED_CANDIDATE,"independent raw HTTP, inductive deep grammar and shallow exact-value oracle",decoder-strictness/deep-real-receipts,PENDING explicit candidate7 execution release; prepared decoder_runtime.py,UNVERIFIED,unverified,True,TK1-decoder-deep-alternating-5000-second-create,3.4 / 5 / 7 / 10,see named Stage1 sections,A second ordinary booking provides a real atomic swap member.,systems-engineer
1,"1,2,3,4",systems-engineer,independent-verifier,PENDING_NAMED_CANDIDATE,"independent raw HTTP, inductive deep grammar and shallow exact-value oracle",decoder-strictness/deep-real-receipts,PENDING explicit candidate7 execution release; prepared decoder_runtime.py,UNVERIFIED,unverified,True,TK1-decoder-deep-alternating-5000-moves,3.4 / 5 / 7 / 10,see named Stage1 sections,A deep complete body and per-item ignored field preserve an atomic two-member swap.,systems-engineer
1,"1,2,3,4",systems-engineer,independent-verifier,PENDING_NAMED_CANDIDATE,"independent raw HTTP, inductive deep grammar and shallow exact-value oracle",decoder-strictness/deep-real-receipts,PENDING explicit candidate7 execution release; prepared decoder_runtime.py,UNVERIFIED,unverified,True,TK1-decoder-deep-alternating-5000-moves-alias,3.4 / 5 / 7 / 10,see named Stage1 sections,Deep move aliases replay the real original ordered batch receipt.,systems-engineer
1,"1,2,3,4",systems-engineer,independent-verifier,PENDING_NAMED_CANDIDATE,"independent raw HTTP, inductive deep grammar and shallow exact-value oracle",decoder-strictness/deep-real-receipts,PENDING explicit candidate7 execution release; prepared decoder_runtime.py,UNVERIFIED,unverified,True,TK1-decoder-deep-alternating-5000-moves-precision,3.4 / 5 / 7 / 10,see named Stage1 sections,A deep exact move body difference conflicts.,systems-engineer
1,"1,2,3,4",systems-engineer,independent-verifier,PENDING_NAMED_CANDIDATE,"independent raw HTTP, inductive deep grammar and shallow exact-value oracle",decoder-strictness/deep-real-receipts,PENDING explicit candidate7 execution release; prepared decoder_runtime.py,UNVERIFIED,unverified,True,TK1-decoder-deep-alternating-5000-moves-type,3.4 / 5 / 7 / 10,see named Stage1 sections,A nested numeric/type move difference conflicts.,systems-engineer
1,"1,2,3,4",systems-engineer,independent-verifier,PENDING_NAMED_CANDIDATE,"independent raw HTTP, inductive deep grammar and shallow exact-value oracle",decoder-strictness/deep-real-receipts,PENDING explicit candidate7 execution release; prepared decoder_runtime.py,UNVERIFIED,unverified,True,TK1-decoder-deep-alternating-5000-create-fraction,3.4 / 5 / 7 / 10,see named Stage1 sections,A valid deep fractional party reaches endpoint validation.,systems-engineer
1,"1,2,3,4",systems-engineer,independent-verifier,PENDING_NAMED_CANDIDATE,"independent raw HTTP, inductive deep grammar and shallow exact-value oracle",decoder-strictness/deep-real-receipts,PENDING explicit candidate7 execution release; prepared decoder_runtime.py,UNVERIFIED,unverified,True,TK1-decoder-deep-alternating-5000-create-fraction-atomic,3.4 / 5 / 7 / 10,see named Stage1 sections,A refused deep create preserves records and occupancy.,systems-engineer
1,"1,2,3,4",systems-engineer,independent-verifier,PENDING_NAMED_CANDIDATE,"independent raw HTTP, inductive deep grammar and shallow exact-value oracle",decoder-strictness/deep-real-receipts,PENDING explicit candidate7 execution release; prepared decoder_runtime.py,UNVERIFIED,unverified,True,TK1-decoder-deep-alternating-5000-create-failed-key,3.4 / 5 / 7 / 10,see named Stage1 sections,A deep refused create leaves its key reusable.,systems-engineer
1,"1,2,3,4",systems-engineer,independent-verifier,PENDING_NAMED_CANDIDATE,"independent raw HTTP, inductive deep grammar and shallow exact-value oracle",decoder-strictness/deep-real-receipts,PENDING explicit candidate7 execution release; prepared decoder_runtime.py,UNVERIFIED,unverified,True,TK1-decoder-deep-alternating-5000-move-fraction,3.4 / 5 / 7 / 10,see named Stage1 sections,A deep fractional move refuses without consuming the key.,systems-engineer
1,"1,2,3,4",systems-engineer,independent-verifier,PENDING_NAMED_CANDIDATE,"independent raw HTTP, inductive deep grammar and shallow exact-value oracle",decoder-strictness/deep-real-receipts,PENDING explicit candidate7 execution release; prepared decoder_runtime.py,UNVERIFIED,unverified,True,TK1-decoder-deep-alternating-5000-move-fraction-atomic,3.4 / 5 / 7 / 10,see named Stage1 sections,A refused deep batch preserves every record and occupancy.,systems-engineer
1,"1,2,3,4",systems-engineer,independent-verifier,PENDING_NAMED_CANDIDATE,"independent raw HTTP, inductive deep grammar and shallow exact-value oracle",decoder-strictness/deep-real-receipts,PENDING explicit candidate7 execution release; prepared decoder_runtime.py,UNVERIFIED,unverified,True,TK1-decoder-deep-alternating-5000-move-failed-key,3.4 / 5 / 7 / 10,see named Stage1 sections,A deep refused move leaves its key reusable.,systems-engineer
1,"1,2,3,4",systems-engineer,independent-verifier,PENDING_NAMED_CANDIDATE,"independent raw HTTP, inductive deep grammar and shallow exact-value oracle",decoder-strictness/deep-real-receipts,PENDING explicit candidate7 execution release; prepared decoder_runtime.py,UNVERIFIED,unverified,True,TK1-decoder-deep-alternating-5000-export,3.4 / 5 / 7 / 10,see named Stage1 sections,Export captures actual successful deep create and move receipts.,systems-engineer
1,"1,2,3,4",systems-engineer,independent-verifier,PENDING_NAMED_CANDIDATE,"independent raw HTTP, inductive deep grammar and shallow exact-value oracle",decoder-strictness/deep-real-receipts,PENDING explicit candidate7 execution release; prepared decoder_runtime.py,UNVERIFIED,unverified,True,TK1-decoder-deep-alternating-5000-amend,3.4 / 5 / 7 / 10,see named Stage1 sections,A real amendment changes the current booking after snapshot capture.,systems-engineer
1,"1,2,3,4",systems-engineer,independent-verifier,PENDING_NAMED_CANDIDATE,"independent raw HTTP, inductive deep grammar and shallow exact-value oracle",decoder-strictness/deep-real-receipts,PENDING explicit candidate7 execution release; prepared decoder_runtime.py,UNVERIFIED,unverified,True,TK1-decoder-deep-alternating-5000-cancel,3.4 / 5 / 7 / 10,see named Stage1 sections,A real cancellation changes current occupancy after snapshot capture.,systems-engineer
1,"1,2,3,4",systems-engineer,independent-verifier,PENDING_NAMED_CANDIDATE,"independent raw HTTP, inductive deep grammar and shallow exact-value oracle",decoder-strictness/deep-real-receipts,PENDING explicit candidate7 execution release; prepared decoder_runtime.py,UNVERIFIED,unverified,True,TK1-decoder-deep-alternating-5000-create-immutable,3.4 / 5 / 7 / 10,see named Stage1 sections,Original deep create replay remains unchanged after amendment and cancellation.,systems-engineer
1,"1,2,3,4",systems-engineer,independent-verifier,PENDING_NAMED_CANDIDATE,"independent raw HTTP, inductive deep grammar and shallow exact-value oracle",decoder-strictness/deep-real-receipts,PENDING explicit candidate7 execution release; prepared decoder_runtime.py,UNVERIFIED,unverified,True,TK1-decoder-deep-alternating-5000-moves-immutable,3.4 / 5 / 7 / 10,see named Stage1 sections,Original deep move replay remains unchanged after amendment and cancellation.,systems-engineer
1,"1,2,3,4",systems-engineer,independent-verifier,PENDING_NAMED_CANDIDATE,"independent raw HTTP, inductive deep grammar and shallow exact-value oracle",decoder-strictness/deep-real-receipts,PENDING explicit candidate7 execution release; prepared decoder_runtime.py,UNVERIFIED,unverified,True,TK1-decoder-deep-alternating-5000-bad-import,3.4 / 5 / 7 / 10,see named Stage1 sections,Malformed deep private import refuses before replacing state.,systems-engineer
1,"1,2,3,4",systems-engineer,independent-verifier,PENDING_NAMED_CANDIDATE,"independent raw HTTP, inductive deep grammar and shallow exact-value oracle",decoder-strictness/deep-real-receipts,PENDING explicit candidate7 execution release; prepared decoder_runtime.py,UNVERIFIED,unverified,True,TK1-decoder-deep-alternating-5000-bad-import-atomic,3.4 / 5 / 7 / 10,see named Stage1 sections,"Malformed deep import preserves current records, sessions and original receipts.",systems-engineer
1,"1,2,3,4",systems-engineer,independent-verifier,PENDING_NAMED_CANDIDATE,"independent raw HTTP, inductive deep grammar and shallow exact-value oracle",decoder-strictness/deep-real-receipts,PENDING explicit candidate7 execution release; prepared decoder_runtime.py,UNVERIFIED,unverified,True,TK1-decoder-deep-alternating-5000-snapshot-lifetime,3.4 / 5 / 7 / 10,see named Stage1 sections,Captured immutable bytes remain unchanged through subsequent source writes.,systems-engineer
1,"1,2,3,4",systems-engineer,independent-verifier,PENDING_NAMED_CANDIDATE,"independent raw HTTP, inductive deep grammar and shallow exact-value oracle",decoder-strictness/deep-real-receipts,PENDING explicit candidate7 execution release; prepared decoder_runtime.py,UNVERIFIED,unverified,True,TK1-decoder-deep-alternating-5000-peer-import,7 / 10,see named Stage1 sections,Unchanged actual deep export replaces an independent destination atomically.,systems-engineer
1,"1,2,3,4",systems-engineer,independent-verifier,PENDING_NAMED_CANDIDATE,"independent raw HTTP, inductive deep grammar and shallow exact-value oracle",decoder-strictness/deep-real-receipts,PENDING explicit candidate7 execution release; prepared decoder_runtime.py,UNVERIFIED,unverified,True,TK1-decoder-deep-alternating-5000-peer-replaced-session,7 / 10,see named Stage1 sections,Old destination sessions are removed by replacement.,systems-engineer
1,"1,2,3,4",systems-engineer,independent-verifier,PENDING_NAMED_CANDIDATE,"independent raw HTTP, inductive deep grammar and shallow exact-value oracle",decoder-strictness/deep-real-receipts,PENDING explicit candidate7 execution release; prepared decoder_runtime.py,UNVERIFIED,unverified,True,TK1-decoder-deep-alternating-5000-peer-replaced-login,7 / 10,see named Stage1 sections,Old destination credentials are removed by replacement.,systems-engineer
1,"1,2,3,4",systems-engineer,independent-verifier,PENDING_NAMED_CANDIDATE,"independent raw HTTP, inductive deep grammar and shallow exact-value oracle",decoder-strictness/deep-real-receipts,PENDING explicit candidate7 execution release; prepared decoder_runtime.py,UNVERIFIED,unverified,True,TK1-decoder-deep-alternating-5000-peer-records,7 / 10,see named Stage1 sections,"Imported deep state retains real identities, assignment, timestamps and confirmed status.",systems-engineer
1,"1,2,3,4",systems-engineer,independent-verifier,PENDING_NAMED_CANDIDATE,"independent raw HTTP, inductive deep grammar and shallow exact-value oracle",decoder-strictness/deep-real-receipts,PENDING explicit candidate7 execution release; prepared decoder_runtime.py,UNVERIFIED,unverified,True,TK1-decoder-deep-alternating-5000-peer-create-original,7 / 10,see named Stage1 sections,The transferred deep original create receipt replays identically.,systems-engineer
1,"1,2,3,4",systems-engineer,independent-verifier,PENDING_NAMED_CANDIDATE,"independent raw HTTP, inductive deep grammar and shallow exact-value oracle",decoder-strictness/deep-real-receipts,PENDING explicit candidate7 execution release; prepared decoder_runtime.py,UNVERIFIED,unverified,True,TK1-decoder-deep-alternating-5000-peer-moves-original,7 / 10,see named Stage1 sections,The transferred deep original ordered swap receipt replays identically.,systems-engineer
1,"1,2,3,4",systems-engineer,independent-verifier,PENDING_NAMED_CANDIDATE,"independent raw HTTP, inductive deep grammar and shallow exact-value oracle",decoder-strictness/deep-real-receipts,PENDING explicit candidate7 execution release; prepared decoder_runtime.py,UNVERIFIED,unverified,True,TK1-decoder-deep-alternating-5000-peer-difference,7 / 10,see named Stage1 sections,A valid deep body difference retains used-key refusal after import.,systems-engineer
1,"1,2,3,4",systems-engineer,independent-verifier,PENDING_NAMED_CANDIDATE,"independent raw HTTP, inductive deep grammar and shallow exact-value oracle",decoder-strictness/deep-real-receipts,PENDING explicit candidate7 execution release; prepared decoder_runtime.py,UNVERIFIED,unverified,True,TK1-decoder-deep-alternating-5000-peer-cancel,7 / 10,see named Stage1 sections,An imported booking can be cancelled with its retained token.,systems-engineer
1,"1,2,3,4",systems-engineer,independent-verifier,PENDING_NAMED_CANDIDATE,"independent raw HTTP, inductive deep grammar and shallow exact-value oracle",decoder-strictness/deep-real-receipts,PENDING explicit candidate7 execution release; prepared decoder_runtime.py,UNVERIFIED,unverified,True,TK1-decoder-deep-alternating-5000-peer-replay-cancelled,7 / 10,see named Stage1 sections,A cancelled imported booking still replays its original receipt.,systems-engineer
1,"1,2,3,4",systems-engineer,independent-verifier,PENDING_NAMED_CANDIDATE,"independent raw HTTP, inductive deep grammar and shallow exact-value oracle",decoder-strictness/deep-real-receipts,PENDING explicit candidate7 execution release; prepared decoder_runtime.py,UNVERIFIED,unverified,True,TK1-decoder-deep-alternating-5000-peer-repeat-import,7 / 10,see named Stage1 sections,Repeating the unchanged deep import restores exported state without duplication.,systems-engineer
1,"1,2,3,4",systems-engineer,independent-verifier,PENDING_NAMED_CANDIDATE,"independent raw HTTP, inductive deep grammar and shallow exact-value oracle",decoder-strictness/deep-real-receipts,PENDING explicit candidate7 execution release; prepared decoder_runtime.py,UNVERIFIED,unverified,True,TK1-decoder-deep-alternating-5000-peer-repeat-records,7 / 10,see named Stage1 sections,Repeated replacement restores confirmed status and exactly the exported identities.,systems-engineer
1,"1,2,3,4",systems-engineer,independent-verifier,PENDING_NAMED_CANDIDATE,"independent raw HTTP, inductive deep grammar and shallow exact-value oracle",decoder-strictness/deep-real-receipts,PENDING explicit candidate7 execution release; prepared decoder_runtime.py,UNVERIFIED,unverified,True,TK1-decoder-deep-alternating-5000-third-import,7 / 10,see named Stage1 sections,Unchanged actual deep export replaces an independent destination atomically.,systems-engineer
1,"1,2,3,4",systems-engineer,independent-verifier,PENDING_NAMED_CANDIDATE,"independent raw HTTP, inductive deep grammar and shallow exact-value oracle",decoder-strictness/deep-real-receipts,PENDING explicit candidate7 execution release; prepared decoder_runtime.py,UNVERIFIED,unverified,True,TK1-decoder-deep-alternating-5000-third-replaced-session,7 / 10,see named Stage1 sections,Old destination sessions are removed by replacement.,systems-engineer
1,"1,2,3,4",systems-engineer,independent-verifier,PENDING_NAMED_CANDIDATE,"independent raw HTTP, inductive deep grammar and shallow exact-value oracle",decoder-strictness/deep-real-receipts,PENDING explicit candidate7 execution release; prepared decoder_runtime.py,UNVERIFIED,unverified,True,TK1-decoder-deep-alternating-5000-third-replaced-login,7 / 10,see named Stage1 sections,Old destination credentials are removed by replacement.,systems-engineer
1,"1,2,3,4",systems-engineer,independent-verifier,PENDING_NAMED_CANDIDATE,"independent raw HTTP, inductive deep grammar and shallow exact-value oracle",decoder-strictness/deep-real-receipts,PENDING explicit candidate7 execution release; prepared decoder_runtime.py,UNVERIFIED,unverified,True,TK1-decoder-deep-alternating-5000-third-records,7 / 10,see named Stage1 sections,"Imported deep state retains real identities, assignment, timestamps and confirmed status.",systems-engineer
1,"1,2,3,4",systems-engineer,independent-verifier,PENDING_NAMED_CANDIDATE,"independent raw HTTP, inductive deep grammar and shallow exact-value oracle",decoder-strictness/deep-real-receipts,PENDING explicit candidate7 execution release; prepared decoder_runtime.py,UNVERIFIED,unverified,True,TK1-decoder-deep-alternating-5000-third-create-original,7 / 10,see named Stage1 sections,The transferred deep original create receipt replays identically.,systems-engineer
1,"1,2,3,4",systems-engineer,independent-verifier,PENDING_NAMED_CANDIDATE,"independent raw HTTP, inductive deep grammar and shallow exact-value oracle",decoder-strictness/deep-real-receipts,PENDING explicit candidate7 execution release; prepared decoder_runtime.py,UNVERIFIED,unverified,True,TK1-decoder-deep-alternating-5000-third-moves-original,7 / 10,see named Stage1 sections,The transferred deep original ordered swap receipt replays identically.,systems-engineer
1,"1,2,3,4",systems-engineer,independent-verifier,PENDING_NAMED_CANDIDATE,"independent raw HTTP, inductive deep grammar and shallow exact-value oracle",decoder-strictness/deep-real-receipts,PENDING explicit candidate7 execution release; prepared decoder_runtime.py,UNVERIFIED,unverified,True,TK1-decoder-deep-alternating-5000-third-difference,7 / 10,see named Stage1 sections,A valid deep body difference retains used-key refusal after import.,systems-engineer
1,"1,2,3,4",systems-engineer,independent-verifier,PENDING_NAMED_CANDIDATE,"independent raw HTTP, inductive deep grammar and shallow exact-value oracle",decoder-strictness/deep-real-receipts,PENDING explicit candidate7 execution release; prepared decoder_runtime.py,UNVERIFIED,unverified,True,TK1-decoder-deep-alternating-5000-third-cancel,7 / 10,see named Stage1 sections,An imported booking can be cancelled with its retained token.,systems-engineer
1,"1,2,3,4",systems-engineer,independent-verifier,PENDING_NAMED_CANDIDATE,"independent raw HTTP, inductive deep grammar and shallow exact-value oracle",decoder-strictness/deep-real-receipts,PENDING explicit candidate7 execution release; prepared decoder_runtime.py,UNVERIFIED,unverified,True,TK1-decoder-deep-alternating-5000-third-replay-cancelled,7 / 10,see named Stage1 sections,A cancelled imported booking still replays its original receipt.,systems-engineer
1,"1,2,3,4",systems-engineer,independent-verifier,PENDING_NAMED_CANDIDATE,"independent raw HTTP, inductive deep grammar and shallow exact-value oracle",decoder-strictness/deep-real-receipts,PENDING explicit candidate7 execution release; prepared decoder_runtime.py,UNVERIFIED,unverified,True,TK1-decoder-deep-alternating-5000-third-repeat-import,7 / 10,see named Stage1 sections,Repeating the unchanged deep import restores exported state without duplication.,systems-engineer
1,"1,2,3,4",systems-engineer,independent-verifier,PENDING_NAMED_CANDIDATE,"independent raw HTTP, inductive deep grammar and shallow exact-value oracle",decoder-strictness/deep-real-receipts,PENDING explicit candidate7 execution release; prepared decoder_runtime.py,UNVERIFIED,unverified,True,TK1-decoder-deep-alternating-5000-third-repeat-records,7 / 10,see named Stage1 sections,Repeated replacement restores confirmed status and exactly the exported identities.,systems-engineer
1,"1,2,3,4",systems-engineer,independent-verifier,PENDING_NAMED_CANDIDATE,"independent raw HTTP, inductive deep grammar and shallow exact-value oracle",decoder-strictness/deep-real-receipts,PENDING explicit candidate7 execution release; prepared decoder_runtime.py,UNVERIFIED,unverified,True,TK1-decoder-deep-alternating-5000-peer-export,10,see named Stage1 sections,A second independent process exports the genuinely imported deep receipts.,systems-engineer
1,"1,2,3,4",systems-engineer,independent-verifier,PENDING_NAMED_CANDIDATE,"independent raw HTTP, inductive deep grammar and shallow exact-value oracle",decoder-strictness/deep-real-receipts,PENDING explicit candidate7 execution release; prepared decoder_runtime.py,UNVERIFIED,unverified,True,TK1-decoder-deep-alternating-10000-reset,3.4 / 5 / 7 / 10,see named Stage1 sections,Valid ignored deep reset succeeds without imposing a nesting ceiling.,systems-engineer
1,"1,2,3,4",systems-engineer,independent-verifier,PENDING_NAMED_CANDIDATE,"independent raw HTTP, inductive deep grammar and shallow exact-value oracle",decoder-strictness/deep-real-receipts,PENDING explicit candidate7 execution release; prepared decoder_runtime.py,UNVERIFIED,unverified,True,TK1-decoder-deep-alternating-10000-signup,3.4 / 5 / 7 / 10,see named Stage1 sections,Valid ignored deep signup succeeds.,systems-engineer
1,"1,2,3,4",systems-engineer,independent-verifier,PENDING_NAMED_CANDIDATE,"independent raw HTTP, inductive deep grammar and shallow exact-value oracle",decoder-strictness/deep-real-receipts,PENDING explicit candidate7 execution release; prepared decoder_runtime.py,UNVERIFIED,unverified,True,TK1-decoder-deep-alternating-10000-login,3.4 / 5 / 7 / 10,see named Stage1 sections,Valid ignored deep login succeeds and supplies a second active session.,systems-engineer
1,"1,2,3,4",systems-engineer,independent-verifier,PENDING_NAMED_CANDIDATE,"independent raw HTTP, inductive deep grammar and shallow exact-value oracle",decoder-strictness/deep-real-receipts,PENDING explicit candidate7 execution release; prepared decoder_runtime.py,UNVERIFIED,unverified,True,TK1-decoder-deep-alternating-10000-second-token,3.4 / 5 / 7 / 10,see named Stage1 sections,The original session remains valid after another deep login.,systems-engineer
1,"1,2,3,4",systems-engineer,independent-verifier,PENDING_NAMED_CANDIDATE,"independent raw HTTP, inductive deep grammar and shallow exact-value oracle",decoder-strictness/deep-real-receipts,PENDING explicit candidate7 execution release; prepared decoder_runtime.py,UNVERIFIED,unverified,True,TK1-decoder-deep-alternating-10000-create,3.4 / 5 / 7 / 10,see named Stage1 sections,Valid ignored deep create issues a real original receipt.,systems-engineer
1,"1,2,3,4",systems-engineer,independent-verifier,PENDING_NAMED_CANDIDATE,"independent raw HTTP, inductive deep grammar and shallow exact-value oracle",decoder-strictness/deep-real-receipts,PENDING explicit candidate7 execution release; prepared decoder_runtime.py,UNVERIFIED,unverified,True,TK1-decoder-deep-alternating-10000-create-alias,3.4 / 5 / 7 / 10,see named Stage1 sections,An equal complete deep parsed body replays the original create response.,systems-engineer
1,"1,2,3,4",systems-engineer,independent-verifier,PENDING_NAMED_CANDIDATE,"independent raw HTTP, inductive deep grammar and shallow exact-value oracle",decoder-strictness/deep-real-receipts,PENDING explicit candidate7 execution release; prepared decoder_runtime.py,UNVERIFIED,unverified,True,TK1-decoder-deep-alternating-10000-create-precision,3.4 / 5 / 7 / 10,see named Stage1 sections,A deep exact numeric difference conflicts before current resource checks.,systems-engineer
1,"1,2,3,4",systems-engineer,independent-verifier,PENDING_NAMED_CANDIDATE,"independent raw HTTP, inductive deep grammar and shallow exact-value oracle",decoder-strictness/deep-real-receipts,PENDING explicit candidate7 execution release; prepared decoder_runtime.py,UNVERIFIED,unverified,True,TK1-decoder-deep-alternating-10000-create-type,3.4 / 5 / 7 / 10,see named Stage1 sections,A nested number/boolean difference conflicts.,systems-engineer
1,"1,2,3,4",systems-engineer,independent-verifier,PENDING_NAMED_CANDIDATE,"independent raw HTTP, inductive deep grammar and shallow exact-value oracle",decoder-strictness/deep-real-receipts,PENDING explicit candidate7 execution release; prepared decoder_runtime.py,UNVERIFIED,unverified,True,TK1-decoder-deep-alternating-10000-create-invalid-difference,3.4 / 5 / 7 / 10,see named Stage1 sections,Used-key deep differences precede invalid party values.,systems-engineer
1,"1,2,3,4",systems-engineer,independent-verifier,PENDING_NAMED_CANDIDATE,"independent raw HTTP, inductive deep grammar and shallow exact-value oracle",decoder-strictness/deep-real-receipts,PENDING explicit candidate7 execution release; prepared decoder_runtime.py,UNVERIFIED,unverified,True,TK1-decoder-deep-alternating-10000-create-no-auth,3.4 / 5 / 7 / 10,see named Stage1 sections,Valid deep writes still require authentication.,systems-engineer
1,"1,2,3,4",systems-engineer,independent-verifier,PENDING_NAMED_CANDIDATE,"independent raw HTTP, inductive deep grammar and shallow exact-value oracle",decoder-strictness/deep-real-receipts,PENDING explicit candidate7 execution release; prepared decoder_runtime.py,UNVERIFIED,unverified,True,TK1-decoder-deep-alternating-10000-create-no-key,3.4 / 5 / 7 / 10,see named Stage1 sections,Valid deep writes still require a key.,systems-engineer
1,"1,2,3,4",systems-engineer,independent-verifier,PENDING_NAMED_CANDIDATE,"independent raw HTTP, inductive deep grammar and shallow exact-value oracle",decoder-strictness/deep-real-receipts,PENDING explicit candidate7 execution release; prepared decoder_runtime.py,UNVERIFIED,unverified,True,TK1-decoder-deep-alternating-10000-second-create,3.4 / 5 / 7 / 10,see named Stage1 sections,A second ordinary booking provides a real atomic swap member.,systems-engineer
1,"1,2,3,4",systems-engineer,independent-verifier,PENDING_NAMED_CANDIDATE,"independent raw HTTP, inductive deep grammar and shallow exact-value oracle",decoder-strictness/deep-real-receipts,PENDING explicit candidate7 execution release; prepared decoder_runtime.py,UNVERIFIED,unverified,True,TK1-decoder-deep-alternating-10000-moves,3.4 / 5 / 7 / 10,see named Stage1 sections,A deep complete body and per-item ignored field preserve an atomic two-member swap.,systems-engineer
1,"1,2,3,4",systems-engineer,independent-verifier,PENDING_NAMED_CANDIDATE,"independent raw HTTP, inductive deep grammar and shallow exact-value oracle",decoder-strictness/deep-real-receipts,PENDING explicit candidate7 execution release; prepared decoder_runtime.py,UNVERIFIED,unverified,True,TK1-decoder-deep-alternating-10000-moves-alias,3.4 / 5 / 7 / 10,see named Stage1 sections,Deep move aliases replay the real original ordered batch receipt.,systems-engineer
1,"1,2,3,4",systems-engineer,independent-verifier,PENDING_NAMED_CANDIDATE,"independent raw HTTP, inductive deep grammar and shallow exact-value oracle",decoder-strictness/deep-real-receipts,PENDING explicit candidate7 execution release; prepared decoder_runtime.py,UNVERIFIED,unverified,True,TK1-decoder-deep-alternating-10000-moves-precision,3.4 / 5 / 7 / 10,see named Stage1 sections,A deep exact move body difference conflicts.,systems-engineer
1,"1,2,3,4",systems-engineer,independent-verifier,PENDING_NAMED_CANDIDATE,"independent raw HTTP, inductive deep grammar and shallow exact-value oracle",decoder-strictness/deep-real-receipts,PENDING explicit candidate7 execution release; prepared decoder_runtime.py,UNVERIFIED,unverified,True,TK1-decoder-deep-alternating-10000-moves-type,3.4 / 5 / 7 / 10,see named Stage1 sections,A nested numeric/type move difference conflicts.,systems-engineer
1,"1,2,3,4",systems-engineer,independent-verifier,PENDING_NAMED_CANDIDATE,"independent raw HTTP, inductive deep grammar and shallow exact-value oracle",decoder-strictness/deep-real-receipts,PENDING explicit candidate7 execution release; prepared decoder_runtime.py,UNVERIFIED,unverified,True,TK1-decoder-deep-alternating-10000-create-fraction,3.4 / 5 / 7 / 10,see named Stage1 sections,A valid deep fractional party reaches endpoint validation.,systems-engineer
1,"1,2,3,4",systems-engineer,independent-verifier,PENDING_NAMED_CANDIDATE,"independent raw HTTP, inductive deep grammar and shallow exact-value oracle",decoder-strictness/deep-real-receipts,PENDING explicit candidate7 execution release; prepared decoder_runtime.py,UNVERIFIED,unverified,True,TK1-decoder-deep-alternating-10000-create-fraction-atomic,3.4 / 5 / 7 / 10,see named Stage1 sections,A refused deep create preserves records and occupancy.,systems-engineer
1,"1,2,3,4",systems-engineer,independent-verifier,PENDING_NAMED_CANDIDATE,"independent raw HTTP, inductive deep grammar and shallow exact-value oracle",decoder-strictness/deep-real-receipts,PENDING explicit candidate7 execution release; prepared decoder_runtime.py,UNVERIFIED,unverified,True,TK1-decoder-deep-alternating-10000-create-failed-key,3.4 / 5 / 7 / 10,see named Stage1 sections,A deep refused create leaves its key reusable.,systems-engineer
1,"1,2,3,4",systems-engineer,independent-verifier,PENDING_NAMED_CANDIDATE,"independent raw HTTP, inductive deep grammar and shallow exact-value oracle",decoder-strictness/deep-real-receipts,PENDING explicit candidate7 execution release; prepared decoder_runtime.py,UNVERIFIED,unverified,True,TK1-decoder-deep-alternating-10000-move-fraction,3.4 / 5 / 7 / 10,see named Stage1 sections,A deep fractional move refuses without consuming the key.,systems-engineer
1,"1,2,3,4",systems-engineer,independent-verifier,PENDING_NAMED_CANDIDATE,"independent raw HTTP, inductive deep grammar and shallow exact-value oracle",decoder-strictness/deep-real-receipts,PENDING explicit candidate7 execution release; prepared decoder_runtime.py,UNVERIFIED,unverified,True,TK1-decoder-deep-alternating-10000-move-fraction-atomic,3.4 / 5 / 7 / 10,see named Stage1 sections,A refused deep batch preserves every record and occupancy.,systems-engineer
1,"1,2,3,4",systems-engineer,independent-verifier,PENDING_NAMED_CANDIDATE,"independent raw HTTP, inductive deep grammar and shallow exact-value oracle",decoder-strictness/deep-real-receipts,PENDING explicit candidate7 execution release; prepared decoder_runtime.py,UNVERIFIED,unverified,True,TK1-decoder-deep-alternating-10000-move-failed-key,3.4 / 5 / 7 / 10,see named Stage1 sections,A deep refused move leaves its key reusable.,systems-engineer
1,"1,2,3,4",systems-engineer,independent-verifier,PENDING_NAMED_CANDIDATE,"independent raw HTTP, inductive deep grammar and shallow exact-value oracle",decoder-strictness/deep-real-receipts,PENDING explicit candidate7 execution release; prepared decoder_runtime.py,UNVERIFIED,unverified,True,TK1-decoder-deep-alternating-10000-export,3.4 / 5 / 7 / 10,see named Stage1 sections,Export captures actual successful deep create and move receipts.,systems-engineer
1,"1,2,3,4",systems-engineer,independent-verifier,PENDING_NAMED_CANDIDATE,"independent raw HTTP, inductive deep grammar and shallow exact-value oracle",decoder-strictness/deep-real-receipts,PENDING explicit candidate7 execution release; prepared decoder_runtime.py,UNVERIFIED,unverified,True,TK1-decoder-deep-alternating-10000-amend,3.4 / 5 / 7 / 10,see named Stage1 sections,A real amendment changes the current booking after snapshot capture.,systems-engineer
1,"1,2,3,4",systems-engineer,independent-verifier,PENDING_NAMED_CANDIDATE,"independent raw HTTP, inductive deep grammar and shallow exact-value oracle",decoder-strictness/deep-real-receipts,PENDING explicit candidate7 execution release; prepared decoder_runtime.py,UNVERIFIED,unverified,True,TK1-decoder-deep-alternating-10000-cancel,3.4 / 5 / 7 / 10,see named Stage1 sections,A real cancellation changes current occupancy after snapshot capture.,systems-engineer
1,"1,2,3,4",systems-engineer,independent-verifier,PENDING_NAMED_CANDIDATE,"independent raw HTTP, inductive deep grammar and shallow exact-value oracle",decoder-strictness/deep-real-receipts,PENDING explicit candidate7 execution release; prepared decoder_runtime.py,UNVERIFIED,unverified,True,TK1-decoder-deep-alternating-10000-create-immutable,3.4 / 5 / 7 / 10,see named Stage1 sections,Original deep create replay remains unchanged after amendment and cancellation.,systems-engineer
1,"1,2,3,4",systems-engineer,independent-verifier,PENDING_NAMED_CANDIDATE,"independent raw HTTP, inductive deep grammar and shallow exact-value oracle",decoder-strictness/deep-real-receipts,PENDING explicit candidate7 execution release; prepared decoder_runtime.py,UNVERIFIED,unverified,True,TK1-decoder-deep-alternating-10000-moves-immutable,3.4 / 5 / 7 / 10,see named Stage1 sections,Original deep move replay remains unchanged after amendment and cancellation.,systems-engineer
1,"1,2,3,4",systems-engineer,independent-verifier,PENDING_NAMED_CANDIDATE,"independent raw HTTP, inductive deep grammar and shallow exact-value oracle",decoder-strictness/deep-real-receipts,PENDING explicit candidate7 execution release; prepared decoder_runtime.py,UNVERIFIED,unverified,True,TK1-decoder-deep-alternating-10000-bad-import,3.4 / 5 / 7 / 10,see named Stage1 sections,Malformed deep private import refuses before replacing state.,systems-engineer
1,"1,2,3,4",systems-engineer,independent-verifier,PENDING_NAMED_CANDIDATE,"independent raw HTTP, inductive deep grammar and shallow exact-value oracle",decoder-strictness/deep-real-receipts,PENDING explicit candidate7 execution release; prepared decoder_runtime.py,UNVERIFIED,unverified,True,TK1-decoder-deep-alternating-10000-bad-import-atomic,3.4 / 5 / 7 / 10,see named Stage1 sections,"Malformed deep import preserves current records, sessions and original receipts.",systems-engineer
1,"1,2,3,4",systems-engineer,independent-verifier,PENDING_NAMED_CANDIDATE,"independent raw HTTP, inductive deep grammar and shallow exact-value oracle",decoder-strictness/deep-real-receipts,PENDING explicit candidate7 execution release; prepared decoder_runtime.py,UNVERIFIED,unverified,True,TK1-decoder-deep-alternating-10000-snapshot-lifetime,3.4 / 5 / 7 / 10,see named Stage1 sections,Captured immutable bytes remain unchanged through subsequent source writes.,systems-engineer
1,"1,2,3,4",systems-engineer,independent-verifier,PENDING_NAMED_CANDIDATE,"independent raw HTTP, inductive deep grammar and shallow exact-value oracle",decoder-strictness/deep-real-receipts,PENDING explicit candidate7 execution release; prepared decoder_runtime.py,UNVERIFIED,unverified,True,TK1-decoder-deep-alternating-10000-peer-import,7 / 10,see named Stage1 sections,Unchanged actual deep export replaces an independent destination atomically.,systems-engineer
1,"1,2,3,4",systems-engineer,independent-verifier,PENDING_NAMED_CANDIDATE,"independent raw HTTP, inductive deep grammar and shallow exact-value oracle",decoder-strictness/deep-real-receipts,PENDING explicit candidate7 execution release; prepared decoder_runtime.py,UNVERIFIED,unverified,True,TK1-decoder-deep-alternating-10000-peer-replaced-session,7 / 10,see named Stage1 sections,Old destination sessions are removed by replacement.,systems-engineer
1,"1,2,3,4",systems-engineer,independent-verifier,PENDING_NAMED_CANDIDATE,"independent raw HTTP, inductive deep grammar and shallow exact-value oracle",decoder-strictness/deep-real-receipts,PENDING explicit candidate7 execution release; prepared decoder_runtime.py,UNVERIFIED,unverified,True,TK1-decoder-deep-alternating-10000-peer-replaced-login,7 / 10,see named Stage1 sections,Old destination credentials are removed by replacement.,systems-engineer
1,"1,2,3,4",systems-engineer,independent-verifier,PENDING_NAMED_CANDIDATE,"independent raw HTTP, inductive deep grammar and shallow exact-value oracle",decoder-strictness/deep-real-receipts,PENDING explicit candidate7 execution release; prepared decoder_runtime.py,UNVERIFIED,unverified,True,TK1-decoder-deep-alternating-10000-peer-records,7 / 10,see named Stage1 sections,"Imported deep state retains real identities, assignment, timestamps and confirmed status.",systems-engineer
1,"1,2,3,4",systems-engineer,independent-verifier,PENDING_NAMED_CANDIDATE,"independent raw HTTP, inductive deep grammar and shallow exact-value oracle",decoder-strictness/deep-real-receipts,PENDING explicit candidate7 execution release; prepared decoder_runtime.py,UNVERIFIED,unverified,True,TK1-decoder-deep-alternating-10000-peer-create-original,7 / 10,see named Stage1 sections,The transferred deep original create receipt replays identically.,systems-engineer
1,"1,2,3,4",systems-engineer,independent-verifier,PENDING_NAMED_CANDIDATE,"independent raw HTTP, inductive deep grammar and shallow exact-value oracle",decoder-strictness/deep-real-receipts,PENDING explicit candidate7 execution release; prepared decoder_runtime.py,UNVERIFIED,unverified,True,TK1-decoder-deep-alternating-10000-peer-moves-original,7 / 10,see named Stage1 sections,The transferred deep original ordered swap receipt replays identically.,systems-engineer
1,"1,2,3,4",systems-engineer,independent-verifier,PENDING_NAMED_CANDIDATE,"independent raw HTTP, inductive deep grammar and shallow exact-value oracle",decoder-strictness/deep-real-receipts,PENDING explicit candidate7 execution release; prepared decoder_runtime.py,UNVERIFIED,unverified,True,TK1-decoder-deep-alternating-10000-peer-difference,7 / 10,see named Stage1 sections,A valid deep body difference retains used-key refusal after import.,systems-engineer
1,"1,2,3,4",systems-engineer,independent-verifier,PENDING_NAMED_CANDIDATE,"independent raw HTTP, inductive deep grammar and shallow exact-value oracle",decoder-strictness/deep-real-receipts,PENDING explicit candidate7 execution release; prepared decoder_runtime.py,UNVERIFIED,unverified,True,TK1-decoder-deep-alternating-10000-peer-cancel,7 / 10,see named Stage1 sections,An imported booking can be cancelled with its retained token.,systems-engineer
1,"1,2,3,4",systems-engineer,independent-verifier,PENDING_NAMED_CANDIDATE,"independent raw HTTP, inductive deep grammar and shallow exact-value oracle",decoder-strictness/deep-real-receipts,PENDING explicit candidate7 execution release; prepared decoder_runtime.py,UNVERIFIED,unverified,True,TK1-decoder-deep-alternating-10000-peer-replay-cancelled,7 / 10,see named Stage1 sections,A cancelled imported booking still replays its original receipt.,systems-engineer
1,"1,2,3,4",systems-engineer,independent-verifier,PENDING_NAMED_CANDIDATE,"independent raw HTTP, inductive deep grammar and shallow exact-value oracle",decoder-strictness/deep-real-receipts,PENDING explicit candidate7 execution release; prepared decoder_runtime.py,UNVERIFIED,unverified,True,TK1-decoder-deep-alternating-10000-peer-repeat-import,7 / 10,see named Stage1 sections,Repeating the unchanged deep import restores exported state without duplication.,systems-engineer
1,"1,2,3,4",systems-engineer,independent-verifier,PENDING_NAMED_CANDIDATE,"independent raw HTTP, inductive deep grammar and shallow exact-value oracle",decoder-strictness/deep-real-receipts,PENDING explicit candidate7 execution release; prepared decoder_runtime.py,UNVERIFIED,unverified,True,TK1-decoder-deep-alternating-10000-peer-repeat-records,7 / 10,see named Stage1 sections,Repeated replacement restores confirmed status and exactly the exported identities.,systems-engineer
1,"1,2,3,4",systems-engineer,independent-verifier,PENDING_NAMED_CANDIDATE,"independent raw HTTP, inductive deep grammar and shallow exact-value oracle",decoder-strictness/deep-real-receipts,PENDING explicit candidate7 execution release; prepared decoder_runtime.py,UNVERIFIED,unverified,True,TK1-decoder-deep-alternating-10000-third-import,7 / 10,see named Stage1 sections,Unchanged actual deep export replaces an independent destination atomically.,systems-engineer
1,"1,2,3,4",systems-engineer,independent-verifier,PENDING_NAMED_CANDIDATE,"independent raw HTTP, inductive deep grammar and shallow exact-value oracle",decoder-strictness/deep-real-receipts,PENDING explicit candidate7 execution release; prepared decoder_runtime.py,UNVERIFIED,unverified,True,TK1-decoder-deep-alternating-10000-third-replaced-session,7 / 10,see named Stage1 sections,Old destination sessions are removed by replacement.,systems-engineer
1,"1,2,3,4",systems-engineer,independent-verifier,PENDING_NAMED_CANDIDATE,"independent raw HTTP, inductive deep grammar and shallow exact-value oracle",decoder-strictness/deep-real-receipts,PENDING explicit candidate7 execution release; prepared decoder_runtime.py,UNVERIFIED,unverified,True,TK1-decoder-deep-alternating-10000-third-replaced-login,7 / 10,see named Stage1 sections,Old destination credentials are removed by replacement.,systems-engineer
1,"1,2,3,4",systems-engineer,independent-verifier,PENDING_NAMED_CANDIDATE,"independent raw HTTP, inductive deep grammar and shallow exact-value oracle",decoder-strictness/deep-real-receipts,PENDING explicit candidate7 execution release; prepared decoder_runtime.py,UNVERIFIED,unverified,True,TK1-decoder-deep-alternating-10000-third-records,7 / 10,see named Stage1 sections,"Imported deep state retains real identities, assignment, timestamps and confirmed status.",systems-engineer
1,"1,2,3,4",systems-engineer,independent-verifier,PENDING_NAMED_CANDIDATE,"independent raw HTTP, inductive deep grammar and shallow exact-value oracle",decoder-strictness/deep-real-receipts,PENDING explicit candidate7 execution release; prepared decoder_runtime.py,UNVERIFIED,unverified,True,TK1-decoder-deep-alternating-10000-third-create-original,7 / 10,see named Stage1 sections,The transferred deep original create receipt replays identically.,systems-engineer
1,"1,2,3,4",systems-engineer,independent-verifier,PENDING_NAMED_CANDIDATE,"independent raw HTTP, inductive deep grammar and shallow exact-value oracle",decoder-strictness/deep-real-receipts,PENDING explicit candidate7 execution release; prepared decoder_runtime.py,UNVERIFIED,unverified,True,TK1-decoder-deep-alternating-10000-third-moves-original,7 / 10,see named Stage1 sections,The transferred deep original ordered swap receipt replays identically.,systems-engineer
1,"1,2,3,4",systems-engineer,independent-verifier,PENDING_NAMED_CANDIDATE,"independent raw HTTP, inductive deep grammar and shallow exact-value oracle",decoder-strictness/deep-real-receipts,PENDING explicit candidate7 execution release; prepared decoder_runtime.py,UNVERIFIED,unverified,True,TK1-decoder-deep-alternating-10000-third-difference,7 / 10,see named Stage1 sections,A valid deep body difference retains used-key refusal after import.,systems-engineer
1,"1,2,3,4",systems-engineer,independent-verifier,PENDING_NAMED_CANDIDATE,"independent raw HTTP, inductive deep grammar and shallow exact-value oracle",decoder-strictness/deep-real-receipts,PENDING explicit candidate7 execution release; prepared decoder_runtime.py,UNVERIFIED,unverified,True,TK1-decoder-deep-alternating-10000-third-cancel,7 / 10,see named Stage1 sections,An imported booking can be cancelled with its retained token.,systems-engineer
1,"1,2,3,4",systems-engineer,independent-verifier,PENDING_NAMED_CANDIDATE,"independent raw HTTP, inductive deep grammar and shallow exact-value oracle",decoder-strictness/deep-real-receipts,PENDING explicit candidate7 execution release; prepared decoder_runtime.py,UNVERIFIED,unverified,True,TK1-decoder-deep-alternating-10000-third-replay-cancelled,7 / 10,see named Stage1 sections,A cancelled imported booking still replays its original receipt.,systems-engineer
1,"1,2,3,4",systems-engineer,independent-verifier,PENDING_NAMED_CANDIDATE,"independent raw HTTP, inductive deep grammar and shallow exact-value oracle",decoder-strictness/deep-real-receipts,PENDING explicit candidate7 execution release; prepared decoder_runtime.py,UNVERIFIED,unverified,True,TK1-decoder-deep-alternating-10000-third-repeat-import,7 / 10,see named Stage1 sections,Repeating the unchanged deep import restores exported state without duplication.,systems-engineer
1,"1,2,3,4",systems-engineer,independent-verifier,PENDING_NAMED_CANDIDATE,"independent raw HTTP, inductive deep grammar and shallow exact-value oracle",decoder-strictness/deep-real-receipts,PENDING explicit candidate7 execution release; prepared decoder_runtime.py,UNVERIFIED,unverified,True,TK1-decoder-deep-alternating-10000-third-repeat-records,7 / 10,see named Stage1 sections,Repeated replacement restores confirmed status and exactly the exported identities.,systems-engineer
1,"1,2,3,4",systems-engineer,independent-verifier,PENDING_NAMED_CANDIDATE,"independent raw HTTP, inductive deep grammar and shallow exact-value oracle",decoder-strictness/deep-real-receipts,PENDING explicit candidate7 execution release; prepared decoder_runtime.py,UNVERIFIED,unverified,True,TK1-decoder-deep-alternating-10000-peer-export,10,see named Stage1 sections,A second independent process exports the genuinely imported deep receipts.,systems-engineer
1,"1,2,3,4",systems-engineer,independent-verifier,PENDING_NAMED_CANDIDATE,"independent raw HTTP, inductive deep grammar and shallow exact-value oracle",decoder-strictness/deep-real-receipts,PENDING explicit candidate7 execution release; prepared decoder_runtime.py,UNVERIFIED,unverified,True,TK1-decoder-deep-alternating-20000-reset,3.4 / 5 / 7 / 10,see named Stage1 sections,Valid ignored deep reset succeeds without imposing a nesting ceiling.,systems-engineer
1,"1,2,3,4",systems-engineer,independent-verifier,PENDING_NAMED_CANDIDATE,"independent raw HTTP, inductive deep grammar and shallow exact-value oracle",decoder-strictness/deep-real-receipts,PENDING explicit candidate7 execution release; prepared decoder_runtime.py,UNVERIFIED,unverified,True,TK1-decoder-deep-alternating-20000-signup,3.4 / 5 / 7 / 10,see named Stage1 sections,Valid ignored deep signup succeeds.,systems-engineer
1,"1,2,3,4",systems-engineer,independent-verifier,PENDING_NAMED_CANDIDATE,"independent raw HTTP, inductive deep grammar and shallow exact-value oracle",decoder-strictness/deep-real-receipts,PENDING explicit candidate7 execution release; prepared decoder_runtime.py,UNVERIFIED,unverified,True,TK1-decoder-deep-alternating-20000-login,3.4 / 5 / 7 / 10,see named Stage1 sections,Valid ignored deep login succeeds and supplies a second active session.,systems-engineer
1,"1,2,3,4",systems-engineer,independent-verifier,PENDING_NAMED_CANDIDATE,"independent raw HTTP, inductive deep grammar and shallow exact-value oracle",decoder-strictness/deep-real-receipts,PENDING explicit candidate7 execution release; prepared decoder_runtime.py,UNVERIFIED,unverified,True,TK1-decoder-deep-alternating-20000-second-token,3.4 / 5 / 7 / 10,see named Stage1 sections,The original session remains valid after another deep login.,systems-engineer
1,"1,2,3,4",systems-engineer,independent-verifier,PENDING_NAMED_CANDIDATE,"independent raw HTTP, inductive deep grammar and shallow exact-value oracle",decoder-strictness/deep-real-receipts,PENDING explicit candidate7 execution release; prepared decoder_runtime.py,UNVERIFIED,unverified,True,TK1-decoder-deep-alternating-20000-create,3.4 / 5 / 7 / 10,see named Stage1 sections,Valid ignored deep create issues a real original receipt.,systems-engineer
1,"1,2,3,4",systems-engineer,independent-verifier,PENDING_NAMED_CANDIDATE,"independent raw HTTP, inductive deep grammar and shallow exact-value oracle",decoder-strictness/deep-real-receipts,PENDING explicit candidate7 execution release; prepared decoder_runtime.py,UNVERIFIED,unverified,True,TK1-decoder-deep-alternating-20000-create-alias,3.4 / 5 / 7 / 10,see named Stage1 sections,An equal complete deep parsed body replays the original create response.,systems-engineer
1,"1,2,3,4",systems-engineer,independent-verifier,PENDING_NAMED_CANDIDATE,"independent raw HTTP, inductive deep grammar and shallow exact-value oracle",decoder-strictness/deep-real-receipts,PENDING explicit candidate7 execution release; prepared decoder_runtime.py,UNVERIFIED,unverified,True,TK1-decoder-deep-alternating-20000-create-precision,3.4 / 5 / 7 / 10,see named Stage1 sections,A deep exact numeric difference conflicts before current resource checks.,systems-engineer
1,"1,2,3,4",systems-engineer,independent-verifier,PENDING_NAMED_CANDIDATE,"independent raw HTTP, inductive deep grammar and shallow exact-value oracle",decoder-strictness/deep-real-receipts,PENDING explicit candidate7 execution release; prepared decoder_runtime.py,UNVERIFIED,unverified,True,TK1-decoder-deep-alternating-20000-create-type,3.4 / 5 / 7 / 10,see named Stage1 sections,A nested number/boolean difference conflicts.,systems-engineer
1,"1,2,3,4",systems-engineer,independent-verifier,PENDING_NAMED_CANDIDATE,"independent raw HTTP, inductive deep grammar and shallow exact-value oracle",decoder-strictness/deep-real-receipts,PENDING explicit candidate7 execution release; prepared decoder_runtime.py,UNVERIFIED,unverified,True,TK1-decoder-deep-alternating-20000-create-invalid-difference,3.4 / 5 / 7 / 10,see named Stage1 sections,Used-key deep differences precede invalid party values.,systems-engineer
1,"1,2,3,4",systems-engineer,independent-verifier,PENDING_NAMED_CANDIDATE,"independent raw HTTP, inductive deep grammar and shallow exact-value oracle",decoder-strictness/deep-real-receipts,PENDING explicit candidate7 execution release; prepared decoder_runtime.py,UNVERIFIED,unverified,True,TK1-decoder-deep-alternating-20000-create-no-auth,3.4 / 5 / 7 / 10,see named Stage1 sections,Valid deep writes still require authentication.,systems-engineer
1,"1,2,3,4",systems-engineer,independent-verifier,PENDING_NAMED_CANDIDATE,"independent raw HTTP, inductive deep grammar and shallow exact-value oracle",decoder-strictness/deep-real-receipts,PENDING explicit candidate7 execution release; prepared decoder_runtime.py,UNVERIFIED,unverified,True,TK1-decoder-deep-alternating-20000-create-no-key,3.4 / 5 / 7 / 10,see named Stage1 sections,Valid deep writes still require a key.,systems-engineer
1,"1,2,3,4",systems-engineer,independent-verifier,PENDING_NAMED_CANDIDATE,"independent raw HTTP, inductive deep grammar and shallow exact-value oracle",decoder-strictness/deep-real-receipts,PENDING explicit candidate7 execution release; prepared decoder_runtime.py,UNVERIFIED,unverified,True,TK1-decoder-deep-alternating-20000-second-create,3.4 / 5 / 7 / 10,see named Stage1 sections,A second ordinary booking provides a real atomic swap member.,systems-engineer
1,"1,2,3,4",systems-engineer,independent-verifier,PENDING_NAMED_CANDIDATE,"independent raw HTTP, inductive deep grammar and shallow exact-value oracle",decoder-strictness/deep-real-receipts,PENDING explicit candidate7 execution release; prepared decoder_runtime.py,UNVERIFIED,unverified,True,TK1-decoder-deep-alternating-20000-moves,3.4 / 5 / 7 / 10,see named Stage1 sections,A deep complete body and per-item ignored field preserve an atomic two-member swap.,systems-engineer
1,"1,2,3,4",systems-engineer,independent-verifier,PENDING_NAMED_CANDIDATE,"independent raw HTTP, inductive deep grammar and shallow exact-value oracle",decoder-strictness/deep-real-receipts,PENDING explicit candidate7 execution release; prepared decoder_runtime.py,UNVERIFIED,unverified,True,TK1-decoder-deep-alternating-20000-moves-alias,3.4 / 5 / 7 / 10,see named Stage1 sections,Deep move aliases replay the real original ordered batch receipt.,systems-engineer
1,"1,2,3,4",systems-engineer,independent-verifier,PENDING_NAMED_CANDIDATE,"independent raw HTTP, inductive deep grammar and shallow exact-value oracle",decoder-strictness/deep-real-receipts,PENDING explicit candidate7 execution release; prepared decoder_runtime.py,UNVERIFIED,unverified,True,TK1-decoder-deep-alternating-20000-moves-precision,3.4 / 5 / 7 / 10,see named Stage1 sections,A deep exact move body difference conflicts.,systems-engineer
1,"1,2,3,4",systems-engineer,independent-verifier,PENDING_NAMED_CANDIDATE,"independent raw HTTP, inductive deep grammar and shallow exact-value oracle",decoder-strictness/deep-real-receipts,PENDING explicit candidate7 execution release; prepared decoder_runtime.py,UNVERIFIED,unverified,True,TK1-decoder-deep-alternating-20000-moves-type,3.4 / 5 / 7 / 10,see named Stage1 sections,A nested numeric/type move difference conflicts.,systems-engineer
1,"1,2,3,4",systems-engineer,independent-verifier,PENDING_NAMED_CANDIDATE,"independent raw HTTP, inductive deep grammar and shallow exact-value oracle",decoder-strictness/deep-real-receipts,PENDING explicit candidate7 execution release; prepared decoder_runtime.py,UNVERIFIED,unverified,True,TK1-decoder-deep-alternating-20000-create-fraction,3.4 / 5 / 7 / 10,see named Stage1 sections,A valid deep fractional party reaches endpoint validation.,systems-engineer
1,"1,2,3,4",systems-engineer,independent-verifier,PENDING_NAMED_CANDIDATE,"independent raw HTTP, inductive deep grammar and shallow exact-value oracle",decoder-strictness/deep-real-receipts,PENDING explicit candidate7 execution release; prepared decoder_runtime.py,UNVERIFIED,unverified,True,TK1-decoder-deep-alternating-20000-create-fraction-atomic,3.4 / 5 / 7 / 10,see named Stage1 sections,A refused deep create preserves records and occupancy.,systems-engineer
1,"1,2,3,4",systems-engineer,independent-verifier,PENDING_NAMED_CANDIDATE,"independent raw HTTP, inductive deep grammar and shallow exact-value oracle",decoder-strictness/deep-real-receipts,PENDING explicit candidate7 execution release; prepared decoder_runtime.py,UNVERIFIED,unverified,True,TK1-decoder-deep-alternating-20000-create-failed-key,3.4 / 5 / 7 / 10,see named Stage1 sections,A deep refused create leaves its key reusable.,systems-engineer
1,"1,2,3,4",systems-engineer,independent-verifier,PENDING_NAMED_CANDIDATE,"independent raw HTTP, inductive deep grammar and shallow exact-value oracle",decoder-strictness/deep-real-receipts,PENDING explicit candidate7 execution release; prepared decoder_runtime.py,UNVERIFIED,unverified,True,TK1-decoder-deep-alternating-20000-move-fraction,3.4 / 5 / 7 / 10,see named Stage1 sections,A deep fractional move refuses without consuming the key.,systems-engineer
1,"1,2,3,4",systems-engineer,independent-verifier,PENDING_NAMED_CANDIDATE,"independent raw HTTP, inductive deep grammar and shallow exact-value oracle",decoder-strictness/deep-real-receipts,PENDING explicit candidate7 execution release; prepared decoder_runtime.py,UNVERIFIED,unverified,True,TK1-decoder-deep-alternating-20000-move-fraction-atomic,3.4 / 5 / 7 / 10,see named Stage1 sections,A refused deep batch preserves every record and occupancy.,systems-engineer
1,"1,2,3,4",systems-engineer,independent-verifier,PENDING_NAMED_CANDIDATE,"independent raw HTTP, inductive deep grammar and shallow exact-value oracle",decoder-strictness/deep-real-receipts,PENDING explicit candidate7 execution release; prepared decoder_runtime.py,UNVERIFIED,unverified,True,TK1-decoder-deep-alternating-20000-move-failed-key,3.4 / 5 / 7 / 10,see named Stage1 sections,A deep refused move leaves its key reusable.,systems-engineer
1,"1,2,3,4",systems-engineer,independent-verifier,PENDING_NAMED_CANDIDATE,"independent raw HTTP, inductive deep grammar and shallow exact-value oracle",decoder-strictness/deep-real-receipts,PENDING explicit candidate7 execution release; prepared decoder_runtime.py,UNVERIFIED,unverified,True,TK1-decoder-deep-alternating-20000-export,3.4 / 5 / 7 / 10,see named Stage1 sections,Export captures actual successful deep create and move receipts.,systems-engineer
1,"1,2,3,4",systems-engineer,independent-verifier,PENDING_NAMED_CANDIDATE,"independent raw HTTP, inductive deep grammar and shallow exact-value oracle",decoder-strictness/deep-real-receipts,PENDING explicit candidate7 execution release; prepared decoder_runtime.py,UNVERIFIED,unverified,True,TK1-decoder-deep-alternating-20000-amend,3.4 / 5 / 7 / 10,see named Stage1 sections,A real amendment changes the current booking after snapshot capture.,systems-engineer
1,"1,2,3,4",systems-engineer,independent-verifier,PENDING_NAMED_CANDIDATE,"independent raw HTTP, inductive deep grammar and shallow exact-value oracle",decoder-strictness/deep-real-receipts,PENDING explicit candidate7 execution release; prepared decoder_runtime.py,UNVERIFIED,unverified,True,TK1-decoder-deep-alternating-20000-cancel,3.4 / 5 / 7 / 10,see named Stage1 sections,A real cancellation changes current occupancy after snapshot capture.,systems-engineer
1,"1,2,3,4",systems-engineer,independent-verifier,PENDING_NAMED_CANDIDATE,"independent raw HTTP, inductive deep grammar and shallow exact-value oracle",decoder-strictness/deep-real-receipts,PENDING explicit candidate7 execution release; prepared decoder_runtime.py,UNVERIFIED,unverified,True,TK1-decoder-deep-alternating-20000-create-immutable,3.4 / 5 / 7 / 10,see named Stage1 sections,Original deep create replay remains unchanged after amendment and cancellation.,systems-engineer
1,"1,2,3,4",systems-engineer,independent-verifier,PENDING_NAMED_CANDIDATE,"independent raw HTTP, inductive deep grammar and shallow exact-value oracle",decoder-strictness/deep-real-receipts,PENDING explicit candidate7 execution release; prepared decoder_runtime.py,UNVERIFIED,unverified,True,TK1-decoder-deep-alternating-20000-moves-immutable,3.4 / 5 / 7 / 10,see named Stage1 sections,Original deep move replay remains unchanged after amendment and cancellation.,systems-engineer
1,"1,2,3,4",systems-engineer,independent-verifier,PENDING_NAMED_CANDIDATE,"independent raw HTTP, inductive deep grammar and shallow exact-value oracle",decoder-strictness/deep-real-receipts,PENDING explicit candidate7 execution release; prepared decoder_runtime.py,UNVERIFIED,unverified,True,TK1-decoder-deep-alternating-20000-bad-import,3.4 / 5 / 7 / 10,see named Stage1 sections,Malformed deep private import refuses before replacing state.,systems-engineer
1,"1,2,3,4",systems-engineer,independent-verifier,PENDING_NAMED_CANDIDATE,"independent raw HTTP, inductive deep grammar and shallow exact-value oracle",decoder-strictness/deep-real-receipts,PENDING explicit candidate7 execution release; prepared decoder_runtime.py,UNVERIFIED,unverified,True,TK1-decoder-deep-alternating-20000-bad-import-atomic,3.4 / 5 / 7 / 10,see named Stage1 sections,"Malformed deep import preserves current records, sessions and original receipts.",systems-engineer
1,"1,2,3,4",systems-engineer,independent-verifier,PENDING_NAMED_CANDIDATE,"independent raw HTTP, inductive deep grammar and shallow exact-value oracle",decoder-strictness/deep-real-receipts,PENDING explicit candidate7 execution release; prepared decoder_runtime.py,UNVERIFIED,unverified,True,TK1-decoder-deep-alternating-20000-snapshot-lifetime,3.4 / 5 / 7 / 10,see named Stage1 sections,Captured immutable bytes remain unchanged through subsequent source writes.,systems-engineer
1,"1,2,3,4",systems-engineer,independent-verifier,PENDING_NAMED_CANDIDATE,"independent raw HTTP, inductive deep grammar and shallow exact-value oracle",decoder-strictness/deep-real-receipts,PENDING explicit candidate7 execution release; prepared decoder_runtime.py,UNVERIFIED,unverified,True,TK1-decoder-deep-alternating-20000-peer-import,7 / 10,see named Stage1 sections,Unchanged actual deep export replaces an independent destination atomically.,systems-engineer
1,"1,2,3,4",systems-engineer,independent-verifier,PENDING_NAMED_CANDIDATE,"independent raw HTTP, inductive deep grammar and shallow exact-value oracle",decoder-strictness/deep-real-receipts,PENDING explicit candidate7 execution release; prepared decoder_runtime.py,UNVERIFIED,unverified,True,TK1-decoder-deep-alternating-20000-peer-replaced-session,7 / 10,see named Stage1 sections,Old destination sessions are removed by replacement.,systems-engineer
1,"1,2,3,4",systems-engineer,independent-verifier,PENDING_NAMED_CANDIDATE,"independent raw HTTP, inductive deep grammar and shallow exact-value oracle",decoder-strictness/deep-real-receipts,PENDING explicit candidate7 execution release; prepared decoder_runtime.py,UNVERIFIED,unverified,True,TK1-decoder-deep-alternating-20000-peer-replaced-login,7 / 10,see named Stage1 sections,Old destination credentials are removed by replacement.,systems-engineer
1,"1,2,3,4",systems-engineer,independent-verifier,PENDING_NAMED_CANDIDATE,"independent raw HTTP, inductive deep grammar and shallow exact-value oracle",decoder-strictness/deep-real-receipts,PENDING explicit candidate7 execution release; prepared decoder_runtime.py,UNVERIFIED,unverified,True,TK1-decoder-deep-alternating-20000-peer-records,7 / 10,see named Stage1 sections,"Imported deep state retains real identities, assignment, timestamps and confirmed status.",systems-engineer
1,"1,2,3,4",systems-engineer,independent-verifier,PENDING_NAMED_CANDIDATE,"independent raw HTTP, inductive deep grammar and shallow exact-value oracle",decoder-strictness/deep-real-receipts,PENDING explicit candidate7 execution release; prepared decoder_runtime.py,UNVERIFIED,unverified,True,TK1-decoder-deep-alternating-20000-peer-create-original,7 / 10,see named Stage1 sections,The transferred deep original create receipt replays identically.,systems-engineer
1,"1,2,3,4",systems-engineer,independent-verifier,PENDING_NAMED_CANDIDATE,"independent raw HTTP, inductive deep grammar and shallow exact-value oracle",decoder-strictness/deep-real-receipts,PENDING explicit candidate7 execution release; prepared decoder_runtime.py,UNVERIFIED,unverified,True,TK1-decoder-deep-alternating-20000-peer-moves-original,7 / 10,see named Stage1 sections,The transferred deep original ordered swap receipt replays identically.,systems-engineer
1,"1,2,3,4",systems-engineer,independent-verifier,PENDING_NAMED_CANDIDATE,"independent raw HTTP, inductive deep grammar and shallow exact-value oracle",decoder-strictness/deep-real-receipts,PENDING explicit candidate7 execution release; prepared decoder_runtime.py,UNVERIFIED,unverified,True,TK1-decoder-deep-alternating-20000-peer-difference,7 / 10,see named Stage1 sections,A valid deep body difference retains used-key refusal after import.,systems-engineer
1,"1,2,3,4",systems-engineer,independent-verifier,PENDING_NAMED_CANDIDATE,"independent raw HTTP, inductive deep grammar and shallow exact-value oracle",decoder-strictness/deep-real-receipts,PENDING explicit candidate7 execution release; prepared decoder_runtime.py,UNVERIFIED,unverified,True,TK1-decoder-deep-alternating-20000-peer-cancel,7 / 10,see named Stage1 sections,An imported booking can be cancelled with its retained token.,systems-engineer
1,"1,2,3,4",systems-engineer,independent-verifier,PENDING_NAMED_CANDIDATE,"independent raw HTTP, inductive deep grammar and shallow exact-value oracle",decoder-strictness/deep-real-receipts,PENDING explicit candidate7 execution release; prepared decoder_runtime.py,UNVERIFIED,unverified,True,TK1-decoder-deep-alternating-20000-peer-replay-cancelled,7 / 10,see named Stage1 sections,A cancelled imported booking still replays its original receipt.,systems-engineer
1,"1,2,3,4",systems-engineer,independent-verifier,PENDING_NAMED_CANDIDATE,"independent raw HTTP, inductive deep grammar and shallow exact-value oracle",decoder-strictness/deep-real-receipts,PENDING explicit candidate7 execution release; prepared decoder_runtime.py,UNVERIFIED,unverified,True,TK1-decoder-deep-alternating-20000-peer-repeat-import,7 / 10,see named Stage1 sections,Repeating the unchanged deep import restores exported state without duplication.,systems-engineer
1,"1,2,3,4",systems-engineer,independent-verifier,PENDING_NAMED_CANDIDATE,"independent raw HTTP, inductive deep grammar and shallow exact-value oracle",decoder-strictness/deep-real-receipts,PENDING explicit candidate7 execution release; prepared decoder_runtime.py,UNVERIFIED,unverified,True,TK1-decoder-deep-alternating-20000-peer-repeat-records,7 / 10,see named Stage1 sections,Repeated replacement restores confirmed status and exactly the exported identities.,systems-engineer
1,"1,2,3,4",systems-engineer,independent-verifier,PENDING_NAMED_CANDIDATE,"independent raw HTTP, inductive deep grammar and shallow exact-value oracle",decoder-strictness/deep-real-receipts,PENDING explicit candidate7 execution release; prepared decoder_runtime.py,UNVERIFIED,unverified,True,TK1-decoder-deep-alternating-20000-third-import,7 / 10,see named Stage1 sections,Unchanged actual deep export replaces an independent destination atomically.,systems-engineer
1,"1,2,3,4",systems-engineer,independent-verifier,PENDING_NAMED_CANDIDATE,"independent raw HTTP, inductive deep grammar and shallow exact-value oracle",decoder-strictness/deep-real-receipts,PENDING explicit candidate7 execution release; prepared decoder_runtime.py,UNVERIFIED,unverified,True,TK1-decoder-deep-alternating-20000-third-replaced-session,7 / 10,see named Stage1 sections,Old destination sessions are removed by replacement.,systems-engineer
1,"1,2,3,4",systems-engineer,independent-verifier,PENDING_NAMED_CANDIDATE,"independent raw HTTP, inductive deep grammar and shallow exact-value oracle",decoder-strictness/deep-real-receipts,PENDING explicit candidate7 execution release; prepared decoder_runtime.py,UNVERIFIED,unverified,True,TK1-decoder-deep-alternating-20000-third-replaced-login,7 / 10,see named Stage1 sections,Old destination credentials are removed by replacement.,systems-engineer
1,"1,2,3,4",systems-engineer,independent-verifier,PENDING_NAMED_CANDIDATE,"independent raw HTTP, inductive deep grammar and shallow exact-value oracle",decoder-strictness/deep-real-receipts,PENDING explicit candidate7 execution release; prepared decoder_runtime.py,UNVERIFIED,unverified,True,TK1-decoder-deep-alternating-20000-third-records,7 / 10,see named Stage1 sections,"Imported deep state retains real identities, assignment, timestamps and confirmed status.",systems-engineer
1,"1,2,3,4",systems-engineer,independent-verifier,PENDING_NAMED_CANDIDATE,"independent raw HTTP, inductive deep grammar and shallow exact-value oracle",decoder-strictness/deep-real-receipts,PENDING explicit candidate7 execution release; prepared decoder_runtime.py,UNVERIFIED,unverified,True,TK1-decoder-deep-alternating-20000-third-create-original,7 / 10,see named Stage1 sections,The transferred deep original create receipt replays identically.,systems-engineer
1,"1,2,3,4",systems-engineer,independent-verifier,PENDING_NAMED_CANDIDATE,"independent raw HTTP, inductive deep grammar and shallow exact-value oracle",decoder-strictness/deep-real-receipts,PENDING explicit candidate7 execution release; prepared decoder_runtime.py,UNVERIFIED,unverified,True,TK1-decoder-deep-alternating-20000-third-moves-original,7 / 10,see named Stage1 sections,The transferred deep original ordered swap receipt replays identically.,systems-engineer
1,"1,2,3,4",systems-engineer,independent-verifier,PENDING_NAMED_CANDIDATE,"independent raw HTTP, inductive deep grammar and shallow exact-value oracle",decoder-strictness/deep-real-receipts,PENDING explicit candidate7 execution release; prepared decoder_runtime.py,UNVERIFIED,unverified,True,TK1-decoder-deep-alternating-20000-third-difference,7 / 10,see named Stage1 sections,A valid deep body difference retains used-key refusal after import.,systems-engineer
1,"1,2,3,4",systems-engineer,independent-verifier,PENDING_NAMED_CANDIDATE,"independent raw HTTP, inductive deep grammar and shallow exact-value oracle",decoder-strictness/deep-real-receipts,PENDING explicit candidate7 execution release; prepared decoder_runtime.py,UNVERIFIED,unverified,True,TK1-decoder-deep-alternating-20000-third-cancel,7 / 10,see named Stage1 sections,An imported booking can be cancelled with its retained token.,systems-engineer
1,"1,2,3,4",systems-engineer,independent-verifier,PENDING_NAMED_CANDIDATE,"independent raw HTTP, inductive deep grammar and shallow exact-value oracle",decoder-strictness/deep-real-receipts,PENDING explicit candidate7 execution release; prepared decoder_runtime.py,UNVERIFIED,unverified,True,TK1-decoder-deep-alternating-20000-third-replay-cancelled,7 / 10,see named Stage1 sections,A cancelled imported booking still replays its original receipt.,systems-engineer
1,"1,2,3,4",systems-engineer,independent-verifier,PENDING_NAMED_CANDIDATE,"independent raw HTTP, inductive deep grammar and shallow exact-value oracle",decoder-strictness/deep-real-receipts,PENDING explicit candidate7 execution release; prepared decoder_runtime.py,UNVERIFIED,unverified,True,TK1-decoder-deep-alternating-20000-third-repeat-import,7 / 10,see named Stage1 sections,Repeating the unchanged deep import restores exported state without duplication.,systems-engineer
1,"1,2,3,4",systems-engineer,independent-verifier,PENDING_NAMED_CANDIDATE,"independent raw HTTP, inductive deep grammar and shallow exact-value oracle",decoder-strictness/deep-real-receipts,PENDING explicit candidate7 execution release; prepared decoder_runtime.py,UNVERIFIED,unverified,True,TK1-decoder-deep-alternating-20000-third-repeat-records,7 / 10,see named Stage1 sections,Repeated replacement restores confirmed status and exactly the exported identities.,systems-engineer
1,"1,2,3,4",systems-engineer,independent-verifier,PENDING_NAMED_CANDIDATE,"independent raw HTTP, inductive deep grammar and shallow exact-value oracle",decoder-strictness/deep-real-receipts,PENDING explicit candidate7 execution release; prepared decoder_runtime.py,UNVERIFIED,unverified,True,TK1-decoder-deep-alternating-20000-peer-export,10,see named Stage1 sections,A second independent process exports the genuinely imported deep receipts.,systems-engineer
1,"1,2,3,4",systems-engineer,independent-verifier,PENDING_NAMED_CANDIDATE,"independent raw HTTP, inductive deep grammar and shallow exact-value oracle",decoder-strictness/deep-real-receipts,PENDING explicit candidate7 execution release; prepared decoder_runtime.py,UNVERIFIED,unverified,True,TK1-decoder-grammar-empty-object-create,3.4 / 5 / 7 / 10,see named Stage1 sections,Valid ignored empty-object JSON preserves create semantics.,systems-engineer
1,"1,2,3,4",systems-engineer,independent-verifier,PENDING_NAMED_CANDIDATE,"independent raw HTTP, inductive deep grammar and shallow exact-value oracle",decoder-strictness/deep-real-receipts,PENDING explicit candidate7 execution release; prepared decoder_runtime.py,UNVERIFIED,unverified,True,TK1-decoder-grammar-empty-object-replay,3.4 / 5 / 7 / 10,see named Stage1 sections,Valid ignored empty-object JSON preserves replay semantics.,systems-engineer
1,"1,2,3,4",systems-engineer,independent-verifier,PENDING_NAMED_CANDIDATE,"independent raw HTTP, inductive deep grammar and shallow exact-value oracle",decoder-strictness/deep-real-receipts,PENDING explicit candidate7 execution release; prepared decoder_runtime.py,UNVERIFIED,unverified,True,TK1-decoder-grammar-empty-object-moves,3.4 / 5 / 7 / 10,see named Stage1 sections,Valid ignored empty-object JSON preserves moves semantics.,systems-engineer
1,"1,2,3,4",systems-engineer,independent-verifier,PENDING_NAMED_CANDIDATE,"independent raw HTTP, inductive deep grammar and shallow exact-value oracle",decoder-strictness/deep-real-receipts,PENDING explicit candidate7 execution release; prepared decoder_runtime.py,UNVERIFIED,unverified,True,TK1-decoder-grammar-empty-object-move-replay,3.4 / 5 / 7 / 10,see named Stage1 sections,Valid ignored empty-object JSON preserves move-replay semantics.,systems-engineer
1,"1,2,3,4",systems-engineer,independent-verifier,PENDING_NAMED_CANDIDATE,"independent raw HTTP, inductive deep grammar and shallow exact-value oracle",decoder-strictness/deep-real-receipts,PENDING explicit candidate7 execution release; prepared decoder_runtime.py,UNVERIFIED,unverified,True,TK1-decoder-grammar-empty-object-cancel,3.4 / 5 / 7 / 10,see named Stage1 sections,Valid ignored empty-object JSON preserves cancel semantics.,systems-engineer
1,"1,2,3,4",systems-engineer,independent-verifier,PENDING_NAMED_CANDIDATE,"independent raw HTTP, inductive deep grammar and shallow exact-value oracle",decoder-strictness/deep-real-receipts,PENDING explicit candidate7 execution release; prepared decoder_runtime.py,UNVERIFIED,unverified,True,TK1-decoder-grammar-empty-array-create,3.4 / 5 / 7 / 10,see named Stage1 sections,Valid ignored empty-array JSON preserves create semantics.,systems-engineer
1,"1,2,3,4",systems-engineer,independent-verifier,PENDING_NAMED_CANDIDATE,"independent raw HTTP, inductive deep grammar and shallow exact-value oracle",decoder-strictness/deep-real-receipts,PENDING explicit candidate7 execution release; prepared decoder_runtime.py,UNVERIFIED,unverified,True,TK1-decoder-grammar-empty-array-replay,3.4 / 5 / 7 / 10,see named Stage1 sections,Valid ignored empty-array JSON preserves replay semantics.,systems-engineer
1,"1,2,3,4",systems-engineer,independent-verifier,PENDING_NAMED_CANDIDATE,"independent raw HTTP, inductive deep grammar and shallow exact-value oracle",decoder-strictness/deep-real-receipts,PENDING explicit candidate7 execution release; prepared decoder_runtime.py,UNVERIFIED,unverified,True,TK1-decoder-grammar-empty-array-moves,3.4 / 5 / 7 / 10,see named Stage1 sections,Valid ignored empty-array JSON preserves moves semantics.,systems-engineer
1,"1,2,3,4",systems-engineer,independent-verifier,PENDING_NAMED_CANDIDATE,"independent raw HTTP, inductive deep grammar and shallow exact-value oracle",decoder-strictness/deep-real-receipts,PENDING explicit candidate7 execution release; prepared decoder_runtime.py,UNVERIFIED,unverified,True,TK1-decoder-grammar-empty-array-move-replay,3.4 / 5 / 7 / 10,see named Stage1 sections,Valid ignored empty-array JSON preserves move-replay semantics.,systems-engineer
1,"1,2,3,4",systems-engineer,independent-verifier,PENDING_NAMED_CANDIDATE,"independent raw HTTP, inductive deep grammar and shallow exact-value oracle",decoder-strictness/deep-real-receipts,PENDING explicit candidate7 execution release; prepared decoder_runtime.py,UNVERIFIED,unverified,True,TK1-decoder-grammar-empty-array-cancel,3.4 / 5 / 7 / 10,see named Stage1 sections,Valid ignored empty-array JSON preserves cancel semantics.,systems-engineer
1,"1,2,3,4",systems-engineer,independent-verifier,PENDING_NAMED_CANDIDATE,"independent raw HTTP, inductive deep grammar and shallow exact-value oracle",decoder-strictness/deep-real-receipts,PENDING explicit candidate7 execution release; prepared decoder_runtime.py,UNVERIFIED,unverified,True,TK1-decoder-grammar-null-create,3.4 / 5 / 7 / 10,see named Stage1 sections,Valid ignored null JSON preserves create semantics.,systems-engineer
1,"1,2,3,4",systems-engineer,independent-verifier,PENDING_NAMED_CANDIDATE,"independent raw HTTP, inductive deep grammar and shallow exact-value oracle",decoder-strictness/deep-real-receipts,PENDING explicit candidate7 execution release; prepared decoder_runtime.py,UNVERIFIED,unverified,True,TK1-decoder-grammar-null-replay,3.4 / 5 / 7 / 10,see named Stage1 sections,Valid ignored null JSON preserves replay semantics.,systems-engineer
1,"1,2,3,4",systems-engineer,independent-verifier,PENDING_NAMED_CANDIDATE,"independent raw HTTP, inductive deep grammar and shallow exact-value oracle",decoder-strictness/deep-real-receipts,PENDING explicit candidate7 execution release; prepared decoder_runtime.py,UNVERIFIED,unverified,True,TK1-decoder-grammar-null-moves,3.4 / 5 / 7 / 10,see named Stage1 sections,Valid ignored null JSON preserves moves semantics.,systems-engineer
1,"1,2,3,4",systems-engineer,independent-verifier,PENDING_NAMED_CANDIDATE,"independent raw HTTP, inductive deep grammar and shallow exact-value oracle",decoder-strictness/deep-real-receipts,PENDING explicit candidate7 execution release; prepared decoder_runtime.py,UNVERIFIED,unverified,True,TK1-decoder-grammar-null-move-replay,3.4 / 5 / 7 / 10,see named Stage1 sections,Valid ignored null JSON preserves move-replay semantics.,systems-engineer
1,"1,2,3,4",systems-engineer,independent-verifier,PENDING_NAMED_CANDIDATE,"independent raw HTTP, inductive deep grammar and shallow exact-value oracle",decoder-strictness/deep-real-receipts,PENDING explicit candidate7 execution release; prepared decoder_runtime.py,UNVERIFIED,unverified,True,TK1-decoder-grammar-null-cancel,3.4 / 5 / 7 / 10,see named Stage1 sections,Valid ignored null JSON preserves cancel semantics.,systems-engineer
1,"1,2,3,4",systems-engineer,independent-verifier,PENDING_NAMED_CANDIDATE,"independent raw HTTP, inductive deep grammar and shallow exact-value oracle",decoder-strictness/deep-real-receipts,PENDING explicit candidate7 execution release; prepared decoder_runtime.py,UNVERIFIED,unverified,True,TK1-decoder-grammar-true-create,3.4 / 5 / 7 / 10,see named Stage1 sections,Valid ignored true JSON preserves create semantics.,systems-engineer
1,"1,2,3,4",systems-engineer,independent-verifier,PENDING_NAMED_CANDIDATE,"independent raw HTTP, inductive deep grammar and shallow exact-value oracle",decoder-strictness/deep-real-receipts,PENDING explicit candidate7 execution release; prepared decoder_runtime.py,UNVERIFIED,unverified,True,TK1-decoder-grammar-true-replay,3.4 / 5 / 7 / 10,see named Stage1 sections,Valid ignored true JSON preserves replay semantics.,systems-engineer
1,"1,2,3,4",systems-engineer,independent-verifier,PENDING_NAMED_CANDIDATE,"independent raw HTTP, inductive deep grammar and shallow exact-value oracle",decoder-strictness/deep-real-receipts,PENDING explicit candidate7 execution release; prepared decoder_runtime.py,UNVERIFIED,unverified,True,TK1-decoder-grammar-true-moves,3.4 / 5 / 7 / 10,see named Stage1 sections,Valid ignored true JSON preserves moves semantics.,systems-engineer
1,"1,2,3,4",systems-engineer,independent-verifier,PENDING_NAMED_CANDIDATE,"independent raw HTTP, inductive deep grammar and shallow exact-value oracle",decoder-strictness/deep-real-receipts,PENDING explicit candidate7 execution release; prepared decoder_runtime.py,UNVERIFIED,unverified,True,TK1-decoder-grammar-true-move-replay,3.4 / 5 / 7 / 10,see named Stage1 sections,Valid ignored true JSON preserves move-replay semantics.,systems-engineer
1,"1,2,3,4",systems-engineer,independent-verifier,PENDING_NAMED_CANDIDATE,"independent raw HTTP, inductive deep grammar and shallow exact-value oracle",decoder-strictness/deep-real-receipts,PENDING explicit candidate7 execution release; prepared decoder_runtime.py,UNVERIFIED,unverified,True,TK1-decoder-grammar-true-cancel,3.4 / 5 / 7 / 10,see named Stage1 sections,Valid ignored true JSON preserves cancel semantics.,systems-engineer
1,"1,2,3,4",systems-engineer,independent-verifier,PENDING_NAMED_CANDIDATE,"independent raw HTTP, inductive deep grammar and shallow exact-value oracle",decoder-strictness/deep-real-receipts,PENDING explicit candidate7 execution release; prepared decoder_runtime.py,UNVERIFIED,unverified,True,TK1-decoder-grammar-false-create,3.4 / 5 / 7 / 10,see named Stage1 sections,Valid ignored false JSON preserves create semantics.,systems-engineer
1,"1,2,3,4",systems-engineer,independent-verifier,PENDING_NAMED_CANDIDATE,"independent raw HTTP, inductive deep grammar and shallow exact-value oracle",decoder-strictness/deep-real-receipts,PENDING explicit candidate7 execution release; prepared decoder_runtime.py,UNVERIFIED,unverified,True,TK1-decoder-grammar-false-replay,3.4 / 5 / 7 / 10,see named Stage1 sections,Valid ignored false JSON preserves replay semantics.,systems-engineer
1,"1,2,3,4",systems-engineer,independent-verifier,PENDING_NAMED_CANDIDATE,"independent raw HTTP, inductive deep grammar and shallow exact-value oracle",decoder-strictness/deep-real-receipts,PENDING explicit candidate7 execution release; prepared decoder_runtime.py,UNVERIFIED,unverified,True,TK1-decoder-grammar-false-moves,3.4 / 5 / 7 / 10,see named Stage1 sections,Valid ignored false JSON preserves moves semantics.,systems-engineer
1,"1,2,3,4",systems-engineer,independent-verifier,PENDING_NAMED_CANDIDATE,"independent raw HTTP, inductive deep grammar and shallow exact-value oracle",decoder-strictness/deep-real-receipts,PENDING explicit candidate7 execution release; prepared decoder_runtime.py,UNVERIFIED,unverified,True,TK1-decoder-grammar-false-move-replay,3.4 / 5 / 7 / 10,see named Stage1 sections,Valid ignored false JSON preserves move-replay semantics.,systems-engineer
1,"1,2,3,4",systems-engineer,independent-verifier,PENDING_NAMED_CANDIDATE,"independent raw HTTP, inductive deep grammar and shallow exact-value oracle",decoder-strictness/deep-real-receipts,PENDING explicit candidate7 execution release; prepared decoder_runtime.py,UNVERIFIED,unverified,True,TK1-decoder-grammar-false-cancel,3.4 / 5 / 7 / 10,see named Stage1 sections,Valid ignored false JSON preserves cancel semantics.,systems-engineer
1,"1,2,3,4",systems-engineer,independent-verifier,PENDING_NAMED_CANDIDATE,"independent raw HTTP, inductive deep grammar and shallow exact-value oracle",decoder-strictness/deep-real-receipts,PENDING explicit candidate7 execution release; prepared decoder_runtime.py,UNVERIFIED,unverified,True,TK1-decoder-grammar-integer-create,3.4 / 5 / 7 / 10,see named Stage1 sections,Valid ignored integer JSON preserves create semantics.,systems-engineer
1,"1,2,3,4",systems-engineer,independent-verifier,PENDING_NAMED_CANDIDATE,"independent raw HTTP, inductive deep grammar and shallow exact-value oracle",decoder-strictness/deep-real-receipts,PENDING explicit candidate7 execution release; prepared decoder_runtime.py,UNVERIFIED,unverified,True,TK1-decoder-grammar-integer-replay,3.4 / 5 / 7 / 10,see named Stage1 sections,Valid ignored integer JSON preserves replay semantics.,systems-engineer
1,"1,2,3,4",systems-engineer,independent-verifier,PENDING_NAMED_CANDIDATE,"independent raw HTTP, inductive deep grammar and shallow exact-value oracle",decoder-strictness/deep-real-receipts,PENDING explicit candidate7 execution release; prepared decoder_runtime.py,UNVERIFIED,unverified,True,TK1-decoder-grammar-integer-moves,3.4 / 5 / 7 / 10,see named Stage1 sections,Valid ignored integer JSON preserves moves semantics.,systems-engineer
1,"1,2,3,4",systems-engineer,independent-verifier,PENDING_NAMED_CANDIDATE,"independent raw HTTP, inductive deep grammar and shallow exact-value oracle",decoder-strictness/deep-real-receipts,PENDING explicit candidate7 execution release; prepared decoder_runtime.py,UNVERIFIED,unverified,True,TK1-decoder-grammar-integer-move-replay,3.4 / 5 / 7 / 10,see named Stage1 sections,Valid ignored integer JSON preserves move-replay semantics.,systems-engineer
1,"1,2,3,4",systems-engineer,independent-verifier,PENDING_NAMED_CANDIDATE,"independent raw HTTP, inductive deep grammar and shallow exact-value oracle",decoder-strictness/deep-real-receipts,PENDING explicit candidate7 execution release; prepared decoder_runtime.py,UNVERIFIED,unverified,True,TK1-decoder-grammar-integer-cancel,3.4 / 5 / 7 / 10,see named Stage1 sections,Valid ignored integer JSON preserves cancel semantics.,systems-engineer
1,"1,2,3,4",systems-engineer,independent-verifier,PENDING_NAMED_CANDIDATE,"independent raw HTTP, inductive deep grammar and shallow exact-value oracle",decoder-strictness/deep-real-receipts,PENDING explicit candidate7 execution release; prepared decoder_runtime.py,UNVERIFIED,unverified,True,TK1-decoder-grammar-negative-zero-create,3.4 / 5 / 7 / 10,see named Stage1 sections,Valid ignored negative-zero JSON preserves create semantics.,systems-engineer
1,"1,2,3,4",systems-engineer,independent-verifier,PENDING_NAMED_CANDIDATE,"independent raw HTTP, inductive deep grammar and shallow exact-value oracle",decoder-strictness/deep-real-receipts,PENDING explicit candidate7 execution release; prepared decoder_runtime.py,UNVERIFIED,unverified,True,TK1-decoder-grammar-negative-zero-replay,3.4 / 5 / 7 / 10,see named Stage1 sections,Valid ignored negative-zero JSON preserves replay semantics.,systems-engineer
1,"1,2,3,4",systems-engineer,independent-verifier,PENDING_NAMED_CANDIDATE,"independent raw HTTP, inductive deep grammar and shallow exact-value oracle",decoder-strictness/deep-real-receipts,PENDING explicit candidate7 execution release; prepared decoder_runtime.py,UNVERIFIED,unverified,True,TK1-decoder-grammar-negative-zero-moves,3.4 / 5 / 7 / 10,see named Stage1 sections,Valid ignored negative-zero JSON preserves moves semantics.,systems-engineer
1,"1,2,3,4",systems-engineer,independent-verifier,PENDING_NAMED_CANDIDATE,"independent raw HTTP, inductive deep grammar and shallow exact-value oracle",decoder-strictness/deep-real-receipts,PENDING explicit candidate7 execution release; prepared decoder_runtime.py,UNVERIFIED,unverified,True,TK1-decoder-grammar-negative-zero-move-replay,3.4 / 5 / 7 / 10,see named Stage1 sections,Valid ignored negative-zero JSON preserves move-replay semantics.,systems-engineer
1,"1,2,3,4",systems-engineer,independent-verifier,PENDING_NAMED_CANDIDATE,"independent raw HTTP, inductive deep grammar and shallow exact-value oracle",decoder-strictness/deep-real-receipts,PENDING explicit candidate7 execution release; prepared decoder_runtime.py,UNVERIFIED,unverified,True,TK1-decoder-grammar-negative-zero-cancel,3.4 / 5 / 7 / 10,see named Stage1 sections,Valid ignored negative-zero JSON preserves cancel semantics.,systems-engineer
1,"1,2,3,4",systems-engineer,independent-verifier,PENDING_NAMED_CANDIDATE,"independent raw HTTP, inductive deep grammar and shallow exact-value oracle",decoder-strictness/deep-real-receipts,PENDING explicit candidate7 execution release; prepared decoder_runtime.py,UNVERIFIED,unverified,True,TK1-decoder-grammar-zero-exponent-create,3.4 / 5 / 7 / 10,see named Stage1 sections,Valid ignored zero-exponent JSON preserves create semantics.,systems-engineer
1,"1,2,3,4",systems-engineer,independent-verifier,PENDING_NAMED_CANDIDATE,"independent raw HTTP, inductive deep grammar and shallow exact-value oracle",decoder-strictness/deep-real-receipts,PENDING explicit candidate7 execution release; prepared decoder_runtime.py,UNVERIFIED,unverified,True,TK1-decoder-grammar-zero-exponent-replay,3.4 / 5 / 7 / 10,see named Stage1 sections,Valid ignored zero-exponent JSON preserves replay semantics.,systems-engineer
1,"1,2,3,4",systems-engineer,independent-verifier,PENDING_NAMED_CANDIDATE,"independent raw HTTP, inductive deep grammar and shallow exact-value oracle",decoder-strictness/deep-real-receipts,PENDING explicit candidate7 execution release; prepared decoder_runtime.py,UNVERIFIED,unverified,True,TK1-decoder-grammar-zero-exponent-moves,3.4 / 5 / 7 / 10,see named Stage1 sections,Valid ignored zero-exponent JSON preserves moves semantics.,systems-engineer
1,"1,2,3,4",systems-engineer,independent-verifier,PENDING_NAMED_CANDIDATE,"independent raw HTTP, inductive deep grammar and shallow exact-value oracle",decoder-strictness/deep-real-receipts,PENDING explicit candidate7 execution release; prepared decoder_runtime.py,UNVERIFIED,unverified,True,TK1-decoder-grammar-zero-exponent-move-replay,3.4 / 5 / 7 / 10,see named Stage1 sections,Valid ignored zero-exponent JSON preserves move-replay semantics.,systems-engineer
1,"1,2,3,4",systems-engineer,independent-verifier,PENDING_NAMED_CANDIDATE,"independent raw HTTP, inductive deep grammar and shallow exact-value oracle",decoder-strictness/deep-real-receipts,PENDING explicit candidate7 execution release; prepared decoder_runtime.py,UNVERIFIED,unverified,True,TK1-decoder-grammar-zero-exponent-cancel,3.4 / 5 / 7 / 10,see named Stage1 sections,Valid ignored zero-exponent JSON preserves cancel semantics.,systems-engineer
1,"1,2,3,4",systems-engineer,independent-verifier,PENDING_NAMED_CANDIDATE,"independent raw HTTP, inductive deep grammar and shallow exact-value oracle",decoder-strictness/deep-real-receipts,PENDING explicit candidate7 execution release; prepared decoder_runtime.py,UNVERIFIED,unverified,True,TK1-decoder-grammar-negative-integer-create,3.4 / 5 / 7 / 10,see named Stage1 sections,Valid ignored negative-integer JSON preserves create semantics.,systems-engineer
1,"1,2,3,4",systems-engineer,independent-verifier,PENDING_NAMED_CANDIDATE,"independent raw HTTP, inductive deep grammar and shallow exact-value oracle",decoder-strictness/deep-real-receipts,PENDING explicit candidate7 execution release; prepared decoder_runtime.py,UNVERIFIED,unverified,True,TK1-decoder-grammar-negative-integer-replay,3.4 / 5 / 7 / 10,see named Stage1 sections,Valid ignored negative-integer JSON preserves replay semantics.,systems-engineer
1,"1,2,3,4",systems-engineer,independent-verifier,PENDING_NAMED_CANDIDATE,"independent raw HTTP, inductive deep grammar and shallow exact-value oracle",decoder-strictness/deep-real-receipts,PENDING explicit candidate7 execution release; prepared decoder_runtime.py,UNVERIFIED,unverified,True,TK1-decoder-grammar-negative-integer-moves,3.4 / 5 / 7 / 10,see named Stage1 sections,Valid ignored negative-integer JSON preserves moves semantics.,systems-engineer
1,"1,2,3,4",systems-engineer,independent-verifier,PENDING_NAMED_CANDIDATE,"independent raw HTTP, inductive deep grammar and shallow exact-value oracle",decoder-strictness/deep-real-receipts,PENDING explicit candidate7 execution release; prepared decoder_runtime.py,UNVERIFIED,unverified,True,TK1-decoder-grammar-negative-integer-move-replay,3.4 / 5 / 7 / 10,see named Stage1 sections,Valid ignored negative-integer JSON preserves move-replay semantics.,systems-engineer
1,"1,2,3,4",systems-engineer,independent-verifier,PENDING_NAMED_CANDIDATE,"independent raw HTTP, inductive deep grammar and shallow exact-value oracle",decoder-strictness/deep-real-receipts,PENDING explicit candidate7 execution release; prepared decoder_runtime.py,UNVERIFIED,unverified,True,TK1-decoder-grammar-negative-integer-cancel,3.4 / 5 / 7 / 10,see named Stage1 sections,Valid ignored negative-integer JSON preserves cancel semantics.,systems-engineer
1,"1,2,3,4",systems-engineer,independent-verifier,PENDING_NAMED_CANDIDATE,"independent raw HTTP, inductive deep grammar and shallow exact-value oracle",decoder-strictness/deep-real-receipts,PENDING explicit candidate7 execution release; prepared decoder_runtime.py,UNVERIFIED,unverified,True,TK1-decoder-grammar-fraction-create,3.4 / 5 / 7 / 10,see named Stage1 sections,Valid ignored fraction JSON preserves create semantics.,systems-engineer
1,"1,2,3,4",systems-engineer,independent-verifier,PENDING_NAMED_CANDIDATE,"independent raw HTTP, inductive deep grammar and shallow exact-value oracle",decoder-strictness/deep-real-receipts,PENDING explicit candidate7 execution release; prepared decoder_runtime.py,UNVERIFIED,unverified,True,TK1-decoder-grammar-fraction-replay,3.4 / 5 / 7 / 10,see named Stage1 sections,Valid ignored fraction JSON preserves replay semantics.,systems-engineer
1,"1,2,3,4",systems-engineer,independent-verifier,PENDING_NAMED_CANDIDATE,"independent raw HTTP, inductive deep grammar and shallow exact-value oracle",decoder-strictness/deep-real-receipts,PENDING explicit candidate7 execution release; prepared decoder_runtime.py,UNVERIFIED,unverified,True,TK1-decoder-grammar-fraction-moves,3.4 / 5 / 7 / 10,see named Stage1 sections,Valid ignored fraction JSON preserves moves semantics.,systems-engineer
1,"1,2,3,4",systems-engineer,independent-verifier,PENDING_NAMED_CANDIDATE,"independent raw HTTP, inductive deep grammar and shallow exact-value oracle",decoder-strictness/deep-real-receipts,PENDING explicit candidate7 execution release; prepared decoder_runtime.py,UNVERIFIED,unverified,True,TK1-decoder-grammar-fraction-move-replay,3.4 / 5 / 7 / 10,see named Stage1 sections,Valid ignored fraction JSON preserves move-replay semantics.,systems-engineer
1,"1,2,3,4",systems-engineer,independent-verifier,PENDING_NAMED_CANDIDATE,"independent raw HTTP, inductive deep grammar and shallow exact-value oracle",decoder-strictness/deep-real-receipts,PENDING explicit candidate7 execution release; prepared decoder_runtime.py,UNVERIFIED,unverified,True,TK1-decoder-grammar-fraction-cancel,3.4 / 5 / 7 / 10,see named Stage1 sections,Valid ignored fraction JSON preserves cancel semantics.,systems-engineer
1,"1,2,3,4",systems-engineer,independent-verifier,PENDING_NAMED_CANDIDATE,"independent raw HTTP, inductive deep grammar and shallow exact-value oracle",decoder-strictness/deep-real-receipts,PENDING explicit candidate7 execution release; prepared decoder_runtime.py,UNVERIFIED,unverified,True,TK1-decoder-grammar-exp-plus-create,3.4 / 5 / 7 / 10,see named Stage1 sections,Valid ignored exp-plus JSON preserves create semantics.,systems-engineer
1,"1,2,3,4",systems-engineer,independent-verifier,PENDING_NAMED_CANDIDATE,"independent raw HTTP, inductive deep grammar and shallow exact-value oracle",decoder-strictness/deep-real-receipts,PENDING explicit candidate7 execution release; prepared decoder_runtime.py,UNVERIFIED,unverified,True,TK1-decoder-grammar-exp-plus-replay,3.4 / 5 / 7 / 10,see named Stage1 sections,Valid ignored exp-plus JSON preserves replay semantics.,systems-engineer
1,"1,2,3,4",systems-engineer,independent-verifier,PENDING_NAMED_CANDIDATE,"independent raw HTTP, inductive deep grammar and shallow exact-value oracle",decoder-strictness/deep-real-receipts,PENDING explicit candidate7 execution release; prepared decoder_runtime.py,UNVERIFIED,unverified,True,TK1-decoder-grammar-exp-plus-moves,3.4 / 5 / 7 / 10,see named Stage1 sections,Valid ignored exp-plus JSON preserves moves semantics.,systems-engineer
1,"1,2,3,4",systems-engineer,independent-verifier,PENDING_NAMED_CANDIDATE,"independent raw HTTP, inductive deep grammar and shallow exact-value oracle",decoder-strictness/deep-real-receipts,PENDING explicit candidate7 execution release; prepared decoder_runtime.py,UNVERIFIED,unverified,True,TK1-decoder-grammar-exp-plus-move-replay,3.4 / 5 / 7 / 10,see named Stage1 sections,Valid ignored exp-plus JSON preserves move-replay semantics.,systems-engineer
1,"1,2,3,4",systems-engineer,independent-verifier,PENDING_NAMED_CANDIDATE,"independent raw HTTP, inductive deep grammar and shallow exact-value oracle",decoder-strictness/deep-real-receipts,PENDING explicit candidate7 execution release; prepared decoder_runtime.py,UNVERIFIED,unverified,True,TK1-decoder-grammar-exp-plus-cancel,3.4 / 5 / 7 / 10,see named Stage1 sections,Valid ignored exp-plus JSON preserves cancel semantics.,systems-engineer
1,"1,2,3,4",systems-engineer,independent-verifier,PENDING_NAMED_CANDIDATE,"independent raw HTTP, inductive deep grammar and shallow exact-value oracle",decoder-strictness/deep-real-receipts,PENDING explicit candidate7 execution release; prepared decoder_runtime.py,UNVERIFIED,unverified,True,TK1-decoder-grammar-underflow-create,3.4 / 5 / 7 / 10,see named Stage1 sections,Valid ignored underflow JSON preserves create semantics.,systems-engineer
1,"1,2,3,4",systems-engineer,independent-verifier,PENDING_NAMED_CANDIDATE,"independent raw HTTP, inductive deep grammar and shallow exact-value oracle",decoder-strictness/deep-real-receipts,PENDING explicit candidate7 execution release; prepared decoder_runtime.py,UNVERIFIED,unverified,True,TK1-decoder-grammar-underflow-replay,3.4 / 5 / 7 / 10,see named Stage1 sections,Valid ignored underflow JSON preserves replay semantics.,systems-engineer
1,"1,2,3,4",systems-engineer,independent-verifier,PENDING_NAMED_CANDIDATE,"independent raw HTTP, inductive deep grammar and shallow exact-value oracle",decoder-strictness/deep-real-receipts,PENDING explicit candidate7 execution release; prepared decoder_runtime.py,UNVERIFIED,unverified,True,TK1-decoder-grammar-underflow-moves,3.4 / 5 / 7 / 10,see named Stage1 sections,Valid ignored underflow JSON preserves moves semantics.,systems-engineer
1,"1,2,3,4",systems-engineer,independent-verifier,PENDING_NAMED_CANDIDATE,"independent raw HTTP, inductive deep grammar and shallow exact-value oracle",decoder-strictness/deep-real-receipts,PENDING explicit candidate7 execution release; prepared decoder_runtime.py,UNVERIFIED,unverified,True,TK1-decoder-grammar-underflow-move-replay,3.4 / 5 / 7 / 10,see named Stage1 sections,Valid ignored underflow JSON preserves move-replay semantics.,systems-engineer
1,"1,2,3,4",systems-engineer,independent-verifier,PENDING_NAMED_CANDIDATE,"independent raw HTTP, inductive deep grammar and shallow exact-value oracle",decoder-strictness/deep-real-receipts,PENDING explicit candidate7 execution release; prepared decoder_runtime.py,UNVERIFIED,unverified,True,TK1-decoder-grammar-underflow-cancel,3.4 / 5 / 7 / 10,see named Stage1 sections,Valid ignored underflow JSON preserves cancel semantics.,systems-engineer
1,"1,2,3,4",systems-engineer,independent-verifier,PENDING_NAMED_CANDIDATE,"independent raw HTTP, inductive deep grammar and shallow exact-value oracle",decoder-strictness/deep-real-receipts,PENDING explicit candidate7 execution release; prepared decoder_runtime.py,UNVERIFIED,unverified,True,TK1-decoder-grammar-overflow-create,3.4 / 5 / 7 / 10,see named Stage1 sections,Valid ignored overflow JSON preserves create semantics.,systems-engineer
1,"1,2,3,4",systems-engineer,independent-verifier,PENDING_NAMED_CANDIDATE,"independent raw HTTP, inductive deep grammar and shallow exact-value oracle",decoder-strictness/deep-real-receipts,PENDING explicit candidate7 execution release; prepared decoder_runtime.py,UNVERIFIED,unverified,True,TK1-decoder-grammar-overflow-replay,3.4 / 5 / 7 / 10,see named Stage1 sections,Valid ignored overflow JSON preserves replay semantics.,systems-engineer
1,"1,2,3,4",systems-engineer,independent-verifier,PENDING_NAMED_CANDIDATE,"independent raw HTTP, inductive deep grammar and shallow exact-value oracle",decoder-strictness/deep-real-receipts,PENDING explicit candidate7 execution release; prepared decoder_runtime.py,UNVERIFIED,unverified,True,TK1-decoder-grammar-overflow-moves,3.4 / 5 / 7 / 10,see named Stage1 sections,Valid ignored overflow JSON preserves moves semantics.,systems-engineer
1,"1,2,3,4",systems-engineer,independent-verifier,PENDING_NAMED_CANDIDATE,"independent raw HTTP, inductive deep grammar and shallow exact-value oracle",decoder-strictness/deep-real-receipts,PENDING explicit candidate7 execution release; prepared decoder_runtime.py,UNVERIFIED,unverified,True,TK1-decoder-grammar-overflow-move-replay,3.4 / 5 / 7 / 10,see named Stage1 sections,Valid ignored overflow JSON preserves move-replay semantics.,systems-engineer
1,"1,2,3,4",systems-engineer,independent-verifier,PENDING_NAMED_CANDIDATE,"independent raw HTTP, inductive deep grammar and shallow exact-value oracle",decoder-strictness/deep-real-receipts,PENDING explicit candidate7 execution release; prepared decoder_runtime.py,UNVERIFIED,unverified,True,TK1-decoder-grammar-overflow-cancel,3.4 / 5 / 7 / 10,see named Stage1 sections,Valid ignored overflow JSON preserves cancel semantics.,systems-engineer
1,"1,2,3,4",systems-engineer,independent-verifier,PENDING_NAMED_CANDIDATE,"independent raw HTTP, inductive deep grammar and shallow exact-value oracle",decoder-strictness/deep-real-receipts,PENDING explicit candidate7 execution release; prepared decoder_runtime.py,UNVERIFIED,unverified,True,TK1-decoder-grammar-huge-compact-exponent-create,3.4 / 5 / 7 / 10,see named Stage1 sections,Valid ignored huge-compact-exponent JSON preserves create semantics.,systems-engineer
1,"1,2,3,4",systems-engineer,independent-verifier,PENDING_NAMED_CANDIDATE,"independent raw HTTP, inductive deep grammar and shallow exact-value oracle",decoder-strictness/deep-real-receipts,PENDING explicit candidate7 execution release; prepared decoder_runtime.py,UNVERIFIED,unverified,True,TK1-decoder-grammar-huge-compact-exponent-replay,3.4 / 5 / 7 / 10,see named Stage1 sections,Valid ignored huge-compact-exponent JSON preserves replay semantics.,systems-engineer
1,"1,2,3,4",systems-engineer,independent-verifier,PENDING_NAMED_CANDIDATE,"independent raw HTTP, inductive deep grammar and shallow exact-value oracle",decoder-strictness/deep-real-receipts,PENDING explicit candidate7 execution release; prepared decoder_runtime.py,UNVERIFIED,unverified,True,TK1-decoder-grammar-huge-compact-exponent-moves,3.4 / 5 / 7 / 10,see named Stage1 sections,Valid ignored huge-compact-exponent JSON preserves moves semantics.,systems-engineer
1,"1,2,3,4",systems-engineer,independent-verifier,PENDING_NAMED_CANDIDATE,"independent raw HTTP, inductive deep grammar and shallow exact-value oracle",decoder-strictness/deep-real-receipts,PENDING explicit candidate7 execution release; prepared decoder_runtime.py,UNVERIFIED,unverified,True,TK1-decoder-grammar-huge-compact-exponent-move-replay,3.4 / 5 / 7 / 10,see named Stage1 sections,Valid ignored huge-compact-exponent JSON preserves move-replay semantics.,systems-engineer
1,"1,2,3,4",systems-engineer,independent-verifier,PENDING_NAMED_CANDIDATE,"independent raw HTTP, inductive deep grammar and shallow exact-value oracle",decoder-strictness/deep-real-receipts,PENDING explicit candidate7 execution release; prepared decoder_runtime.py,UNVERIFIED,unverified,True,TK1-decoder-grammar-huge-compact-exponent-cancel,3.4 / 5 / 7 / 10,see named Stage1 sections,Valid ignored huge-compact-exponent JSON preserves cancel semantics.,systems-engineer
1,"1,2,3,4",systems-engineer,independent-verifier,PENDING_NAMED_CANDIDATE,"independent raw HTTP, inductive deep grammar and shallow exact-value oracle",decoder-strictness/deep-real-receipts,PENDING explicit candidate7 execution release; prepared decoder_runtime.py,UNVERIFIED,unverified,True,TK1-decoder-grammar-empty-string-create,3.4 / 5 / 7 / 10,see named Stage1 sections,Valid ignored empty-string JSON preserves create semantics.,systems-engineer
1,"1,2,3,4",systems-engineer,independent-verifier,PENDING_NAMED_CANDIDATE,"independent raw HTTP, inductive deep grammar and shallow exact-value oracle",decoder-strictness/deep-real-receipts,PENDING explicit candidate7 execution release; prepared decoder_runtime.py,UNVERIFIED,unverified,True,TK1-decoder-grammar-empty-string-replay,3.4 / 5 / 7 / 10,see named Stage1 sections,Valid ignored empty-string JSON preserves replay semantics.,systems-engineer
1,"1,2,3,4",systems-engineer,independent-verifier,PENDING_NAMED_CANDIDATE,"independent raw HTTP, inductive deep grammar and shallow exact-value oracle",decoder-strictness/deep-real-receipts,PENDING explicit candidate7 execution release; prepared decoder_runtime.py,UNVERIFIED,unverified,True,TK1-decoder-grammar-empty-string-moves,3.4 / 5 / 7 / 10,see named Stage1 sections,Valid ignored empty-string JSON preserves moves semantics.,systems-engineer
1,"1,2,3,4",systems-engineer,independent-verifier,PENDING_NAMED_CANDIDATE,"independent raw HTTP, inductive deep grammar and shallow exact-value oracle",decoder-strictness/deep-real-receipts,PENDING explicit candidate7 execution release; prepared decoder_runtime.py,UNVERIFIED,unverified,True,TK1-decoder-grammar-empty-string-move-replay,3.4 / 5 / 7 / 10,see named Stage1 sections,Valid ignored empty-string JSON preserves move-replay semantics.,systems-engineer
1,"1,2,3,4",systems-engineer,independent-verifier,PENDING_NAMED_CANDIDATE,"independent raw HTTP, inductive deep grammar and shallow exact-value oracle",decoder-strictness/deep-real-receipts,PENDING explicit candidate7 execution release; prepared decoder_runtime.py,UNVERIFIED,unverified,True,TK1-decoder-grammar-empty-string-cancel,3.4 / 5 / 7 / 10,see named Stage1 sections,Valid ignored empty-string JSON preserves cancel semantics.,systems-engineer
1,"1,2,3,4",systems-engineer,independent-verifier,PENDING_NAMED_CANDIDATE,"independent raw HTTP, inductive deep grammar and shallow exact-value oracle",decoder-strictness/deep-real-receipts,PENDING explicit candidate7 execution release; prepared decoder_runtime.py,UNVERIFIED,unverified,True,TK1-decoder-grammar-escaped-quote-create,3.4 / 5 / 7 / 10,see named Stage1 sections,Valid ignored escaped-quote JSON preserves create semantics.,systems-engineer
1,"1,2,3,4",systems-engineer,independent-verifier,PENDING_NAMED_CANDIDATE,"independent raw HTTP, inductive deep grammar and shallow exact-value oracle",decoder-strictness/deep-real-receipts,PENDING explicit candidate7 execution release; prepared decoder_runtime.py,UNVERIFIED,unverified,True,TK1-decoder-grammar-escaped-quote-replay,3.4 / 5 / 7 / 10,see named Stage1 sections,Valid ignored escaped-quote JSON preserves replay semantics.,systems-engineer
1,"1,2,3,4",systems-engineer,independent-verifier,PENDING_NAMED_CANDIDATE,"independent raw HTTP, inductive deep grammar and shallow exact-value oracle",decoder-strictness/deep-real-receipts,PENDING explicit candidate7 execution release; prepared decoder_runtime.py,UNVERIFIED,unverified,True,TK1-decoder-grammar-escaped-quote-moves,3.4 / 5 / 7 / 10,see named Stage1 sections,Valid ignored escaped-quote JSON preserves moves semantics.,systems-engineer
1,"1,2,3,4",systems-engineer,independent-verifier,PENDING_NAMED_CANDIDATE,"independent raw HTTP, inductive deep grammar and shallow exact-value oracle",decoder-strictness/deep-real-receipts,PENDING explicit candidate7 execution release; prepared decoder_runtime.py,UNVERIFIED,unverified,True,TK1-decoder-grammar-escaped-quote-move-replay,3.4 / 5 / 7 / 10,see named Stage1 sections,Valid ignored escaped-quote JSON preserves move-replay semantics.,systems-engineer
1,"1,2,3,4",systems-engineer,independent-verifier,PENDING_NAMED_CANDIDATE,"independent raw HTTP, inductive deep grammar and shallow exact-value oracle",decoder-strictness/deep-real-receipts,PENDING explicit candidate7 execution release; prepared decoder_runtime.py,UNVERIFIED,unverified,True,TK1-decoder-grammar-escaped-quote-cancel,3.4 / 5 / 7 / 10,see named Stage1 sections,Valid ignored escaped-quote JSON preserves cancel semantics.,systems-engineer
1,"1,2,3,4",systems-engineer,independent-verifier,PENDING_NAMED_CANDIDATE,"independent raw HTTP, inductive deep grammar and shallow exact-value oracle",decoder-strictness/deep-real-receipts,PENDING explicit candidate7 execution release; prepared decoder_runtime.py,UNVERIFIED,unverified,True,TK1-decoder-grammar-escaped-backslash-create,3.4 / 5 / 7 / 10,see named Stage1 sections,Valid ignored escaped-backslash JSON preserves create semantics.,systems-engineer
1,"1,2,3,4",systems-engineer,independent-verifier,PENDING_NAMED_CANDIDATE,"independent raw HTTP, inductive deep grammar and shallow exact-value oracle",decoder-strictness/deep-real-receipts,PENDING explicit candidate7 execution release; prepared decoder_runtime.py,UNVERIFIED,unverified,True,TK1-decoder-grammar-escaped-backslash-replay,3.4 / 5 / 7 / 10,see named Stage1 sections,Valid ignored escaped-backslash JSON preserves replay semantics.,systems-engineer
1,"1,2,3,4",systems-engineer,independent-verifier,PENDING_NAMED_CANDIDATE,"independent raw HTTP, inductive deep grammar and shallow exact-value oracle",decoder-strictness/deep-real-receipts,PENDING explicit candidate7 execution release; prepared decoder_runtime.py,UNVERIFIED,unverified,True,TK1-decoder-grammar-escaped-backslash-moves,3.4 / 5 / 7 / 10,see named Stage1 sections,Valid ignored escaped-backslash JSON preserves moves semantics.,systems-engineer
1,"1,2,3,4",systems-engineer,independent-verifier,PENDING_NAMED_CANDIDATE,"independent raw HTTP, inductive deep grammar and shallow exact-value oracle",decoder-strictness/deep-real-receipts,PENDING explicit candidate7 execution release; prepared decoder_runtime.py,UNVERIFIED,unverified,True,TK1-decoder-grammar-escaped-backslash-move-replay,3.4 / 5 / 7 / 10,see named Stage1 sections,Valid ignored escaped-backslash JSON preserves move-replay semantics.,systems-engineer
1,"1,2,3,4",systems-engineer,independent-verifier,PENDING_NAMED_CANDIDATE,"independent raw HTTP, inductive deep grammar and shallow exact-value oracle",decoder-strictness/deep-real-receipts,PENDING explicit candidate7 execution release; prepared decoder_runtime.py,UNVERIFIED,unverified,True,TK1-decoder-grammar-escaped-backslash-cancel,3.4 / 5 / 7 / 10,see named Stage1 sections,Valid ignored escaped-backslash JSON preserves cancel semantics.,systems-engineer
1,"1,2,3,4",systems-engineer,independent-verifier,PENDING_NAMED_CANDIDATE,"independent raw HTTP, inductive deep grammar and shallow exact-value oracle",decoder-strictness/deep-real-receipts,PENDING explicit candidate7 execution release; prepared decoder_runtime.py,UNVERIFIED,unverified,True,TK1-decoder-grammar-escaped-slash-create,3.4 / 5 / 7 / 10,see named Stage1 sections,Valid ignored escaped-slash JSON preserves create semantics.,systems-engineer
1,"1,2,3,4",systems-engineer,independent-verifier,PENDING_NAMED_CANDIDATE,"independent raw HTTP, inductive deep grammar and shallow exact-value oracle",decoder-strictness/deep-real-receipts,PENDING explicit candidate7 execution release; prepared decoder_runtime.py,UNVERIFIED,unverified,True,TK1-decoder-grammar-escaped-slash-replay,3.4 / 5 / 7 / 10,see named Stage1 sections,Valid ignored escaped-slash JSON preserves replay semantics.,systems-engineer
1,"1,2,3,4",systems-engineer,independent-verifier,PENDING_NAMED_CANDIDATE,"independent raw HTTP, inductive deep grammar and shallow exact-value oracle",decoder-strictness/deep-real-receipts,PENDING explicit candidate7 execution release; prepared decoder_runtime.py,UNVERIFIED,unverified,True,TK1-decoder-grammar-escaped-slash-moves,3.4 / 5 / 7 / 10,see named Stage1 sections,Valid ignored escaped-slash JSON preserves moves semantics.,systems-engineer
1,"1,2,3,4",systems-engineer,independent-verifier,PENDING_NAMED_CANDIDATE,"independent raw HTTP, inductive deep grammar and shallow exact-value oracle",decoder-strictness/deep-real-receipts,PENDING explicit candidate7 execution release; prepared decoder_runtime.py,UNVERIFIED,unverified,True,TK1-decoder-grammar-escaped-slash-move-replay,3.4 / 5 / 7 / 10,see named Stage1 sections,Valid ignored escaped-slash JSON preserves move-replay semantics.,systems-engineer
1,"1,2,3,4",systems-engineer,independent-verifier,PENDING_NAMED_CANDIDATE,"independent raw HTTP, inductive deep grammar and shallow exact-value oracle",decoder-strictness/deep-real-receipts,PENDING explicit candidate7 execution release; prepared decoder_runtime.py,UNVERIFIED,unverified,True,TK1-decoder-grammar-escaped-slash-cancel,3.4 / 5 / 7 / 10,see named Stage1 sections,Valid ignored escaped-slash JSON preserves cancel semantics.,systems-engineer
1,"1,2,3,4",systems-engineer,independent-verifier,PENDING_NAMED_CANDIDATE,"independent raw HTTP, inductive deep grammar and shallow exact-value oracle",decoder-strictness/deep-real-receipts,PENDING explicit candidate7 execution release; prepared decoder_runtime.py,UNVERIFIED,unverified,True,TK1-decoder-grammar-all-short-escapes-create,3.4 / 5 / 7 / 10,see named Stage1 sections,Valid ignored all-short-escapes JSON preserves create semantics.,systems-engineer
1,"1,2,3,4",systems-engineer,independent-verifier,PENDING_NAMED_CANDIDATE,"independent raw HTTP, inductive deep grammar and shallow exact-value oracle",decoder-strictness/deep-real-receipts,PENDING explicit candidate7 execution release; prepared decoder_runtime.py,UNVERIFIED,unverified,True,TK1-decoder-grammar-all-short-escapes-replay,3.4 / 5 / 7 / 10,see named Stage1 sections,Valid ignored all-short-escapes JSON preserves replay semantics.,systems-engineer
1,"1,2,3,4",systems-engineer,independent-verifier,PENDING_NAMED_CANDIDATE,"independent raw HTTP, inductive deep grammar and shallow exact-value oracle",decoder-strictness/deep-real-receipts,PENDING explicit candidate7 execution release; prepared decoder_runtime.py,UNVERIFIED,unverified,True,TK1-decoder-grammar-all-short-escapes-moves,3.4 / 5 / 7 / 10,see named Stage1 sections,Valid ignored all-short-escapes JSON preserves moves semantics.,systems-engineer
1,"1,2,3,4",systems-engineer,independent-verifier,PENDING_NAMED_CANDIDATE,"independent raw HTTP, inductive deep grammar and shallow exact-value oracle",decoder-strictness/deep-real-receipts,PENDING explicit candidate7 execution release; prepared decoder_runtime.py,UNVERIFIED,unverified,True,TK1-decoder-grammar-all-short-escapes-move-replay,3.4 / 5 / 7 / 10,see named Stage1 sections,Valid ignored all-short-escapes JSON preserves move-replay semantics.,systems-engineer
1,"1,2,3,4",systems-engineer,independent-verifier,PENDING_NAMED_CANDIDATE,"independent raw HTTP, inductive deep grammar and shallow exact-value oracle",decoder-strictness/deep-real-receipts,PENDING explicit candidate7 execution release; prepared decoder_runtime.py,UNVERIFIED,unverified,True,TK1-decoder-grammar-all-short-escapes-cancel,3.4 / 5 / 7 / 10,see named Stage1 sections,Valid ignored all-short-escapes JSON preserves cancel semantics.,systems-engineer
1,"1,2,3,4",systems-engineer,independent-verifier,PENDING_NAMED_CANDIDATE,"independent raw HTTP, inductive deep grammar and shallow exact-value oracle",decoder-strictness/deep-real-receipts,PENDING explicit candidate7 execution release; prepared decoder_runtime.py,UNVERIFIED,unverified,True,TK1-decoder-grammar-unicode-escapes-create,3.4 / 5 / 7 / 10,see named Stage1 sections,Valid ignored unicode-escapes JSON preserves create semantics.,systems-engineer
1,"1,2,3,4",systems-engineer,independent-verifier,PENDING_NAMED_CANDIDATE,"independent raw HTTP, inductive deep grammar and shallow exact-value oracle",decoder-strictness/deep-real-receipts,PENDING explicit candidate7 execution release; prepared decoder_runtime.py,UNVERIFIED,unverified,True,TK1-decoder-grammar-unicode-escapes-replay,3.4 / 5 / 7 / 10,see named Stage1 sections,Valid ignored unicode-escapes JSON preserves replay semantics.,systems-engineer
1,"1,2,3,4",systems-engineer,independent-verifier,PENDING_NAMED_CANDIDATE,"independent raw HTTP, inductive deep grammar and shallow exact-value oracle",decoder-strictness/deep-real-receipts,PENDING explicit candidate7 execution release; prepared decoder_runtime.py,UNVERIFIED,unverified,True,TK1-decoder-grammar-unicode-escapes-moves,3.4 / 5 / 7 / 10,see named Stage1 sections,Valid ignored unicode-escapes JSON preserves moves semantics.,systems-engineer
1,"1,2,3,4",systems-engineer,independent-verifier,PENDING_NAMED_CANDIDATE,"independent raw HTTP, inductive deep grammar and shallow exact-value oracle",decoder-strictness/deep-real-receipts,PENDING explicit candidate7 execution release; prepared decoder_runtime.py,UNVERIFIED,unverified,True,TK1-decoder-grammar-unicode-escapes-move-replay,3.4 / 5 / 7 / 10,see named Stage1 sections,Valid ignored unicode-escapes JSON preserves move-replay semantics.,systems-engineer
1,"1,2,3,4",systems-engineer,independent-verifier,PENDING_NAMED_CANDIDATE,"independent raw HTTP, inductive deep grammar and shallow exact-value oracle",decoder-strictness/deep-real-receipts,PENDING explicit candidate7 execution release; prepared decoder_runtime.py,UNVERIFIED,unverified,True,TK1-decoder-grammar-unicode-escapes-cancel,3.4 / 5 / 7 / 10,see named Stage1 sections,Valid ignored unicode-escapes JSON preserves cancel semantics.,systems-engineer
1,"1,2,3,4",systems-engineer,independent-verifier,PENDING_NAMED_CANDIDATE,"independent raw HTTP, inductive deep grammar and shallow exact-value oracle",decoder-strictness/deep-real-receipts,PENDING explicit candidate7 execution release; prepared decoder_runtime.py,UNVERIFIED,unverified,True,TK1-decoder-grammar-surrogate-pair-create,3.4 / 5 / 7 / 10,see named Stage1 sections,Valid ignored surrogate-pair JSON preserves create semantics.,systems-engineer
1,"1,2,3,4",systems-engineer,independent-verifier,PENDING_NAMED_CANDIDATE,"independent raw HTTP, inductive deep grammar and shallow exact-value oracle",decoder-strictness/deep-real-receipts,PENDING explicit candidate7 execution release; prepared decoder_runtime.py,UNVERIFIED,unverified,True,TK1-decoder-grammar-surrogate-pair-replay,3.4 / 5 / 7 / 10,see named Stage1 sections,Valid ignored surrogate-pair JSON preserves replay semantics.,systems-engineer
1,"1,2,3,4",systems-engineer,independent-verifier,PENDING_NAMED_CANDIDATE,"independent raw HTTP, inductive deep grammar and shallow exact-value oracle",decoder-strictness/deep-real-receipts,PENDING explicit candidate7 execution release; prepared decoder_runtime.py,UNVERIFIED,unverified,True,TK1-decoder-grammar-surrogate-pair-moves,3.4 / 5 / 7 / 10,see named Stage1 sections,Valid ignored surrogate-pair JSON preserves moves semantics.,systems-engineer
1,"1,2,3,4",systems-engineer,independent-verifier,PENDING_NAMED_CANDIDATE,"independent raw HTTP, inductive deep grammar and shallow exact-value oracle",decoder-strictness/deep-real-receipts,PENDING explicit candidate7 execution release; prepared decoder_runtime.py,UNVERIFIED,unverified,True,TK1-decoder-grammar-surrogate-pair-move-replay,3.4 / 5 / 7 / 10,see named Stage1 sections,Valid ignored surrogate-pair JSON preserves move-replay semantics.,systems-engineer
1,"1,2,3,4",systems-engineer,independent-verifier,PENDING_NAMED_CANDIDATE,"independent raw HTTP, inductive deep grammar and shallow exact-value oracle",decoder-strictness/deep-real-receipts,PENDING explicit candidate7 execution release; prepared decoder_runtime.py,UNVERIFIED,unverified,True,TK1-decoder-grammar-surrogate-pair-cancel,3.4 / 5 / 7 / 10,see named Stage1 sections,Valid ignored surrogate-pair JSON preserves cancel semantics.,systems-engineer
1,"1,2,3,4",systems-engineer,independent-verifier,PENDING_NAMED_CANDIDATE,"independent raw HTTP, inductive deep grammar and shallow exact-value oracle",decoder-strictness/deep-real-receipts,PENDING explicit candidate7 execution release; prepared decoder_runtime.py,UNVERIFIED,unverified,True,TK1-decoder-grammar-escaped-surrogate-create,3.4 / 5 / 7 / 10,see named Stage1 sections,Valid ignored escaped-surrogate JSON preserves create semantics.,systems-engineer
1,"1,2,3,4",systems-engineer,independent-verifier,PENDING_NAMED_CANDIDATE,"independent raw HTTP, inductive deep grammar and shallow exact-value oracle",decoder-strictness/deep-real-receipts,PENDING explicit candidate7 execution release; prepared decoder_runtime.py,UNVERIFIED,unverified,True,TK1-decoder-grammar-escaped-surrogate-replay,3.4 / 5 / 7 / 10,see named Stage1 sections,Valid ignored escaped-surrogate JSON preserves replay semantics.,systems-engineer
1,"1,2,3,4",systems-engineer,independent-verifier,PENDING_NAMED_CANDIDATE,"independent raw HTTP, inductive deep grammar and shallow exact-value oracle",decoder-strictness/deep-real-receipts,PENDING explicit candidate7 execution release; prepared decoder_runtime.py,UNVERIFIED,unverified,True,TK1-decoder-grammar-escaped-surrogate-moves,3.4 / 5 / 7 / 10,see named Stage1 sections,Valid ignored escaped-surrogate JSON preserves moves semantics.,systems-engineer
1,"1,2,3,4",systems-engineer,independent-verifier,PENDING_NAMED_CANDIDATE,"independent raw HTTP, inductive deep grammar and shallow exact-value oracle",decoder-strictness/deep-real-receipts,PENDING explicit candidate7 execution release; prepared decoder_runtime.py,UNVERIFIED,unverified,True,TK1-decoder-grammar-escaped-surrogate-move-replay,3.4 / 5 / 7 / 10,see named Stage1 sections,Valid ignored escaped-surrogate JSON preserves move-replay semantics.,systems-engineer
1,"1,2,3,4",systems-engineer,independent-verifier,PENDING_NAMED_CANDIDATE,"independent raw HTTP, inductive deep grammar and shallow exact-value oracle",decoder-strictness/deep-real-receipts,PENDING explicit candidate7 execution release; prepared decoder_runtime.py,UNVERIFIED,unverified,True,TK1-decoder-grammar-escaped-surrogate-cancel,3.4 / 5 / 7 / 10,see named Stage1 sections,Valid ignored escaped-surrogate JSON preserves cancel semantics.,systems-engineer
1,"1,2,3,4",systems-engineer,independent-verifier,PENDING_NAMED_CANDIDATE,"independent raw HTTP, inductive deep grammar and shallow exact-value oracle",decoder-strictness/deep-real-receipts,PENDING explicit candidate7 execution release; prepared decoder_runtime.py,UNVERIFIED,unverified,True,TK1-decoder-grammar-utf8-create,3.4 / 5 / 7 / 10,see named Stage1 sections,Valid ignored utf8 JSON preserves create semantics.,systems-engineer
1,"1,2,3,4",systems-engineer,independent-verifier,PENDING_NAMED_CANDIDATE,"independent raw HTTP, inductive deep grammar and shallow exact-value oracle",decoder-strictness/deep-real-receipts,PENDING explicit candidate7 execution release; prepared decoder_runtime.py,UNVERIFIED,unverified,True,TK1-decoder-grammar-utf8-replay,3.4 / 5 / 7 / 10,see named Stage1 sections,Valid ignored utf8 JSON preserves replay semantics.,systems-engineer
1,"1,2,3,4",systems-engineer,independent-verifier,PENDING_NAMED_CANDIDATE,"independent raw HTTP, inductive deep grammar and shallow exact-value oracle",decoder-strictness/deep-real-receipts,PENDING explicit candidate7 execution release; prepared decoder_runtime.py,UNVERIFIED,unverified,True,TK1-decoder-grammar-utf8-moves,3.4 / 5 / 7 / 10,see named Stage1 sections,Valid ignored utf8 JSON preserves moves semantics.,systems-engineer
1,"1,2,3,4",systems-engineer,independent-verifier,PENDING_NAMED_CANDIDATE,"independent raw HTTP, inductive deep grammar and shallow exact-value oracle",decoder-strictness/deep-real-receipts,PENDING explicit candidate7 execution release; prepared decoder_runtime.py,UNVERIFIED,unverified,True,TK1-decoder-grammar-utf8-move-replay,3.4 / 5 / 7 / 10,see named Stage1 sections,Valid ignored utf8 JSON preserves move-replay semantics.,systems-engineer
1,"1,2,3,4",systems-engineer,independent-verifier,PENDING_NAMED_CANDIDATE,"independent raw HTTP, inductive deep grammar and shallow exact-value oracle",decoder-strictness/deep-real-receipts,PENDING explicit candidate7 execution release; prepared decoder_runtime.py,UNVERIFIED,unverified,True,TK1-decoder-grammar-utf8-cancel,3.4 / 5 / 7 / 10,see named Stage1 sections,Valid ignored utf8 JSON preserves cancel semantics.,systems-engineer
1,"1,2,3,4",systems-engineer,independent-verifier,PENDING_NAMED_CANDIDATE,"independent raw HTTP, inductive deep grammar and shallow exact-value oracle",decoder-strictness/deep-real-receipts,PENDING explicit candidate7 execution release; prepared decoder_runtime.py,UNVERIFIED,unverified,True,TK1-decoder-grammar-mixed-containers-create,3.4 / 5 / 7 / 10,see named Stage1 sections,Valid ignored mixed-containers JSON preserves create semantics.,systems-engineer
1,"1,2,3,4",systems-engineer,independent-verifier,PENDING_NAMED_CANDIDATE,"independent raw HTTP, inductive deep grammar and shallow exact-value oracle",decoder-strictness/deep-real-receipts,PENDING explicit candidate7 execution release; prepared decoder_runtime.py,UNVERIFIED,unverified,True,TK1-decoder-grammar-mixed-containers-replay,3.4 / 5 / 7 / 10,see named Stage1 sections,Valid ignored mixed-containers JSON preserves replay semantics.,systems-engineer
1,"1,2,3,4",systems-engineer,independent-verifier,PENDING_NAMED_CANDIDATE,"independent raw HTTP, inductive deep grammar and shallow exact-value oracle",decoder-strictness/deep-real-receipts,PENDING explicit candidate7 execution release; prepared decoder_runtime.py,UNVERIFIED,unverified,True,TK1-decoder-grammar-mixed-containers-moves,3.4 / 5 / 7 / 10,see named Stage1 sections,Valid ignored mixed-containers JSON preserves moves semantics.,systems-engineer
1,"1,2,3,4",systems-engineer,independent-verifier,PENDING_NAMED_CANDIDATE,"independent raw HTTP, inductive deep grammar and shallow exact-value oracle",decoder-strictness/deep-real-receipts,PENDING explicit candidate7 execution release; prepared decoder_runtime.py,UNVERIFIED,unverified,True,TK1-decoder-grammar-mixed-containers-move-replay,3.4 / 5 / 7 / 10,see named Stage1 sections,Valid ignored mixed-containers JSON preserves move-replay semantics.,systems-engineer
1,"1,2,3,4",systems-engineer,independent-verifier,PENDING_NAMED_CANDIDATE,"independent raw HTTP, inductive deep grammar and shallow exact-value oracle",decoder-strictness/deep-real-receipts,PENDING explicit candidate7 execution release; prepared decoder_runtime.py,UNVERIFIED,unverified,True,TK1-decoder-grammar-mixed-containers-cancel,3.4 / 5 / 7 / 10,see named Stage1 sections,Valid ignored mixed-containers JSON preserves cancel semantics.,systems-engineer
1,"1,2,3,4",systems-engineer,independent-verifier,PENDING_NAMED_CANDIDATE,"independent raw HTTP, inductive deep grammar and shallow exact-value oracle",decoder-strictness/deep-real-receipts,PENDING explicit candidate7 execution release; prepared decoder_runtime.py,UNVERIFIED,unverified,True,TK1-decoder-grammar-json-whitespace-create,3.4 / 5 / 7 / 10,see named Stage1 sections,Valid ignored json-whitespace JSON preserves create semantics.,systems-engineer
1,"1,2,3,4",systems-engineer,independent-verifier,PENDING_NAMED_CANDIDATE,"independent raw HTTP, inductive deep grammar and shallow exact-value oracle",decoder-strictness/deep-real-receipts,PENDING explicit candidate7 execution release; prepared decoder_runtime.py,UNVERIFIED,unverified,True,TK1-decoder-grammar-json-whitespace-replay,3.4 / 5 / 7 / 10,see named Stage1 sections,Valid ignored json-whitespace JSON preserves replay semantics.,systems-engineer
1,"1,2,3,4",systems-engineer,independent-verifier,PENDING_NAMED_CANDIDATE,"independent raw HTTP, inductive deep grammar and shallow exact-value oracle",decoder-strictness/deep-real-receipts,PENDING explicit candidate7 execution release; prepared decoder_runtime.py,UNVERIFIED,unverified,True,TK1-decoder-grammar-json-whitespace-moves,3.4 / 5 / 7 / 10,see named Stage1 sections,Valid ignored json-whitespace JSON preserves moves semantics.,systems-engineer
1,"1,2,3,4",systems-engineer,independent-verifier,PENDING_NAMED_CANDIDATE,"independent raw HTTP, inductive deep grammar and shallow exact-value oracle",decoder-strictness/deep-real-receipts,PENDING explicit candidate7 execution release; prepared decoder_runtime.py,UNVERIFIED,unverified,True,TK1-decoder-grammar-json-whitespace-move-replay,3.4 / 5 / 7 / 10,see named Stage1 sections,Valid ignored json-whitespace JSON preserves move-replay semantics.,systems-engineer
1,"1,2,3,4",systems-engineer,independent-verifier,PENDING_NAMED_CANDIDATE,"independent raw HTTP, inductive deep grammar and shallow exact-value oracle",decoder-strictness/deep-real-receipts,PENDING explicit candidate7 execution release; prepared decoder_runtime.py,UNVERIFIED,unverified,True,TK1-decoder-grammar-json-whitespace-cancel,3.4 / 5 / 7 / 10,see named Stage1 sections,Valid ignored json-whitespace JSON preserves cancel semantics.,systems-engineer
1,"1,2,3,4",systems-engineer,independent-verifier,PENDING_NAMED_CANDIDATE,"independent raw HTTP, inductive deep grammar and shallow exact-value oracle",decoder-strictness/deep-real-receipts,PENDING explicit candidate7 execution release; prepared decoder_runtime.py,UNVERIFIED,unverified,True,TK1-decoder-grammar-number-looking-string-create,3.4 / 5 / 7 / 10,see named Stage1 sections,Valid ignored number-looking-string JSON preserves create semantics.,systems-engineer
1,"1,2,3,4",systems-engineer,independent-verifier,PENDING_NAMED_CANDIDATE,"independent raw HTTP, inductive deep grammar and shallow exact-value oracle",decoder-strictness/deep-real-receipts,PENDING explicit candidate7 execution release; prepared decoder_runtime.py,UNVERIFIED,unverified,True,TK1-decoder-grammar-number-looking-string-replay,3.4 / 5 / 7 / 10,see named Stage1 sections,Valid ignored number-looking-string JSON preserves replay semantics.,systems-engineer
1,"1,2,3,4",systems-engineer,independent-verifier,PENDING_NAMED_CANDIDATE,"independent raw HTTP, inductive deep grammar and shallow exact-value oracle",decoder-strictness/deep-real-receipts,PENDING explicit candidate7 execution release; prepared decoder_runtime.py,UNVERIFIED,unverified,True,TK1-decoder-grammar-number-looking-string-moves,3.4 / 5 / 7 / 10,see named Stage1 sections,Valid ignored number-looking-string JSON preserves moves semantics.,systems-engineer
1,"1,2,3,4",systems-engineer,independent-verifier,PENDING_NAMED_CANDIDATE,"independent raw HTTP, inductive deep grammar and shallow exact-value oracle",decoder-strictness/deep-real-receipts,PENDING explicit candidate7 execution release; prepared decoder_runtime.py,UNVERIFIED,unverified,True,TK1-decoder-grammar-number-looking-string-move-replay,3.4 / 5 / 7 / 10,see named Stage1 sections,Valid ignored number-looking-string JSON preserves move-replay semantics.,systems-engineer
1,"1,2,3,4",systems-engineer,independent-verifier,PENDING_NAMED_CANDIDATE,"independent raw HTTP, inductive deep grammar and shallow exact-value oracle",decoder-strictness/deep-real-receipts,PENDING explicit candidate7 execution release; prepared decoder_runtime.py,UNVERIFIED,unverified,True,TK1-decoder-grammar-number-looking-string-cancel,3.4 / 5 / 7 / 10,see named Stage1 sections,Valid ignored number-looking-string JSON preserves cancel semantics.,systems-engineer
1,"1,2,3,4",systems-engineer,independent-verifier,PENDING_NAMED_CANDIDATE,"independent raw HTTP, inductive deep grammar and shallow exact-value oracle",decoder-strictness/deep-real-receipts,PENDING explicit candidate7 execution release; prepared decoder_runtime.py,UNVERIFIED,unverified,True,TK1-decoder-grammar-escaped-key-create,3.4 / 5 / 7 / 10,see named Stage1 sections,Valid ignored escaped-key JSON preserves create semantics.,systems-engineer
1,"1,2,3,4",systems-engineer,independent-verifier,PENDING_NAMED_CANDIDATE,"independent raw HTTP, inductive deep grammar and shallow exact-value oracle",decoder-strictness/deep-real-receipts,PENDING explicit candidate7 execution release; prepared decoder_runtime.py,UNVERIFIED,unverified,True,TK1-decoder-grammar-escaped-key-replay,3.4 / 5 / 7 / 10,see named Stage1 sections,Valid ignored escaped-key JSON preserves replay semantics.,systems-engineer
1,"1,2,3,4",systems-engineer,independent-verifier,PENDING_NAMED_CANDIDATE,"independent raw HTTP, inductive deep grammar and shallow exact-value oracle",decoder-strictness/deep-real-receipts,PENDING explicit candidate7 execution release; prepared decoder_runtime.py,UNVERIFIED,unverified,True,TK1-decoder-grammar-escaped-key-moves,3.4 / 5 / 7 / 10,see named Stage1 sections,Valid ignored escaped-key JSON preserves moves semantics.,systems-engineer
1,"1,2,3,4",systems-engineer,independent-verifier,PENDING_NAMED_CANDIDATE,"independent raw HTTP, inductive deep grammar and shallow exact-value oracle",decoder-strictness/deep-real-receipts,PENDING explicit candidate7 execution release; prepared decoder_runtime.py,UNVERIFIED,unverified,True,TK1-decoder-grammar-escaped-key-move-replay,3.4 / 5 / 7 / 10,see named Stage1 sections,Valid ignored escaped-key JSON preserves move-replay semantics.,systems-engineer
1,"1,2,3,4",systems-engineer,independent-verifier,PENDING_NAMED_CANDIDATE,"independent raw HTTP, inductive deep grammar and shallow exact-value oracle",decoder-strictness/deep-real-receipts,PENDING explicit candidate7 execution release; prepared decoder_runtime.py,UNVERIFIED,unverified,True,TK1-decoder-grammar-escaped-key-cancel,3.4 / 5 / 7 / 10,see named Stage1 sections,Valid ignored escaped-key JSON preserves cancel semantics.,systems-engineer
1,"1,2,3,4",interface-engineer,independent-verifier,PENDING_NAMED_CANDIDATE,"independent raw HTTP, inductive deep grammar and shallow exact-value oracle",decoder-strictness/deep-real-receipts,PENDING explicit candidate7 execution release; prepared decoder_runtime.py,UNVERIFIED,unverified,True,TK1-decoder-grammar-only-whitespace-reset,3.4 / 5,see named Stage1 sections,Malformed only-whitespace gives400 malformed_request on reset before endpoint/auth checks.,interface-engineer
1,"1,2,3,4",interface-engineer,independent-verifier,PENDING_NAMED_CANDIDATE,"independent raw HTTP, inductive deep grammar and shallow exact-value oracle",decoder-strictness/deep-real-receipts,PENDING explicit candidate7 execution release; prepared decoder_runtime.py,UNVERIFIED,unverified,True,TK1-decoder-grammar-only-whitespace-signup,3.4 / 5,see named Stage1 sections,Malformed only-whitespace gives400 malformed_request on signup before endpoint/auth checks.,interface-engineer
1,"1,2,3,4",interface-engineer,independent-verifier,PENDING_NAMED_CANDIDATE,"independent raw HTTP, inductive deep grammar and shallow exact-value oracle",decoder-strictness/deep-real-receipts,PENDING explicit candidate7 execution release; prepared decoder_runtime.py,UNVERIFIED,unverified,True,TK1-decoder-grammar-only-whitespace-login,3.4 / 5,see named Stage1 sections,Malformed only-whitespace gives400 malformed_request on login before endpoint/auth checks.,interface-engineer
1,"1,2,3,4",interface-engineer,independent-verifier,PENDING_NAMED_CANDIDATE,"independent raw HTTP, inductive deep grammar and shallow exact-value oracle",decoder-strictness/deep-real-receipts,PENDING explicit candidate7 execution release; prepared decoder_runtime.py,UNVERIFIED,unverified,True,TK1-decoder-grammar-only-whitespace-create,3.4 / 5,see named Stage1 sections,Malformed only-whitespace gives400 malformed_request on create before endpoint/auth checks.,interface-engineer
1,"1,2,3,4",interface-engineer,independent-verifier,PENDING_NAMED_CANDIDATE,"independent raw HTTP, inductive deep grammar and shallow exact-value oracle",decoder-strictness/deep-real-receipts,PENDING explicit candidate7 execution release; prepared decoder_runtime.py,UNVERIFIED,unverified,True,TK1-decoder-grammar-only-whitespace-moves,3.4 / 5,see named Stage1 sections,Malformed only-whitespace gives400 malformed_request on moves before endpoint/auth checks.,interface-engineer
1,"1,2,3,4",interface-engineer,independent-verifier,PENDING_NAMED_CANDIDATE,"independent raw HTTP, inductive deep grammar and shallow exact-value oracle",decoder-strictness/deep-real-receipts,PENDING explicit candidate7 execution release; prepared decoder_runtime.py,UNVERIFIED,unverified,True,TK1-decoder-grammar-only-whitespace-patch,3.4 / 5,see named Stage1 sections,Malformed only-whitespace gives400 malformed_request on patch before endpoint/auth checks.,interface-engineer
1,"1,2,3,4",interface-engineer,independent-verifier,PENDING_NAMED_CANDIDATE,"independent raw HTTP, inductive deep grammar and shallow exact-value oracle",decoder-strictness/deep-real-receipts,PENDING explicit candidate7 execution release; prepared decoder_runtime.py,UNVERIFIED,unverified,True,TK1-decoder-grammar-only-whitespace-import,3.4 / 5,see named Stage1 sections,Malformed only-whitespace gives400 malformed_request on import before endpoint/auth checks.,interface-engineer
1,"1,2,3,4",systems-engineer,independent-verifier,PENDING_NAMED_CANDIDATE,"independent raw HTTP, inductive deep grammar and shallow exact-value oracle",decoder-strictness/deep-real-receipts,PENDING explicit candidate7 execution release; prepared decoder_runtime.py,UNVERIFIED,unverified,True,TK1-decoder-grammar-only-whitespace-atomic,1 / 7 / 10,see named Stage1 sections,"Malformed requests preserve all current records, sessions and keys.",systems-engineer
1,"1,2,3,4",interface-engineer,independent-verifier,PENDING_NAMED_CANDIDATE,"independent raw HTTP, inductive deep grammar and shallow exact-value oracle",decoder-strictness/deep-real-receipts,PENDING explicit candidate7 execution release; prepared decoder_runtime.py,UNVERIFIED,unverified,True,TK1-decoder-grammar-utf16-reset,3.4 / 5,see named Stage1 sections,Malformed utf16 gives400 malformed_request on reset before endpoint/auth checks.,interface-engineer
1,"1,2,3,4",interface-engineer,independent-verifier,PENDING_NAMED_CANDIDATE,"independent raw HTTP, inductive deep grammar and shallow exact-value oracle",decoder-strictness/deep-real-receipts,PENDING explicit candidate7 execution release; prepared decoder_runtime.py,UNVERIFIED,unverified,True,TK1-decoder-grammar-utf16-signup,3.4 / 5,see named Stage1 sections,Malformed utf16 gives400 malformed_request on signup before endpoint/auth checks.,interface-engineer
1,"1,2,3,4",interface-engineer,independent-verifier,PENDING_NAMED_CANDIDATE,"independent raw HTTP, inductive deep grammar and shallow exact-value oracle",decoder-strictness/deep-real-receipts,PENDING explicit candidate7 execution release; prepared decoder_runtime.py,UNVERIFIED,unverified,True,TK1-decoder-grammar-utf16-login,3.4 / 5,see named Stage1 sections,Malformed utf16 gives400 malformed_request on login before endpoint/auth checks.,interface-engineer
1,"1,2,3,4",interface-engineer,independent-verifier,PENDING_NAMED_CANDIDATE,"independent raw HTTP, inductive deep grammar and shallow exact-value oracle",decoder-strictness/deep-real-receipts,PENDING explicit candidate7 execution release; prepared decoder_runtime.py,UNVERIFIED,unverified,True,TK1-decoder-grammar-utf16-create,3.4 / 5,see named Stage1 sections,Malformed utf16 gives400 malformed_request on create before endpoint/auth checks.,interface-engineer
1,"1,2,3,4",interface-engineer,independent-verifier,PENDING_NAMED_CANDIDATE,"independent raw HTTP, inductive deep grammar and shallow exact-value oracle",decoder-strictness/deep-real-receipts,PENDING explicit candidate7 execution release; prepared decoder_runtime.py,UNVERIFIED,unverified,True,TK1-decoder-grammar-utf16-moves,3.4 / 5,see named Stage1 sections,Malformed utf16 gives400 malformed_request on moves before endpoint/auth checks.,interface-engineer
1,"1,2,3,4",interface-engineer,independent-verifier,PENDING_NAMED_CANDIDATE,"independent raw HTTP, inductive deep grammar and shallow exact-value oracle",decoder-strictness/deep-real-receipts,PENDING explicit candidate7 execution release; prepared decoder_runtime.py,UNVERIFIED,unverified,True,TK1-decoder-grammar-utf16-patch,3.4 / 5,see named Stage1 sections,Malformed utf16 gives400 malformed_request on patch before endpoint/auth checks.,interface-engineer
1,"1,2,3,4",interface-engineer,independent-verifier,PENDING_NAMED_CANDIDATE,"independent raw HTTP, inductive deep grammar and shallow exact-value oracle",decoder-strictness/deep-real-receipts,PENDING explicit candidate7 execution release; prepared decoder_runtime.py,UNVERIFIED,unverified,True,TK1-decoder-grammar-utf16-import,3.4 / 5,see named Stage1 sections,Malformed utf16 gives400 malformed_request on import before endpoint/auth checks.,interface-engineer
1,"1,2,3,4",systems-engineer,independent-verifier,PENDING_NAMED_CANDIDATE,"independent raw HTTP, inductive deep grammar and shallow exact-value oracle",decoder-strictness/deep-real-receipts,PENDING explicit candidate7 execution release; prepared decoder_runtime.py,UNVERIFIED,unverified,True,TK1-decoder-grammar-utf16-atomic,1 / 7 / 10,see named Stage1 sections,"Malformed requests preserve all current records, sessions and keys.",systems-engineer
1,"1,2,3,4",interface-engineer,independent-verifier,PENDING_NAMED_CANDIDATE,"independent raw HTTP, inductive deep grammar and shallow exact-value oracle",decoder-strictness/deep-real-receipts,PENDING explicit candidate7 execution release; prepared decoder_runtime.py,UNVERIFIED,unverified,True,TK1-decoder-grammar-invalid-utf8-reset,3.4 / 5,see named Stage1 sections,Malformed invalid-utf8 gives400 malformed_request on reset before endpoint/auth checks.,interface-engineer
1,"1,2,3,4",interface-engineer,independent-verifier,PENDING_NAMED_CANDIDATE,"independent raw HTTP, inductive deep grammar and shallow exact-value oracle",decoder-strictness/deep-real-receipts,PENDING explicit candidate7 execution release; prepared decoder_runtime.py,UNVERIFIED,unverified,True,TK1-decoder-grammar-invalid-utf8-signup,3.4 / 5,see named Stage1 sections,Malformed invalid-utf8 gives400 malformed_request on signup before endpoint/auth checks.,interface-engineer
1,"1,2,3,4",interface-engineer,independent-verifier,PENDING_NAMED_CANDIDATE,"independent raw HTTP, inductive deep grammar and shallow exact-value oracle",decoder-strictness/deep-real-receipts,PENDING explicit candidate7 execution release; prepared decoder_runtime.py,UNVERIFIED,unverified,True,TK1-decoder-grammar-invalid-utf8-login,3.4 / 5,see named Stage1 sections,Malformed invalid-utf8 gives400 malformed_request on login before endpoint/auth checks.,interface-engineer
1,"1,2,3,4",interface-engineer,independent-verifier,PENDING_NAMED_CANDIDATE,"independent raw HTTP, inductive deep grammar and shallow exact-value oracle",decoder-strictness/deep-real-receipts,PENDING explicit candidate7 execution release; prepared decoder_runtime.py,UNVERIFIED,unverified,True,TK1-decoder-grammar-invalid-utf8-create,3.4 / 5,see named Stage1 sections,Malformed invalid-utf8 gives400 malformed_request on create before endpoint/auth checks.,interface-engineer
1,"1,2,3,4",interface-engineer,independent-verifier,PENDING_NAMED_CANDIDATE,"independent raw HTTP, inductive deep grammar and shallow exact-value oracle",decoder-strictness/deep-real-receipts,PENDING explicit candidate7 execution release; prepared decoder_runtime.py,UNVERIFIED,unverified,True,TK1-decoder-grammar-invalid-utf8-moves,3.4 / 5,see named Stage1 sections,Malformed invalid-utf8 gives400 malformed_request on moves before endpoint/auth checks.,interface-engineer
1,"1,2,3,4",interface-engineer,independent-verifier,PENDING_NAMED_CANDIDATE,"independent raw HTTP, inductive deep grammar and shallow exact-value oracle",decoder-strictness/deep-real-receipts,PENDING explicit candidate7 execution release; prepared decoder_runtime.py,UNVERIFIED,unverified,True,TK1-decoder-grammar-invalid-utf8-patch,3.4 / 5,see named Stage1 sections,Malformed invalid-utf8 gives400 malformed_request on patch before endpoint/auth checks.,interface-engineer
1,"1,2,3,4",interface-engineer,independent-verifier,PENDING_NAMED_CANDIDATE,"independent raw HTTP, inductive deep grammar and shallow exact-value oracle",decoder-strictness/deep-real-receipts,PENDING explicit candidate7 execution release; prepared decoder_runtime.py,UNVERIFIED,unverified,True,TK1-decoder-grammar-invalid-utf8-import,3.4 / 5,see named Stage1 sections,Malformed invalid-utf8 gives400 malformed_request on import before endpoint/auth checks.,interface-engineer
1,"1,2,3,4",systems-engineer,independent-verifier,PENDING_NAMED_CANDIDATE,"independent raw HTTP, inductive deep grammar and shallow exact-value oracle",decoder-strictness/deep-real-receipts,PENDING explicit candidate7 execution release; prepared decoder_runtime.py,UNVERIFIED,unverified,True,TK1-decoder-grammar-invalid-utf8-atomic,1 / 7 / 10,see named Stage1 sections,"Malformed requests preserve all current records, sessions and keys.",systems-engineer
1,"1,2,3,4",interface-engineer,independent-verifier,PENDING_NAMED_CANDIDATE,"independent raw HTTP, inductive deep grammar and shallow exact-value oracle",decoder-strictness/deep-real-receipts,PENDING explicit candidate7 execution release; prepared decoder_runtime.py,UNVERIFIED,unverified,True,TK1-decoder-grammar-overlong-utf8-reset,3.4 / 5,see named Stage1 sections,Malformed overlong-utf8 gives400 malformed_request on reset before endpoint/auth checks.,interface-engineer
1,"1,2,3,4",interface-engineer,independent-verifier,PENDING_NAMED_CANDIDATE,"independent raw HTTP, inductive deep grammar and shallow exact-value oracle",decoder-strictness/deep-real-receipts,PENDING explicit candidate7 execution release; prepared decoder_runtime.py,UNVERIFIED,unverified,True,TK1-decoder-grammar-overlong-utf8-signup,3.4 / 5,see named Stage1 sections,Malformed overlong-utf8 gives400 malformed_request on signup before endpoint/auth checks.,interface-engineer
1,"1,2,3,4",interface-engineer,independent-verifier,PENDING_NAMED_CANDIDATE,"independent raw HTTP, inductive deep grammar and shallow exact-value oracle",decoder-strictness/deep-real-receipts,PENDING explicit candidate7 execution release; prepared decoder_runtime.py,UNVERIFIED,unverified,True,TK1-decoder-grammar-overlong-utf8-login,3.4 / 5,see named Stage1 sections,Malformed overlong-utf8 gives400 malformed_request on login before endpoint/auth checks.,interface-engineer
1,"1,2,3,4",interface-engineer,independent-verifier,PENDING_NAMED_CANDIDATE,"independent raw HTTP, inductive deep grammar and shallow exact-value oracle",decoder-strictness/deep-real-receipts,PENDING explicit candidate7 execution release; prepared decoder_runtime.py,UNVERIFIED,unverified,True,TK1-decoder-grammar-overlong-utf8-create,3.4 / 5,see named Stage1 sections,Malformed overlong-utf8 gives400 malformed_request on create before endpoint/auth checks.,interface-engineer
1,"1,2,3,4",interface-engineer,independent-verifier,PENDING_NAMED_CANDIDATE,"independent raw HTTP, inductive deep grammar and shallow exact-value oracle",decoder-strictness/deep-real-receipts,PENDING explicit candidate7 execution release; prepared decoder_runtime.py,UNVERIFIED,unverified,True,TK1-decoder-grammar-overlong-utf8-moves,3.4 / 5,see named Stage1 sections,Malformed overlong-utf8 gives400 malformed_request on moves before endpoint/auth checks.,interface-engineer
1,"1,2,3,4",interface-engineer,independent-verifier,PENDING_NAMED_CANDIDATE,"independent raw HTTP, inductive deep grammar and shallow exact-value oracle",decoder-strictness/deep-real-receipts,PENDING explicit candidate7 execution release; prepared decoder_runtime.py,UNVERIFIED,unverified,True,TK1-decoder-grammar-overlong-utf8-patch,3.4 / 5,see named Stage1 sections,Malformed overlong-utf8 gives400 malformed_request on patch before endpoint/auth checks.,interface-engineer
1,"1,2,3,4",interface-engineer,independent-verifier,PENDING_NAMED_CANDIDATE,"independent raw HTTP, inductive deep grammar and shallow exact-value oracle",decoder-strictness/deep-real-receipts,PENDING explicit candidate7 execution release; prepared decoder_runtime.py,UNVERIFIED,unverified,True,TK1-decoder-grammar-overlong-utf8-import,3.4 / 5,see named Stage1 sections,Malformed overlong-utf8 gives400 malformed_request on import before endpoint/auth checks.,interface-engineer
1,"1,2,3,4",systems-engineer,independent-verifier,PENDING_NAMED_CANDIDATE,"independent raw HTTP, inductive deep grammar and shallow exact-value oracle",decoder-strictness/deep-real-receipts,PENDING explicit candidate7 execution release; prepared decoder_runtime.py,UNVERIFIED,unverified,True,TK1-decoder-grammar-overlong-utf8-atomic,1 / 7 / 10,see named Stage1 sections,"Malformed requests preserve all current records, sessions and keys.",systems-engineer
1,"1,2,3,4",interface-engineer,independent-verifier,PENDING_NAMED_CANDIDATE,"independent raw HTTP, inductive deep grammar and shallow exact-value oracle",decoder-strictness/deep-real-receipts,PENDING explicit candidate7 execution release; prepared decoder_runtime.py,UNVERIFIED,unverified,True,TK1-decoder-grammar-utf8-surrogate-reset,3.4 / 5,see named Stage1 sections,Malformed utf8-surrogate gives400 malformed_request on reset before endpoint/auth checks.,interface-engineer
1,"1,2,3,4",interface-engineer,independent-verifier,PENDING_NAMED_CANDIDATE,"independent raw HTTP, inductive deep grammar and shallow exact-value oracle",decoder-strictness/deep-real-receipts,PENDING explicit candidate7 execution release; prepared decoder_runtime.py,UNVERIFIED,unverified,True,TK1-decoder-grammar-utf8-surrogate-signup,3.4 / 5,see named Stage1 sections,Malformed utf8-surrogate gives400 malformed_request on signup before endpoint/auth checks.,interface-engineer
1,"1,2,3,4",interface-engineer,independent-verifier,PENDING_NAMED_CANDIDATE,"independent raw HTTP, inductive deep grammar and shallow exact-value oracle",decoder-strictness/deep-real-receipts,PENDING explicit candidate7 execution release; prepared decoder_runtime.py,UNVERIFIED,unverified,True,TK1-decoder-grammar-utf8-surrogate-login,3.4 / 5,see named Stage1 sections,Malformed utf8-surrogate gives400 malformed_request on login before endpoint/auth checks.,interface-engineer
1,"1,2,3,4",interface-engineer,independent-verifier,PENDING_NAMED_CANDIDATE,"independent raw HTTP, inductive deep grammar and shallow exact-value oracle",decoder-strictness/deep-real-receipts,PENDING explicit candidate7 execution release; prepared decoder_runtime.py,UNVERIFIED,unverified,True,TK1-decoder-grammar-utf8-surrogate-create,3.4 / 5,see named Stage1 sections,Malformed utf8-surrogate gives400 malformed_request on create before endpoint/auth checks.,interface-engineer
1,"1,2,3,4",interface-engineer,independent-verifier,PENDING_NAMED_CANDIDATE,"independent raw HTTP, inductive deep grammar and shallow exact-value oracle",decoder-strictness/deep-real-receipts,PENDING explicit candidate7 execution release; prepared decoder_runtime.py,UNVERIFIED,unverified,True,TK1-decoder-grammar-utf8-surrogate-moves,3.4 / 5,see named Stage1 sections,Malformed utf8-surrogate gives400 malformed_request on moves before endpoint/auth checks.,interface-engineer
1,"1,2,3,4",interface-engineer,independent-verifier,PENDING_NAMED_CANDIDATE,"independent raw HTTP, inductive deep grammar and shallow exact-value oracle",decoder-strictness/deep-real-receipts,PENDING explicit candidate7 execution release; prepared decoder_runtime.py,UNVERIFIED,unverified,True,TK1-decoder-grammar-utf8-surrogate-patch,3.4 / 5,see named Stage1 sections,Malformed utf8-surrogate gives400 malformed_request on patch before endpoint/auth checks.,interface-engineer
1,"1,2,3,4",interface-engineer,independent-verifier,PENDING_NAMED_CANDIDATE,"independent raw HTTP, inductive deep grammar and shallow exact-value oracle",decoder-strictness/deep-real-receipts,PENDING explicit candidate7 execution release; prepared decoder_runtime.py,UNVERIFIED,unverified,True,TK1-decoder-grammar-utf8-surrogate-import,3.4 / 5,see named Stage1 sections,Malformed utf8-surrogate gives400 malformed_request on import before endpoint/auth checks.,interface-engineer
1,"1,2,3,4",systems-engineer,independent-verifier,PENDING_NAMED_CANDIDATE,"independent raw HTTP, inductive deep grammar and shallow exact-value oracle",decoder-strictness/deep-real-receipts,PENDING explicit candidate7 execution release; prepared decoder_runtime.py,UNVERIFIED,unverified,True,TK1-decoder-grammar-utf8-surrogate-atomic,1 / 7 / 10,see named Stage1 sections,"Malformed requests preserve all current records, sessions and keys.",systems-engineer
1,"1,2,3,4",interface-engineer,independent-verifier,PENDING_NAMED_CANDIDATE,"independent raw HTTP, inductive deep grammar and shallow exact-value oracle",decoder-strictness/deep-real-receipts,PENDING explicit candidate7 execution release; prepared decoder_runtime.py,UNVERIFIED,unverified,True,TK1-decoder-grammar-unclosed-string-reset,3.4 / 5,see named Stage1 sections,Malformed unclosed-string gives400 malformed_request on reset before endpoint/auth checks.,interface-engineer
1,"1,2,3,4",interface-engineer,independent-verifier,PENDING_NAMED_CANDIDATE,"independent raw HTTP, inductive deep grammar and shallow exact-value oracle",decoder-strictness/deep-real-receipts,PENDING explicit candidate7 execution release; prepared decoder_runtime.py,UNVERIFIED,unverified,True,TK1-decoder-grammar-unclosed-string-signup,3.4 / 5,see named Stage1 sections,Malformed unclosed-string gives400 malformed_request on signup before endpoint/auth checks.,interface-engineer
1,"1,2,3,4",interface-engineer,independent-verifier,PENDING_NAMED_CANDIDATE,"independent raw HTTP, inductive deep grammar and shallow exact-value oracle",decoder-strictness/deep-real-receipts,PENDING explicit candidate7 execution release; prepared decoder_runtime.py,UNVERIFIED,unverified,True,TK1-decoder-grammar-unclosed-string-login,3.4 / 5,see named Stage1 sections,Malformed unclosed-string gives400 malformed_request on login before endpoint/auth checks.,interface-engineer
1,"1,2,3,4",interface-engineer,independent-verifier,PENDING_NAMED_CANDIDATE,"independent raw HTTP, inductive deep grammar and shallow exact-value oracle",decoder-strictness/deep-real-receipts,PENDING explicit candidate7 execution release; prepared decoder_runtime.py,UNVERIFIED,unverified,True,TK1-decoder-grammar-unclosed-string-create,3.4 / 5,see named Stage1 sections,Malformed unclosed-string gives400 malformed_request on create before endpoint/auth checks.,interface-engineer
1,"1,2,3,4",interface-engineer,independent-verifier,PENDING_NAMED_CANDIDATE,"independent raw HTTP, inductive deep grammar and shallow exact-value oracle",decoder-strictness/deep-real-receipts,PENDING explicit candidate7 execution release; prepared decoder_runtime.py,UNVERIFIED,unverified,True,TK1-decoder-grammar-unclosed-string-moves,3.4 / 5,see named Stage1 sections,Malformed unclosed-string gives400 malformed_request on moves before endpoint/auth checks.,interface-engineer
1,"1,2,3,4",interface-engineer,independent-verifier,PENDING_NAMED_CANDIDATE,"independent raw HTTP, inductive deep grammar and shallow exact-value oracle",decoder-strictness/deep-real-receipts,PENDING explicit candidate7 execution release; prepared decoder_runtime.py,UNVERIFIED,unverified,True,TK1-decoder-grammar-unclosed-string-patch,3.4 / 5,see named Stage1 sections,Malformed unclosed-string gives400 malformed_request on patch before endpoint/auth checks.,interface-engineer
1,"1,2,3,4",interface-engineer,independent-verifier,PENDING_NAMED_CANDIDATE,"independent raw HTTP, inductive deep grammar and shallow exact-value oracle",decoder-strictness/deep-real-receipts,PENDING explicit candidate7 execution release; prepared decoder_runtime.py,UNVERIFIED,unverified,True,TK1-decoder-grammar-unclosed-string-import,3.4 / 5,see named Stage1 sections,Malformed unclosed-string gives400 malformed_request on import before endpoint/auth checks.,interface-engineer
1,"1,2,3,4",systems-engineer,independent-verifier,PENDING_NAMED_CANDIDATE,"independent raw HTTP, inductive deep grammar and shallow exact-value oracle",decoder-strictness/deep-real-receipts,PENDING explicit candidate7 execution release; prepared decoder_runtime.py,UNVERIFIED,unverified,True,TK1-decoder-grammar-unclosed-string-atomic,1 / 7 / 10,see named Stage1 sections,"Malformed requests preserve all current records, sessions and keys.",systems-engineer
1,"1,2,3,4",interface-engineer,independent-verifier,PENDING_NAMED_CANDIDATE,"independent raw HTTP, inductive deep grammar and shallow exact-value oracle",decoder-strictness/deep-real-receipts,PENDING explicit candidate7 execution release; prepared decoder_runtime.py,UNVERIFIED,unverified,True,TK1-decoder-grammar-unclosed-escape-reset,3.4 / 5,see named Stage1 sections,Malformed unclosed-escape gives400 malformed_request on reset before endpoint/auth checks.,interface-engineer
1,"1,2,3,4",interface-engineer,independent-verifier,PENDING_NAMED_CANDIDATE,"independent raw HTTP, inductive deep grammar and shallow exact-value oracle",decoder-strictness/deep-real-receipts,PENDING explicit candidate7 execution release; prepared decoder_runtime.py,UNVERIFIED,unverified,True,TK1-decoder-grammar-unclosed-escape-signup,3.4 / 5,see named Stage1 sections,Malformed unclosed-escape gives400 malformed_request on signup before endpoint/auth checks.,interface-engineer
1,"1,2,3,4",interface-engineer,independent-verifier,PENDING_NAMED_CANDIDATE,"independent raw HTTP, inductive deep grammar and shallow exact-value oracle",decoder-strictness/deep-real-receipts,PENDING explicit candidate7 execution release; prepared decoder_runtime.py,UNVERIFIED,unverified,True,TK1-decoder-grammar-unclosed-escape-login,3.4 / 5,see named Stage1 sections,Malformed unclosed-escape gives400 malformed_request on login before endpoint/auth checks.,interface-engineer
1,"1,2,3,4",interface-engineer,independent-verifier,PENDING_NAMED_CANDIDATE,"independent raw HTTP, inductive deep grammar and shallow exact-value oracle",decoder-strictness/deep-real-receipts,PENDING explicit candidate7 execution release; prepared decoder_runtime.py,UNVERIFIED,unverified,True,TK1-decoder-grammar-unclosed-escape-create,3.4 / 5,see named Stage1 sections,Malformed unclosed-escape gives400 malformed_request on create before endpoint/auth checks.,interface-engineer
1,"1,2,3,4",interface-engineer,independent-verifier,PENDING_NAMED_CANDIDATE,"independent raw HTTP, inductive deep grammar and shallow exact-value oracle",decoder-strictness/deep-real-receipts,PENDING explicit candidate7 execution release; prepared decoder_runtime.py,UNVERIFIED,unverified,True,TK1-decoder-grammar-unclosed-escape-moves,3.4 / 5,see named Stage1 sections,Malformed unclosed-escape gives400 malformed_request on moves before endpoint/auth checks.,interface-engineer
1,"1,2,3,4",interface-engineer,independent-verifier,PENDING_NAMED_CANDIDATE,"independent raw HTTP, inductive deep grammar and shallow exact-value oracle",decoder-strictness/deep-real-receipts,PENDING explicit candidate7 execution release; prepared decoder_runtime.py,UNVERIFIED,unverified,True,TK1-decoder-grammar-unclosed-escape-patch,3.4 / 5,see named Stage1 sections,Malformed unclosed-escape gives400 malformed_request on patch before endpoint/auth checks.,interface-engineer
1,"1,2,3,4",interface-engineer,independent-verifier,PENDING_NAMED_CANDIDATE,"independent raw HTTP, inductive deep grammar and shallow exact-value oracle",decoder-strictness/deep-real-receipts,PENDING explicit candidate7 execution release; prepared decoder_runtime.py,UNVERIFIED,unverified,True,TK1-decoder-grammar-unclosed-escape-import,3.4 / 5,see named Stage1 sections,Malformed unclosed-escape gives400 malformed_request on import before endpoint/auth checks.,interface-engineer
1,"1,2,3,4",systems-engineer,independent-verifier,PENDING_NAMED_CANDIDATE,"independent raw HTTP, inductive deep grammar and shallow exact-value oracle",decoder-strictness/deep-real-receipts,PENDING explicit candidate7 execution release; prepared decoder_runtime.py,UNVERIFIED,unverified,True,TK1-decoder-grammar-unclosed-escape-atomic,1 / 7 / 10,see named Stage1 sections,"Malformed requests preserve all current records, sessions and keys.",systems-engineer
1,"1,2,3,4",interface-engineer,independent-verifier,PENDING_NAMED_CANDIDATE,"independent raw HTTP, inductive deep grammar and shallow exact-value oracle",decoder-strictness/deep-real-receipts,PENDING explicit candidate7 execution release; prepared decoder_runtime.py,UNVERIFIED,unverified,True,TK1-decoder-grammar-bad-escape-reset,3.4 / 5,see named Stage1 sections,Malformed bad-escape gives400 malformed_request on reset before endpoint/auth checks.,interface-engineer
1,"1,2,3,4",interface-engineer,independent-verifier,PENDING_NAMED_CANDIDATE,"independent raw HTTP, inductive deep grammar and shallow exact-value oracle",decoder-strictness/deep-real-receipts,PENDING explicit candidate7 execution release; prepared decoder_runtime.py,UNVERIFIED,unverified,True,TK1-decoder-grammar-bad-escape-signup,3.4 / 5,see named Stage1 sections,Malformed bad-escape gives400 malformed_request on signup before endpoint/auth checks.,interface-engineer
1,"1,2,3,4",interface-engineer,independent-verifier,PENDING_NAMED_CANDIDATE,"independent raw HTTP, inductive deep grammar and shallow exact-value oracle",decoder-strictness/deep-real-receipts,PENDING explicit candidate7 execution release; prepared decoder_runtime.py,UNVERIFIED,unverified,True,TK1-decoder-grammar-bad-escape-login,3.4 / 5,see named Stage1 sections,Malformed bad-escape gives400 malformed_request on login before endpoint/auth checks.,interface-engineer
1,"1,2,3,4",interface-engineer,independent-verifier,PENDING_NAMED_CANDIDATE,"independent raw HTTP, inductive deep grammar and shallow exact-value oracle",decoder-strictness/deep-real-receipts,PENDING explicit candidate7 execution release; prepared decoder_runtime.py,UNVERIFIED,unverified,True,TK1-decoder-grammar-bad-escape-create,3.4 / 5,see named Stage1 sections,Malformed bad-escape gives400 malformed_request on create before endpoint/auth checks.,interface-engineer
1,"1,2,3,4",interface-engineer,independent-verifier,PENDING_NAMED_CANDIDATE,"independent raw HTTP, inductive deep grammar and shallow exact-value oracle",decoder-strictness/deep-real-receipts,PENDING explicit candidate7 execution release; prepared decoder_runtime.py,UNVERIFIED,unverified,True,TK1-decoder-grammar-bad-escape-moves,3.4 / 5,see named Stage1 sections,Malformed bad-escape gives400 malformed_request on moves before endpoint/auth checks.,interface-engineer
1,"1,2,3,4",interface-engineer,independent-verifier,PENDING_NAMED_CANDIDATE,"independent raw HTTP, inductive deep grammar and shallow exact-value oracle",decoder-strictness/deep-real-receipts,PENDING explicit candidate7 execution release; prepared decoder_runtime.py,UNVERIFIED,unverified,True,TK1-decoder-grammar-bad-escape-patch,3.4 / 5,see named Stage1 sections,Malformed bad-escape gives400 malformed_request on patch before endpoint/auth checks.,interface-engineer
1,"1,2,3,4",interface-engineer,independent-verifier,PENDING_NAMED_CANDIDATE,"independent raw HTTP, inductive deep grammar and shallow exact-value oracle",decoder-strictness/deep-real-receipts,PENDING explicit candidate7 execution release; prepared decoder_runtime.py,UNVERIFIED,unverified,True,TK1-decoder-grammar-bad-escape-import,3.4 / 5,see named Stage1 sections,Malformed bad-escape gives400 malformed_request on import before endpoint/auth checks.,interface-engineer
1,"1,2,3,4",systems-engineer,independent-verifier,PENDING_NAMED_CANDIDATE,"independent raw HTTP, inductive deep grammar and shallow exact-value oracle",decoder-strictness/deep-real-receipts,PENDING explicit candidate7 execution release; prepared decoder_runtime.py,UNVERIFIED,unverified,True,TK1-decoder-grammar-bad-escape-atomic,1 / 7 / 10,see named Stage1 sections,"Malformed requests preserve all current records, sessions and keys.",systems-engineer
1,"1,2,3,4",interface-engineer,independent-verifier,PENDING_NAMED_CANDIDATE,"independent raw HTTP, inductive deep grammar and shallow exact-value oracle",decoder-strictness/deep-real-receipts,PENDING explicit candidate7 execution release; prepared decoder_runtime.py,UNVERIFIED,unverified,True,TK1-decoder-grammar-unicode-short-reset,3.4 / 5,see named Stage1 sections,Malformed unicode-short gives400 malformed_request on reset before endpoint/auth checks.,interface-engineer
1,"1,2,3,4",interface-engineer,independent-verifier,PENDING_NAMED_CANDIDATE,"independent raw HTTP, inductive deep grammar and shallow exact-value oracle",decoder-strictness/deep-real-receipts,PENDING explicit candidate7 execution release; prepared decoder_runtime.py,UNVERIFIED,unverified,True,TK1-decoder-grammar-unicode-short-signup,3.4 / 5,see named Stage1 sections,Malformed unicode-short gives400 malformed_request on signup before endpoint/auth checks.,interface-engineer
1,"1,2,3,4",interface-engineer,independent-verifier,PENDING_NAMED_CANDIDATE,"independent raw HTTP, inductive deep grammar and shallow exact-value oracle",decoder-strictness/deep-real-receipts,PENDING explicit candidate7 execution release; prepared decoder_runtime.py,UNVERIFIED,unverified,True,TK1-decoder-grammar-unicode-short-login,3.4 / 5,see named Stage1 sections,Malformed unicode-short gives400 malformed_request on login before endpoint/auth checks.,interface-engineer
1,"1,2,3,4",interface-engineer,independent-verifier,PENDING_NAMED_CANDIDATE,"independent raw HTTP, inductive deep grammar and shallow exact-value oracle",decoder-strictness/deep-real-receipts,PENDING explicit candidate7 execution release; prepared decoder_runtime.py,UNVERIFIED,unverified,True,TK1-decoder-grammar-unicode-short-create,3.4 / 5,see named Stage1 sections,Malformed unicode-short gives400 malformed_request on create before endpoint/auth checks.,interface-engineer
1,"1,2,3,4",interface-engineer,independent-verifier,PENDING_NAMED_CANDIDATE,"independent raw HTTP, inductive deep grammar and shallow exact-value oracle",decoder-strictness/deep-real-receipts,PENDING explicit candidate7 execution release; prepared decoder_runtime.py,UNVERIFIED,unverified,True,TK1-decoder-grammar-unicode-short-moves,3.4 / 5,see named Stage1 sections,Malformed unicode-short gives400 malformed_request on moves before endpoint/auth checks.,interface-engineer
1,"1,2,3,4",interface-engineer,independent-verifier,PENDING_NAMED_CANDIDATE,"independent raw HTTP, inductive deep grammar and shallow exact-value oracle",decoder-strictness/deep-real-receipts,PENDING explicit candidate7 execution release; prepared decoder_runtime.py,UNVERIFIED,unverified,True,TK1-decoder-grammar-unicode-short-patch,3.4 / 5,see named Stage1 sections,Malformed unicode-short gives400 malformed_request on patch before endpoint/auth checks.,interface-engineer
1,"1,2,3,4",interface-engineer,independent-verifier,PENDING_NAMED_CANDIDATE,"independent raw HTTP, inductive deep grammar and shallow exact-value oracle",decoder-strictness/deep-real-receipts,PENDING explicit candidate7 execution release; prepared decoder_runtime.py,UNVERIFIED,unverified,True,TK1-decoder-grammar-unicode-short-import,3.4 / 5,see named Stage1 sections,Malformed unicode-short gives400 malformed_request on import before endpoint/auth checks.,interface-engineer
1,"1,2,3,4",systems-engineer,independent-verifier,PENDING_NAMED_CANDIDATE,"independent raw HTTP, inductive deep grammar and shallow exact-value oracle",decoder-strictness/deep-real-receipts,PENDING explicit candidate7 execution release; prepared decoder_runtime.py,UNVERIFIED,unverified,True,TK1-decoder-grammar-unicode-short-atomic,1 / 7 / 10,see named Stage1 sections,"Malformed requests preserve all current records, sessions and keys.",systems-engineer
1,"1,2,3,4",interface-engineer,independent-verifier,PENDING_NAMED_CANDIDATE,"independent raw HTTP, inductive deep grammar and shallow exact-value oracle",decoder-strictness/deep-real-receipts,PENDING explicit candidate7 execution release; prepared decoder_runtime.py,UNVERIFIED,unverified,True,TK1-decoder-grammar-unicode-nonhex-reset,3.4 / 5,see named Stage1 sections,Malformed unicode-nonhex gives400 malformed_request on reset before endpoint/auth checks.,interface-engineer
1,"1,2,3,4",interface-engineer,independent-verifier,PENDING_NAMED_CANDIDATE,"independent raw HTTP, inductive deep grammar and shallow exact-value oracle",decoder-strictness/deep-real-receipts,PENDING explicit candidate7 execution release; prepared decoder_runtime.py,UNVERIFIED,unverified,True,TK1-decoder-grammar-unicode-nonhex-signup,3.4 / 5,see named Stage1 sections,Malformed unicode-nonhex gives400 malformed_request on signup before endpoint/auth checks.,interface-engineer
1,"1,2,3,4",interface-engineer,independent-verifier,PENDING_NAMED_CANDIDATE,"independent raw HTTP, inductive deep grammar and shallow exact-value oracle",decoder-strictness/deep-real-receipts,PENDING explicit candidate7 execution release; prepared decoder_runtime.py,UNVERIFIED,unverified,True,TK1-decoder-grammar-unicode-nonhex-login,3.4 / 5,see named Stage1 sections,Malformed unicode-nonhex gives400 malformed_request on login before endpoint/auth checks.,interface-engineer
1,"1,2,3,4",interface-engineer,independent-verifier,PENDING_NAMED_CANDIDATE,"independent raw HTTP, inductive deep grammar and shallow exact-value oracle",decoder-strictness/deep-real-receipts,PENDING explicit candidate7 execution release; prepared decoder_runtime.py,UNVERIFIED,unverified,True,TK1-decoder-grammar-unicode-nonhex-create,3.4 / 5,see named Stage1 sections,Malformed unicode-nonhex gives400 malformed_request on create before endpoint/auth checks.,interface-engineer
1,"1,2,3,4",interface-engineer,independent-verifier,PENDING_NAMED_CANDIDATE,"independent raw HTTP, inductive deep grammar and shallow exact-value oracle",decoder-strictness/deep-real-receipts,PENDING explicit candidate7 execution release; prepared decoder_runtime.py,UNVERIFIED,unverified,True,TK1-decoder-grammar-unicode-nonhex-moves,3.4 / 5,see named Stage1 sections,Malformed unicode-nonhex gives400 malformed_request on moves before endpoint/auth checks.,interface-engineer
1,"1,2,3,4",interface-engineer,independent-verifier,PENDING_NAMED_CANDIDATE,"independent raw HTTP, inductive deep grammar and shallow exact-value oracle",decoder-strictness/deep-real-receipts,PENDING explicit candidate7 execution release; prepared decoder_runtime.py,UNVERIFIED,unverified,True,TK1-decoder-grammar-unicode-nonhex-patch,3.4 / 5,see named Stage1 sections,Malformed unicode-nonhex gives400 malformed_request on patch before endpoint/auth checks.,interface-engineer
1,"1,2,3,4",interface-engineer,independent-verifier,PENDING_NAMED_CANDIDATE,"independent raw HTTP, inductive deep grammar and shallow exact-value oracle",decoder-strictness/deep-real-receipts,PENDING explicit candidate7 execution release; prepared decoder_runtime.py,UNVERIFIED,unverified,True,TK1-decoder-grammar-unicode-nonhex-import,3.4 / 5,see named Stage1 sections,Malformed unicode-nonhex gives400 malformed_request on import before endpoint/auth checks.,interface-engineer
1,"1,2,3,4",systems-engineer,independent-verifier,PENDING_NAMED_CANDIDATE,"independent raw HTTP, inductive deep grammar and shallow exact-value oracle",decoder-strictness/deep-real-receipts,PENDING explicit candidate7 execution release; prepared decoder_runtime.py,UNVERIFIED,unverified,True,TK1-decoder-grammar-unicode-nonhex-atomic,1 / 7 / 10,see named Stage1 sections,"Malformed requests preserve all current records, sessions and keys.",systems-engineer
1,"1,2,3,4",interface-engineer,independent-verifier,PENDING_NAMED_CANDIDATE,"independent raw HTTP, inductive deep grammar and shallow exact-value oracle",decoder-strictness/deep-real-receipts,PENDING explicit candidate7 execution release; prepared decoder_runtime.py,UNVERIFIED,unverified,True,TK1-decoder-grammar-raw-nul-reset,3.4 / 5,see named Stage1 sections,Malformed raw-nul gives400 malformed_request on reset before endpoint/auth checks.,interface-engineer
1,"1,2,3,4",interface-engineer,independent-verifier,PENDING_NAMED_CANDIDATE,"independent raw HTTP, inductive deep grammar and shallow exact-value oracle",decoder-strictness/deep-real-receipts,PENDING explicit candidate7 execution release; prepared decoder_runtime.py,UNVERIFIED,unverified,True,TK1-decoder-grammar-raw-nul-signup,3.4 / 5,see named Stage1 sections,Malformed raw-nul gives400 malformed_request on signup before endpoint/auth checks.,interface-engineer
1,"1,2,3,4",interface-engineer,independent-verifier,PENDING_NAMED_CANDIDATE,"independent raw HTTP, inductive deep grammar and shallow exact-value oracle",decoder-strictness/deep-real-receipts,PENDING explicit candidate7 execution release; prepared decoder_runtime.py,UNVERIFIED,unverified,True,TK1-decoder-grammar-raw-nul-login,3.4 / 5,see named Stage1 sections,Malformed raw-nul gives400 malformed_request on login before endpoint/auth checks.,interface-engineer
1,"1,2,3,4",interface-engineer,independent-verifier,PENDING_NAMED_CANDIDATE,"independent raw HTTP, inductive deep grammar and shallow exact-value oracle",decoder-strictness/deep-real-receipts,PENDING explicit candidate7 execution release; prepared decoder_runtime.py,UNVERIFIED,unverified,True,TK1-decoder-grammar-raw-nul-create,3.4 / 5,see named Stage1 sections,Malformed raw-nul gives400 malformed_request on create before endpoint/auth checks.,interface-engineer
1,"1,2,3,4",interface-engineer,independent-verifier,PENDING_NAMED_CANDIDATE,"independent raw HTTP, inductive deep grammar and shallow exact-value oracle",decoder-strictness/deep-real-receipts,PENDING explicit candidate7 execution release; prepared decoder_runtime.py,UNVERIFIED,unverified,True,TK1-decoder-grammar-raw-nul-moves,3.4 / 5,see named Stage1 sections,Malformed raw-nul gives400 malformed_request on moves before endpoint/auth checks.,interface-engineer
1,"1,2,3,4",interface-engineer,independent-verifier,PENDING_NAMED_CANDIDATE,"independent raw HTTP, inductive deep grammar and shallow exact-value oracle",decoder-strictness/deep-real-receipts,PENDING explicit candidate7 execution release; prepared decoder_runtime.py,UNVERIFIED,unverified,True,TK1-decoder-grammar-raw-nul-patch,3.4 / 5,see named Stage1 sections,Malformed raw-nul gives400 malformed_request on patch before endpoint/auth checks.,interface-engineer
1,"1,2,3,4",interface-engineer,independent-verifier,PENDING_NAMED_CANDIDATE,"independent raw HTTP, inductive deep grammar and shallow exact-value oracle",decoder-strictness/deep-real-receipts,PENDING explicit candidate7 execution release; prepared decoder_runtime.py,UNVERIFIED,unverified,True,TK1-decoder-grammar-raw-nul-import,3.4 / 5,see named Stage1 sections,Malformed raw-nul gives400 malformed_request on import before endpoint/auth checks.,interface-engineer
1,"1,2,3,4",systems-engineer,independent-verifier,PENDING_NAMED_CANDIDATE,"independent raw HTTP, inductive deep grammar and shallow exact-value oracle",decoder-strictness/deep-real-receipts,PENDING explicit candidate7 execution release; prepared decoder_runtime.py,UNVERIFIED,unverified,True,TK1-decoder-grammar-raw-nul-atomic,1 / 7 / 10,see named Stage1 sections,"Malformed requests preserve all current records, sessions and keys.",systems-engineer
1,"1,2,3,4",interface-engineer,independent-verifier,PENDING_NAMED_CANDIDATE,"independent raw HTTP, inductive deep grammar and shallow exact-value oracle",decoder-strictness/deep-real-receipts,PENDING explicit candidate7 execution release; prepared decoder_runtime.py,UNVERIFIED,unverified,True,TK1-decoder-grammar-raw-newline-reset,3.4 / 5,see named Stage1 sections,Malformed raw-newline gives400 malformed_request on reset before endpoint/auth checks.,interface-engineer
1,"1,2,3,4",interface-engineer,independent-verifier,PENDING_NAMED_CANDIDATE,"independent raw HTTP, inductive deep grammar and shallow exact-value oracle",decoder-strictness/deep-real-receipts,PENDING explicit candidate7 execution release; prepared decoder_runtime.py,UNVERIFIED,unverified,True,TK1-decoder-grammar-raw-newline-signup,3.4 / 5,see named Stage1 sections,Malformed raw-newline gives400 malformed_request on signup before endpoint/auth checks.,interface-engineer
1,"1,2,3,4",interface-engineer,independent-verifier,PENDING_NAMED_CANDIDATE,"independent raw HTTP, inductive deep grammar and shallow exact-value oracle",decoder-strictness/deep-real-receipts,PENDING explicit candidate7 execution release; prepared decoder_runtime.py,UNVERIFIED,unverified,True,TK1-decoder-grammar-raw-newline-login,3.4 / 5,see named Stage1 sections,Malformed raw-newline gives400 malformed_request on login before endpoint/auth checks.,interface-engineer
1,"1,2,3,4",interface-engineer,independent-verifier,PENDING_NAMED_CANDIDATE,"independent raw HTTP, inductive deep grammar and shallow exact-value oracle",decoder-strictness/deep-real-receipts,PENDING explicit candidate7 execution release; prepared decoder_runtime.py,UNVERIFIED,unverified,True,TK1-decoder-grammar-raw-newline-create,3.4 / 5,see named Stage1 sections,Malformed raw-newline gives400 malformed_request on create before endpoint/auth checks.,interface-engineer
1,"1,2,3,4",interface-engineer,independent-verifier,PENDING_NAMED_CANDIDATE,"independent raw HTTP, inductive deep grammar and shallow exact-value oracle",decoder-strictness/deep-real-receipts,PENDING explicit candidate7 execution release; prepared decoder_runtime.py,UNVERIFIED,unverified,True,TK1-decoder-grammar-raw-newline-moves,3.4 / 5,see named Stage1 sections,Malformed raw-newline gives400 malformed_request on moves before endpoint/auth checks.,interface-engineer
1,"1,2,3,4",interface-engineer,independent-verifier,PENDING_NAMED_CANDIDATE,"independent raw HTTP, inductive deep grammar and shallow exact-value oracle",decoder-strictness/deep-real-receipts,PENDING explicit candidate7 execution release; prepared decoder_runtime.py,UNVERIFIED,unverified,True,TK1-decoder-grammar-raw-newline-patch,3.4 / 5,see named Stage1 sections,Malformed raw-newline gives400 malformed_request on patch before endpoint/auth checks.,interface-engineer
1,"1,2,3,4",interface-engineer,independent-verifier,PENDING_NAMED_CANDIDATE,"independent raw HTTP, inductive deep grammar and shallow exact-value oracle",decoder-strictness/deep-real-receipts,PENDING explicit candidate7 execution release; prepared decoder_runtime.py,UNVERIFIED,unverified,True,TK1-decoder-grammar-raw-newline-import,3.4 / 5,see named Stage1 sections,Malformed raw-newline gives400 malformed_request on import before endpoint/auth checks.,interface-engineer
1,"1,2,3,4",systems-engineer,independent-verifier,PENDING_NAMED_CANDIDATE,"independent raw HTTP, inductive deep grammar and shallow exact-value oracle",decoder-strictness/deep-real-receipts,PENDING explicit candidate7 execution release; prepared decoder_runtime.py,UNVERIFIED,unverified,True,TK1-decoder-grammar-raw-newline-atomic,1 / 7 / 10,see named Stage1 sections,"Malformed requests preserve all current records, sessions and keys.",systems-engineer
1,"1,2,3,4",interface-engineer,independent-verifier,PENDING_NAMED_CANDIDATE,"independent raw HTTP, inductive deep grammar and shallow exact-value oracle",decoder-strictness/deep-real-receipts,PENDING explicit candidate7 execution release; prepared decoder_runtime.py,UNVERIFIED,unverified,True,TK1-decoder-grammar-raw-tab-reset,3.4 / 5,see named Stage1 sections,Malformed raw-tab gives400 malformed_request on reset before endpoint/auth checks.,interface-engineer
1,"1,2,3,4",interface-engineer,independent-verifier,PENDING_NAMED_CANDIDATE,"independent raw HTTP, inductive deep grammar and shallow exact-value oracle",decoder-strictness/deep-real-receipts,PENDING explicit candidate7 execution release; prepared decoder_runtime.py,UNVERIFIED,unverified,True,TK1-decoder-grammar-raw-tab-signup,3.4 / 5,see named Stage1 sections,Malformed raw-tab gives400 malformed_request on signup before endpoint/auth checks.,interface-engineer
1,"1,2,3,4",interface-engineer,independent-verifier,PENDING_NAMED_CANDIDATE,"independent raw HTTP, inductive deep grammar and shallow exact-value oracle",decoder-strictness/deep-real-receipts,PENDING explicit candidate7 execution release; prepared decoder_runtime.py,UNVERIFIED,unverified,True,TK1-decoder-grammar-raw-tab-login,3.4 / 5,see named Stage1 sections,Malformed raw-tab gives400 malformed_request on login before endpoint/auth checks.,interface-engineer
1,"1,2,3,4",interface-engineer,independent-verifier,PENDING_NAMED_CANDIDATE,"independent raw HTTP, inductive deep grammar and shallow exact-value oracle",decoder-strictness/deep-real-receipts,PENDING explicit candidate7 execution release; prepared decoder_runtime.py,UNVERIFIED,unverified,True,TK1-decoder-grammar-raw-tab-create,3.4 / 5,see named Stage1 sections,Malformed raw-tab gives400 malformed_request on create before endpoint/auth checks.,interface-engineer
1,"1,2,3,4",interface-engineer,independent-verifier,PENDING_NAMED_CANDIDATE,"independent raw HTTP, inductive deep grammar and shallow exact-value oracle",decoder-strictness/deep-real-receipts,PENDING explicit candidate7 execution release; prepared decoder_runtime.py,UNVERIFIED,unverified,True,TK1-decoder-grammar-raw-tab-moves,3.4 / 5,see named Stage1 sections,Malformed raw-tab gives400 malformed_request on moves before endpoint/auth checks.,interface-engineer
1,"1,2,3,4",interface-engineer,independent-verifier,PENDING_NAMED_CANDIDATE,"independent raw HTTP, inductive deep grammar and shallow exact-value oracle",decoder-strictness/deep-real-receipts,PENDING explicit candidate7 execution release; prepared decoder_runtime.py,UNVERIFIED,unverified,True,TK1-decoder-grammar-raw-tab-patch,3.4 / 5,see named Stage1 sections,Malformed raw-tab gives400 malformed_request on patch before endpoint/auth checks.,interface-engineer
1,"1,2,3,4",interface-engineer,independent-verifier,PENDING_NAMED_CANDIDATE,"independent raw HTTP, inductive deep grammar and shallow exact-value oracle",decoder-strictness/deep-real-receipts,PENDING explicit candidate7 execution release; prepared decoder_runtime.py,UNVERIFIED,unverified,True,TK1-decoder-grammar-raw-tab-import,3.4 / 5,see named Stage1 sections,Malformed raw-tab gives400 malformed_request on import before endpoint/auth checks.,interface-engineer
1,"1,2,3,4",systems-engineer,independent-verifier,PENDING_NAMED_CANDIDATE,"independent raw HTTP, inductive deep grammar and shallow exact-value oracle",decoder-strictness/deep-real-receipts,PENDING explicit candidate7 execution release; prepared decoder_runtime.py,UNVERIFIED,unverified,True,TK1-decoder-grammar-raw-tab-atomic,1 / 7 / 10,see named Stage1 sections,"Malformed requests preserve all current records, sessions and keys.",systems-engineer
1,"1,2,3,4",interface-engineer,independent-verifier,PENDING_NAMED_CANDIDATE,"independent raw HTTP, inductive deep grammar and shallow exact-value oracle",decoder-strictness/deep-real-receipts,PENDING explicit candidate7 execution release; prepared decoder_runtime.py,UNVERIFIED,unverified,True,TK1-decoder-grammar-single-quote-reset,3.4 / 5,see named Stage1 sections,Malformed single-quote gives400 malformed_request on reset before endpoint/auth checks.,interface-engineer
1,"1,2,3,4",interface-engineer,independent-verifier,PENDING_NAMED_CANDIDATE,"independent raw HTTP, inductive deep grammar and shallow exact-value oracle",decoder-strictness/deep-real-receipts,PENDING explicit candidate7 execution release; prepared decoder_runtime.py,UNVERIFIED,unverified,True,TK1-decoder-grammar-single-quote-signup,3.4 / 5,see named Stage1 sections,Malformed single-quote gives400 malformed_request on signup before endpoint/auth checks.,interface-engineer
1,"1,2,3,4",interface-engineer,independent-verifier,PENDING_NAMED_CANDIDATE,"independent raw HTTP, inductive deep grammar and shallow exact-value oracle",decoder-strictness/deep-real-receipts,PENDING explicit candidate7 execution release; prepared decoder_runtime.py,UNVERIFIED,unverified,True,TK1-decoder-grammar-single-quote-login,3.4 / 5,see named Stage1 sections,Malformed single-quote gives400 malformed_request on login before endpoint/auth checks.,interface-engineer
1,"1,2,3,4",interface-engineer,independent-verifier,PENDING_NAMED_CANDIDATE,"independent raw HTTP, inductive deep grammar and shallow exact-value oracle",decoder-strictness/deep-real-receipts,PENDING explicit candidate7 execution release; prepared decoder_runtime.py,UNVERIFIED,unverified,True,TK1-decoder-grammar-single-quote-create,3.4 / 5,see named Stage1 sections,Malformed single-quote gives400 malformed_request on create before endpoint/auth checks.,interface-engineer
1,"1,2,3,4",interface-engineer,independent-verifier,PENDING_NAMED_CANDIDATE,"independent raw HTTP, inductive deep grammar and shallow exact-value oracle",decoder-strictness/deep-real-receipts,PENDING explicit candidate7 execution release; prepared decoder_runtime.py,UNVERIFIED,unverified,True,TK1-decoder-grammar-single-quote-moves,3.4 / 5,see named Stage1 sections,Malformed single-quote gives400 malformed_request on moves before endpoint/auth checks.,interface-engineer
1,"1,2,3,4",interface-engineer,independent-verifier,PENDING_NAMED_CANDIDATE,"independent raw HTTP, inductive deep grammar and shallow exact-value oracle",decoder-strictness/deep-real-receipts,PENDING explicit candidate7 execution release; prepared decoder_runtime.py,UNVERIFIED,unverified,True,TK1-decoder-grammar-single-quote-patch,3.4 / 5,see named Stage1 sections,Malformed single-quote gives400 malformed_request on patch before endpoint/auth checks.,interface-engineer
1,"1,2,3,4",interface-engineer,independent-verifier,PENDING_NAMED_CANDIDATE,"independent raw HTTP, inductive deep grammar and shallow exact-value oracle",decoder-strictness/deep-real-receipts,PENDING explicit candidate7 execution release; prepared decoder_runtime.py,UNVERIFIED,unverified,True,TK1-decoder-grammar-single-quote-import,3.4 / 5,see named Stage1 sections,Malformed single-quote gives400 malformed_request on import before endpoint/auth checks.,interface-engineer
1,"1,2,3,4",systems-engineer,independent-verifier,PENDING_NAMED_CANDIDATE,"independent raw HTTP, inductive deep grammar and shallow exact-value oracle",decoder-strictness/deep-real-receipts,PENDING explicit candidate7 execution release; prepared decoder_runtime.py,UNVERIFIED,unverified,True,TK1-decoder-grammar-single-quote-atomic,1 / 7 / 10,see named Stage1 sections,"Malformed requests preserve all current records, sessions and keys.",systems-engineer
1,"1,2,3,4",interface-engineer,independent-verifier,PENDING_NAMED_CANDIDATE,"independent raw HTTP, inductive deep grammar and shallow exact-value oracle",decoder-strictness/deep-real-receipts,PENDING explicit candidate7 execution release; prepared decoder_runtime.py,UNVERIFIED,unverified,True,TK1-decoder-grammar-nan-reset,3.4 / 5,see named Stage1 sections,Malformed nan gives400 malformed_request on reset before endpoint/auth checks.,interface-engineer
1,"1,2,3,4",interface-engineer,independent-verifier,PENDING_NAMED_CANDIDATE,"independent raw HTTP, inductive deep grammar and shallow exact-value oracle",decoder-strictness/deep-real-receipts,PENDING explicit candidate7 execution release; prepared decoder_runtime.py,UNVERIFIED,unverified,True,TK1-decoder-grammar-nan-signup,3.4 / 5,see named Stage1 sections,Malformed nan gives400 malformed_request on signup before endpoint/auth checks.,interface-engineer
1,"1,2,3,4",interface-engineer,independent-verifier,PENDING_NAMED_CANDIDATE,"independent raw HTTP, inductive deep grammar and shallow exact-value oracle",decoder-strictness/deep-real-receipts,PENDING explicit candidate7 execution release; prepared decoder_runtime.py,UNVERIFIED,unverified,True,TK1-decoder-grammar-nan-login,3.4 / 5,see named Stage1 sections,Malformed nan gives400 malformed_request on login before endpoint/auth checks.,interface-engineer
1,"1,2,3,4",interface-engineer,independent-verifier,PENDING_NAMED_CANDIDATE,"independent raw HTTP, inductive deep grammar and shallow exact-value oracle",decoder-strictness/deep-real-receipts,PENDING explicit candidate7 execution release; prepared decoder_runtime.py,UNVERIFIED,unverified,True,TK1-decoder-grammar-nan-create,3.4 / 5,see named Stage1 sections,Malformed nan gives400 malformed_request on create before endpoint/auth checks.,interface-engineer
1,"1,2,3,4",interface-engineer,independent-verifier,PENDING_NAMED_CANDIDATE,"independent raw HTTP, inductive deep grammar and shallow exact-value oracle",decoder-strictness/deep-real-receipts,PENDING explicit candidate7 execution release; prepared decoder_runtime.py,UNVERIFIED,unverified,True,TK1-decoder-grammar-nan-moves,3.4 / 5,see named Stage1 sections,Malformed nan gives400 malformed_request on moves before endpoint/auth checks.,interface-engineer
1,"1,2,3,4",interface-engineer,independent-verifier,PENDING_NAMED_CANDIDATE,"independent raw HTTP, inductive deep grammar and shallow exact-value oracle",decoder-strictness/deep-real-receipts,PENDING explicit candidate7 execution release; prepared decoder_runtime.py,UNVERIFIED,unverified,True,TK1-decoder-grammar-nan-patch,3.4 / 5,see named Stage1 sections,Malformed nan gives400 malformed_request on patch before endpoint/auth checks.,interface-engineer
1,"1,2,3,4",interface-engineer,independent-verifier,PENDING_NAMED_CANDIDATE,"independent raw HTTP, inductive deep grammar and shallow exact-value oracle",decoder-strictness/deep-real-receipts,PENDING explicit candidate7 execution release; prepared decoder_runtime.py,UNVERIFIED,unverified,True,TK1-decoder-grammar-nan-import,3.4 / 5,see named Stage1 sections,Malformed nan gives400 malformed_request on import before endpoint/auth checks.,interface-engineer
1,"1,2,3,4",systems-engineer,independent-verifier,PENDING_NAMED_CANDIDATE,"independent raw HTTP, inductive deep grammar and shallow exact-value oracle",decoder-strictness/deep-real-receipts,PENDING explicit candidate7 execution release; prepared decoder_runtime.py,UNVERIFIED,unverified,True,TK1-decoder-grammar-nan-atomic,1 / 7 / 10,see named Stage1 sections,"Malformed requests preserve all current records, sessions and keys.",systems-engineer
1,"1,2,3,4",interface-engineer,independent-verifier,PENDING_NAMED_CANDIDATE,"independent raw HTTP, inductive deep grammar and shallow exact-value oracle",decoder-strictness/deep-real-receipts,PENDING explicit candidate7 execution release; prepared decoder_runtime.py,UNVERIFIED,unverified,True,TK1-decoder-grammar-infinity-reset,3.4 / 5,see named Stage1 sections,Malformed infinity gives400 malformed_request on reset before endpoint/auth checks.,interface-engineer
1,"1,2,3,4",interface-engineer,independent-verifier,PENDING_NAMED_CANDIDATE,"independent raw HTTP, inductive deep grammar and shallow exact-value oracle",decoder-strictness/deep-real-receipts,PENDING explicit candidate7 execution release; prepared decoder_runtime.py,UNVERIFIED,unverified,True,TK1-decoder-grammar-infinity-signup,3.4 / 5,see named Stage1 sections,Malformed infinity gives400 malformed_request on signup before endpoint/auth checks.,interface-engineer
1,"1,2,3,4",interface-engineer,independent-verifier,PENDING_NAMED_CANDIDATE,"independent raw HTTP, inductive deep grammar and shallow exact-value oracle",decoder-strictness/deep-real-receipts,PENDING explicit candidate7 execution release; prepared decoder_runtime.py,UNVERIFIED,unverified,True,TK1-decoder-grammar-infinity-login,3.4 / 5,see named Stage1 sections,Malformed infinity gives400 malformed_request on login before endpoint/auth checks.,interface-engineer
1,"1,2,3,4",interface-engineer,independent-verifier,PENDING_NAMED_CANDIDATE,"independent raw HTTP, inductive deep grammar and shallow exact-value oracle",decoder-strictness/deep-real-receipts,PENDING explicit candidate7 execution release; prepared decoder_runtime.py,UNVERIFIED,unverified,True,TK1-decoder-grammar-infinity-create,3.4 / 5,see named Stage1 sections,Malformed infinity gives400 malformed_request on create before endpoint/auth checks.,interface-engineer
1,"1,2,3,4",interface-engineer,independent-verifier,PENDING_NAMED_CANDIDATE,"independent raw HTTP, inductive deep grammar and shallow exact-value oracle",decoder-strictness/deep-real-receipts,PENDING explicit candidate7 execution release; prepared decoder_runtime.py,UNVERIFIED,unverified,True,TK1-decoder-grammar-infinity-moves,3.4 / 5,see named Stage1 sections,Malformed infinity gives400 malformed_request on moves before endpoint/auth checks.,interface-engineer
1,"1,2,3,4",interface-engineer,independent-verifier,PENDING_NAMED_CANDIDATE,"independent raw HTTP, inductive deep grammar and shallow exact-value oracle",decoder-strictness/deep-real-receipts,PENDING explicit candidate7 execution release; prepared decoder_runtime.py,UNVERIFIED,unverified,True,TK1-decoder-grammar-infinity-patch,3.4 / 5,see named Stage1 sections,Malformed infinity gives400 malformed_request on patch before endpoint/auth checks.,interface-engineer
1,"1,2,3,4",interface-engineer,independent-verifier,PENDING_NAMED_CANDIDATE,"independent raw HTTP, inductive deep grammar and shallow exact-value oracle",decoder-strictness/deep-real-receipts,PENDING explicit candidate7 execution release; prepared decoder_runtime.py,UNVERIFIED,unverified,True,TK1-decoder-grammar-infinity-import,3.4 / 5,see named Stage1 sections,Malformed infinity gives400 malformed_request on import before endpoint/auth checks.,interface-engineer
1,"1,2,3,4",systems-engineer,independent-verifier,PENDING_NAMED_CANDIDATE,"independent raw HTTP, inductive deep grammar and shallow exact-value oracle",decoder-strictness/deep-real-receipts,PENDING explicit candidate7 execution release; prepared decoder_runtime.py,UNVERIFIED,unverified,True,TK1-decoder-grammar-infinity-atomic,1 / 7 / 10,see named Stage1 sections,"Malformed requests preserve all current records, sessions and keys.",systems-engineer
1,"1,2,3,4",interface-engineer,independent-verifier,PENDING_NAMED_CANDIDATE,"independent raw HTTP, inductive deep grammar and shallow exact-value oracle",decoder-strictness/deep-real-receipts,PENDING explicit candidate7 execution release; prepared decoder_runtime.py,UNVERIFIED,unverified,True,TK1-decoder-grammar-minus-infinity-reset,3.4 / 5,see named Stage1 sections,Malformed minus-infinity gives400 malformed_request on reset before endpoint/auth checks.,interface-engineer
1,"1,2,3,4",interface-engineer,independent-verifier,PENDING_NAMED_CANDIDATE,"independent raw HTTP, inductive deep grammar and shallow exact-value oracle",decoder-strictness/deep-real-receipts,PENDING explicit candidate7 execution release; prepared decoder_runtime.py,UNVERIFIED,unverified,True,TK1-decoder-grammar-minus-infinity-signup,3.4 / 5,see named Stage1 sections,Malformed minus-infinity gives400 malformed_request on signup before endpoint/auth checks.,interface-engineer
1,"1,2,3,4",interface-engineer,independent-verifier,PENDING_NAMED_CANDIDATE,"independent raw HTTP, inductive deep grammar and shallow exact-value oracle",decoder-strictness/deep-real-receipts,PENDING explicit candidate7 execution release; prepared decoder_runtime.py,UNVERIFIED,unverified,True,TK1-decoder-grammar-minus-infinity-login,3.4 / 5,see named Stage1 sections,Malformed minus-infinity gives400 malformed_request on login before endpoint/auth checks.,interface-engineer
1,"1,2,3,4",interface-engineer,independent-verifier,PENDING_NAMED_CANDIDATE,"independent raw HTTP, inductive deep grammar and shallow exact-value oracle",decoder-strictness/deep-real-receipts,PENDING explicit candidate7 execution release; prepared decoder_runtime.py,UNVERIFIED,unverified,True,TK1-decoder-grammar-minus-infinity-create,3.4 / 5,see named Stage1 sections,Malformed minus-infinity gives400 malformed_request on create before endpoint/auth checks.,interface-engineer
1,"1,2,3,4",interface-engineer,independent-verifier,PENDING_NAMED_CANDIDATE,"independent raw HTTP, inductive deep grammar and shallow exact-value oracle",decoder-strictness/deep-real-receipts,PENDING explicit candidate7 execution release; prepared decoder_runtime.py,UNVERIFIED,unverified,True,TK1-decoder-grammar-minus-infinity-moves,3.4 / 5,see named Stage1 sections,Malformed minus-infinity gives400 malformed_request on moves before endpoint/auth checks.,interface-engineer
1,"1,2,3,4",interface-engineer,independent-verifier,PENDING_NAMED_CANDIDATE,"independent raw HTTP, inductive deep grammar and shallow exact-value oracle",decoder-strictness/deep-real-receipts,PENDING explicit candidate7 execution release; prepared decoder_runtime.py,UNVERIFIED,unverified,True,TK1-decoder-grammar-minus-infinity-patch,3.4 / 5,see named Stage1 sections,Malformed minus-infinity gives400 malformed_request on patch before endpoint/auth checks.,interface-engineer
1,"1,2,3,4",interface-engineer,independent-verifier,PENDING_NAMED_CANDIDATE,"independent raw HTTP, inductive deep grammar and shallow exact-value oracle",decoder-strictness/deep-real-receipts,PENDING explicit candidate7 execution release; prepared decoder_runtime.py,UNVERIFIED,unverified,True,TK1-decoder-grammar-minus-infinity-import,3.4 / 5,see named Stage1 sections,Malformed minus-infinity gives400 malformed_request on import before endpoint/auth checks.,interface-engineer
1,"1,2,3,4",systems-engineer,independent-verifier,PENDING_NAMED_CANDIDATE,"independent raw HTTP, inductive deep grammar and shallow exact-value oracle",decoder-strictness/deep-real-receipts,PENDING explicit candidate7 execution release; prepared decoder_runtime.py,UNVERIFIED,unverified,True,TK1-decoder-grammar-minus-infinity-atomic,1 / 7 / 10,see named Stage1 sections,"Malformed requests preserve all current records, sessions and keys.",systems-engineer
1,"1,2,3,4",interface-engineer,independent-verifier,PENDING_NAMED_CANDIDATE,"independent raw HTTP, inductive deep grammar and shallow exact-value oracle",decoder-strictness/deep-real-receipts,PENDING explicit candidate7 execution release; prepared decoder_runtime.py,UNVERIFIED,unverified,True,TK1-decoder-grammar-undefined-reset,3.4 / 5,see named Stage1 sections,Malformed undefined gives400 malformed_request on reset before endpoint/auth checks.,interface-engineer
1,"1,2,3,4",interface-engineer,independent-verifier,PENDING_NAMED_CANDIDATE,"independent raw HTTP, inductive deep grammar and shallow exact-value oracle",decoder-strictness/deep-real-receipts,PENDING explicit candidate7 execution release; prepared decoder_runtime.py,UNVERIFIED,unverified,True,TK1-decoder-grammar-undefined-signup,3.4 / 5,see named Stage1 sections,Malformed undefined gives400 malformed_request on signup before endpoint/auth checks.,interface-engineer
1,"1,2,3,4",interface-engineer,independent-verifier,PENDING_NAMED_CANDIDATE,"independent raw HTTP, inductive deep grammar and shallow exact-value oracle",decoder-strictness/deep-real-receipts,PENDING explicit candidate7 execution release; prepared decoder_runtime.py,UNVERIFIED,unverified,True,TK1-decoder-grammar-undefined-login,3.4 / 5,see named Stage1 sections,Malformed undefined gives400 malformed_request on login before endpoint/auth checks.,interface-engineer
1,"1,2,3,4",interface-engineer,independent-verifier,PENDING_NAMED_CANDIDATE,"independent raw HTTP, inductive deep grammar and shallow exact-value oracle",decoder-strictness/deep-real-receipts,PENDING explicit candidate7 execution release; prepared decoder_runtime.py,UNVERIFIED,unverified,True,TK1-decoder-grammar-undefined-create,3.4 / 5,see named Stage1 sections,Malformed undefined gives400 malformed_request on create before endpoint/auth checks.,interface-engineer
1,"1,2,3,4",interface-engineer,independent-verifier,PENDING_NAMED_CANDIDATE,"independent raw HTTP, inductive deep grammar and shallow exact-value oracle",decoder-strictness/deep-real-receipts,PENDING explicit candidate7 execution release; prepared decoder_runtime.py,UNVERIFIED,unverified,True,TK1-decoder-grammar-undefined-moves,3.4 / 5,see named Stage1 sections,Malformed undefined gives400 malformed_request on moves before endpoint/auth checks.,interface-engineer
1,"1,2,3,4",interface-engineer,independent-verifier,PENDING_NAMED_CANDIDATE,"independent raw HTTP, inductive deep grammar and shallow exact-value oracle",decoder-strictness/deep-real-receipts,PENDING explicit candidate7 execution release; prepared decoder_runtime.py,UNVERIFIED,unverified,True,TK1-decoder-grammar-undefined-patch,3.4 / 5,see named Stage1 sections,Malformed undefined gives400 malformed_request on patch before endpoint/auth checks.,interface-engineer
1,"1,2,3,4",interface-engineer,independent-verifier,PENDING_NAMED_CANDIDATE,"independent raw HTTP, inductive deep grammar and shallow exact-value oracle",decoder-strictness/deep-real-receipts,PENDING explicit candidate7 execution release; prepared decoder_runtime.py,UNVERIFIED,unverified,True,TK1-decoder-grammar-undefined-import,3.4 / 5,see named Stage1 sections,Malformed undefined gives400 malformed_request on import before endpoint/auth checks.,interface-engineer
1,"1,2,3,4",systems-engineer,independent-verifier,PENDING_NAMED_CANDIDATE,"independent raw HTTP, inductive deep grammar and shallow exact-value oracle",decoder-strictness/deep-real-receipts,PENDING explicit candidate7 execution release; prepared decoder_runtime.py,UNVERIFIED,unverified,True,TK1-decoder-grammar-undefined-atomic,1 / 7 / 10,see named Stage1 sections,"Malformed requests preserve all current records, sessions and keys.",systems-engineer
1,"1,2,3,4",interface-engineer,independent-verifier,PENDING_NAMED_CANDIDATE,"independent raw HTTP, inductive deep grammar and shallow exact-value oracle",decoder-strictness/deep-real-receipts,PENDING explicit candidate7 execution release; prepared decoder_runtime.py,UNVERIFIED,unverified,True,TK1-decoder-grammar-upper-true-reset,3.4 / 5,see named Stage1 sections,Malformed upper-true gives400 malformed_request on reset before endpoint/auth checks.,interface-engineer
1,"1,2,3,4",interface-engineer,independent-verifier,PENDING_NAMED_CANDIDATE,"independent raw HTTP, inductive deep grammar and shallow exact-value oracle",decoder-strictness/deep-real-receipts,PENDING explicit candidate7 execution release; prepared decoder_runtime.py,UNVERIFIED,unverified,True,TK1-decoder-grammar-upper-true-signup,3.4 / 5,see named Stage1 sections,Malformed upper-true gives400 malformed_request on signup before endpoint/auth checks.,interface-engineer
1,"1,2,3,4",interface-engineer,independent-verifier,PENDING_NAMED_CANDIDATE,"independent raw HTTP, inductive deep grammar and shallow exact-value oracle",decoder-strictness/deep-real-receipts,PENDING explicit candidate7 execution release; prepared decoder_runtime.py,UNVERIFIED,unverified,True,TK1-decoder-grammar-upper-true-login,3.4 / 5,see named Stage1 sections,Malformed upper-true gives400 malformed_request on login before endpoint/auth checks.,interface-engineer
1,"1,2,3,4",interface-engineer,independent-verifier,PENDING_NAMED_CANDIDATE,"independent raw HTTP, inductive deep grammar and shallow exact-value oracle",decoder-strictness/deep-real-receipts,PENDING explicit candidate7 execution release; prepared decoder_runtime.py,UNVERIFIED,unverified,True,TK1-decoder-grammar-upper-true-create,3.4 / 5,see named Stage1 sections,Malformed upper-true gives400 malformed_request on create before endpoint/auth checks.,interface-engineer
1,"1,2,3,4",interface-engineer,independent-verifier,PENDING_NAMED_CANDIDATE,"independent raw HTTP, inductive deep grammar and shallow exact-value oracle",decoder-strictness/deep-real-receipts,PENDING explicit candidate7 execution release; prepared decoder_runtime.py,UNVERIFIED,unverified,True,TK1-decoder-grammar-upper-true-moves,3.4 / 5,see named Stage1 sections,Malformed upper-true gives400 malformed_request on moves before endpoint/auth checks.,interface-engineer
1,"1,2,3,4",interface-engineer,independent-verifier,PENDING_NAMED_CANDIDATE,"independent raw HTTP, inductive deep grammar and shallow exact-value oracle",decoder-strictness/deep-real-receipts,PENDING explicit candidate7 execution release; prepared decoder_runtime.py,UNVERIFIED,unverified,True,TK1-decoder-grammar-upper-true-patch,3.4 / 5,see named Stage1 sections,Malformed upper-true gives400 malformed_request on patch before endpoint/auth checks.,interface-engineer
1,"1,2,3,4",interface-engineer,independent-verifier,PENDING_NAMED_CANDIDATE,"independent raw HTTP, inductive deep grammar and shallow exact-value oracle",decoder-strictness/deep-real-receipts,PENDING explicit candidate7 execution release; prepared decoder_runtime.py,UNVERIFIED,unverified,True,TK1-decoder-grammar-upper-true-import,3.4 / 5,see named Stage1 sections,Malformed upper-true gives400 malformed_request on import before endpoint/auth checks.,interface-engineer
1,"1,2,3,4",systems-engineer,independent-verifier,PENDING_NAMED_CANDIDATE,"independent raw HTTP, inductive deep grammar and shallow exact-value oracle",decoder-strictness/deep-real-receipts,PENDING explicit candidate7 execution release; prepared decoder_runtime.py,UNVERIFIED,unverified,True,TK1-decoder-grammar-upper-true-atomic,1 / 7 / 10,see named Stage1 sections,"Malformed requests preserve all current records, sessions and keys.",systems-engineer
1,"1,2,3,4",interface-engineer,independent-verifier,PENDING_NAMED_CANDIDATE,"independent raw HTTP, inductive deep grammar and shallow exact-value oracle",decoder-strictness/deep-real-receipts,PENDING explicit candidate7 execution release; prepared decoder_runtime.py,UNVERIFIED,unverified,True,TK1-decoder-grammar-partial-null-reset,3.4 / 5,see named Stage1 sections,Malformed partial-null gives400 malformed_request on reset before endpoint/auth checks.,interface-engineer
1,"1,2,3,4",interface-engineer,independent-verifier,PENDING_NAMED_CANDIDATE,"independent raw HTTP, inductive deep grammar and shallow exact-value oracle",decoder-strictness/deep-real-receipts,PENDING explicit candidate7 execution release; prepared decoder_runtime.py,UNVERIFIED,unverified,True,TK1-decoder-grammar-partial-null-signup,3.4 / 5,see named Stage1 sections,Malformed partial-null gives400 malformed_request on signup before endpoint/auth checks.,interface-engineer
1,"1,2,3,4",interface-engineer,independent-verifier,PENDING_NAMED_CANDIDATE,"independent raw HTTP, inductive deep grammar and shallow exact-value oracle",decoder-strictness/deep-real-receipts,PENDING explicit candidate7 execution release; prepared decoder_runtime.py,UNVERIFIED,unverified,True,TK1-decoder-grammar-partial-null-login,3.4 / 5,see named Stage1 sections,Malformed partial-null gives400 malformed_request on login before endpoint/auth checks.,interface-engineer
1,"1,2,3,4",interface-engineer,independent-verifier,PENDING_NAMED_CANDIDATE,"independent raw HTTP, inductive deep grammar and shallow exact-value oracle",decoder-strictness/deep-real-receipts,PENDING explicit candidate7 execution release; prepared decoder_runtime.py,UNVERIFIED,unverified,True,TK1-decoder-grammar-partial-null-create,3.4 / 5,see named Stage1 sections,Malformed partial-null gives400 malformed_request on create before endpoint/auth checks.,interface-engineer
1,"1,2,3,4",interface-engineer,independent-verifier,PENDING_NAMED_CANDIDATE,"independent raw HTTP, inductive deep grammar and shallow exact-value oracle",decoder-strictness/deep-real-receipts,PENDING explicit candidate7 execution release; prepared decoder_runtime.py,UNVERIFIED,unverified,True,TK1-decoder-grammar-partial-null-moves,3.4 / 5,see named Stage1 sections,Malformed partial-null gives400 malformed_request on moves before endpoint/auth checks.,interface-engineer
1,"1,2,3,4",interface-engineer,independent-verifier,PENDING_NAMED_CANDIDATE,"independent raw HTTP, inductive deep grammar and shallow exact-value oracle",decoder-strictness/deep-real-receipts,PENDING explicit candidate7 execution release; prepared decoder_runtime.py,UNVERIFIED,unverified,True,TK1-decoder-grammar-partial-null-patch,3.4 / 5,see named Stage1 sections,Malformed partial-null gives400 malformed_request on patch before endpoint/auth checks.,interface-engineer
1,"1,2,3,4",interface-engineer,independent-verifier,PENDING_NAMED_CANDIDATE,"independent raw HTTP, inductive deep grammar and shallow exact-value oracle",decoder-strictness/deep-real-receipts,PENDING explicit candidate7 execution release; prepared decoder_runtime.py,UNVERIFIED,unverified,True,TK1-decoder-grammar-partial-null-import,3.4 / 5,see named Stage1 sections,Malformed partial-null gives400 malformed_request on import before endpoint/auth checks.,interface-engineer
1,"1,2,3,4",systems-engineer,independent-verifier,PENDING_NAMED_CANDIDATE,"independent raw HTTP, inductive deep grammar and shallow exact-value oracle",decoder-strictness/deep-real-receipts,PENDING explicit candidate7 execution release; prepared decoder_runtime.py,UNVERIFIED,unverified,True,TK1-decoder-grammar-partial-null-atomic,1 / 7 / 10,see named Stage1 sections,"Malformed requests preserve all current records, sessions and keys.",systems-engineer
1,"1,2,3,4",interface-engineer,independent-verifier,PENDING_NAMED_CANDIDATE,"independent raw HTTP, inductive deep grammar and shallow exact-value oracle",decoder-strictness/deep-real-receipts,PENDING explicit candidate7 execution release; prepared decoder_runtime.py,UNVERIFIED,unverified,True,TK1-decoder-grammar-leading-zero-reset,3.4 / 5,see named Stage1 sections,Malformed leading-zero gives400 malformed_request on reset before endpoint/auth checks.,interface-engineer
1,"1,2,3,4",interface-engineer,independent-verifier,PENDING_NAMED_CANDIDATE,"independent raw HTTP, inductive deep grammar and shallow exact-value oracle",decoder-strictness/deep-real-receipts,PENDING explicit candidate7 execution release; prepared decoder_runtime.py,UNVERIFIED,unverified,True,TK1-decoder-grammar-leading-zero-signup,3.4 / 5,see named Stage1 sections,Malformed leading-zero gives400 malformed_request on signup before endpoint/auth checks.,interface-engineer
1,"1,2,3,4",interface-engineer,independent-verifier,PENDING_NAMED_CANDIDATE,"independent raw HTTP, inductive deep grammar and shallow exact-value oracle",decoder-strictness/deep-real-receipts,PENDING explicit candidate7 execution release; prepared decoder_runtime.py,UNVERIFIED,unverified,True,TK1-decoder-grammar-leading-zero-login,3.4 / 5,see named Stage1 sections,Malformed leading-zero gives400 malformed_request on login before endpoint/auth checks.,interface-engineer
1,"1,2,3,4",interface-engineer,independent-verifier,PENDING_NAMED_CANDIDATE,"independent raw HTTP, inductive deep grammar and shallow exact-value oracle",decoder-strictness/deep-real-receipts,PENDING explicit candidate7 execution release; prepared decoder_runtime.py,UNVERIFIED,unverified,True,TK1-decoder-grammar-leading-zero-create,3.4 / 5,see named Stage1 sections,Malformed leading-zero gives400 malformed_request on create before endpoint/auth checks.,interface-engineer
1,"1,2,3,4",interface-engineer,independent-verifier,PENDING_NAMED_CANDIDATE,"independent raw HTTP, inductive deep grammar and shallow exact-value oracle",decoder-strictness/deep-real-receipts,PENDING explicit candidate7 execution release; prepared decoder_runtime.py,UNVERIFIED,unverified,True,TK1-decoder-grammar-leading-zero-moves,3.4 / 5,see named Stage1 sections,Malformed leading-zero gives400 malformed_request on moves before endpoint/auth checks.,interface-engineer
1,"1,2,3,4",interface-engineer,independent-verifier,PENDING_NAMED_CANDIDATE,"independent raw HTTP, inductive deep grammar and shallow exact-value oracle",decoder-strictness/deep-real-receipts,PENDING explicit candidate7 execution release; prepared decoder_runtime.py,UNVERIFIED,unverified,True,TK1-decoder-grammar-leading-zero-patch,3.4 / 5,see named Stage1 sections,Malformed leading-zero gives400 malformed_request on patch before endpoint/auth checks.,interface-engineer
1,"1,2,3,4",interface-engineer,independent-verifier,PENDING_NAMED_CANDIDATE,"independent raw HTTP, inductive deep grammar and shallow exact-value oracle",decoder-strictness/deep-real-receipts,PENDING explicit candidate7 execution release; prepared decoder_runtime.py,UNVERIFIED,unverified,True,TK1-decoder-grammar-leading-zero-import,3.4 / 5,see named Stage1 sections,Malformed leading-zero gives400 malformed_request on import before endpoint/auth checks.,interface-engineer
1,"1,2,3,4",systems-engineer,independent-verifier,PENDING_NAMED_CANDIDATE,"independent raw HTTP, inductive deep grammar and shallow exact-value oracle",decoder-strictness/deep-real-receipts,PENDING explicit candidate7 execution release; prepared decoder_runtime.py,UNVERIFIED,unverified,True,TK1-decoder-grammar-leading-zero-atomic,1 / 7 / 10,see named Stage1 sections,"Malformed requests preserve all current records, sessions and keys.",systems-engineer
1,"1,2,3,4",interface-engineer,independent-verifier,PENDING_NAMED_CANDIDATE,"independent raw HTTP, inductive deep grammar and shallow exact-value oracle",decoder-strictness/deep-real-receipts,PENDING explicit candidate7 execution release; prepared decoder_runtime.py,UNVERIFIED,unverified,True,TK1-decoder-grammar-minus-leading-zero-reset,3.4 / 5,see named Stage1 sections,Malformed minus-leading-zero gives400 malformed_request on reset before endpoint/auth checks.,interface-engineer
1,"1,2,3,4",interface-engineer,independent-verifier,PENDING_NAMED_CANDIDATE,"independent raw HTTP, inductive deep grammar and shallow exact-value oracle",decoder-strictness/deep-real-receipts,PENDING explicit candidate7 execution release; prepared decoder_runtime.py,UNVERIFIED,unverified,True,TK1-decoder-grammar-minus-leading-zero-signup,3.4 / 5,see named Stage1 sections,Malformed minus-leading-zero gives400 malformed_request on signup before endpoint/auth checks.,interface-engineer
1,"1,2,3,4",interface-engineer,independent-verifier,PENDING_NAMED_CANDIDATE,"independent raw HTTP, inductive deep grammar and shallow exact-value oracle",decoder-strictness/deep-real-receipts,PENDING explicit candidate7 execution release; prepared decoder_runtime.py,UNVERIFIED,unverified,True,TK1-decoder-grammar-minus-leading-zero-login,3.4 / 5,see named Stage1 sections,Malformed minus-leading-zero gives400 malformed_request on login before endpoint/auth checks.,interface-engineer
1,"1,2,3,4",interface-engineer,independent-verifier,PENDING_NAMED_CANDIDATE,"independent raw HTTP, inductive deep grammar and shallow exact-value oracle",decoder-strictness/deep-real-receipts,PENDING explicit candidate7 execution release; prepared decoder_runtime.py,UNVERIFIED,unverified,True,TK1-decoder-grammar-minus-leading-zero-create,3.4 / 5,see named Stage1 sections,Malformed minus-leading-zero gives400 malformed_request on create before endpoint/auth checks.,interface-engineer
1,"1,2,3,4",interface-engineer,independent-verifier,PENDING_NAMED_CANDIDATE,"independent raw HTTP, inductive deep grammar and shallow exact-value oracle",decoder-strictness/deep-real-receipts,PENDING explicit candidate7 execution release; prepared decoder_runtime.py,UNVERIFIED,unverified,True,TK1-decoder-grammar-minus-leading-zero-moves,3.4 / 5,see named Stage1 sections,Malformed minus-leading-zero gives400 malformed_request on moves before endpoint/auth checks.,interface-engineer
1,"1,2,3,4",interface-engineer,independent-verifier,PENDING_NAMED_CANDIDATE,"independent raw HTTP, inductive deep grammar and shallow exact-value oracle",decoder-strictness/deep-real-receipts,PENDING explicit candidate7 execution release; prepared decoder_runtime.py,UNVERIFIED,unverified,True,TK1-decoder-grammar-minus-leading-zero-patch,3.4 / 5,see named Stage1 sections,Malformed minus-leading-zero gives400 malformed_request on patch before endpoint/auth checks.,interface-engineer
1,"1,2,3,4",interface-engineer,independent-verifier,PENDING_NAMED_CANDIDATE,"independent raw HTTP, inductive deep grammar and shallow exact-value oracle",decoder-strictness/deep-real-receipts,PENDING explicit candidate7 execution release; prepared decoder_runtime.py,UNVERIFIED,unverified,True,TK1-decoder-grammar-minus-leading-zero-import,3.4 / 5,see named Stage1 sections,Malformed minus-leading-zero gives400 malformed_request on import before endpoint/auth checks.,interface-engineer
1,"1,2,3,4",systems-engineer,independent-verifier,PENDING_NAMED_CANDIDATE,"independent raw HTTP, inductive deep grammar and shallow exact-value oracle",decoder-strictness/deep-real-receipts,PENDING explicit candidate7 execution release; prepared decoder_runtime.py,UNVERIFIED,unverified,True,TK1-decoder-grammar-minus-leading-zero-atomic,1 / 7 / 10,see named Stage1 sections,"Malformed requests preserve all current records, sessions and keys.",systems-engineer
1,"1,2,3,4",interface-engineer,independent-verifier,PENDING_NAMED_CANDIDATE,"independent raw HTTP, inductive deep grammar and shallow exact-value oracle",decoder-strictness/deep-real-receipts,PENDING explicit candidate7 execution release; prepared decoder_runtime.py,UNVERIFIED,unverified,True,TK1-decoder-grammar-plus-reset,3.4 / 5,see named Stage1 sections,Malformed plus gives400 malformed_request on reset before endpoint/auth checks.,interface-engineer
1,"1,2,3,4",interface-engineer,independent-verifier,PENDING_NAMED_CANDIDATE,"independent raw HTTP, inductive deep grammar and shallow exact-value oracle",decoder-strictness/deep-real-receipts,PENDING explicit candidate7 execution release; prepared decoder_runtime.py,UNVERIFIED,unverified,True,TK1-decoder-grammar-plus-signup,3.4 / 5,see named Stage1 sections,Malformed plus gives400 malformed_request on signup before endpoint/auth checks.,interface-engineer
1,"1,2,3,4",interface-engineer,independent-verifier,PENDING_NAMED_CANDIDATE,"independent raw HTTP, inductive deep grammar and shallow exact-value oracle",decoder-strictness/deep-real-receipts,PENDING explicit candidate7 execution release; prepared decoder_runtime.py,UNVERIFIED,unverified,True,TK1-decoder-grammar-plus-login,3.4 / 5,see named Stage1 sections,Malformed plus gives400 malformed_request on login before endpoint/auth checks.,interface-engineer
1,"1,2,3,4",interface-engineer,independent-verifier,PENDING_NAMED_CANDIDATE,"independent raw HTTP, inductive deep grammar and shallow exact-value oracle",decoder-strictness/deep-real-receipts,PENDING explicit candidate7 execution release; prepared decoder_runtime.py,UNVERIFIED,unverified,True,TK1-decoder-grammar-plus-create,3.4 / 5,see named Stage1 sections,Malformed plus gives400 malformed_request on create before endpoint/auth checks.,interface-engineer
1,"1,2,3,4",interface-engineer,independent-verifier,PENDING_NAMED_CANDIDATE,"independent raw HTTP, inductive deep grammar and shallow exact-value oracle",decoder-strictness/deep-real-receipts,PENDING explicit candidate7 execution release; prepared decoder_runtime.py,UNVERIFIED,unverified,True,TK1-decoder-grammar-plus-moves,3.4 / 5,see named Stage1 sections,Malformed plus gives400 malformed_request on moves before endpoint/auth checks.,interface-engineer
1,"1,2,3,4",interface-engineer,independent-verifier,PENDING_NAMED_CANDIDATE,"independent raw HTTP, inductive deep grammar and shallow exact-value oracle",decoder-strictness/deep-real-receipts,PENDING explicit candidate7 execution release; prepared decoder_runtime.py,UNVERIFIED,unverified,True,TK1-decoder-grammar-plus-patch,3.4 / 5,see named Stage1 sections,Malformed plus gives400 malformed_request on patch before endpoint/auth checks.,interface-engineer
1,"1,2,3,4",interface-engineer,independent-verifier,PENDING_NAMED_CANDIDATE,"independent raw HTTP, inductive deep grammar and shallow exact-value oracle",decoder-strictness/deep-real-receipts,PENDING explicit candidate7 execution release; prepared decoder_runtime.py,UNVERIFIED,unverified,True,TK1-decoder-grammar-plus-import,3.4 / 5,see named Stage1 sections,Malformed plus gives400 malformed_request on import before endpoint/auth checks.,interface-engineer
1,"1,2,3,4",systems-engineer,independent-verifier,PENDING_NAMED_CANDIDATE,"independent raw HTTP, inductive deep grammar and shallow exact-value oracle",decoder-strictness/deep-real-receipts,PENDING explicit candidate7 execution release; prepared decoder_runtime.py,UNVERIFIED,unverified,True,TK1-decoder-grammar-plus-atomic,1 / 7 / 10,see named Stage1 sections,"Malformed requests preserve all current records, sessions and keys.",systems-engineer
1,"1,2,3,4",interface-engineer,independent-verifier,PENDING_NAMED_CANDIDATE,"independent raw HTTP, inductive deep grammar and shallow exact-value oracle",decoder-strictness/deep-real-receipts,PENDING explicit candidate7 execution release; prepared decoder_runtime.py,UNVERIFIED,unverified,True,TK1-decoder-grammar-leading-dot-reset,3.4 / 5,see named Stage1 sections,Malformed leading-dot gives400 malformed_request on reset before endpoint/auth checks.,interface-engineer
1,"1,2,3,4",interface-engineer,independent-verifier,PENDING_NAMED_CANDIDATE,"independent raw HTTP, inductive deep grammar and shallow exact-value oracle",decoder-strictness/deep-real-receipts,PENDING explicit candidate7 execution release; prepared decoder_runtime.py,UNVERIFIED,unverified,True,TK1-decoder-grammar-leading-dot-signup,3.4 / 5,see named Stage1 sections,Malformed leading-dot gives400 malformed_request on signup before endpoint/auth checks.,interface-engineer
1,"1,2,3,4",interface-engineer,independent-verifier,PENDING_NAMED_CANDIDATE,"independent raw HTTP, inductive deep grammar and shallow exact-value oracle",decoder-strictness/deep-real-receipts,PENDING explicit candidate7 execution release; prepared decoder_runtime.py,UNVERIFIED,unverified,True,TK1-decoder-grammar-leading-dot-login,3.4 / 5,see named Stage1 sections,Malformed leading-dot gives400 malformed_request on login before endpoint/auth checks.,interface-engineer
1,"1,2,3,4",interface-engineer,independent-verifier,PENDING_NAMED_CANDIDATE,"independent raw HTTP, inductive deep grammar and shallow exact-value oracle",decoder-strictness/deep-real-receipts,PENDING explicit candidate7 execution release; prepared decoder_runtime.py,UNVERIFIED,unverified,True,TK1-decoder-grammar-leading-dot-create,3.4 / 5,see named Stage1 sections,Malformed leading-dot gives400 malformed_request on create before endpoint/auth checks.,interface-engineer
1,"1,2,3,4",interface-engineer,independent-verifier,PENDING_NAMED_CANDIDATE,"independent raw HTTP, inductive deep grammar and shallow exact-value oracle",decoder-strictness/deep-real-receipts,PENDING explicit candidate7 execution release; prepared decoder_runtime.py,UNVERIFIED,unverified,True,TK1-decoder-grammar-leading-dot-moves,3.4 / 5,see named Stage1 sections,Malformed leading-dot gives400 malformed_request on moves before endpoint/auth checks.,interface-engineer
1,"1,2,3,4",interface-engineer,independent-verifier,PENDING_NAMED_CANDIDATE,"independent raw HTTP, inductive deep grammar and shallow exact-value oracle",decoder-strictness/deep-real-receipts,PENDING explicit candidate7 execution release; prepared decoder_runtime.py,UNVERIFIED,unverified,True,TK1-decoder-grammar-leading-dot-patch,3.4 / 5,see named Stage1 sections,Malformed leading-dot gives400 malformed_request on patch before endpoint/auth checks.,interface-engineer
1,"1,2,3,4",interface-engineer,independent-verifier,PENDING_NAMED_CANDIDATE,"independent raw HTTP, inductive deep grammar and shallow exact-value oracle",decoder-strictness/deep-real-receipts,PENDING explicit candidate7 execution release; prepared decoder_runtime.py,UNVERIFIED,unverified,True,TK1-decoder-grammar-leading-dot-import,3.4 / 5,see named Stage1 sections,Malformed leading-dot gives400 malformed_request on import before endpoint/auth checks.,interface-engineer
1,"1,2,3,4",systems-engineer,independent-verifier,PENDING_NAMED_CANDIDATE,"independent raw HTTP, inductive deep grammar and shallow exact-value oracle",decoder-strictness/deep-real-receipts,PENDING explicit candidate7 execution release; prepared decoder_runtime.py,UNVERIFIED,unverified,True,TK1-decoder-grammar-leading-dot-atomic,1 / 7 / 10,see named Stage1 sections,"Malformed requests preserve all current records, sessions and keys.",systems-engineer
1,"1,2,3,4",interface-engineer,independent-verifier,PENDING_NAMED_CANDIDATE,"independent raw HTTP, inductive deep grammar and shallow exact-value oracle",decoder-strictness/deep-real-receipts,PENDING explicit candidate7 execution release; prepared decoder_runtime.py,UNVERIFIED,unverified,True,TK1-decoder-grammar-trailing-dot-reset,3.4 / 5,see named Stage1 sections,Malformed trailing-dot gives400 malformed_request on reset before endpoint/auth checks.,interface-engineer
1,"1,2,3,4",interface-engineer,independent-verifier,PENDING_NAMED_CANDIDATE,"independent raw HTTP, inductive deep grammar and shallow exact-value oracle",decoder-strictness/deep-real-receipts,PENDING explicit candidate7 execution release; prepared decoder_runtime.py,UNVERIFIED,unverified,True,TK1-decoder-grammar-trailing-dot-signup,3.4 / 5,see named Stage1 sections,Malformed trailing-dot gives400 malformed_request on signup before endpoint/auth checks.,interface-engineer
1,"1,2,3,4",interface-engineer,independent-verifier,PENDING_NAMED_CANDIDATE,"independent raw HTTP, inductive deep grammar and shallow exact-value oracle",decoder-strictness/deep-real-receipts,PENDING explicit candidate7 execution release; prepared decoder_runtime.py,UNVERIFIED,unverified,True,TK1-decoder-grammar-trailing-dot-login,3.4 / 5,see named Stage1 sections,Malformed trailing-dot gives400 malformed_request on login before endpoint/auth checks.,interface-engineer
1,"1,2,3,4",interface-engineer,independent-verifier,PENDING_NAMED_CANDIDATE,"independent raw HTTP, inductive deep grammar and shallow exact-value oracle",decoder-strictness/deep-real-receipts,PENDING explicit candidate7 execution release; prepared decoder_runtime.py,UNVERIFIED,unverified,True,TK1-decoder-grammar-trailing-dot-create,3.4 / 5,see named Stage1 sections,Malformed trailing-dot gives400 malformed_request on create before endpoint/auth checks.,interface-engineer
1,"1,2,3,4",interface-engineer,independent-verifier,PENDING_NAMED_CANDIDATE,"independent raw HTTP, inductive deep grammar and shallow exact-value oracle",decoder-strictness/deep-real-receipts,PENDING explicit candidate7 execution release; prepared decoder_runtime.py,UNVERIFIED,unverified,True,TK1-decoder-grammar-trailing-dot-moves,3.4 / 5,see named Stage1 sections,Malformed trailing-dot gives400 malformed_request on moves before endpoint/auth checks.,interface-engineer
1,"1,2,3,4",interface-engineer,independent-verifier,PENDING_NAMED_CANDIDATE,"independent raw HTTP, inductive deep grammar and shallow exact-value oracle",decoder-strictness/deep-real-receipts,PENDING explicit candidate7 execution release; prepared decoder_runtime.py,UNVERIFIED,unverified,True,TK1-decoder-grammar-trailing-dot-patch,3.4 / 5,see named Stage1 sections,Malformed trailing-dot gives400 malformed_request on patch before endpoint/auth checks.,interface-engineer
1,"1,2,3,4",interface-engineer,independent-verifier,PENDING_NAMED_CANDIDATE,"independent raw HTTP, inductive deep grammar and shallow exact-value oracle",decoder-strictness/deep-real-receipts,PENDING explicit candidate7 execution release; prepared decoder_runtime.py,UNVERIFIED,unverified,True,TK1-decoder-grammar-trailing-dot-import,3.4 / 5,see named Stage1 sections,Malformed trailing-dot gives400 malformed_request on import before endpoint/auth checks.,interface-engineer
1,"1,2,3,4",systems-engineer,independent-verifier,PENDING_NAMED_CANDIDATE,"independent raw HTTP, inductive deep grammar and shallow exact-value oracle",decoder-strictness/deep-real-receipts,PENDING explicit candidate7 execution release; prepared decoder_runtime.py,UNVERIFIED,unverified,True,TK1-decoder-grammar-trailing-dot-atomic,1 / 7 / 10,see named Stage1 sections,"Malformed requests preserve all current records, sessions and keys.",systems-engineer
1,"1,2,3,4",interface-engineer,independent-verifier,PENDING_NAMED_CANDIDATE,"independent raw HTTP, inductive deep grammar and shallow exact-value oracle",decoder-strictness/deep-real-receipts,PENDING explicit candidate7 execution release; prepared decoder_runtime.py,UNVERIFIED,unverified,True,TK1-decoder-grammar-empty-exponent-reset,3.4 / 5,see named Stage1 sections,Malformed empty-exponent gives400 malformed_request on reset before endpoint/auth checks.,interface-engineer
1,"1,2,3,4",interface-engineer,independent-verifier,PENDING_NAMED_CANDIDATE,"independent raw HTTP, inductive deep grammar and shallow exact-value oracle",decoder-strictness/deep-real-receipts,PENDING explicit candidate7 execution release; prepared decoder_runtime.py,UNVERIFIED,unverified,True,TK1-decoder-grammar-empty-exponent-signup,3.4 / 5,see named Stage1 sections,Malformed empty-exponent gives400 malformed_request on signup before endpoint/auth checks.,interface-engineer
1,"1,2,3,4",interface-engineer,independent-verifier,PENDING_NAMED_CANDIDATE,"independent raw HTTP, inductive deep grammar and shallow exact-value oracle",decoder-strictness/deep-real-receipts,PENDING explicit candidate7 execution release; prepared decoder_runtime.py,UNVERIFIED,unverified,True,TK1-decoder-grammar-empty-exponent-login,3.4 / 5,see named Stage1 sections,Malformed empty-exponent gives400 malformed_request on login before endpoint/auth checks.,interface-engineer
1,"1,2,3,4",interface-engineer,independent-verifier,PENDING_NAMED_CANDIDATE,"independent raw HTTP, inductive deep grammar and shallow exact-value oracle",decoder-strictness/deep-real-receipts,PENDING explicit candidate7 execution release; prepared decoder_runtime.py,UNVERIFIED,unverified,True,TK1-decoder-grammar-empty-exponent-create,3.4 / 5,see named Stage1 sections,Malformed empty-exponent gives400 malformed_request on create before endpoint/auth checks.,interface-engineer
1,"1,2,3,4",interface-engineer,independent-verifier,PENDING_NAMED_CANDIDATE,"independent raw HTTP, inductive deep grammar and shallow exact-value oracle",decoder-strictness/deep-real-receipts,PENDING explicit candidate7 execution release; prepared decoder_runtime.py,UNVERIFIED,unverified,True,TK1-decoder-grammar-empty-exponent-moves,3.4 / 5,see named Stage1 sections,Malformed empty-exponent gives400 malformed_request on moves before endpoint/auth checks.,interface-engineer
1,"1,2,3,4",interface-engineer,independent-verifier,PENDING_NAMED_CANDIDATE,"independent raw HTTP, inductive deep grammar and shallow exact-value oracle",decoder-strictness/deep-real-receipts,PENDING explicit candidate7 execution release; prepared decoder_runtime.py,UNVERIFIED,unverified,True,TK1-decoder-grammar-empty-exponent-patch,3.4 / 5,see named Stage1 sections,Malformed empty-exponent gives400 malformed_request on patch before endpoint/auth checks.,interface-engineer
1,"1,2,3,4",interface-engineer,independent-verifier,PENDING_NAMED_CANDIDATE,"independent raw HTTP, inductive deep grammar and shallow exact-value oracle",decoder-strictness/deep-real-receipts,PENDING explicit candidate7 execution release; prepared decoder_runtime.py,UNVERIFIED,unverified,True,TK1-decoder-grammar-empty-exponent-import,3.4 / 5,see named Stage1 sections,Malformed empty-exponent gives400 malformed_request on import before endpoint/auth checks.,interface-engineer
1,"1,2,3,4",systems-engineer,independent-verifier,PENDING_NAMED_CANDIDATE,"independent raw HTTP, inductive deep grammar and shallow exact-value oracle",decoder-strictness/deep-real-receipts,PENDING explicit candidate7 execution release; prepared decoder_runtime.py,UNVERIFIED,unverified,True,TK1-decoder-grammar-empty-exponent-atomic,1 / 7 / 10,see named Stage1 sections,"Malformed requests preserve all current records, sessions and keys.",systems-engineer
1,"1,2,3,4",interface-engineer,independent-verifier,PENDING_NAMED_CANDIDATE,"independent raw HTTP, inductive deep grammar and shallow exact-value oracle",decoder-strictness/deep-real-receipts,PENDING explicit candidate7 execution release; prepared decoder_runtime.py,UNVERIFIED,unverified,True,TK1-decoder-grammar-signed-empty-exponent-reset,3.4 / 5,see named Stage1 sections,Malformed signed-empty-exponent gives400 malformed_request on reset before endpoint/auth checks.,interface-engineer
1,"1,2,3,4",interface-engineer,independent-verifier,PENDING_NAMED_CANDIDATE,"independent raw HTTP, inductive deep grammar and shallow exact-value oracle",decoder-strictness/deep-real-receipts,PENDING explicit candidate7 execution release; prepared decoder_runtime.py,UNVERIFIED,unverified,True,TK1-decoder-grammar-signed-empty-exponent-signup,3.4 / 5,see named Stage1 sections,Malformed signed-empty-exponent gives400 malformed_request on signup before endpoint/auth checks.,interface-engineer
1,"1,2,3,4",interface-engineer,independent-verifier,PENDING_NAMED_CANDIDATE,"independent raw HTTP, inductive deep grammar and shallow exact-value oracle",decoder-strictness/deep-real-receipts,PENDING explicit candidate7 execution release; prepared decoder_runtime.py,UNVERIFIED,unverified,True,TK1-decoder-grammar-signed-empty-exponent-login,3.4 / 5,see named Stage1 sections,Malformed signed-empty-exponent gives400 malformed_request on login before endpoint/auth checks.,interface-engineer
1,"1,2,3,4",interface-engineer,independent-verifier,PENDING_NAMED_CANDIDATE,"independent raw HTTP, inductive deep grammar and shallow exact-value oracle",decoder-strictness/deep-real-receipts,PENDING explicit candidate7 execution release; prepared decoder_runtime.py,UNVERIFIED,unverified,True,TK1-decoder-grammar-signed-empty-exponent-create,3.4 / 5,see named Stage1 sections,Malformed signed-empty-exponent gives400 malformed_request on create before endpoint/auth checks.,interface-engineer
1,"1,2,3,4",interface-engineer,independent-verifier,PENDING_NAMED_CANDIDATE,"independent raw HTTP, inductive deep grammar and shallow exact-value oracle",decoder-strictness/deep-real-receipts,PENDING explicit candidate7 execution release; prepared decoder_runtime.py,UNVERIFIED,unverified,True,TK1-decoder-grammar-signed-empty-exponent-moves,3.4 / 5,see named Stage1 sections,Malformed signed-empty-exponent gives400 malformed_request on moves before endpoint/auth checks.,interface-engineer
1,"1,2,3,4",interface-engineer,independent-verifier,PENDING_NAMED_CANDIDATE,"independent raw HTTP, inductive deep grammar and shallow exact-value oracle",decoder-strictness/deep-real-receipts,PENDING explicit candidate7 execution release; prepared decoder_runtime.py,UNVERIFIED,unverified,True,TK1-decoder-grammar-signed-empty-exponent-patch,3.4 / 5,see named Stage1 sections,Malformed signed-empty-exponent gives400 malformed_request on patch before endpoint/auth checks.,interface-engineer
1,"1,2,3,4",interface-engineer,independent-verifier,PENDING_NAMED_CANDIDATE,"independent raw HTTP, inductive deep grammar and shallow exact-value oracle",decoder-strictness/deep-real-receipts,PENDING explicit candidate7 execution release; prepared decoder_runtime.py,UNVERIFIED,unverified,True,TK1-decoder-grammar-signed-empty-exponent-import,3.4 / 5,see named Stage1 sections,Malformed signed-empty-exponent gives400 malformed_request on import before endpoint/auth checks.,interface-engineer
1,"1,2,3,4",systems-engineer,independent-verifier,PENDING_NAMED_CANDIDATE,"independent raw HTTP, inductive deep grammar and shallow exact-value oracle",decoder-strictness/deep-real-receipts,PENDING explicit candidate7 execution release; prepared decoder_runtime.py,UNVERIFIED,unverified,True,TK1-decoder-grammar-signed-empty-exponent-atomic,1 / 7 / 10,see named Stage1 sections,"Malformed requests preserve all current records, sessions and keys.",systems-engineer
1,"1,2,3,4",interface-engineer,independent-verifier,PENDING_NAMED_CANDIDATE,"independent raw HTTP, inductive deep grammar and shallow exact-value oracle",decoder-strictness/deep-real-receipts,PENDING explicit candidate7 execution release; prepared decoder_runtime.py,UNVERIFIED,unverified,True,TK1-decoder-grammar-double-sign-reset,3.4 / 5,see named Stage1 sections,Malformed double-sign gives400 malformed_request on reset before endpoint/auth checks.,interface-engineer
1,"1,2,3,4",interface-engineer,independent-verifier,PENDING_NAMED_CANDIDATE,"independent raw HTTP, inductive deep grammar and shallow exact-value oracle",decoder-strictness/deep-real-receipts,PENDING explicit candidate7 execution release; prepared decoder_runtime.py,UNVERIFIED,unverified,True,TK1-decoder-grammar-double-sign-signup,3.4 / 5,see named Stage1 sections,Malformed double-sign gives400 malformed_request on signup before endpoint/auth checks.,interface-engineer
1,"1,2,3,4",interface-engineer,independent-verifier,PENDING_NAMED_CANDIDATE,"independent raw HTTP, inductive deep grammar and shallow exact-value oracle",decoder-strictness/deep-real-receipts,PENDING explicit candidate7 execution release; prepared decoder_runtime.py,UNVERIFIED,unverified,True,TK1-decoder-grammar-double-sign-login,3.4 / 5,see named Stage1 sections,Malformed double-sign gives400 malformed_request on login before endpoint/auth checks.,interface-engineer
1,"1,2,3,4",interface-engineer,independent-verifier,PENDING_NAMED_CANDIDATE,"independent raw HTTP, inductive deep grammar and shallow exact-value oracle",decoder-strictness/deep-real-receipts,PENDING explicit candidate7 execution release; prepared decoder_runtime.py,UNVERIFIED,unverified,True,TK1-decoder-grammar-double-sign-create,3.4 / 5,see named Stage1 sections,Malformed double-sign gives400 malformed_request on create before endpoint/auth checks.,interface-engineer
1,"1,2,3,4",interface-engineer,independent-verifier,PENDING_NAMED_CANDIDATE,"independent raw HTTP, inductive deep grammar and shallow exact-value oracle",decoder-strictness/deep-real-receipts,PENDING explicit candidate7 execution release; prepared decoder_runtime.py,UNVERIFIED,unverified,True,TK1-decoder-grammar-double-sign-moves,3.4 / 5,see named Stage1 sections,Malformed double-sign gives400 malformed_request on moves before endpoint/auth checks.,interface-engineer
1,"1,2,3,4",interface-engineer,independent-verifier,PENDING_NAMED_CANDIDATE,"independent raw HTTP, inductive deep grammar and shallow exact-value oracle",decoder-strictness/deep-real-receipts,PENDING explicit candidate7 execution release; prepared decoder_runtime.py,UNVERIFIED,unverified,True,TK1-decoder-grammar-double-sign-patch,3.4 / 5,see named Stage1 sections,Malformed double-sign gives400 malformed_request on patch before endpoint/auth checks.,interface-engineer
1,"1,2,3,4",interface-engineer,independent-verifier,PENDING_NAMED_CANDIDATE,"independent raw HTTP, inductive deep grammar and shallow exact-value oracle",decoder-strictness/deep-real-receipts,PENDING explicit candidate7 execution release; prepared decoder_runtime.py,UNVERIFIED,unverified,True,TK1-decoder-grammar-double-sign-import,3.4 / 5,see named Stage1 sections,Malformed double-sign gives400 malformed_request on import before endpoint/auth checks.,interface-engineer
1,"1,2,3,4",systems-engineer,independent-verifier,PENDING_NAMED_CANDIDATE,"independent raw HTTP, inductive deep grammar and shallow exact-value oracle",decoder-strictness/deep-real-receipts,PENDING explicit candidate7 execution release; prepared decoder_runtime.py,UNVERIFIED,unverified,True,TK1-decoder-grammar-double-sign-atomic,1 / 7 / 10,see named Stage1 sections,"Malformed requests preserve all current records, sessions and keys.",systems-engineer
1,"1,2,3,4",interface-engineer,independent-verifier,PENDING_NAMED_CANDIDATE,"independent raw HTTP, inductive deep grammar and shallow exact-value oracle",decoder-strictness/deep-real-receipts,PENDING explicit candidate7 execution release; prepared decoder_runtime.py,UNVERIFIED,unverified,True,TK1-decoder-grammar-hex-reset,3.4 / 5,see named Stage1 sections,Malformed hex gives400 malformed_request on reset before endpoint/auth checks.,interface-engineer
1,"1,2,3,4",interface-engineer,independent-verifier,PENDING_NAMED_CANDIDATE,"independent raw HTTP, inductive deep grammar and shallow exact-value oracle",decoder-strictness/deep-real-receipts,PENDING explicit candidate7 execution release; prepared decoder_runtime.py,UNVERIFIED,unverified,True,TK1-decoder-grammar-hex-signup,3.4 / 5,see named Stage1 sections,Malformed hex gives400 malformed_request on signup before endpoint/auth checks.,interface-engineer
1,"1,2,3,4",interface-engineer,independent-verifier,PENDING_NAMED_CANDIDATE,"independent raw HTTP, inductive deep grammar and shallow exact-value oracle",decoder-strictness/deep-real-receipts,PENDING explicit candidate7 execution release; prepared decoder_runtime.py,UNVERIFIED,unverified,True,TK1-decoder-grammar-hex-login,3.4 / 5,see named Stage1 sections,Malformed hex gives400 malformed_request on login before endpoint/auth checks.,interface-engineer
1,"1,2,3,4",interface-engineer,independent-verifier,PENDING_NAMED_CANDIDATE,"independent raw HTTP, inductive deep grammar and shallow exact-value oracle",decoder-strictness/deep-real-receipts,PENDING explicit candidate7 execution release; prepared decoder_runtime.py,UNVERIFIED,unverified,True,TK1-decoder-grammar-hex-create,3.4 / 5,see named Stage1 sections,Malformed hex gives400 malformed_request on create before endpoint/auth checks.,interface-engineer
1,"1,2,3,4",interface-engineer,independent-verifier,PENDING_NAMED_CANDIDATE,"independent raw HTTP, inductive deep grammar and shallow exact-value oracle",decoder-strictness/deep-real-receipts,PENDING explicit candidate7 execution release; prepared decoder_runtime.py,UNVERIFIED,unverified,True,TK1-decoder-grammar-hex-moves,3.4 / 5,see named Stage1 sections,Malformed hex gives400 malformed_request on moves before endpoint/auth checks.,interface-engineer
1,"1,2,3,4",interface-engineer,independent-verifier,PENDING_NAMED_CANDIDATE,"independent raw HTTP, inductive deep grammar and shallow exact-value oracle",decoder-strictness/deep-real-receipts,PENDING explicit candidate7 execution release; prepared decoder_runtime.py,UNVERIFIED,unverified,True,TK1-decoder-grammar-hex-patch,3.4 / 5,see named Stage1 sections,Malformed hex gives400 malformed_request on patch before endpoint/auth checks.,interface-engineer
1,"1,2,3,4",interface-engineer,independent-verifier,PENDING_NAMED_CANDIDATE,"independent raw HTTP, inductive deep grammar and shallow exact-value oracle",decoder-strictness/deep-real-receipts,PENDING explicit candidate7 execution release; prepared decoder_runtime.py,UNVERIFIED,unverified,True,TK1-decoder-grammar-hex-import,3.4 / 5,see named Stage1 sections,Malformed hex gives400 malformed_request on import before endpoint/auth checks.,interface-engineer
1,"1,2,3,4",systems-engineer,independent-verifier,PENDING_NAMED_CANDIDATE,"independent raw HTTP, inductive deep grammar and shallow exact-value oracle",decoder-strictness/deep-real-receipts,PENDING explicit candidate7 execution release; prepared decoder_runtime.py,UNVERIFIED,unverified,True,TK1-decoder-grammar-hex-atomic,1 / 7 / 10,see named Stage1 sections,"Malformed requests preserve all current records, sessions and keys.",systems-engineer
1,"1,2,3,4",interface-engineer,independent-verifier,PENDING_NAMED_CANDIDATE,"independent raw HTTP, inductive deep grammar and shallow exact-value oracle",decoder-strictness/deep-real-receipts,PENDING explicit candidate7 execution release; prepared decoder_runtime.py,UNVERIFIED,unverified,True,TK1-decoder-grammar-underscore-reset,3.4 / 5,see named Stage1 sections,Malformed underscore gives400 malformed_request on reset before endpoint/auth checks.,interface-engineer
1,"1,2,3,4",interface-engineer,independent-verifier,PENDING_NAMED_CANDIDATE,"independent raw HTTP, inductive deep grammar and shallow exact-value oracle",decoder-strictness/deep-real-receipts,PENDING explicit candidate7 execution release; prepared decoder_runtime.py,UNVERIFIED,unverified,True,TK1-decoder-grammar-underscore-signup,3.4 / 5,see named Stage1 sections,Malformed underscore gives400 malformed_request on signup before endpoint/auth checks.,interface-engineer
1,"1,2,3,4",interface-engineer,independent-verifier,PENDING_NAMED_CANDIDATE,"independent raw HTTP, inductive deep grammar and shallow exact-value oracle",decoder-strictness/deep-real-receipts,PENDING explicit candidate7 execution release; prepared decoder_runtime.py,UNVERIFIED,unverified,True,TK1-decoder-grammar-underscore-login,3.4 / 5,see named Stage1 sections,Malformed underscore gives400 malformed_request on login before endpoint/auth checks.,interface-engineer
1,"1,2,3,4",interface-engineer,independent-verifier,PENDING_NAMED_CANDIDATE,"independent raw HTTP, inductive deep grammar and shallow exact-value oracle",decoder-strictness/deep-real-receipts,PENDING explicit candidate7 execution release; prepared decoder_runtime.py,UNVERIFIED,unverified,True,TK1-decoder-grammar-underscore-create,3.4 / 5,see named Stage1 sections,Malformed underscore gives400 malformed_request on create before endpoint/auth checks.,interface-engineer
1,"1,2,3,4",interface-engineer,independent-verifier,PENDING_NAMED_CANDIDATE,"independent raw HTTP, inductive deep grammar and shallow exact-value oracle",decoder-strictness/deep-real-receipts,PENDING explicit candidate7 execution release; prepared decoder_runtime.py,UNVERIFIED,unverified,True,TK1-decoder-grammar-underscore-moves,3.4 / 5,see named Stage1 sections,Malformed underscore gives400 malformed_request on moves before endpoint/auth checks.,interface-engineer
1,"1,2,3,4",interface-engineer,independent-verifier,PENDING_NAMED_CANDIDATE,"independent raw HTTP, inductive deep grammar and shallow exact-value oracle",decoder-strictness/deep-real-receipts,PENDING explicit candidate7 execution release; prepared decoder_runtime.py,UNVERIFIED,unverified,True,TK1-decoder-grammar-underscore-patch,3.4 / 5,see named Stage1 sections,Malformed underscore gives400 malformed_request on patch before endpoint/auth checks.,interface-engineer
1,"1,2,3,4",interface-engineer,independent-verifier,PENDING_NAMED_CANDIDATE,"independent raw HTTP, inductive deep grammar and shallow exact-value oracle",decoder-strictness/deep-real-receipts,PENDING explicit candidate7 execution release; prepared decoder_runtime.py,UNVERIFIED,unverified,True,TK1-decoder-grammar-underscore-import,3.4 / 5,see named Stage1 sections,Malformed underscore gives400 malformed_request on import before endpoint/auth checks.,interface-engineer
1,"1,2,3,4",systems-engineer,independent-verifier,PENDING_NAMED_CANDIDATE,"independent raw HTTP, inductive deep grammar and shallow exact-value oracle",decoder-strictness/deep-real-receipts,PENDING explicit candidate7 execution release; prepared decoder_runtime.py,UNVERIFIED,unverified,True,TK1-decoder-grammar-underscore-atomic,1 / 7 / 10,see named Stage1 sections,"Malformed requests preserve all current records, sessions and keys.",systems-engineer
1,"1,2,3,4",interface-engineer,independent-verifier,PENDING_NAMED_CANDIDATE,"independent raw HTTP, inductive deep grammar and shallow exact-value oracle",decoder-strictness/deep-real-receipts,PENDING explicit candidate7 execution release; prepared decoder_runtime.py,UNVERIFIED,unverified,True,TK1-decoder-grammar-array-unclosed-reset,3.4 / 5,see named Stage1 sections,Malformed array-unclosed gives400 malformed_request on reset before endpoint/auth checks.,interface-engineer
1,"1,2,3,4",interface-engineer,independent-verifier,PENDING_NAMED_CANDIDATE,"independent raw HTTP, inductive deep grammar and shallow exact-value oracle",decoder-strictness/deep-real-receipts,PENDING explicit candidate7 execution release; prepared decoder_runtime.py,UNVERIFIED,unverified,True,TK1-decoder-grammar-array-unclosed-signup,3.4 / 5,see named Stage1 sections,Malformed array-unclosed gives400 malformed_request on signup before endpoint/auth checks.,interface-engineer
1,"1,2,3,4",interface-engineer,independent-verifier,PENDING_NAMED_CANDIDATE,"independent raw HTTP, inductive deep grammar and shallow exact-value oracle",decoder-strictness/deep-real-receipts,PENDING explicit candidate7 execution release; prepared decoder_runtime.py,UNVERIFIED,unverified,True,TK1-decoder-grammar-array-unclosed-login,3.4 / 5,see named Stage1 sections,Malformed array-unclosed gives400 malformed_request on login before endpoint/auth checks.,interface-engineer
1,"1,2,3,4",interface-engineer,independent-verifier,PENDING_NAMED_CANDIDATE,"independent raw HTTP, inductive deep grammar and shallow exact-value oracle",decoder-strictness/deep-real-receipts,PENDING explicit candidate7 execution release; prepared decoder_runtime.py,UNVERIFIED,unverified,True,TK1-decoder-grammar-array-unclosed-create,3.4 / 5,see named Stage1 sections,Malformed array-unclosed gives400 malformed_request on create before endpoint/auth checks.,interface-engineer
1,"1,2,3,4",interface-engineer,independent-verifier,PENDING_NAMED_CANDIDATE,"independent raw HTTP, inductive deep grammar and shallow exact-value oracle",decoder-strictness/deep-real-receipts,PENDING explicit candidate7 execution release; prepared decoder_runtime.py,UNVERIFIED,unverified,True,TK1-decoder-grammar-array-unclosed-moves,3.4 / 5,see named Stage1 sections,Malformed array-unclosed gives400 malformed_request on moves before endpoint/auth checks.,interface-engineer
1,"1,2,3,4",interface-engineer,independent-verifier,PENDING_NAMED_CANDIDATE,"independent raw HTTP, inductive deep grammar and shallow exact-value oracle",decoder-strictness/deep-real-receipts,PENDING explicit candidate7 execution release; prepared decoder_runtime.py,UNVERIFIED,unverified,True,TK1-decoder-grammar-array-unclosed-patch,3.4 / 5,see named Stage1 sections,Malformed array-unclosed gives400 malformed_request on patch before endpoint/auth checks.,interface-engineer
1,"1,2,3,4",interface-engineer,independent-verifier,PENDING_NAMED_CANDIDATE,"independent raw HTTP, inductive deep grammar and shallow exact-value oracle",decoder-strictness/deep-real-receipts,PENDING explicit candidate7 execution release; prepared decoder_runtime.py,UNVERIFIED,unverified,True,TK1-decoder-grammar-array-unclosed-import,3.4 / 5,see named Stage1 sections,Malformed array-unclosed gives400 malformed_request on import before endpoint/auth checks.,interface-engineer
1,"1,2,3,4",systems-engineer,independent-verifier,PENDING_NAMED_CANDIDATE,"independent raw HTTP, inductive deep grammar and shallow exact-value oracle",decoder-strictness/deep-real-receipts,PENDING explicit candidate7 execution release; prepared decoder_runtime.py,UNVERIFIED,unverified,True,TK1-decoder-grammar-array-unclosed-atomic,1 / 7 / 10,see named Stage1 sections,"Malformed requests preserve all current records, sessions and keys.",systems-engineer
1,"1,2,3,4",interface-engineer,independent-verifier,PENDING_NAMED_CANDIDATE,"independent raw HTTP, inductive deep grammar and shallow exact-value oracle",decoder-strictness/deep-real-receipts,PENDING explicit candidate7 execution release; prepared decoder_runtime.py,UNVERIFIED,unverified,True,TK1-decoder-grammar-object-unclosed-reset,3.4 / 5,see named Stage1 sections,Malformed object-unclosed gives400 malformed_request on reset before endpoint/auth checks.,interface-engineer
1,"1,2,3,4",interface-engineer,independent-verifier,PENDING_NAMED_CANDIDATE,"independent raw HTTP, inductive deep grammar and shallow exact-value oracle",decoder-strictness/deep-real-receipts,PENDING explicit candidate7 execution release; prepared decoder_runtime.py,UNVERIFIED,unverified,True,TK1-decoder-grammar-object-unclosed-signup,3.4 / 5,see named Stage1 sections,Malformed object-unclosed gives400 malformed_request on signup before endpoint/auth checks.,interface-engineer
1,"1,2,3,4",interface-engineer,independent-verifier,PENDING_NAMED_CANDIDATE,"independent raw HTTP, inductive deep grammar and shallow exact-value oracle",decoder-strictness/deep-real-receipts,PENDING explicit candidate7 execution release; prepared decoder_runtime.py,UNVERIFIED,unverified,True,TK1-decoder-grammar-object-unclosed-login,3.4 / 5,see named Stage1 sections,Malformed object-unclosed gives400 malformed_request on login before endpoint/auth checks.,interface-engineer
1,"1,2,3,4",interface-engineer,independent-verifier,PENDING_NAMED_CANDIDATE,"independent raw HTTP, inductive deep grammar and shallow exact-value oracle",decoder-strictness/deep-real-receipts,PENDING explicit candidate7 execution release; prepared decoder_runtime.py,UNVERIFIED,unverified,True,TK1-decoder-grammar-object-unclosed-create,3.4 / 5,see named Stage1 sections,Malformed object-unclosed gives400 malformed_request on create before endpoint/auth checks.,interface-engineer
1,"1,2,3,4",interface-engineer,independent-verifier,PENDING_NAMED_CANDIDATE,"independent raw HTTP, inductive deep grammar and shallow exact-value oracle",decoder-strictness/deep-real-receipts,PENDING explicit candidate7 execution release; prepared decoder_runtime.py,UNVERIFIED,unverified,True,TK1-decoder-grammar-object-unclosed-moves,3.4 / 5,see named Stage1 sections,Malformed object-unclosed gives400 malformed_request on moves before endpoint/auth checks.,interface-engineer
1,"1,2,3,4",interface-engineer,independent-verifier,PENDING_NAMED_CANDIDATE,"independent raw HTTP, inductive deep grammar and shallow exact-value oracle",decoder-strictness/deep-real-receipts,PENDING explicit candidate7 execution release; prepared decoder_runtime.py,UNVERIFIED,unverified,True,TK1-decoder-grammar-object-unclosed-patch,3.4 / 5,see named Stage1 sections,Malformed object-unclosed gives400 malformed_request on patch before endpoint/auth checks.,interface-engineer
1,"1,2,3,4",interface-engineer,independent-verifier,PENDING_NAMED_CANDIDATE,"independent raw HTTP, inductive deep grammar and shallow exact-value oracle",decoder-strictness/deep-real-receipts,PENDING explicit candidate7 execution release; prepared decoder_runtime.py,UNVERIFIED,unverified,True,TK1-decoder-grammar-object-unclosed-import,3.4 / 5,see named Stage1 sections,Malformed object-unclosed gives400 malformed_request on import before endpoint/auth checks.,interface-engineer
1,"1,2,3,4",systems-engineer,independent-verifier,PENDING_NAMED_CANDIDATE,"independent raw HTTP, inductive deep grammar and shallow exact-value oracle",decoder-strictness/deep-real-receipts,PENDING explicit candidate7 execution release; prepared decoder_runtime.py,UNVERIFIED,unverified,True,TK1-decoder-grammar-object-unclosed-atomic,1 / 7 / 10,see named Stage1 sections,"Malformed requests preserve all current records, sessions and keys.",systems-engineer
1,"1,2,3,4",interface-engineer,independent-verifier,PENDING_NAMED_CANDIDATE,"independent raw HTTP, inductive deep grammar and shallow exact-value oracle",decoder-strictness/deep-real-receipts,PENDING explicit candidate7 execution release; prepared decoder_runtime.py,UNVERIFIED,unverified,True,TK1-decoder-grammar-extra-close-reset,3.4 / 5,see named Stage1 sections,Malformed extra-close gives400 malformed_request on reset before endpoint/auth checks.,interface-engineer
1,"1,2,3,4",interface-engineer,independent-verifier,PENDING_NAMED_CANDIDATE,"independent raw HTTP, inductive deep grammar and shallow exact-value oracle",decoder-strictness/deep-real-receipts,PENDING explicit candidate7 execution release; prepared decoder_runtime.py,UNVERIFIED,unverified,True,TK1-decoder-grammar-extra-close-signup,3.4 / 5,see named Stage1 sections,Malformed extra-close gives400 malformed_request on signup before endpoint/auth checks.,interface-engineer
1,"1,2,3,4",interface-engineer,independent-verifier,PENDING_NAMED_CANDIDATE,"independent raw HTTP, inductive deep grammar and shallow exact-value oracle",decoder-strictness/deep-real-receipts,PENDING explicit candidate7 execution release; prepared decoder_runtime.py,UNVERIFIED,unverified,True,TK1-decoder-grammar-extra-close-login,3.4 / 5,see named Stage1 sections,Malformed extra-close gives400 malformed_request on login before endpoint/auth checks.,interface-engineer
1,"1,2,3,4",interface-engineer,independent-verifier,PENDING_NAMED_CANDIDATE,"independent raw HTTP, inductive deep grammar and shallow exact-value oracle",decoder-strictness/deep-real-receipts,PENDING explicit candidate7 execution release; prepared decoder_runtime.py,UNVERIFIED,unverified,True,TK1-decoder-grammar-extra-close-create,3.4 / 5,see named Stage1 sections,Malformed extra-close gives400 malformed_request on create before endpoint/auth checks.,interface-engineer
1,"1,2,3,4",interface-engineer,independent-verifier,PENDING_NAMED_CANDIDATE,"independent raw HTTP, inductive deep grammar and shallow exact-value oracle",decoder-strictness/deep-real-receipts,PENDING explicit candidate7 execution release; prepared decoder_runtime.py,UNVERIFIED,unverified,True,TK1-decoder-grammar-extra-close-moves,3.4 / 5,see named Stage1 sections,Malformed extra-close gives400 malformed_request on moves before endpoint/auth checks.,interface-engineer
1,"1,2,3,4",interface-engineer,independent-verifier,PENDING_NAMED_CANDIDATE,"independent raw HTTP, inductive deep grammar and shallow exact-value oracle",decoder-strictness/deep-real-receipts,PENDING explicit candidate7 execution release; prepared decoder_runtime.py,UNVERIFIED,unverified,True,TK1-decoder-grammar-extra-close-patch,3.4 / 5,see named Stage1 sections,Malformed extra-close gives400 malformed_request on patch before endpoint/auth checks.,interface-engineer
1,"1,2,3,4",interface-engineer,independent-verifier,PENDING_NAMED_CANDIDATE,"independent raw HTTP, inductive deep grammar and shallow exact-value oracle",decoder-strictness/deep-real-receipts,PENDING explicit candidate7 execution release; prepared decoder_runtime.py,UNVERIFIED,unverified,True,TK1-decoder-grammar-extra-close-import,3.4 / 5,see named Stage1 sections,Malformed extra-close gives400 malformed_request on import before endpoint/auth checks.,interface-engineer
1,"1,2,3,4",systems-engineer,independent-verifier,PENDING_NAMED_CANDIDATE,"independent raw HTTP, inductive deep grammar and shallow exact-value oracle",decoder-strictness/deep-real-receipts,PENDING explicit candidate7 execution release; prepared decoder_runtime.py,UNVERIFIED,unverified,True,TK1-decoder-grammar-extra-close-atomic,1 / 7 / 10,see named Stage1 sections,"Malformed requests preserve all current records, sessions and keys.",systems-engineer
1,"1,2,3,4",interface-engineer,independent-verifier,PENDING_NAMED_CANDIDATE,"independent raw HTTP, inductive deep grammar and shallow exact-value oracle",decoder-strictness/deep-real-receipts,PENDING explicit candidate7 execution release; prepared decoder_runtime.py,UNVERIFIED,unverified,True,TK1-decoder-grammar-mismatched-close-reset,3.4 / 5,see named Stage1 sections,Malformed mismatched-close gives400 malformed_request on reset before endpoint/auth checks.,interface-engineer
1,"1,2,3,4",interface-engineer,independent-verifier,PENDING_NAMED_CANDIDATE,"independent raw HTTP, inductive deep grammar and shallow exact-value oracle",decoder-strictness/deep-real-receipts,PENDING explicit candidate7 execution release; prepared decoder_runtime.py,UNVERIFIED,unverified,True,TK1-decoder-grammar-mismatched-close-signup,3.4 / 5,see named Stage1 sections,Malformed mismatched-close gives400 malformed_request on signup before endpoint/auth checks.,interface-engineer
1,"1,2,3,4",interface-engineer,independent-verifier,PENDING_NAMED_CANDIDATE,"independent raw HTTP, inductive deep grammar and shallow exact-value oracle",decoder-strictness/deep-real-receipts,PENDING explicit candidate7 execution release; prepared decoder_runtime.py,UNVERIFIED,unverified,True,TK1-decoder-grammar-mismatched-close-login,3.4 / 5,see named Stage1 sections,Malformed mismatched-close gives400 malformed_request on login before endpoint/auth checks.,interface-engineer
1,"1,2,3,4",interface-engineer,independent-verifier,PENDING_NAMED_CANDIDATE,"independent raw HTTP, inductive deep grammar and shallow exact-value oracle",decoder-strictness/deep-real-receipts,PENDING explicit candidate7 execution release; prepared decoder_runtime.py,UNVERIFIED,unverified,True,TK1-decoder-grammar-mismatched-close-create,3.4 / 5,see named Stage1 sections,Malformed mismatched-close gives400 malformed_request on create before endpoint/auth checks.,interface-engineer
1,"1,2,3,4",interface-engineer,independent-verifier,PENDING_NAMED_CANDIDATE,"independent raw HTTP, inductive deep grammar and shallow exact-value oracle",decoder-strictness/deep-real-receipts,PENDING explicit candidate7 execution release; prepared decoder_runtime.py,UNVERIFIED,unverified,True,TK1-decoder-grammar-mismatched-close-moves,3.4 / 5,see named Stage1 sections,Malformed mismatched-close gives400 malformed_request on moves before endpoint/auth checks.,interface-engineer
1,"1,2,3,4",interface-engineer,independent-verifier,PENDING_NAMED_CANDIDATE,"independent raw HTTP, inductive deep grammar and shallow exact-value oracle",decoder-strictness/deep-real-receipts,PENDING explicit candidate7 execution release; prepared decoder_runtime.py,UNVERIFIED,unverified,True,TK1-decoder-grammar-mismatched-close-patch,3.4 / 5,see named Stage1 sections,Malformed mismatched-close gives400 malformed_request on patch before endpoint/auth checks.,interface-engineer
1,"1,2,3,4",interface-engineer,independent-verifier,PENDING_NAMED_CANDIDATE,"independent raw HTTP, inductive deep grammar and shallow exact-value oracle",decoder-strictness/deep-real-receipts,PENDING explicit candidate7 execution release; prepared decoder_runtime.py,UNVERIFIED,unverified,True,TK1-decoder-grammar-mismatched-close-import,3.4 / 5,see named Stage1 sections,Malformed mismatched-close gives400 malformed_request on import before endpoint/auth checks.,interface-engineer
1,"1,2,3,4",systems-engineer,independent-verifier,PENDING_NAMED_CANDIDATE,"independent raw HTTP, inductive deep grammar and shallow exact-value oracle",decoder-strictness/deep-real-receipts,PENDING explicit candidate7 execution release; prepared decoder_runtime.py,UNVERIFIED,unverified,True,TK1-decoder-grammar-mismatched-close-atomic,1 / 7 / 10,see named Stage1 sections,"Malformed requests preserve all current records, sessions and keys.",systems-engineer
1,"1,2,3,4",interface-engineer,independent-verifier,PENDING_NAMED_CANDIDATE,"independent raw HTTP, inductive deep grammar and shallow exact-value oracle",decoder-strictness/deep-real-receipts,PENDING explicit candidate7 execution release; prepared decoder_runtime.py,UNVERIFIED,unverified,True,TK1-decoder-grammar-array-trailing-comma-reset,3.4 / 5,see named Stage1 sections,Malformed array-trailing-comma gives400 malformed_request on reset before endpoint/auth checks.,interface-engineer
1,"1,2,3,4",interface-engineer,independent-verifier,PENDING_NAMED_CANDIDATE,"independent raw HTTP, inductive deep grammar and shallow exact-value oracle",decoder-strictness/deep-real-receipts,PENDING explicit candidate7 execution release; prepared decoder_runtime.py,UNVERIFIED,unverified,True,TK1-decoder-grammar-array-trailing-comma-signup,3.4 / 5,see named Stage1 sections,Malformed array-trailing-comma gives400 malformed_request on signup before endpoint/auth checks.,interface-engineer
1,"1,2,3,4",interface-engineer,independent-verifier,PENDING_NAMED_CANDIDATE,"independent raw HTTP, inductive deep grammar and shallow exact-value oracle",decoder-strictness/deep-real-receipts,PENDING explicit candidate7 execution release; prepared decoder_runtime.py,UNVERIFIED,unverified,True,TK1-decoder-grammar-array-trailing-comma-login,3.4 / 5,see named Stage1 sections,Malformed array-trailing-comma gives400 malformed_request on login before endpoint/auth checks.,interface-engineer
1,"1,2,3,4",interface-engineer,independent-verifier,PENDING_NAMED_CANDIDATE,"independent raw HTTP, inductive deep grammar and shallow exact-value oracle",decoder-strictness/deep-real-receipts,PENDING explicit candidate7 execution release; prepared decoder_runtime.py,UNVERIFIED,unverified,True,TK1-decoder-grammar-array-trailing-comma-create,3.4 / 5,see named Stage1 sections,Malformed array-trailing-comma gives400 malformed_request on create before endpoint/auth checks.,interface-engineer
1,"1,2,3,4",interface-engineer,independent-verifier,PENDING_NAMED_CANDIDATE,"independent raw HTTP, inductive deep grammar and shallow exact-value oracle",decoder-strictness/deep-real-receipts,PENDING explicit candidate7 execution release; prepared decoder_runtime.py,UNVERIFIED,unverified,True,TK1-decoder-grammar-array-trailing-comma-moves,3.4 / 5,see named Stage1 sections,Malformed array-trailing-comma gives400 malformed_request on moves before endpoint/auth checks.,interface-engineer
1,"1,2,3,4",interface-engineer,independent-verifier,PENDING_NAMED_CANDIDATE,"independent raw HTTP, inductive deep grammar and shallow exact-value oracle",decoder-strictness/deep-real-receipts,PENDING explicit candidate7 execution release; prepared decoder_runtime.py,UNVERIFIED,unverified,True,TK1-decoder-grammar-array-trailing-comma-patch,3.4 / 5,see named Stage1 sections,Malformed array-trailing-comma gives400 malformed_request on patch before endpoint/auth checks.,interface-engineer
1,"1,2,3,4",interface-engineer,independent-verifier,PENDING_NAMED_CANDIDATE,"independent raw HTTP, inductive deep grammar and shallow exact-value oracle",decoder-strictness/deep-real-receipts,PENDING explicit candidate7 execution release; prepared decoder_runtime.py,UNVERIFIED,unverified,True,TK1-decoder-grammar-array-trailing-comma-import,3.4 / 5,see named Stage1 sections,Malformed array-trailing-comma gives400 malformed_request on import before endpoint/auth checks.,interface-engineer
1,"1,2,3,4",systems-engineer,independent-verifier,PENDING_NAMED_CANDIDATE,"independent raw HTTP, inductive deep grammar and shallow exact-value oracle",decoder-strictness/deep-real-receipts,PENDING explicit candidate7 execution release; prepared decoder_runtime.py,UNVERIFIED,unverified,True,TK1-decoder-grammar-array-trailing-comma-atomic,1 / 7 / 10,see named Stage1 sections,"Malformed requests preserve all current records, sessions and keys.",systems-engineer
1,"1,2,3,4",interface-engineer,independent-verifier,PENDING_NAMED_CANDIDATE,"independent raw HTTP, inductive deep grammar and shallow exact-value oracle",decoder-strictness/deep-real-receipts,PENDING explicit candidate7 execution release; prepared decoder_runtime.py,UNVERIFIED,unverified,True,TK1-decoder-grammar-object-trailing-comma-reset,3.4 / 5,see named Stage1 sections,Malformed object-trailing-comma gives400 malformed_request on reset before endpoint/auth checks.,interface-engineer
1,"1,2,3,4",interface-engineer,independent-verifier,PENDING_NAMED_CANDIDATE,"independent raw HTTP, inductive deep grammar and shallow exact-value oracle",decoder-strictness/deep-real-receipts,PENDING explicit candidate7 execution release; prepared decoder_runtime.py,UNVERIFIED,unverified,True,TK1-decoder-grammar-object-trailing-comma-signup,3.4 / 5,see named Stage1 sections,Malformed object-trailing-comma gives400 malformed_request on signup before endpoint/auth checks.,interface-engineer
1,"1,2,3,4",interface-engineer,independent-verifier,PENDING_NAMED_CANDIDATE,"independent raw HTTP, inductive deep grammar and shallow exact-value oracle",decoder-strictness/deep-real-receipts,PENDING explicit candidate7 execution release; prepared decoder_runtime.py,UNVERIFIED,unverified,True,TK1-decoder-grammar-object-trailing-comma-login,3.4 / 5,see named Stage1 sections,Malformed object-trailing-comma gives400 malformed_request on login before endpoint/auth checks.,interface-engineer
1,"1,2,3,4",interface-engineer,independent-verifier,PENDING_NAMED_CANDIDATE,"independent raw HTTP, inductive deep grammar and shallow exact-value oracle",decoder-strictness/deep-real-receipts,PENDING explicit candidate7 execution release; prepared decoder_runtime.py,UNVERIFIED,unverified,True,TK1-decoder-grammar-object-trailing-comma-create,3.4 / 5,see named Stage1 sections,Malformed object-trailing-comma gives400 malformed_request on create before endpoint/auth checks.,interface-engineer
1,"1,2,3,4",interface-engineer,independent-verifier,PENDING_NAMED_CANDIDATE,"independent raw HTTP, inductive deep grammar and shallow exact-value oracle",decoder-strictness/deep-real-receipts,PENDING explicit candidate7 execution release; prepared decoder_runtime.py,UNVERIFIED,unverified,True,TK1-decoder-grammar-object-trailing-comma-moves,3.4 / 5,see named Stage1 sections,Malformed object-trailing-comma gives400 malformed_request on moves before endpoint/auth checks.,interface-engineer
1,"1,2,3,4",interface-engineer,independent-verifier,PENDING_NAMED_CANDIDATE,"independent raw HTTP, inductive deep grammar and shallow exact-value oracle",decoder-strictness/deep-real-receipts,PENDING explicit candidate7 execution release; prepared decoder_runtime.py,UNVERIFIED,unverified,True,TK1-decoder-grammar-object-trailing-comma-patch,3.4 / 5,see named Stage1 sections,Malformed object-trailing-comma gives400 malformed_request on patch before endpoint/auth checks.,interface-engineer
1,"1,2,3,4",interface-engineer,independent-verifier,PENDING_NAMED_CANDIDATE,"independent raw HTTP, inductive deep grammar and shallow exact-value oracle",decoder-strictness/deep-real-receipts,PENDING explicit candidate7 execution release; prepared decoder_runtime.py,UNVERIFIED,unverified,True,TK1-decoder-grammar-object-trailing-comma-import,3.4 / 5,see named Stage1 sections,Malformed object-trailing-comma gives400 malformed_request on import before endpoint/auth checks.,interface-engineer
1,"1,2,3,4",systems-engineer,independent-verifier,PENDING_NAMED_CANDIDATE,"independent raw HTTP, inductive deep grammar and shallow exact-value oracle",decoder-strictness/deep-real-receipts,PENDING explicit candidate7 execution release; prepared decoder_runtime.py,UNVERIFIED,unverified,True,TK1-decoder-grammar-object-trailing-comma-atomic,1 / 7 / 10,see named Stage1 sections,"Malformed requests preserve all current records, sessions and keys.",systems-engineer
1,"1,2,3,4",interface-engineer,independent-verifier,PENDING_NAMED_CANDIDATE,"independent raw HTTP, inductive deep grammar and shallow exact-value oracle",decoder-strictness/deep-real-receipts,PENDING explicit candidate7 execution release; prepared decoder_runtime.py,UNVERIFIED,unverified,True,TK1-decoder-grammar-double-comma-reset,3.4 / 5,see named Stage1 sections,Malformed double-comma gives400 malformed_request on reset before endpoint/auth checks.,interface-engineer
1,"1,2,3,4",interface-engineer,independent-verifier,PENDING_NAMED_CANDIDATE,"independent raw HTTP, inductive deep grammar and shallow exact-value oracle",decoder-strictness/deep-real-receipts,PENDING explicit candidate7 execution release; prepared decoder_runtime.py,UNVERIFIED,unverified,True,TK1-decoder-grammar-double-comma-signup,3.4 / 5,see named Stage1 sections,Malformed double-comma gives400 malformed_request on signup before endpoint/auth checks.,interface-engineer
1,"1,2,3,4",interface-engineer,independent-verifier,PENDING_NAMED_CANDIDATE,"independent raw HTTP, inductive deep grammar and shallow exact-value oracle",decoder-strictness/deep-real-receipts,PENDING explicit candidate7 execution release; prepared decoder_runtime.py,UNVERIFIED,unverified,True,TK1-decoder-grammar-double-comma-login,3.4 / 5,see named Stage1 sections,Malformed double-comma gives400 malformed_request on login before endpoint/auth checks.,interface-engineer
1,"1,2,3,4",interface-engineer,independent-verifier,PENDING_NAMED_CANDIDATE,"independent raw HTTP, inductive deep grammar and shallow exact-value oracle",decoder-strictness/deep-real-receipts,PENDING explicit candidate7 execution release; prepared decoder_runtime.py,UNVERIFIED,unverified,True,TK1-decoder-grammar-double-comma-create,3.4 / 5,see named Stage1 sections,Malformed double-comma gives400 malformed_request on create before endpoint/auth checks.,interface-engineer
1,"1,2,3,4",interface-engineer,independent-verifier,PENDING_NAMED_CANDIDATE,"independent raw HTTP, inductive deep grammar and shallow exact-value oracle",decoder-strictness/deep-real-receipts,PENDING explicit candidate7 execution release; prepared decoder_runtime.py,UNVERIFIED,unverified,True,TK1-decoder-grammar-double-comma-moves,3.4 / 5,see named Stage1 sections,Malformed double-comma gives400 malformed_request on moves before endpoint/auth checks.,interface-engineer
1,"1,2,3,4",interface-engineer,independent-verifier,PENDING_NAMED_CANDIDATE,"independent raw HTTP, inductive deep grammar and shallow exact-value oracle",decoder-strictness/deep-real-receipts,PENDING explicit candidate7 execution release; prepared decoder_runtime.py,UNVERIFIED,unverified,True,TK1-decoder-grammar-double-comma-patch,3.4 / 5,see named Stage1 sections,Malformed double-comma gives400 malformed_request on patch before endpoint/auth checks.,interface-engineer
1,"1,2,3,4",interface-engineer,independent-verifier,PENDING_NAMED_CANDIDATE,"independent raw HTTP, inductive deep grammar and shallow exact-value oracle",decoder-strictness/deep-real-receipts,PENDING explicit candidate7 execution release; prepared decoder_runtime.py,UNVERIFIED,unverified,True,TK1-decoder-grammar-double-comma-import,3.4 / 5,see named Stage1 sections,Malformed double-comma gives400 malformed_request on import before endpoint/auth checks.,interface-engineer
1,"1,2,3,4",systems-engineer,independent-verifier,PENDING_NAMED_CANDIDATE,"independent raw HTTP, inductive deep grammar and shallow exact-value oracle",decoder-strictness/deep-real-receipts,PENDING explicit candidate7 execution release; prepared decoder_runtime.py,UNVERIFIED,unverified,True,TK1-decoder-grammar-double-comma-atomic,1 / 7 / 10,see named Stage1 sections,"Malformed requests preserve all current records, sessions and keys.",systems-engineer
1,"1,2,3,4",interface-engineer,independent-verifier,PENDING_NAMED_CANDIDATE,"independent raw HTTP, inductive deep grammar and shallow exact-value oracle",decoder-strictness/deep-real-receipts,PENDING explicit candidate7 execution release; prepared decoder_runtime.py,UNVERIFIED,unverified,True,TK1-decoder-grammar-array-missing-comma-reset,3.4 / 5,see named Stage1 sections,Malformed array-missing-comma gives400 malformed_request on reset before endpoint/auth checks.,interface-engineer
1,"1,2,3,4",interface-engineer,independent-verifier,PENDING_NAMED_CANDIDATE,"independent raw HTTP, inductive deep grammar and shallow exact-value oracle",decoder-strictness/deep-real-receipts,PENDING explicit candidate7 execution release; prepared decoder_runtime.py,UNVERIFIED,unverified,True,TK1-decoder-grammar-array-missing-comma-signup,3.4 / 5,see named Stage1 sections,Malformed array-missing-comma gives400 malformed_request on signup before endpoint/auth checks.,interface-engineer
1,"1,2,3,4",interface-engineer,independent-verifier,PENDING_NAMED_CANDIDATE,"independent raw HTTP, inductive deep grammar and shallow exact-value oracle",decoder-strictness/deep-real-receipts,PENDING explicit candidate7 execution release; prepared decoder_runtime.py,UNVERIFIED,unverified,True,TK1-decoder-grammar-array-missing-comma-login,3.4 / 5,see named Stage1 sections,Malformed array-missing-comma gives400 malformed_request on login before endpoint/auth checks.,interface-engineer
1,"1,2,3,4",interface-engineer,independent-verifier,PENDING_NAMED_CANDIDATE,"independent raw HTTP, inductive deep grammar and shallow exact-value oracle",decoder-strictness/deep-real-receipts,PENDING explicit candidate7 execution release; prepared decoder_runtime.py,UNVERIFIED,unverified,True,TK1-decoder-grammar-array-missing-comma-create,3.4 / 5,see named Stage1 sections,Malformed array-missing-comma gives400 malformed_request on create before endpoint/auth checks.,interface-engineer
1,"1,2,3,4",interface-engineer,independent-verifier,PENDING_NAMED_CANDIDATE,"independent raw HTTP, inductive deep grammar and shallow exact-value oracle",decoder-strictness/deep-real-receipts,PENDING explicit candidate7 execution release; prepared decoder_runtime.py,UNVERIFIED,unverified,True,TK1-decoder-grammar-array-missing-comma-moves,3.4 / 5,see named Stage1 sections,Malformed array-missing-comma gives400 malformed_request on moves before endpoint/auth checks.,interface-engineer
1,"1,2,3,4",interface-engineer,independent-verifier,PENDING_NAMED_CANDIDATE,"independent raw HTTP, inductive deep grammar and shallow exact-value oracle",decoder-strictness/deep-real-receipts,PENDING explicit candidate7 execution release; prepared decoder_runtime.py,UNVERIFIED,unverified,True,TK1-decoder-grammar-array-missing-comma-patch,3.4 / 5,see named Stage1 sections,Malformed array-missing-comma gives400 malformed_request on patch before endpoint/auth checks.,interface-engineer
1,"1,2,3,4",interface-engineer,independent-verifier,PENDING_NAMED_CANDIDATE,"independent raw HTTP, inductive deep grammar and shallow exact-value oracle",decoder-strictness/deep-real-receipts,PENDING explicit candidate7 execution release; prepared decoder_runtime.py,UNVERIFIED,unverified,True,TK1-decoder-grammar-array-missing-comma-import,3.4 / 5,see named Stage1 sections,Malformed array-missing-comma gives400 malformed_request on import before endpoint/auth checks.,interface-engineer
1,"1,2,3,4",systems-engineer,independent-verifier,PENDING_NAMED_CANDIDATE,"independent raw HTTP, inductive deep grammar and shallow exact-value oracle",decoder-strictness/deep-real-receipts,PENDING explicit candidate7 execution release; prepared decoder_runtime.py,UNVERIFIED,unverified,True,TK1-decoder-grammar-array-missing-comma-atomic,1 / 7 / 10,see named Stage1 sections,"Malformed requests preserve all current records, sessions and keys.",systems-engineer
1,"1,2,3,4",interface-engineer,independent-verifier,PENDING_NAMED_CANDIDATE,"independent raw HTTP, inductive deep grammar and shallow exact-value oracle",decoder-strictness/deep-real-receipts,PENDING explicit candidate7 execution release; prepared decoder_runtime.py,UNVERIFIED,unverified,True,TK1-decoder-grammar-object-missing-comma-reset,3.4 / 5,see named Stage1 sections,Malformed object-missing-comma gives400 malformed_request on reset before endpoint/auth checks.,interface-engineer
1,"1,2,3,4",interface-engineer,independent-verifier,PENDING_NAMED_CANDIDATE,"independent raw HTTP, inductive deep grammar and shallow exact-value oracle",decoder-strictness/deep-real-receipts,PENDING explicit candidate7 execution release; prepared decoder_runtime.py,UNVERIFIED,unverified,True,TK1-decoder-grammar-object-missing-comma-signup,3.4 / 5,see named Stage1 sections,Malformed object-missing-comma gives400 malformed_request on signup before endpoint/auth checks.,interface-engineer
1,"1,2,3,4",interface-engineer,independent-verifier,PENDING_NAMED_CANDIDATE,"independent raw HTTP, inductive deep grammar and shallow exact-value oracle",decoder-strictness/deep-real-receipts,PENDING explicit candidate7 execution release; prepared decoder_runtime.py,UNVERIFIED,unverified,True,TK1-decoder-grammar-object-missing-comma-login,3.4 / 5,see named Stage1 sections,Malformed object-missing-comma gives400 malformed_request on login before endpoint/auth checks.,interface-engineer
1,"1,2,3,4",interface-engineer,independent-verifier,PENDING_NAMED_CANDIDATE,"independent raw HTTP, inductive deep grammar and shallow exact-value oracle",decoder-strictness/deep-real-receipts,PENDING explicit candidate7 execution release; prepared decoder_runtime.py,UNVERIFIED,unverified,True,TK1-decoder-grammar-object-missing-comma-create,3.4 / 5,see named Stage1 sections,Malformed object-missing-comma gives400 malformed_request on create before endpoint/auth checks.,interface-engineer
1,"1,2,3,4",interface-engineer,independent-verifier,PENDING_NAMED_CANDIDATE,"independent raw HTTP, inductive deep grammar and shallow exact-value oracle",decoder-strictness/deep-real-receipts,PENDING explicit candidate7 execution release; prepared decoder_runtime.py,UNVERIFIED,unverified,True,TK1-decoder-grammar-object-missing-comma-moves,3.4 / 5,see named Stage1 sections,Malformed object-missing-comma gives400 malformed_request on moves before endpoint/auth checks.,interface-engineer
1,"1,2,3,4",interface-engineer,independent-verifier,PENDING_NAMED_CANDIDATE,"independent raw HTTP, inductive deep grammar and shallow exact-value oracle",decoder-strictness/deep-real-receipts,PENDING explicit candidate7 execution release; prepared decoder_runtime.py,UNVERIFIED,unverified,True,TK1-decoder-grammar-object-missing-comma-patch,3.4 / 5,see named Stage1 sections,Malformed object-missing-comma gives400 malformed_request on patch before endpoint/auth checks.,interface-engineer
1,"1,2,3,4",interface-engineer,independent-verifier,PENDING_NAMED_CANDIDATE,"independent raw HTTP, inductive deep grammar and shallow exact-value oracle",decoder-strictness/deep-real-receipts,PENDING explicit candidate7 execution release; prepared decoder_runtime.py,UNVERIFIED,unverified,True,TK1-decoder-grammar-object-missing-comma-import,3.4 / 5,see named Stage1 sections,Malformed object-missing-comma gives400 malformed_request on import before endpoint/auth checks.,interface-engineer
1,"1,2,3,4",systems-engineer,independent-verifier,PENDING_NAMED_CANDIDATE,"independent raw HTTP, inductive deep grammar and shallow exact-value oracle",decoder-strictness/deep-real-receipts,PENDING explicit candidate7 execution release; prepared decoder_runtime.py,UNVERIFIED,unverified,True,TK1-decoder-grammar-object-missing-comma-atomic,1 / 7 / 10,see named Stage1 sections,"Malformed requests preserve all current records, sessions and keys.",systems-engineer
1,"1,2,3,4",interface-engineer,independent-verifier,PENDING_NAMED_CANDIDATE,"independent raw HTTP, inductive deep grammar and shallow exact-value oracle",decoder-strictness/deep-real-receipts,PENDING explicit candidate7 execution release; prepared decoder_runtime.py,UNVERIFIED,unverified,True,TK1-decoder-grammar-object-missing-colon-reset,3.4 / 5,see named Stage1 sections,Malformed object-missing-colon gives400 malformed_request on reset before endpoint/auth checks.,interface-engineer
1,"1,2,3,4",interface-engineer,independent-verifier,PENDING_NAMED_CANDIDATE,"independent raw HTTP, inductive deep grammar and shallow exact-value oracle",decoder-strictness/deep-real-receipts,PENDING explicit candidate7 execution release; prepared decoder_runtime.py,UNVERIFIED,unverified,True,TK1-decoder-grammar-object-missing-colon-signup,3.4 / 5,see named Stage1 sections,Malformed object-missing-colon gives400 malformed_request on signup before endpoint/auth checks.,interface-engineer
1,"1,2,3,4",interface-engineer,independent-verifier,PENDING_NAMED_CANDIDATE,"independent raw HTTP, inductive deep grammar and shallow exact-value oracle",decoder-strictness/deep-real-receipts,PENDING explicit candidate7 execution release; prepared decoder_runtime.py,UNVERIFIED,unverified,True,TK1-decoder-grammar-object-missing-colon-login,3.4 / 5,see named Stage1 sections,Malformed object-missing-colon gives400 malformed_request on login before endpoint/auth checks.,interface-engineer
1,"1,2,3,4",interface-engineer,independent-verifier,PENDING_NAMED_CANDIDATE,"independent raw HTTP, inductive deep grammar and shallow exact-value oracle",decoder-strictness/deep-real-receipts,PENDING explicit candidate7 execution release; prepared decoder_runtime.py,UNVERIFIED,unverified,True,TK1-decoder-grammar-object-missing-colon-create,3.4 / 5,see named Stage1 sections,Malformed object-missing-colon gives400 malformed_request on create before endpoint/auth checks.,interface-engineer
1,"1,2,3,4",interface-engineer,independent-verifier,PENDING_NAMED_CANDIDATE,"independent raw HTTP, inductive deep grammar and shallow exact-value oracle",decoder-strictness/deep-real-receipts,PENDING explicit candidate7 execution release; prepared decoder_runtime.py,UNVERIFIED,unverified,True,TK1-decoder-grammar-object-missing-colon-moves,3.4 / 5,see named Stage1 sections,Malformed object-missing-colon gives400 malformed_request on moves before endpoint/auth checks.,interface-engineer
1,"1,2,3,4",interface-engineer,independent-verifier,PENDING_NAMED_CANDIDATE,"independent raw HTTP, inductive deep grammar and shallow exact-value oracle",decoder-strictness/deep-real-receipts,PENDING explicit candidate7 execution release; prepared decoder_runtime.py,UNVERIFIED,unverified,True,TK1-decoder-grammar-object-missing-colon-patch,3.4 / 5,see named Stage1 sections,Malformed object-missing-colon gives400 malformed_request on patch before endpoint/auth checks.,interface-engineer
1,"1,2,3,4",interface-engineer,independent-verifier,PENDING_NAMED_CANDIDATE,"independent raw HTTP, inductive deep grammar and shallow exact-value oracle",decoder-strictness/deep-real-receipts,PENDING explicit candidate7 execution release; prepared decoder_runtime.py,UNVERIFIED,unverified,True,TK1-decoder-grammar-object-missing-colon-import,3.4 / 5,see named Stage1 sections,Malformed object-missing-colon gives400 malformed_request on import before endpoint/auth checks.,interface-engineer
1,"1,2,3,4",systems-engineer,independent-verifier,PENDING_NAMED_CANDIDATE,"independent raw HTTP, inductive deep grammar and shallow exact-value oracle",decoder-strictness/deep-real-receipts,PENDING explicit candidate7 execution release; prepared decoder_runtime.py,UNVERIFIED,unverified,True,TK1-decoder-grammar-object-missing-colon-atomic,1 / 7 / 10,see named Stage1 sections,"Malformed requests preserve all current records, sessions and keys.",systems-engineer
1,"1,2,3,4",interface-engineer,independent-verifier,PENDING_NAMED_CANDIDATE,"independent raw HTTP, inductive deep grammar and shallow exact-value oracle",decoder-strictness/deep-real-receipts,PENDING explicit candidate7 execution release; prepared decoder_runtime.py,UNVERIFIED,unverified,True,TK1-decoder-grammar-unquoted-key-reset,3.4 / 5,see named Stage1 sections,Malformed unquoted-key gives400 malformed_request on reset before endpoint/auth checks.,interface-engineer
1,"1,2,3,4",interface-engineer,independent-verifier,PENDING_NAMED_CANDIDATE,"independent raw HTTP, inductive deep grammar and shallow exact-value oracle",decoder-strictness/deep-real-receipts,PENDING explicit candidate7 execution release; prepared decoder_runtime.py,UNVERIFIED,unverified,True,TK1-decoder-grammar-unquoted-key-signup,3.4 / 5,see named Stage1 sections,Malformed unquoted-key gives400 malformed_request on signup before endpoint/auth checks.,interface-engineer
1,"1,2,3,4",interface-engineer,independent-verifier,PENDING_NAMED_CANDIDATE,"independent raw HTTP, inductive deep grammar and shallow exact-value oracle",decoder-strictness/deep-real-receipts,PENDING explicit candidate7 execution release; prepared decoder_runtime.py,UNVERIFIED,unverified,True,TK1-decoder-grammar-unquoted-key-login,3.4 / 5,see named Stage1 sections,Malformed unquoted-key gives400 malformed_request on login before endpoint/auth checks.,interface-engineer
1,"1,2,3,4",interface-engineer,independent-verifier,PENDING_NAMED_CANDIDATE,"independent raw HTTP, inductive deep grammar and shallow exact-value oracle",decoder-strictness/deep-real-receipts,PENDING explicit candidate7 execution release; prepared decoder_runtime.py,UNVERIFIED,unverified,True,TK1-decoder-grammar-unquoted-key-create,3.4 / 5,see named Stage1 sections,Malformed unquoted-key gives400 malformed_request on create before endpoint/auth checks.,interface-engineer
1,"1,2,3,4",interface-engineer,independent-verifier,PENDING_NAMED_CANDIDATE,"independent raw HTTP, inductive deep grammar and shallow exact-value oracle",decoder-strictness/deep-real-receipts,PENDING explicit candidate7 execution release; prepared decoder_runtime.py,UNVERIFIED,unverified,True,TK1-decoder-grammar-unquoted-key-moves,3.4 / 5,see named Stage1 sections,Malformed unquoted-key gives400 malformed_request on moves before endpoint/auth checks.,interface-engineer
1,"1,2,3,4",interface-engineer,independent-verifier,PENDING_NAMED_CANDIDATE,"independent raw HTTP, inductive deep grammar and shallow exact-value oracle",decoder-strictness/deep-real-receipts,PENDING explicit candidate7 execution release; prepared decoder_runtime.py,UNVERIFIED,unverified,True,TK1-decoder-grammar-unquoted-key-patch,3.4 / 5,see named Stage1 sections,Malformed unquoted-key gives400 malformed_request on patch before endpoint/auth checks.,interface-engineer
1,"1,2,3,4",interface-engineer,independent-verifier,PENDING_NAMED_CANDIDATE,"independent raw HTTP, inductive deep grammar and shallow exact-value oracle",decoder-strictness/deep-real-receipts,PENDING explicit candidate7 execution release; prepared decoder_runtime.py,UNVERIFIED,unverified,True,TK1-decoder-grammar-unquoted-key-import,3.4 / 5,see named Stage1 sections,Malformed unquoted-key gives400 malformed_request on import before endpoint/auth checks.,interface-engineer
1,"1,2,3,4",systems-engineer,independent-verifier,PENDING_NAMED_CANDIDATE,"independent raw HTTP, inductive deep grammar and shallow exact-value oracle",decoder-strictness/deep-real-receipts,PENDING explicit candidate7 execution release; prepared decoder_runtime.py,UNVERIFIED,unverified,True,TK1-decoder-grammar-unquoted-key-atomic,1 / 7 / 10,see named Stage1 sections,"Malformed requests preserve all current records, sessions and keys.",systems-engineer
1,"1,2,3,4",interface-engineer,independent-verifier,PENDING_NAMED_CANDIDATE,"independent raw HTTP, inductive deep grammar and shallow exact-value oracle",decoder-strictness/deep-real-receipts,PENDING explicit candidate7 execution release; prepared decoder_runtime.py,UNVERIFIED,unverified,True,TK1-decoder-grammar-nonstring-key-reset,3.4 / 5,see named Stage1 sections,Malformed nonstring-key gives400 malformed_request on reset before endpoint/auth checks.,interface-engineer
1,"1,2,3,4",interface-engineer,independent-verifier,PENDING_NAMED_CANDIDATE,"independent raw HTTP, inductive deep grammar and shallow exact-value oracle",decoder-strictness/deep-real-receipts,PENDING explicit candidate7 execution release; prepared decoder_runtime.py,UNVERIFIED,unverified,True,TK1-decoder-grammar-nonstring-key-signup,3.4 / 5,see named Stage1 sections,Malformed nonstring-key gives400 malformed_request on signup before endpoint/auth checks.,interface-engineer
1,"1,2,3,4",interface-engineer,independent-verifier,PENDING_NAMED_CANDIDATE,"independent raw HTTP, inductive deep grammar and shallow exact-value oracle",decoder-strictness/deep-real-receipts,PENDING explicit candidate7 execution release; prepared decoder_runtime.py,UNVERIFIED,unverified,True,TK1-decoder-grammar-nonstring-key-login,3.4 / 5,see named Stage1 sections,Malformed nonstring-key gives400 malformed_request on login before endpoint/auth checks.,interface-engineer
1,"1,2,3,4",interface-engineer,independent-verifier,PENDING_NAMED_CANDIDATE,"independent raw HTTP, inductive deep grammar and shallow exact-value oracle",decoder-strictness/deep-real-receipts,PENDING explicit candidate7 execution release; prepared decoder_runtime.py,UNVERIFIED,unverified,True,TK1-decoder-grammar-nonstring-key-create,3.4 / 5,see named Stage1 sections,Malformed nonstring-key gives400 malformed_request on create before endpoint/auth checks.,interface-engineer
1,"1,2,3,4",interface-engineer,independent-verifier,PENDING_NAMED_CANDIDATE,"independent raw HTTP, inductive deep grammar and shallow exact-value oracle",decoder-strictness/deep-real-receipts,PENDING explicit candidate7 execution release; prepared decoder_runtime.py,UNVERIFIED,unverified,True,TK1-decoder-grammar-nonstring-key-moves,3.4 / 5,see named Stage1 sections,Malformed nonstring-key gives400 malformed_request on moves before endpoint/auth checks.,interface-engineer
1,"1,2,3,4",interface-engineer,independent-verifier,PENDING_NAMED_CANDIDATE,"independent raw HTTP, inductive deep grammar and shallow exact-value oracle",decoder-strictness/deep-real-receipts,PENDING explicit candidate7 execution release; prepared decoder_runtime.py,UNVERIFIED,unverified,True,TK1-decoder-grammar-nonstring-key-patch,3.4 / 5,see named Stage1 sections,Malformed nonstring-key gives400 malformed_request on patch before endpoint/auth checks.,interface-engineer
1,"1,2,3,4",interface-engineer,independent-verifier,PENDING_NAMED_CANDIDATE,"independent raw HTTP, inductive deep grammar and shallow exact-value oracle",decoder-strictness/deep-real-receipts,PENDING explicit candidate7 execution release; prepared decoder_runtime.py,UNVERIFIED,unverified,True,TK1-decoder-grammar-nonstring-key-import,3.4 / 5,see named Stage1 sections,Malformed nonstring-key gives400 malformed_request on import before endpoint/auth checks.,interface-engineer
1,"1,2,3,4",systems-engineer,independent-verifier,PENDING_NAMED_CANDIDATE,"independent raw HTTP, inductive deep grammar and shallow exact-value oracle",decoder-strictness/deep-real-receipts,PENDING explicit candidate7 execution release; prepared decoder_runtime.py,UNVERIFIED,unverified,True,TK1-decoder-grammar-nonstring-key-atomic,1 / 7 / 10,see named Stage1 sections,"Malformed requests preserve all current records, sessions and keys.",systems-engineer
1,"1,2,3,4",interface-engineer,independent-verifier,PENDING_NAMED_CANDIDATE,"independent raw HTTP, inductive deep grammar and shallow exact-value oracle",decoder-strictness/deep-real-receipts,PENDING explicit candidate7 execution release; prepared decoder_runtime.py,UNVERIFIED,unverified,True,TK1-decoder-grammar-missing-value-reset,3.4 / 5,see named Stage1 sections,Malformed missing-value gives400 malformed_request on reset before endpoint/auth checks.,interface-engineer
1,"1,2,3,4",interface-engineer,independent-verifier,PENDING_NAMED_CANDIDATE,"independent raw HTTP, inductive deep grammar and shallow exact-value oracle",decoder-strictness/deep-real-receipts,PENDING explicit candidate7 execution release; prepared decoder_runtime.py,UNVERIFIED,unverified,True,TK1-decoder-grammar-missing-value-signup,3.4 / 5,see named Stage1 sections,Malformed missing-value gives400 malformed_request on signup before endpoint/auth checks.,interface-engineer
1,"1,2,3,4",interface-engineer,independent-verifier,PENDING_NAMED_CANDIDATE,"independent raw HTTP, inductive deep grammar and shallow exact-value oracle",decoder-strictness/deep-real-receipts,PENDING explicit candidate7 execution release; prepared decoder_runtime.py,UNVERIFIED,unverified,True,TK1-decoder-grammar-missing-value-login,3.4 / 5,see named Stage1 sections,Malformed missing-value gives400 malformed_request on login before endpoint/auth checks.,interface-engineer
1,"1,2,3,4",interface-engineer,independent-verifier,PENDING_NAMED_CANDIDATE,"independent raw HTTP, inductive deep grammar and shallow exact-value oracle",decoder-strictness/deep-real-receipts,PENDING explicit candidate7 execution release; prepared decoder_runtime.py,UNVERIFIED,unverified,True,TK1-decoder-grammar-missing-value-create,3.4 / 5,see named Stage1 sections,Malformed missing-value gives400 malformed_request on create before endpoint/auth checks.,interface-engineer
1,"1,2,3,4",interface-engineer,independent-verifier,PENDING_NAMED_CANDIDATE,"independent raw HTTP, inductive deep grammar and shallow exact-value oracle",decoder-strictness/deep-real-receipts,PENDING explicit candidate7 execution release; prepared decoder_runtime.py,UNVERIFIED,unverified,True,TK1-decoder-grammar-missing-value-moves,3.4 / 5,see named Stage1 sections,Malformed missing-value gives400 malformed_request on moves before endpoint/auth checks.,interface-engineer
1,"1,2,3,4",interface-engineer,independent-verifier,PENDING_NAMED_CANDIDATE,"independent raw HTTP, inductive deep grammar and shallow exact-value oracle",decoder-strictness/deep-real-receipts,PENDING explicit candidate7 execution release; prepared decoder_runtime.py,UNVERIFIED,unverified,True,TK1-decoder-grammar-missing-value-patch,3.4 / 5,see named Stage1 sections,Malformed missing-value gives400 malformed_request on patch before endpoint/auth checks.,interface-engineer
1,"1,2,3,4",interface-engineer,independent-verifier,PENDING_NAMED_CANDIDATE,"independent raw HTTP, inductive deep grammar and shallow exact-value oracle",decoder-strictness/deep-real-receipts,PENDING explicit candidate7 execution release; prepared decoder_runtime.py,UNVERIFIED,unverified,True,TK1-decoder-grammar-missing-value-import,3.4 / 5,see named Stage1 sections,Malformed missing-value gives400 malformed_request on import before endpoint/auth checks.,interface-engineer
1,"1,2,3,4",systems-engineer,independent-verifier,PENDING_NAMED_CANDIDATE,"independent raw HTTP, inductive deep grammar and shallow exact-value oracle",decoder-strictness/deep-real-receipts,PENDING explicit candidate7 execution release; prepared decoder_runtime.py,UNVERIFIED,unverified,True,TK1-decoder-grammar-missing-value-atomic,1 / 7 / 10,see named Stage1 sections,"Malformed requests preserve all current records, sessions and keys.",systems-engineer
1,"1,2,3,4",interface-engineer,independent-verifier,PENDING_NAMED_CANDIDATE,"independent raw HTTP, inductive deep grammar and shallow exact-value oracle",decoder-strictness/deep-real-receipts,PENDING explicit candidate7 execution release; prepared decoder_runtime.py,UNVERIFIED,unverified,True,TK1-decoder-grammar-leading-comma-reset,3.4 / 5,see named Stage1 sections,Malformed leading-comma gives400 malformed_request on reset before endpoint/auth checks.,interface-engineer
1,"1,2,3,4",interface-engineer,independent-verifier,PENDING_NAMED_CANDIDATE,"independent raw HTTP, inductive deep grammar and shallow exact-value oracle",decoder-strictness/deep-real-receipts,PENDING explicit candidate7 execution release; prepared decoder_runtime.py,UNVERIFIED,unverified,True,TK1-decoder-grammar-leading-comma-signup,3.4 / 5,see named Stage1 sections,Malformed leading-comma gives400 malformed_request on signup before endpoint/auth checks.,interface-engineer
1,"1,2,3,4",interface-engineer,independent-verifier,PENDING_NAMED_CANDIDATE,"independent raw HTTP, inductive deep grammar and shallow exact-value oracle",decoder-strictness/deep-real-receipts,PENDING explicit candidate7 execution release; prepared decoder_runtime.py,UNVERIFIED,unverified,True,TK1-decoder-grammar-leading-comma-login,3.4 / 5,see named Stage1 sections,Malformed leading-comma gives400 malformed_request on login before endpoint/auth checks.,interface-engineer
1,"1,2,3,4",interface-engineer,independent-verifier,PENDING_NAMED_CANDIDATE,"independent raw HTTP, inductive deep grammar and shallow exact-value oracle",decoder-strictness/deep-real-receipts,PENDING explicit candidate7 execution release; prepared decoder_runtime.py,UNVERIFIED,unverified,True,TK1-decoder-grammar-leading-comma-create,3.4 / 5,see named Stage1 sections,Malformed leading-comma gives400 malformed_request on create before endpoint/auth checks.,interface-engineer
1,"1,2,3,4",interface-engineer,independent-verifier,PENDING_NAMED_CANDIDATE,"independent raw HTTP, inductive deep grammar and shallow exact-value oracle",decoder-strictness/deep-real-receipts,PENDING explicit candidate7 execution release; prepared decoder_runtime.py,UNVERIFIED,unverified,True,TK1-decoder-grammar-leading-comma-moves,3.4 / 5,see named Stage1 sections,Malformed leading-comma gives400 malformed_request on moves before endpoint/auth checks.,interface-engineer
1,"1,2,3,4",interface-engineer,independent-verifier,PENDING_NAMED_CANDIDATE,"independent raw HTTP, inductive deep grammar and shallow exact-value oracle",decoder-strictness/deep-real-receipts,PENDING explicit candidate7 execution release; prepared decoder_runtime.py,UNVERIFIED,unverified,True,TK1-decoder-grammar-leading-comma-patch,3.4 / 5,see named Stage1 sections,Malformed leading-comma gives400 malformed_request on patch before endpoint/auth checks.,interface-engineer
1,"1,2,3,4",interface-engineer,independent-verifier,PENDING_NAMED_CANDIDATE,"independent raw HTTP, inductive deep grammar and shallow exact-value oracle",decoder-strictness/deep-real-receipts,PENDING explicit candidate7 execution release; prepared decoder_runtime.py,UNVERIFIED,unverified,True,TK1-decoder-grammar-leading-comma-import,3.4 / 5,see named Stage1 sections,Malformed leading-comma gives400 malformed_request on import before endpoint/auth checks.,interface-engineer
1,"1,2,3,4",systems-engineer,independent-verifier,PENDING_NAMED_CANDIDATE,"independent raw HTTP, inductive deep grammar and shallow exact-value oracle",decoder-strictness/deep-real-receipts,PENDING explicit candidate7 execution release; prepared decoder_runtime.py,UNVERIFIED,unverified,True,TK1-decoder-grammar-leading-comma-atomic,1 / 7 / 10,see named Stage1 sections,"Malformed requests preserve all current records, sessions and keys.",systems-engineer
1,"1,2,3,4",interface-engineer,independent-verifier,PENDING_NAMED_CANDIDATE,"independent raw HTTP, inductive deep grammar and shallow exact-value oracle",decoder-strictness/deep-real-receipts,PENDING explicit candidate7 execution release; prepared decoder_runtime.py,UNVERIFIED,unverified,True,TK1-decoder-grammar-trailing-value-reset,3.4 / 5,see named Stage1 sections,Malformed trailing-value gives400 malformed_request on reset before endpoint/auth checks.,interface-engineer
1,"1,2,3,4",interface-engineer,independent-verifier,PENDING_NAMED_CANDIDATE,"independent raw HTTP, inductive deep grammar and shallow exact-value oracle",decoder-strictness/deep-real-receipts,PENDING explicit candidate7 execution release; prepared decoder_runtime.py,UNVERIFIED,unverified,True,TK1-decoder-grammar-trailing-value-signup,3.4 / 5,see named Stage1 sections,Malformed trailing-value gives400 malformed_request on signup before endpoint/auth checks.,interface-engineer
1,"1,2,3,4",interface-engineer,independent-verifier,PENDING_NAMED_CANDIDATE,"independent raw HTTP, inductive deep grammar and shallow exact-value oracle",decoder-strictness/deep-real-receipts,PENDING explicit candidate7 execution release; prepared decoder_runtime.py,UNVERIFIED,unverified,True,TK1-decoder-grammar-trailing-value-login,3.4 / 5,see named Stage1 sections,Malformed trailing-value gives400 malformed_request on login before endpoint/auth checks.,interface-engineer
1,"1,2,3,4",interface-engineer,independent-verifier,PENDING_NAMED_CANDIDATE,"independent raw HTTP, inductive deep grammar and shallow exact-value oracle",decoder-strictness/deep-real-receipts,PENDING explicit candidate7 execution release; prepared decoder_runtime.py,UNVERIFIED,unverified,True,TK1-decoder-grammar-trailing-value-create,3.4 / 5,see named Stage1 sections,Malformed trailing-value gives400 malformed_request on create before endpoint/auth checks.,interface-engineer
1,"1,2,3,4",interface-engineer,independent-verifier,PENDING_NAMED_CANDIDATE,"independent raw HTTP, inductive deep grammar and shallow exact-value oracle",decoder-strictness/deep-real-receipts,PENDING explicit candidate7 execution release; prepared decoder_runtime.py,UNVERIFIED,unverified,True,TK1-decoder-grammar-trailing-value-moves,3.4 / 5,see named Stage1 sections,Malformed trailing-value gives400 malformed_request on moves before endpoint/auth checks.,interface-engineer
1,"1,2,3,4",interface-engineer,independent-verifier,PENDING_NAMED_CANDIDATE,"independent raw HTTP, inductive deep grammar and shallow exact-value oracle",decoder-strictness/deep-real-receipts,PENDING explicit candidate7 execution release; prepared decoder_runtime.py,UNVERIFIED,unverified,True,TK1-decoder-grammar-trailing-value-patch,3.4 / 5,see named Stage1 sections,Malformed trailing-value gives400 malformed_request on patch before endpoint/auth checks.,interface-engineer
1,"1,2,3,4",interface-engineer,independent-verifier,PENDING_NAMED_CANDIDATE,"independent raw HTTP, inductive deep grammar and shallow exact-value oracle",decoder-strictness/deep-real-receipts,PENDING explicit candidate7 execution release; prepared decoder_runtime.py,UNVERIFIED,unverified,True,TK1-decoder-grammar-trailing-value-import,3.4 / 5,see named Stage1 sections,Malformed trailing-value gives400 malformed_request on import before endpoint/auth checks.,interface-engineer
1,"1,2,3,4",systems-engineer,independent-verifier,PENDING_NAMED_CANDIDATE,"independent raw HTTP, inductive deep grammar and shallow exact-value oracle",decoder-strictness/deep-real-receipts,PENDING explicit candidate7 execution release; prepared decoder_runtime.py,UNVERIFIED,unverified,True,TK1-decoder-grammar-trailing-value-atomic,1 / 7 / 10,see named Stage1 sections,"Malformed requests preserve all current records, sessions and keys.",systems-engineer
1,"1,2,3,4",interface-engineer,independent-verifier,PENDING_NAMED_CANDIDATE,"independent raw HTTP, inductive deep grammar and shallow exact-value oracle",decoder-strictness/deep-real-receipts,PENDING explicit candidate7 execution release; prepared decoder_runtime.py,UNVERIFIED,unverified,True,TK1-decoder-grammar-trailing-text-reset,3.4 / 5,see named Stage1 sections,Malformed trailing-text gives400 malformed_request on reset before endpoint/auth checks.,interface-engineer
1,"1,2,3,4",interface-engineer,independent-verifier,PENDING_NAMED_CANDIDATE,"independent raw HTTP, inductive deep grammar and shallow exact-value oracle",decoder-strictness/deep-real-receipts,PENDING explicit candidate7 execution release; prepared decoder_runtime.py,UNVERIFIED,unverified,True,TK1-decoder-grammar-trailing-text-signup,3.4 / 5,see named Stage1 sections,Malformed trailing-text gives400 malformed_request on signup before endpoint/auth checks.,interface-engineer
1,"1,2,3,4",interface-engineer,independent-verifier,PENDING_NAMED_CANDIDATE,"independent raw HTTP, inductive deep grammar and shallow exact-value oracle",decoder-strictness/deep-real-receipts,PENDING explicit candidate7 execution release; prepared decoder_runtime.py,UNVERIFIED,unverified,True,TK1-decoder-grammar-trailing-text-login,3.4 / 5,see named Stage1 sections,Malformed trailing-text gives400 malformed_request on login before endpoint/auth checks.,interface-engineer
1,"1,2,3,4",interface-engineer,independent-verifier,PENDING_NAMED_CANDIDATE,"independent raw HTTP, inductive deep grammar and shallow exact-value oracle",decoder-strictness/deep-real-receipts,PENDING explicit candidate7 execution release; prepared decoder_runtime.py,UNVERIFIED,unverified,True,TK1-decoder-grammar-trailing-text-create,3.4 / 5,see named Stage1 sections,Malformed trailing-text gives400 malformed_request on create before endpoint/auth checks.,interface-engineer
1,"1,2,3,4",interface-engineer,independent-verifier,PENDING_NAMED_CANDIDATE,"independent raw HTTP, inductive deep grammar and shallow exact-value oracle",decoder-strictness/deep-real-receipts,PENDING explicit candidate7 execution release; prepared decoder_runtime.py,UNVERIFIED,unverified,True,TK1-decoder-grammar-trailing-text-moves,3.4 / 5,see named Stage1 sections,Malformed trailing-text gives400 malformed_request on moves before endpoint/auth checks.,interface-engineer
1,"1,2,3,4",interface-engineer,independent-verifier,PENDING_NAMED_CANDIDATE,"independent raw HTTP, inductive deep grammar and shallow exact-value oracle",decoder-strictness/deep-real-receipts,PENDING explicit candidate7 execution release; prepared decoder_runtime.py,UNVERIFIED,unverified,True,TK1-decoder-grammar-trailing-text-patch,3.4 / 5,see named Stage1 sections,Malformed trailing-text gives400 malformed_request on patch before endpoint/auth checks.,interface-engineer
1,"1,2,3,4",interface-engineer,independent-verifier,PENDING_NAMED_CANDIDATE,"independent raw HTTP, inductive deep grammar and shallow exact-value oracle",decoder-strictness/deep-real-receipts,PENDING explicit candidate7 execution release; prepared decoder_runtime.py,UNVERIFIED,unverified,True,TK1-decoder-grammar-trailing-text-import,3.4 / 5,see named Stage1 sections,Malformed trailing-text gives400 malformed_request on import before endpoint/auth checks.,interface-engineer
1,"1,2,3,4",systems-engineer,independent-verifier,PENDING_NAMED_CANDIDATE,"independent raw HTTP, inductive deep grammar and shallow exact-value oracle",decoder-strictness/deep-real-receipts,PENDING explicit candidate7 execution release; prepared decoder_runtime.py,UNVERIFIED,unverified,True,TK1-decoder-grammar-trailing-text-atomic,1 / 7 / 10,see named Stage1 sections,"Malformed requests preserve all current records, sessions and keys.",systems-engineer
1,"1,2,3,4",interface-engineer,independent-verifier,PENDING_NAMED_CANDIDATE,"independent raw HTTP, inductive deep grammar and shallow exact-value oracle",decoder-strictness/deep-real-receipts,PENDING explicit candidate7 execution release; prepared decoder_runtime.py,UNVERIFIED,unverified,True,TK1-decoder-grammar-line-comment-reset,3.4 / 5,see named Stage1 sections,Malformed line-comment gives400 malformed_request on reset before endpoint/auth checks.,interface-engineer
1,"1,2,3,4",interface-engineer,independent-verifier,PENDING_NAMED_CANDIDATE,"independent raw HTTP, inductive deep grammar and shallow exact-value oracle",decoder-strictness/deep-real-receipts,PENDING explicit candidate7 execution release; prepared decoder_runtime.py,UNVERIFIED,unverified,True,TK1-decoder-grammar-line-comment-signup,3.4 / 5,see named Stage1 sections,Malformed line-comment gives400 malformed_request on signup before endpoint/auth checks.,interface-engineer
1,"1,2,3,4",interface-engineer,independent-verifier,PENDING_NAMED_CANDIDATE,"independent raw HTTP, inductive deep grammar and shallow exact-value oracle",decoder-strictness/deep-real-receipts,PENDING explicit candidate7 execution release; prepared decoder_runtime.py,UNVERIFIED,unverified,True,TK1-decoder-grammar-line-comment-login,3.4 / 5,see named Stage1 sections,Malformed line-comment gives400 malformed_request on login before endpoint/auth checks.,interface-engineer
1,"1,2,3,4",interface-engineer,independent-verifier,PENDING_NAMED_CANDIDATE,"independent raw HTTP, inductive deep grammar and shallow exact-value oracle",decoder-strictness/deep-real-receipts,PENDING explicit candidate7 execution release; prepared decoder_runtime.py,UNVERIFIED,unverified,True,TK1-decoder-grammar-line-comment-create,3.4 / 5,see named Stage1 sections,Malformed line-comment gives400 malformed_request on create before endpoint/auth checks.,interface-engineer
1,"1,2,3,4",interface-engineer,independent-verifier,PENDING_NAMED_CANDIDATE,"independent raw HTTP, inductive deep grammar and shallow exact-value oracle",decoder-strictness/deep-real-receipts,PENDING explicit candidate7 execution release; prepared decoder_runtime.py,UNVERIFIED,unverified,True,TK1-decoder-grammar-line-comment-moves,3.4 / 5,see named Stage1 sections,Malformed line-comment gives400 malformed_request on moves before endpoint/auth checks.,interface-engineer
1,"1,2,3,4",interface-engineer,independent-verifier,PENDING_NAMED_CANDIDATE,"independent raw HTTP, inductive deep grammar and shallow exact-value oracle",decoder-strictness/deep-real-receipts,PENDING explicit candidate7 execution release; prepared decoder_runtime.py,UNVERIFIED,unverified,True,TK1-decoder-grammar-line-comment-patch,3.4 / 5,see named Stage1 sections,Malformed line-comment gives400 malformed_request on patch before endpoint/auth checks.,interface-engineer
1,"1,2,3,4",interface-engineer,independent-verifier,PENDING_NAMED_CANDIDATE,"independent raw HTTP, inductive deep grammar and shallow exact-value oracle",decoder-strictness/deep-real-receipts,PENDING explicit candidate7 execution release; prepared decoder_runtime.py,UNVERIFIED,unverified,True,TK1-decoder-grammar-line-comment-import,3.4 / 5,see named Stage1 sections,Malformed line-comment gives400 malformed_request on import before endpoint/auth checks.,interface-engineer
1,"1,2,3,4",systems-engineer,independent-verifier,PENDING_NAMED_CANDIDATE,"independent raw HTTP, inductive deep grammar and shallow exact-value oracle",decoder-strictness/deep-real-receipts,PENDING explicit candidate7 execution release; prepared decoder_runtime.py,UNVERIFIED,unverified,True,TK1-decoder-grammar-line-comment-atomic,1 / 7 / 10,see named Stage1 sections,"Malformed requests preserve all current records, sessions and keys.",systems-engineer
1,"1,2,3,4",interface-engineer,independent-verifier,PENDING_NAMED_CANDIDATE,"independent raw HTTP, inductive deep grammar and shallow exact-value oracle",decoder-strictness/deep-real-receipts,PENDING explicit candidate7 execution release; prepared decoder_runtime.py,UNVERIFIED,unverified,True,TK1-decoder-grammar-block-comment-reset,3.4 / 5,see named Stage1 sections,Malformed block-comment gives400 malformed_request on reset before endpoint/auth checks.,interface-engineer
1,"1,2,3,4",interface-engineer,independent-verifier,PENDING_NAMED_CANDIDATE,"independent raw HTTP, inductive deep grammar and shallow exact-value oracle",decoder-strictness/deep-real-receipts,PENDING explicit candidate7 execution release; prepared decoder_runtime.py,UNVERIFIED,unverified,True,TK1-decoder-grammar-block-comment-signup,3.4 / 5,see named Stage1 sections,Malformed block-comment gives400 malformed_request on signup before endpoint/auth checks.,interface-engineer
1,"1,2,3,4",interface-engineer,independent-verifier,PENDING_NAMED_CANDIDATE,"independent raw HTTP, inductive deep grammar and shallow exact-value oracle",decoder-strictness/deep-real-receipts,PENDING explicit candidate7 execution release; prepared decoder_runtime.py,UNVERIFIED,unverified,True,TK1-decoder-grammar-block-comment-login,3.4 / 5,see named Stage1 sections,Malformed block-comment gives400 malformed_request on login before endpoint/auth checks.,interface-engineer
1,"1,2,3,4",interface-engineer,independent-verifier,PENDING_NAMED_CANDIDATE,"independent raw HTTP, inductive deep grammar and shallow exact-value oracle",decoder-strictness/deep-real-receipts,PENDING explicit candidate7 execution release; prepared decoder_runtime.py,UNVERIFIED,unverified,True,TK1-decoder-grammar-block-comment-create,3.4 / 5,see named Stage1 sections,Malformed block-comment gives400 malformed_request on create before endpoint/auth checks.,interface-engineer
1,"1,2,3,4",interface-engineer,independent-verifier,PENDING_NAMED_CANDIDATE,"independent raw HTTP, inductive deep grammar and shallow exact-value oracle",decoder-strictness/deep-real-receipts,PENDING explicit candidate7 execution release; prepared decoder_runtime.py,UNVERIFIED,unverified,True,TK1-decoder-grammar-block-comment-moves,3.4 / 5,see named Stage1 sections,Malformed block-comment gives400 malformed_request on moves before endpoint/auth checks.,interface-engineer
1,"1,2,3,4",interface-engineer,independent-verifier,PENDING_NAMED_CANDIDATE,"independent raw HTTP, inductive deep grammar and shallow exact-value oracle",decoder-strictness/deep-real-receipts,PENDING explicit candidate7 execution release; prepared decoder_runtime.py,UNVERIFIED,unverified,True,TK1-decoder-grammar-block-comment-patch,3.4 / 5,see named Stage1 sections,Malformed block-comment gives400 malformed_request on patch before endpoint/auth checks.,interface-engineer
1,"1,2,3,4",interface-engineer,independent-verifier,PENDING_NAMED_CANDIDATE,"independent raw HTTP, inductive deep grammar and shallow exact-value oracle",decoder-strictness/deep-real-receipts,PENDING explicit candidate7 execution release; prepared decoder_runtime.py,UNVERIFIED,unverified,True,TK1-decoder-grammar-block-comment-import,3.4 / 5,see named Stage1 sections,Malformed block-comment gives400 malformed_request on import before endpoint/auth checks.,interface-engineer
1,"1,2,3,4",systems-engineer,independent-verifier,PENDING_NAMED_CANDIDATE,"independent raw HTTP, inductive deep grammar and shallow exact-value oracle",decoder-strictness/deep-real-receipts,PENDING explicit candidate7 execution release; prepared decoder_runtime.py,UNVERIFIED,unverified,True,TK1-decoder-grammar-block-comment-atomic,1 / 7 / 10,see named Stage1 sections,"Malformed requests preserve all current records, sessions and keys.",systems-engineer
1,"1,2,3,4",interface-engineer,independent-verifier,PENDING_NAMED_CANDIDATE,"independent raw HTTP, inductive deep grammar and shallow exact-value oracle",decoder-strictness/deep-real-receipts,PENDING explicit candidate7 execution release; prepared decoder_runtime.py,UNVERIFIED,unverified,True,TK1-decoder-grammar-non-json-space-reset,3.4 / 5,see named Stage1 sections,Malformed non-json-space gives400 malformed_request on reset before endpoint/auth checks.,interface-engineer
1,"1,2,3,4",interface-engineer,independent-verifier,PENDING_NAMED_CANDIDATE,"independent raw HTTP, inductive deep grammar and shallow exact-value oracle",decoder-strictness/deep-real-receipts,PENDING explicit candidate7 execution release; prepared decoder_runtime.py,UNVERIFIED,unverified,True,TK1-decoder-grammar-non-json-space-signup,3.4 / 5,see named Stage1 sections,Malformed non-json-space gives400 malformed_request on signup before endpoint/auth checks.,interface-engineer
1,"1,2,3,4",interface-engineer,independent-verifier,PENDING_NAMED_CANDIDATE,"independent raw HTTP, inductive deep grammar and shallow exact-value oracle",decoder-strictness/deep-real-receipts,PENDING explicit candidate7 execution release; prepared decoder_runtime.py,UNVERIFIED,unverified,True,TK1-decoder-grammar-non-json-space-login,3.4 / 5,see named Stage1 sections,Malformed non-json-space gives400 malformed_request on login before endpoint/auth checks.,interface-engineer
1,"1,2,3,4",interface-engineer,independent-verifier,PENDING_NAMED_CANDIDATE,"independent raw HTTP, inductive deep grammar and shallow exact-value oracle",decoder-strictness/deep-real-receipts,PENDING explicit candidate7 execution release; prepared decoder_runtime.py,UNVERIFIED,unverified,True,TK1-decoder-grammar-non-json-space-create,3.4 / 5,see named Stage1 sections,Malformed non-json-space gives400 malformed_request on create before endpoint/auth checks.,interface-engineer
1,"1,2,3,4",interface-engineer,independent-verifier,PENDING_NAMED_CANDIDATE,"independent raw HTTP, inductive deep grammar and shallow exact-value oracle",decoder-strictness/deep-real-receipts,PENDING explicit candidate7 execution release; prepared decoder_runtime.py,UNVERIFIED,unverified,True,TK1-decoder-grammar-non-json-space-moves,3.4 / 5,see named Stage1 sections,Malformed non-json-space gives400 malformed_request on moves before endpoint/auth checks.,interface-engineer
1,"1,2,3,4",interface-engineer,independent-verifier,PENDING_NAMED_CANDIDATE,"independent raw HTTP, inductive deep grammar and shallow exact-value oracle",decoder-strictness/deep-real-receipts,PENDING explicit candidate7 execution release; prepared decoder_runtime.py,UNVERIFIED,unverified,True,TK1-decoder-grammar-non-json-space-patch,3.4 / 5,see named Stage1 sections,Malformed non-json-space gives400 malformed_request on patch before endpoint/auth checks.,interface-engineer
1,"1,2,3,4",interface-engineer,independent-verifier,PENDING_NAMED_CANDIDATE,"independent raw HTTP, inductive deep grammar and shallow exact-value oracle",decoder-strictness/deep-real-receipts,PENDING explicit candidate7 execution release; prepared decoder_runtime.py,UNVERIFIED,unverified,True,TK1-decoder-grammar-non-json-space-import,3.4 / 5,see named Stage1 sections,Malformed non-json-space gives400 malformed_request on import before endpoint/auth checks.,interface-engineer
1,"1,2,3,4",systems-engineer,independent-verifier,PENDING_NAMED_CANDIDATE,"independent raw HTTP, inductive deep grammar and shallow exact-value oracle",decoder-strictness/deep-real-receipts,PENDING explicit candidate7 execution release; prepared decoder_runtime.py,UNVERIFIED,unverified,True,TK1-decoder-grammar-non-json-space-atomic,1 / 7 / 10,see named Stage1 sections,"Malformed requests preserve all current records, sessions and keys.",systems-engineer
1,"1,2,3,4",interface-engineer,independent-verifier,PENDING_NAMED_CANDIDATE,"independent raw HTTP, inductive deep grammar and shallow exact-value oracle",decoder-strictness/deep-real-receipts,PENDING explicit candidate7 execution release; prepared decoder_runtime.py,UNVERIFIED,unverified,True,TK1-decoder-top-level-null,5,see named Stage1 sections,A parsed nonobject null request body gives400 malformed_request.,interface-engineer
1,"1,2,3,4",interface-engineer,independent-verifier,PENDING_NAMED_CANDIDATE,"independent raw HTTP, inductive deep grammar and shallow exact-value oracle",decoder-strictness/deep-real-receipts,PENDING explicit candidate7 execution release; prepared decoder_runtime.py,UNVERIFIED,unverified,True,TK1-decoder-top-level-array,5,see named Stage1 sections,A parsed nonobject array request body gives400 malformed_request.,interface-engineer
1,"1,2,3,4",interface-engineer,independent-verifier,PENDING_NAMED_CANDIDATE,"independent raw HTTP, inductive deep grammar and shallow exact-value oracle",decoder-strictness/deep-real-receipts,PENDING explicit candidate7 execution release; prepared decoder_runtime.py,UNVERIFIED,unverified,True,TK1-decoder-top-level-string,5,see named Stage1 sections,A parsed nonobject string request body gives400 malformed_request.,interface-engineer
1,"1,2,3,4",interface-engineer,independent-verifier,PENDING_NAMED_CANDIDATE,"independent raw HTTP, inductive deep grammar and shallow exact-value oracle",decoder-strictness/deep-real-receipts,PENDING explicit candidate7 execution release; prepared decoder_runtime.py,UNVERIFIED,unverified,True,TK1-decoder-top-level-number,5,see named Stage1 sections,A parsed nonobject number request body gives400 malformed_request.,interface-engineer
1,"1,2,3,4",interface-engineer,independent-verifier,PENDING_NAMED_CANDIDATE,"independent raw HTTP, inductive deep grammar and shallow exact-value oracle",decoder-strictness/deep-real-receipts,PENDING explicit candidate7 execution release; prepared decoder_runtime.py,UNVERIFIED,unverified,True,TK1-decoder-top-level-boolean,5,see named Stage1 sections,A parsed nonobject boolean request body gives400 malformed_request.,interface-engineer
1,"1,2,3,4",systems-engineer,independent-verifier,PENDING_NAMED_CANDIDATE,"independent raw HTTP, inductive deep grammar and shallow exact-value oracle",decoder-strictness/deep-real-receipts,PENDING explicit candidate7 execution release; prepared decoder_runtime.py,UNVERIFIED,unverified,True,TK1-decoder-random-seed-20261004-000-first,3.4 / 7; adopted numeric decision,see named Stage1 sections,A independently generated shallow ignored JSON value succeeds.,systems-engineer
1,"1,2,3,4",systems-engineer,independent-verifier,PENDING_NAMED_CANDIDATE,"independent raw HTTP, inductive deep grammar and shallow exact-value oracle",decoder-strictness/deep-real-receipts,PENDING explicit candidate7 execution release; prepared decoder_runtime.py,UNVERIFIED,unverified,True,TK1-decoder-random-seed-20261004-000-alias,3.4 / 7; adopted numeric decision,see named Stage1 sections,"Key order, whitespace, escaped strings and exact numeric aliases preserve complete identity.",systems-engineer
1,"1,2,3,4",systems-engineer,independent-verifier,PENDING_NAMED_CANDIDATE,"independent raw HTTP, inductive deep grammar and shallow exact-value oracle",decoder-strictness/deep-real-receipts,PENDING explicit candidate7 execution release; prepared decoder_runtime.py,UNVERIFIED,unverified,True,TK1-decoder-random-seed-20261004-000-difference,3.4 / 7; adopted numeric decision,see named Stage1 sections,A separately generated exact value difference gives409 idempotency_key_reuse.,systems-engineer
1,"1,2,3,4",systems-engineer,independent-verifier,PENDING_NAMED_CANDIDATE,"independent raw HTTP, inductive deep grammar and shallow exact-value oracle",decoder-strictness/deep-real-receipts,PENDING explicit candidate7 execution release; prepared decoder_runtime.py,UNVERIFIED,unverified,True,TK1-decoder-random-seed-20261004-000-immutable,3.4 / 7; adopted numeric decision,see named Stage1 sections,The original response survives a real current-state cancellation.,systems-engineer
1,"1,2,3,4",systems-engineer,independent-verifier,PENDING_NAMED_CANDIDATE,"independent raw HTTP, inductive deep grammar and shallow exact-value oracle",decoder-strictness/deep-real-receipts,PENDING explicit candidate7 execution release; prepared decoder_runtime.py,UNVERIFIED,unverified,True,TK1-decoder-random-seed-20261004-001-first,3.4 / 7; adopted numeric decision,see named Stage1 sections,A independently generated shallow ignored JSON value succeeds.,systems-engineer
1,"1,2,3,4",systems-engineer,independent-verifier,PENDING_NAMED_CANDIDATE,"independent raw HTTP, inductive deep grammar and shallow exact-value oracle",decoder-strictness/deep-real-receipts,PENDING explicit candidate7 execution release; prepared decoder_runtime.py,UNVERIFIED,unverified,True,TK1-decoder-random-seed-20261004-001-alias,3.4 / 7; adopted numeric decision,see named Stage1 sections,"Key order, whitespace, escaped strings and exact numeric aliases preserve complete identity.",systems-engineer
1,"1,2,3,4",systems-engineer,independent-verifier,PENDING_NAMED_CANDIDATE,"independent raw HTTP, inductive deep grammar and shallow exact-value oracle",decoder-strictness/deep-real-receipts,PENDING explicit candidate7 execution release; prepared decoder_runtime.py,UNVERIFIED,unverified,True,TK1-decoder-random-seed-20261004-001-difference,3.4 / 7; adopted numeric decision,see named Stage1 sections,A separately generated exact value difference gives409 idempotency_key_reuse.,systems-engineer
1,"1,2,3,4",systems-engineer,independent-verifier,PENDING_NAMED_CANDIDATE,"independent raw HTTP, inductive deep grammar and shallow exact-value oracle",decoder-strictness/deep-real-receipts,PENDING explicit candidate7 execution release; prepared decoder_runtime.py,UNVERIFIED,unverified,True,TK1-decoder-random-seed-20261004-001-immutable,3.4 / 7; adopted numeric decision,see named Stage1 sections,The original response survives a real current-state cancellation.,systems-engineer
1,"1,2,3,4",systems-engineer,independent-verifier,PENDING_NAMED_CANDIDATE,"independent raw HTTP, inductive deep grammar and shallow exact-value oracle",decoder-strictness/deep-real-receipts,PENDING explicit candidate7 execution release; prepared decoder_runtime.py,UNVERIFIED,unverified,True,TK1-decoder-random-seed-20261004-002-first,3.4 / 7; adopted numeric decision,see named Stage1 sections,A independently generated shallow ignored JSON value succeeds.,systems-engineer
1,"1,2,3,4",systems-engineer,independent-verifier,PENDING_NAMED_CANDIDATE,"independent raw HTTP, inductive deep grammar and shallow exact-value oracle",decoder-strictness/deep-real-receipts,PENDING explicit candidate7 execution release; prepared decoder_runtime.py,UNVERIFIED,unverified,True,TK1-decoder-random-seed-20261004-002-alias,3.4 / 7; adopted numeric decision,see named Stage1 sections,"Key order, whitespace, escaped strings and exact numeric aliases preserve complete identity.",systems-engineer
1,"1,2,3,4",systems-engineer,independent-verifier,PENDING_NAMED_CANDIDATE,"independent raw HTTP, inductive deep grammar and shallow exact-value oracle",decoder-strictness/deep-real-receipts,PENDING explicit candidate7 execution release; prepared decoder_runtime.py,UNVERIFIED,unverified,True,TK1-decoder-random-seed-20261004-002-difference,3.4 / 7; adopted numeric decision,see named Stage1 sections,A separately generated exact value difference gives409 idempotency_key_reuse.,systems-engineer
1,"1,2,3,4",systems-engineer,independent-verifier,PENDING_NAMED_CANDIDATE,"independent raw HTTP, inductive deep grammar and shallow exact-value oracle",decoder-strictness/deep-real-receipts,PENDING explicit candidate7 execution release; prepared decoder_runtime.py,UNVERIFIED,unverified,True,TK1-decoder-random-seed-20261004-002-immutable,3.4 / 7; adopted numeric decision,see named Stage1 sections,The original response survives a real current-state cancellation.,systems-engineer
1,"1,2,3,4",systems-engineer,independent-verifier,PENDING_NAMED_CANDIDATE,"independent raw HTTP, inductive deep grammar and shallow exact-value oracle",decoder-strictness/deep-real-receipts,PENDING explicit candidate7 execution release; prepared decoder_runtime.py,UNVERIFIED,unverified,True,TK1-decoder-random-seed-20261004-003-first,3.4 / 7; adopted numeric decision,see named Stage1 sections,A independently generated shallow ignored JSON value succeeds.,systems-engineer
1,"1,2,3,4",systems-engineer,independent-verifier,PENDING_NAMED_CANDIDATE,"independent raw HTTP, inductive deep grammar and shallow exact-value oracle",decoder-strictness/deep-real-receipts,PENDING explicit candidate7 execution release; prepared decoder_runtime.py,UNVERIFIED,unverified,True,TK1-decoder-random-seed-20261004-003-alias,3.4 / 7; adopted numeric decision,see named Stage1 sections,"Key order, whitespace, escaped strings and exact numeric aliases preserve complete identity.",systems-engineer
1,"1,2,3,4",systems-engineer,independent-verifier,PENDING_NAMED_CANDIDATE,"independent raw HTTP, inductive deep grammar and shallow exact-value oracle",decoder-strictness/deep-real-receipts,PENDING explicit candidate7 execution release; prepared decoder_runtime.py,UNVERIFIED,unverified,True,TK1-decoder-random-seed-20261004-003-difference,3.4 / 7; adopted numeric decision,see named Stage1 sections,A separately generated exact value difference gives409 idempotency_key_reuse.,systems-engineer
1,"1,2,3,4",systems-engineer,independent-verifier,PENDING_NAMED_CANDIDATE,"independent raw HTTP, inductive deep grammar and shallow exact-value oracle",decoder-strictness/deep-real-receipts,PENDING explicit candidate7 execution release; prepared decoder_runtime.py,UNVERIFIED,unverified,True,TK1-decoder-random-seed-20261004-003-immutable,3.4 / 7; adopted numeric decision,see named Stage1 sections,The original response survives a real current-state cancellation.,systems-engineer
1,"1,2,3,4",systems-engineer,independent-verifier,PENDING_NAMED_CANDIDATE,"independent raw HTTP, inductive deep grammar and shallow exact-value oracle",decoder-strictness/deep-real-receipts,PENDING explicit candidate7 execution release; prepared decoder_runtime.py,UNVERIFIED,unverified,True,TK1-decoder-random-seed-20261004-004-first,3.4 / 7; adopted numeric decision,see named Stage1 sections,A independently generated shallow ignored JSON value succeeds.,systems-engineer
1,"1,2,3,4",systems-engineer,independent-verifier,PENDING_NAMED_CANDIDATE,"independent raw HTTP, inductive deep grammar and shallow exact-value oracle",decoder-strictness/deep-real-receipts,PENDING explicit candidate7 execution release; prepared decoder_runtime.py,UNVERIFIED,unverified,True,TK1-decoder-random-seed-20261004-004-alias,3.4 / 7; adopted numeric decision,see named Stage1 sections,"Key order, whitespace, escaped strings and exact numeric aliases preserve complete identity.",systems-engineer
1,"1,2,3,4",systems-engineer,independent-verifier,PENDING_NAMED_CANDIDATE,"independent raw HTTP, inductive deep grammar and shallow exact-value oracle",decoder-strictness/deep-real-receipts,PENDING explicit candidate7 execution release; prepared decoder_runtime.py,UNVERIFIED,unverified,True,TK1-decoder-random-seed-20261004-004-difference,3.4 / 7; adopted numeric decision,see named Stage1 sections,A separately generated exact value difference gives409 idempotency_key_reuse.,systems-engineer
1,"1,2,3,4",systems-engineer,independent-verifier,PENDING_NAMED_CANDIDATE,"independent raw HTTP, inductive deep grammar and shallow exact-value oracle",decoder-strictness/deep-real-receipts,PENDING explicit candidate7 execution release; prepared decoder_runtime.py,UNVERIFIED,unverified,True,TK1-decoder-random-seed-20261004-004-immutable,3.4 / 7; adopted numeric decision,see named Stage1 sections,The original response survives a real current-state cancellation.,systems-engineer
1,"1,2,3,4",systems-engineer,independent-verifier,PENDING_NAMED_CANDIDATE,"independent raw HTTP, inductive deep grammar and shallow exact-value oracle",decoder-strictness/deep-real-receipts,PENDING explicit candidate7 execution release; prepared decoder_runtime.py,UNVERIFIED,unverified,True,TK1-decoder-random-seed-20261004-005-first,3.4 / 7; adopted numeric decision,see named Stage1 sections,A independently generated shallow ignored JSON value succeeds.,systems-engineer
1,"1,2,3,4",systems-engineer,independent-verifier,PENDING_NAMED_CANDIDATE,"independent raw HTTP, inductive deep grammar and shallow exact-value oracle",decoder-strictness/deep-real-receipts,PENDING explicit candidate7 execution release; prepared decoder_runtime.py,UNVERIFIED,unverified,True,TK1-decoder-random-seed-20261004-005-alias,3.4 / 7; adopted numeric decision,see named Stage1 sections,"Key order, whitespace, escaped strings and exact numeric aliases preserve complete identity.",systems-engineer
1,"1,2,3,4",systems-engineer,independent-verifier,PENDING_NAMED_CANDIDATE,"independent raw HTTP, inductive deep grammar and shallow exact-value oracle",decoder-strictness/deep-real-receipts,PENDING explicit candidate7 execution release; prepared decoder_runtime.py,UNVERIFIED,unverified,True,TK1-decoder-random-seed-20261004-005-difference,3.4 / 7; adopted numeric decision,see named Stage1 sections,A separately generated exact value difference gives409 idempotency_key_reuse.,systems-engineer
1,"1,2,3,4",systems-engineer,independent-verifier,PENDING_NAMED_CANDIDATE,"independent raw HTTP, inductive deep grammar and shallow exact-value oracle",decoder-strictness/deep-real-receipts,PENDING explicit candidate7 execution release; prepared decoder_runtime.py,UNVERIFIED,unverified,True,TK1-decoder-random-seed-20261004-005-immutable,3.4 / 7; adopted numeric decision,see named Stage1 sections,The original response survives a real current-state cancellation.,systems-engineer
1,"1,2,3,4",systems-engineer,independent-verifier,PENDING_NAMED_CANDIDATE,"independent raw HTTP, inductive deep grammar and shallow exact-value oracle",decoder-strictness/deep-real-receipts,PENDING explicit candidate7 execution release; prepared decoder_runtime.py,UNVERIFIED,unverified,True,TK1-decoder-random-seed-20261004-006-first,3.4 / 7; adopted numeric decision,see named Stage1 sections,A independently generated shallow ignored JSON value succeeds.,systems-engineer
1,"1,2,3,4",systems-engineer,independent-verifier,PENDING_NAMED_CANDIDATE,"independent raw HTTP, inductive deep grammar and shallow exact-value oracle",decoder-strictness/deep-real-receipts,PENDING explicit candidate7 execution release; prepared decoder_runtime.py,UNVERIFIED,unverified,True,TK1-decoder-random-seed-20261004-006-alias,3.4 / 7; adopted numeric decision,see named Stage1 sections,"Key order, whitespace, escaped strings and exact numeric aliases preserve complete identity.",systems-engineer
1,"1,2,3,4",systems-engineer,independent-verifier,PENDING_NAMED_CANDIDATE,"independent raw HTTP, inductive deep grammar and shallow exact-value oracle",decoder-strictness/deep-real-receipts,PENDING explicit candidate7 execution release; prepared decoder_runtime.py,UNVERIFIED,unverified,True,TK1-decoder-random-seed-20261004-006-difference,3.4 / 7; adopted numeric decision,see named Stage1 sections,A separately generated exact value difference gives409 idempotency_key_reuse.,systems-engineer
1,"1,2,3,4",systems-engineer,independent-verifier,PENDING_NAMED_CANDIDATE,"independent raw HTTP, inductive deep grammar and shallow exact-value oracle",decoder-strictness/deep-real-receipts,PENDING explicit candidate7 execution release; prepared decoder_runtime.py,UNVERIFIED,unverified,True,TK1-decoder-random-seed-20261004-006-immutable,3.4 / 7; adopted numeric decision,see named Stage1 sections,The original response survives a real current-state cancellation.,systems-engineer
1,"1,2,3,4",systems-engineer,independent-verifier,PENDING_NAMED_CANDIDATE,"independent raw HTTP, inductive deep grammar and shallow exact-value oracle",decoder-strictness/deep-real-receipts,PENDING explicit candidate7 execution release; prepared decoder_runtime.py,UNVERIFIED,unverified,True,TK1-decoder-random-seed-20261004-007-first,3.4 / 7; adopted numeric decision,see named Stage1 sections,A independently generated shallow ignored JSON value succeeds.,systems-engineer
1,"1,2,3,4",systems-engineer,independent-verifier,PENDING_NAMED_CANDIDATE,"independent raw HTTP, inductive deep grammar and shallow exact-value oracle",decoder-strictness/deep-real-receipts,PENDING explicit candidate7 execution release; prepared decoder_runtime.py,UNVERIFIED,unverified,True,TK1-decoder-random-seed-20261004-007-alias,3.4 / 7; adopted numeric decision,see named Stage1 sections,"Key order, whitespace, escaped strings and exact numeric aliases preserve complete identity.",systems-engineer
1,"1,2,3,4",systems-engineer,independent-verifier,PENDING_NAMED_CANDIDATE,"independent raw HTTP, inductive deep grammar and shallow exact-value oracle",decoder-strictness/deep-real-receipts,PENDING explicit candidate7 execution release; prepared decoder_runtime.py,UNVERIFIED,unverified,True,TK1-decoder-random-seed-20261004-007-difference,3.4 / 7; adopted numeric decision,see named Stage1 sections,A separately generated exact value difference gives409 idempotency_key_reuse.,systems-engineer
1,"1,2,3,4",systems-engineer,independent-verifier,PENDING_NAMED_CANDIDATE,"independent raw HTTP, inductive deep grammar and shallow exact-value oracle",decoder-strictness/deep-real-receipts,PENDING explicit candidate7 execution release; prepared decoder_runtime.py,UNVERIFIED,unverified,True,TK1-decoder-random-seed-20261004-007-immutable,3.4 / 7; adopted numeric decision,see named Stage1 sections,The original response survives a real current-state cancellation.,systems-engineer
1,"1,2,3,4",systems-engineer,independent-verifier,PENDING_NAMED_CANDIDATE,"independent raw HTTP, inductive deep grammar and shallow exact-value oracle",decoder-strictness/deep-real-receipts,PENDING explicit candidate7 execution release; prepared decoder_runtime.py,UNVERIFIED,unverified,True,TK1-decoder-random-seed-20261004-008-first,3.4 / 7; adopted numeric decision,see named Stage1 sections,A independently generated shallow ignored JSON value succeeds.,systems-engineer
1,"1,2,3,4",systems-engineer,independent-verifier,PENDING_NAMED_CANDIDATE,"independent raw HTTP, inductive deep grammar and shallow exact-value oracle",decoder-strictness/deep-real-receipts,PENDING explicit candidate7 execution release; prepared decoder_runtime.py,UNVERIFIED,unverified,True,TK1-decoder-random-seed-20261004-008-alias,3.4 / 7; adopted numeric decision,see named Stage1 sections,"Key order, whitespace, escaped strings and exact numeric aliases preserve complete identity.",systems-engineer
1,"1,2,3,4",systems-engineer,independent-verifier,PENDING_NAMED_CANDIDATE,"independent raw HTTP, inductive deep grammar and shallow exact-value oracle",decoder-strictness/deep-real-receipts,PENDING explicit candidate7 execution release; prepared decoder_runtime.py,UNVERIFIED,unverified,True,TK1-decoder-random-seed-20261004-008-difference,3.4 / 7; adopted numeric decision,see named Stage1 sections,A separately generated exact value difference gives409 idempotency_key_reuse.,systems-engineer
1,"1,2,3,4",systems-engineer,independent-verifier,PENDING_NAMED_CANDIDATE,"independent raw HTTP, inductive deep grammar and shallow exact-value oracle",decoder-strictness/deep-real-receipts,PENDING explicit candidate7 execution release; prepared decoder_runtime.py,UNVERIFIED,unverified,True,TK1-decoder-random-seed-20261004-008-immutable,3.4 / 7; adopted numeric decision,see named Stage1 sections,The original response survives a real current-state cancellation.,systems-engineer
1,"1,2,3,4",systems-engineer,independent-verifier,PENDING_NAMED_CANDIDATE,"independent raw HTTP, inductive deep grammar and shallow exact-value oracle",decoder-strictness/deep-real-receipts,PENDING explicit candidate7 execution release; prepared decoder_runtime.py,UNVERIFIED,unverified,True,TK1-decoder-random-seed-20261004-009-first,3.4 / 7; adopted numeric decision,see named Stage1 sections,A independently generated shallow ignored JSON value succeeds.,systems-engineer
1,"1,2,3,4",systems-engineer,independent-verifier,PENDING_NAMED_CANDIDATE,"independent raw HTTP, inductive deep grammar and shallow exact-value oracle",decoder-strictness/deep-real-receipts,PENDING explicit candidate7 execution release; prepared decoder_runtime.py,UNVERIFIED,unverified,True,TK1-decoder-random-seed-20261004-009-alias,3.4 / 7; adopted numeric decision,see named Stage1 sections,"Key order, whitespace, escaped strings and exact numeric aliases preserve complete identity.",systems-engineer
1,"1,2,3,4",systems-engineer,independent-verifier,PENDING_NAMED_CANDIDATE,"independent raw HTTP, inductive deep grammar and shallow exact-value oracle",decoder-strictness/deep-real-receipts,PENDING explicit candidate7 execution release; prepared decoder_runtime.py,UNVERIFIED,unverified,True,TK1-decoder-random-seed-20261004-009-difference,3.4 / 7; adopted numeric decision,see named Stage1 sections,A separately generated exact value difference gives409 idempotency_key_reuse.,systems-engineer
1,"1,2,3,4",systems-engineer,independent-verifier,PENDING_NAMED_CANDIDATE,"independent raw HTTP, inductive deep grammar and shallow exact-value oracle",decoder-strictness/deep-real-receipts,PENDING explicit candidate7 execution release; prepared decoder_runtime.py,UNVERIFIED,unverified,True,TK1-decoder-random-seed-20261004-009-immutable,3.4 / 7; adopted numeric decision,see named Stage1 sections,The original response survives a real current-state cancellation.,systems-engineer
1,"1,2,3,4",systems-engineer,independent-verifier,PENDING_NAMED_CANDIDATE,"independent raw HTTP, inductive deep grammar and shallow exact-value oracle",decoder-strictness/deep-real-receipts,PENDING explicit candidate7 execution release; prepared decoder_runtime.py,UNVERIFIED,unverified,True,TK1-decoder-random-seed-20261004-010-first,3.4 / 7; adopted numeric decision,see named Stage1 sections,A independently generated shallow ignored JSON value succeeds.,systems-engineer
1,"1,2,3,4",systems-engineer,independent-verifier,PENDING_NAMED_CANDIDATE,"independent raw HTTP, inductive deep grammar and shallow exact-value oracle",decoder-strictness/deep-real-receipts,PENDING explicit candidate7 execution release; prepared decoder_runtime.py,UNVERIFIED,unverified,True,TK1-decoder-random-seed-20261004-010-alias,3.4 / 7; adopted numeric decision,see named Stage1 sections,"Key order, whitespace, escaped strings and exact numeric aliases preserve complete identity.",systems-engineer
1,"1,2,3,4",systems-engineer,independent-verifier,PENDING_NAMED_CANDIDATE,"independent raw HTTP, inductive deep grammar and shallow exact-value oracle",decoder-strictness/deep-real-receipts,PENDING explicit candidate7 execution release; prepared decoder_runtime.py,UNVERIFIED,unverified,True,TK1-decoder-random-seed-20261004-010-difference,3.4 / 7; adopted numeric decision,see named Stage1 sections,A separately generated exact value difference gives409 idempotency_key_reuse.,systems-engineer
1,"1,2,3,4",systems-engineer,independent-verifier,PENDING_NAMED_CANDIDATE,"independent raw HTTP, inductive deep grammar and shallow exact-value oracle",decoder-strictness/deep-real-receipts,PENDING explicit candidate7 execution release; prepared decoder_runtime.py,UNVERIFIED,unverified,True,TK1-decoder-random-seed-20261004-010-immutable,3.4 / 7; adopted numeric decision,see named Stage1 sections,The original response survives a real current-state cancellation.,systems-engineer
1,"1,2,3,4",systems-engineer,independent-verifier,PENDING_NAMED_CANDIDATE,"independent raw HTTP, inductive deep grammar and shallow exact-value oracle",decoder-strictness/deep-real-receipts,PENDING explicit candidate7 execution release; prepared decoder_runtime.py,UNVERIFIED,unverified,True,TK1-decoder-random-seed-20261004-011-first,3.4 / 7; adopted numeric decision,see named Stage1 sections,A independently generated shallow ignored JSON value succeeds.,systems-engineer
1,"1,2,3,4",systems-engineer,independent-verifier,PENDING_NAMED_CANDIDATE,"independent raw HTTP, inductive deep grammar and shallow exact-value oracle",decoder-strictness/deep-real-receipts,PENDING explicit candidate7 execution release; prepared decoder_runtime.py,UNVERIFIED,unverified,True,TK1-decoder-random-seed-20261004-011-alias,3.4 / 7; adopted numeric decision,see named Stage1 sections,"Key order, whitespace, escaped strings and exact numeric aliases preserve complete identity.",systems-engineer
1,"1,2,3,4",systems-engineer,independent-verifier,PENDING_NAMED_CANDIDATE,"independent raw HTTP, inductive deep grammar and shallow exact-value oracle",decoder-strictness/deep-real-receipts,PENDING explicit candidate7 execution release; prepared decoder_runtime.py,UNVERIFIED,unverified,True,TK1-decoder-random-seed-20261004-011-difference,3.4 / 7; adopted numeric decision,see named Stage1 sections,A separately generated exact value difference gives409 idempotency_key_reuse.,systems-engineer
1,"1,2,3,4",systems-engineer,independent-verifier,PENDING_NAMED_CANDIDATE,"independent raw HTTP, inductive deep grammar and shallow exact-value oracle",decoder-strictness/deep-real-receipts,PENDING explicit candidate7 execution release; prepared decoder_runtime.py,UNVERIFIED,unverified,True,TK1-decoder-random-seed-20261004-011-immutable,3.4 / 7; adopted numeric decision,see named Stage1 sections,The original response survives a real current-state cancellation.,systems-engineer
1,"1,2,3,4",systems-engineer,independent-verifier,PENDING_NAMED_CANDIDATE,"independent raw HTTP, inductive deep grammar and shallow exact-value oracle",decoder-strictness/deep-real-receipts,PENDING explicit candidate7 execution release; prepared decoder_runtime.py,UNVERIFIED,unverified,True,TK1-decoder-random-seed-20261004-012-first,3.4 / 7; adopted numeric decision,see named Stage1 sections,A independently generated shallow ignored JSON value succeeds.,systems-engineer
1,"1,2,3,4",systems-engineer,independent-verifier,PENDING_NAMED_CANDIDATE,"independent raw HTTP, inductive deep grammar and shallow exact-value oracle",decoder-strictness/deep-real-receipts,PENDING explicit candidate7 execution release; prepared decoder_runtime.py,UNVERIFIED,unverified,True,TK1-decoder-random-seed-20261004-012-alias,3.4 / 7; adopted numeric decision,see named Stage1 sections,"Key order, whitespace, escaped strings and exact numeric aliases preserve complete identity.",systems-engineer
1,"1,2,3,4",systems-engineer,independent-verifier,PENDING_NAMED_CANDIDATE,"independent raw HTTP, inductive deep grammar and shallow exact-value oracle",decoder-strictness/deep-real-receipts,PENDING explicit candidate7 execution release; prepared decoder_runtime.py,UNVERIFIED,unverified,True,TK1-decoder-random-seed-20261004-012-difference,3.4 / 7; adopted numeric decision,see named Stage1 sections,A separately generated exact value difference gives409 idempotency_key_reuse.,systems-engineer
1,"1,2,3,4",systems-engineer,independent-verifier,PENDING_NAMED_CANDIDATE,"independent raw HTTP, inductive deep grammar and shallow exact-value oracle",decoder-strictness/deep-real-receipts,PENDING explicit candidate7 execution release; prepared decoder_runtime.py,UNVERIFIED,unverified,True,TK1-decoder-random-seed-20261004-012-immutable,3.4 / 7; adopted numeric decision,see named Stage1 sections,The original response survives a real current-state cancellation.,systems-engineer
1,"1,2,3,4",systems-engineer,independent-verifier,PENDING_NAMED_CANDIDATE,"independent raw HTTP, inductive deep grammar and shallow exact-value oracle",decoder-strictness/deep-real-receipts,PENDING explicit candidate7 execution release; prepared decoder_runtime.py,UNVERIFIED,unverified,True,TK1-decoder-random-seed-20261004-013-first,3.4 / 7; adopted numeric decision,see named Stage1 sections,A independently generated shallow ignored JSON value succeeds.,systems-engineer
1,"1,2,3,4",systems-engineer,independent-verifier,PENDING_NAMED_CANDIDATE,"independent raw HTTP, inductive deep grammar and shallow exact-value oracle",decoder-strictness/deep-real-receipts,PENDING explicit candidate7 execution release; prepared decoder_runtime.py,UNVERIFIED,unverified,True,TK1-decoder-random-seed-20261004-013-alias,3.4 / 7; adopted numeric decision,see named Stage1 sections,"Key order, whitespace, escaped strings and exact numeric aliases preserve complete identity.",systems-engineer
1,"1,2,3,4",systems-engineer,independent-verifier,PENDING_NAMED_CANDIDATE,"independent raw HTTP, inductive deep grammar and shallow exact-value oracle",decoder-strictness/deep-real-receipts,PENDING explicit candidate7 execution release; prepared decoder_runtime.py,UNVERIFIED,unverified,True,TK1-decoder-random-seed-20261004-013-difference,3.4 / 7; adopted numeric decision,see named Stage1 sections,A separately generated exact value difference gives409 idempotency_key_reuse.,systems-engineer
1,"1,2,3,4",systems-engineer,independent-verifier,PENDING_NAMED_CANDIDATE,"independent raw HTTP, inductive deep grammar and shallow exact-value oracle",decoder-strictness/deep-real-receipts,PENDING explicit candidate7 execution release; prepared decoder_runtime.py,UNVERIFIED,unverified,True,TK1-decoder-random-seed-20261004-013-immutable,3.4 / 7; adopted numeric decision,see named Stage1 sections,The original response survives a real current-state cancellation.,systems-engineer
1,"1,2,3,4",systems-engineer,independent-verifier,PENDING_NAMED_CANDIDATE,"independent raw HTTP, inductive deep grammar and shallow exact-value oracle",decoder-strictness/deep-real-receipts,PENDING explicit candidate7 execution release; prepared decoder_runtime.py,UNVERIFIED,unverified,True,TK1-decoder-random-seed-20261004-014-first,3.4 / 7; adopted numeric decision,see named Stage1 sections,A independently generated shallow ignored JSON value succeeds.,systems-engineer
1,"1,2,3,4",systems-engineer,independent-verifier,PENDING_NAMED_CANDIDATE,"independent raw HTTP, inductive deep grammar and shallow exact-value oracle",decoder-strictness/deep-real-receipts,PENDING explicit candidate7 execution release; prepared decoder_runtime.py,UNVERIFIED,unverified,True,TK1-decoder-random-seed-20261004-014-alias,3.4 / 7; adopted numeric decision,see named Stage1 sections,"Key order, whitespace, escaped strings and exact numeric aliases preserve complete identity.",systems-engineer
1,"1,2,3,4",systems-engineer,independent-verifier,PENDING_NAMED_CANDIDATE,"independent raw HTTP, inductive deep grammar and shallow exact-value oracle",decoder-strictness/deep-real-receipts,PENDING explicit candidate7 execution release; prepared decoder_runtime.py,UNVERIFIED,unverified,True,TK1-decoder-random-seed-20261004-014-difference,3.4 / 7; adopted numeric decision,see named Stage1 sections,A separately generated exact value difference gives409 idempotency_key_reuse.,systems-engineer
1,"1,2,3,4",systems-engineer,independent-verifier,PENDING_NAMED_CANDIDATE,"independent raw HTTP, inductive deep grammar and shallow exact-value oracle",decoder-strictness/deep-real-receipts,PENDING explicit candidate7 execution release; prepared decoder_runtime.py,UNVERIFIED,unverified,True,TK1-decoder-random-seed-20261004-014-immutable,3.4 / 7; adopted numeric decision,see named Stage1 sections,The original response survives a real current-state cancellation.,systems-engineer
1,"1,2,3,4",systems-engineer,independent-verifier,PENDING_NAMED_CANDIDATE,"independent raw HTTP, inductive deep grammar and shallow exact-value oracle",decoder-strictness/deep-real-receipts,PENDING explicit candidate7 execution release; prepared decoder_runtime.py,UNVERIFIED,unverified,True,TK1-decoder-random-seed-20261004-015-first,3.4 / 7; adopted numeric decision,see named Stage1 sections,A independently generated shallow ignored JSON value succeeds.,systems-engineer
1,"1,2,3,4",systems-engineer,independent-verifier,PENDING_NAMED_CANDIDATE,"independent raw HTTP, inductive deep grammar and shallow exact-value oracle",decoder-strictness/deep-real-receipts,PENDING explicit candidate7 execution release; prepared decoder_runtime.py,UNVERIFIED,unverified,True,TK1-decoder-random-seed-20261004-015-alias,3.4 / 7; adopted numeric decision,see named Stage1 sections,"Key order, whitespace, escaped strings and exact numeric aliases preserve complete identity.",systems-engineer
1,"1,2,3,4",systems-engineer,independent-verifier,PENDING_NAMED_CANDIDATE,"independent raw HTTP, inductive deep grammar and shallow exact-value oracle",decoder-strictness/deep-real-receipts,PENDING explicit candidate7 execution release; prepared decoder_runtime.py,UNVERIFIED,unverified,True,TK1-decoder-random-seed-20261004-015-difference,3.4 / 7; adopted numeric decision,see named Stage1 sections,A separately generated exact value difference gives409 idempotency_key_reuse.,systems-engineer
1,"1,2,3,4",systems-engineer,independent-verifier,PENDING_NAMED_CANDIDATE,"independent raw HTTP, inductive deep grammar and shallow exact-value oracle",decoder-strictness/deep-real-receipts,PENDING explicit candidate7 execution release; prepared decoder_runtime.py,UNVERIFIED,unverified,True,TK1-decoder-random-seed-20261004-015-immutable,3.4 / 7; adopted numeric decision,see named Stage1 sections,The original response survives a real current-state cancellation.,systems-engineer
1,"1,2,3,4",systems-engineer,independent-verifier,PENDING_NAMED_CANDIDATE,"independent raw HTTP, inductive deep grammar and shallow exact-value oracle",decoder-strictness/deep-real-receipts,PENDING explicit candidate7 execution release; prepared decoder_runtime.py,UNVERIFIED,unverified,True,TK1-decoder-random-seed-20261004-016-first,3.4 / 7; adopted numeric decision,see named Stage1 sections,A independently generated shallow ignored JSON value succeeds.,systems-engineer
1,"1,2,3,4",systems-engineer,independent-verifier,PENDING_NAMED_CANDIDATE,"independent raw HTTP, inductive deep grammar and shallow exact-value oracle",decoder-strictness/deep-real-receipts,PENDING explicit candidate7 execution release; prepared decoder_runtime.py,UNVERIFIED,unverified,True,TK1-decoder-random-seed-20261004-016-alias,3.4 / 7; adopted numeric decision,see named Stage1 sections,"Key order, whitespace, escaped strings and exact numeric aliases preserve complete identity.",systems-engineer
1,"1,2,3,4",systems-engineer,independent-verifier,PENDING_NAMED_CANDIDATE,"independent raw HTTP, inductive deep grammar and shallow exact-value oracle",decoder-strictness/deep-real-receipts,PENDING explicit candidate7 execution release; prepared decoder_runtime.py,UNVERIFIED,unverified,True,TK1-decoder-random-seed-20261004-016-difference,3.4 / 7; adopted numeric decision,see named Stage1 sections,A separately generated exact value difference gives409 idempotency_key_reuse.,systems-engineer
1,"1,2,3,4",systems-engineer,independent-verifier,PENDING_NAMED_CANDIDATE,"independent raw HTTP, inductive deep grammar and shallow exact-value oracle",decoder-strictness/deep-real-receipts,PENDING explicit candidate7 execution release; prepared decoder_runtime.py,UNVERIFIED,unverified,True,TK1-decoder-random-seed-20261004-016-immutable,3.4 / 7; adopted numeric decision,see named Stage1 sections,The original response survives a real current-state cancellation.,systems-engineer
1,"1,2,3,4",systems-engineer,independent-verifier,PENDING_NAMED_CANDIDATE,"independent raw HTTP, inductive deep grammar and shallow exact-value oracle",decoder-strictness/deep-real-receipts,PENDING explicit candidate7 execution release; prepared decoder_runtime.py,UNVERIFIED,unverified,True,TK1-decoder-random-seed-20261004-017-first,3.4 / 7; adopted numeric decision,see named Stage1 sections,A independently generated shallow ignored JSON value succeeds.,systems-engineer
1,"1,2,3,4",systems-engineer,independent-verifier,PENDING_NAMED_CANDIDATE,"independent raw HTTP, inductive deep grammar and shallow exact-value oracle",decoder-strictness/deep-real-receipts,PENDING explicit candidate7 execution release; prepared decoder_runtime.py,UNVERIFIED,unverified,True,TK1-decoder-random-seed-20261004-017-alias,3.4 / 7; adopted numeric decision,see named Stage1 sections,"Key order, whitespace, escaped strings and exact numeric aliases preserve complete identity.",systems-engineer
1,"1,2,3,4",systems-engineer,independent-verifier,PENDING_NAMED_CANDIDATE,"independent raw HTTP, inductive deep grammar and shallow exact-value oracle",decoder-strictness/deep-real-receipts,PENDING explicit candidate7 execution release; prepared decoder_runtime.py,UNVERIFIED,unverified,True,TK1-decoder-random-seed-20261004-017-difference,3.4 / 7; adopted numeric decision,see named Stage1 sections,A separately generated exact value difference gives409 idempotency_key_reuse.,systems-engineer
1,"1,2,3,4",systems-engineer,independent-verifier,PENDING_NAMED_CANDIDATE,"independent raw HTTP, inductive deep grammar and shallow exact-value oracle",decoder-strictness/deep-real-receipts,PENDING explicit candidate7 execution release; prepared decoder_runtime.py,UNVERIFIED,unverified,True,TK1-decoder-random-seed-20261004-017-immutable,3.4 / 7; adopted numeric decision,see named Stage1 sections,The original response survives a real current-state cancellation.,systems-engineer
1,"1,2,3,4",systems-engineer,independent-verifier,PENDING_NAMED_CANDIDATE,"independent raw HTTP, inductive deep grammar and shallow exact-value oracle",decoder-strictness/deep-real-receipts,PENDING explicit candidate7 execution release; prepared decoder_runtime.py,UNVERIFIED,unverified,True,TK1-decoder-random-seed-20261004-018-first,3.4 / 7; adopted numeric decision,see named Stage1 sections,A independently generated shallow ignored JSON value succeeds.,systems-engineer
1,"1,2,3,4",systems-engineer,independent-verifier,PENDING_NAMED_CANDIDATE,"independent raw HTTP, inductive deep grammar and shallow exact-value oracle",decoder-strictness/deep-real-receipts,PENDING explicit candidate7 execution release; prepared decoder_runtime.py,UNVERIFIED,unverified,True,TK1-decoder-random-seed-20261004-018-alias,3.4 / 7; adopted numeric decision,see named Stage1 sections,"Key order, whitespace, escaped strings and exact numeric aliases preserve complete identity.",systems-engineer
1,"1,2,3,4",systems-engineer,independent-verifier,PENDING_NAMED_CANDIDATE,"independent raw HTTP, inductive deep grammar and shallow exact-value oracle",decoder-strictness/deep-real-receipts,PENDING explicit candidate7 execution release; prepared decoder_runtime.py,UNVERIFIED,unverified,True,TK1-decoder-random-seed-20261004-018-difference,3.4 / 7; adopted numeric decision,see named Stage1 sections,A separately generated exact value difference gives409 idempotency_key_reuse.,systems-engineer
1,"1,2,3,4",systems-engineer,independent-verifier,PENDING_NAMED_CANDIDATE,"independent raw HTTP, inductive deep grammar and shallow exact-value oracle",decoder-strictness/deep-real-receipts,PENDING explicit candidate7 execution release; prepared decoder_runtime.py,UNVERIFIED,unverified,True,TK1-decoder-random-seed-20261004-018-immutable,3.4 / 7; adopted numeric decision,see named Stage1 sections,The original response survives a real current-state cancellation.,systems-engineer
1,"1,2,3,4",systems-engineer,independent-verifier,PENDING_NAMED_CANDIDATE,"independent raw HTTP, inductive deep grammar and shallow exact-value oracle",decoder-strictness/deep-real-receipts,PENDING explicit candidate7 execution release; prepared decoder_runtime.py,UNVERIFIED,unverified,True,TK1-decoder-random-seed-20261004-019-first,3.4 / 7; adopted numeric decision,see named Stage1 sections,A independently generated shallow ignored JSON value succeeds.,systems-engineer
1,"1,2,3,4",systems-engineer,independent-verifier,PENDING_NAMED_CANDIDATE,"independent raw HTTP, inductive deep grammar and shallow exact-value oracle",decoder-strictness/deep-real-receipts,PENDING explicit candidate7 execution release; prepared decoder_runtime.py,UNVERIFIED,unverified,True,TK1-decoder-random-seed-20261004-019-alias,3.4 / 7; adopted numeric decision,see named Stage1 sections,"Key order, whitespace, escaped strings and exact numeric aliases preserve complete identity.",systems-engineer
1,"1,2,3,4",systems-engineer,independent-verifier,PENDING_NAMED_CANDIDATE,"independent raw HTTP, inductive deep grammar and shallow exact-value oracle",decoder-strictness/deep-real-receipts,PENDING explicit candidate7 execution release; prepared decoder_runtime.py,UNVERIFIED,unverified,True,TK1-decoder-random-seed-20261004-019-difference,3.4 / 7; adopted numeric decision,see named Stage1 sections,A separately generated exact value difference gives409 idempotency_key_reuse.,systems-engineer
1,"1,2,3,4",systems-engineer,independent-verifier,PENDING_NAMED_CANDIDATE,"independent raw HTTP, inductive deep grammar and shallow exact-value oracle",decoder-strictness/deep-real-receipts,PENDING explicit candidate7 execution release; prepared decoder_runtime.py,UNVERIFIED,unverified,True,TK1-decoder-random-seed-20261004-019-immutable,3.4 / 7; adopted numeric decision,see named Stage1 sections,The original response survives a real current-state cancellation.,systems-engineer
1,"1,2,3,4",systems-engineer,independent-verifier,PENDING_NAMED_CANDIDATE,"independent raw HTTP, inductive deep grammar and shallow exact-value oracle",decoder-strictness/deep-real-receipts,PENDING explicit candidate7 execution release; prepared decoder_runtime.py,UNVERIFIED,unverified,True,TK1-decoder-random-seed-20261004-020-first,3.4 / 7; adopted numeric decision,see named Stage1 sections,A independently generated shallow ignored JSON value succeeds.,systems-engineer
1,"1,2,3,4",systems-engineer,independent-verifier,PENDING_NAMED_CANDIDATE,"independent raw HTTP, inductive deep grammar and shallow exact-value oracle",decoder-strictness/deep-real-receipts,PENDING explicit candidate7 execution release; prepared decoder_runtime.py,UNVERIFIED,unverified,True,TK1-decoder-random-seed-20261004-020-alias,3.4 / 7; adopted numeric decision,see named Stage1 sections,"Key order, whitespace, escaped strings and exact numeric aliases preserve complete identity.",systems-engineer
1,"1,2,3,4",systems-engineer,independent-verifier,PENDING_NAMED_CANDIDATE,"independent raw HTTP, inductive deep grammar and shallow exact-value oracle",decoder-strictness/deep-real-receipts,PENDING explicit candidate7 execution release; prepared decoder_runtime.py,UNVERIFIED,unverified,True,TK1-decoder-random-seed-20261004-020-difference,3.4 / 7; adopted numeric decision,see named Stage1 sections,A separately generated exact value difference gives409 idempotency_key_reuse.,systems-engineer
1,"1,2,3,4",systems-engineer,independent-verifier,PENDING_NAMED_CANDIDATE,"independent raw HTTP, inductive deep grammar and shallow exact-value oracle",decoder-strictness/deep-real-receipts,PENDING explicit candidate7 execution release; prepared decoder_runtime.py,UNVERIFIED,unverified,True,TK1-decoder-random-seed-20261004-020-immutable,3.4 / 7; adopted numeric decision,see named Stage1 sections,The original response survives a real current-state cancellation.,systems-engineer
1,"1,2,3,4",systems-engineer,independent-verifier,PENDING_NAMED_CANDIDATE,"independent raw HTTP, inductive deep grammar and shallow exact-value oracle",decoder-strictness/deep-real-receipts,PENDING explicit candidate7 execution release; prepared decoder_runtime.py,UNVERIFIED,unverified,True,TK1-decoder-random-seed-20261004-021-first,3.4 / 7; adopted numeric decision,see named Stage1 sections,A independently generated shallow ignored JSON value succeeds.,systems-engineer
1,"1,2,3,4",systems-engineer,independent-verifier,PENDING_NAMED_CANDIDATE,"independent raw HTTP, inductive deep grammar and shallow exact-value oracle",decoder-strictness/deep-real-receipts,PENDING explicit candidate7 execution release; prepared decoder_runtime.py,UNVERIFIED,unverified,True,TK1-decoder-random-seed-20261004-021-alias,3.4 / 7; adopted numeric decision,see named Stage1 sections,"Key order, whitespace, escaped strings and exact numeric aliases preserve complete identity.",systems-engineer
1,"1,2,3,4",systems-engineer,independent-verifier,PENDING_NAMED_CANDIDATE,"independent raw HTTP, inductive deep grammar and shallow exact-value oracle",decoder-strictness/deep-real-receipts,PENDING explicit candidate7 execution release; prepared decoder_runtime.py,UNVERIFIED,unverified,True,TK1-decoder-random-seed-20261004-021-difference,3.4 / 7; adopted numeric decision,see named Stage1 sections,A separately generated exact value difference gives409 idempotency_key_reuse.,systems-engineer
1,"1,2,3,4",systems-engineer,independent-verifier,PENDING_NAMED_CANDIDATE,"independent raw HTTP, inductive deep grammar and shallow exact-value oracle",decoder-strictness/deep-real-receipts,PENDING explicit candidate7 execution release; prepared decoder_runtime.py,UNVERIFIED,unverified,True,TK1-decoder-random-seed-20261004-021-immutable,3.4 / 7; adopted numeric decision,see named Stage1 sections,The original response survives a real current-state cancellation.,systems-engineer
1,"1,2,3,4",systems-engineer,independent-verifier,PENDING_NAMED_CANDIDATE,"independent raw HTTP, inductive deep grammar and shallow exact-value oracle",decoder-strictness/deep-real-receipts,PENDING explicit candidate7 execution release; prepared decoder_runtime.py,UNVERIFIED,unverified,True,TK1-decoder-random-seed-20261004-022-first,3.4 / 7; adopted numeric decision,see named Stage1 sections,A independently generated shallow ignored JSON value succeeds.,systems-engineer
1,"1,2,3,4",systems-engineer,independent-verifier,PENDING_NAMED_CANDIDATE,"independent raw HTTP, inductive deep grammar and shallow exact-value oracle",decoder-strictness/deep-real-receipts,PENDING explicit candidate7 execution release; prepared decoder_runtime.py,UNVERIFIED,unverified,True,TK1-decoder-random-seed-20261004-022-alias,3.4 / 7; adopted numeric decision,see named Stage1 sections,"Key order, whitespace, escaped strings and exact numeric aliases preserve complete identity.",systems-engineer
1,"1,2,3,4",systems-engineer,independent-verifier,PENDING_NAMED_CANDIDATE,"independent raw HTTP, inductive deep grammar and shallow exact-value oracle",decoder-strictness/deep-real-receipts,PENDING explicit candidate7 execution release; prepared decoder_runtime.py,UNVERIFIED,unverified,True,TK1-decoder-random-seed-20261004-022-difference,3.4 / 7; adopted numeric decision,see named Stage1 sections,A separately generated exact value difference gives409 idempotency_key_reuse.,systems-engineer
1,"1,2,3,4",systems-engineer,independent-verifier,PENDING_NAMED_CANDIDATE,"independent raw HTTP, inductive deep grammar and shallow exact-value oracle",decoder-strictness/deep-real-receipts,PENDING explicit candidate7 execution release; prepared decoder_runtime.py,UNVERIFIED,unverified,True,TK1-decoder-random-seed-20261004-022-immutable,3.4 / 7; adopted numeric decision,see named Stage1 sections,The original response survives a real current-state cancellation.,systems-engineer
1,"1,2,3,4",systems-engineer,independent-verifier,PENDING_NAMED_CANDIDATE,"independent raw HTTP, inductive deep grammar and shallow exact-value oracle",decoder-strictness/deep-real-receipts,PENDING explicit candidate7 execution release; prepared decoder_runtime.py,UNVERIFIED,unverified,True,TK1-decoder-random-seed-20261004-023-first,3.4 / 7; adopted numeric decision,see named Stage1 sections,A independently generated shallow ignored JSON value succeeds.,systems-engineer
1,"1,2,3,4",systems-engineer,independent-verifier,PENDING_NAMED_CANDIDATE,"independent raw HTTP, inductive deep grammar and shallow exact-value oracle",decoder-strictness/deep-real-receipts,PENDING explicit candidate7 execution release; prepared decoder_runtime.py,UNVERIFIED,unverified,True,TK1-decoder-random-seed-20261004-023-alias,3.4 / 7; adopted numeric decision,see named Stage1 sections,"Key order, whitespace, escaped strings and exact numeric aliases preserve complete identity.",systems-engineer
1,"1,2,3,4",systems-engineer,independent-verifier,PENDING_NAMED_CANDIDATE,"independent raw HTTP, inductive deep grammar and shallow exact-value oracle",decoder-strictness/deep-real-receipts,PENDING explicit candidate7 execution release; prepared decoder_runtime.py,UNVERIFIED,unverified,True,TK1-decoder-random-seed-20261004-023-difference,3.4 / 7; adopted numeric decision,see named Stage1 sections,A separately generated exact value difference gives409 idempotency_key_reuse.,systems-engineer
1,"1,2,3,4",systems-engineer,independent-verifier,PENDING_NAMED_CANDIDATE,"independent raw HTTP, inductive deep grammar and shallow exact-value oracle",decoder-strictness/deep-real-receipts,PENDING explicit candidate7 execution release; prepared decoder_runtime.py,UNVERIFIED,unverified,True,TK1-decoder-random-seed-20261004-023-immutable,3.4 / 7; adopted numeric decision,see named Stage1 sections,The original response survives a real current-state cancellation.,systems-engineer
1,"1,2,3,4",systems-engineer,independent-verifier,PENDING_NAMED_CANDIDATE,"independent raw HTTP, inductive deep grammar and shallow exact-value oracle",decoder-strictness/deep-real-receipts,PENDING explicit candidate7 execution release; prepared decoder_runtime.py,UNVERIFIED,unverified,True,TK1-decoder-random-seed-20261004-024-first,3.4 / 7; adopted numeric decision,see named Stage1 sections,A independently generated shallow ignored JSON value succeeds.,systems-engineer
1,"1,2,3,4",systems-engineer,independent-verifier,PENDING_NAMED_CANDIDATE,"independent raw HTTP, inductive deep grammar and shallow exact-value oracle",decoder-strictness/deep-real-receipts,PENDING explicit candidate7 execution release; prepared decoder_runtime.py,UNVERIFIED,unverified,True,TK1-decoder-random-seed-20261004-024-alias,3.4 / 7; adopted numeric decision,see named Stage1 sections,"Key order, whitespace, escaped strings and exact numeric aliases preserve complete identity.",systems-engineer
1,"1,2,3,4",systems-engineer,independent-verifier,PENDING_NAMED_CANDIDATE,"independent raw HTTP, inductive deep grammar and shallow exact-value oracle",decoder-strictness/deep-real-receipts,PENDING explicit candidate7 execution release; prepared decoder_runtime.py,UNVERIFIED,unverified,True,TK1-decoder-random-seed-20261004-024-difference,3.4 / 7; adopted numeric decision,see named Stage1 sections,A separately generated exact value difference gives409 idempotency_key_reuse.,systems-engineer
1,"1,2,3,4",systems-engineer,independent-verifier,PENDING_NAMED_CANDIDATE,"independent raw HTTP, inductive deep grammar and shallow exact-value oracle",decoder-strictness/deep-real-receipts,PENDING explicit candidate7 execution release; prepared decoder_runtime.py,UNVERIFIED,unverified,True,TK1-decoder-random-seed-20261004-024-immutable,3.4 / 7; adopted numeric decision,see named Stage1 sections,The original response survives a real current-state cancellation.,systems-engineer
1,"1,2,3,4",systems-engineer,independent-verifier,PENDING_NAMED_CANDIDATE,"independent raw HTTP, inductive deep grammar and shallow exact-value oracle",decoder-strictness/deep-real-receipts,PENDING explicit candidate7 execution release; prepared decoder_runtime.py,UNVERIFIED,unverified,True,TK1-decoder-random-seed-20261004-025-first,3.4 / 7; adopted numeric decision,see named Stage1 sections,A independently generated shallow ignored JSON value succeeds.,systems-engineer
1,"1,2,3,4",systems-engineer,independent-verifier,PENDING_NAMED_CANDIDATE,"independent raw HTTP, inductive deep grammar and shallow exact-value oracle",decoder-strictness/deep-real-receipts,PENDING explicit candidate7 execution release; prepared decoder_runtime.py,UNVERIFIED,unverified,True,TK1-decoder-random-seed-20261004-025-alias,3.4 / 7; adopted numeric decision,see named Stage1 sections,"Key order, whitespace, escaped strings and exact numeric aliases preserve complete identity.",systems-engineer
1,"1,2,3,4",systems-engineer,independent-verifier,PENDING_NAMED_CANDIDATE,"independent raw HTTP, inductive deep grammar and shallow exact-value oracle",decoder-strictness/deep-real-receipts,PENDING explicit candidate7 execution release; prepared decoder_runtime.py,UNVERIFIED,unverified,True,TK1-decoder-random-seed-20261004-025-difference,3.4 / 7; adopted numeric decision,see named Stage1 sections,A separately generated exact value difference gives409 idempotency_key_reuse.,systems-engineer
1,"1,2,3,4",systems-engineer,independent-verifier,PENDING_NAMED_CANDIDATE,"independent raw HTTP, inductive deep grammar and shallow exact-value oracle",decoder-strictness/deep-real-receipts,PENDING explicit candidate7 execution release; prepared decoder_runtime.py,UNVERIFIED,unverified,True,TK1-decoder-random-seed-20261004-025-immutable,3.4 / 7; adopted numeric decision,see named Stage1 sections,The original response survives a real current-state cancellation.,systems-engineer
1,"1,2,3,4",systems-engineer,independent-verifier,PENDING_NAMED_CANDIDATE,"independent raw HTTP, inductive deep grammar and shallow exact-value oracle",decoder-strictness/deep-real-receipts,PENDING explicit candidate7 execution release; prepared decoder_runtime.py,UNVERIFIED,unverified,True,TK1-decoder-random-seed-20261004-026-first,3.4 / 7; adopted numeric decision,see named Stage1 sections,A independently generated shallow ignored JSON value succeeds.,systems-engineer
1,"1,2,3,4",systems-engineer,independent-verifier,PENDING_NAMED_CANDIDATE,"independent raw HTTP, inductive deep grammar and shallow exact-value oracle",decoder-strictness/deep-real-receipts,PENDING explicit candidate7 execution release; prepared decoder_runtime.py,UNVERIFIED,unverified,True,TK1-decoder-random-seed-20261004-026-alias,3.4 / 7; adopted numeric decision,see named Stage1 sections,"Key order, whitespace, escaped strings and exact numeric aliases preserve complete identity.",systems-engineer
1,"1,2,3,4",systems-engineer,independent-verifier,PENDING_NAMED_CANDIDATE,"independent raw HTTP, inductive deep grammar and shallow exact-value oracle",decoder-strictness/deep-real-receipts,PENDING explicit candidate7 execution release; prepared decoder_runtime.py,UNVERIFIED,unverified,True,TK1-decoder-random-seed-20261004-026-difference,3.4 / 7; adopted numeric decision,see named Stage1 sections,A separately generated exact value difference gives409 idempotency_key_reuse.,systems-engineer
1,"1,2,3,4",systems-engineer,independent-verifier,PENDING_NAMED_CANDIDATE,"independent raw HTTP, inductive deep grammar and shallow exact-value oracle",decoder-strictness/deep-real-receipts,PENDING explicit candidate7 execution release; prepared decoder_runtime.py,UNVERIFIED,unverified,True,TK1-decoder-random-seed-20261004-026-immutable,3.4 / 7; adopted numeric decision,see named Stage1 sections,The original response survives a real current-state cancellation.,systems-engineer
1,"1,2,3,4",systems-engineer,independent-verifier,PENDING_NAMED_CANDIDATE,"independent raw HTTP, inductive deep grammar and shallow exact-value oracle",decoder-strictness/deep-real-receipts,PENDING explicit candidate7 execution release; prepared decoder_runtime.py,UNVERIFIED,unverified,True,TK1-decoder-random-seed-20261004-027-first,3.4 / 7; adopted numeric decision,see named Stage1 sections,A independently generated shallow ignored JSON value succeeds.,systems-engineer
1,"1,2,3,4",systems-engineer,independent-verifier,PENDING_NAMED_CANDIDATE,"independent raw HTTP, inductive deep grammar and shallow exact-value oracle",decoder-strictness/deep-real-receipts,PENDING explicit candidate7 execution release; prepared decoder_runtime.py,UNVERIFIED,unverified,True,TK1-decoder-random-seed-20261004-027-alias,3.4 / 7; adopted numeric decision,see named Stage1 sections,"Key order, whitespace, escaped strings and exact numeric aliases preserve complete identity.",systems-engineer
1,"1,2,3,4",systems-engineer,independent-verifier,PENDING_NAMED_CANDIDATE,"independent raw HTTP, inductive deep grammar and shallow exact-value oracle",decoder-strictness/deep-real-receipts,PENDING explicit candidate7 execution release; prepared decoder_runtime.py,UNVERIFIED,unverified,True,TK1-decoder-random-seed-20261004-027-difference,3.4 / 7; adopted numeric decision,see named Stage1 sections,A separately generated exact value difference gives409 idempotency_key_reuse.,systems-engineer
1,"1,2,3,4",systems-engineer,independent-verifier,PENDING_NAMED_CANDIDATE,"independent raw HTTP, inductive deep grammar and shallow exact-value oracle",decoder-strictness/deep-real-receipts,PENDING explicit candidate7 execution release; prepared decoder_runtime.py,UNVERIFIED,unverified,True,TK1-decoder-random-seed-20261004-027-immutable,3.4 / 7; adopted numeric decision,see named Stage1 sections,The original response survives a real current-state cancellation.,systems-engineer
1,"1,2,3,4",systems-engineer,independent-verifier,PENDING_NAMED_CANDIDATE,"independent raw HTTP, inductive deep grammar and shallow exact-value oracle",decoder-strictness/deep-real-receipts,PENDING explicit candidate7 execution release; prepared decoder_runtime.py,UNVERIFIED,unverified,True,TK1-decoder-random-seed-20261004-028-first,3.4 / 7; adopted numeric decision,see named Stage1 sections,A independently generated shallow ignored JSON value succeeds.,systems-engineer
1,"1,2,3,4",systems-engineer,independent-verifier,PENDING_NAMED_CANDIDATE,"independent raw HTTP, inductive deep grammar and shallow exact-value oracle",decoder-strictness/deep-real-receipts,PENDING explicit candidate7 execution release; prepared decoder_runtime.py,UNVERIFIED,unverified,True,TK1-decoder-random-seed-20261004-028-alias,3.4 / 7; adopted numeric decision,see named Stage1 sections,"Key order, whitespace, escaped strings and exact numeric aliases preserve complete identity.",systems-engineer
1,"1,2,3,4",systems-engineer,independent-verifier,PENDING_NAMED_CANDIDATE,"independent raw HTTP, inductive deep grammar and shallow exact-value oracle",decoder-strictness/deep-real-receipts,PENDING explicit candidate7 execution release; prepared decoder_runtime.py,UNVERIFIED,unverified,True,TK1-decoder-random-seed-20261004-028-difference,3.4 / 7; adopted numeric decision,see named Stage1 sections,A separately generated exact value difference gives409 idempotency_key_reuse.,systems-engineer
1,"1,2,3,4",systems-engineer,independent-verifier,PENDING_NAMED_CANDIDATE,"independent raw HTTP, inductive deep grammar and shallow exact-value oracle",decoder-strictness/deep-real-receipts,PENDING explicit candidate7 execution release; prepared decoder_runtime.py,UNVERIFIED,unverified,True,TK1-decoder-random-seed-20261004-028-immutable,3.4 / 7; adopted numeric decision,see named Stage1 sections,The original response survives a real current-state cancellation.,systems-engineer
1,"1,2,3,4",systems-engineer,independent-verifier,PENDING_NAMED_CANDIDATE,"independent raw HTTP, inductive deep grammar and shallow exact-value oracle",decoder-strictness/deep-real-receipts,PENDING explicit candidate7 execution release; prepared decoder_runtime.py,UNVERIFIED,unverified,True,TK1-decoder-random-seed-20261004-029-first,3.4 / 7; adopted numeric decision,see named Stage1 sections,A independently generated shallow ignored JSON value succeeds.,systems-engineer
1,"1,2,3,4",systems-engineer,independent-verifier,PENDING_NAMED_CANDIDATE,"independent raw HTTP, inductive deep grammar and shallow exact-value oracle",decoder-strictness/deep-real-receipts,PENDING explicit candidate7 execution release; prepared decoder_runtime.py,UNVERIFIED,unverified,True,TK1-decoder-random-seed-20261004-029-alias,3.4 / 7; adopted numeric decision,see named Stage1 sections,"Key order, whitespace, escaped strings and exact numeric aliases preserve complete identity.",systems-engineer
1,"1,2,3,4",systems-engineer,independent-verifier,PENDING_NAMED_CANDIDATE,"independent raw HTTP, inductive deep grammar and shallow exact-value oracle",decoder-strictness/deep-real-receipts,PENDING explicit candidate7 execution release; prepared decoder_runtime.py,UNVERIFIED,unverified,True,TK1-decoder-random-seed-20261004-029-difference,3.4 / 7; adopted numeric decision,see named Stage1 sections,A separately generated exact value difference gives409 idempotency_key_reuse.,systems-engineer
1,"1,2,3,4",systems-engineer,independent-verifier,PENDING_NAMED_CANDIDATE,"independent raw HTTP, inductive deep grammar and shallow exact-value oracle",decoder-strictness/deep-real-receipts,PENDING explicit candidate7 execution release; prepared decoder_runtime.py,UNVERIFIED,unverified,True,TK1-decoder-random-seed-20261004-029-immutable,3.4 / 7; adopted numeric decision,see named Stage1 sections,The original response survives a real current-state cancellation.,systems-engineer
1,"1,2,3,4",systems-engineer,independent-verifier,PENDING_NAMED_CANDIDATE,"independent raw HTTP, inductive deep grammar and shallow exact-value oracle",decoder-strictness/deep-real-receipts,PENDING explicit candidate7 execution release; prepared decoder_runtime.py,UNVERIFIED,unverified,True,TK1-decoder-random-seed-20261004-030-first,3.4 / 7; adopted numeric decision,see named Stage1 sections,A independently generated shallow ignored JSON value succeeds.,systems-engineer
1,"1,2,3,4",systems-engineer,independent-verifier,PENDING_NAMED_CANDIDATE,"independent raw HTTP, inductive deep grammar and shallow exact-value oracle",decoder-strictness/deep-real-receipts,PENDING explicit candidate7 execution release; prepared decoder_runtime.py,UNVERIFIED,unverified,True,TK1-decoder-random-seed-20261004-030-alias,3.4 / 7; adopted numeric decision,see named Stage1 sections,"Key order, whitespace, escaped strings and exact numeric aliases preserve complete identity.",systems-engineer
1,"1,2,3,4",systems-engineer,independent-verifier,PENDING_NAMED_CANDIDATE,"independent raw HTTP, inductive deep grammar and shallow exact-value oracle",decoder-strictness/deep-real-receipts,PENDING explicit candidate7 execution release; prepared decoder_runtime.py,UNVERIFIED,unverified,True,TK1-decoder-random-seed-20261004-030-difference,3.4 / 7; adopted numeric decision,see named Stage1 sections,A separately generated exact value difference gives409 idempotency_key_reuse.,systems-engineer
1,"1,2,3,4",systems-engineer,independent-verifier,PENDING_NAMED_CANDIDATE,"independent raw HTTP, inductive deep grammar and shallow exact-value oracle",decoder-strictness/deep-real-receipts,PENDING explicit candidate7 execution release; prepared decoder_runtime.py,UNVERIFIED,unverified,True,TK1-decoder-random-seed-20261004-030-immutable,3.4 / 7; adopted numeric decision,see named Stage1 sections,The original response survives a real current-state cancellation.,systems-engineer
1,"1,2,3,4",systems-engineer,independent-verifier,PENDING_NAMED_CANDIDATE,"independent raw HTTP, inductive deep grammar and shallow exact-value oracle",decoder-strictness/deep-real-receipts,PENDING explicit candidate7 execution release; prepared decoder_runtime.py,UNVERIFIED,unverified,True,TK1-decoder-random-seed-20261004-031-first,3.4 / 7; adopted numeric decision,see named Stage1 sections,A independently generated shallow ignored JSON value succeeds.,systems-engineer
1,"1,2,3,4",systems-engineer,independent-verifier,PENDING_NAMED_CANDIDATE,"independent raw HTTP, inductive deep grammar and shallow exact-value oracle",decoder-strictness/deep-real-receipts,PENDING explicit candidate7 execution release; prepared decoder_runtime.py,UNVERIFIED,unverified,True,TK1-decoder-random-seed-20261004-031-alias,3.4 / 7; adopted numeric decision,see named Stage1 sections,"Key order, whitespace, escaped strings and exact numeric aliases preserve complete identity.",systems-engineer
1,"1,2,3,4",systems-engineer,independent-verifier,PENDING_NAMED_CANDIDATE,"independent raw HTTP, inductive deep grammar and shallow exact-value oracle",decoder-strictness/deep-real-receipts,PENDING explicit candidate7 execution release; prepared decoder_runtime.py,UNVERIFIED,unverified,True,TK1-decoder-random-seed-20261004-031-difference,3.4 / 7; adopted numeric decision,see named Stage1 sections,A separately generated exact value difference gives409 idempotency_key_reuse.,systems-engineer
1,"1,2,3,4",systems-engineer,independent-verifier,PENDING_NAMED_CANDIDATE,"independent raw HTTP, inductive deep grammar and shallow exact-value oracle",decoder-strictness/deep-real-receipts,PENDING explicit candidate7 execution release; prepared decoder_runtime.py,UNVERIFIED,unverified,True,TK1-decoder-random-seed-20261004-031-immutable,3.4 / 7; adopted numeric decision,see named Stage1 sections,The original response survives a real current-state cancellation.,systems-engineer
1,"1,2,3,4",systems-engineer,independent-verifier,PENDING_NAMED_CANDIDATE,"independent raw HTTP, inductive deep grammar and shallow exact-value oracle",decoder-strictness/deep-real-receipts,PENDING explicit candidate7 execution release; prepared decoder_runtime.py,UNVERIFIED,unverified,True,TK1-decoder-random-seed-20261004-032-first,3.4 / 7; adopted numeric decision,see named Stage1 sections,A independently generated shallow ignored JSON value succeeds.,systems-engineer
1,"1,2,3,4",systems-engineer,independent-verifier,PENDING_NAMED_CANDIDATE,"independent raw HTTP, inductive deep grammar and shallow exact-value oracle",decoder-strictness/deep-real-receipts,PENDING explicit candidate7 execution release; prepared decoder_runtime.py,UNVERIFIED,unverified,True,TK1-decoder-random-seed-20261004-032-alias,3.4 / 7; adopted numeric decision,see named Stage1 sections,"Key order, whitespace, escaped strings and exact numeric aliases preserve complete identity.",systems-engineer
1,"1,2,3,4",systems-engineer,independent-verifier,PENDING_NAMED_CANDIDATE,"independent raw HTTP, inductive deep grammar and shallow exact-value oracle",decoder-strictness/deep-real-receipts,PENDING explicit candidate7 execution release; prepared decoder_runtime.py,UNVERIFIED,unverified,True,TK1-decoder-random-seed-20261004-032-difference,3.4 / 7; adopted numeric decision,see named Stage1 sections,A separately generated exact value difference gives409 idempotency_key_reuse.,systems-engineer
1,"1,2,3,4",systems-engineer,independent-verifier,PENDING_NAMED_CANDIDATE,"independent raw HTTP, inductive deep grammar and shallow exact-value oracle",decoder-strictness/deep-real-receipts,PENDING explicit candidate7 execution release; prepared decoder_runtime.py,UNVERIFIED,unverified,True,TK1-decoder-random-seed-20261004-032-immutable,3.4 / 7; adopted numeric decision,see named Stage1 sections,The original response survives a real current-state cancellation.,systems-engineer
1,"1,2,3,4",systems-engineer,independent-verifier,PENDING_NAMED_CANDIDATE,"independent raw HTTP, inductive deep grammar and shallow exact-value oracle",decoder-strictness/deep-real-receipts,PENDING explicit candidate7 execution release; prepared decoder_runtime.py,UNVERIFIED,unverified,True,TK1-decoder-random-seed-20261004-033-first,3.4 / 7; adopted numeric decision,see named Stage1 sections,A independently generated shallow ignored JSON value succeeds.,systems-engineer
1,"1,2,3,4",systems-engineer,independent-verifier,PENDING_NAMED_CANDIDATE,"independent raw HTTP, inductive deep grammar and shallow exact-value oracle",decoder-strictness/deep-real-receipts,PENDING explicit candidate7 execution release; prepared decoder_runtime.py,UNVERIFIED,unverified,True,TK1-decoder-random-seed-20261004-033-alias,3.4 / 7; adopted numeric decision,see named Stage1 sections,"Key order, whitespace, escaped strings and exact numeric aliases preserve complete identity.",systems-engineer
1,"1,2,3,4",systems-engineer,independent-verifier,PENDING_NAMED_CANDIDATE,"independent raw HTTP, inductive deep grammar and shallow exact-value oracle",decoder-strictness/deep-real-receipts,PENDING explicit candidate7 execution release; prepared decoder_runtime.py,UNVERIFIED,unverified,True,TK1-decoder-random-seed-20261004-033-difference,3.4 / 7; adopted numeric decision,see named Stage1 sections,A separately generated exact value difference gives409 idempotency_key_reuse.,systems-engineer
1,"1,2,3,4",systems-engineer,independent-verifier,PENDING_NAMED_CANDIDATE,"independent raw HTTP, inductive deep grammar and shallow exact-value oracle",decoder-strictness/deep-real-receipts,PENDING explicit candidate7 execution release; prepared decoder_runtime.py,UNVERIFIED,unverified,True,TK1-decoder-random-seed-20261004-033-immutable,3.4 / 7; adopted numeric decision,see named Stage1 sections,The original response survives a real current-state cancellation.,systems-engineer
1,"1,2,3,4",systems-engineer,independent-verifier,PENDING_NAMED_CANDIDATE,"independent raw HTTP, inductive deep grammar and shallow exact-value oracle",decoder-strictness/deep-real-receipts,PENDING explicit candidate7 execution release; prepared decoder_runtime.py,UNVERIFIED,unverified,True,TK1-decoder-random-seed-20261004-034-first,3.4 / 7; adopted numeric decision,see named Stage1 sections,A independently generated shallow ignored JSON value succeeds.,systems-engineer
1,"1,2,3,4",systems-engineer,independent-verifier,PENDING_NAMED_CANDIDATE,"independent raw HTTP, inductive deep grammar and shallow exact-value oracle",decoder-strictness/deep-real-receipts,PENDING explicit candidate7 execution release; prepared decoder_runtime.py,UNVERIFIED,unverified,True,TK1-decoder-random-seed-20261004-034-alias,3.4 / 7; adopted numeric decision,see named Stage1 sections,"Key order, whitespace, escaped strings and exact numeric aliases preserve complete identity.",systems-engineer
1,"1,2,3,4",systems-engineer,independent-verifier,PENDING_NAMED_CANDIDATE,"independent raw HTTP, inductive deep grammar and shallow exact-value oracle",decoder-strictness/deep-real-receipts,PENDING explicit candidate7 execution release; prepared decoder_runtime.py,UNVERIFIED,unverified,True,TK1-decoder-random-seed-20261004-034-difference,3.4 / 7; adopted numeric decision,see named Stage1 sections,A separately generated exact value difference gives409 idempotency_key_reuse.,systems-engineer
1,"1,2,3,4",systems-engineer,independent-verifier,PENDING_NAMED_CANDIDATE,"independent raw HTTP, inductive deep grammar and shallow exact-value oracle",decoder-strictness/deep-real-receipts,PENDING explicit candidate7 execution release; prepared decoder_runtime.py,UNVERIFIED,unverified,True,TK1-decoder-random-seed-20261004-034-immutable,3.4 / 7; adopted numeric decision,see named Stage1 sections,The original response survives a real current-state cancellation.,systems-engineer
1,"1,2,3,4",systems-engineer,independent-verifier,PENDING_NAMED_CANDIDATE,"independent raw HTTP, inductive deep grammar and shallow exact-value oracle",decoder-strictness/deep-real-receipts,PENDING explicit candidate7 execution release; prepared decoder_runtime.py,UNVERIFIED,unverified,True,TK1-decoder-random-seed-20261004-035-first,3.4 / 7; adopted numeric decision,see named Stage1 sections,A independently generated shallow ignored JSON value succeeds.,systems-engineer
1,"1,2,3,4",systems-engineer,independent-verifier,PENDING_NAMED_CANDIDATE,"independent raw HTTP, inductive deep grammar and shallow exact-value oracle",decoder-strictness/deep-real-receipts,PENDING explicit candidate7 execution release; prepared decoder_runtime.py,UNVERIFIED,unverified,True,TK1-decoder-random-seed-20261004-035-alias,3.4 / 7; adopted numeric decision,see named Stage1 sections,"Key order, whitespace, escaped strings and exact numeric aliases preserve complete identity.",systems-engineer
1,"1,2,3,4",systems-engineer,independent-verifier,PENDING_NAMED_CANDIDATE,"independent raw HTTP, inductive deep grammar and shallow exact-value oracle",decoder-strictness/deep-real-receipts,PENDING explicit candidate7 execution release; prepared decoder_runtime.py,UNVERIFIED,unverified,True,TK1-decoder-random-seed-20261004-035-difference,3.4 / 7; adopted numeric decision,see named Stage1 sections,A separately generated exact value difference gives409 idempotency_key_reuse.,systems-engineer
1,"1,2,3,4",systems-engineer,independent-verifier,PENDING_NAMED_CANDIDATE,"independent raw HTTP, inductive deep grammar and shallow exact-value oracle",decoder-strictness/deep-real-receipts,PENDING explicit candidate7 execution release; prepared decoder_runtime.py,UNVERIFIED,unverified,True,TK1-decoder-random-seed-20261004-035-immutable,3.4 / 7; adopted numeric decision,see named Stage1 sections,The original response survives a real current-state cancellation.,systems-engineer
1,"1,2,3,4",systems-engineer,independent-verifier,PENDING_NAMED_CANDIDATE,"independent raw HTTP, inductive deep grammar and shallow exact-value oracle",decoder-strictness/deep-real-receipts,PENDING explicit candidate7 execution release; prepared decoder_runtime.py,UNVERIFIED,unverified,True,TK1-decoder-random-seed-20261004-036-first,3.4 / 7; adopted numeric decision,see named Stage1 sections,A independently generated shallow ignored JSON value succeeds.,systems-engineer
1,"1,2,3,4",systems-engineer,independent-verifier,PENDING_NAMED_CANDIDATE,"independent raw HTTP, inductive deep grammar and shallow exact-value oracle",decoder-strictness/deep-real-receipts,PENDING explicit candidate7 execution release; prepared decoder_runtime.py,UNVERIFIED,unverified,True,TK1-decoder-random-seed-20261004-036-alias,3.4 / 7; adopted numeric decision,see named Stage1 sections,"Key order, whitespace, escaped strings and exact numeric aliases preserve complete identity.",systems-engineer
1,"1,2,3,4",systems-engineer,independent-verifier,PENDING_NAMED_CANDIDATE,"independent raw HTTP, inductive deep grammar and shallow exact-value oracle",decoder-strictness/deep-real-receipts,PENDING explicit candidate7 execution release; prepared decoder_runtime.py,UNVERIFIED,unverified,True,TK1-decoder-random-seed-20261004-036-difference,3.4 / 7; adopted numeric decision,see named Stage1 sections,A separately generated exact value difference gives409 idempotency_key_reuse.,systems-engineer
1,"1,2,3,4",systems-engineer,independent-verifier,PENDING_NAMED_CANDIDATE,"independent raw HTTP, inductive deep grammar and shallow exact-value oracle",decoder-strictness/deep-real-receipts,PENDING explicit candidate7 execution release; prepared decoder_runtime.py,UNVERIFIED,unverified,True,TK1-decoder-random-seed-20261004-036-immutable,3.4 / 7; adopted numeric decision,see named Stage1 sections,The original response survives a real current-state cancellation.,systems-engineer
1,"1,2,3,4",systems-engineer,independent-verifier,PENDING_NAMED_CANDIDATE,"independent raw HTTP, inductive deep grammar and shallow exact-value oracle",decoder-strictness/deep-real-receipts,PENDING explicit candidate7 execution release; prepared decoder_runtime.py,UNVERIFIED,unverified,True,TK1-decoder-random-seed-20261004-037-first,3.4 / 7; adopted numeric decision,see named Stage1 sections,A independently generated shallow ignored JSON value succeeds.,systems-engineer
1,"1,2,3,4",systems-engineer,independent-verifier,PENDING_NAMED_CANDIDATE,"independent raw HTTP, inductive deep grammar and shallow exact-value oracle",decoder-strictness/deep-real-receipts,PENDING explicit candidate7 execution release; prepared decoder_runtime.py,UNVERIFIED,unverified,True,TK1-decoder-random-seed-20261004-037-alias,3.4 / 7; adopted numeric decision,see named Stage1 sections,"Key order, whitespace, escaped strings and exact numeric aliases preserve complete identity.",systems-engineer
1,"1,2,3,4",systems-engineer,independent-verifier,PENDING_NAMED_CANDIDATE,"independent raw HTTP, inductive deep grammar and shallow exact-value oracle",decoder-strictness/deep-real-receipts,PENDING explicit candidate7 execution release; prepared decoder_runtime.py,UNVERIFIED,unverified,True,TK1-decoder-random-seed-20261004-037-difference,3.4 / 7; adopted numeric decision,see named Stage1 sections,A separately generated exact value difference gives409 idempotency_key_reuse.,systems-engineer
1,"1,2,3,4",systems-engineer,independent-verifier,PENDING_NAMED_CANDIDATE,"independent raw HTTP, inductive deep grammar and shallow exact-value oracle",decoder-strictness/deep-real-receipts,PENDING explicit candidate7 execution release; prepared decoder_runtime.py,UNVERIFIED,unverified,True,TK1-decoder-random-seed-20261004-037-immutable,3.4 / 7; adopted numeric decision,see named Stage1 sections,The original response survives a real current-state cancellation.,systems-engineer
1,"1,2,3,4",systems-engineer,independent-verifier,PENDING_NAMED_CANDIDATE,"independent raw HTTP, inductive deep grammar and shallow exact-value oracle",decoder-strictness/deep-real-receipts,PENDING explicit candidate7 execution release; prepared decoder_runtime.py,UNVERIFIED,unverified,True,TK1-decoder-random-seed-20261004-038-first,3.4 / 7; adopted numeric decision,see named Stage1 sections,A independently generated shallow ignored JSON value succeeds.,systems-engineer
1,"1,2,3,4",systems-engineer,independent-verifier,PENDING_NAMED_CANDIDATE,"independent raw HTTP, inductive deep grammar and shallow exact-value oracle",decoder-strictness/deep-real-receipts,PENDING explicit candidate7 execution release; prepared decoder_runtime.py,UNVERIFIED,unverified,True,TK1-decoder-random-seed-20261004-038-alias,3.4 / 7; adopted numeric decision,see named Stage1 sections,"Key order, whitespace, escaped strings and exact numeric aliases preserve complete identity.",systems-engineer
1,"1,2,3,4",systems-engineer,independent-verifier,PENDING_NAMED_CANDIDATE,"independent raw HTTP, inductive deep grammar and shallow exact-value oracle",decoder-strictness/deep-real-receipts,PENDING explicit candidate7 execution release; prepared decoder_runtime.py,UNVERIFIED,unverified,True,TK1-decoder-random-seed-20261004-038-difference,3.4 / 7; adopted numeric decision,see named Stage1 sections,A separately generated exact value difference gives409 idempotency_key_reuse.,systems-engineer
1,"1,2,3,4",systems-engineer,independent-verifier,PENDING_NAMED_CANDIDATE,"independent raw HTTP, inductive deep grammar and shallow exact-value oracle",decoder-strictness/deep-real-receipts,PENDING explicit candidate7 execution release; prepared decoder_runtime.py,UNVERIFIED,unverified,True,TK1-decoder-random-seed-20261004-038-immutable,3.4 / 7; adopted numeric decision,see named Stage1 sections,The original response survives a real current-state cancellation.,systems-engineer
1,"1,2,3,4",systems-engineer,independent-verifier,PENDING_NAMED_CANDIDATE,"independent raw HTTP, inductive deep grammar and shallow exact-value oracle",decoder-strictness/deep-real-receipts,PENDING explicit candidate7 execution release; prepared decoder_runtime.py,UNVERIFIED,unverified,True,TK1-decoder-random-seed-20261004-039-first,3.4 / 7; adopted numeric decision,see named Stage1 sections,A independently generated shallow ignored JSON value succeeds.,systems-engineer
1,"1,2,3,4",systems-engineer,independent-verifier,PENDING_NAMED_CANDIDATE,"independent raw HTTP, inductive deep grammar and shallow exact-value oracle",decoder-strictness/deep-real-receipts,PENDING explicit candidate7 execution release; prepared decoder_runtime.py,UNVERIFIED,unverified,True,TK1-decoder-random-seed-20261004-039-alias,3.4 / 7; adopted numeric decision,see named Stage1 sections,"Key order, whitespace, escaped strings and exact numeric aliases preserve complete identity.",systems-engineer
1,"1,2,3,4",systems-engineer,independent-verifier,PENDING_NAMED_CANDIDATE,"independent raw HTTP, inductive deep grammar and shallow exact-value oracle",decoder-strictness/deep-real-receipts,PENDING explicit candidate7 execution release; prepared decoder_runtime.py,UNVERIFIED,unverified,True,TK1-decoder-random-seed-20261004-039-difference,3.4 / 7; adopted numeric decision,see named Stage1 sections,A separately generated exact value difference gives409 idempotency_key_reuse.,systems-engineer
1,"1,2,3,4",systems-engineer,independent-verifier,PENDING_NAMED_CANDIDATE,"independent raw HTTP, inductive deep grammar and shallow exact-value oracle",decoder-strictness/deep-real-receipts,PENDING explicit candidate7 execution release; prepared decoder_runtime.py,UNVERIFIED,unverified,True,TK1-decoder-random-seed-20261004-039-immutable,3.4 / 7; adopted numeric decision,see named Stage1 sections,The original response survives a real current-state cancellation.,systems-engineer
1,"1,2,3,4",systems-engineer,independent-verifier,PENDING_NAMED_CANDIDATE,"independent raw HTTP, inductive deep grammar and shallow exact-value oracle",decoder-strictness/deep-real-receipts,PENDING explicit candidate7 execution release; prepared decoder_runtime.py,UNVERIFIED,unverified,True,TK1-decoder-random-seed-20261004-040-first,3.4 / 7; adopted numeric decision,see named Stage1 sections,A independently generated shallow ignored JSON value succeeds.,systems-engineer
1,"1,2,3,4",systems-engineer,independent-verifier,PENDING_NAMED_CANDIDATE,"independent raw HTTP, inductive deep grammar and shallow exact-value oracle",decoder-strictness/deep-real-receipts,PENDING explicit candidate7 execution release; prepared decoder_runtime.py,UNVERIFIED,unverified,True,TK1-decoder-random-seed-20261004-040-alias,3.4 / 7; adopted numeric decision,see named Stage1 sections,"Key order, whitespace, escaped strings and exact numeric aliases preserve complete identity.",systems-engineer
1,"1,2,3,4",systems-engineer,independent-verifier,PENDING_NAMED_CANDIDATE,"independent raw HTTP, inductive deep grammar and shallow exact-value oracle",decoder-strictness/deep-real-receipts,PENDING explicit candidate7 execution release; prepared decoder_runtime.py,UNVERIFIED,unverified,True,TK1-decoder-random-seed-20261004-040-difference,3.4 / 7; adopted numeric decision,see named Stage1 sections,A separately generated exact value difference gives409 idempotency_key_reuse.,systems-engineer
1,"1,2,3,4",systems-engineer,independent-verifier,PENDING_NAMED_CANDIDATE,"independent raw HTTP, inductive deep grammar and shallow exact-value oracle",decoder-strictness/deep-real-receipts,PENDING explicit candidate7 execution release; prepared decoder_runtime.py,UNVERIFIED,unverified,True,TK1-decoder-random-seed-20261004-040-immutable,3.4 / 7; adopted numeric decision,see named Stage1 sections,The original response survives a real current-state cancellation.,systems-engineer
1,"1,2,3,4",systems-engineer,independent-verifier,PENDING_NAMED_CANDIDATE,"independent raw HTTP, inductive deep grammar and shallow exact-value oracle",decoder-strictness/deep-real-receipts,PENDING explicit candidate7 execution release; prepared decoder_runtime.py,UNVERIFIED,unverified,True,TK1-decoder-random-seed-20261004-041-first,3.4 / 7; adopted numeric decision,see named Stage1 sections,A independently generated shallow ignored JSON value succeeds.,systems-engineer
1,"1,2,3,4",systems-engineer,independent-verifier,PENDING_NAMED_CANDIDATE,"independent raw HTTP, inductive deep grammar and shallow exact-value oracle",decoder-strictness/deep-real-receipts,PENDING explicit candidate7 execution release; prepared decoder_runtime.py,UNVERIFIED,unverified,True,TK1-decoder-random-seed-20261004-041-alias,3.4 / 7; adopted numeric decision,see named Stage1 sections,"Key order, whitespace, escaped strings and exact numeric aliases preserve complete identity.",systems-engineer
1,"1,2,3,4",systems-engineer,independent-verifier,PENDING_NAMED_CANDIDATE,"independent raw HTTP, inductive deep grammar and shallow exact-value oracle",decoder-strictness/deep-real-receipts,PENDING explicit candidate7 execution release; prepared decoder_runtime.py,UNVERIFIED,unverified,True,TK1-decoder-random-seed-20261004-041-difference,3.4 / 7; adopted numeric decision,see named Stage1 sections,A separately generated exact value difference gives409 idempotency_key_reuse.,systems-engineer
1,"1,2,3,4",systems-engineer,independent-verifier,PENDING_NAMED_CANDIDATE,"independent raw HTTP, inductive deep grammar and shallow exact-value oracle",decoder-strictness/deep-real-receipts,PENDING explicit candidate7 execution release; prepared decoder_runtime.py,UNVERIFIED,unverified,True,TK1-decoder-random-seed-20261004-041-immutable,3.4 / 7; adopted numeric decision,see named Stage1 sections,The original response survives a real current-state cancellation.,systems-engineer
1,"1,2,3,4",systems-engineer,independent-verifier,PENDING_NAMED_CANDIDATE,"independent raw HTTP, inductive deep grammar and shallow exact-value oracle",decoder-strictness/deep-real-receipts,PENDING explicit candidate7 execution release; prepared decoder_runtime.py,UNVERIFIED,unverified,True,TK1-decoder-random-seed-20261004-042-first,3.4 / 7; adopted numeric decision,see named Stage1 sections,A independently generated shallow ignored JSON value succeeds.,systems-engineer
1,"1,2,3,4",systems-engineer,independent-verifier,PENDING_NAMED_CANDIDATE,"independent raw HTTP, inductive deep grammar and shallow exact-value oracle",decoder-strictness/deep-real-receipts,PENDING explicit candidate7 execution release; prepared decoder_runtime.py,UNVERIFIED,unverified,True,TK1-decoder-random-seed-20261004-042-alias,3.4 / 7; adopted numeric decision,see named Stage1 sections,"Key order, whitespace, escaped strings and exact numeric aliases preserve complete identity.",systems-engineer
1,"1,2,3,4",systems-engineer,independent-verifier,PENDING_NAMED_CANDIDATE,"independent raw HTTP, inductive deep grammar and shallow exact-value oracle",decoder-strictness/deep-real-receipts,PENDING explicit candidate7 execution release; prepared decoder_runtime.py,UNVERIFIED,unverified,True,TK1-decoder-random-seed-20261004-042-difference,3.4 / 7; adopted numeric decision,see named Stage1 sections,A separately generated exact value difference gives409 idempotency_key_reuse.,systems-engineer
1,"1,2,3,4",systems-engineer,independent-verifier,PENDING_NAMED_CANDIDATE,"independent raw HTTP, inductive deep grammar and shallow exact-value oracle",decoder-strictness/deep-real-receipts,PENDING explicit candidate7 execution release; prepared decoder_runtime.py,UNVERIFIED,unverified,True,TK1-decoder-random-seed-20261004-042-immutable,3.4 / 7; adopted numeric decision,see named Stage1 sections,The original response survives a real current-state cancellation.,systems-engineer
1,"1,2,3,4",systems-engineer,independent-verifier,PENDING_NAMED_CANDIDATE,"independent raw HTTP, inductive deep grammar and shallow exact-value oracle",decoder-strictness/deep-real-receipts,PENDING explicit candidate7 execution release; prepared decoder_runtime.py,UNVERIFIED,unverified,True,TK1-decoder-random-seed-20261004-043-first,3.4 / 7; adopted numeric decision,see named Stage1 sections,A independently generated shallow ignored JSON value succeeds.,systems-engineer
1,"1,2,3,4",systems-engineer,independent-verifier,PENDING_NAMED_CANDIDATE,"independent raw HTTP, inductive deep grammar and shallow exact-value oracle",decoder-strictness/deep-real-receipts,PENDING explicit candidate7 execution release; prepared decoder_runtime.py,UNVERIFIED,unverified,True,TK1-decoder-random-seed-20261004-043-alias,3.4 / 7; adopted numeric decision,see named Stage1 sections,"Key order, whitespace, escaped strings and exact numeric aliases preserve complete identity.",systems-engineer
1,"1,2,3,4",systems-engineer,independent-verifier,PENDING_NAMED_CANDIDATE,"independent raw HTTP, inductive deep grammar and shallow exact-value oracle",decoder-strictness/deep-real-receipts,PENDING explicit candidate7 execution release; prepared decoder_runtime.py,UNVERIFIED,unverified,True,TK1-decoder-random-seed-20261004-043-difference,3.4 / 7; adopted numeric decision,see named Stage1 sections,A separately generated exact value difference gives409 idempotency_key_reuse.,systems-engineer
1,"1,2,3,4",systems-engineer,independent-verifier,PENDING_NAMED_CANDIDATE,"independent raw HTTP, inductive deep grammar and shallow exact-value oracle",decoder-strictness/deep-real-receipts,PENDING explicit candidate7 execution release; prepared decoder_runtime.py,UNVERIFIED,unverified,True,TK1-decoder-random-seed-20261004-043-immutable,3.4 / 7; adopted numeric decision,see named Stage1 sections,The original response survives a real current-state cancellation.,systems-engineer
1,"1,2,3,4",systems-engineer,independent-verifier,PENDING_NAMED_CANDIDATE,"independent raw HTTP, inductive deep grammar and shallow exact-value oracle",decoder-strictness/deep-real-receipts,PENDING explicit candidate7 execution release; prepared decoder_runtime.py,UNVERIFIED,unverified,True,TK1-decoder-random-seed-20261004-044-first,3.4 / 7; adopted numeric decision,see named Stage1 sections,A independently generated shallow ignored JSON value succeeds.,systems-engineer
1,"1,2,3,4",systems-engineer,independent-verifier,PENDING_NAMED_CANDIDATE,"independent raw HTTP, inductive deep grammar and shallow exact-value oracle",decoder-strictness/deep-real-receipts,PENDING explicit candidate7 execution release; prepared decoder_runtime.py,UNVERIFIED,unverified,True,TK1-decoder-random-seed-20261004-044-alias,3.4 / 7; adopted numeric decision,see named Stage1 sections,"Key order, whitespace, escaped strings and exact numeric aliases preserve complete identity.",systems-engineer
1,"1,2,3,4",systems-engineer,independent-verifier,PENDING_NAMED_CANDIDATE,"independent raw HTTP, inductive deep grammar and shallow exact-value oracle",decoder-strictness/deep-real-receipts,PENDING explicit candidate7 execution release; prepared decoder_runtime.py,UNVERIFIED,unverified,True,TK1-decoder-random-seed-20261004-044-difference,3.4 / 7; adopted numeric decision,see named Stage1 sections,A separately generated exact value difference gives409 idempotency_key_reuse.,systems-engineer
1,"1,2,3,4",systems-engineer,independent-verifier,PENDING_NAMED_CANDIDATE,"independent raw HTTP, inductive deep grammar and shallow exact-value oracle",decoder-strictness/deep-real-receipts,PENDING explicit candidate7 execution release; prepared decoder_runtime.py,UNVERIFIED,unverified,True,TK1-decoder-random-seed-20261004-044-immutable,3.4 / 7; adopted numeric decision,see named Stage1 sections,The original response survives a real current-state cancellation.,systems-engineer
1,"1,2,3,4",systems-engineer,independent-verifier,PENDING_NAMED_CANDIDATE,"independent raw HTTP, inductive deep grammar and shallow exact-value oracle",decoder-strictness/deep-real-receipts,PENDING explicit candidate7 execution release; prepared decoder_runtime.py,UNVERIFIED,unverified,True,TK1-decoder-random-seed-20261004-045-first,3.4 / 7; adopted numeric decision,see named Stage1 sections,A independently generated shallow ignored JSON value succeeds.,systems-engineer
1,"1,2,3,4",systems-engineer,independent-verifier,PENDING_NAMED_CANDIDATE,"independent raw HTTP, inductive deep grammar and shallow exact-value oracle",decoder-strictness/deep-real-receipts,PENDING explicit candidate7 execution release; prepared decoder_runtime.py,UNVERIFIED,unverified,True,TK1-decoder-random-seed-20261004-045-alias,3.4 / 7; adopted numeric decision,see named Stage1 sections,"Key order, whitespace, escaped strings and exact numeric aliases preserve complete identity.",systems-engineer
1,"1,2,3,4",systems-engineer,independent-verifier,PENDING_NAMED_CANDIDATE,"independent raw HTTP, inductive deep grammar and shallow exact-value oracle",decoder-strictness/deep-real-receipts,PENDING explicit candidate7 execution release; prepared decoder_runtime.py,UNVERIFIED,unverified,True,TK1-decoder-random-seed-20261004-045-difference,3.4 / 7; adopted numeric decision,see named Stage1 sections,A separately generated exact value difference gives409 idempotency_key_reuse.,systems-engineer
1,"1,2,3,4",systems-engineer,independent-verifier,PENDING_NAMED_CANDIDATE,"independent raw HTTP, inductive deep grammar and shallow exact-value oracle",decoder-strictness/deep-real-receipts,PENDING explicit candidate7 execution release; prepared decoder_runtime.py,UNVERIFIED,unverified,True,TK1-decoder-random-seed-20261004-045-immutable,3.4 / 7; adopted numeric decision,see named Stage1 sections,The original response survives a real current-state cancellation.,systems-engineer
1,"1,2,3,4",systems-engineer,independent-verifier,PENDING_NAMED_CANDIDATE,"independent raw HTTP, inductive deep grammar and shallow exact-value oracle",decoder-strictness/deep-real-receipts,PENDING explicit candidate7 execution release; prepared decoder_runtime.py,UNVERIFIED,unverified,True,TK1-decoder-random-seed-20261004-046-first,3.4 / 7; adopted numeric decision,see named Stage1 sections,A independently generated shallow ignored JSON value succeeds.,systems-engineer
1,"1,2,3,4",systems-engineer,independent-verifier,PENDING_NAMED_CANDIDATE,"independent raw HTTP, inductive deep grammar and shallow exact-value oracle",decoder-strictness/deep-real-receipts,PENDING explicit candidate7 execution release; prepared decoder_runtime.py,UNVERIFIED,unverified,True,TK1-decoder-random-seed-20261004-046-alias,3.4 / 7; adopted numeric decision,see named Stage1 sections,"Key order, whitespace, escaped strings and exact numeric aliases preserve complete identity.",systems-engineer
1,"1,2,3,4",systems-engineer,independent-verifier,PENDING_NAMED_CANDIDATE,"independent raw HTTP, inductive deep grammar and shallow exact-value oracle",decoder-strictness/deep-real-receipts,PENDING explicit candidate7 execution release; prepared decoder_runtime.py,UNVERIFIED,unverified,True,TK1-decoder-random-seed-20261004-046-difference,3.4 / 7; adopted numeric decision,see named Stage1 sections,A separately generated exact value difference gives409 idempotency_key_reuse.,systems-engineer
1,"1,2,3,4",systems-engineer,independent-verifier,PENDING_NAMED_CANDIDATE,"independent raw HTTP, inductive deep grammar and shallow exact-value oracle",decoder-strictness/deep-real-receipts,PENDING explicit candidate7 execution release; prepared decoder_runtime.py,UNVERIFIED,unverified,True,TK1-decoder-random-seed-20261004-046-immutable,3.4 / 7; adopted numeric decision,see named Stage1 sections,The original response survives a real current-state cancellation.,systems-engineer
1,"1,2,3,4",systems-engineer,independent-verifier,PENDING_NAMED_CANDIDATE,"independent raw HTTP, inductive deep grammar and shallow exact-value oracle",decoder-strictness/deep-real-receipts,PENDING explicit candidate7 execution release; prepared decoder_runtime.py,UNVERIFIED,unverified,True,TK1-decoder-random-seed-20261004-047-first,3.4 / 7; adopted numeric decision,see named Stage1 sections,A independently generated shallow ignored JSON value succeeds.,systems-engineer
1,"1,2,3,4",systems-engineer,independent-verifier,PENDING_NAMED_CANDIDATE,"independent raw HTTP, inductive deep grammar and shallow exact-value oracle",decoder-strictness/deep-real-receipts,PENDING explicit candidate7 execution release; prepared decoder_runtime.py,UNVERIFIED,unverified,True,TK1-decoder-random-seed-20261004-047-alias,3.4 / 7; adopted numeric decision,see named Stage1 sections,"Key order, whitespace, escaped strings and exact numeric aliases preserve complete identity.",systems-engineer
1,"1,2,3,4",systems-engineer,independent-verifier,PENDING_NAMED_CANDIDATE,"independent raw HTTP, inductive deep grammar and shallow exact-value oracle",decoder-strictness/deep-real-receipts,PENDING explicit candidate7 execution release; prepared decoder_runtime.py,UNVERIFIED,unverified,True,TK1-decoder-random-seed-20261004-047-difference,3.4 / 7; adopted numeric decision,see named Stage1 sections,A separately generated exact value difference gives409 idempotency_key_reuse.,systems-engineer
1,"1,2,3,4",systems-engineer,independent-verifier,PENDING_NAMED_CANDIDATE,"independent raw HTTP, inductive deep grammar and shallow exact-value oracle",decoder-strictness/deep-real-receipts,PENDING explicit candidate7 execution release; prepared decoder_runtime.py,UNVERIFIED,unverified,True,TK1-decoder-random-seed-20261004-047-immutable,3.4 / 7; adopted numeric decision,see named Stage1 sections,The original response survives a real current-state cancellation.,systems-engineer
1,"1,2,3,4",systems-engineer,independent-verifier,PENDING_NAMED_CANDIDATE,"independent raw HTTP, inductive deep grammar and shallow exact-value oracle",decoder-strictness/deep-real-receipts,PENDING explicit candidate7 execution release; prepared decoder_runtime.py,UNVERIFIED,unverified,True,TK1-decoder-random-seed-20261004-048-first,3.4 / 7; adopted numeric decision,see named Stage1 sections,A independently generated shallow ignored JSON value succeeds.,systems-engineer
1,"1,2,3,4",systems-engineer,independent-verifier,PENDING_NAMED_CANDIDATE,"independent raw HTTP, inductive deep grammar and shallow exact-value oracle",decoder-strictness/deep-real-receipts,PENDING explicit candidate7 execution release; prepared decoder_runtime.py,UNVERIFIED,unverified,True,TK1-decoder-random-seed-20261004-048-alias,3.4 / 7; adopted numeric decision,see named Stage1 sections,"Key order, whitespace, escaped strings and exact numeric aliases preserve complete identity.",systems-engineer
1,"1,2,3,4",systems-engineer,independent-verifier,PENDING_NAMED_CANDIDATE,"independent raw HTTP, inductive deep grammar and shallow exact-value oracle",decoder-strictness/deep-real-receipts,PENDING explicit candidate7 execution release; prepared decoder_runtime.py,UNVERIFIED,unverified,True,TK1-decoder-random-seed-20261004-048-difference,3.4 / 7; adopted numeric decision,see named Stage1 sections,A separately generated exact value difference gives409 idempotency_key_reuse.,systems-engineer
1,"1,2,3,4",systems-engineer,independent-verifier,PENDING_NAMED_CANDIDATE,"independent raw HTTP, inductive deep grammar and shallow exact-value oracle",decoder-strictness/deep-real-receipts,PENDING explicit candidate7 execution release; prepared decoder_runtime.py,UNVERIFIED,unverified,True,TK1-decoder-random-seed-20261004-048-immutable,3.4 / 7; adopted numeric decision,see named Stage1 sections,The original response survives a real current-state cancellation.,systems-engineer
1,"1,2,3,4",systems-engineer,independent-verifier,PENDING_NAMED_CANDIDATE,"independent raw HTTP, inductive deep grammar and shallow exact-value oracle",decoder-strictness/deep-real-receipts,PENDING explicit candidate7 execution release; prepared decoder_runtime.py,UNVERIFIED,unverified,True,TK1-decoder-random-seed-20261004-049-first,3.4 / 7; adopted numeric decision,see named Stage1 sections,A independently generated shallow ignored JSON value succeeds.,systems-engineer
1,"1,2,3,4",systems-engineer,independent-verifier,PENDING_NAMED_CANDIDATE,"independent raw HTTP, inductive deep grammar and shallow exact-value oracle",decoder-strictness/deep-real-receipts,PENDING explicit candidate7 execution release; prepared decoder_runtime.py,UNVERIFIED,unverified,True,TK1-decoder-random-seed-20261004-049-alias,3.4 / 7; adopted numeric decision,see named Stage1 sections,"Key order, whitespace, escaped strings and exact numeric aliases preserve complete identity.",systems-engineer
1,"1,2,3,4",systems-engineer,independent-verifier,PENDING_NAMED_CANDIDATE,"independent raw HTTP, inductive deep grammar and shallow exact-value oracle",decoder-strictness/deep-real-receipts,PENDING explicit candidate7 execution release; prepared decoder_runtime.py,UNVERIFIED,unverified,True,TK1-decoder-random-seed-20261004-049-difference,3.4 / 7; adopted numeric decision,see named Stage1 sections,A separately generated exact value difference gives409 idempotency_key_reuse.,systems-engineer
1,"1,2,3,4",systems-engineer,independent-verifier,PENDING_NAMED_CANDIDATE,"independent raw HTTP, inductive deep grammar and shallow exact-value oracle",decoder-strictness/deep-real-receipts,PENDING explicit candidate7 execution release; prepared decoder_runtime.py,UNVERIFIED,unverified,True,TK1-decoder-random-seed-20261004-049-immutable,3.4 / 7; adopted numeric decision,see named Stage1 sections,The original response survives a real current-state cancellation.,systems-engineer
1,"1,2,3,4",systems-engineer,independent-verifier,PENDING_NAMED_CANDIDATE,"independent raw HTTP, inductive deep grammar and shallow exact-value oracle",decoder-strictness/deep-real-receipts,PENDING explicit candidate7 execution release; prepared decoder_runtime.py,UNVERIFIED,unverified,True,TK1-decoder-random-seed-20261004-050-first,3.4 / 7; adopted numeric decision,see named Stage1 sections,A independently generated shallow ignored JSON value succeeds.,systems-engineer
1,"1,2,3,4",systems-engineer,independent-verifier,PENDING_NAMED_CANDIDATE,"independent raw HTTP, inductive deep grammar and shallow exact-value oracle",decoder-strictness/deep-real-receipts,PENDING explicit candidate7 execution release; prepared decoder_runtime.py,UNVERIFIED,unverified,True,TK1-decoder-random-seed-20261004-050-alias,3.4 / 7; adopted numeric decision,see named Stage1 sections,"Key order, whitespace, escaped strings and exact numeric aliases preserve complete identity.",systems-engineer
1,"1,2,3,4",systems-engineer,independent-verifier,PENDING_NAMED_CANDIDATE,"independent raw HTTP, inductive deep grammar and shallow exact-value oracle",decoder-strictness/deep-real-receipts,PENDING explicit candidate7 execution release; prepared decoder_runtime.py,UNVERIFIED,unverified,True,TK1-decoder-random-seed-20261004-050-difference,3.4 / 7; adopted numeric decision,see named Stage1 sections,A separately generated exact value difference gives409 idempotency_key_reuse.,systems-engineer
1,"1,2,3,4",systems-engineer,independent-verifier,PENDING_NAMED_CANDIDATE,"independent raw HTTP, inductive deep grammar and shallow exact-value oracle",decoder-strictness/deep-real-receipts,PENDING explicit candidate7 execution release; prepared decoder_runtime.py,UNVERIFIED,unverified,True,TK1-decoder-random-seed-20261004-050-immutable,3.4 / 7; adopted numeric decision,see named Stage1 sections,The original response survives a real current-state cancellation.,systems-engineer
1,"1,2,3,4",systems-engineer,independent-verifier,PENDING_NAMED_CANDIDATE,"independent raw HTTP, inductive deep grammar and shallow exact-value oracle",decoder-strictness/deep-real-receipts,PENDING explicit candidate7 execution release; prepared decoder_runtime.py,UNVERIFIED,unverified,True,TK1-decoder-random-seed-20261004-051-first,3.4 / 7; adopted numeric decision,see named Stage1 sections,A independently generated shallow ignored JSON value succeeds.,systems-engineer
1,"1,2,3,4",systems-engineer,independent-verifier,PENDING_NAMED_CANDIDATE,"independent raw HTTP, inductive deep grammar and shallow exact-value oracle",decoder-strictness/deep-real-receipts,PENDING explicit candidate7 execution release; prepared decoder_runtime.py,UNVERIFIED,unverified,True,TK1-decoder-random-seed-20261004-051-alias,3.4 / 7; adopted numeric decision,see named Stage1 sections,"Key order, whitespace, escaped strings and exact numeric aliases preserve complete identity.",systems-engineer
1,"1,2,3,4",systems-engineer,independent-verifier,PENDING_NAMED_CANDIDATE,"independent raw HTTP, inductive deep grammar and shallow exact-value oracle",decoder-strictness/deep-real-receipts,PENDING explicit candidate7 execution release; prepared decoder_runtime.py,UNVERIFIED,unverified,True,TK1-decoder-random-seed-20261004-051-difference,3.4 / 7; adopted numeric decision,see named Stage1 sections,A separately generated exact value difference gives409 idempotency_key_reuse.,systems-engineer
1,"1,2,3,4",systems-engineer,independent-verifier,PENDING_NAMED_CANDIDATE,"independent raw HTTP, inductive deep grammar and shallow exact-value oracle",decoder-strictness/deep-real-receipts,PENDING explicit candidate7 execution release; prepared decoder_runtime.py,UNVERIFIED,unverified,True,TK1-decoder-random-seed-20261004-051-immutable,3.4 / 7; adopted numeric decision,see named Stage1 sections,The original response survives a real current-state cancellation.,systems-engineer
1,"1,2,3,4",systems-engineer,independent-verifier,PENDING_NAMED_CANDIDATE,"independent raw HTTP, inductive deep grammar and shallow exact-value oracle",decoder-strictness/deep-real-receipts,PENDING explicit candidate7 execution release; prepared decoder_runtime.py,UNVERIFIED,unverified,True,TK1-decoder-random-seed-20261004-052-first,3.4 / 7; adopted numeric decision,see named Stage1 sections,A independently generated shallow ignored JSON value succeeds.,systems-engineer
1,"1,2,3,4",systems-engineer,independent-verifier,PENDING_NAMED_CANDIDATE,"independent raw HTTP, inductive deep grammar and shallow exact-value oracle",decoder-strictness/deep-real-receipts,PENDING explicit candidate7 execution release; prepared decoder_runtime.py,UNVERIFIED,unverified,True,TK1-decoder-random-seed-20261004-052-alias,3.4 / 7; adopted numeric decision,see named Stage1 sections,"Key order, whitespace, escaped strings and exact numeric aliases preserve complete identity.",systems-engineer
1,"1,2,3,4",systems-engineer,independent-verifier,PENDING_NAMED_CANDIDATE,"independent raw HTTP, inductive deep grammar and shallow exact-value oracle",decoder-strictness/deep-real-receipts,PENDING explicit candidate7 execution release; prepared decoder_runtime.py,UNVERIFIED,unverified,True,TK1-decoder-random-seed-20261004-052-difference,3.4 / 7; adopted numeric decision,see named Stage1 sections,A separately generated exact value difference gives409 idempotency_key_reuse.,systems-engineer
1,"1,2,3,4",systems-engineer,independent-verifier,PENDING_NAMED_CANDIDATE,"independent raw HTTP, inductive deep grammar and shallow exact-value oracle",decoder-strictness/deep-real-receipts,PENDING explicit candidate7 execution release; prepared decoder_runtime.py,UNVERIFIED,unverified,True,TK1-decoder-random-seed-20261004-052-immutable,3.4 / 7; adopted numeric decision,see named Stage1 sections,The original response survives a real current-state cancellation.,systems-engineer
1,"1,2,3,4",systems-engineer,independent-verifier,PENDING_NAMED_CANDIDATE,"independent raw HTTP, inductive deep grammar and shallow exact-value oracle",decoder-strictness/deep-real-receipts,PENDING explicit candidate7 execution release; prepared decoder_runtime.py,UNVERIFIED,unverified,True,TK1-decoder-random-seed-20261004-053-first,3.4 / 7; adopted numeric decision,see named Stage1 sections,A independently generated shallow ignored JSON value succeeds.,systems-engineer
1,"1,2,3,4",systems-engineer,independent-verifier,PENDING_NAMED_CANDIDATE,"independent raw HTTP, inductive deep grammar and shallow exact-value oracle",decoder-strictness/deep-real-receipts,PENDING explicit candidate7 execution release; prepared decoder_runtime.py,UNVERIFIED,unverified,True,TK1-decoder-random-seed-20261004-053-alias,3.4 / 7; adopted numeric decision,see named Stage1 sections,"Key order, whitespace, escaped strings and exact numeric aliases preserve complete identity.",systems-engineer
1,"1,2,3,4",systems-engineer,independent-verifier,PENDING_NAMED_CANDIDATE,"independent raw HTTP, inductive deep grammar and shallow exact-value oracle",decoder-strictness/deep-real-receipts,PENDING explicit candidate7 execution release; prepared decoder_runtime.py,UNVERIFIED,unverified,True,TK1-decoder-random-seed-20261004-053-difference,3.4 / 7; adopted numeric decision,see named Stage1 sections,A separately generated exact value difference gives409 idempotency_key_reuse.,systems-engineer
1,"1,2,3,4",systems-engineer,independent-verifier,PENDING_NAMED_CANDIDATE,"independent raw HTTP, inductive deep grammar and shallow exact-value oracle",decoder-strictness/deep-real-receipts,PENDING explicit candidate7 execution release; prepared decoder_runtime.py,UNVERIFIED,unverified,True,TK1-decoder-random-seed-20261004-053-immutable,3.4 / 7; adopted numeric decision,see named Stage1 sections,The original response survives a real current-state cancellation.,systems-engineer
1,"1,2,3,4",systems-engineer,independent-verifier,PENDING_NAMED_CANDIDATE,"independent raw HTTP, inductive deep grammar and shallow exact-value oracle",decoder-strictness/deep-real-receipts,PENDING explicit candidate7 execution release; prepared decoder_runtime.py,UNVERIFIED,unverified,True,TK1-decoder-random-seed-20261004-054-first,3.4 / 7; adopted numeric decision,see named Stage1 sections,A independently generated shallow ignored JSON value succeeds.,systems-engineer
1,"1,2,3,4",systems-engineer,independent-verifier,PENDING_NAMED_CANDIDATE,"independent raw HTTP, inductive deep grammar and shallow exact-value oracle",decoder-strictness/deep-real-receipts,PENDING explicit candidate7 execution release; prepared decoder_runtime.py,UNVERIFIED,unverified,True,TK1-decoder-random-seed-20261004-054-alias,3.4 / 7; adopted numeric decision,see named Stage1 sections,"Key order, whitespace, escaped strings and exact numeric aliases preserve complete identity.",systems-engineer
1,"1,2,3,4",systems-engineer,independent-verifier,PENDING_NAMED_CANDIDATE,"independent raw HTTP, inductive deep grammar and shallow exact-value oracle",decoder-strictness/deep-real-receipts,PENDING explicit candidate7 execution release; prepared decoder_runtime.py,UNVERIFIED,unverified,True,TK1-decoder-random-seed-20261004-054-difference,3.4 / 7; adopted numeric decision,see named Stage1 sections,A separately generated exact value difference gives409 idempotency_key_reuse.,systems-engineer
1,"1,2,3,4",systems-engineer,independent-verifier,PENDING_NAMED_CANDIDATE,"independent raw HTTP, inductive deep grammar and shallow exact-value oracle",decoder-strictness/deep-real-receipts,PENDING explicit candidate7 execution release; prepared decoder_runtime.py,UNVERIFIED,unverified,True,TK1-decoder-random-seed-20261004-054-immutable,3.4 / 7; adopted numeric decision,see named Stage1 sections,The original response survives a real current-state cancellation.,systems-engineer
1,"1,2,3,4",systems-engineer,independent-verifier,PENDING_NAMED_CANDIDATE,"independent raw HTTP, inductive deep grammar and shallow exact-value oracle",decoder-strictness/deep-real-receipts,PENDING explicit candidate7 execution release; prepared decoder_runtime.py,UNVERIFIED,unverified,True,TK1-decoder-random-seed-20261004-055-first,3.4 / 7; adopted numeric decision,see named Stage1 sections,A independently generated shallow ignored JSON value succeeds.,systems-engineer
1,"1,2,3,4",systems-engineer,independent-verifier,PENDING_NAMED_CANDIDATE,"independent raw HTTP, inductive deep grammar and shallow exact-value oracle",decoder-strictness/deep-real-receipts,PENDING explicit candidate7 execution release; prepared decoder_runtime.py,UNVERIFIED,unverified,True,TK1-decoder-random-seed-20261004-055-alias,3.4 / 7; adopted numeric decision,see named Stage1 sections,"Key order, whitespace, escaped strings and exact numeric aliases preserve complete identity.",systems-engineer
1,"1,2,3,4",systems-engineer,independent-verifier,PENDING_NAMED_CANDIDATE,"independent raw HTTP, inductive deep grammar and shallow exact-value oracle",decoder-strictness/deep-real-receipts,PENDING explicit candidate7 execution release; prepared decoder_runtime.py,UNVERIFIED,unverified,True,TK1-decoder-random-seed-20261004-055-difference,3.4 / 7; adopted numeric decision,see named Stage1 sections,A separately generated exact value difference gives409 idempotency_key_reuse.,systems-engineer
1,"1,2,3,4",systems-engineer,independent-verifier,PENDING_NAMED_CANDIDATE,"independent raw HTTP, inductive deep grammar and shallow exact-value oracle",decoder-strictness/deep-real-receipts,PENDING explicit candidate7 execution release; prepared decoder_runtime.py,UNVERIFIED,unverified,True,TK1-decoder-random-seed-20261004-055-immutable,3.4 / 7; adopted numeric decision,see named Stage1 sections,The original response survives a real current-state cancellation.,systems-engineer
1,"1,2,3,4",systems-engineer,independent-verifier,PENDING_NAMED_CANDIDATE,"independent raw HTTP, inductive deep grammar and shallow exact-value oracle",decoder-strictness/deep-real-receipts,PENDING explicit candidate7 execution release; prepared decoder_runtime.py,UNVERIFIED,unverified,True,TK1-decoder-random-seed-20261004-056-first,3.4 / 7; adopted numeric decision,see named Stage1 sections,A independently generated shallow ignored JSON value succeeds.,systems-engineer
1,"1,2,3,4",systems-engineer,independent-verifier,PENDING_NAMED_CANDIDATE,"independent raw HTTP, inductive deep grammar and shallow exact-value oracle",decoder-strictness/deep-real-receipts,PENDING explicit candidate7 execution release; prepared decoder_runtime.py,UNVERIFIED,unverified,True,TK1-decoder-random-seed-20261004-056-alias,3.4 / 7; adopted numeric decision,see named Stage1 sections,"Key order, whitespace, escaped strings and exact numeric aliases preserve complete identity.",systems-engineer
1,"1,2,3,4",systems-engineer,independent-verifier,PENDING_NAMED_CANDIDATE,"independent raw HTTP, inductive deep grammar and shallow exact-value oracle",decoder-strictness/deep-real-receipts,PENDING explicit candidate7 execution release; prepared decoder_runtime.py,UNVERIFIED,unverified,True,TK1-decoder-random-seed-20261004-056-difference,3.4 / 7; adopted numeric decision,see named Stage1 sections,A separately generated exact value difference gives409 idempotency_key_reuse.,systems-engineer
1,"1,2,3,4",systems-engineer,independent-verifier,PENDING_NAMED_CANDIDATE,"independent raw HTTP, inductive deep grammar and shallow exact-value oracle",decoder-strictness/deep-real-receipts,PENDING explicit candidate7 execution release; prepared decoder_runtime.py,UNVERIFIED,unverified,True,TK1-decoder-random-seed-20261004-056-immutable,3.4 / 7; adopted numeric decision,see named Stage1 sections,The original response survives a real current-state cancellation.,systems-engineer
1,"1,2,3,4",systems-engineer,independent-verifier,PENDING_NAMED_CANDIDATE,"independent raw HTTP, inductive deep grammar and shallow exact-value oracle",decoder-strictness/deep-real-receipts,PENDING explicit candidate7 execution release; prepared decoder_runtime.py,UNVERIFIED,unverified,True,TK1-decoder-random-seed-20261004-057-first,3.4 / 7; adopted numeric decision,see named Stage1 sections,A independently generated shallow ignored JSON value succeeds.,systems-engineer
1,"1,2,3,4",systems-engineer,independent-verifier,PENDING_NAMED_CANDIDATE,"independent raw HTTP, inductive deep grammar and shallow exact-value oracle",decoder-strictness/deep-real-receipts,PENDING explicit candidate7 execution release; prepared decoder_runtime.py,UNVERIFIED,unverified,True,TK1-decoder-random-seed-20261004-057-alias,3.4 / 7; adopted numeric decision,see named Stage1 sections,"Key order, whitespace, escaped strings and exact numeric aliases preserve complete identity.",systems-engineer
1,"1,2,3,4",systems-engineer,independent-verifier,PENDING_NAMED_CANDIDATE,"independent raw HTTP, inductive deep grammar and shallow exact-value oracle",decoder-strictness/deep-real-receipts,PENDING explicit candidate7 execution release; prepared decoder_runtime.py,UNVERIFIED,unverified,True,TK1-decoder-random-seed-20261004-057-difference,3.4 / 7; adopted numeric decision,see named Stage1 sections,A separately generated exact value difference gives409 idempotency_key_reuse.,systems-engineer
1,"1,2,3,4",systems-engineer,independent-verifier,PENDING_NAMED_CANDIDATE,"independent raw HTTP, inductive deep grammar and shallow exact-value oracle",decoder-strictness/deep-real-receipts,PENDING explicit candidate7 execution release; prepared decoder_runtime.py,UNVERIFIED,unverified,True,TK1-decoder-random-seed-20261004-057-immutable,3.4 / 7; adopted numeric decision,see named Stage1 sections,The original response survives a real current-state cancellation.,systems-engineer
1,"1,2,3,4",systems-engineer,independent-verifier,PENDING_NAMED_CANDIDATE,"independent raw HTTP, inductive deep grammar and shallow exact-value oracle",decoder-strictness/deep-real-receipts,PENDING explicit candidate7 execution release; prepared decoder_runtime.py,UNVERIFIED,unverified,True,TK1-decoder-random-seed-20261004-058-first,3.4 / 7; adopted numeric decision,see named Stage1 sections,A independently generated shallow ignored JSON value succeeds.,systems-engineer
1,"1,2,3,4",systems-engineer,independent-verifier,PENDING_NAMED_CANDIDATE,"independent raw HTTP, inductive deep grammar and shallow exact-value oracle",decoder-strictness/deep-real-receipts,PENDING explicit candidate7 execution release; prepared decoder_runtime.py,UNVERIFIED,unverified,True,TK1-decoder-random-seed-20261004-058-alias,3.4 / 7; adopted numeric decision,see named Stage1 sections,"Key order, whitespace, escaped strings and exact numeric aliases preserve complete identity.",systems-engineer
1,"1,2,3,4",systems-engineer,independent-verifier,PENDING_NAMED_CANDIDATE,"independent raw HTTP, inductive deep grammar and shallow exact-value oracle",decoder-strictness/deep-real-receipts,PENDING explicit candidate7 execution release; prepared decoder_runtime.py,UNVERIFIED,unverified,True,TK1-decoder-random-seed-20261004-058-difference,3.4 / 7; adopted numeric decision,see named Stage1 sections,A separately generated exact value difference gives409 idempotency_key_reuse.,systems-engineer
1,"1,2,3,4",systems-engineer,independent-verifier,PENDING_NAMED_CANDIDATE,"independent raw HTTP, inductive deep grammar and shallow exact-value oracle",decoder-strictness/deep-real-receipts,PENDING explicit candidate7 execution release; prepared decoder_runtime.py,UNVERIFIED,unverified,True,TK1-decoder-random-seed-20261004-058-immutable,3.4 / 7; adopted numeric decision,see named Stage1 sections,The original response survives a real current-state cancellation.,systems-engineer
1,"1,2,3,4",systems-engineer,independent-verifier,PENDING_NAMED_CANDIDATE,"independent raw HTTP, inductive deep grammar and shallow exact-value oracle",decoder-strictness/deep-real-receipts,PENDING explicit candidate7 execution release; prepared decoder_runtime.py,UNVERIFIED,unverified,True,TK1-decoder-random-seed-20261004-059-first,3.4 / 7; adopted numeric decision,see named Stage1 sections,A independently generated shallow ignored JSON value succeeds.,systems-engineer
1,"1,2,3,4",systems-engineer,independent-verifier,PENDING_NAMED_CANDIDATE,"independent raw HTTP, inductive deep grammar and shallow exact-value oracle",decoder-strictness/deep-real-receipts,PENDING explicit candidate7 execution release; prepared decoder_runtime.py,UNVERIFIED,unverified,True,TK1-decoder-random-seed-20261004-059-alias,3.4 / 7; adopted numeric decision,see named Stage1 sections,"Key order, whitespace, escaped strings and exact numeric aliases preserve complete identity.",systems-engineer
1,"1,2,3,4",systems-engineer,independent-verifier,PENDING_NAMED_CANDIDATE,"independent raw HTTP, inductive deep grammar and shallow exact-value oracle",decoder-strictness/deep-real-receipts,PENDING explicit candidate7 execution release; prepared decoder_runtime.py,UNVERIFIED,unverified,True,TK1-decoder-random-seed-20261004-059-difference,3.4 / 7; adopted numeric decision,see named Stage1 sections,A separately generated exact value difference gives409 idempotency_key_reuse.,systems-engineer
1,"1,2,3,4",systems-engineer,independent-verifier,PENDING_NAMED_CANDIDATE,"independent raw HTTP, inductive deep grammar and shallow exact-value oracle",decoder-strictness/deep-real-receipts,PENDING explicit candidate7 execution release; prepared decoder_runtime.py,UNVERIFIED,unverified,True,TK1-decoder-random-seed-20261004-059-immutable,3.4 / 7; adopted numeric decision,see named Stage1 sections,The original response survives a real current-state cancellation.,systems-engineer
1,"1,2,3,4",systems-engineer,independent-verifier,PENDING_NAMED_CANDIDATE,"independent raw HTTP, inductive deep grammar and shallow exact-value oracle",decoder-strictness/deep-real-receipts,PENDING explicit candidate7 execution release; prepared decoder_runtime.py,UNVERIFIED,unverified,True,TK1-decoder-random-seed-20261004-060-first,3.4 / 7; adopted numeric decision,see named Stage1 sections,A independently generated shallow ignored JSON value succeeds.,systems-engineer
1,"1,2,3,4",systems-engineer,independent-verifier,PENDING_NAMED_CANDIDATE,"independent raw HTTP, inductive deep grammar and shallow exact-value oracle",decoder-strictness/deep-real-receipts,PENDING explicit candidate7 execution release; prepared decoder_runtime.py,UNVERIFIED,unverified,True,TK1-decoder-random-seed-20261004-060-alias,3.4 / 7; adopted numeric decision,see named Stage1 sections,"Key order, whitespace, escaped strings and exact numeric aliases preserve complete identity.",systems-engineer
1,"1,2,3,4",systems-engineer,independent-verifier,PENDING_NAMED_CANDIDATE,"independent raw HTTP, inductive deep grammar and shallow exact-value oracle",decoder-strictness/deep-real-receipts,PENDING explicit candidate7 execution release; prepared decoder_runtime.py,UNVERIFIED,unverified,True,TK1-decoder-random-seed-20261004-060-difference,3.4 / 7; adopted numeric decision,see named Stage1 sections,A separately generated exact value difference gives409 idempotency_key_reuse.,systems-engineer
1,"1,2,3,4",systems-engineer,independent-verifier,PENDING_NAMED_CANDIDATE,"independent raw HTTP, inductive deep grammar and shallow exact-value oracle",decoder-strictness/deep-real-receipts,PENDING explicit candidate7 execution release; prepared decoder_runtime.py,UNVERIFIED,unverified,True,TK1-decoder-random-seed-20261004-060-immutable,3.4 / 7; adopted numeric decision,see named Stage1 sections,The original response survives a real current-state cancellation.,systems-engineer
1,"1,2,3,4",systems-engineer,independent-verifier,PENDING_NAMED_CANDIDATE,"independent raw HTTP, inductive deep grammar and shallow exact-value oracle",decoder-strictness/deep-real-receipts,PENDING explicit candidate7 execution release; prepared decoder_runtime.py,UNVERIFIED,unverified,True,TK1-decoder-random-seed-20261004-061-first,3.4 / 7; adopted numeric decision,see named Stage1 sections,A independently generated shallow ignored JSON value succeeds.,systems-engineer
1,"1,2,3,4",systems-engineer,independent-verifier,PENDING_NAMED_CANDIDATE,"independent raw HTTP, inductive deep grammar and shallow exact-value oracle",decoder-strictness/deep-real-receipts,PENDING explicit candidate7 execution release; prepared decoder_runtime.py,UNVERIFIED,unverified,True,TK1-decoder-random-seed-20261004-061-alias,3.4 / 7; adopted numeric decision,see named Stage1 sections,"Key order, whitespace, escaped strings and exact numeric aliases preserve complete identity.",systems-engineer
1,"1,2,3,4",systems-engineer,independent-verifier,PENDING_NAMED_CANDIDATE,"independent raw HTTP, inductive deep grammar and shallow exact-value oracle",decoder-strictness/deep-real-receipts,PENDING explicit candidate7 execution release; prepared decoder_runtime.py,UNVERIFIED,unverified,True,TK1-decoder-random-seed-20261004-061-difference,3.4 / 7; adopted numeric decision,see named Stage1 sections,A separately generated exact value difference gives409 idempotency_key_reuse.,systems-engineer
1,"1,2,3,4",systems-engineer,independent-verifier,PENDING_NAMED_CANDIDATE,"independent raw HTTP, inductive deep grammar and shallow exact-value oracle",decoder-strictness/deep-real-receipts,PENDING explicit candidate7 execution release; prepared decoder_runtime.py,UNVERIFIED,unverified,True,TK1-decoder-random-seed-20261004-061-immutable,3.4 / 7; adopted numeric decision,see named Stage1 sections,The original response survives a real current-state cancellation.,systems-engineer
1,"1,2,3,4",systems-engineer,independent-verifier,PENDING_NAMED_CANDIDATE,"independent raw HTTP, inductive deep grammar and shallow exact-value oracle",decoder-strictness/deep-real-receipts,PENDING explicit candidate7 execution release; prepared decoder_runtime.py,UNVERIFIED,unverified,True,TK1-decoder-random-seed-20261004-062-first,3.4 / 7; adopted numeric decision,see named Stage1 sections,A independently generated shallow ignored JSON value succeeds.,systems-engineer
1,"1,2,3,4",systems-engineer,independent-verifier,PENDING_NAMED_CANDIDATE,"independent raw HTTP, inductive deep grammar and shallow exact-value oracle",decoder-strictness/deep-real-receipts,PENDING explicit candidate7 execution release; prepared decoder_runtime.py,UNVERIFIED,unverified,True,TK1-decoder-random-seed-20261004-062-alias,3.4 / 7; adopted numeric decision,see named Stage1 sections,"Key order, whitespace, escaped strings and exact numeric aliases preserve complete identity.",systems-engineer
1,"1,2,3,4",systems-engineer,independent-verifier,PENDING_NAMED_CANDIDATE,"independent raw HTTP, inductive deep grammar and shallow exact-value oracle",decoder-strictness/deep-real-receipts,PENDING explicit candidate7 execution release; prepared decoder_runtime.py,UNVERIFIED,unverified,True,TK1-decoder-random-seed-20261004-062-difference,3.4 / 7; adopted numeric decision,see named Stage1 sections,A separately generated exact value difference gives409 idempotency_key_reuse.,systems-engineer
1,"1,2,3,4",systems-engineer,independent-verifier,PENDING_NAMED_CANDIDATE,"independent raw HTTP, inductive deep grammar and shallow exact-value oracle",decoder-strictness/deep-real-receipts,PENDING explicit candidate7 execution release; prepared decoder_runtime.py,UNVERIFIED,unverified,True,TK1-decoder-random-seed-20261004-062-immutable,3.4 / 7; adopted numeric decision,see named Stage1 sections,The original response survives a real current-state cancellation.,systems-engineer
1,"1,2,3,4",systems-engineer,independent-verifier,PENDING_NAMED_CANDIDATE,"independent raw HTTP, inductive deep grammar and shallow exact-value oracle",decoder-strictness/deep-real-receipts,PENDING explicit candidate7 execution release; prepared decoder_runtime.py,UNVERIFIED,unverified,True,TK1-decoder-random-seed-20261004-063-first,3.4 / 7; adopted numeric decision,see named Stage1 sections,A independently generated shallow ignored JSON value succeeds.,systems-engineer
1,"1,2,3,4",systems-engineer,independent-verifier,PENDING_NAMED_CANDIDATE,"independent raw HTTP, inductive deep grammar and shallow exact-value oracle",decoder-strictness/deep-real-receipts,PENDING explicit candidate7 execution release; prepared decoder_runtime.py,UNVERIFIED,unverified,True,TK1-decoder-random-seed-20261004-063-alias,3.4 / 7; adopted numeric decision,see named Stage1 sections,"Key order, whitespace, escaped strings and exact numeric aliases preserve complete identity.",systems-engineer
1,"1,2,3,4",systems-engineer,independent-verifier,PENDING_NAMED_CANDIDATE,"independent raw HTTP, inductive deep grammar and shallow exact-value oracle",decoder-strictness/deep-real-receipts,PENDING explicit candidate7 execution release; prepared decoder_runtime.py,UNVERIFIED,unverified,True,TK1-decoder-random-seed-20261004-063-difference,3.4 / 7; adopted numeric decision,see named Stage1 sections,A separately generated exact value difference gives409 idempotency_key_reuse.,systems-engineer
1,"1,2,3,4",systems-engineer,independent-verifier,PENDING_NAMED_CANDIDATE,"independent raw HTTP, inductive deep grammar and shallow exact-value oracle",decoder-strictness/deep-real-receipts,PENDING explicit candidate7 execution release; prepared decoder_runtime.py,UNVERIFIED,unverified,True,TK1-decoder-random-seed-20261004-063-immutable,3.4 / 7; adopted numeric decision,see named Stage1 sections,The original response survives a real current-state cancellation.,systems-engineer
1,"1,2,3,4",systems-engineer,independent-verifier,PENDING_NAMED_CANDIDATE,"independent raw HTTP, inductive deep grammar and shallow exact-value oracle",decoder-strictness/deep-real-receipts,PENDING explicit candidate7 execution release; prepared decoder_runtime.py,UNVERIFIED,unverified,True,TK1-decoder-random-seed-20261004-064-first,3.4 / 7; adopted numeric decision,see named Stage1 sections,A independently generated shallow ignored JSON value succeeds.,systems-engineer
1,"1,2,3,4",systems-engineer,independent-verifier,PENDING_NAMED_CANDIDATE,"independent raw HTTP, inductive deep grammar and shallow exact-value oracle",decoder-strictness/deep-real-receipts,PENDING explicit candidate7 execution release; prepared decoder_runtime.py,UNVERIFIED,unverified,True,TK1-decoder-random-seed-20261004-064-alias,3.4 / 7; adopted numeric decision,see named Stage1 sections,"Key order, whitespace, escaped strings and exact numeric aliases preserve complete identity.",systems-engineer
1,"1,2,3,4",systems-engineer,independent-verifier,PENDING_NAMED_CANDIDATE,"independent raw HTTP, inductive deep grammar and shallow exact-value oracle",decoder-strictness/deep-real-receipts,PENDING explicit candidate7 execution release; prepared decoder_runtime.py,UNVERIFIED,unverified,True,TK1-decoder-random-seed-20261004-064-difference,3.4 / 7; adopted numeric decision,see named Stage1 sections,A separately generated exact value difference gives409 idempotency_key_reuse.,systems-engineer
1,"1,2,3,4",systems-engineer,independent-verifier,PENDING_NAMED_CANDIDATE,"independent raw HTTP, inductive deep grammar and shallow exact-value oracle",decoder-strictness/deep-real-receipts,PENDING explicit candidate7 execution release; prepared decoder_runtime.py,UNVERIFIED,unverified,True,TK1-decoder-random-seed-20261004-064-immutable,3.4 / 7; adopted numeric decision,see named Stage1 sections,The original response survives a real current-state cancellation.,systems-engineer
1,"1,2,3,4",systems-engineer,independent-verifier,PENDING_NAMED_CANDIDATE,"independent raw HTTP, inductive deep grammar and shallow exact-value oracle",decoder-strictness/deep-real-receipts,PENDING explicit candidate7 execution release; prepared decoder_runtime.py,UNVERIFIED,unverified,True,TK1-decoder-random-seed-20261004-065-first,3.4 / 7; adopted numeric decision,see named Stage1 sections,A independently generated shallow ignored JSON value succeeds.,systems-engineer
1,"1,2,3,4",systems-engineer,independent-verifier,PENDING_NAMED_CANDIDATE,"independent raw HTTP, inductive deep grammar and shallow exact-value oracle",decoder-strictness/deep-real-receipts,PENDING explicit candidate7 execution release; prepared decoder_runtime.py,UNVERIFIED,unverified,True,TK1-decoder-random-seed-20261004-065-alias,3.4 / 7; adopted numeric decision,see named Stage1 sections,"Key order, whitespace, escaped strings and exact numeric aliases preserve complete identity.",systems-engineer
1,"1,2,3,4",systems-engineer,independent-verifier,PENDING_NAMED_CANDIDATE,"independent raw HTTP, inductive deep grammar and shallow exact-value oracle",decoder-strictness/deep-real-receipts,PENDING explicit candidate7 execution release; prepared decoder_runtime.py,UNVERIFIED,unverified,True,TK1-decoder-random-seed-20261004-065-difference,3.4 / 7; adopted numeric decision,see named Stage1 sections,A separately generated exact value difference gives409 idempotency_key_reuse.,systems-engineer
1,"1,2,3,4",systems-engineer,independent-verifier,PENDING_NAMED_CANDIDATE,"independent raw HTTP, inductive deep grammar and shallow exact-value oracle",decoder-strictness/deep-real-receipts,PENDING explicit candidate7 execution release; prepared decoder_runtime.py,UNVERIFIED,unverified,True,TK1-decoder-random-seed-20261004-065-immutable,3.4 / 7; adopted numeric decision,see named Stage1 sections,The original response survives a real current-state cancellation.,systems-engineer
1,"1,2,3,4",systems-engineer,independent-verifier,PENDING_NAMED_CANDIDATE,"independent raw HTTP, inductive deep grammar and shallow exact-value oracle",decoder-strictness/deep-real-receipts,PENDING explicit candidate7 execution release; prepared decoder_runtime.py,UNVERIFIED,unverified,True,TK1-decoder-random-seed-20261004-066-first,3.4 / 7; adopted numeric decision,see named Stage1 sections,A independently generated shallow ignored JSON value succeeds.,systems-engineer
1,"1,2,3,4",systems-engineer,independent-verifier,PENDING_NAMED_CANDIDATE,"independent raw HTTP, inductive deep grammar and shallow exact-value oracle",decoder-strictness/deep-real-receipts,PENDING explicit candidate7 execution release; prepared decoder_runtime.py,UNVERIFIED,unverified,True,TK1-decoder-random-seed-20261004-066-alias,3.4 / 7; adopted numeric decision,see named Stage1 sections,"Key order, whitespace, escaped strings and exact numeric aliases preserve complete identity.",systems-engineer
1,"1,2,3,4",systems-engineer,independent-verifier,PENDING_NAMED_CANDIDATE,"independent raw HTTP, inductive deep grammar and shallow exact-value oracle",decoder-strictness/deep-real-receipts,PENDING explicit candidate7 execution release; prepared decoder_runtime.py,UNVERIFIED,unverified,True,TK1-decoder-random-seed-20261004-066-difference,3.4 / 7; adopted numeric decision,see named Stage1 sections,A separately generated exact value difference gives409 idempotency_key_reuse.,systems-engineer
1,"1,2,3,4",systems-engineer,independent-verifier,PENDING_NAMED_CANDIDATE,"independent raw HTTP, inductive deep grammar and shallow exact-value oracle",decoder-strictness/deep-real-receipts,PENDING explicit candidate7 execution release; prepared decoder_runtime.py,UNVERIFIED,unverified,True,TK1-decoder-random-seed-20261004-066-immutable,3.4 / 7; adopted numeric decision,see named Stage1 sections,The original response survives a real current-state cancellation.,systems-engineer
1,"1,2,3,4",systems-engineer,independent-verifier,PENDING_NAMED_CANDIDATE,"independent raw HTTP, inductive deep grammar and shallow exact-value oracle",decoder-strictness/deep-real-receipts,PENDING explicit candidate7 execution release; prepared decoder_runtime.py,UNVERIFIED,unverified,True,TK1-decoder-random-seed-20261004-067-first,3.4 / 7; adopted numeric decision,see named Stage1 sections,A independently generated shallow ignored JSON value succeeds.,systems-engineer
1,"1,2,3,4",systems-engineer,independent-verifier,PENDING_NAMED_CANDIDATE,"independent raw HTTP, inductive deep grammar and shallow exact-value oracle",decoder-strictness/deep-real-receipts,PENDING explicit candidate7 execution release; prepared decoder_runtime.py,UNVERIFIED,unverified,True,TK1-decoder-random-seed-20261004-067-alias,3.4 / 7; adopted numeric decision,see named Stage1 sections,"Key order, whitespace, escaped strings and exact numeric aliases preserve complete identity.",systems-engineer
1,"1,2,3,4",systems-engineer,independent-verifier,PENDING_NAMED_CANDIDATE,"independent raw HTTP, inductive deep grammar and shallow exact-value oracle",decoder-strictness/deep-real-receipts,PENDING explicit candidate7 execution release; prepared decoder_runtime.py,UNVERIFIED,unverified,True,TK1-decoder-random-seed-20261004-067-difference,3.4 / 7; adopted numeric decision,see named Stage1 sections,A separately generated exact value difference gives409 idempotency_key_reuse.,systems-engineer
1,"1,2,3,4",systems-engineer,independent-verifier,PENDING_NAMED_CANDIDATE,"independent raw HTTP, inductive deep grammar and shallow exact-value oracle",decoder-strictness/deep-real-receipts,PENDING explicit candidate7 execution release; prepared decoder_runtime.py,UNVERIFIED,unverified,True,TK1-decoder-random-seed-20261004-067-immutable,3.4 / 7; adopted numeric decision,see named Stage1 sections,The original response survives a real current-state cancellation.,systems-engineer
1,"1,2,3,4",systems-engineer,independent-verifier,PENDING_NAMED_CANDIDATE,"independent raw HTTP, inductive deep grammar and shallow exact-value oracle",decoder-strictness/deep-real-receipts,PENDING explicit candidate7 execution release; prepared decoder_runtime.py,UNVERIFIED,unverified,True,TK1-decoder-random-seed-20261004-068-first,3.4 / 7; adopted numeric decision,see named Stage1 sections,A independently generated shallow ignored JSON value succeeds.,systems-engineer
1,"1,2,3,4",systems-engineer,independent-verifier,PENDING_NAMED_CANDIDATE,"independent raw HTTP, inductive deep grammar and shallow exact-value oracle",decoder-strictness/deep-real-receipts,PENDING explicit candidate7 execution release; prepared decoder_runtime.py,UNVERIFIED,unverified,True,TK1-decoder-random-seed-20261004-068-alias,3.4 / 7; adopted numeric decision,see named Stage1 sections,"Key order, whitespace, escaped strings and exact numeric aliases preserve complete identity.",systems-engineer
1,"1,2,3,4",systems-engineer,independent-verifier,PENDING_NAMED_CANDIDATE,"independent raw HTTP, inductive deep grammar and shallow exact-value oracle",decoder-strictness/deep-real-receipts,PENDING explicit candidate7 execution release; prepared decoder_runtime.py,UNVERIFIED,unverified,True,TK1-decoder-random-seed-20261004-068-difference,3.4 / 7; adopted numeric decision,see named Stage1 sections,A separately generated exact value difference gives409 idempotency_key_reuse.,systems-engineer
1,"1,2,3,4",systems-engineer,independent-verifier,PENDING_NAMED_CANDIDATE,"independent raw HTTP, inductive deep grammar and shallow exact-value oracle",decoder-strictness/deep-real-receipts,PENDING explicit candidate7 execution release; prepared decoder_runtime.py,UNVERIFIED,unverified,True,TK1-decoder-random-seed-20261004-068-immutable,3.4 / 7; adopted numeric decision,see named Stage1 sections,The original response survives a real current-state cancellation.,systems-engineer
1,"1,2,3,4",systems-engineer,independent-verifier,PENDING_NAMED_CANDIDATE,"independent raw HTTP, inductive deep grammar and shallow exact-value oracle",decoder-strictness/deep-real-receipts,PENDING explicit candidate7 execution release; prepared decoder_runtime.py,UNVERIFIED,unverified,True,TK1-decoder-random-seed-20261004-069-first,3.4 / 7; adopted numeric decision,see named Stage1 sections,A independently generated shallow ignored JSON value succeeds.,systems-engineer
1,"1,2,3,4",systems-engineer,independent-verifier,PENDING_NAMED_CANDIDATE,"independent raw HTTP, inductive deep grammar and shallow exact-value oracle",decoder-strictness/deep-real-receipts,PENDING explicit candidate7 execution release; prepared decoder_runtime.py,UNVERIFIED,unverified,True,TK1-decoder-random-seed-20261004-069-alias,3.4 / 7; adopted numeric decision,see named Stage1 sections,"Key order, whitespace, escaped strings and exact numeric aliases preserve complete identity.",systems-engineer
1,"1,2,3,4",systems-engineer,independent-verifier,PENDING_NAMED_CANDIDATE,"independent raw HTTP, inductive deep grammar and shallow exact-value oracle",decoder-strictness/deep-real-receipts,PENDING explicit candidate7 execution release; prepared decoder_runtime.py,UNVERIFIED,unverified,True,TK1-decoder-random-seed-20261004-069-difference,3.4 / 7; adopted numeric decision,see named Stage1 sections,A separately generated exact value difference gives409 idempotency_key_reuse.,systems-engineer
1,"1,2,3,4",systems-engineer,independent-verifier,PENDING_NAMED_CANDIDATE,"independent raw HTTP, inductive deep grammar and shallow exact-value oracle",decoder-strictness/deep-real-receipts,PENDING explicit candidate7 execution release; prepared decoder_runtime.py,UNVERIFIED,unverified,True,TK1-decoder-random-seed-20261004-069-immutable,3.4 / 7; adopted numeric decision,see named Stage1 sections,The original response survives a real current-state cancellation.,systems-engineer
1,"1,2,3,4",systems-engineer,independent-verifier,PENDING_NAMED_CANDIDATE,"independent raw HTTP, inductive deep grammar and shallow exact-value oracle",decoder-strictness/deep-real-receipts,PENDING explicit candidate7 execution release; prepared decoder_runtime.py,UNVERIFIED,unverified,True,TK1-decoder-random-seed-20261004-070-first,3.4 / 7; adopted numeric decision,see named Stage1 sections,A independently generated shallow ignored JSON value succeeds.,systems-engineer
1,"1,2,3,4",systems-engineer,independent-verifier,PENDING_NAMED_CANDIDATE,"independent raw HTTP, inductive deep grammar and shallow exact-value oracle",decoder-strictness/deep-real-receipts,PENDING explicit candidate7 execution release; prepared decoder_runtime.py,UNVERIFIED,unverified,True,TK1-decoder-random-seed-20261004-070-alias,3.4 / 7; adopted numeric decision,see named Stage1 sections,"Key order, whitespace, escaped strings and exact numeric aliases preserve complete identity.",systems-engineer
1,"1,2,3,4",systems-engineer,independent-verifier,PENDING_NAMED_CANDIDATE,"independent raw HTTP, inductive deep grammar and shallow exact-value oracle",decoder-strictness/deep-real-receipts,PENDING explicit candidate7 execution release; prepared decoder_runtime.py,UNVERIFIED,unverified,True,TK1-decoder-random-seed-20261004-070-difference,3.4 / 7; adopted numeric decision,see named Stage1 sections,A separately generated exact value difference gives409 idempotency_key_reuse.,systems-engineer
1,"1,2,3,4",systems-engineer,independent-verifier,PENDING_NAMED_CANDIDATE,"independent raw HTTP, inductive deep grammar and shallow exact-value oracle",decoder-strictness/deep-real-receipts,PENDING explicit candidate7 execution release; prepared decoder_runtime.py,UNVERIFIED,unverified,True,TK1-decoder-random-seed-20261004-070-immutable,3.4 / 7; adopted numeric decision,see named Stage1 sections,The original response survives a real current-state cancellation.,systems-engineer
1,"1,2,3,4",systems-engineer,independent-verifier,PENDING_NAMED_CANDIDATE,"independent raw HTTP, inductive deep grammar and shallow exact-value oracle",decoder-strictness/deep-real-receipts,PENDING explicit candidate7 execution release; prepared decoder_runtime.py,UNVERIFIED,unverified,True,TK1-decoder-random-seed-20261004-071-first,3.4 / 7; adopted numeric decision,see named Stage1 sections,A independently generated shallow ignored JSON value succeeds.,systems-engineer
1,"1,2,3,4",systems-engineer,independent-verifier,PENDING_NAMED_CANDIDATE,"independent raw HTTP, inductive deep grammar and shallow exact-value oracle",decoder-strictness/deep-real-receipts,PENDING explicit candidate7 execution release; prepared decoder_runtime.py,UNVERIFIED,unverified,True,TK1-decoder-random-seed-20261004-071-alias,3.4 / 7; adopted numeric decision,see named Stage1 sections,"Key order, whitespace, escaped strings and exact numeric aliases preserve complete identity.",systems-engineer
1,"1,2,3,4",systems-engineer,independent-verifier,PENDING_NAMED_CANDIDATE,"independent raw HTTP, inductive deep grammar and shallow exact-value oracle",decoder-strictness/deep-real-receipts,PENDING explicit candidate7 execution release; prepared decoder_runtime.py,UNVERIFIED,unverified,True,TK1-decoder-random-seed-20261004-071-difference,3.4 / 7; adopted numeric decision,see named Stage1 sections,A separately generated exact value difference gives409 idempotency_key_reuse.,systems-engineer
1,"1,2,3,4",systems-engineer,independent-verifier,PENDING_NAMED_CANDIDATE,"independent raw HTTP, inductive deep grammar and shallow exact-value oracle",decoder-strictness/deep-real-receipts,PENDING explicit candidate7 execution release; prepared decoder_runtime.py,UNVERIFIED,unverified,True,TK1-decoder-random-seed-20261004-071-immutable,3.4 / 7; adopted numeric decision,see named Stage1 sections,The original response survives a real current-state cancellation.,systems-engineer
1,"1,2,3,4",systems-engineer,independent-verifier,PENDING_NAMED_CANDIDATE,"independent raw HTTP, inductive deep grammar and shallow exact-value oracle",decoder-strictness/deep-real-receipts,PENDING explicit candidate7 execution release; prepared decoder_runtime.py,UNVERIFIED,unverified,True,TK1-decoder-random-seed-20261004-072-first,3.4 / 7; adopted numeric decision,see named Stage1 sections,A independently generated shallow ignored JSON value succeeds.,systems-engineer
1,"1,2,3,4",systems-engineer,independent-verifier,PENDING_NAMED_CANDIDATE,"independent raw HTTP, inductive deep grammar and shallow exact-value oracle",decoder-strictness/deep-real-receipts,PENDING explicit candidate7 execution release; prepared decoder_runtime.py,UNVERIFIED,unverified,True,TK1-decoder-random-seed-20261004-072-alias,3.4 / 7; adopted numeric decision,see named Stage1 sections,"Key order, whitespace, escaped strings and exact numeric aliases preserve complete identity.",systems-engineer
1,"1,2,3,4",systems-engineer,independent-verifier,PENDING_NAMED_CANDIDATE,"independent raw HTTP, inductive deep grammar and shallow exact-value oracle",decoder-strictness/deep-real-receipts,PENDING explicit candidate7 execution release; prepared decoder_runtime.py,UNVERIFIED,unverified,True,TK1-decoder-random-seed-20261004-072-difference,3.4 / 7; adopted numeric decision,see named Stage1 sections,A separately generated exact value difference gives409 idempotency_key_reuse.,systems-engineer
1,"1,2,3,4",systems-engineer,independent-verifier,PENDING_NAMED_CANDIDATE,"independent raw HTTP, inductive deep grammar and shallow exact-value oracle",decoder-strictness/deep-real-receipts,PENDING explicit candidate7 execution release; prepared decoder_runtime.py,UNVERIFIED,unverified,True,TK1-decoder-random-seed-20261004-072-immutable,3.4 / 7; adopted numeric decision,see named Stage1 sections,The original response survives a real current-state cancellation.,systems-engineer
1,"1,2,3,4",systems-engineer,independent-verifier,PENDING_NAMED_CANDIDATE,"independent raw HTTP, inductive deep grammar and shallow exact-value oracle",decoder-strictness/deep-real-receipts,PENDING explicit candidate7 execution release; prepared decoder_runtime.py,UNVERIFIED,unverified,True,TK1-decoder-random-seed-20261004-073-first,3.4 / 7; adopted numeric decision,see named Stage1 sections,A independently generated shallow ignored JSON value succeeds.,systems-engineer
1,"1,2,3,4",systems-engineer,independent-verifier,PENDING_NAMED_CANDIDATE,"independent raw HTTP, inductive deep grammar and shallow exact-value oracle",decoder-strictness/deep-real-receipts,PENDING explicit candidate7 execution release; prepared decoder_runtime.py,UNVERIFIED,unverified,True,TK1-decoder-random-seed-20261004-073-alias,3.4 / 7; adopted numeric decision,see named Stage1 sections,"Key order, whitespace, escaped strings and exact numeric aliases preserve complete identity.",systems-engineer
1,"1,2,3,4",systems-engineer,independent-verifier,PENDING_NAMED_CANDIDATE,"independent raw HTTP, inductive deep grammar and shallow exact-value oracle",decoder-strictness/deep-real-receipts,PENDING explicit candidate7 execution release; prepared decoder_runtime.py,UNVERIFIED,unverified,True,TK1-decoder-random-seed-20261004-073-difference,3.4 / 7; adopted numeric decision,see named Stage1 sections,A separately generated exact value difference gives409 idempotency_key_reuse.,systems-engineer
1,"1,2,3,4",systems-engineer,independent-verifier,PENDING_NAMED_CANDIDATE,"independent raw HTTP, inductive deep grammar and shallow exact-value oracle",decoder-strictness/deep-real-receipts,PENDING explicit candidate7 execution release; prepared decoder_runtime.py,UNVERIFIED,unverified,True,TK1-decoder-random-seed-20261004-073-immutable,3.4 / 7; adopted numeric decision,see named Stage1 sections,The original response survives a real current-state cancellation.,systems-engineer
1,"1,2,3,4",systems-engineer,independent-verifier,PENDING_NAMED_CANDIDATE,"independent raw HTTP, inductive deep grammar and shallow exact-value oracle",decoder-strictness/deep-real-receipts,PENDING explicit candidate7 execution release; prepared decoder_runtime.py,UNVERIFIED,unverified,True,TK1-decoder-random-seed-20261004-074-first,3.4 / 7; adopted numeric decision,see named Stage1 sections,A independently generated shallow ignored JSON value succeeds.,systems-engineer
1,"1,2,3,4",systems-engineer,independent-verifier,PENDING_NAMED_CANDIDATE,"independent raw HTTP, inductive deep grammar and shallow exact-value oracle",decoder-strictness/deep-real-receipts,PENDING explicit candidate7 execution release; prepared decoder_runtime.py,UNVERIFIED,unverified,True,TK1-decoder-random-seed-20261004-074-alias,3.4 / 7; adopted numeric decision,see named Stage1 sections,"Key order, whitespace, escaped strings and exact numeric aliases preserve complete identity.",systems-engineer
1,"1,2,3,4",systems-engineer,independent-verifier,PENDING_NAMED_CANDIDATE,"independent raw HTTP, inductive deep grammar and shallow exact-value oracle",decoder-strictness/deep-real-receipts,PENDING explicit candidate7 execution release; prepared decoder_runtime.py,UNVERIFIED,unverified,True,TK1-decoder-random-seed-20261004-074-difference,3.4 / 7; adopted numeric decision,see named Stage1 sections,A separately generated exact value difference gives409 idempotency_key_reuse.,systems-engineer
1,"1,2,3,4",systems-engineer,independent-verifier,PENDING_NAMED_CANDIDATE,"independent raw HTTP, inductive deep grammar and shallow exact-value oracle",decoder-strictness/deep-real-receipts,PENDING explicit candidate7 execution release; prepared decoder_runtime.py,UNVERIFIED,unverified,True,TK1-decoder-random-seed-20261004-074-immutable,3.4 / 7; adopted numeric decision,see named Stage1 sections,The original response survives a real current-state cancellation.,systems-engineer
1,"1,2,3,4",systems-engineer,independent-verifier,PENDING_NAMED_CANDIDATE,"independent raw HTTP, inductive deep grammar and shallow exact-value oracle",decoder-strictness/deep-real-receipts,PENDING explicit candidate7 execution release; prepared decoder_runtime.py,UNVERIFIED,unverified,True,TK1-decoder-random-seed-20261004-075-first,3.4 / 7; adopted numeric decision,see named Stage1 sections,A independently generated shallow ignored JSON value succeeds.,systems-engineer
1,"1,2,3,4",systems-engineer,independent-verifier,PENDING_NAMED_CANDIDATE,"independent raw HTTP, inductive deep grammar and shallow exact-value oracle",decoder-strictness/deep-real-receipts,PENDING explicit candidate7 execution release; prepared decoder_runtime.py,UNVERIFIED,unverified,True,TK1-decoder-random-seed-20261004-075-alias,3.4 / 7; adopted numeric decision,see named Stage1 sections,"Key order, whitespace, escaped strings and exact numeric aliases preserve complete identity.",systems-engineer
1,"1,2,3,4",systems-engineer,independent-verifier,PENDING_NAMED_CANDIDATE,"independent raw HTTP, inductive deep grammar and shallow exact-value oracle",decoder-strictness/deep-real-receipts,PENDING explicit candidate7 execution release; prepared decoder_runtime.py,UNVERIFIED,unverified,True,TK1-decoder-random-seed-20261004-075-difference,3.4 / 7; adopted numeric decision,see named Stage1 sections,A separately generated exact value difference gives409 idempotency_key_reuse.,systems-engineer
1,"1,2,3,4",systems-engineer,independent-verifier,PENDING_NAMED_CANDIDATE,"independent raw HTTP, inductive deep grammar and shallow exact-value oracle",decoder-strictness/deep-real-receipts,PENDING explicit candidate7 execution release; prepared decoder_runtime.py,UNVERIFIED,unverified,True,TK1-decoder-random-seed-20261004-075-immutable,3.4 / 7; adopted numeric decision,see named Stage1 sections,The original response survives a real current-state cancellation.,systems-engineer
1,"1,2,3,4",systems-engineer,independent-verifier,PENDING_NAMED_CANDIDATE,"independent raw HTTP, inductive deep grammar and shallow exact-value oracle",decoder-strictness/deep-real-receipts,PENDING explicit candidate7 execution release; prepared decoder_runtime.py,UNVERIFIED,unverified,True,TK1-decoder-random-seed-20261004-076-first,3.4 / 7; adopted numeric decision,see named Stage1 sections,A independently generated shallow ignored JSON value succeeds.,systems-engineer
1,"1,2,3,4",systems-engineer,independent-verifier,PENDING_NAMED_CANDIDATE,"independent raw HTTP, inductive deep grammar and shallow exact-value oracle",decoder-strictness/deep-real-receipts,PENDING explicit candidate7 execution release; prepared decoder_runtime.py,UNVERIFIED,unverified,True,TK1-decoder-random-seed-20261004-076-alias,3.4 / 7; adopted numeric decision,see named Stage1 sections,"Key order, whitespace, escaped strings and exact numeric aliases preserve complete identity.",systems-engineer
1,"1,2,3,4",systems-engineer,independent-verifier,PENDING_NAMED_CANDIDATE,"independent raw HTTP, inductive deep grammar and shallow exact-value oracle",decoder-strictness/deep-real-receipts,PENDING explicit candidate7 execution release; prepared decoder_runtime.py,UNVERIFIED,unverified,True,TK1-decoder-random-seed-20261004-076-difference,3.4 / 7; adopted numeric decision,see named Stage1 sections,A separately generated exact value difference gives409 idempotency_key_reuse.,systems-engineer
1,"1,2,3,4",systems-engineer,independent-verifier,PENDING_NAMED_CANDIDATE,"independent raw HTTP, inductive deep grammar and shallow exact-value oracle",decoder-strictness/deep-real-receipts,PENDING explicit candidate7 execution release; prepared decoder_runtime.py,UNVERIFIED,unverified,True,TK1-decoder-random-seed-20261004-076-immutable,3.4 / 7; adopted numeric decision,see named Stage1 sections,The original response survives a real current-state cancellation.,systems-engineer
1,"1,2,3,4",systems-engineer,independent-verifier,PENDING_NAMED_CANDIDATE,"independent raw HTTP, inductive deep grammar and shallow exact-value oracle",decoder-strictness/deep-real-receipts,PENDING explicit candidate7 execution release; prepared decoder_runtime.py,UNVERIFIED,unverified,True,TK1-decoder-random-seed-20261004-077-first,3.4 / 7; adopted numeric decision,see named Stage1 sections,A independently generated shallow ignored JSON value succeeds.,systems-engineer
1,"1,2,3,4",systems-engineer,independent-verifier,PENDING_NAMED_CANDIDATE,"independent raw HTTP, inductive deep grammar and shallow exact-value oracle",decoder-strictness/deep-real-receipts,PENDING explicit candidate7 execution release; prepared decoder_runtime.py,UNVERIFIED,unverified,True,TK1-decoder-random-seed-20261004-077-alias,3.4 / 7; adopted numeric decision,see named Stage1 sections,"Key order, whitespace, escaped strings and exact numeric aliases preserve complete identity.",systems-engineer
1,"1,2,3,4",systems-engineer,independent-verifier,PENDING_NAMED_CANDIDATE,"independent raw HTTP, inductive deep grammar and shallow exact-value oracle",decoder-strictness/deep-real-receipts,PENDING explicit candidate7 execution release; prepared decoder_runtime.py,UNVERIFIED,unverified,True,TK1-decoder-random-seed-20261004-077-difference,3.4 / 7; adopted numeric decision,see named Stage1 sections,A separately generated exact value difference gives409 idempotency_key_reuse.,systems-engineer
1,"1,2,3,4",systems-engineer,independent-verifier,PENDING_NAMED_CANDIDATE,"independent raw HTTP, inductive deep grammar and shallow exact-value oracle",decoder-strictness/deep-real-receipts,PENDING explicit candidate7 execution release; prepared decoder_runtime.py,UNVERIFIED,unverified,True,TK1-decoder-random-seed-20261004-077-immutable,3.4 / 7; adopted numeric decision,see named Stage1 sections,The original response survives a real current-state cancellation.,systems-engineer
1,"1,2,3,4",systems-engineer,independent-verifier,PENDING_NAMED_CANDIDATE,"independent raw HTTP, inductive deep grammar and shallow exact-value oracle",decoder-strictness/deep-real-receipts,PENDING explicit candidate7 execution release; prepared decoder_runtime.py,UNVERIFIED,unverified,True,TK1-decoder-random-seed-20261004-078-first,3.4 / 7; adopted numeric decision,see named Stage1 sections,A independently generated shallow ignored JSON value succeeds.,systems-engineer
1,"1,2,3,4",systems-engineer,independent-verifier,PENDING_NAMED_CANDIDATE,"independent raw HTTP, inductive deep grammar and shallow exact-value oracle",decoder-strictness/deep-real-receipts,PENDING explicit candidate7 execution release; prepared decoder_runtime.py,UNVERIFIED,unverified,True,TK1-decoder-random-seed-20261004-078-alias,3.4 / 7; adopted numeric decision,see named Stage1 sections,"Key order, whitespace, escaped strings and exact numeric aliases preserve complete identity.",systems-engineer
1,"1,2,3,4",systems-engineer,independent-verifier,PENDING_NAMED_CANDIDATE,"independent raw HTTP, inductive deep grammar and shallow exact-value oracle",decoder-strictness/deep-real-receipts,PENDING explicit candidate7 execution release; prepared decoder_runtime.py,UNVERIFIED,unverified,True,TK1-decoder-random-seed-20261004-078-difference,3.4 / 7; adopted numeric decision,see named Stage1 sections,A separately generated exact value difference gives409 idempotency_key_reuse.,systems-engineer
1,"1,2,3,4",systems-engineer,independent-verifier,PENDING_NAMED_CANDIDATE,"independent raw HTTP, inductive deep grammar and shallow exact-value oracle",decoder-strictness/deep-real-receipts,PENDING explicit candidate7 execution release; prepared decoder_runtime.py,UNVERIFIED,unverified,True,TK1-decoder-random-seed-20261004-078-immutable,3.4 / 7; adopted numeric decision,see named Stage1 sections,The original response survives a real current-state cancellation.,systems-engineer
1,"1,2,3,4",systems-engineer,independent-verifier,PENDING_NAMED_CANDIDATE,"independent raw HTTP, inductive deep grammar and shallow exact-value oracle",decoder-strictness/deep-real-receipts,PENDING explicit candidate7 execution release; prepared decoder_runtime.py,UNVERIFIED,unverified,True,TK1-decoder-random-seed-20261004-079-first,3.4 / 7; adopted numeric decision,see named Stage1 sections,A independently generated shallow ignored JSON value succeeds.,systems-engineer
1,"1,2,3,4",systems-engineer,independent-verifier,PENDING_NAMED_CANDIDATE,"independent raw HTTP, inductive deep grammar and shallow exact-value oracle",decoder-strictness/deep-real-receipts,PENDING explicit candidate7 execution release; prepared decoder_runtime.py,UNVERIFIED,unverified,True,TK1-decoder-random-seed-20261004-079-alias,3.4 / 7; adopted numeric decision,see named Stage1 sections,"Key order, whitespace, escaped strings and exact numeric aliases preserve complete identity.",systems-engineer
1,"1,2,3,4",systems-engineer,independent-verifier,PENDING_NAMED_CANDIDATE,"independent raw HTTP, inductive deep grammar and shallow exact-value oracle",decoder-strictness/deep-real-receipts,PENDING explicit candidate7 execution release; prepared decoder_runtime.py,UNVERIFIED,unverified,True,TK1-decoder-random-seed-20261004-079-difference,3.4 / 7; adopted numeric decision,see named Stage1 sections,A separately generated exact value difference gives409 idempotency_key_reuse.,systems-engineer
1,"1,2,3,4",systems-engineer,independent-verifier,PENDING_NAMED_CANDIDATE,"independent raw HTTP, inductive deep grammar and shallow exact-value oracle",decoder-strictness/deep-real-receipts,PENDING explicit candidate7 execution release; prepared decoder_runtime.py,UNVERIFIED,unverified,True,TK1-decoder-random-seed-20261004-079-immutable,3.4 / 7; adopted numeric decision,see named Stage1 sections,The original response survives a real current-state cancellation.,systems-engineer
1,"1,2,3,4",systems-engineer,independent-verifier,PENDING_NAMED_CANDIDATE,"independent raw HTTP, inductive deep grammar and shallow exact-value oracle",decoder-strictness/deep-real-receipts,PENDING explicit candidate7 execution release; prepared decoder_runtime.py,UNVERIFIED,unverified,True,TK1-decoder-random-seed-20261004-080-first,3.4 / 7; adopted numeric decision,see named Stage1 sections,A independently generated shallow ignored JSON value succeeds.,systems-engineer
1,"1,2,3,4",systems-engineer,independent-verifier,PENDING_NAMED_CANDIDATE,"independent raw HTTP, inductive deep grammar and shallow exact-value oracle",decoder-strictness/deep-real-receipts,PENDING explicit candidate7 execution release; prepared decoder_runtime.py,UNVERIFIED,unverified,True,TK1-decoder-random-seed-20261004-080-alias,3.4 / 7; adopted numeric decision,see named Stage1 sections,"Key order, whitespace, escaped strings and exact numeric aliases preserve complete identity.",systems-engineer
1,"1,2,3,4",systems-engineer,independent-verifier,PENDING_NAMED_CANDIDATE,"independent raw HTTP, inductive deep grammar and shallow exact-value oracle",decoder-strictness/deep-real-receipts,PENDING explicit candidate7 execution release; prepared decoder_runtime.py,UNVERIFIED,unverified,True,TK1-decoder-random-seed-20261004-080-difference,3.4 / 7; adopted numeric decision,see named Stage1 sections,A separately generated exact value difference gives409 idempotency_key_reuse.,systems-engineer
1,"1,2,3,4",systems-engineer,independent-verifier,PENDING_NAMED_CANDIDATE,"independent raw HTTP, inductive deep grammar and shallow exact-value oracle",decoder-strictness/deep-real-receipts,PENDING explicit candidate7 execution release; prepared decoder_runtime.py,UNVERIFIED,unverified,True,TK1-decoder-random-seed-20261004-080-immutable,3.4 / 7; adopted numeric decision,see named Stage1 sections,The original response survives a real current-state cancellation.,systems-engineer
1,"1,2,3,4",systems-engineer,independent-verifier,PENDING_NAMED_CANDIDATE,"independent raw HTTP, inductive deep grammar and shallow exact-value oracle",decoder-strictness/deep-real-receipts,PENDING explicit candidate7 execution release; prepared decoder_runtime.py,UNVERIFIED,unverified,True,TK1-decoder-random-seed-20261004-081-first,3.4 / 7; adopted numeric decision,see named Stage1 sections,A independently generated shallow ignored JSON value succeeds.,systems-engineer
1,"1,2,3,4",systems-engineer,independent-verifier,PENDING_NAMED_CANDIDATE,"independent raw HTTP, inductive deep grammar and shallow exact-value oracle",decoder-strictness/deep-real-receipts,PENDING explicit candidate7 execution release; prepared decoder_runtime.py,UNVERIFIED,unverified,True,TK1-decoder-random-seed-20261004-081-alias,3.4 / 7; adopted numeric decision,see named Stage1 sections,"Key order, whitespace, escaped strings and exact numeric aliases preserve complete identity.",systems-engineer
1,"1,2,3,4",systems-engineer,independent-verifier,PENDING_NAMED_CANDIDATE,"independent raw HTTP, inductive deep grammar and shallow exact-value oracle",decoder-strictness/deep-real-receipts,PENDING explicit candidate7 execution release; prepared decoder_runtime.py,UNVERIFIED,unverified,True,TK1-decoder-random-seed-20261004-081-difference,3.4 / 7; adopted numeric decision,see named Stage1 sections,A separately generated exact value difference gives409 idempotency_key_reuse.,systems-engineer
1,"1,2,3,4",systems-engineer,independent-verifier,PENDING_NAMED_CANDIDATE,"independent raw HTTP, inductive deep grammar and shallow exact-value oracle",decoder-strictness/deep-real-receipts,PENDING explicit candidate7 execution release; prepared decoder_runtime.py,UNVERIFIED,unverified,True,TK1-decoder-random-seed-20261004-081-immutable,3.4 / 7; adopted numeric decision,see named Stage1 sections,The original response survives a real current-state cancellation.,systems-engineer
1,"1,2,3,4",systems-engineer,independent-verifier,PENDING_NAMED_CANDIDATE,"independent raw HTTP, inductive deep grammar and shallow exact-value oracle",decoder-strictness/deep-real-receipts,PENDING explicit candidate7 execution release; prepared decoder_runtime.py,UNVERIFIED,unverified,True,TK1-decoder-random-seed-20261004-082-first,3.4 / 7; adopted numeric decision,see named Stage1 sections,A independently generated shallow ignored JSON value succeeds.,systems-engineer
1,"1,2,3,4",systems-engineer,independent-verifier,PENDING_NAMED_CANDIDATE,"independent raw HTTP, inductive deep grammar and shallow exact-value oracle",decoder-strictness/deep-real-receipts,PENDING explicit candidate7 execution release; prepared decoder_runtime.py,UNVERIFIED,unverified,True,TK1-decoder-random-seed-20261004-082-alias,3.4 / 7; adopted numeric decision,see named Stage1 sections,"Key order, whitespace, escaped strings and exact numeric aliases preserve complete identity.",systems-engineer
1,"1,2,3,4",systems-engineer,independent-verifier,PENDING_NAMED_CANDIDATE,"independent raw HTTP, inductive deep grammar and shallow exact-value oracle",decoder-strictness/deep-real-receipts,PENDING explicit candidate7 execution release; prepared decoder_runtime.py,UNVERIFIED,unverified,True,TK1-decoder-random-seed-20261004-082-difference,3.4 / 7; adopted numeric decision,see named Stage1 sections,A separately generated exact value difference gives409 idempotency_key_reuse.,systems-engineer
1,"1,2,3,4",systems-engineer,independent-verifier,PENDING_NAMED_CANDIDATE,"independent raw HTTP, inductive deep grammar and shallow exact-value oracle",decoder-strictness/deep-real-receipts,PENDING explicit candidate7 execution release; prepared decoder_runtime.py,UNVERIFIED,unverified,True,TK1-decoder-random-seed-20261004-082-immutable,3.4 / 7; adopted numeric decision,see named Stage1 sections,The original response survives a real current-state cancellation.,systems-engineer
1,"1,2,3,4",systems-engineer,independent-verifier,PENDING_NAMED_CANDIDATE,"independent raw HTTP, inductive deep grammar and shallow exact-value oracle",decoder-strictness/deep-real-receipts,PENDING explicit candidate7 execution release; prepared decoder_runtime.py,UNVERIFIED,unverified,True,TK1-decoder-random-seed-20261004-083-first,3.4 / 7; adopted numeric decision,see named Stage1 sections,A independently generated shallow ignored JSON value succeeds.,systems-engineer
1,"1,2,3,4",systems-engineer,independent-verifier,PENDING_NAMED_CANDIDATE,"independent raw HTTP, inductive deep grammar and shallow exact-value oracle",decoder-strictness/deep-real-receipts,PENDING explicit candidate7 execution release; prepared decoder_runtime.py,UNVERIFIED,unverified,True,TK1-decoder-random-seed-20261004-083-alias,3.4 / 7; adopted numeric decision,see named Stage1 sections,"Key order, whitespace, escaped strings and exact numeric aliases preserve complete identity.",systems-engineer
1,"1,2,3,4",systems-engineer,independent-verifier,PENDING_NAMED_CANDIDATE,"independent raw HTTP, inductive deep grammar and shallow exact-value oracle",decoder-strictness/deep-real-receipts,PENDING explicit candidate7 execution release; prepared decoder_runtime.py,UNVERIFIED,unverified,True,TK1-decoder-random-seed-20261004-083-difference,3.4 / 7; adopted numeric decision,see named Stage1 sections,A separately generated exact value difference gives409 idempotency_key_reuse.,systems-engineer
1,"1,2,3,4",systems-engineer,independent-verifier,PENDING_NAMED_CANDIDATE,"independent raw HTTP, inductive deep grammar and shallow exact-value oracle",decoder-strictness/deep-real-receipts,PENDING explicit candidate7 execution release; prepared decoder_runtime.py,UNVERIFIED,unverified,True,TK1-decoder-random-seed-20261004-083-immutable,3.4 / 7; adopted numeric decision,see named Stage1 sections,The original response survives a real current-state cancellation.,systems-engineer
1,"1,2,3,4",systems-engineer,independent-verifier,PENDING_NAMED_CANDIDATE,"independent raw HTTP, inductive deep grammar and shallow exact-value oracle",decoder-strictness/deep-real-receipts,PENDING explicit candidate7 execution release; prepared decoder_runtime.py,UNVERIFIED,unverified,True,TK1-decoder-random-seed-20261004-084-first,3.4 / 7; adopted numeric decision,see named Stage1 sections,A independently generated shallow ignored JSON value succeeds.,systems-engineer
1,"1,2,3,4",systems-engineer,independent-verifier,PENDING_NAMED_CANDIDATE,"independent raw HTTP, inductive deep grammar and shallow exact-value oracle",decoder-strictness/deep-real-receipts,PENDING explicit candidate7 execution release; prepared decoder_runtime.py,UNVERIFIED,unverified,True,TK1-decoder-random-seed-20261004-084-alias,3.4 / 7; adopted numeric decision,see named Stage1 sections,"Key order, whitespace, escaped strings and exact numeric aliases preserve complete identity.",systems-engineer
1,"1,2,3,4",systems-engineer,independent-verifier,PENDING_NAMED_CANDIDATE,"independent raw HTTP, inductive deep grammar and shallow exact-value oracle",decoder-strictness/deep-real-receipts,PENDING explicit candidate7 execution release; prepared decoder_runtime.py,UNVERIFIED,unverified,True,TK1-decoder-random-seed-20261004-084-difference,3.4 / 7; adopted numeric decision,see named Stage1 sections,A separately generated exact value difference gives409 idempotency_key_reuse.,systems-engineer
1,"1,2,3,4",systems-engineer,independent-verifier,PENDING_NAMED_CANDIDATE,"independent raw HTTP, inductive deep grammar and shallow exact-value oracle",decoder-strictness/deep-real-receipts,PENDING explicit candidate7 execution release; prepared decoder_runtime.py,UNVERIFIED,unverified,True,TK1-decoder-random-seed-20261004-084-immutable,3.4 / 7; adopted numeric decision,see named Stage1 sections,The original response survives a real current-state cancellation.,systems-engineer
1,"1,2,3,4",systems-engineer,independent-verifier,PENDING_NAMED_CANDIDATE,"independent raw HTTP, inductive deep grammar and shallow exact-value oracle",decoder-strictness/deep-real-receipts,PENDING explicit candidate7 execution release; prepared decoder_runtime.py,UNVERIFIED,unverified,True,TK1-decoder-random-seed-20261004-085-first,3.4 / 7; adopted numeric decision,see named Stage1 sections,A independently generated shallow ignored JSON value succeeds.,systems-engineer
1,"1,2,3,4",systems-engineer,independent-verifier,PENDING_NAMED_CANDIDATE,"independent raw HTTP, inductive deep grammar and shallow exact-value oracle",decoder-strictness/deep-real-receipts,PENDING explicit candidate7 execution release; prepared decoder_runtime.py,UNVERIFIED,unverified,True,TK1-decoder-random-seed-20261004-085-alias,3.4 / 7; adopted numeric decision,see named Stage1 sections,"Key order, whitespace, escaped strings and exact numeric aliases preserve complete identity.",systems-engineer
1,"1,2,3,4",systems-engineer,independent-verifier,PENDING_NAMED_CANDIDATE,"independent raw HTTP, inductive deep grammar and shallow exact-value oracle",decoder-strictness/deep-real-receipts,PENDING explicit candidate7 execution release; prepared decoder_runtime.py,UNVERIFIED,unverified,True,TK1-decoder-random-seed-20261004-085-difference,3.4 / 7; adopted numeric decision,see named Stage1 sections,A separately generated exact value difference gives409 idempotency_key_reuse.,systems-engineer
1,"1,2,3,4",systems-engineer,independent-verifier,PENDING_NAMED_CANDIDATE,"independent raw HTTP, inductive deep grammar and shallow exact-value oracle",decoder-strictness/deep-real-receipts,PENDING explicit candidate7 execution release; prepared decoder_runtime.py,UNVERIFIED,unverified,True,TK1-decoder-random-seed-20261004-085-immutable,3.4 / 7; adopted numeric decision,see named Stage1 sections,The original response survives a real current-state cancellation.,systems-engineer
1,"1,2,3,4",systems-engineer,independent-verifier,PENDING_NAMED_CANDIDATE,"independent raw HTTP, inductive deep grammar and shallow exact-value oracle",decoder-strictness/deep-real-receipts,PENDING explicit candidate7 execution release; prepared decoder_runtime.py,UNVERIFIED,unverified,True,TK1-decoder-random-seed-20261004-086-first,3.4 / 7; adopted numeric decision,see named Stage1 sections,A independently generated shallow ignored JSON value succeeds.,systems-engineer
1,"1,2,3,4",systems-engineer,independent-verifier,PENDING_NAMED_CANDIDATE,"independent raw HTTP, inductive deep grammar and shallow exact-value oracle",decoder-strictness/deep-real-receipts,PENDING explicit candidate7 execution release; prepared decoder_runtime.py,UNVERIFIED,unverified,True,TK1-decoder-random-seed-20261004-086-alias,3.4 / 7; adopted numeric decision,see named Stage1 sections,"Key order, whitespace, escaped strings and exact numeric aliases preserve complete identity.",systems-engineer
1,"1,2,3,4",systems-engineer,independent-verifier,PENDING_NAMED_CANDIDATE,"independent raw HTTP, inductive deep grammar and shallow exact-value oracle",decoder-strictness/deep-real-receipts,PENDING explicit candidate7 execution release; prepared decoder_runtime.py,UNVERIFIED,unverified,True,TK1-decoder-random-seed-20261004-086-difference,3.4 / 7; adopted numeric decision,see named Stage1 sections,A separately generated exact value difference gives409 idempotency_key_reuse.,systems-engineer
1,"1,2,3,4",systems-engineer,independent-verifier,PENDING_NAMED_CANDIDATE,"independent raw HTTP, inductive deep grammar and shallow exact-value oracle",decoder-strictness/deep-real-receipts,PENDING explicit candidate7 execution release; prepared decoder_runtime.py,UNVERIFIED,unverified,True,TK1-decoder-random-seed-20261004-086-immutable,3.4 / 7; adopted numeric decision,see named Stage1 sections,The original response survives a real current-state cancellation.,systems-engineer
1,"1,2,3,4",systems-engineer,independent-verifier,PENDING_NAMED_CANDIDATE,"independent raw HTTP, inductive deep grammar and shallow exact-value oracle",decoder-strictness/deep-real-receipts,PENDING explicit candidate7 execution release; prepared decoder_runtime.py,UNVERIFIED,unverified,True,TK1-decoder-random-seed-20261004-087-first,3.4 / 7; adopted numeric decision,see named Stage1 sections,A independently generated shallow ignored JSON value succeeds.,systems-engineer
1,"1,2,3,4",systems-engineer,independent-verifier,PENDING_NAMED_CANDIDATE,"independent raw HTTP, inductive deep grammar and shallow exact-value oracle",decoder-strictness/deep-real-receipts,PENDING explicit candidate7 execution release; prepared decoder_runtime.py,UNVERIFIED,unverified,True,TK1-decoder-random-seed-20261004-087-alias,3.4 / 7; adopted numeric decision,see named Stage1 sections,"Key order, whitespace, escaped strings and exact numeric aliases preserve complete identity.",systems-engineer
1,"1,2,3,4",systems-engineer,independent-verifier,PENDING_NAMED_CANDIDATE,"independent raw HTTP, inductive deep grammar and shallow exact-value oracle",decoder-strictness/deep-real-receipts,PENDING explicit candidate7 execution release; prepared decoder_runtime.py,UNVERIFIED,unverified,True,TK1-decoder-random-seed-20261004-087-difference,3.4 / 7; adopted numeric decision,see named Stage1 sections,A separately generated exact value difference gives409 idempotency_key_reuse.,systems-engineer
1,"1,2,3,4",systems-engineer,independent-verifier,PENDING_NAMED_CANDIDATE,"independent raw HTTP, inductive deep grammar and shallow exact-value oracle",decoder-strictness/deep-real-receipts,PENDING explicit candidate7 execution release; prepared decoder_runtime.py,UNVERIFIED,unverified,True,TK1-decoder-random-seed-20261004-087-immutable,3.4 / 7; adopted numeric decision,see named Stage1 sections,The original response survives a real current-state cancellation.,systems-engineer
1,"1,2,3,4",systems-engineer,independent-verifier,PENDING_NAMED_CANDIDATE,"independent raw HTTP, inductive deep grammar and shallow exact-value oracle",decoder-strictness/deep-real-receipts,PENDING explicit candidate7 execution release; prepared decoder_runtime.py,UNVERIFIED,unverified,True,TK1-decoder-random-seed-20261004-088-first,3.4 / 7; adopted numeric decision,see named Stage1 sections,A independently generated shallow ignored JSON value succeeds.,systems-engineer
1,"1,2,3,4",systems-engineer,independent-verifier,PENDING_NAMED_CANDIDATE,"independent raw HTTP, inductive deep grammar and shallow exact-value oracle",decoder-strictness/deep-real-receipts,PENDING explicit candidate7 execution release; prepared decoder_runtime.py,UNVERIFIED,unverified,True,TK1-decoder-random-seed-20261004-088-alias,3.4 / 7; adopted numeric decision,see named Stage1 sections,"Key order, whitespace, escaped strings and exact numeric aliases preserve complete identity.",systems-engineer
1,"1,2,3,4",systems-engineer,independent-verifier,PENDING_NAMED_CANDIDATE,"independent raw HTTP, inductive deep grammar and shallow exact-value oracle",decoder-strictness/deep-real-receipts,PENDING explicit candidate7 execution release; prepared decoder_runtime.py,UNVERIFIED,unverified,True,TK1-decoder-random-seed-20261004-088-difference,3.4 / 7; adopted numeric decision,see named Stage1 sections,A separately generated exact value difference gives409 idempotency_key_reuse.,systems-engineer
1,"1,2,3,4",systems-engineer,independent-verifier,PENDING_NAMED_CANDIDATE,"independent raw HTTP, inductive deep grammar and shallow exact-value oracle",decoder-strictness/deep-real-receipts,PENDING explicit candidate7 execution release; prepared decoder_runtime.py,UNVERIFIED,unverified,True,TK1-decoder-random-seed-20261004-088-immutable,3.4 / 7; adopted numeric decision,see named Stage1 sections,The original response survives a real current-state cancellation.,systems-engineer
1,"1,2,3,4",systems-engineer,independent-verifier,PENDING_NAMED_CANDIDATE,"independent raw HTTP, inductive deep grammar and shallow exact-value oracle",decoder-strictness/deep-real-receipts,PENDING explicit candidate7 execution release; prepared decoder_runtime.py,UNVERIFIED,unverified,True,TK1-decoder-random-seed-20261004-089-first,3.4 / 7; adopted numeric decision,see named Stage1 sections,A independently generated shallow ignored JSON value succeeds.,systems-engineer
1,"1,2,3,4",systems-engineer,independent-verifier,PENDING_NAMED_CANDIDATE,"independent raw HTTP, inductive deep grammar and shallow exact-value oracle",decoder-strictness/deep-real-receipts,PENDING explicit candidate7 execution release; prepared decoder_runtime.py,UNVERIFIED,unverified,True,TK1-decoder-random-seed-20261004-089-alias,3.4 / 7; adopted numeric decision,see named Stage1 sections,"Key order, whitespace, escaped strings and exact numeric aliases preserve complete identity.",systems-engineer
1,"1,2,3,4",systems-engineer,independent-verifier,PENDING_NAMED_CANDIDATE,"independent raw HTTP, inductive deep grammar and shallow exact-value oracle",decoder-strictness/deep-real-receipts,PENDING explicit candidate7 execution release; prepared decoder_runtime.py,UNVERIFIED,unverified,True,TK1-decoder-random-seed-20261004-089-difference,3.4 / 7; adopted numeric decision,see named Stage1 sections,A separately generated exact value difference gives409 idempotency_key_reuse.,systems-engineer
1,"1,2,3,4",systems-engineer,independent-verifier,PENDING_NAMED_CANDIDATE,"independent raw HTTP, inductive deep grammar and shallow exact-value oracle",decoder-strictness/deep-real-receipts,PENDING explicit candidate7 execution release; prepared decoder_runtime.py,UNVERIFIED,unverified,True,TK1-decoder-random-seed-20261004-089-immutable,3.4 / 7; adopted numeric decision,see named Stage1 sections,The original response survives a real current-state cancellation.,systems-engineer
1,"1,2,3,4",systems-engineer,independent-verifier,PENDING_NAMED_CANDIDATE,"independent raw HTTP, inductive deep grammar and shallow exact-value oracle",decoder-strictness/deep-real-receipts,PENDING explicit candidate7 execution release; prepared decoder_runtime.py,UNVERIFIED,unverified,True,TK1-decoder-random-seed-20261004-090-first,3.4 / 7; adopted numeric decision,see named Stage1 sections,A independently generated shallow ignored JSON value succeeds.,systems-engineer
1,"1,2,3,4",systems-engineer,independent-verifier,PENDING_NAMED_CANDIDATE,"independent raw HTTP, inductive deep grammar and shallow exact-value oracle",decoder-strictness/deep-real-receipts,PENDING explicit candidate7 execution release; prepared decoder_runtime.py,UNVERIFIED,unverified,True,TK1-decoder-random-seed-20261004-090-alias,3.4 / 7; adopted numeric decision,see named Stage1 sections,"Key order, whitespace, escaped strings and exact numeric aliases preserve complete identity.",systems-engineer
1,"1,2,3,4",systems-engineer,independent-verifier,PENDING_NAMED_CANDIDATE,"independent raw HTTP, inductive deep grammar and shallow exact-value oracle",decoder-strictness/deep-real-receipts,PENDING explicit candidate7 execution release; prepared decoder_runtime.py,UNVERIFIED,unverified,True,TK1-decoder-random-seed-20261004-090-difference,3.4 / 7; adopted numeric decision,see named Stage1 sections,A separately generated exact value difference gives409 idempotency_key_reuse.,systems-engineer
1,"1,2,3,4",systems-engineer,independent-verifier,PENDING_NAMED_CANDIDATE,"independent raw HTTP, inductive deep grammar and shallow exact-value oracle",decoder-strictness/deep-real-receipts,PENDING explicit candidate7 execution release; prepared decoder_runtime.py,UNVERIFIED,unverified,True,TK1-decoder-random-seed-20261004-090-immutable,3.4 / 7; adopted numeric decision,see named Stage1 sections,The original response survives a real current-state cancellation.,systems-engineer
1,"1,2,3,4",systems-engineer,independent-verifier,PENDING_NAMED_CANDIDATE,"independent raw HTTP, inductive deep grammar and shallow exact-value oracle",decoder-strictness/deep-real-receipts,PENDING explicit candidate7 execution release; prepared decoder_runtime.py,UNVERIFIED,unverified,True,TK1-decoder-random-seed-20261004-091-first,3.4 / 7; adopted numeric decision,see named Stage1 sections,A independently generated shallow ignored JSON value succeeds.,systems-engineer
1,"1,2,3,4",systems-engineer,independent-verifier,PENDING_NAMED_CANDIDATE,"independent raw HTTP, inductive deep grammar and shallow exact-value oracle",decoder-strictness/deep-real-receipts,PENDING explicit candidate7 execution release; prepared decoder_runtime.py,UNVERIFIED,unverified,True,TK1-decoder-random-seed-20261004-091-alias,3.4 / 7; adopted numeric decision,see named Stage1 sections,"Key order, whitespace, escaped strings and exact numeric aliases preserve complete identity.",systems-engineer
1,"1,2,3,4",systems-engineer,independent-verifier,PENDING_NAMED_CANDIDATE,"independent raw HTTP, inductive deep grammar and shallow exact-value oracle",decoder-strictness/deep-real-receipts,PENDING explicit candidate7 execution release; prepared decoder_runtime.py,UNVERIFIED,unverified,True,TK1-decoder-random-seed-20261004-091-difference,3.4 / 7; adopted numeric decision,see named Stage1 sections,A separately generated exact value difference gives409 idempotency_key_reuse.,systems-engineer
1,"1,2,3,4",systems-engineer,independent-verifier,PENDING_NAMED_CANDIDATE,"independent raw HTTP, inductive deep grammar and shallow exact-value oracle",decoder-strictness/deep-real-receipts,PENDING explicit candidate7 execution release; prepared decoder_runtime.py,UNVERIFIED,unverified,True,TK1-decoder-random-seed-20261004-091-immutable,3.4 / 7; adopted numeric decision,see named Stage1 sections,The original response survives a real current-state cancellation.,systems-engineer
1,"1,2,3,4",systems-engineer,independent-verifier,PENDING_NAMED_CANDIDATE,"independent raw HTTP, inductive deep grammar and shallow exact-value oracle",decoder-strictness/deep-real-receipts,PENDING explicit candidate7 execution release; prepared decoder_runtime.py,UNVERIFIED,unverified,True,TK1-decoder-random-seed-20261004-092-first,3.4 / 7; adopted numeric decision,see named Stage1 sections,A independently generated shallow ignored JSON value succeeds.,systems-engineer
1,"1,2,3,4",systems-engineer,independent-verifier,PENDING_NAMED_CANDIDATE,"independent raw HTTP, inductive deep grammar and shallow exact-value oracle",decoder-strictness/deep-real-receipts,PENDING explicit candidate7 execution release; prepared decoder_runtime.py,UNVERIFIED,unverified,True,TK1-decoder-random-seed-20261004-092-alias,3.4 / 7; adopted numeric decision,see named Stage1 sections,"Key order, whitespace, escaped strings and exact numeric aliases preserve complete identity.",systems-engineer
1,"1,2,3,4",systems-engineer,independent-verifier,PENDING_NAMED_CANDIDATE,"independent raw HTTP, inductive deep grammar and shallow exact-value oracle",decoder-strictness/deep-real-receipts,PENDING explicit candidate7 execution release; prepared decoder_runtime.py,UNVERIFIED,unverified,True,TK1-decoder-random-seed-20261004-092-difference,3.4 / 7; adopted numeric decision,see named Stage1 sections,A separately generated exact value difference gives409 idempotency_key_reuse.,systems-engineer
1,"1,2,3,4",systems-engineer,independent-verifier,PENDING_NAMED_CANDIDATE,"independent raw HTTP, inductive deep grammar and shallow exact-value oracle",decoder-strictness/deep-real-receipts,PENDING explicit candidate7 execution release; prepared decoder_runtime.py,UNVERIFIED,unverified,True,TK1-decoder-random-seed-20261004-092-immutable,3.4 / 7; adopted numeric decision,see named Stage1 sections,The original response survives a real current-state cancellation.,systems-engineer
1,"1,2,3,4",systems-engineer,independent-verifier,PENDING_NAMED_CANDIDATE,"independent raw HTTP, inductive deep grammar and shallow exact-value oracle",decoder-strictness/deep-real-receipts,PENDING explicit candidate7 execution release; prepared decoder_runtime.py,UNVERIFIED,unverified,True,TK1-decoder-random-seed-20261004-093-first,3.4 / 7; adopted numeric decision,see named Stage1 sections,A independently generated shallow ignored JSON value succeeds.,systems-engineer
1,"1,2,3,4",systems-engineer,independent-verifier,PENDING_NAMED_CANDIDATE,"independent raw HTTP, inductive deep grammar and shallow exact-value oracle",decoder-strictness/deep-real-receipts,PENDING explicit candidate7 execution release; prepared decoder_runtime.py,UNVERIFIED,unverified,True,TK1-decoder-random-seed-20261004-093-alias,3.4 / 7; adopted numeric decision,see named Stage1 sections,"Key order, whitespace, escaped strings and exact numeric aliases preserve complete identity.",systems-engineer
1,"1,2,3,4",systems-engineer,independent-verifier,PENDING_NAMED_CANDIDATE,"independent raw HTTP, inductive deep grammar and shallow exact-value oracle",decoder-strictness/deep-real-receipts,PENDING explicit candidate7 execution release; prepared decoder_runtime.py,UNVERIFIED,unverified,True,TK1-decoder-random-seed-20261004-093-difference,3.4 / 7; adopted numeric decision,see named Stage1 sections,A separately generated exact value difference gives409 idempotency_key_reuse.,systems-engineer
1,"1,2,3,4",systems-engineer,independent-verifier,PENDING_NAMED_CANDIDATE,"independent raw HTTP, inductive deep grammar and shallow exact-value oracle",decoder-strictness/deep-real-receipts,PENDING explicit candidate7 execution release; prepared decoder_runtime.py,UNVERIFIED,unverified,True,TK1-decoder-random-seed-20261004-093-immutable,3.4 / 7; adopted numeric decision,see named Stage1 sections,The original response survives a real current-state cancellation.,systems-engineer
1,"1,2,3,4",systems-engineer,independent-verifier,PENDING_NAMED_CANDIDATE,"independent raw HTTP, inductive deep grammar and shallow exact-value oracle",decoder-strictness/deep-real-receipts,PENDING explicit candidate7 execution release; prepared decoder_runtime.py,UNVERIFIED,unverified,True,TK1-decoder-random-seed-20261004-094-first,3.4 / 7; adopted numeric decision,see named Stage1 sections,A independently generated shallow ignored JSON value succeeds.,systems-engineer
1,"1,2,3,4",systems-engineer,independent-verifier,PENDING_NAMED_CANDIDATE,"independent raw HTTP, inductive deep grammar and shallow exact-value oracle",decoder-strictness/deep-real-receipts,PENDING explicit candidate7 execution release; prepared decoder_runtime.py,UNVERIFIED,unverified,True,TK1-decoder-random-seed-20261004-094-alias,3.4 / 7; adopted numeric decision,see named Stage1 sections,"Key order, whitespace, escaped strings and exact numeric aliases preserve complete identity.",systems-engineer
1,"1,2,3,4",systems-engineer,independent-verifier,PENDING_NAMED_CANDIDATE,"independent raw HTTP, inductive deep grammar and shallow exact-value oracle",decoder-strictness/deep-real-receipts,PENDING explicit candidate7 execution release; prepared decoder_runtime.py,UNVERIFIED,unverified,True,TK1-decoder-random-seed-20261004-094-difference,3.4 / 7; adopted numeric decision,see named Stage1 sections,A separately generated exact value difference gives409 idempotency_key_reuse.,systems-engineer
1,"1,2,3,4",systems-engineer,independent-verifier,PENDING_NAMED_CANDIDATE,"independent raw HTTP, inductive deep grammar and shallow exact-value oracle",decoder-strictness/deep-real-receipts,PENDING explicit candidate7 execution release; prepared decoder_runtime.py,UNVERIFIED,unverified,True,TK1-decoder-random-seed-20261004-094-immutable,3.4 / 7; adopted numeric decision,see named Stage1 sections,The original response survives a real current-state cancellation.,systems-engineer
1,"1,2,3,4",systems-engineer,independent-verifier,PENDING_NAMED_CANDIDATE,"independent raw HTTP, inductive deep grammar and shallow exact-value oracle",decoder-strictness/deep-real-receipts,PENDING explicit candidate7 execution release; prepared decoder_runtime.py,UNVERIFIED,unverified,True,TK1-decoder-random-seed-20261004-095-first,3.4 / 7; adopted numeric decision,see named Stage1 sections,A independently generated shallow ignored JSON value succeeds.,systems-engineer
1,"1,2,3,4",systems-engineer,independent-verifier,PENDING_NAMED_CANDIDATE,"independent raw HTTP, inductive deep grammar and shallow exact-value oracle",decoder-strictness/deep-real-receipts,PENDING explicit candidate7 execution release; prepared decoder_runtime.py,UNVERIFIED,unverified,True,TK1-decoder-random-seed-20261004-095-alias,3.4 / 7; adopted numeric decision,see named Stage1 sections,"Key order, whitespace, escaped strings and exact numeric aliases preserve complete identity.",systems-engineer
1,"1,2,3,4",systems-engineer,independent-verifier,PENDING_NAMED_CANDIDATE,"independent raw HTTP, inductive deep grammar and shallow exact-value oracle",decoder-strictness/deep-real-receipts,PENDING explicit candidate7 execution release; prepared decoder_runtime.py,UNVERIFIED,unverified,True,TK1-decoder-random-seed-20261004-095-difference,3.4 / 7; adopted numeric decision,see named Stage1 sections,A separately generated exact value difference gives409 idempotency_key_reuse.,systems-engineer
1,"1,2,3,4",systems-engineer,independent-verifier,PENDING_NAMED_CANDIDATE,"independent raw HTTP, inductive deep grammar and shallow exact-value oracle",decoder-strictness/deep-real-receipts,PENDING explicit candidate7 execution release; prepared decoder_runtime.py,UNVERIFIED,unverified,True,TK1-decoder-random-seed-20261004-095-immutable,3.4 / 7; adopted numeric decision,see named Stage1 sections,The original response survives a real current-state cancellation.,systems-engineer
1,"1,2,3,4",interface-engineer,independent-verifier,PENDING_NAMED_CANDIDATE,"independent raw HTTP, inductive deep grammar and shallow exact-value oracle",decoder-strictness/deep-real-receipts,PENDING explicit candidate7 execution release; prepared decoder_runtime.py,UNVERIFIED,unverified,True,TK1-decoder-charset,2 / 3.4 / 5,see named Stage1 sections,Observed JSON responses have application/json;charset=utf-8.,interface-engineer
1,"1,2,3,4",interface-engineer,independent-verifier,PENDING_NAMED_CANDIDATE,"independent raw HTTP, inductive deep grammar and shallow exact-value oracle",decoder-strictness/deep-real-receipts,PENDING explicit candidate7 execution release; prepared decoder_runtime.py,UNVERIFIED,unverified,True,TK1-decoder-length,2 / 3.4 / 5,see named Stage1 sections,"Content-Length equals actual UTF-8 byte length, including exports.",interface-engineer
1,"1,2,3,4",interface-engineer,independent-verifier,PENDING_NAMED_CANDIDATE,"independent raw HTTP, inductive deep grammar and shallow exact-value oracle",decoder-strictness/deep-real-receipts,PENDING explicit candidate7 execution release; prepared decoder_runtime.py,UNVERIFIED,unverified,True,TK1-decoder-json,2 / 3.4 / 5,see named Stage1 sections,Public/error responses parse as strict JSON without invalid constants.,interface-engineer
1,"1,2,3,4",interface-engineer,independent-verifier,PENDING_NAMED_CANDIDATE,"independent raw HTTP, inductive deep grammar and shallow exact-value oracle",decoder-strictness/deep-real-receipts,PENDING explicit candidate7 execution release; prepared decoder_runtime.py,UNVERIFIED,unverified,True,TK1-decoder-empty-204,2 / 3.4 / 5,see named Stage1 sections,Every observed204 carries no payload.,interface-engineer
1,"1,2,3,4",interface-engineer,independent-verifier,PENDING_NAMED_CANDIDATE,"independent raw HTTP, inductive deep grammar and shallow exact-value oracle",decoder-strictness/deep-real-receipts,PENDING explicit candidate7 execution release; prepared decoder_runtime.py,UNVERIFIED,unverified,True,TK1-decoder-duration,2 / 3.4 / 5,see named Stage1 sections,Every measured ordinary/control request respects its5/10second limit.,interface-engineer
1,"1,2,3,4",interface-engineer,independent-verifier,PENDING_NAMED_CANDIDATE,"independent raw HTTP, inductive deep grammar and shallow exact-value oracle",decoder-strictness/deep-real-receipts,PENDING explicit candidate7 execution release; prepared decoder_runtime.py,UNVERIFIED,unverified,True,TK1-decoder-no-5xx,2 / 3.4 / 5,see named Stage1 sections,No actual decoder probe produces5xx or an unclassified transport failure.,interface-engineer
