requirement_id,source_section,source_line,introduced_stage,applicable_stages,owner,implementation_owner,verification_owner,interpretation_note,requirement_text,candidate_full_revision,verification_method,case,executable_command_or_interaction,evidence_path,verdict,source_file,inherited
TK1-overlap,1. Scope,10,1,"2,3,4",systems-engineer,systems-engineer,independent-verifier,,Confirmed reservations never overlap on the same table.,4b92041057beb669d2e6c528e8268f4d0d1e6421,black-box HTTP,invariants,Run the original independent Stage 1 probe on the named Stage 2 service; no earlier pass substitutes for current evidence.,UNVERIFIED,unverified,stage-1.md,yes
TK1-half-open,1. Scope,10,1,"2,3,4",systems-engineer,systems-engineer,independent-verifier,,A reservation beginning exactly at another's end does not overlap.,4b92041057beb669d2e6c528e8268f4d0d1e6421,black-box HTTP,invariants,Run the original independent Stage 1 probe on the named Stage 2 service; no earlier pass substitutes for current evidence.,UNVERIFIED,unverified,stage-1.md,yes
TK1-reject-no-partial,1. Scope,10,1,"2,3,4",systems-engineer,systems-engineer,independent-verifier,,Rejected writes leave records and occupancy unchanged.,4b92041057beb669d2e6c528e8268f4d0d1e6421,black-box HTTP,invariants,Run the original independent Stage 1 probe on the named Stage 2 service; no earlier pass substitutes for current evidence.,UNVERIFIED,unverified,stage-1.md,yes
TK1-retry-no-duplicate,1. Scope,10,1,"2,3,4",systems-engineer,systems-engineer,independent-verifier,,Retries do not create duplicate reservations.,4b92041057beb669d2e6c528e8268f4d0d1e6421,black-box HTTP,invariants,Run the original independent Stage 1 probe on the named Stage 2 service; no earlier pass substitutes for current evidence.,UNVERIFIED,unverified,stage-1.md,yes
TK1-restaurant-independent,1. Scope,10,1,"2,3,4",systems-engineer,systems-engineer,independent-verifier,,"Each restaurant uses its own capacities, hours and cutoff.",4b92041057beb669d2e6c528e8268f4d0d1e6421,black-box HTTP,invariants,Run the original independent Stage 1 probe on the named Stage 2 service; no earlier pass substitutes for current evidence.,UNVERIFIED,unverified,stage-1.md,yes
TK1-dockerfile,2. Delivery and deployment / Resource limits,23,1,"2,3,4",interface-engineer,interface-engineer,independent-verifier,,Stage 1 includes a Dockerfile that builds a complete service.,4b92041057beb669d2e6c528e8268f4d0d1e6421,"clean clone, build and constrained offline execution",runtime,Run the original independent Stage 1 probe on the named Stage 2 service; no earlier pass substitutes for current evidence.,UNVERIFIED,unverified,stage-1.md,yes
TK1-run-document,2. Delivery and deployment / Resource limits,23,1,"2,3,4",interface-engineer,interface-engineer,independent-verifier,,RUN.md provides a build/start command without manual setup.,4b92041057beb669d2e6c528e8268f4d0d1e6421,"clean clone, build and constrained offline execution",runtime,Run the original independent Stage 1 probe on the named Stage 2 service; no earlier pass substitutes for current evidence.,UNVERIFIED,unverified,stage-1.md,yes
TK1-single-image,2. Delivery and deployment / Resource limits,23,1,"2,3,4",interface-engineer,interface-engineer,independent-verifier,,"No separate runtime service, host dependency or compose startup is needed.",4b92041057beb669d2e6c528e8268f4d0d1e6421,"clean clone, build and constrained offline execution",runtime,Run the original independent Stage 1 probe on the named Stage 2 service; no earlier pass substitutes for current evidence.,UNVERIFIED,unverified,stage-1.md,yes
TK1-offline,2. Delivery and deployment / Resource limits,23,1,"2,3,4",systems-engineer,systems-engineer,independent-verifier,,Service works without outbound runtime network.,4b92041057beb669d2e6c528e8268f4d0d1e6421,"clean clone, build and constrained offline execution",runtime,Run the original independent Stage 1 probe on the named Stage 2 service; no earlier pass substitutes for current evidence.,UNVERIFIED,unverified,stage-1.md,yes
TK1-cpu,2. Delivery and deployment / Resource limits,23,1,"2,3,4",systems-engineer,systems-engineer,independent-verifier,,Service works with 2 vCPU.,4b92041057beb669d2e6c528e8268f4d0d1e6421,"clean clone, build and constrained offline execution",runtime,Run the original independent Stage 1 probe on the named Stage 2 service; no earlier pass substitutes for current evidence.,UNVERIFIED,unverified,stage-1.md,yes
TK1-memory,2. Delivery and deployment / Resource limits,23,1,"2,3,4",systems-engineer,systems-engineer,independent-verifier,,Service works with 2 GiB memory.,4b92041057beb669d2e6c528e8268f4d0d1e6421,"clean clone, build and constrained offline execution",runtime,Run the original independent Stage 1 probe on the named Stage 2 service; no earlier pass substitutes for current evidence.,UNVERIFIED,unverified,stage-1.md,yes
TK1-startup,2. Delivery and deployment / Resource limits,23,1,"2,3,4",systems-engineer,systems-engineer,independent-verifier,,First healthy response occurs within 60 seconds.,4b92041057beb669d2e6c528e8268f4d0d1e6421,"clean clone, build and constrained offline execution",runtime,Run the original independent Stage 1 probe on the named Stage 2 service; no earlier pass substitutes for current evidence.,UNVERIFIED,unverified,stage-1.md,yes
TK1-max-concurrency,2. Delivery and deployment / Resource limits,23,1,"2,3,4",systems-engineer,systems-engineer,independent-verifier,,Service supports 50 in-flight requests.,4b92041057beb669d2e6c528e8268f4d0d1e6421,"clean clone, build and constrained offline execution",runtime,Run the original independent Stage 1 probe on the named Stage 2 service; no earlier pass substitutes for current evidence.,UNVERIFIED,unverified,stage-1.md,yes
TK1-request-timeout,2. Delivery and deployment / Resource limits,23,1,"2,3,4",systems-engineer,systems-engineer,independent-verifier,,Ordinary requests complete within 5 seconds.,4b92041057beb669d2e6c528e8268f4d0d1e6421,"clean clone, build and constrained offline execution",runtime,Run the original independent Stage 1 probe on the named Stage 2 service; no earlier pass substitutes for current evidence.,UNVERIFIED,unverified,stage-1.md,yes
TK1-reset-timeout,2. Delivery and deployment / Resource limits,23,1,"2,3,4",systems-engineer,systems-engineer,independent-verifier,,POST /_test/reset completes within 10 seconds.,4b92041057beb669d2e6c528e8268f4d0d1e6421,"clean clone, build and constrained offline execution",runtime,Run the original independent Stage 1 probe on the named Stage 2 service; no earlier pass substitutes for current evidence.,UNVERIFIED,unverified,stage-1.md,yes
TK1-import-timeout,2. Delivery and deployment / Resource limits,23,1,"2,3,4",systems-engineer,systems-engineer,independent-verifier,,POST /_test/import completes within 10 seconds.,4b92041057beb669d2e6c528e8268f4d0d1e6421,"clean clone, build and constrained offline execution",runtime,Run the original independent Stage 1 probe on the named Stage 2 service; no earlier pass substitutes for current evidence.,UNVERIFIED,unverified,stage-1.md,yes
TK1-export-timeout,2. Delivery and deployment / Resource limits,23,1,"2,3,4",systems-engineer,systems-engineer,independent-verifier,,GET /_test/export completes within 10 seconds.,4b92041057beb669d2e6c528e8268f4d0d1e6421,"clean clone, build and constrained offline execution",runtime,Run the original independent Stage 1 probe on the named Stage 2 service; no earlier pass substitutes for current evidence.,UNVERIFIED,unverified,stage-1.md,yes
TK1-max-concurrency-timing,2. Delivery and deployment / Resource limits,23,1,"2,3,4",systems-engineer,systems-engineer,independent-verifier,,Fifty concurrent ordinary requests each complete within 5 seconds.,4b92041057beb669d2e6c528e8268f4d0d1e6421,"clean clone, build and constrained offline execution",runtime,Run the original independent Stage 1 probe on the named Stage 2 service; no earlier pass substitutes for current evidence.,UNVERIFIED,unverified,stage-1.md,yes
TK1-packaged-assets,2. Delivery and deployment / Resource limits,23,1,"2,3,4",interface-engineer,interface-engineer,independent-verifier,,"All runtime initialization, seed data and assets are in the image.",4b92041057beb669d2e6c528e8268f4d0d1e6421,"clean clone, build and constrained offline execution",runtime,Run the original independent Stage 1 probe on the named Stage 2 service; no earlier pass substitutes for current evidence.,UNVERIFIED,unverified,stage-1.md,yes
TK1-listen-all,3.1 Listening,58,1,"2,3,4",interface-engineer,interface-engineer,independent-verifier,,Service listens on 0.0.0.0.,4b92041057beb669d2e6c528e8268f4d0d1e6421,container network HTTP and process configuration,runtime,Run the original independent Stage 1 probe on the named Stage 2 service; no earlier pass substitutes for current evidence.,UNVERIFIED,unverified,stage-1.md,yes
TK1-port-override,3.1 Listening,58,1,"2,3,4",interface-engineer,interface-engineer,independent-verifier,,Service honors nondefault PORT environment value.,4b92041057beb669d2e6c528e8268f4d0d1e6421,container network HTTP and process configuration,runtime,Run the original independent Stage 1 probe on the named Stage 2 service; no earlier pass substitutes for current evidence.,UNVERIFIED,unverified,stage-1.md,yes
TK1-port-default,3.1 Listening,58,1,"2,3,4",interface-engineer,interface-engineer,independent-verifier,,Service defaults to port 8080 when PORT is absent.,4b92041057beb669d2e6c528e8268f4d0d1e6421,container network HTTP and process configuration,runtime,Run the original independent Stage 1 probe on the named Stage 2 service; no earlier pass substitutes for current evidence.,UNVERIFIED,unverified,stage-1.md,yes
TK1-health-status,3.2 Health,62,1,"2,3,4",interface-engineer,interface-engineer,independent-verifier,,GET /health returns HTTP 200 when ready.,4b92041057beb669d2e6c528e8268f4d0d1e6421,black-box HTTP,basics,Run the original independent Stage 1 probe on the named Stage 2 service; no earlier pass substitutes for current evidence.,UNVERIFIED,unverified,stage-1.md,yes
TK1-health-body,3.2 Health,62,1,"2,3,4",interface-engineer,interface-engineer,independent-verifier,,GET /health returns exactly the JSON value {status: ok}.,4b92041057beb669d2e6c528e8268f4d0d1e6421,black-box HTTP,basics,Run the original independent Stage 1 probe on the named Stage 2 service; no earlier pass substitutes for current evidence.,UNVERIFIED,unverified,stage-1.md,yes
TK1-health-public,3.2 Health,62,1,"2,3,4",interface-engineer,interface-engineer,independent-verifier,,Health does not require authentication.,4b92041057beb669d2e6c528e8268f4d0d1e6421,black-box HTTP,basics,Run the original independent Stage 1 probe on the named Stage 2 service; no earlier pass substitutes for current evidence.,UNVERIFIED,unverified,stage-1.md,yes
TK1-reset-status,3.3 Reset and seed,71,1,"2,3,4",systems-engineer,systems-engineer,independent-verifier,,POST /_test/reset returns 204 with no content.,4b92041057beb669d2e6c528e8268f4d0d1e6421,black-box HTTP,basics,Run the original independent Stage 1 probe on the named Stage 2 service; no earlier pass substitutes for current evidence.,UNVERIFIED,unverified,stage-1.md,yes
TK1-reset-public,3.3 Reset and seed,71,1,"2,3,4",systems-engineer,systems-engineer,independent-verifier,,Reset requires no authentication and is enabled in the delivered image.,4b92041057beb669d2e6c528e8268f4d0d1e6421,black-box HTTP,basics,Run the original independent Stage 1 probe on the named Stage 2 service; no earlier pass substitutes for current evidence.,UNVERIFIED,unverified,stage-1.md,yes
TK1-reset-replacement,3.3 Reset and seed,71,1,"2,3,4",systems-engineer,systems-engineer,independent-verifier,,After reset only the supplied fixture is visible.,4b92041057beb669d2e6c528e8268f4d0d1e6421,black-box HTTP,basics,Run the original independent Stage 1 probe on the named Stage 2 service; no earlier pass substitutes for current evidence.,UNVERIFIED,unverified,stage-1.md,yes
TK1-reset-repeat,3.3 Reset and seed,71,1,"2,3,4",systems-engineer,systems-engineer,independent-verifier,,Repeated resets are supported.,4b92041057beb669d2e6c528e8268f4d0d1e6421,black-box HTTP,basics,Run the original independent Stage 1 probe on the named Stage 2 service; no earlier pass substitutes for current evidence.,UNVERIFIED,unverified,stage-1.md,yes
TK1-reset-sessions,3.3 Reset and seed,71,1,"2,3,4",systems-engineer,systems-engineer,independent-verifier,,Reset clears old bearer tokens.,4b92041057beb669d2e6c528e8268f4d0d1e6421,black-box HTTP,basics,Run the original independent Stage 1 probe on the named Stage 2 service; no earlier pass substitutes for current evidence.,UNVERIFIED,unverified,stage-1.md,yes
TK1-reset-receipts,3.3 Reset and seed,71,1,"2,3,4",systems-engineer,systems-engineer,independent-verifier,,Reset clears successful idempotency receipts.,4b92041057beb669d2e6c528e8268f4d0d1e6421,black-box HTTP,basics,Run the original independent Stage 1 probe on the named Stage 2 service; no earlier pass substitutes for current evidence.,UNVERIFIED,unverified,stage-1.md,yes
TK1-json-content-type,3.4 Conventions / 5. Errors,86,1,"2,3,4",interface-engineer,interface-engineer,independent-verifier,,JSON responses carry application/json; charset=utf-8.,4b92041057beb669d2e6c528e8268f4d0d1e6421,black-box HTTP,conventions,Run the original independent Stage 1 probe on the named Stage 2 service; no earlier pass substitutes for current evidence.,UNVERIFIED,unverified,stage-1.md,yes
TK1-timestamp-offset,3.4 Conventions / 5. Errors,86,1,"2,3,4",systems-engineer,systems-engineer,independent-verifier,"New output follows the recorded nearest representable minute-offset interpretation while retaining exact IANA instants and original local fields. Successful original imported record/receipt strings are immutable, including historical offset seconds; this is an explicit backward-preservation exception.",Every response timestamp uses RFC 3339 with an explicit offset.,4b92041057beb669d2e6c528e8268f4d0d1e6421,black-box HTTP,conventions,Run the original independent Stage 1 probe on the named Stage 2 service; no earlier pass substitutes for current evidence.,UNVERIFIED,unverified,stage-1.md,yes
TK1-unknown-body,3.4 Conventions / 5. Errors,86,1,"2,3,4",systems-engineer,systems-engineer,independent-verifier,,Unknown request body fields are ignored.,4b92041057beb669d2e6c528e8268f4d0d1e6421,black-box HTTP,conventions,Run the original independent Stage 1 probe on the named Stage 2 service; no earlier pass substitutes for current evidence.,UNVERIFIED,unverified,stage-1.md,yes
TK1-unknown-query,3.4 Conventions / 5. Errors,86,1,"2,3,4",systems-engineer,systems-engineer,independent-verifier,,Unknown query parameters are ignored.,4b92041057beb669d2e6c528e8268f4d0d1e6421,black-box HTTP,conventions,Run the original independent Stage 1 probe on the named Stage 2 service; no earlier pass substitutes for current evidence.,UNVERIFIED,unverified,stage-1.md,yes
TK1-generated-id-limit,3.4 Conventions / 5. Errors,86,1,"2,3,4",systems-engineer,systems-engineer,independent-verifier,,Generated IDs are opaque strings of at most 64 characters.,4b92041057beb669d2e6c528e8268f4d0d1e6421,black-box HTTP,conventions,Run the original independent Stage 1 probe on the named Stage 2 service; no earlier pass substitutes for current evidence.,UNVERIFIED,unverified,stage-1.md,yes
TK1-fixture-id-max,3.4 Conventions / 5. Errors,86,1,"2,3,4",systems-engineer,systems-engineer,independent-verifier,,IDs of exactly 64 characters are accepted in reset fixtures.,4b92041057beb669d2e6c528e8268f4d0d1e6421,black-box HTTP,conventions,Run the original independent Stage 1 probe on the named Stage 2 service; no earlier pass substitutes for current evidence.,UNVERIFIED,unverified,stage-1.md,yes
TK1-fixture-id-over,3.4 Conventions / 5. Errors,86,1,"2,3,4",systems-engineer,systems-engineer,independent-verifier,,Fixture IDs longer than 64 characters are rejected with 422 validation_failed.,4b92041057beb669d2e6c528e8268f4d0d1e6421,black-box HTTP,conventions,Run the original independent Stage 1 probe on the named Stage 2 service; no earlier pass substitutes for current evidence.,UNVERIFIED,unverified,stage-1.md,yes
TK1-error-envelope,3.4 Conventions / 5. Errors,86,1,"2,3,4",interface-engineer,interface-engineer,independent-verifier,,Every 4xx and 5xx response has error.code and a human-readable error.message.,4b92041057beb669d2e6c528e8268f4d0d1e6421,black-box HTTP,conventions,Run the original independent Stage 1 probe on the named Stage 2 service; no earlier pass substitutes for current evidence.,UNVERIFIED,unverified,stage-1.md,yes
TK1-no-5xx,3.4 Conventions / 5. Errors,86,1,"2,3,4",systems-engineer,systems-engineer,independent-verifier,,"Requests do not produce 5xx, including concurrent load.",4b92041057beb669d2e6c528e8268f4d0d1e6421,black-box HTTP,conventions,Run the original independent Stage 1 probe on the named Stage 2 service; no earlier pass substitutes for current evidence.,UNVERIFIED,unverified,stage-1.md,yes
TK1-timezone-model,4. Model / Fixture format,100,1,"2,3,4",systems-engineer,systems-engineer,independent-verifier,,Restaurant local dates/times follow its IANA timezone.,4b92041057beb669d2e6c528e8268f4d0d1e6421,black-box HTTP,fixture,Run the original independent Stage 1 probe on the named Stage 2 service; no earlier pass substitutes for current evidence.,UNVERIFIED,unverified,stage-1.md,yes
TK1-grid-from-opening,4. Model / Fixture format,100,1,"2,3,4",systems-engineer,systems-engineer,independent-verifier,,Start grid is measured from opening rather than midnight.,4b92041057beb669d2e6c528e8268f4d0d1e6421,black-box HTTP,fixture,Run the original independent Stage 1 probe on the named Stage 2 service; no earlier pass substitutes for current evidence.,UNVERIFIED,unverified,stage-1.md,yes
TK1-duration-model,4. Model / Fixture format,100,1,"2,3,4",systems-engineer,systems-engineer,independent-verifier,,Every booking occupies the restaurant's configured duration.,4b92041057beb669d2e6c528e8268f4d0d1e6421,black-box HTTP,fixture,Run the original independent Stage 1 probe on the named Stage 2 service; no earlier pass substitutes for current evidence.,UNVERIFIED,unverified,stage-1.md,yes
TK1-cutoff-model,4. Model / Fixture format,100,1,"2,3,4",systems-engineer,systems-engineer,independent-verifier,,Each reservation uses its restaurant's cancellation cutoff.,4b92041057beb669d2e6c528e8268f4d0d1e6421,black-box HTTP,fixture,Run the original independent Stage 1 probe on the named Stage 2 service; no earlier pass substitutes for current evidence.,UNVERIFIED,unverified,stage-1.md,yes
TK1-closed-weekday,4. Model / Fixture format,100,1,"2,3,4",systems-engineer,systems-engineer,independent-verifier,,A weekday absent from opening_hours is closed.,4b92041057beb669d2e6c528e8268f4d0d1e6421,black-box HTTP,fixture,Run the original independent Stage 1 probe on the named Stage 2 service; no earlier pass substitutes for current evidence.,UNVERIFIED,unverified,stage-1.md,yes
TK1-table-capacity,4. Model / Fixture format,100,1,"2,3,4",systems-engineer,systems-engineer,independent-verifier,,Table capacity bounds party size.,4b92041057beb669d2e6c528e8268f4d0d1e6421,black-box HTTP,fixture,Run the original independent Stage 1 probe on the named Stage 2 service; no earlier pass substitutes for current evidence.,UNVERIFIED,unverified,stage-1.md,yes
TK1-weekdays,4. Model / Fixture format,100,1,"2,3,4",systems-engineer,systems-engineer,independent-verifier,,All seven weekday values are supported.,4b92041057beb669d2e6c528e8268f4d0d1e6421,black-box HTTP,fixture,Run the original independent Stage 1 probe on the named Stage 2 service; no earlier pass substitutes for current evidence.,UNVERIFIED,unverified,stage-1.md,yes
TK1-same-day-hours,4. Model / Fixture format,100,1,"2,3,4",systems-engineer,systems-engineer,independent-verifier,,Legal opening hours are local HH:MM with later same-day closes.,4b92041057beb669d2e6c528e8268f4d0d1e6421,black-box HTTP,fixture,Run the original independent Stage 1 probe on the named Stage 2 service; no earlier pass substitutes for current evidence.,UNVERIFIED,unverified,stage-1.md,yes
TK1-seeded-login,4. Model / Fixture format,100,1,"2,3,4",systems-engineer,systems-engineer,independent-verifier,,Seeded users can immediately login with their given password.,4b92041057beb669d2e6c528e8268f4d0d1e6421,black-box HTTP,fixture,Run the original independent Stage 1 probe on the named Stage 2 service; no earlier pass substitutes for current evidence.,UNVERIFIED,unverified,stage-1.md,yes
TK1-seeded-reservation,4. Model / Fixture format,100,1,"2,3,4",systems-engineer,systems-engineer,independent-verifier,,Reset accepts confirmed reservations with body fields plus id/reference/user_id.,4b92041057beb669d2e6c528e8268f4d0d1e6421,black-box HTTP,fixture,Run the original independent Stage 1 probe on the named Stage 2 service; no earlier pass substitutes for current evidence.,UNVERIFIED,unverified,stage-1.md,yes
TK1-past-create,4. Model / Fixture format,100,1,"2,3,4",systems-engineer,systems-engineer,independent-verifier,,A reservation is not refused solely because its date is in the past.,4b92041057beb669d2e6c528e8268f4d0d1e6421,black-box HTTP,fixture,Run the original independent Stage 1 probe on the named Stage 2 service; no earlier pass substitutes for current evidence.,UNVERIFIED,unverified,stage-1.md,yes
TK1-past-cutoff,4. Model / Fixture format,100,1,"2,3,4",systems-engineer,systems-engineer,independent-verifier,,Past reservations remain subject to cancellation/amendment cutoff.,4b92041057beb669d2e6c528e8268f4d0d1e6421,black-box HTTP,fixture,Run the original independent Stage 1 probe on the named Stage 2 service; no earlier pass substitutes for current evidence.,UNVERIFIED,unverified,stage-1.md,yes
TK1-fixture-user-id,4. Fixture format,109,1,"2,3,4",systems-engineer,systems-engineer,independent-verifier,,Reset preserves and uses fixture fixture-user field id.,4b92041057beb669d2e6c528e8268f4d0d1e6421,black-box HTTP,fixture,Run the original independent Stage 1 probe on the named Stage 2 service; no earlier pass substitutes for current evidence.,UNVERIFIED,unverified,stage-1.md,yes
TK1-fixture-user-email,4. Fixture format,109,1,"2,3,4",systems-engineer,systems-engineer,independent-verifier,,Reset preserves and uses fixture fixture-user field email.,4b92041057beb669d2e6c528e8268f4d0d1e6421,black-box HTTP,fixture,Run the original independent Stage 1 probe on the named Stage 2 service; no earlier pass substitutes for current evidence.,UNVERIFIED,unverified,stage-1.md,yes
TK1-fixture-user-password,4. Fixture format,109,1,"2,3,4",systems-engineer,systems-engineer,independent-verifier,,Reset preserves and uses fixture fixture-user field password.,4b92041057beb669d2e6c528e8268f4d0d1e6421,black-box HTTP,fixture,Run the original independent Stage 1 probe on the named Stage 2 service; no earlier pass substitutes for current evidence.,UNVERIFIED,unverified,stage-1.md,yes
TK1-fixture-user-display_name,4. Fixture format,109,1,"2,3,4",systems-engineer,systems-engineer,independent-verifier,,Reset preserves and uses fixture fixture-user field display_name.,4b92041057beb669d2e6c528e8268f4d0d1e6421,black-box HTTP,fixture,Run the original independent Stage 1 probe on the named Stage 2 service; no earlier pass substitutes for current evidence.,UNVERIFIED,unverified,stage-1.md,yes
TK1-fixture-restaurant-id,4. Fixture format,109,1,"2,3,4",systems-engineer,systems-engineer,independent-verifier,,Reset preserves and uses fixture fixture-restaurant field id.,4b92041057beb669d2e6c528e8268f4d0d1e6421,black-box HTTP,fixture,Run the original independent Stage 1 probe on the named Stage 2 service; no earlier pass substitutes for current evidence.,UNVERIFIED,unverified,stage-1.md,yes
TK1-fixture-restaurant-name,4. Fixture format,109,1,"2,3,4",systems-engineer,systems-engineer,independent-verifier,,Reset preserves and uses fixture fixture-restaurant field name.,4b92041057beb669d2e6c528e8268f4d0d1e6421,black-box HTTP,fixture,Run the original independent Stage 1 probe on the named Stage 2 service; no earlier pass substitutes for current evidence.,UNVERIFIED,unverified,stage-1.md,yes
TK1-fixture-restaurant-timezone,4. Fixture format,109,1,"2,3,4",systems-engineer,systems-engineer,independent-verifier,,Reset preserves and uses fixture fixture-restaurant field timezone.,4b92041057beb669d2e6c528e8268f4d0d1e6421,black-box HTTP,fixture,Run the original independent Stage 1 probe on the named Stage 2 service; no earlier pass substitutes for current evidence.,UNVERIFIED,unverified,stage-1.md,yes
TK1-fixture-restaurant-slot_minutes,4. Fixture format,109,1,"2,3,4",systems-engineer,systems-engineer,independent-verifier,,Reset preserves and uses fixture fixture-restaurant field slot_minutes.,4b92041057beb669d2e6c528e8268f4d0d1e6421,black-box HTTP,fixture,Run the original independent Stage 1 probe on the named Stage 2 service; no earlier pass substitutes for current evidence.,UNVERIFIED,unverified,stage-1.md,yes
TK1-fixture-restaurant-reservation_duration_minutes,4. Fixture format,109,1,"2,3,4",systems-engineer,systems-engineer,independent-verifier,,Reset preserves and uses fixture fixture-restaurant field reservation_duration_minutes.,4b92041057beb669d2e6c528e8268f4d0d1e6421,black-box HTTP,fixture,Run the original independent Stage 1 probe on the named Stage 2 service; no earlier pass substitutes for current evidence.,UNVERIFIED,unverified,stage-1.md,yes
TK1-fixture-restaurant-cancellation_cutoff_minutes,4. Fixture format,109,1,"2,3,4",systems-engineer,systems-engineer,independent-verifier,,Reset preserves and uses fixture fixture-restaurant field cancellation_cutoff_minutes.,4b92041057beb669d2e6c528e8268f4d0d1e6421,black-box HTTP,fixture,Run the original independent Stage 1 probe on the named Stage 2 service; no earlier pass substitutes for current evidence.,UNVERIFIED,unverified,stage-1.md,yes
TK1-fixture-restaurant-opening_hours,4. Fixture format,109,1,"2,3,4",systems-engineer,systems-engineer,independent-verifier,,Reset preserves and uses fixture fixture-restaurant field opening_hours.,4b92041057beb669d2e6c528e8268f4d0d1e6421,black-box HTTP,fixture,Run the original independent Stage 1 probe on the named Stage 2 service; no earlier pass substitutes for current evidence.,UNVERIFIED,unverified,stage-1.md,yes
TK1-fixture-restaurant-tables,4. Fixture format,109,1,"2,3,4",systems-engineer,systems-engineer,independent-verifier,,Reset preserves and uses fixture fixture-restaurant field tables.,4b92041057beb669d2e6c528e8268f4d0d1e6421,black-box HTTP,fixture,Run the original independent Stage 1 probe on the named Stage 2 service; no earlier pass substitutes for current evidence.,UNVERIFIED,unverified,stage-1.md,yes
TK1-fixture-hours-weekday,4. Fixture format,109,1,"2,3,4",systems-engineer,systems-engineer,independent-verifier,,Reset preserves and uses fixture fixture-hours field weekday.,4b92041057beb669d2e6c528e8268f4d0d1e6421,black-box HTTP,fixture,Run the original independent Stage 1 probe on the named Stage 2 service; no earlier pass substitutes for current evidence.,UNVERIFIED,unverified,stage-1.md,yes
TK1-fixture-hours-opens,4. Fixture format,109,1,"2,3,4",systems-engineer,systems-engineer,independent-verifier,,Reset preserves and uses fixture fixture-hours field opens.,4b92041057beb669d2e6c528e8268f4d0d1e6421,black-box HTTP,fixture,Run the original independent Stage 1 probe on the named Stage 2 service; no earlier pass substitutes for current evidence.,UNVERIFIED,unverified,stage-1.md,yes
TK1-fixture-hours-closes,4. Fixture format,109,1,"2,3,4",systems-engineer,systems-engineer,independent-verifier,,Reset preserves and uses fixture fixture-hours field closes.,4b92041057beb669d2e6c528e8268f4d0d1e6421,black-box HTTP,fixture,Run the original independent Stage 1 probe on the named Stage 2 service; no earlier pass substitutes for current evidence.,UNVERIFIED,unverified,stage-1.md,yes
TK1-fixture-table-id,4. Fixture format,109,1,"2,3,4",systems-engineer,systems-engineer,independent-verifier,,Reset preserves and uses fixture fixture-table field id.,4b92041057beb669d2e6c528e8268f4d0d1e6421,black-box HTTP,fixture,Run the original independent Stage 1 probe on the named Stage 2 service; no earlier pass substitutes for current evidence.,UNVERIFIED,unverified,stage-1.md,yes
TK1-fixture-table-label,4. Fixture format,109,1,"2,3,4",systems-engineer,systems-engineer,independent-verifier,,Reset preserves and uses fixture fixture-table field label.,4b92041057beb669d2e6c528e8268f4d0d1e6421,black-box HTTP,fixture,Run the original independent Stage 1 probe on the named Stage 2 service; no earlier pass substitutes for current evidence.,UNVERIFIED,unverified,stage-1.md,yes
TK1-fixture-table-capacity,4. Fixture format,109,1,"2,3,4",systems-engineer,systems-engineer,independent-verifier,,Reset preserves and uses fixture fixture-table field capacity.,4b92041057beb669d2e6c528e8268f4d0d1e6421,black-box HTTP,fixture,Run the original independent Stage 1 probe on the named Stage 2 service; no earlier pass substitutes for current evidence.,UNVERIFIED,unverified,stage-1.md,yes
TK1-fixture-reservation-restaurant_id,4. Fixture format,109,1,"2,3,4",systems-engineer,systems-engineer,independent-verifier,,Reset preserves and uses fixture fixture-reservation field restaurant_id.,4b92041057beb669d2e6c528e8268f4d0d1e6421,black-box HTTP,fixture,Run the original independent Stage 1 probe on the named Stage 2 service; no earlier pass substitutes for current evidence.,UNVERIFIED,unverified,stage-1.md,yes
TK1-fixture-reservation-table_id,4. Fixture format,109,1,"2,3,4",systems-engineer,systems-engineer,independent-verifier,,Reset preserves and uses fixture fixture-reservation field table_id.,4b92041057beb669d2e6c528e8268f4d0d1e6421,black-box HTTP,fixture,Run the original independent Stage 1 probe on the named Stage 2 service; no earlier pass substitutes for current evidence.,UNVERIFIED,unverified,stage-1.md,yes
TK1-fixture-reservation-starts_at_local,4. Fixture format,109,1,"2,3,4",systems-engineer,systems-engineer,independent-verifier,,Reset preserves and uses fixture fixture-reservation field starts_at_local.,4b92041057beb669d2e6c528e8268f4d0d1e6421,black-box HTTP,fixture,Run the original independent Stage 1 probe on the named Stage 2 service; no earlier pass substitutes for current evidence.,UNVERIFIED,unverified,stage-1.md,yes
TK1-fixture-reservation-party_size,4. Fixture format,109,1,"2,3,4",systems-engineer,systems-engineer,independent-verifier,,Reset preserves and uses fixture fixture-reservation field party_size.,4b92041057beb669d2e6c528e8268f4d0d1e6421,black-box HTTP,fixture,Run the original independent Stage 1 probe on the named Stage 2 service; no earlier pass substitutes for current evidence.,UNVERIFIED,unverified,stage-1.md,yes
TK1-fixture-reservation-id,4. Fixture format,109,1,"2,3,4",systems-engineer,systems-engineer,independent-verifier,,Reset preserves and uses fixture fixture-reservation field id.,4b92041057beb669d2e6c528e8268f4d0d1e6421,black-box HTTP,fixture,Run the original independent Stage 1 probe on the named Stage 2 service; no earlier pass substitutes for current evidence.,UNVERIFIED,unverified,stage-1.md,yes
TK1-fixture-reservation-reference,4. Fixture format,109,1,"2,3,4",systems-engineer,systems-engineer,independent-verifier,,Reset preserves and uses fixture fixture-reservation field reference.,4b92041057beb669d2e6c528e8268f4d0d1e6421,black-box HTTP,fixture,Run the original independent Stage 1 probe on the named Stage 2 service; no earlier pass substitutes for current evidence.,UNVERIFIED,unverified,stage-1.md,yes
TK1-fixture-reservation-user_id,4. Fixture format,109,1,"2,3,4",systems-engineer,systems-engineer,independent-verifier,,Reset preserves and uses fixture fixture-reservation field user_id.,4b92041057beb669d2e6c528e8268f4d0d1e6421,black-box HTTP,fixture,Run the original independent Stage 1 probe on the named Stage 2 service; no earlier pass substitutes for current evidence.,UNVERIFIED,unverified,stage-1.md,yes
TK1-invalid-json,5. Errors,160,1,"2,3,4",interface-engineer,interface-engineer,independent-verifier,,Unparseable JSON body returns 400 malformed_request.,4b92041057beb669d2e6c528e8268f4d0d1e6421,black-box HTTP,validation,Run the original independent Stage 1 probe on the named Stage 2 service; no earlier pass substitutes for current evidence.,UNVERIFIED,unverified,stage-1.md,yes
TK1-nonobject-json,5. Errors,160,1,"2,3,4",interface-engineer,interface-engineer,independent-verifier,,Wrong JSON body shape returns 400 malformed_request.,4b92041057beb669d2e6c528e8268f4d0d1e6421,black-box HTTP,validation,Run the original independent Stage 1 probe on the named Stage 2 service; no earlier pass substitutes for current evidence.,UNVERIFIED,unverified,stage-1.md,yes
TK1-wrong-field-type,5. Errors,160,1,"2,3,4",systems-engineer,systems-engineer,independent-verifier,,Wrong field types return 400 malformed_request except documented endpoint precedence.,4b92041057beb669d2e6c528e8268f4d0d1e6421,black-box HTTP,validation,Run the original independent Stage 1 probe on the named Stage 2 service; no earlier pass substitutes for current evidence.,UNVERIFIED,unverified,stage-1.md,yes
TK1-invalid-format,5. Errors,160,1,"2,3,4",systems-engineer,systems-engineer,independent-verifier,,Correct-type fields with invalid formats return 422 validation_failed.,4b92041057beb669d2e6c528e8268f4d0d1e6421,black-box HTTP,validation,Run the original independent Stage 1 probe on the named Stage 2 service; no earlier pass substitutes for current evidence.,UNVERIFIED,unverified,stage-1.md,yes
TK1-missing-required,5. Errors,160,1,"2,3,4",systems-engineer,systems-engineer,independent-verifier,,Missing required fields return 422 validation_failed.,4b92041057beb669d2e6c528e8268f4d0d1e6421,black-box HTTP,validation,Run the original independent Stage 1 probe on the named Stage 2 service; no earlier pass substitutes for current evidence.,UNVERIFIED,unverified,stage-1.md,yes
TK1-invalid-date,5. Errors,160,1,"2,3,4",systems-engineer,systems-engineer,independent-verifier,,Invalid calendar dates return 422 validation_failed.,4b92041057beb669d2e6c528e8268f4d0d1e6421,black-box HTTP,validation,Run the original independent Stage 1 probe on the named Stage 2 service; no earlier pass substitutes for current evidence.,UNVERIFIED,unverified,stage-1.md,yes
TK1-party-string,5. Errors,160,1,"2,3,4",systems-engineer,systems-engineer,independent-verifier,,String party_size is 422 validation_failed.,4b92041057beb669d2e6c528e8268f4d0d1e6421,black-box HTTP,validation,Run the original independent Stage 1 probe on the named Stage 2 service; no earlier pass substitutes for current evidence.,UNVERIFIED,unverified,stage-1.md,yes
TK1-party-bool,5. Errors,160,1,"2,3,4",systems-engineer,systems-engineer,independent-verifier,,Boolean party_size is 422 validation_failed.,4b92041057beb669d2e6c528e8268f4d0d1e6421,black-box HTTP,validation,Run the original independent Stage 1 probe on the named Stage 2 service; no earlier pass substitutes for current evidence.,UNVERIFIED,unverified,stage-1.md,yes
TK1-party-fraction,5. Errors,160,1,"2,3,4",systems-engineer,systems-engineer,independent-verifier,,Fractional party_size is 422 validation_failed.,4b92041057beb669d2e6c528e8268f4d0d1e6421,black-box HTTP,validation,Run the original independent Stage 1 probe on the named Stage 2 service; no earlier pass substitutes for current evidence.,UNVERIFIED,unverified,stage-1.md,yes
TK1-party-zero,5. Errors,160,1,"2,3,4",systems-engineer,systems-engineer,independent-verifier,,party_size below 1 is 422 validation_failed.,4b92041057beb669d2e6c528e8268f4d0d1e6421,black-box HTTP,validation,Run the original independent Stage 1 probe on the named Stage 2 service; no earlier pass substitutes for current evidence.,UNVERIFIED,unverified,stage-1.md,yes
TK1-bare-time,5. Errors,160,1,"2,3,4",systems-engineer,systems-engineer,independent-verifier,,Non-bare starts_at_local strings return 422 validation_failed.,4b92041057beb669d2e6c528e8268f4d0d1e6421,black-box HTTP,validation,Run the original independent Stage 1 probe on the named Stage 2 service; no earlier pass substitutes for current evidence.,UNVERIFIED,unverified,stage-1.md,yes
TK1-time-wrong-type,5. Errors,160,1,"2,3,4",systems-engineer,systems-engineer,independent-verifier,,Nonstring starts_at_local returns 400 malformed_request.,4b92041057beb669d2e6c528e8268f4d0d1e6421,black-box HTTP,validation,Run the original independent Stage 1 probe on the named Stage 2 service; no earlier pass substitutes for current evidence.,UNVERIFIED,unverified,stage-1.md,yes
TK1-decimal-query,5. Errors,160,1,"2,3,4",systems-engineer,systems-engineer,independent-verifier,,Integer query values must use plain decimal digits.,4b92041057beb669d2e6c528e8268f4d0d1e6421,black-box HTTP,validation,Run the original independent Stage 1 probe on the named Stage 2 service; no earlier pass substitutes for current evidence.,UNVERIFIED,unverified,stage-1.md,yes
TK1-query-positive,5. Errors,160,1,"2,3,4",systems-engineer,systems-engineer,independent-verifier,,Availability party_size must be at least 1.,4b92041057beb669d2e6c528e8268f4d0d1e6421,black-box HTTP,validation,Run the original independent Stage 1 probe on the named Stage 2 service; no earlier pass substitutes for current evidence.,UNVERIFIED,unverified,stage-1.md,yes
TK1-query-date,5. Errors,160,1,"2,3,4",systems-engineer,systems-engineer,independent-verifier,,Availability date must be a valid local calendar date.,4b92041057beb669d2e6c528e8268f4d0d1e6421,black-box HTTP,validation,Run the original independent Stage 1 probe on the named Stage 2 service; no earlier pass substitutes for current evidence.,UNVERIFIED,unverified,stage-1.md,yes
TK1-signup-status,6. Authentication,193,1,"2,3,4",systems-engineer,systems-engineer,independent-verifier,,Successful signup returns 201.,4b92041057beb669d2e6c528e8268f4d0d1e6421,HTTP; hash evidence additionally requires committed storage review and export inspection,auth,Run the original independent Stage 1 probe on the named Stage 2 service; no earlier pass substitutes for current evidence.,UNVERIFIED,unverified,stage-1.md,yes
TK1-login-status,6. Authentication,193,1,"2,3,4",systems-engineer,systems-engineer,independent-verifier,,Successful login returns 200.,4b92041057beb669d2e6c528e8268f4d0d1e6421,HTTP; hash evidence additionally requires committed storage review and export inspection,auth,Run the original independent Stage 1 probe on the named Stage 2 service; no earlier pass substitutes for current evidence.,UNVERIFIED,unverified,stage-1.md,yes
TK1-email-duplicate,6. Authentication,193,1,"2,3,4",systems-engineer,systems-engineer,independent-verifier,,Duplicate signup email returns 409 email_taken.,4b92041057beb669d2e6c528e8268f4d0d1e6421,HTTP; hash evidence additionally requires committed storage review and export inspection,auth,Run the original independent Stage 1 probe on the named Stage 2 service; no earlier pass substitutes for current evidence.,UNVERIFIED,unverified,stage-1.md,yes
TK1-password-minimum,6. Authentication,193,1,"2,3,4",systems-engineer,systems-engineer,independent-verifier,,Signup passwords below 8 characters return 422 validation_failed.,4b92041057beb669d2e6c528e8268f4d0d1e6421,HTTP; hash evidence additionally requires committed storage review and export inspection,auth,Run the original independent Stage 1 probe on the named Stage 2 service; no earlier pass substitutes for current evidence.,UNVERIFIED,unverified,stage-1.md,yes
TK1-email-format,6. Authentication,193,1,"2,3,4",systems-engineer,systems-engineer,independent-verifier,,Signup email outside local@domain returns 422 validation_failed.,4b92041057beb669d2e6c528e8268f4d0d1e6421,HTTP; hash evidence additionally requires committed storage review and export inspection,auth,Run the original independent Stage 1 probe on the named Stage 2 service; no earlier pass substitutes for current evidence.,UNVERIFIED,unverified,stage-1.md,yes
TK1-login-wrong-password,6. Authentication,193,1,"2,3,4",systems-engineer,systems-engineer,independent-verifier,,Wrong password returns 401 unauthenticated.,4b92041057beb669d2e6c528e8268f4d0d1e6421,HTTP; hash evidence additionally requires committed storage review and export inspection,auth,Run the original independent Stage 1 probe on the named Stage 2 service; no earlier pass substitutes for current evidence.,UNVERIFIED,unverified,stage-1.md,yes
TK1-login-unknown-email,6. Authentication,193,1,"2,3,4",systems-engineer,systems-engineer,independent-verifier,,Unknown login email returns 401 unauthenticated.,4b92041057beb669d2e6c528e8268f4d0d1e6421,HTTP; hash evidence additionally requires committed storage review and export inspection,auth,Run the original independent Stage 1 probe on the named Stage 2 service; no earlier pass substitutes for current evidence.,UNVERIFIED,unverified,stage-1.md,yes
TK1-tokens-multiple,6. Authentication,193,1,"2,3,4",systems-engineer,systems-engineer,independent-verifier,,Multiple login/signup tokens remain concurrently valid.,4b92041057beb669d2e6c528e8268f4d0d1e6421,HTTP; hash evidence additionally requires committed storage review and export inspection,auth,Run the original independent Stage 1 probe on the named Stage 2 service; no earlier pass substitutes for current evidence.,UNVERIFIED,unverified,stage-1.md,yes
TK1-tokens-persistent,6. Authentication,193,1,"2,3,4",systems-engineer,systems-engineer,independent-verifier,,Bearer tokens do not expire.,4b92041057beb669d2e6c528e8268f4d0d1e6421,HTTP; hash evidence additionally requires committed storage review and export inspection,auth,Run the original independent Stage 1 probe on the named Stage 2 service; no earlier pass substitutes for current evidence.,UNVERIFIED,unverified,stage-1.md,yes
TK1-password-hashed,6. Authentication,193,1,"2,3,4",systems-engineer,systems-engineer,independent-verifier,,"Stored passwords use a password hash, never plaintext.",4b92041057beb669d2e6c528e8268f4d0d1e6421,HTTP; hash evidence additionally requires committed storage review and export inspection,auth,Run the original independent Stage 1 probe on the named Stage 2 service; no earlier pass substitutes for current evidence.,UNVERIFIED,unverified,stage-1.md,yes
TK1-signup-email-required,6. Authentication,193,1,"2,3,4",systems-engineer,systems-engineer,independent-verifier,,signup requires email; missing returns 422 validation_failed.,4b92041057beb669d2e6c528e8268f4d0d1e6421,black-box HTTP,auth,Run the original independent Stage 1 probe on the named Stage 2 service; no earlier pass substitutes for current evidence.,UNVERIFIED,unverified,stage-1.md,yes
TK1-signup-password-required,6. Authentication,193,1,"2,3,4",systems-engineer,systems-engineer,independent-verifier,,signup requires password; missing returns 422 validation_failed.,4b92041057beb669d2e6c528e8268f4d0d1e6421,black-box HTTP,auth,Run the original independent Stage 1 probe on the named Stage 2 service; no earlier pass substitutes for current evidence.,UNVERIFIED,unverified,stage-1.md,yes
TK1-signup-display_name-required,6. Authentication,193,1,"2,3,4",systems-engineer,systems-engineer,independent-verifier,,signup requires display_name; missing returns 422 validation_failed.,4b92041057beb669d2e6c528e8268f4d0d1e6421,black-box HTTP,auth,Run the original independent Stage 1 probe on the named Stage 2 service; no earlier pass substitutes for current evidence.,UNVERIFIED,unverified,stage-1.md,yes
TK1-signup-email-type,6. Authentication,193,1,"2,3,4",systems-engineer,systems-engineer,independent-verifier,,signup email must be a string; wrong type returns 400 malformed_request.,4b92041057beb669d2e6c528e8268f4d0d1e6421,black-box HTTP,auth,Run the original independent Stage 1 probe on the named Stage 2 service; no earlier pass substitutes for current evidence.,UNVERIFIED,unverified,stage-1.md,yes
TK1-signup-password-type,6. Authentication,193,1,"2,3,4",systems-engineer,systems-engineer,independent-verifier,,signup password must be a string; wrong type returns 400 malformed_request.,4b92041057beb669d2e6c528e8268f4d0d1e6421,black-box HTTP,auth,Run the original independent Stage 1 probe on the named Stage 2 service; no earlier pass substitutes for current evidence.,UNVERIFIED,unverified,stage-1.md,yes
TK1-signup-display_name-type,6. Authentication,193,1,"2,3,4",systems-engineer,systems-engineer,independent-verifier,,signup display_name must be a string; wrong type returns 400 malformed_request.,4b92041057beb669d2e6c528e8268f4d0d1e6421,black-box HTTP,auth,Run the original independent Stage 1 probe on the named Stage 2 service; no earlier pass substitutes for current evidence.,UNVERIFIED,unverified,stage-1.md,yes
TK1-signup-response-user_id,6. Authentication,193,1,"2,3,4",systems-engineer,systems-engineer,independent-verifier,,signup response includes correct user_id.,4b92041057beb669d2e6c528e8268f4d0d1e6421,black-box HTTP,auth,Run the original independent Stage 1 probe on the named Stage 2 service; no earlier pass substitutes for current evidence.,UNVERIFIED,unverified,stage-1.md,yes
TK1-signup-response-display_name,6. Authentication,193,1,"2,3,4",systems-engineer,systems-engineer,independent-verifier,,signup response includes correct display_name.,4b92041057beb669d2e6c528e8268f4d0d1e6421,black-box HTTP,auth,Run the original independent Stage 1 probe on the named Stage 2 service; no earlier pass substitutes for current evidence.,UNVERIFIED,unverified,stage-1.md,yes
TK1-signup-response-token,6. Authentication,193,1,"2,3,4",systems-engineer,systems-engineer,independent-verifier,,signup response includes correct token.,4b92041057beb669d2e6c528e8268f4d0d1e6421,black-box HTTP,auth,Run the original independent Stage 1 probe on the named Stage 2 service; no earlier pass substitutes for current evidence.,UNVERIFIED,unverified,stage-1.md,yes
TK1-login-email-required,6. Authentication,200,1,"2,3,4",systems-engineer,systems-engineer,independent-verifier,,login requires email; missing returns 422 validation_failed.,4b92041057beb669d2e6c528e8268f4d0d1e6421,black-box HTTP,auth,Run the original independent Stage 1 probe on the named Stage 2 service; no earlier pass substitutes for current evidence.,UNVERIFIED,unverified,stage-1.md,yes
TK1-login-password-required,6. Authentication,200,1,"2,3,4",systems-engineer,systems-engineer,independent-verifier,,login requires password; missing returns 422 validation_failed.,4b92041057beb669d2e6c528e8268f4d0d1e6421,black-box HTTP,auth,Run the original independent Stage 1 probe on the named Stage 2 service; no earlier pass substitutes for current evidence.,UNVERIFIED,unverified,stage-1.md,yes
TK1-login-email-type,6. Authentication,200,1,"2,3,4",systems-engineer,systems-engineer,independent-verifier,,login email must be a string; wrong type returns 400 malformed_request.,4b92041057beb669d2e6c528e8268f4d0d1e6421,black-box HTTP,auth,Run the original independent Stage 1 probe on the named Stage 2 service; no earlier pass substitutes for current evidence.,UNVERIFIED,unverified,stage-1.md,yes
TK1-login-password-type,6. Authentication,200,1,"2,3,4",systems-engineer,systems-engineer,independent-verifier,,login password must be a string; wrong type returns 400 malformed_request.,4b92041057beb669d2e6c528e8268f4d0d1e6421,black-box HTTP,auth,Run the original independent Stage 1 probe on the named Stage 2 service; no earlier pass substitutes for current evidence.,UNVERIFIED,unverified,stage-1.md,yes
TK1-login-response-user_id,6. Authentication,200,1,"2,3,4",systems-engineer,systems-engineer,independent-verifier,,login response includes correct user_id.,4b92041057beb669d2e6c528e8268f4d0d1e6421,black-box HTTP,auth,Run the original independent Stage 1 probe on the named Stage 2 service; no earlier pass substitutes for current evidence.,UNVERIFIED,unverified,stage-1.md,yes
TK1-login-response-display_name,6. Authentication,200,1,"2,3,4",systems-engineer,systems-engineer,independent-verifier,,login response includes correct display_name.,4b92041057beb669d2e6c528e8268f4d0d1e6421,black-box HTTP,auth,Run the original independent Stage 1 probe on the named Stage 2 service; no earlier pass substitutes for current evidence.,UNVERIFIED,unverified,stage-1.md,yes
TK1-login-response-token,6. Authentication,200,1,"2,3,4",systems-engineer,systems-engineer,independent-verifier,,login response includes correct token.,4b92041057beb669d2e6c528e8268f4d0d1e6421,black-box HTTP,auth,Run the original independent Stage 1 probe on the named Stage 2 service; no earlier pass substitutes for current evidence.,UNVERIFIED,unverified,stage-1.md,yes
TK1-auth-restaurants,6. Authentication / 8. API,214,1,"2,3,4",systems-engineer,systems-engineer,independent-verifier,,restaurants is public without token.,4b92041057beb669d2e6c528e8268f4d0d1e6421,black-box HTTP,auth,Run the original independent Stage 1 probe on the named Stage 2 service; no earlier pass substitutes for current evidence.,UNVERIFIED,unverified,stage-1.md,yes
TK1-auth-restaurant-detail,6. Authentication / 8. API,214,1,"2,3,4",systems-engineer,systems-engineer,independent-verifier,,restaurant-detail is public without token.,4b92041057beb669d2e6c528e8268f4d0d1e6421,black-box HTTP,auth,Run the original independent Stage 1 probe on the named Stage 2 service; no earlier pass substitutes for current evidence.,UNVERIFIED,unverified,stage-1.md,yes
TK1-auth-availability,6. Authentication / 8. API,214,1,"2,3,4",systems-engineer,systems-engineer,independent-verifier,,availability is public without token.,4b92041057beb669d2e6c528e8268f4d0d1e6421,black-box HTTP,auth,Run the original independent Stage 1 probe on the named Stage 2 service; no earlier pass substitutes for current evidence.,UNVERIFIED,unverified,stage-1.md,yes
TK1-auth-reservation-list-absent,6. Authentication / 8. API,214,1,"2,3,4",systems-engineer,systems-engineer,independent-verifier,,reservation-list: absent Authorization header gives 401 unauthenticated.,4b92041057beb669d2e6c528e8268f4d0d1e6421,black-box HTTP,auth,Run the original independent Stage 1 probe on the named Stage 2 service; no earlier pass substitutes for current evidence.,UNVERIFIED,unverified,stage-1.md,yes
TK1-auth-reservation-list-unknown,6. Authentication / 8. API,214,1,"2,3,4",systems-engineer,systems-engineer,independent-verifier,,reservation-list: unknown Bearer token gives 401 unauthenticated.,4b92041057beb669d2e6c528e8268f4d0d1e6421,black-box HTTP,auth,Run the original independent Stage 1 probe on the named Stage 2 service; no earlier pass substitutes for current evidence.,UNVERIFIED,unverified,stage-1.md,yes
TK1-auth-reservation-list-basic,6. Authentication / 8. API,214,1,"2,3,4",systems-engineer,systems-engineer,independent-verifier,,reservation-list: malformed Basic authorization gives 401 unauthenticated.,4b92041057beb669d2e6c528e8268f4d0d1e6421,black-box HTTP,auth,Run the original independent Stage 1 probe on the named Stage 2 service; no earlier pass substitutes for current evidence.,UNVERIFIED,unverified,stage-1.md,yes
TK1-auth-reservation-list-bearer-no-value,6. Authentication / 8. API,214,1,"2,3,4",systems-engineer,systems-engineer,independent-verifier,,reservation-list: malformed Bearer header without a token gives 401 unauthenticated.,4b92041057beb669d2e6c528e8268f4d0d1e6421,black-box HTTP,auth,Run the original independent Stage 1 probe on the named Stage 2 service; no earlier pass substitutes for current evidence.,UNVERIFIED,unverified,stage-1.md,yes
TK1-auth-reservation-list-bearer-empty,6. Authentication / 8. API,214,1,"2,3,4",systems-engineer,systems-engineer,independent-verifier,,reservation-list: malformed Bearer header with empty value gives 401 unauthenticated.,4b92041057beb669d2e6c528e8268f4d0d1e6421,black-box HTTP,auth,Run the original independent Stage 1 probe on the named Stage 2 service; no earlier pass substitutes for current evidence.,UNVERIFIED,unverified,stage-1.md,yes
TK1-auth-reservation-lookup-absent,6. Authentication / 8. API,214,1,"2,3,4",systems-engineer,systems-engineer,independent-verifier,,reservation-lookup: absent Authorization header gives 401 unauthenticated.,4b92041057beb669d2e6c528e8268f4d0d1e6421,black-box HTTP,auth,Run the original independent Stage 1 probe on the named Stage 2 service; no earlier pass substitutes for current evidence.,UNVERIFIED,unverified,stage-1.md,yes
TK1-auth-reservation-lookup-unknown,6. Authentication / 8. API,214,1,"2,3,4",systems-engineer,systems-engineer,independent-verifier,,reservation-lookup: unknown Bearer token gives 401 unauthenticated.,4b92041057beb669d2e6c528e8268f4d0d1e6421,black-box HTTP,auth,Run the original independent Stage 1 probe on the named Stage 2 service; no earlier pass substitutes for current evidence.,UNVERIFIED,unverified,stage-1.md,yes
TK1-auth-reservation-lookup-basic,6. Authentication / 8. API,214,1,"2,3,4",systems-engineer,systems-engineer,independent-verifier,,reservation-lookup: malformed Basic authorization gives 401 unauthenticated.,4b92041057beb669d2e6c528e8268f4d0d1e6421,black-box HTTP,auth,Run the original independent Stage 1 probe on the named Stage 2 service; no earlier pass substitutes for current evidence.,UNVERIFIED,unverified,stage-1.md,yes
TK1-auth-reservation-lookup-bearer-no-value,6. Authentication / 8. API,214,1,"2,3,4",systems-engineer,systems-engineer,independent-verifier,,reservation-lookup: malformed Bearer header without a token gives 401 unauthenticated.,4b92041057beb669d2e6c528e8268f4d0d1e6421,black-box HTTP,auth,Run the original independent Stage 1 probe on the named Stage 2 service; no earlier pass substitutes for current evidence.,UNVERIFIED,unverified,stage-1.md,yes
TK1-auth-reservation-lookup-bearer-empty,6. Authentication / 8. API,214,1,"2,3,4",systems-engineer,systems-engineer,independent-verifier,,reservation-lookup: malformed Bearer header with empty value gives 401 unauthenticated.,4b92041057beb669d2e6c528e8268f4d0d1e6421,black-box HTTP,auth,Run the original independent Stage 1 probe on the named Stage 2 service; no earlier pass substitutes for current evidence.,UNVERIFIED,unverified,stage-1.md,yes
TK1-auth-reservation-create-absent,6. Authentication / 8. API,214,1,"2,3,4",systems-engineer,systems-engineer,independent-verifier,,reservation-create: absent Authorization header gives 401 unauthenticated.,4b92041057beb669d2e6c528e8268f4d0d1e6421,black-box HTTP,auth,Run the original independent Stage 1 probe on the named Stage 2 service; no earlier pass substitutes for current evidence.,UNVERIFIED,unverified,stage-1.md,yes
TK1-auth-reservation-create-unknown,6. Authentication / 8. API,214,1,"2,3,4",systems-engineer,systems-engineer,independent-verifier,,reservation-create: unknown Bearer token gives 401 unauthenticated.,4b92041057beb669d2e6c528e8268f4d0d1e6421,black-box HTTP,auth,Run the original independent Stage 1 probe on the named Stage 2 service; no earlier pass substitutes for current evidence.,UNVERIFIED,unverified,stage-1.md,yes
TK1-auth-reservation-create-basic,6. Authentication / 8. API,214,1,"2,3,4",systems-engineer,systems-engineer,independent-verifier,,reservation-create: malformed Basic authorization gives 401 unauthenticated.,4b92041057beb669d2e6c528e8268f4d0d1e6421,black-box HTTP,auth,Run the original independent Stage 1 probe on the named Stage 2 service; no earlier pass substitutes for current evidence.,UNVERIFIED,unverified,stage-1.md,yes
TK1-auth-reservation-create-bearer-no-value,6. Authentication / 8. API,214,1,"2,3,4",systems-engineer,systems-engineer,independent-verifier,,reservation-create: malformed Bearer header without a token gives 401 unauthenticated.,4b92041057beb669d2e6c528e8268f4d0d1e6421,black-box HTTP,auth,Run the original independent Stage 1 probe on the named Stage 2 service; no earlier pass substitutes for current evidence.,UNVERIFIED,unverified,stage-1.md,yes
TK1-auth-reservation-create-bearer-empty,6. Authentication / 8. API,214,1,"2,3,4",systems-engineer,systems-engineer,independent-verifier,,reservation-create: malformed Bearer header with empty value gives 401 unauthenticated.,4b92041057beb669d2e6c528e8268f4d0d1e6421,black-box HTTP,auth,Run the original independent Stage 1 probe on the named Stage 2 service; no earlier pass substitutes for current evidence.,UNVERIFIED,unverified,stage-1.md,yes
TK1-auth-reservation-cancel-absent,6. Authentication / 8. API,214,1,"2,3,4",systems-engineer,systems-engineer,independent-verifier,,reservation-cancel: absent Authorization header gives 401 unauthenticated.,4b92041057beb669d2e6c528e8268f4d0d1e6421,black-box HTTP,auth,Run the original independent Stage 1 probe on the named Stage 2 service; no earlier pass substitutes for current evidence.,UNVERIFIED,unverified,stage-1.md,yes
TK1-auth-reservation-cancel-unknown,6. Authentication / 8. API,214,1,"2,3,4",systems-engineer,systems-engineer,independent-verifier,,reservation-cancel: unknown Bearer token gives 401 unauthenticated.,4b92041057beb669d2e6c528e8268f4d0d1e6421,black-box HTTP,auth,Run the original independent Stage 1 probe on the named Stage 2 service; no earlier pass substitutes for current evidence.,UNVERIFIED,unverified,stage-1.md,yes
TK1-auth-reservation-cancel-basic,6. Authentication / 8. API,214,1,"2,3,4",systems-engineer,systems-engineer,independent-verifier,,reservation-cancel: malformed Basic authorization gives 401 unauthenticated.,4b92041057beb669d2e6c528e8268f4d0d1e6421,black-box HTTP,auth,Run the original independent Stage 1 probe on the named Stage 2 service; no earlier pass substitutes for current evidence.,UNVERIFIED,unverified,stage-1.md,yes
TK1-auth-reservation-cancel-bearer-no-value,6. Authentication / 8. API,214,1,"2,3,4",systems-engineer,systems-engineer,independent-verifier,,reservation-cancel: malformed Bearer header without a token gives 401 unauthenticated.,4b92041057beb669d2e6c528e8268f4d0d1e6421,black-box HTTP,auth,Run the original independent Stage 1 probe on the named Stage 2 service; no earlier pass substitutes for current evidence.,UNVERIFIED,unverified,stage-1.md,yes
TK1-auth-reservation-cancel-bearer-empty,6. Authentication / 8. API,214,1,"2,3,4",systems-engineer,systems-engineer,independent-verifier,,reservation-cancel: malformed Bearer header with empty value gives 401 unauthenticated.,4b92041057beb669d2e6c528e8268f4d0d1e6421,black-box HTTP,auth,Run the original independent Stage 1 probe on the named Stage 2 service; no earlier pass substitutes for current evidence.,UNVERIFIED,unverified,stage-1.md,yes
TK1-auth-reservation-patch-absent,6. Authentication / 8. API,214,1,"2,3,4",systems-engineer,systems-engineer,independent-verifier,,reservation-patch: absent Authorization header gives 401 unauthenticated.,4b92041057beb669d2e6c528e8268f4d0d1e6421,black-box HTTP,auth,Run the original independent Stage 1 probe on the named Stage 2 service; no earlier pass substitutes for current evidence.,UNVERIFIED,unverified,stage-1.md,yes
TK1-auth-reservation-patch-unknown,6. Authentication / 8. API,214,1,"2,3,4",systems-engineer,systems-engineer,independent-verifier,,reservation-patch: unknown Bearer token gives 401 unauthenticated.,4b92041057beb669d2e6c528e8268f4d0d1e6421,black-box HTTP,auth,Run the original independent Stage 1 probe on the named Stage 2 service; no earlier pass substitutes for current evidence.,UNVERIFIED,unverified,stage-1.md,yes
TK1-auth-reservation-patch-basic,6. Authentication / 8. API,214,1,"2,3,4",systems-engineer,systems-engineer,independent-verifier,,reservation-patch: malformed Basic authorization gives 401 unauthenticated.,4b92041057beb669d2e6c528e8268f4d0d1e6421,black-box HTTP,auth,Run the original independent Stage 1 probe on the named Stage 2 service; no earlier pass substitutes for current evidence.,UNVERIFIED,unverified,stage-1.md,yes
TK1-auth-reservation-patch-bearer-no-value,6. Authentication / 8. API,214,1,"2,3,4",systems-engineer,systems-engineer,independent-verifier,,reservation-patch: malformed Bearer header without a token gives 401 unauthenticated.,4b92041057beb669d2e6c528e8268f4d0d1e6421,black-box HTTP,auth,Run the original independent Stage 1 probe on the named Stage 2 service; no earlier pass substitutes for current evidence.,UNVERIFIED,unverified,stage-1.md,yes
TK1-auth-reservation-patch-bearer-empty,6. Authentication / 8. API,214,1,"2,3,4",systems-engineer,systems-engineer,independent-verifier,,reservation-patch: malformed Bearer header with empty value gives 401 unauthenticated.,4b92041057beb669d2e6c528e8268f4d0d1e6421,black-box HTTP,auth,Run the original independent Stage 1 probe on the named Stage 2 service; no earlier pass substitutes for current evidence.,UNVERIFIED,unverified,stage-1.md,yes
TK1-auth-moves-absent,6. Authentication / 8. API,214,1,"2,3,4",systems-engineer,systems-engineer,independent-verifier,,moves: absent Authorization header gives 401 unauthenticated.,4b92041057beb669d2e6c528e8268f4d0d1e6421,black-box HTTP,auth,Run the original independent Stage 1 probe on the named Stage 2 service; no earlier pass substitutes for current evidence.,UNVERIFIED,unverified,stage-1.md,yes
TK1-auth-moves-unknown,6. Authentication / 8. API,214,1,"2,3,4",systems-engineer,systems-engineer,independent-verifier,,moves: unknown Bearer token gives 401 unauthenticated.,4b92041057beb669d2e6c528e8268f4d0d1e6421,black-box HTTP,auth,Run the original independent Stage 1 probe on the named Stage 2 service; no earlier pass substitutes for current evidence.,UNVERIFIED,unverified,stage-1.md,yes
TK1-auth-moves-basic,6. Authentication / 8. API,214,1,"2,3,4",systems-engineer,systems-engineer,independent-verifier,,moves: malformed Basic authorization gives 401 unauthenticated.,4b92041057beb669d2e6c528e8268f4d0d1e6421,black-box HTTP,auth,Run the original independent Stage 1 probe on the named Stage 2 service; no earlier pass substitutes for current evidence.,UNVERIFIED,unverified,stage-1.md,yes
TK1-auth-moves-bearer-no-value,6. Authentication / 8. API,214,1,"2,3,4",systems-engineer,systems-engineer,independent-verifier,,moves: malformed Bearer header without a token gives 401 unauthenticated.,4b92041057beb669d2e6c528e8268f4d0d1e6421,black-box HTTP,auth,Run the original independent Stage 1 probe on the named Stage 2 service; no earlier pass substitutes for current evidence.,UNVERIFIED,unverified,stage-1.md,yes
TK1-auth-moves-bearer-empty,6. Authentication / 8. API,214,1,"2,3,4",systems-engineer,systems-engineer,independent-verifier,,moves: malformed Bearer header with empty value gives 401 unauthenticated.,4b92041057beb669d2e6c528e8268f4d0d1e6421,black-box HTTP,auth,Run the original independent Stage 1 probe on the named Stage 2 service; no earlier pass substitutes for current evidence.,UNVERIFIED,unverified,stage-1.md,yes
TK1-validation-create-party-string,5. Errors / 8. POST/PATCH /reservations / 11. Atomic reservation moves,169,1,"2,3,4",systems-engineer,systems-engineer,independent-verifier,,create: string party size returns 422 validation_failed.,4b92041057beb669d2e6c528e8268f4d0d1e6421,black-box HTTP,validation,Run the original independent Stage 1 probe on the named Stage 2 service; no earlier pass substitutes for current evidence.,UNVERIFIED,unverified,stage-1.md,yes
TK1-validation-create-party-bool,5. Errors / 8. POST/PATCH /reservations / 11. Atomic reservation moves,169,1,"2,3,4",systems-engineer,systems-engineer,independent-verifier,,create: boolean party size returns 422 validation_failed.,4b92041057beb669d2e6c528e8268f4d0d1e6421,black-box HTTP,validation,Run the original independent Stage 1 probe on the named Stage 2 service; no earlier pass substitutes for current evidence.,UNVERIFIED,unverified,stage-1.md,yes
TK1-validation-create-party-fraction,5. Errors / 8. POST/PATCH /reservations / 11. Atomic reservation moves,169,1,"2,3,4",systems-engineer,systems-engineer,independent-verifier,,create: nonintegral party size returns 422 validation_failed.,4b92041057beb669d2e6c528e8268f4d0d1e6421,black-box HTTP,validation,Run the original independent Stage 1 probe on the named Stage 2 service; no earlier pass substitutes for current evidence.,UNVERIFIED,unverified,stage-1.md,yes
TK1-validation-create-party-zero,5. Errors / 8. POST/PATCH /reservations / 11. Atomic reservation moves,169,1,"2,3,4",systems-engineer,systems-engineer,independent-verifier,,create: zero party size returns 422 validation_failed.,4b92041057beb669d2e6c528e8268f4d0d1e6421,black-box HTTP,validation,Run the original independent Stage 1 probe on the named Stage 2 service; no earlier pass substitutes for current evidence.,UNVERIFIED,unverified,stage-1.md,yes
TK1-validation-create-party-negative,5. Errors / 8. POST/PATCH /reservations / 11. Atomic reservation moves,169,1,"2,3,4",systems-engineer,systems-engineer,independent-verifier,,create: negative party size returns 422 validation_failed.,4b92041057beb669d2e6c528e8268f4d0d1e6421,black-box HTTP,validation,Run the original independent Stage 1 probe on the named Stage 2 service; no earlier pass substitutes for current evidence.,UNVERIFIED,unverified,stage-1.md,yes
TK1-validation-create-time-wrong-type,5. Errors / 8. POST/PATCH /reservations / 11. Atomic reservation moves,169,1,"2,3,4",systems-engineer,systems-engineer,independent-verifier,,create: numeric local timestamp returns 400 malformed_request.,4b92041057beb669d2e6c528e8268f4d0d1e6421,black-box HTTP,validation,Run the original independent Stage 1 probe on the named Stage 2 service; no earlier pass substitutes for current evidence.,UNVERIFIED,unverified,stage-1.md,yes
TK1-validation-create-time-z,5. Errors / 8. POST/PATCH /reservations / 11. Atomic reservation moves,169,1,"2,3,4",systems-engineer,systems-engineer,independent-verifier,,create: local timestamp ending in Z returns 422 validation_failed.,4b92041057beb669d2e6c528e8268f4d0d1e6421,black-box HTTP,validation,Run the original independent Stage 1 probe on the named Stage 2 service; no earlier pass substitutes for current evidence.,UNVERIFIED,unverified,stage-1.md,yes
TK1-validation-create-time-offset,5. Errors / 8. POST/PATCH /reservations / 11. Atomic reservation moves,169,1,"2,3,4",systems-engineer,systems-engineer,independent-verifier,,create: local timestamp with explicit offset returns 422 validation_failed.,4b92041057beb669d2e6c528e8268f4d0d1e6421,black-box HTTP,validation,Run the original independent Stage 1 probe on the named Stage 2 service; no earlier pass substitutes for current evidence.,UNVERIFIED,unverified,stage-1.md,yes
TK1-validation-create-time-seconds,5. Errors / 8. POST/PATCH /reservations / 11. Atomic reservation moves,169,1,"2,3,4",systems-engineer,systems-engineer,independent-verifier,,create: local timestamp including seconds returns 422 validation_failed.,4b92041057beb669d2e6c528e8268f4d0d1e6421,black-box HTTP,validation,Run the original independent Stage 1 probe on the named Stage 2 service; no earlier pass substitutes for current evidence.,UNVERIFIED,unverified,stage-1.md,yes
TK1-validation-create-time-space,5. Errors / 8. POST/PATCH /reservations / 11. Atomic reservation moves,169,1,"2,3,4",systems-engineer,systems-engineer,independent-verifier,,create: space instead of T separator returns 422 validation_failed.,4b92041057beb669d2e6c528e8268f4d0d1e6421,black-box HTTP,validation,Run the original independent Stage 1 probe on the named Stage 2 service; no earlier pass substitutes for current evidence.,UNVERIFIED,unverified,stage-1.md,yes
TK1-validation-create-time-unpadded,5. Errors / 8. POST/PATCH /reservations / 11. Atomic reservation moves,169,1,"2,3,4",systems-engineer,systems-engineer,independent-verifier,,create: unpadded calendar components returns 422 validation_failed.,4b92041057beb669d2e6c528e8268f4d0d1e6421,black-box HTTP,validation,Run the original independent Stage 1 probe on the named Stage 2 service; no earlier pass substitutes for current evidence.,UNVERIFIED,unverified,stage-1.md,yes
TK1-validation-create-date-nonleap,5. Errors / 8. POST/PATCH /reservations / 11. Atomic reservation moves,169,1,"2,3,4",systems-engineer,systems-engineer,independent-verifier,,create: February 29 in a non-leap year returns 422 validation_failed.,4b92041057beb669d2e6c528e8268f4d0d1e6421,black-box HTTP,validation,Run the original independent Stage 1 probe on the named Stage 2 service; no earlier pass substitutes for current evidence.,UNVERIFIED,unverified,stage-1.md,yes
TK1-validation-create-date-month,5. Errors / 8. POST/PATCH /reservations / 11. Atomic reservation moves,169,1,"2,3,4",systems-engineer,systems-engineer,independent-verifier,,create: month thirteen returns 422 validation_failed.,4b92041057beb669d2e6c528e8268f4d0d1e6421,black-box HTTP,validation,Run the original independent Stage 1 probe on the named Stage 2 service; no earlier pass substitutes for current evidence.,UNVERIFIED,unverified,stage-1.md,yes
TK1-validation-create-date-day,5. Errors / 8. POST/PATCH /reservations / 11. Atomic reservation moves,169,1,"2,3,4",systems-engineer,systems-engineer,independent-verifier,,create: April 31 returns 422 validation_failed.,4b92041057beb669d2e6c528e8268f4d0d1e6421,black-box HTTP,validation,Run the original independent Stage 1 probe on the named Stage 2 service; no earlier pass substitutes for current evidence.,UNVERIFIED,unverified,stage-1.md,yes
TK1-validation-create-restaurant_id-bool,5. Errors / 8. POST/PATCH /reservations / 11. Atomic reservation moves,169,1,"2,3,4",systems-engineer,systems-engineer,independent-verifier,,create: bool restaurant_id returns 400 malformed_request.,4b92041057beb669d2e6c528e8268f4d0d1e6421,black-box HTTP,validation,Run the original independent Stage 1 probe on the named Stage 2 service; no earlier pass substitutes for current evidence.,UNVERIFIED,unverified,stage-1.md,yes
TK1-validation-create-restaurant_id-array,5. Errors / 8. POST/PATCH /reservations / 11. Atomic reservation moves,169,1,"2,3,4",systems-engineer,systems-engineer,independent-verifier,,create: array restaurant_id returns 400 malformed_request.,4b92041057beb669d2e6c528e8268f4d0d1e6421,black-box HTTP,validation,Run the original independent Stage 1 probe on the named Stage 2 service; no earlier pass substitutes for current evidence.,UNVERIFIED,unverified,stage-1.md,yes
TK1-validation-create-restaurant_id-object,5. Errors / 8. POST/PATCH /reservations / 11. Atomic reservation moves,169,1,"2,3,4",systems-engineer,systems-engineer,independent-verifier,,create: object restaurant_id returns 400 malformed_request.,4b92041057beb669d2e6c528e8268f4d0d1e6421,black-box HTTP,validation,Run the original independent Stage 1 probe on the named Stage 2 service; no earlier pass substitutes for current evidence.,UNVERIFIED,unverified,stage-1.md,yes
TK1-validation-create-restaurant_id-number,5. Errors / 8. POST/PATCH /reservations / 11. Atomic reservation moves,169,1,"2,3,4",systems-engineer,systems-engineer,independent-verifier,,create: number restaurant_id returns 400 malformed_request.,4b92041057beb669d2e6c528e8268f4d0d1e6421,black-box HTTP,validation,Run the original independent Stage 1 probe on the named Stage 2 service; no earlier pass substitutes for current evidence.,UNVERIFIED,unverified,stage-1.md,yes
TK1-validation-create-restaurant_id-null,5. Errors / 8. POST/PATCH /reservations / 11. Atomic reservation moves,169,1,"2,3,4",systems-engineer,systems-engineer,independent-verifier,,create: null restaurant_id returns 400 malformed_request.,4b92041057beb669d2e6c528e8268f4d0d1e6421,black-box HTTP,validation,Run the original independent Stage 1 probe on the named Stage 2 service; no earlier pass substitutes for current evidence.,UNVERIFIED,unverified,stage-1.md,yes
TK1-validation-create-table_id-bool,5. Errors / 8. POST/PATCH /reservations / 11. Atomic reservation moves,169,1,"2,3,4",systems-engineer,systems-engineer,independent-verifier,,create: bool table_id returns 400 malformed_request.,4b92041057beb669d2e6c528e8268f4d0d1e6421,black-box HTTP,validation,Run the original independent Stage 1 probe on the named Stage 2 service; no earlier pass substitutes for current evidence.,UNVERIFIED,unverified,stage-1.md,yes
TK1-validation-create-table_id-array,5. Errors / 8. POST/PATCH /reservations / 11. Atomic reservation moves,169,1,"2,3,4",systems-engineer,systems-engineer,independent-verifier,,create: array table_id returns 400 malformed_request.,4b92041057beb669d2e6c528e8268f4d0d1e6421,black-box HTTP,validation,Run the original independent Stage 1 probe on the named Stage 2 service; no earlier pass substitutes for current evidence.,UNVERIFIED,unverified,stage-1.md,yes
TK1-validation-create-table_id-object,5. Errors / 8. POST/PATCH /reservations / 11. Atomic reservation moves,169,1,"2,3,4",systems-engineer,systems-engineer,independent-verifier,,create: object table_id returns 400 malformed_request.,4b92041057beb669d2e6c528e8268f4d0d1e6421,black-box HTTP,validation,Run the original independent Stage 1 probe on the named Stage 2 service; no earlier pass substitutes for current evidence.,UNVERIFIED,unverified,stage-1.md,yes
TK1-validation-create-table_id-number,5. Errors / 8. POST/PATCH /reservations / 11. Atomic reservation moves,169,1,"2,3,4",systems-engineer,systems-engineer,independent-verifier,,create: number table_id returns 400 malformed_request.,4b92041057beb669d2e6c528e8268f4d0d1e6421,black-box HTTP,validation,Run the original independent Stage 1 probe on the named Stage 2 service; no earlier pass substitutes for current evidence.,UNVERIFIED,unverified,stage-1.md,yes
TK1-validation-create-table_id-null,5. Errors / 8. POST/PATCH /reservations / 11. Atomic reservation moves,169,1,"2,3,4",systems-engineer,systems-engineer,independent-verifier,,create: null table_id returns 400 malformed_request.,4b92041057beb669d2e6c528e8268f4d0d1e6421,black-box HTTP,validation,Run the original independent Stage 1 probe on the named Stage 2 service; no earlier pass substitutes for current evidence.,UNVERIFIED,unverified,stage-1.md,yes
TK1-validation-patch-party-string,5. Errors / 8. POST/PATCH /reservations / 11. Atomic reservation moves,169,1,"2,3,4",systems-engineer,systems-engineer,independent-verifier,,patch: string party size returns 422 validation_failed.,4b92041057beb669d2e6c528e8268f4d0d1e6421,black-box HTTP,validation,Run the original independent Stage 1 probe on the named Stage 2 service; no earlier pass substitutes for current evidence.,UNVERIFIED,unverified,stage-1.md,yes
TK1-validation-patch-party-bool,5. Errors / 8. POST/PATCH /reservations / 11. Atomic reservation moves,169,1,"2,3,4",systems-engineer,systems-engineer,independent-verifier,,patch: boolean party size returns 422 validation_failed.,4b92041057beb669d2e6c528e8268f4d0d1e6421,black-box HTTP,validation,Run the original independent Stage 1 probe on the named Stage 2 service; no earlier pass substitutes for current evidence.,UNVERIFIED,unverified,stage-1.md,yes
TK1-validation-patch-party-fraction,5. Errors / 8. POST/PATCH /reservations / 11. Atomic reservation moves,169,1,"2,3,4",systems-engineer,systems-engineer,independent-verifier,,patch: nonintegral party size returns 422 validation_failed.,4b92041057beb669d2e6c528e8268f4d0d1e6421,black-box HTTP,validation,Run the original independent Stage 1 probe on the named Stage 2 service; no earlier pass substitutes for current evidence.,UNVERIFIED,unverified,stage-1.md,yes
TK1-validation-patch-party-zero,5. Errors / 8. POST/PATCH /reservations / 11. Atomic reservation moves,169,1,"2,3,4",systems-engineer,systems-engineer,independent-verifier,,patch: zero party size returns 422 validation_failed.,4b92041057beb669d2e6c528e8268f4d0d1e6421,black-box HTTP,validation,Run the original independent Stage 1 probe on the named Stage 2 service; no earlier pass substitutes for current evidence.,UNVERIFIED,unverified,stage-1.md,yes
TK1-validation-patch-party-negative,5. Errors / 8. POST/PATCH /reservations / 11. Atomic reservation moves,169,1,"2,3,4",systems-engineer,systems-engineer,independent-verifier,,patch: negative party size returns 422 validation_failed.,4b92041057beb669d2e6c528e8268f4d0d1e6421,black-box HTTP,validation,Run the original independent Stage 1 probe on the named Stage 2 service; no earlier pass substitutes for current evidence.,UNVERIFIED,unverified,stage-1.md,yes
TK1-validation-patch-time-wrong-type,5. Errors / 8. POST/PATCH /reservations / 11. Atomic reservation moves,169,1,"2,3,4",systems-engineer,systems-engineer,independent-verifier,,patch: numeric local timestamp returns 400 malformed_request.,4b92041057beb669d2e6c528e8268f4d0d1e6421,black-box HTTP,validation,Run the original independent Stage 1 probe on the named Stage 2 service; no earlier pass substitutes for current evidence.,UNVERIFIED,unverified,stage-1.md,yes
TK1-validation-patch-time-z,5. Errors / 8. POST/PATCH /reservations / 11. Atomic reservation moves,169,1,"2,3,4",systems-engineer,systems-engineer,independent-verifier,,patch: local timestamp ending in Z returns 422 validation_failed.,4b92041057beb669d2e6c528e8268f4d0d1e6421,black-box HTTP,validation,Run the original independent Stage 1 probe on the named Stage 2 service; no earlier pass substitutes for current evidence.,UNVERIFIED,unverified,stage-1.md,yes
TK1-validation-patch-time-offset,5. Errors / 8. POST/PATCH /reservations / 11. Atomic reservation moves,169,1,"2,3,4",systems-engineer,systems-engineer,independent-verifier,,patch: local timestamp with explicit offset returns 422 validation_failed.,4b92041057beb669d2e6c528e8268f4d0d1e6421,black-box HTTP,validation,Run the original independent Stage 1 probe on the named Stage 2 service; no earlier pass substitutes for current evidence.,UNVERIFIED,unverified,stage-1.md,yes
TK1-validation-patch-time-seconds,5. Errors / 8. POST/PATCH /reservations / 11. Atomic reservation moves,169,1,"2,3,4",systems-engineer,systems-engineer,independent-verifier,,patch: local timestamp including seconds returns 422 validation_failed.,4b92041057beb669d2e6c528e8268f4d0d1e6421,black-box HTTP,validation,Run the original independent Stage 1 probe on the named Stage 2 service; no earlier pass substitutes for current evidence.,UNVERIFIED,unverified,stage-1.md,yes
TK1-validation-patch-time-space,5. Errors / 8. POST/PATCH /reservations / 11. Atomic reservation moves,169,1,"2,3,4",systems-engineer,systems-engineer,independent-verifier,,patch: space instead of T separator returns 422 validation_failed.,4b92041057beb669d2e6c528e8268f4d0d1e6421,black-box HTTP,validation,Run the original independent Stage 1 probe on the named Stage 2 service; no earlier pass substitutes for current evidence.,UNVERIFIED,unverified,stage-1.md,yes
TK1-validation-patch-time-unpadded,5. Errors / 8. POST/PATCH /reservations / 11. Atomic reservation moves,169,1,"2,3,4",systems-engineer,systems-engineer,independent-verifier,,patch: unpadded calendar components returns 422 validation_failed.,4b92041057beb669d2e6c528e8268f4d0d1e6421,black-box HTTP,validation,Run the original independent Stage 1 probe on the named Stage 2 service; no earlier pass substitutes for current evidence.,UNVERIFIED,unverified,stage-1.md,yes
TK1-validation-patch-date-nonleap,5. Errors / 8. POST/PATCH /reservations / 11. Atomic reservation moves,169,1,"2,3,4",systems-engineer,systems-engineer,independent-verifier,,patch: February 29 in a non-leap year returns 422 validation_failed.,4b92041057beb669d2e6c528e8268f4d0d1e6421,black-box HTTP,validation,Run the original independent Stage 1 probe on the named Stage 2 service; no earlier pass substitutes for current evidence.,UNVERIFIED,unverified,stage-1.md,yes
TK1-validation-patch-date-month,5. Errors / 8. POST/PATCH /reservations / 11. Atomic reservation moves,169,1,"2,3,4",systems-engineer,systems-engineer,independent-verifier,,patch: month thirteen returns 422 validation_failed.,4b92041057beb669d2e6c528e8268f4d0d1e6421,black-box HTTP,validation,Run the original independent Stage 1 probe on the named Stage 2 service; no earlier pass substitutes for current evidence.,UNVERIFIED,unverified,stage-1.md,yes
TK1-validation-patch-date-day,5. Errors / 8. POST/PATCH /reservations / 11. Atomic reservation moves,169,1,"2,3,4",systems-engineer,systems-engineer,independent-verifier,,patch: April 31 returns 422 validation_failed.,4b92041057beb669d2e6c528e8268f4d0d1e6421,black-box HTTP,validation,Run the original independent Stage 1 probe on the named Stage 2 service; no earlier pass substitutes for current evidence.,UNVERIFIED,unverified,stage-1.md,yes
TK1-validation-patch-table_id-bool,5. Errors / 8. POST/PATCH /reservations / 11. Atomic reservation moves,169,1,"2,3,4",systems-engineer,systems-engineer,independent-verifier,,patch: bool table_id returns 400 malformed_request.,4b92041057beb669d2e6c528e8268f4d0d1e6421,black-box HTTP,validation,Run the original independent Stage 1 probe on the named Stage 2 service; no earlier pass substitutes for current evidence.,UNVERIFIED,unverified,stage-1.md,yes
TK1-validation-patch-table_id-array,5. Errors / 8. POST/PATCH /reservations / 11. Atomic reservation moves,169,1,"2,3,4",systems-engineer,systems-engineer,independent-verifier,,patch: array table_id returns 400 malformed_request.,4b92041057beb669d2e6c528e8268f4d0d1e6421,black-box HTTP,validation,Run the original independent Stage 1 probe on the named Stage 2 service; no earlier pass substitutes for current evidence.,UNVERIFIED,unverified,stage-1.md,yes
TK1-validation-patch-table_id-object,5. Errors / 8. POST/PATCH /reservations / 11. Atomic reservation moves,169,1,"2,3,4",systems-engineer,systems-engineer,independent-verifier,,patch: object table_id returns 400 malformed_request.,4b92041057beb669d2e6c528e8268f4d0d1e6421,black-box HTTP,validation,Run the original independent Stage 1 probe on the named Stage 2 service; no earlier pass substitutes for current evidence.,UNVERIFIED,unverified,stage-1.md,yes
TK1-validation-patch-table_id-number,5. Errors / 8. POST/PATCH /reservations / 11. Atomic reservation moves,169,1,"2,3,4",systems-engineer,systems-engineer,independent-verifier,,patch: number table_id returns 400 malformed_request.,4b92041057beb669d2e6c528e8268f4d0d1e6421,black-box HTTP,validation,Run the original independent Stage 1 probe on the named Stage 2 service; no earlier pass substitutes for current evidence.,UNVERIFIED,unverified,stage-1.md,yes
TK1-validation-patch-table_id-null,5. Errors / 8. POST/PATCH /reservations / 11. Atomic reservation moves,169,1,"2,3,4",systems-engineer,systems-engineer,independent-verifier,,patch: null table_id returns 400 malformed_request.,4b92041057beb669d2e6c528e8268f4d0d1e6421,black-box HTTP,validation,Run the original independent Stage 1 probe on the named Stage 2 service; no earlier pass substitutes for current evidence.,UNVERIFIED,unverified,stage-1.md,yes
TK1-validation-batch-party-string,5. Errors / 8. POST/PATCH /reservations / 11. Atomic reservation moves,169,1,"2,3,4",systems-engineer,systems-engineer,independent-verifier,,batch: string party size returns 422 validation_failed.,4b92041057beb669d2e6c528e8268f4d0d1e6421,black-box HTTP,validation,Run the original independent Stage 1 probe on the named Stage 2 service; no earlier pass substitutes for current evidence.,UNVERIFIED,unverified,stage-1.md,yes
TK1-validation-batch-party-bool,5. Errors / 8. POST/PATCH /reservations / 11. Atomic reservation moves,169,1,"2,3,4",systems-engineer,systems-engineer,independent-verifier,,batch: boolean party size returns 422 validation_failed.,4b92041057beb669d2e6c528e8268f4d0d1e6421,black-box HTTP,validation,Run the original independent Stage 1 probe on the named Stage 2 service; no earlier pass substitutes for current evidence.,UNVERIFIED,unverified,stage-1.md,yes
TK1-validation-batch-party-fraction,5. Errors / 8. POST/PATCH /reservations / 11. Atomic reservation moves,169,1,"2,3,4",systems-engineer,systems-engineer,independent-verifier,,batch: nonintegral party size returns 422 validation_failed.,4b92041057beb669d2e6c528e8268f4d0d1e6421,black-box HTTP,validation,Run the original independent Stage 1 probe on the named Stage 2 service; no earlier pass substitutes for current evidence.,UNVERIFIED,unverified,stage-1.md,yes
TK1-validation-batch-party-zero,5. Errors / 8. POST/PATCH /reservations / 11. Atomic reservation moves,169,1,"2,3,4",systems-engineer,systems-engineer,independent-verifier,,batch: zero party size returns 422 validation_failed.,4b92041057beb669d2e6c528e8268f4d0d1e6421,black-box HTTP,validation,Run the original independent Stage 1 probe on the named Stage 2 service; no earlier pass substitutes for current evidence.,UNVERIFIED,unverified,stage-1.md,yes
TK1-validation-batch-party-negative,5. Errors / 8. POST/PATCH /reservations / 11. Atomic reservation moves,169,1,"2,3,4",systems-engineer,systems-engineer,independent-verifier,,batch: negative party size returns 422 validation_failed.,4b92041057beb669d2e6c528e8268f4d0d1e6421,black-box HTTP,validation,Run the original independent Stage 1 probe on the named Stage 2 service; no earlier pass substitutes for current evidence.,UNVERIFIED,unverified,stage-1.md,yes
TK1-validation-batch-time-wrong-type,5. Errors / 8. POST/PATCH /reservations / 11. Atomic reservation moves,169,1,"2,3,4",systems-engineer,systems-engineer,independent-verifier,,batch: numeric local timestamp returns 400 malformed_request.,4b92041057beb669d2e6c528e8268f4d0d1e6421,black-box HTTP,validation,Run the original independent Stage 1 probe on the named Stage 2 service; no earlier pass substitutes for current evidence.,UNVERIFIED,unverified,stage-1.md,yes
TK1-validation-batch-time-z,5. Errors / 8. POST/PATCH /reservations / 11. Atomic reservation moves,169,1,"2,3,4",systems-engineer,systems-engineer,independent-verifier,,batch: local timestamp ending in Z returns 422 validation_failed.,4b92041057beb669d2e6c528e8268f4d0d1e6421,black-box HTTP,validation,Run the original independent Stage 1 probe on the named Stage 2 service; no earlier pass substitutes for current evidence.,UNVERIFIED,unverified,stage-1.md,yes
TK1-validation-batch-time-offset,5. Errors / 8. POST/PATCH /reservations / 11. Atomic reservation moves,169,1,"2,3,4",systems-engineer,systems-engineer,independent-verifier,,batch: local timestamp with explicit offset returns 422 validation_failed.,4b92041057beb669d2e6c528e8268f4d0d1e6421,black-box HTTP,validation,Run the original independent Stage 1 probe on the named Stage 2 service; no earlier pass substitutes for current evidence.,UNVERIFIED,unverified,stage-1.md,yes
TK1-validation-batch-time-seconds,5. Errors / 8. POST/PATCH /reservations / 11. Atomic reservation moves,169,1,"2,3,4",systems-engineer,systems-engineer,independent-verifier,,batch: local timestamp including seconds returns 422 validation_failed.,4b92041057beb669d2e6c528e8268f4d0d1e6421,black-box HTTP,validation,Run the original independent Stage 1 probe on the named Stage 2 service; no earlier pass substitutes for current evidence.,UNVERIFIED,unverified,stage-1.md,yes
TK1-validation-batch-time-space,5. Errors / 8. POST/PATCH /reservations / 11. Atomic reservation moves,169,1,"2,3,4",systems-engineer,systems-engineer,independent-verifier,,batch: space instead of T separator returns 422 validation_failed.,4b92041057beb669d2e6c528e8268f4d0d1e6421,black-box HTTP,validation,Run the original independent Stage 1 probe on the named Stage 2 service; no earlier pass substitutes for current evidence.,UNVERIFIED,unverified,stage-1.md,yes
TK1-validation-batch-time-unpadded,5. Errors / 8. POST/PATCH /reservations / 11. Atomic reservation moves,169,1,"2,3,4",systems-engineer,systems-engineer,independent-verifier,,batch: unpadded calendar components returns 422 validation_failed.,4b92041057beb669d2e6c528e8268f4d0d1e6421,black-box HTTP,validation,Run the original independent Stage 1 probe on the named Stage 2 service; no earlier pass substitutes for current evidence.,UNVERIFIED,unverified,stage-1.md,yes
TK1-validation-batch-date-nonleap,5. Errors / 8. POST/PATCH /reservations / 11. Atomic reservation moves,169,1,"2,3,4",systems-engineer,systems-engineer,independent-verifier,,batch: February 29 in a non-leap year returns 422 validation_failed.,4b92041057beb669d2e6c528e8268f4d0d1e6421,black-box HTTP,validation,Run the original independent Stage 1 probe on the named Stage 2 service; no earlier pass substitutes for current evidence.,UNVERIFIED,unverified,stage-1.md,yes
TK1-validation-batch-date-month,5. Errors / 8. POST/PATCH /reservations / 11. Atomic reservation moves,169,1,"2,3,4",systems-engineer,systems-engineer,independent-verifier,,batch: month thirteen returns 422 validation_failed.,4b92041057beb669d2e6c528e8268f4d0d1e6421,black-box HTTP,validation,Run the original independent Stage 1 probe on the named Stage 2 service; no earlier pass substitutes for current evidence.,UNVERIFIED,unverified,stage-1.md,yes
TK1-validation-batch-date-day,5. Errors / 8. POST/PATCH /reservations / 11. Atomic reservation moves,169,1,"2,3,4",systems-engineer,systems-engineer,independent-verifier,,batch: April 31 returns 422 validation_failed.,4b92041057beb669d2e6c528e8268f4d0d1e6421,black-box HTTP,validation,Run the original independent Stage 1 probe on the named Stage 2 service; no earlier pass substitutes for current evidence.,UNVERIFIED,unverified,stage-1.md,yes
TK1-validation-batch-table_id-bool,5. Errors / 8. POST/PATCH /reservations / 11. Atomic reservation moves,169,1,"2,3,4",systems-engineer,systems-engineer,independent-verifier,,batch: bool table_id returns 400 malformed_request.,4b92041057beb669d2e6c528e8268f4d0d1e6421,black-box HTTP,validation,Run the original independent Stage 1 probe on the named Stage 2 service; no earlier pass substitutes for current evidence.,UNVERIFIED,unverified,stage-1.md,yes
TK1-validation-batch-table_id-array,5. Errors / 8. POST/PATCH /reservations / 11. Atomic reservation moves,169,1,"2,3,4",systems-engineer,systems-engineer,independent-verifier,,batch: array table_id returns 400 malformed_request.,4b92041057beb669d2e6c528e8268f4d0d1e6421,black-box HTTP,validation,Run the original independent Stage 1 probe on the named Stage 2 service; no earlier pass substitutes for current evidence.,UNVERIFIED,unverified,stage-1.md,yes
TK1-validation-batch-table_id-object,5. Errors / 8. POST/PATCH /reservations / 11. Atomic reservation moves,169,1,"2,3,4",systems-engineer,systems-engineer,independent-verifier,,batch: object table_id returns 400 malformed_request.,4b92041057beb669d2e6c528e8268f4d0d1e6421,black-box HTTP,validation,Run the original independent Stage 1 probe on the named Stage 2 service; no earlier pass substitutes for current evidence.,UNVERIFIED,unverified,stage-1.md,yes
TK1-validation-batch-table_id-number,5. Errors / 8. POST/PATCH /reservations / 11. Atomic reservation moves,169,1,"2,3,4",systems-engineer,systems-engineer,independent-verifier,,batch: number table_id returns 400 malformed_request.,4b92041057beb669d2e6c528e8268f4d0d1e6421,black-box HTTP,validation,Run the original independent Stage 1 probe on the named Stage 2 service; no earlier pass substitutes for current evidence.,UNVERIFIED,unverified,stage-1.md,yes
TK1-validation-batch-table_id-null,5. Errors / 8. POST/PATCH /reservations / 11. Atomic reservation moves,169,1,"2,3,4",systems-engineer,systems-engineer,independent-verifier,,batch: null table_id returns 400 malformed_request.,4b92041057beb669d2e6c528e8268f4d0d1e6421,black-box HTTP,validation,Run the original independent Stage 1 probe on the named Stage 2 service; no earlier pass substitutes for current evidence.,UNVERIFIED,unverified,stage-1.md,yes
TK1-query-decimal-exponent,5. Errors,175,1,"2,3,4",systems-engineer,systems-engineer,independent-verifier,,party_size query written as 1e9 returns 422 validation_failed.,4b92041057beb669d2e6c528e8268f4d0d1e6421,black-box HTTP,validation,Run the original independent Stage 1 probe on the named Stage 2 service; no earlier pass substitutes for current evidence.,UNVERIFIED,unverified,stage-1.md,yes
TK1-query-decimal-fraction,5. Errors,175,1,"2,3,4",systems-engineer,systems-engineer,independent-verifier,,party_size query written as 4.0 returns 422 validation_failed.,4b92041057beb669d2e6c528e8268f4d0d1e6421,black-box HTTP,validation,Run the original independent Stage 1 probe on the named Stage 2 service; no earlier pass substitutes for current evidence.,UNVERIFIED,unverified,stage-1.md,yes
TK1-query-decimal-plus,5. Errors,175,1,"2,3,4",systems-engineer,systems-engineer,independent-verifier,,party_size query written as +4 returns 422 validation_failed.,4b92041057beb669d2e6c528e8268f4d0d1e6421,black-box HTTP,validation,Run the original independent Stage 1 probe on the named Stage 2 service; no earlier pass substitutes for current evidence.,UNVERIFIED,unverified,stage-1.md,yes
TK1-query-decimal-negative,5. Errors,175,1,"2,3,4",systems-engineer,systems-engineer,independent-verifier,,party_size query written as -4 returns 422 validation_failed.,4b92041057beb669d2e6c528e8268f4d0d1e6421,black-box HTTP,validation,Run the original independent Stage 1 probe on the named Stage 2 service; no earlier pass substitutes for current evidence.,UNVERIFIED,unverified,stage-1.md,yes
TK1-query-decimal-leading-space,5. Errors,175,1,"2,3,4",systems-engineer,systems-engineer,independent-verifier,,party_size query written as leading whitespace returns 422 validation_failed.,4b92041057beb669d2e6c528e8268f4d0d1e6421,black-box HTTP,validation,Run the original independent Stage 1 probe on the named Stage 2 service; no earlier pass substitutes for current evidence.,UNVERIFIED,unverified,stage-1.md,yes
TK1-query-decimal-trailing-space,5. Errors,175,1,"2,3,4",systems-engineer,systems-engineer,independent-verifier,,party_size query written as trailing whitespace returns 422 validation_failed.,4b92041057beb669d2e6c528e8268f4d0d1e6421,black-box HTTP,validation,Run the original independent Stage 1 probe on the named Stage 2 service; no earlier pass substitutes for current evidence.,UNVERIFIED,unverified,stage-1.md,yes
TK1-signup-email-type-bool,5. Errors / 6. Authentication,169,1,"2,3,4",systems-engineer,systems-engineer,independent-verifier,,signup: bool email returns 400 malformed_request.,4b92041057beb669d2e6c528e8268f4d0d1e6421,black-box HTTP,auth,Run the original independent Stage 1 probe on the named Stage 2 service; no earlier pass substitutes for current evidence.,UNVERIFIED,unverified,stage-1.md,yes
TK1-signup-email-type-number,5. Errors / 6. Authentication,169,1,"2,3,4",systems-engineer,systems-engineer,independent-verifier,,signup: number email returns 400 malformed_request.,4b92041057beb669d2e6c528e8268f4d0d1e6421,black-box HTTP,auth,Run the original independent Stage 1 probe on the named Stage 2 service; no earlier pass substitutes for current evidence.,UNVERIFIED,unverified,stage-1.md,yes
TK1-signup-email-type-array,5. Errors / 6. Authentication,169,1,"2,3,4",systems-engineer,systems-engineer,independent-verifier,,signup: array email returns 400 malformed_request.,4b92041057beb669d2e6c528e8268f4d0d1e6421,black-box HTTP,auth,Run the original independent Stage 1 probe on the named Stage 2 service; no earlier pass substitutes for current evidence.,UNVERIFIED,unverified,stage-1.md,yes
TK1-signup-email-type-object,5. Errors / 6. Authentication,169,1,"2,3,4",systems-engineer,systems-engineer,independent-verifier,,signup: object email returns 400 malformed_request.,4b92041057beb669d2e6c528e8268f4d0d1e6421,black-box HTTP,auth,Run the original independent Stage 1 probe on the named Stage 2 service; no earlier pass substitutes for current evidence.,UNVERIFIED,unverified,stage-1.md,yes
TK1-signup-email-type-null,5. Errors / 6. Authentication,169,1,"2,3,4",systems-engineer,systems-engineer,independent-verifier,,signup: null email returns 400 malformed_request.,4b92041057beb669d2e6c528e8268f4d0d1e6421,black-box HTTP,auth,Run the original independent Stage 1 probe on the named Stage 2 service; no earlier pass substitutes for current evidence.,UNVERIFIED,unverified,stage-1.md,yes
TK1-signup-password-type-bool,5. Errors / 6. Authentication,169,1,"2,3,4",systems-engineer,systems-engineer,independent-verifier,,signup: bool password returns 400 malformed_request.,4b92041057beb669d2e6c528e8268f4d0d1e6421,black-box HTTP,auth,Run the original independent Stage 1 probe on the named Stage 2 service; no earlier pass substitutes for current evidence.,UNVERIFIED,unverified,stage-1.md,yes
TK1-signup-password-type-number,5. Errors / 6. Authentication,169,1,"2,3,4",systems-engineer,systems-engineer,independent-verifier,,signup: number password returns 400 malformed_request.,4b92041057beb669d2e6c528e8268f4d0d1e6421,black-box HTTP,auth,Run the original independent Stage 1 probe on the named Stage 2 service; no earlier pass substitutes for current evidence.,UNVERIFIED,unverified,stage-1.md,yes
TK1-signup-password-type-array,5. Errors / 6. Authentication,169,1,"2,3,4",systems-engineer,systems-engineer,independent-verifier,,signup: array password returns 400 malformed_request.,4b92041057beb669d2e6c528e8268f4d0d1e6421,black-box HTTP,auth,Run the original independent Stage 1 probe on the named Stage 2 service; no earlier pass substitutes for current evidence.,UNVERIFIED,unverified,stage-1.md,yes
TK1-signup-password-type-object,5. Errors / 6. Authentication,169,1,"2,3,4",systems-engineer,systems-engineer,independent-verifier,,signup: object password returns 400 malformed_request.,4b92041057beb669d2e6c528e8268f4d0d1e6421,black-box HTTP,auth,Run the original independent Stage 1 probe on the named Stage 2 service; no earlier pass substitutes for current evidence.,UNVERIFIED,unverified,stage-1.md,yes
TK1-signup-password-type-null,5. Errors / 6. Authentication,169,1,"2,3,4",systems-engineer,systems-engineer,independent-verifier,,signup: null password returns 400 malformed_request.,4b92041057beb669d2e6c528e8268f4d0d1e6421,black-box HTTP,auth,Run the original independent Stage 1 probe on the named Stage 2 service; no earlier pass substitutes for current evidence.,UNVERIFIED,unverified,stage-1.md,yes
TK1-signup-display_name-type-bool,5. Errors / 6. Authentication,169,1,"2,3,4",systems-engineer,systems-engineer,independent-verifier,,signup: bool display_name returns 400 malformed_request.,4b92041057beb669d2e6c528e8268f4d0d1e6421,black-box HTTP,auth,Run the original independent Stage 1 probe on the named Stage 2 service; no earlier pass substitutes for current evidence.,UNVERIFIED,unverified,stage-1.md,yes
TK1-signup-display_name-type-number,5. Errors / 6. Authentication,169,1,"2,3,4",systems-engineer,systems-engineer,independent-verifier,,signup: number display_name returns 400 malformed_request.,4b92041057beb669d2e6c528e8268f4d0d1e6421,black-box HTTP,auth,Run the original independent Stage 1 probe on the named Stage 2 service; no earlier pass substitutes for current evidence.,UNVERIFIED,unverified,stage-1.md,yes
TK1-signup-display_name-type-array,5. Errors / 6. Authentication,169,1,"2,3,4",systems-engineer,systems-engineer,independent-verifier,,signup: array display_name returns 400 malformed_request.,4b92041057beb669d2e6c528e8268f4d0d1e6421,black-box HTTP,auth,Run the original independent Stage 1 probe on the named Stage 2 service; no earlier pass substitutes for current evidence.,UNVERIFIED,unverified,stage-1.md,yes
TK1-signup-display_name-type-object,5. Errors / 6. Authentication,169,1,"2,3,4",systems-engineer,systems-engineer,independent-verifier,,signup: object display_name returns 400 malformed_request.,4b92041057beb669d2e6c528e8268f4d0d1e6421,black-box HTTP,auth,Run the original independent Stage 1 probe on the named Stage 2 service; no earlier pass substitutes for current evidence.,UNVERIFIED,unverified,stage-1.md,yes
TK1-signup-display_name-type-null,5. Errors / 6. Authentication,169,1,"2,3,4",systems-engineer,systems-engineer,independent-verifier,,signup: null display_name returns 400 malformed_request.,4b92041057beb669d2e6c528e8268f4d0d1e6421,black-box HTTP,auth,Run the original independent Stage 1 probe on the named Stage 2 service; no earlier pass substitutes for current evidence.,UNVERIFIED,unverified,stage-1.md,yes
TK1-login-email-type-bool,5. Errors / 6. Authentication,169,1,"2,3,4",systems-engineer,systems-engineer,independent-verifier,,login: bool email returns 400 malformed_request.,4b92041057beb669d2e6c528e8268f4d0d1e6421,black-box HTTP,auth,Run the original independent Stage 1 probe on the named Stage 2 service; no earlier pass substitutes for current evidence.,UNVERIFIED,unverified,stage-1.md,yes
TK1-login-email-type-number,5. Errors / 6. Authentication,169,1,"2,3,4",systems-engineer,systems-engineer,independent-verifier,,login: number email returns 400 malformed_request.,4b92041057beb669d2e6c528e8268f4d0d1e6421,black-box HTTP,auth,Run the original independent Stage 1 probe on the named Stage 2 service; no earlier pass substitutes for current evidence.,UNVERIFIED,unverified,stage-1.md,yes
TK1-login-email-type-array,5. Errors / 6. Authentication,169,1,"2,3,4",systems-engineer,systems-engineer,independent-verifier,,login: array email returns 400 malformed_request.,4b92041057beb669d2e6c528e8268f4d0d1e6421,black-box HTTP,auth,Run the original independent Stage 1 probe on the named Stage 2 service; no earlier pass substitutes for current evidence.,UNVERIFIED,unverified,stage-1.md,yes
TK1-login-email-type-object,5. Errors / 6. Authentication,169,1,"2,3,4",systems-engineer,systems-engineer,independent-verifier,,login: object email returns 400 malformed_request.,4b92041057beb669d2e6c528e8268f4d0d1e6421,black-box HTTP,auth,Run the original independent Stage 1 probe on the named Stage 2 service; no earlier pass substitutes for current evidence.,UNVERIFIED,unverified,stage-1.md,yes
TK1-login-email-type-null,5. Errors / 6. Authentication,169,1,"2,3,4",systems-engineer,systems-engineer,independent-verifier,,login: null email returns 400 malformed_request.,4b92041057beb669d2e6c528e8268f4d0d1e6421,black-box HTTP,auth,Run the original independent Stage 1 probe on the named Stage 2 service; no earlier pass substitutes for current evidence.,UNVERIFIED,unverified,stage-1.md,yes
TK1-login-password-type-bool,5. Errors / 6. Authentication,169,1,"2,3,4",systems-engineer,systems-engineer,independent-verifier,,login: bool password returns 400 malformed_request.,4b92041057beb669d2e6c528e8268f4d0d1e6421,black-box HTTP,auth,Run the original independent Stage 1 probe on the named Stage 2 service; no earlier pass substitutes for current evidence.,UNVERIFIED,unverified,stage-1.md,yes
TK1-login-password-type-number,5. Errors / 6. Authentication,169,1,"2,3,4",systems-engineer,systems-engineer,independent-verifier,,login: number password returns 400 malformed_request.,4b92041057beb669d2e6c528e8268f4d0d1e6421,black-box HTTP,auth,Run the original independent Stage 1 probe on the named Stage 2 service; no earlier pass substitutes for current evidence.,UNVERIFIED,unverified,stage-1.md,yes
TK1-login-password-type-array,5. Errors / 6. Authentication,169,1,"2,3,4",systems-engineer,systems-engineer,independent-verifier,,login: array password returns 400 malformed_request.,4b92041057beb669d2e6c528e8268f4d0d1e6421,black-box HTTP,auth,Run the original independent Stage 1 probe on the named Stage 2 service; no earlier pass substitutes for current evidence.,UNVERIFIED,unverified,stage-1.md,yes
TK1-login-password-type-object,5. Errors / 6. Authentication,169,1,"2,3,4",systems-engineer,systems-engineer,independent-verifier,,login: object password returns 400 malformed_request.,4b92041057beb669d2e6c528e8268f4d0d1e6421,black-box HTTP,auth,Run the original independent Stage 1 probe on the named Stage 2 service; no earlier pass substitutes for current evidence.,UNVERIFIED,unverified,stage-1.md,yes
TK1-login-password-type-null,5. Errors / 6. Authentication,169,1,"2,3,4",systems-engineer,systems-engineer,independent-verifier,,login: null password returns 400 malformed_request.,4b92041057beb669d2e6c528e8268f4d0d1e6421,black-box HTTP,auth,Run the original independent Stage 1 probe on the named Stage 2 service; no earlier pass substitutes for current evidence.,UNVERIFIED,unverified,stage-1.md,yes
TK1-fixture-id-user-max,3.4 Conventions / 4. Fixture format,89,1,"2,3,4",systems-engineer,systems-engineer,independent-verifier,,Reset fixture user IDs of 64 characters are accepted.,4b92041057beb669d2e6c528e8268f4d0d1e6421,black-box HTTP,conventions,Run the original independent Stage 1 probe on the named Stage 2 service; no earlier pass substitutes for current evidence.,UNVERIFIED,unverified,stage-1.md,yes
TK1-fixture-id-user-over,3.4 Conventions / 4. Fixture format,89,1,"2,3,4",systems-engineer,systems-engineer,independent-verifier,,Reset fixture user IDs of 65 characters return 422 validation_failed.,4b92041057beb669d2e6c528e8268f4d0d1e6421,black-box HTTP,conventions,Run the original independent Stage 1 probe on the named Stage 2 service; no earlier pass substitutes for current evidence.,UNVERIFIED,unverified,stage-1.md,yes
TK1-fixture-id-restaurant-max,3.4 Conventions / 4. Fixture format,89,1,"2,3,4",systems-engineer,systems-engineer,independent-verifier,,Reset fixture restaurant IDs of 64 characters are accepted.,4b92041057beb669d2e6c528e8268f4d0d1e6421,black-box HTTP,conventions,Run the original independent Stage 1 probe on the named Stage 2 service; no earlier pass substitutes for current evidence.,UNVERIFIED,unverified,stage-1.md,yes
TK1-fixture-id-restaurant-over,3.4 Conventions / 4. Fixture format,89,1,"2,3,4",systems-engineer,systems-engineer,independent-verifier,,Reset fixture restaurant IDs of 65 characters return 422 validation_failed.,4b92041057beb669d2e6c528e8268f4d0d1e6421,black-box HTTP,conventions,Run the original independent Stage 1 probe on the named Stage 2 service; no earlier pass substitutes for current evidence.,UNVERIFIED,unverified,stage-1.md,yes
TK1-fixture-id-table-max,3.4 Conventions / 4. Fixture format,89,1,"2,3,4",systems-engineer,systems-engineer,independent-verifier,,Reset fixture table IDs of 64 characters are accepted.,4b92041057beb669d2e6c528e8268f4d0d1e6421,black-box HTTP,conventions,Run the original independent Stage 1 probe on the named Stage 2 service; no earlier pass substitutes for current evidence.,UNVERIFIED,unverified,stage-1.md,yes
TK1-fixture-id-table-over,3.4 Conventions / 4. Fixture format,89,1,"2,3,4",systems-engineer,systems-engineer,independent-verifier,,Reset fixture table IDs of 65 characters return 422 validation_failed.,4b92041057beb669d2e6c528e8268f4d0d1e6421,black-box HTTP,conventions,Run the original independent Stage 1 probe on the named Stage 2 service; no earlier pass substitutes for current evidence.,UNVERIFIED,unverified,stage-1.md,yes
TK1-fixture-id-reservation-max,3.4 Conventions / 4. Fixture format,89,1,"2,3,4",systems-engineer,systems-engineer,independent-verifier,,Reset fixture reservation IDs of 64 characters are accepted.,4b92041057beb669d2e6c528e8268f4d0d1e6421,black-box HTTP,conventions,Run the original independent Stage 1 probe on the named Stage 2 service; no earlier pass substitutes for current evidence.,UNVERIFIED,unverified,stage-1.md,yes
TK1-fixture-id-reservation-over,3.4 Conventions / 4. Fixture format,89,1,"2,3,4",systems-engineer,systems-engineer,independent-verifier,,Reset fixture reservation IDs of 65 characters return 422 validation_failed.,4b92041057beb669d2e6c528e8268f4d0d1e6421,black-box HTTP,conventions,Run the original independent Stage 1 probe on the named Stage 2 service; no earlier pass substitutes for current evidence.,UNVERIFIED,unverified,stage-1.md,yes
TK1-create-key-missing,7. Idempotency,229,1,"2,3,4",systems-engineer,systems-engineer,independent-verifier,,create: absent key returns 400 missing_idempotency_key.,4b92041057beb669d2e6c528e8268f4d0d1e6421,black-box HTTP,idempotency,Run the original independent Stage 1 probe on the named Stage 2 service; no earlier pass substitutes for current evidence.,UNVERIFIED,unverified,stage-1.md,yes
TK1-create-key-empty,7. Idempotency,229,1,"2,3,4",systems-engineer,systems-engineer,independent-verifier,,create: empty key returns 400 missing_idempotency_key.,4b92041057beb669d2e6c528e8268f4d0d1e6421,black-box HTTP,idempotency,Run the original independent Stage 1 probe on the named Stage 2 service; no earlier pass substitutes for current evidence.,UNVERIFIED,unverified,stage-1.md,yes
TK1-create-key-1,7. Idempotency,229,1,"2,3,4",systems-engineer,systems-engineer,independent-verifier,,create: a one-character key is valid.,4b92041057beb669d2e6c528e8268f4d0d1e6421,black-box HTTP,idempotency,Run the original independent Stage 1 probe on the named Stage 2 service; no earlier pass substitutes for current evidence.,UNVERIFIED,unverified,stage-1.md,yes
TK1-create-key-255,7. Idempotency,229,1,"2,3,4",systems-engineer,systems-engineer,independent-verifier,,create: a 255-character key is valid.,4b92041057beb669d2e6c528e8268f4d0d1e6421,black-box HTTP,idempotency,Run the original independent Stage 1 probe on the named Stage 2 service; no earlier pass substitutes for current evidence.,UNVERIFIED,unverified,stage-1.md,yes
TK1-create-key-256,7. Idempotency,229,1,"2,3,4",systems-engineer,systems-engineer,independent-verifier,,create: a 256-character key returns 422 validation_failed.,4b92041057beb669d2e6c528e8268f4d0d1e6421,black-box HTTP,idempotency,Run the original independent Stage 1 probe on the named Stage 2 service; no earlier pass substitutes for current evidence.,UNVERIFIED,unverified,stage-1.md,yes
TK1-create-key-user,7. Idempotency,229,1,"2,3,4",systems-engineer,systems-engineer,independent-verifier,,create: identical key strings are independent across users.,4b92041057beb669d2e6c528e8268f4d0d1e6421,black-box HTTP,idempotency,Run the original independent Stage 1 probe on the named Stage 2 service; no earlier pass substitutes for current evidence.,UNVERIFIED,unverified,stage-1.md,yes
TK1-create-key-first,7. Idempotency,229,1,"2,3,4",systems-engineer,systems-engineer,independent-verifier,,create: first successful keyed request returns 201.,4b92041057beb669d2e6c528e8268f4d0d1e6421,black-box HTTP,idempotency,Run the original independent Stage 1 probe on the named Stage 2 service; no earlier pass substitutes for current evidence.,UNVERIFIED,unverified,stage-1.md,yes
TK1-create-key-replay-status,7. Idempotency,229,1,"2,3,4",systems-engineer,systems-engineer,independent-verifier,,create: replay returns 200.,4b92041057beb669d2e6c528e8268f4d0d1e6421,black-box HTTP,idempotency,Run the original independent Stage 1 probe on the named Stage 2 service; no earlier pass substitutes for current evidence.,UNVERIFIED,unverified,stage-1.md,yes
TK1-create-key-replay-body,7. Idempotency,229,1,"2,3,4",systems-engineer,systems-engineer,independent-verifier,,create: replay returns original JSON response exactly.,4b92041057beb669d2e6c528e8268f4d0d1e6421,black-box HTTP,idempotency,Run the original independent Stage 1 probe on the named Stage 2 service; no earlier pass substitutes for current evidence.,UNVERIFIED,unverified,stage-1.md,yes
TK1-create-key-json-value,7. Idempotency,229,1,"2,3,4",systems-engineer,systems-engineer,independent-verifier,,create: whitespace/key order do not change parsed body identity.,4b92041057beb669d2e6c528e8268f4d0d1e6421,black-box HTTP,idempotency,Run the original independent Stage 1 probe on the named Stage 2 service; no earlier pass substitutes for current evidence.,UNVERIFIED,unverified,stage-1.md,yes
TK1-create-key-conflict,7. Idempotency,229,1,"2,3,4",systems-engineer,systems-engineer,independent-verifier,,create: same key with different body returns 409 idempotency_key_reuse.,4b92041057beb669d2e6c528e8268f4d0d1e6421,black-box HTTP,idempotency,Run the original independent Stage 1 probe on the named Stage 2 service; no earlier pass substitutes for current evidence.,UNVERIFIED,unverified,stage-1.md,yes
TK1-create-key-before-validation,7. Idempotency,229,1,"2,3,4",systems-engineer,systems-engineer,independent-verifier,,create: body conflict is resolved before field validation.,4b92041057beb669d2e6c528e8268f4d0d1e6421,black-box HTTP,idempotency,Run the original independent Stage 1 probe on the named Stage 2 service; no earlier pass substitutes for current evidence.,UNVERIFIED,unverified,stage-1.md,yes
TK1-create-key-before-resource,7. Idempotency,229,1,"2,3,4",systems-engineer,systems-engineer,independent-verifier,,create: receipt replay is resolved before current-resource checks.,4b92041057beb669d2e6c528e8268f4d0d1e6421,black-box HTTP,idempotency,Run the original independent Stage 1 probe on the named Stage 2 service; no earlier pass substitutes for current evidence.,UNVERIFIED,unverified,stage-1.md,yes
TK1-create-key-failed-reuse,7. Idempotency,229,1,"2,3,4",systems-engineer,systems-engineer,independent-verifier,,create: a key used by a failed 4xx request remains reusable.,4b92041057beb669d2e6c528e8268f4d0d1e6421,black-box HTTP,idempotency,Run the original independent Stage 1 probe on the named Stage 2 service; no earlier pass substitutes for current evidence.,UNVERIFIED,unverified,stage-1.md,yes
TK1-create-key-concurrent-first,7. Idempotency,229,1,"2,3,4",systems-engineer,systems-engineer,independent-verifier,,create: concurrent identical fresh-key requests have exactly one 201.,4b92041057beb669d2e6c528e8268f4d0d1e6421,black-box HTTP,idempotency,Run the original independent Stage 1 probe on the named Stage 2 service; no earlier pass substitutes for current evidence.,UNVERIFIED,unverified,stage-1.md,yes
TK1-create-key-concurrent-replays,7. Idempotency,229,1,"2,3,4",systems-engineer,systems-engineer,independent-verifier,,create: all other identical concurrent requests are 200 with the original body.,4b92041057beb669d2e6c528e8268f4d0d1e6421,black-box HTTP,idempotency,Run the original independent Stage 1 probe on the named Stage 2 service; no earlier pass substitutes for current evidence.,UNVERIFIED,unverified,stage-1.md,yes
TK1-create-key-once,7. Idempotency,229,1,"2,3,4",systems-engineer,systems-engineer,independent-verifier,,create: concurrent identical request changes state exactly once.,4b92041057beb669d2e6c528e8268f4d0d1e6421,black-box HTTP,idempotency,Run the original independent Stage 1 probe on the named Stage 2 service; no earlier pass substitutes for current evidence.,UNVERIFIED,unverified,stage-1.md,yes
TK1-create-key-after-amend,7. Idempotency,229,1,"2,3,4",systems-engineer,systems-engineer,independent-verifier,,create: replay after amendment returns the original response.,4b92041057beb669d2e6c528e8268f4d0d1e6421,black-box HTTP,idempotency,Run the original independent Stage 1 probe on the named Stage 2 service; no earlier pass substitutes for current evidence.,UNVERIFIED,unverified,stage-1.md,yes
TK1-create-key-after-cancel,7. Idempotency,229,1,"2,3,4",systems-engineer,systems-engineer,independent-verifier,,create: replay after cancellation returns the original response.,4b92041057beb669d2e6c528e8268f4d0d1e6421,black-box HTTP,idempotency,Run the original independent Stage 1 probe on the named Stage 2 service; no earlier pass substitutes for current evidence.,UNVERIFIED,unverified,stage-1.md,yes
TK1-create-key-no-mutation,7. Idempotency,229,1,"2,3,4",systems-engineer,systems-engineer,independent-verifier,,create: successful replay has no additional state changes.,4b92041057beb669d2e6c528e8268f4d0d1e6421,black-box HTTP,idempotency,Run the original independent Stage 1 probe on the named Stage 2 service; no earlier pass substitutes for current evidence.,UNVERIFIED,unverified,stage-1.md,yes
TK1-batch-key-missing,7. Idempotency,229,1,"2,3,4",systems-engineer,systems-engineer,independent-verifier,,batch: absent key returns 400 missing_idempotency_key.,4b92041057beb669d2e6c528e8268f4d0d1e6421,black-box HTTP,idempotency,Run the original independent Stage 1 probe on the named Stage 2 service; no earlier pass substitutes for current evidence.,UNVERIFIED,unverified,stage-1.md,yes
TK1-batch-key-empty,7. Idempotency,229,1,"2,3,4",systems-engineer,systems-engineer,independent-verifier,,batch: empty key returns 400 missing_idempotency_key.,4b92041057beb669d2e6c528e8268f4d0d1e6421,black-box HTTP,idempotency,Run the original independent Stage 1 probe on the named Stage 2 service; no earlier pass substitutes for current evidence.,UNVERIFIED,unverified,stage-1.md,yes
TK1-batch-key-1,7. Idempotency,229,1,"2,3,4",systems-engineer,systems-engineer,independent-verifier,,batch: a one-character key is valid.,4b92041057beb669d2e6c528e8268f4d0d1e6421,black-box HTTP,idempotency,Run the original independent Stage 1 probe on the named Stage 2 service; no earlier pass substitutes for current evidence.,UNVERIFIED,unverified,stage-1.md,yes
TK1-batch-key-255,7. Idempotency,229,1,"2,3,4",systems-engineer,systems-engineer,independent-verifier,,batch: a 255-character key is valid.,4b92041057beb669d2e6c528e8268f4d0d1e6421,black-box HTTP,idempotency,Run the original independent Stage 1 probe on the named Stage 2 service; no earlier pass substitutes for current evidence.,UNVERIFIED,unverified,stage-1.md,yes
TK1-batch-key-256,7. Idempotency,229,1,"2,3,4",systems-engineer,systems-engineer,independent-verifier,,batch: a 256-character key returns 422 validation_failed.,4b92041057beb669d2e6c528e8268f4d0d1e6421,black-box HTTP,idempotency,Run the original independent Stage 1 probe on the named Stage 2 service; no earlier pass substitutes for current evidence.,UNVERIFIED,unverified,stage-1.md,yes
TK1-batch-key-user,7. Idempotency,229,1,"2,3,4",systems-engineer,systems-engineer,independent-verifier,,batch: identical key strings are independent across users.,4b92041057beb669d2e6c528e8268f4d0d1e6421,black-box HTTP,idempotency,Run the original independent Stage 1 probe on the named Stage 2 service; no earlier pass substitutes for current evidence.,UNVERIFIED,unverified,stage-1.md,yes
TK1-batch-key-first,7. Idempotency,229,1,"2,3,4",systems-engineer,systems-engineer,independent-verifier,,batch: first successful keyed request returns 201.,4b92041057beb669d2e6c528e8268f4d0d1e6421,black-box HTTP,idempotency,Run the original independent Stage 1 probe on the named Stage 2 service; no earlier pass substitutes for current evidence.,UNVERIFIED,unverified,stage-1.md,yes
TK1-batch-key-replay-status,7. Idempotency,229,1,"2,3,4",systems-engineer,systems-engineer,independent-verifier,,batch: replay returns 200.,4b92041057beb669d2e6c528e8268f4d0d1e6421,black-box HTTP,idempotency,Run the original independent Stage 1 probe on the named Stage 2 service; no earlier pass substitutes for current evidence.,UNVERIFIED,unverified,stage-1.md,yes
TK1-batch-key-replay-body,7. Idempotency,229,1,"2,3,4",systems-engineer,systems-engineer,independent-verifier,,batch: replay returns original JSON response exactly.,4b92041057beb669d2e6c528e8268f4d0d1e6421,black-box HTTP,idempotency,Run the original independent Stage 1 probe on the named Stage 2 service; no earlier pass substitutes for current evidence.,UNVERIFIED,unverified,stage-1.md,yes
TK1-batch-key-json-value,7. Idempotency,229,1,"2,3,4",systems-engineer,systems-engineer,independent-verifier,,batch: whitespace/key order do not change parsed body identity.,4b92041057beb669d2e6c528e8268f4d0d1e6421,black-box HTTP,idempotency,Run the original independent Stage 1 probe on the named Stage 2 service; no earlier pass substitutes for current evidence.,UNVERIFIED,unverified,stage-1.md,yes
TK1-batch-key-conflict,7. Idempotency,229,1,"2,3,4",systems-engineer,systems-engineer,independent-verifier,,batch: same key with different body returns 409 idempotency_key_reuse.,4b92041057beb669d2e6c528e8268f4d0d1e6421,black-box HTTP,idempotency,Run the original independent Stage 1 probe on the named Stage 2 service; no earlier pass substitutes for current evidence.,UNVERIFIED,unverified,stage-1.md,yes
TK1-batch-key-before-validation,7. Idempotency,229,1,"2,3,4",systems-engineer,systems-engineer,independent-verifier,,batch: body conflict is resolved before field validation.,4b92041057beb669d2e6c528e8268f4d0d1e6421,black-box HTTP,idempotency,Run the original independent Stage 1 probe on the named Stage 2 service; no earlier pass substitutes for current evidence.,UNVERIFIED,unverified,stage-1.md,yes
TK1-batch-key-before-resource,7. Idempotency,229,1,"2,3,4",systems-engineer,systems-engineer,independent-verifier,,batch: receipt replay is resolved before current-resource checks.,4b92041057beb669d2e6c528e8268f4d0d1e6421,black-box HTTP,idempotency,Run the original independent Stage 1 probe on the named Stage 2 service; no earlier pass substitutes for current evidence.,UNVERIFIED,unverified,stage-1.md,yes
TK1-batch-key-failed-reuse,7. Idempotency,229,1,"2,3,4",systems-engineer,systems-engineer,independent-verifier,,batch: a key used by a failed 4xx request remains reusable.,4b92041057beb669d2e6c528e8268f4d0d1e6421,black-box HTTP,idempotency,Run the original independent Stage 1 probe on the named Stage 2 service; no earlier pass substitutes for current evidence.,UNVERIFIED,unverified,stage-1.md,yes
TK1-batch-key-concurrent-first,7. Idempotency,229,1,"2,3,4",systems-engineer,systems-engineer,independent-verifier,,batch: concurrent identical fresh-key requests have exactly one 201.,4b92041057beb669d2e6c528e8268f4d0d1e6421,black-box HTTP,idempotency,Run the original independent Stage 1 probe on the named Stage 2 service; no earlier pass substitutes for current evidence.,UNVERIFIED,unverified,stage-1.md,yes
TK1-batch-key-concurrent-replays,7. Idempotency,229,1,"2,3,4",systems-engineer,systems-engineer,independent-verifier,,batch: all other identical concurrent requests are 200 with the original body.,4b92041057beb669d2e6c528e8268f4d0d1e6421,black-box HTTP,idempotency,Run the original independent Stage 1 probe on the named Stage 2 service; no earlier pass substitutes for current evidence.,UNVERIFIED,unverified,stage-1.md,yes
TK1-batch-key-once,7. Idempotency,229,1,"2,3,4",systems-engineer,systems-engineer,independent-verifier,,batch: concurrent identical request changes state exactly once.,4b92041057beb669d2e6c528e8268f4d0d1e6421,black-box HTTP,idempotency,Run the original independent Stage 1 probe on the named Stage 2 service; no earlier pass substitutes for current evidence.,UNVERIFIED,unverified,stage-1.md,yes
TK1-batch-key-after-amend,7. Idempotency,229,1,"2,3,4",systems-engineer,systems-engineer,independent-verifier,,batch: replay after amendment returns the original response.,4b92041057beb669d2e6c528e8268f4d0d1e6421,black-box HTTP,idempotency,Run the original independent Stage 1 probe on the named Stage 2 service; no earlier pass substitutes for current evidence.,UNVERIFIED,unverified,stage-1.md,yes
TK1-batch-key-after-cancel,7. Idempotency,229,1,"2,3,4",systems-engineer,systems-engineer,independent-verifier,,batch: replay after cancellation returns the original response.,4b92041057beb669d2e6c528e8268f4d0d1e6421,black-box HTTP,idempotency,Run the original independent Stage 1 probe on the named Stage 2 service; no earlier pass substitutes for current evidence.,UNVERIFIED,unverified,stage-1.md,yes
TK1-batch-key-no-mutation,7. Idempotency,229,1,"2,3,4",systems-engineer,systems-engineer,independent-verifier,,batch: successful replay has no additional state changes.,4b92041057beb669d2e6c528e8268f4d0d1e6421,black-box HTTP,idempotency,Run the original independent Stage 1 probe on the named Stage 2 service; no earlier pass substitutes for current evidence.,UNVERIFIED,unverified,stage-1.md,yes
TK1-key-path-scope,7. Idempotency,237,1,"2,3,4",systems-engineer,systems-engineer,independent-verifier,,Same user/key/JSON body on different paths is independent and succeeds normally.,4b92041057beb669d2e6c528e8268f4d0d1e6421,black-box HTTP,idempotency,Run the original independent Stage 1 probe on the named Stage 2 service; no earlier pass substitutes for current evidence.,UNVERIFIED,unverified,stage-1.md,yes
TK1-restaurants-status,8. GET /restaurants,269,1,"2,3,4",systems-engineer,systems-engineer,independent-verifier,,Public list returns 200.,4b92041057beb669d2e6c528e8268f4d0d1e6421,black-box HTTP,basics,Run the original independent Stage 1 probe on the named Stage 2 service; no earlier pass substitutes for current evidence.,UNVERIFIED,unverified,stage-1.md,yes
TK1-restaurants-envelope,8. GET /restaurants,269,1,"2,3,4",systems-engineer,systems-engineer,independent-verifier,,List returns a restaurants array.,4b92041057beb669d2e6c528e8268f4d0d1e6421,black-box HTTP,basics,Run the original independent Stage 1 probe on the named Stage 2 service; no earlier pass substitutes for current evidence.,UNVERIFIED,unverified,stage-1.md,yes
TK1-restaurants-id,8. GET /restaurants,269,1,"2,3,4",systems-engineer,systems-engineer,independent-verifier,,List exposes each fixture restaurant id.,4b92041057beb669d2e6c528e8268f4d0d1e6421,black-box HTTP,basics,Run the original independent Stage 1 probe on the named Stage 2 service; no earlier pass substitutes for current evidence.,UNVERIFIED,unverified,stage-1.md,yes
TK1-restaurants-name,8. GET /restaurants,269,1,"2,3,4",systems-engineer,systems-engineer,independent-verifier,,List exposes each fixture restaurant name.,4b92041057beb669d2e6c528e8268f4d0d1e6421,black-box HTTP,basics,Run the original independent Stage 1 probe on the named Stage 2 service; no earlier pass substitutes for current evidence.,UNVERIFIED,unverified,stage-1.md,yes
TK1-restaurants-timezone,8. GET /restaurants,269,1,"2,3,4",systems-engineer,systems-engineer,independent-verifier,,List exposes each fixture restaurant timezone.,4b92041057beb669d2e6c528e8268f4d0d1e6421,black-box HTTP,basics,Run the original independent Stage 1 probe on the named Stage 2 service; no earlier pass substitutes for current evidence.,UNVERIFIED,unverified,stage-1.md,yes
TK1-detail-status,8. GET /restaurants/{id},275,1,"2,3,4",systems-engineer,systems-engineer,independent-verifier,,Restaurant detail returns 200.,4b92041057beb669d2e6c528e8268f4d0d1e6421,black-box HTTP,basics,Run the original independent Stage 1 probe on the named Stage 2 service; no earlier pass substitutes for current evidence.,UNVERIFIED,unverified,stage-1.md,yes
TK1-detail-unknown,8. GET /restaurants/{id},275,1,"2,3,4",systems-engineer,systems-engineer,independent-verifier,,Unknown restaurant detail returns 404 not_found.,4b92041057beb669d2e6c528e8268f4d0d1e6421,black-box HTTP,basics,Run the original independent Stage 1 probe on the named Stage 2 service; no earlier pass substitutes for current evidence.,UNVERIFIED,unverified,stage-1.md,yes
TK1-detail-id,8. GET /restaurants/{id},275,1,"2,3,4",systems-engineer,systems-engineer,independent-verifier,,Restaurant detail preserves fixture id.,4b92041057beb669d2e6c528e8268f4d0d1e6421,black-box HTTP,basics,Run the original independent Stage 1 probe on the named Stage 2 service; no earlier pass substitutes for current evidence.,UNVERIFIED,unverified,stage-1.md,yes
TK1-detail-name,8. GET /restaurants/{id},275,1,"2,3,4",systems-engineer,systems-engineer,independent-verifier,,Restaurant detail preserves fixture name.,4b92041057beb669d2e6c528e8268f4d0d1e6421,black-box HTTP,basics,Run the original independent Stage 1 probe on the named Stage 2 service; no earlier pass substitutes for current evidence.,UNVERIFIED,unverified,stage-1.md,yes
TK1-detail-timezone,8. GET /restaurants/{id},275,1,"2,3,4",systems-engineer,systems-engineer,independent-verifier,,Restaurant detail preserves fixture timezone.,4b92041057beb669d2e6c528e8268f4d0d1e6421,black-box HTTP,basics,Run the original independent Stage 1 probe on the named Stage 2 service; no earlier pass substitutes for current evidence.,UNVERIFIED,unverified,stage-1.md,yes
TK1-detail-slot_minutes,8. GET /restaurants/{id},275,1,"2,3,4",systems-engineer,systems-engineer,independent-verifier,,Restaurant detail preserves fixture slot_minutes.,4b92041057beb669d2e6c528e8268f4d0d1e6421,black-box HTTP,basics,Run the original independent Stage 1 probe on the named Stage 2 service; no earlier pass substitutes for current evidence.,UNVERIFIED,unverified,stage-1.md,yes
TK1-detail-reservation_duration_minutes,8. GET /restaurants/{id},275,1,"2,3,4",systems-engineer,systems-engineer,independent-verifier,,Restaurant detail preserves fixture reservation_duration_minutes.,4b92041057beb669d2e6c528e8268f4d0d1e6421,black-box HTTP,basics,Run the original independent Stage 1 probe on the named Stage 2 service; no earlier pass substitutes for current evidence.,UNVERIFIED,unverified,stage-1.md,yes
TK1-detail-cancellation_cutoff_minutes,8. GET /restaurants/{id},275,1,"2,3,4",systems-engineer,systems-engineer,independent-verifier,,Restaurant detail preserves fixture cancellation_cutoff_minutes.,4b92041057beb669d2e6c528e8268f4d0d1e6421,black-box HTTP,basics,Run the original independent Stage 1 probe on the named Stage 2 service; no earlier pass substitutes for current evidence.,UNVERIFIED,unverified,stage-1.md,yes
TK1-detail-opening_hours,8. GET /restaurants/{id},275,1,"2,3,4",systems-engineer,systems-engineer,independent-verifier,,Restaurant detail preserves fixture opening_hours.,4b92041057beb669d2e6c528e8268f4d0d1e6421,black-box HTTP,basics,Run the original independent Stage 1 probe on the named Stage 2 service; no earlier pass substitutes for current evidence.,UNVERIFIED,unverified,stage-1.md,yes
TK1-detail-tables,8. GET /restaurants/{id},275,1,"2,3,4",systems-engineer,systems-engineer,independent-verifier,,Restaurant detail preserves fixture tables.,4b92041057beb669d2e6c528e8268f4d0d1e6421,black-box HTTP,basics,Run the original independent Stage 1 probe on the named Stage 2 service; no earlier pass substitutes for current evidence.,UNVERIFIED,unverified,stage-1.md,yes
TK1-availability-status,8. GET /availability,281,1,"2,3,4",systems-engineer,systems-engineer,independent-verifier,,Public availability returns 200.,4b92041057beb669d2e6c528e8268f4d0d1e6421,black-box HTTP,availability,Run the original independent Stage 1 probe on the named Stage 2 service; no earlier pass substitutes for current evidence.,UNVERIFIED,unverified,stage-1.md,yes
TK1-availability-required-restaurant,8. GET /availability,281,1,"2,3,4",systems-engineer,systems-engineer,independent-verifier,,Missing restaurant_id query returns 422 validation_failed.,4b92041057beb669d2e6c528e8268f4d0d1e6421,black-box HTTP,availability,Run the original independent Stage 1 probe on the named Stage 2 service; no earlier pass substitutes for current evidence.,UNVERIFIED,unverified,stage-1.md,yes
TK1-availability-required-date,8. GET /availability,281,1,"2,3,4",systems-engineer,systems-engineer,independent-verifier,,Missing date query returns 422 validation_failed.,4b92041057beb669d2e6c528e8268f4d0d1e6421,black-box HTTP,availability,Run the original independent Stage 1 probe on the named Stage 2 service; no earlier pass substitutes for current evidence.,UNVERIFIED,unverified,stage-1.md,yes
TK1-availability-required-party,8. GET /availability,281,1,"2,3,4",systems-engineer,systems-engineer,independent-verifier,,Missing party_size query returns 422 validation_failed.,4b92041057beb669d2e6c528e8268f4d0d1e6421,black-box HTTP,availability,Run the original independent Stage 1 probe on the named Stage 2 service; no earlier pass substitutes for current evidence.,UNVERIFIED,unverified,stage-1.md,yes
TK1-availability-restaurant,8. GET /availability,281,1,"2,3,4",systems-engineer,systems-engineer,independent-verifier,,Availability echoes restaurant_id.,4b92041057beb669d2e6c528e8268f4d0d1e6421,black-box HTTP,availability,Run the original independent Stage 1 probe on the named Stage 2 service; no earlier pass substitutes for current evidence.,UNVERIFIED,unverified,stage-1.md,yes
TK1-availability-date,8. GET /availability,281,1,"2,3,4",systems-engineer,systems-engineer,independent-verifier,,Availability echoes local calendar date.,4b92041057beb669d2e6c528e8268f4d0d1e6421,black-box HTTP,availability,Run the original independent Stage 1 probe on the named Stage 2 service; no earlier pass substitutes for current evidence.,UNVERIFIED,unverified,stage-1.md,yes
TK1-availability-timezone,8. GET /availability,281,1,"2,3,4",systems-engineer,systems-engineer,independent-verifier,,Availability echoes restaurant timezone.,4b92041057beb669d2e6c528e8268f4d0d1e6421,black-box HTTP,availability,Run the original independent Stage 1 probe on the named Stage 2 service; no earlier pass substitutes for current evidence.,UNVERIFIED,unverified,stage-1.md,yes
TK1-availability-slots-array,8. GET /availability,281,1,"2,3,4",systems-engineer,systems-engineer,independent-verifier,,Availability includes slots array.,4b92041057beb669d2e6c528e8268f4d0d1e6421,black-box HTTP,availability,Run the original independent Stage 1 probe on the named Stage 2 service; no earlier pass substitutes for current evidence.,UNVERIFIED,unverified,stage-1.md,yes
TK1-availability-local,8. GET /availability,281,1,"2,3,4",systems-engineer,systems-engineer,independent-verifier,,Every slot starts_at_local is full YYYY-MM-DDTHH:MM.,4b92041057beb669d2e6c528e8268f4d0d1e6421,black-box HTTP,availability,Run the original independent Stage 1 probe on the named Stage 2 service; no earlier pass substitutes for current evidence.,UNVERIFIED,unverified,stage-1.md,yes
TK1-availability-absolute,8. GET /availability,281,1,"2,3,4",systems-engineer,systems-engineer,independent-verifier,,Every slot starts_at has the correct explicit offset.,4b92041057beb669d2e6c528e8268f4d0d1e6421,black-box HTTP,availability,Run the original independent Stage 1 probe on the named Stage 2 service; no earlier pass substitutes for current evidence.,UNVERIFIED,unverified,stage-1.md,yes
TK1-availability-table-ids,8. GET /availability,281,1,"2,3,4",systems-engineer,systems-engineer,independent-verifier,,Every slot has available_table_ids array.,4b92041057beb669d2e6c528e8268f4d0d1e6421,black-box HTTP,availability,Run the original independent Stage 1 probe on the named Stage 2 service; no earlier pass substitutes for current evidence.,UNVERIFIED,unverified,stage-1.md,yes
TK1-availability-grid,8. GET /availability,281,1,"2,3,4",systems-engineer,systems-engineer,independent-verifier,,Slots follow every slot step from opening.,4b92041057beb669d2e6c528e8268f4d0d1e6421,black-box HTTP,availability,Run the original independent Stage 1 probe on the named Stage 2 service; no earlier pass substitutes for current evidence.,UNVERIFIED,unverified,stage-1.md,yes
TK1-availability-final,8. GET /availability,281,1,"2,3,4",systems-engineer,systems-engineer,independent-verifier,,Final allowed slot ends at or before closing; later slots are absent.,4b92041057beb669d2e6c528e8268f4d0d1e6421,black-box HTTP,availability,Run the original independent Stage 1 probe on the named Stage 2 service; no earlier pass substitutes for current evidence.,UNVERIFIED,unverified,stage-1.md,yes
TK1-availability-capacity,8. GET /availability,281,1,"2,3,4",systems-engineer,systems-engineer,independent-verifier,,Available tables have capacity at least party size.,4b92041057beb669d2e6c528e8268f4d0d1e6421,black-box HTTP,availability,Run the original independent Stage 1 probe on the named Stage 2 service; no earlier pass substitutes for current evidence.,UNVERIFIED,unverified,stage-1.md,yes
TK1-availability-occupancy,8. GET /availability,281,1,"2,3,4",systems-engineer,systems-engineer,independent-verifier,,Overlapping confirmed reservations remove tables from availability.,4b92041057beb669d2e6c528e8268f4d0d1e6421,black-box HTTP,availability,Run the original independent Stage 1 probe on the named Stage 2 service; no earlier pass substitutes for current evidence.,UNVERIFIED,unverified,stage-1.md,yes
TK1-availability-order,8. GET /availability,281,1,"2,3,4",systems-engineer,systems-engineer,independent-verifier,,Available table IDs retain fixture order.,4b92041057beb669d2e6c528e8268f4d0d1e6421,black-box HTTP,availability,Run the original independent Stage 1 probe on the named Stage 2 service; no earlier pass substitutes for current evidence.,UNVERIFIED,unverified,stage-1.md,yes
TK1-availability-empty-slot,8. GET /availability,281,1,"2,3,4",systems-engineer,systems-engineer,independent-verifier,,An occupied/full slot still appears with empty table list.,4b92041057beb669d2e6c528e8268f4d0d1e6421,black-box HTTP,availability,Run the original independent Stage 1 probe on the named Stage 2 service; no earlier pass substitutes for current evidence.,UNVERIFIED,unverified,stage-1.md,yes
TK1-availability-closed,8. GET /availability,281,1,"2,3,4",systems-engineer,systems-engineer,independent-verifier,,A closed day returns slots: [].,4b92041057beb669d2e6c528e8268f4d0d1e6421,black-box HTTP,availability,Run the original independent Stage 1 probe on the named Stage 2 service; no earlier pass substitutes for current evidence.,UNVERIFIED,unverified,stage-1.md,yes
TK1-availability-create-roundtrip,8. GET /availability,281,1,"2,3,4",systems-engineer,systems-engineer,independent-verifier,,Slot's starts_at_local is accepted unchanged by booking.,4b92041057beb669d2e6c528e8268f4d0d1e6421,black-box HTTP,availability,Run the original independent Stage 1 probe on the named Stage 2 service; no earlier pass substitutes for current evidence.,UNVERIFIED,unverified,stage-1.md,yes
TK1-create-response-reservation_id,8. API / create,312,1,"2,3,4",systems-engineer,systems-engineer,independent-verifier,,create response carries the correct reservation reservation_id.,4b92041057beb669d2e6c528e8268f4d0d1e6421,black-box HTTP,booking,Run the original independent Stage 1 probe on the named Stage 2 service; no earlier pass substitutes for current evidence.,UNVERIFIED,unverified,stage-1.md,yes
TK1-create-response-reference,8. API / create,312,1,"2,3,4",systems-engineer,systems-engineer,independent-verifier,,create response carries the correct reservation reference.,4b92041057beb669d2e6c528e8268f4d0d1e6421,black-box HTTP,booking,Run the original independent Stage 1 probe on the named Stage 2 service; no earlier pass substitutes for current evidence.,UNVERIFIED,unverified,stage-1.md,yes
TK1-create-response-restaurant_id,8. API / create,312,1,"2,3,4",systems-engineer,systems-engineer,independent-verifier,,create response carries the correct reservation restaurant_id.,4b92041057beb669d2e6c528e8268f4d0d1e6421,black-box HTTP,booking,Run the original independent Stage 1 probe on the named Stage 2 service; no earlier pass substitutes for current evidence.,UNVERIFIED,unverified,stage-1.md,yes
TK1-create-response-table_id,8. API / create,312,1,"2,3,4",systems-engineer,systems-engineer,independent-verifier,,create response carries the correct reservation table_id.,4b92041057beb669d2e6c528e8268f4d0d1e6421,black-box HTTP,booking,Run the original independent Stage 1 probe on the named Stage 2 service; no earlier pass substitutes for current evidence.,UNVERIFIED,unverified,stage-1.md,yes
TK1-create-response-party_size,8. API / create,312,1,"2,3,4",systems-engineer,systems-engineer,independent-verifier,,create response carries the correct reservation party_size.,4b92041057beb669d2e6c528e8268f4d0d1e6421,black-box HTTP,booking,Run the original independent Stage 1 probe on the named Stage 2 service; no earlier pass substitutes for current evidence.,UNVERIFIED,unverified,stage-1.md,yes
TK1-create-response-status,8. API / create,312,1,"2,3,4",systems-engineer,systems-engineer,independent-verifier,,create response carries the correct reservation status.,4b92041057beb669d2e6c528e8268f4d0d1e6421,black-box HTTP,booking,Run the original independent Stage 1 probe on the named Stage 2 service; no earlier pass substitutes for current evidence.,UNVERIFIED,unverified,stage-1.md,yes
TK1-create-response-starts_at_local,8. API / create,312,1,"2,3,4",systems-engineer,systems-engineer,independent-verifier,,create response carries the correct reservation starts_at_local.,4b92041057beb669d2e6c528e8268f4d0d1e6421,black-box HTTP,booking,Run the original independent Stage 1 probe on the named Stage 2 service; no earlier pass substitutes for current evidence.,UNVERIFIED,unverified,stage-1.md,yes
TK1-create-response-starts_at,8. API / create,312,1,"2,3,4",systems-engineer,systems-engineer,independent-verifier,,create response carries the correct reservation starts_at.,4b92041057beb669d2e6c528e8268f4d0d1e6421,black-box HTTP,booking,Run the original independent Stage 1 probe on the named Stage 2 service; no earlier pass substitutes for current evidence.,UNVERIFIED,unverified,stage-1.md,yes
TK1-create-response-ends_at,8. API / create,312,1,"2,3,4",systems-engineer,systems-engineer,independent-verifier,,create response carries the correct reservation ends_at.,4b92041057beb669d2e6c528e8268f4d0d1e6421,black-box HTTP,booking,Run the original independent Stage 1 probe on the named Stage 2 service; no earlier pass substitutes for current evidence.,UNVERIFIED,unverified,stage-1.md,yes
TK1-create-response-created_at,8. API / create,312,1,"2,3,4",systems-engineer,systems-engineer,independent-verifier,,create response carries the correct reservation created_at.,4b92041057beb669d2e6c528e8268f4d0d1e6421,black-box HTTP,booking,Run the original independent Stage 1 probe on the named Stage 2 service; no earlier pass substitutes for current evidence.,UNVERIFIED,unverified,stage-1.md,yes
TK1-list-response-reservation_id,8. API / list,356,1,"2,3,4",systems-engineer,systems-engineer,independent-verifier,,list response carries the correct reservation reservation_id.,4b92041057beb669d2e6c528e8268f4d0d1e6421,black-box HTTP,booking,Run the original independent Stage 1 probe on the named Stage 2 service; no earlier pass substitutes for current evidence.,UNVERIFIED,unverified,stage-1.md,yes
TK1-list-response-reference,8. API / list,356,1,"2,3,4",systems-engineer,systems-engineer,independent-verifier,,list response carries the correct reservation reference.,4b92041057beb669d2e6c528e8268f4d0d1e6421,black-box HTTP,booking,Run the original independent Stage 1 probe on the named Stage 2 service; no earlier pass substitutes for current evidence.,UNVERIFIED,unverified,stage-1.md,yes
TK1-list-response-restaurant_id,8. API / list,356,1,"2,3,4",systems-engineer,systems-engineer,independent-verifier,,list response carries the correct reservation restaurant_id.,4b92041057beb669d2e6c528e8268f4d0d1e6421,black-box HTTP,booking,Run the original independent Stage 1 probe on the named Stage 2 service; no earlier pass substitutes for current evidence.,UNVERIFIED,unverified,stage-1.md,yes
TK1-list-response-table_id,8. API / list,356,1,"2,3,4",systems-engineer,systems-engineer,independent-verifier,,list response carries the correct reservation table_id.,4b92041057beb669d2e6c528e8268f4d0d1e6421,black-box HTTP,booking,Run the original independent Stage 1 probe on the named Stage 2 service; no earlier pass substitutes for current evidence.,UNVERIFIED,unverified,stage-1.md,yes
TK1-list-response-party_size,8. API / list,356,1,"2,3,4",systems-engineer,systems-engineer,independent-verifier,,list response carries the correct reservation party_size.,4b92041057beb669d2e6c528e8268f4d0d1e6421,black-box HTTP,booking,Run the original independent Stage 1 probe on the named Stage 2 service; no earlier pass substitutes for current evidence.,UNVERIFIED,unverified,stage-1.md,yes
TK1-list-response-status,8. API / list,356,1,"2,3,4",systems-engineer,systems-engineer,independent-verifier,,list response carries the correct reservation status.,4b92041057beb669d2e6c528e8268f4d0d1e6421,black-box HTTP,booking,Run the original independent Stage 1 probe on the named Stage 2 service; no earlier pass substitutes for current evidence.,UNVERIFIED,unverified,stage-1.md,yes
TK1-list-response-starts_at_local,8. API / list,356,1,"2,3,4",systems-engineer,systems-engineer,independent-verifier,,list response carries the correct reservation starts_at_local.,4b92041057beb669d2e6c528e8268f4d0d1e6421,black-box HTTP,booking,Run the original independent Stage 1 probe on the named Stage 2 service; no earlier pass substitutes for current evidence.,UNVERIFIED,unverified,stage-1.md,yes
TK1-list-response-starts_at,8. API / list,356,1,"2,3,4",systems-engineer,systems-engineer,independent-verifier,,list response carries the correct reservation starts_at.,4b92041057beb669d2e6c528e8268f4d0d1e6421,black-box HTTP,booking,Run the original independent Stage 1 probe on the named Stage 2 service; no earlier pass substitutes for current evidence.,UNVERIFIED,unverified,stage-1.md,yes
TK1-list-response-ends_at,8. API / list,356,1,"2,3,4",systems-engineer,systems-engineer,independent-verifier,,list response carries the correct reservation ends_at.,4b92041057beb669d2e6c528e8268f4d0d1e6421,black-box HTTP,booking,Run the original independent Stage 1 probe on the named Stage 2 service; no earlier pass substitutes for current evidence.,UNVERIFIED,unverified,stage-1.md,yes
TK1-list-response-created_at,8. API / list,356,1,"2,3,4",systems-engineer,systems-engineer,independent-verifier,,list response carries the correct reservation created_at.,4b92041057beb669d2e6c528e8268f4d0d1e6421,black-box HTTP,booking,Run the original independent Stage 1 probe on the named Stage 2 service; no earlier pass substitutes for current evidence.,UNVERIFIED,unverified,stage-1.md,yes
TK1-lookup-response-reservation_id,8. API / lookup,362,1,"2,3,4",systems-engineer,systems-engineer,independent-verifier,,lookup response carries the correct reservation reservation_id.,4b92041057beb669d2e6c528e8268f4d0d1e6421,black-box HTTP,booking,Run the original independent Stage 1 probe on the named Stage 2 service; no earlier pass substitutes for current evidence.,UNVERIFIED,unverified,stage-1.md,yes
TK1-lookup-response-reference,8. API / lookup,362,1,"2,3,4",systems-engineer,systems-engineer,independent-verifier,,lookup response carries the correct reservation reference.,4b92041057beb669d2e6c528e8268f4d0d1e6421,black-box HTTP,booking,Run the original independent Stage 1 probe on the named Stage 2 service; no earlier pass substitutes for current evidence.,UNVERIFIED,unverified,stage-1.md,yes
TK1-lookup-response-restaurant_id,8. API / lookup,362,1,"2,3,4",systems-engineer,systems-engineer,independent-verifier,,lookup response carries the correct reservation restaurant_id.,4b92041057beb669d2e6c528e8268f4d0d1e6421,black-box HTTP,booking,Run the original independent Stage 1 probe on the named Stage 2 service; no earlier pass substitutes for current evidence.,UNVERIFIED,unverified,stage-1.md,yes
TK1-lookup-response-table_id,8. API / lookup,362,1,"2,3,4",systems-engineer,systems-engineer,independent-verifier,,lookup response carries the correct reservation table_id.,4b92041057beb669d2e6c528e8268f4d0d1e6421,black-box HTTP,booking,Run the original independent Stage 1 probe on the named Stage 2 service; no earlier pass substitutes for current evidence.,UNVERIFIED,unverified,stage-1.md,yes
TK1-lookup-response-party_size,8. API / lookup,362,1,"2,3,4",systems-engineer,systems-engineer,independent-verifier,,lookup response carries the correct reservation party_size.,4b92041057beb669d2e6c528e8268f4d0d1e6421,black-box HTTP,booking,Run the original independent Stage 1 probe on the named Stage 2 service; no earlier pass substitutes for current evidence.,UNVERIFIED,unverified,stage-1.md,yes
TK1-lookup-response-status,8. API / lookup,362,1,"2,3,4",systems-engineer,systems-engineer,independent-verifier,,lookup response carries the correct reservation status.,4b92041057beb669d2e6c528e8268f4d0d1e6421,black-box HTTP,booking,Run the original independent Stage 1 probe on the named Stage 2 service; no earlier pass substitutes for current evidence.,UNVERIFIED,unverified,stage-1.md,yes
TK1-lookup-response-starts_at_local,8. API / lookup,362,1,"2,3,4",systems-engineer,systems-engineer,independent-verifier,,lookup response carries the correct reservation starts_at_local.,4b92041057beb669d2e6c528e8268f4d0d1e6421,black-box HTTP,booking,Run the original independent Stage 1 probe on the named Stage 2 service; no earlier pass substitutes for current evidence.,UNVERIFIED,unverified,stage-1.md,yes
TK1-lookup-response-starts_at,8. API / lookup,362,1,"2,3,4",systems-engineer,systems-engineer,independent-verifier,,lookup response carries the correct reservation starts_at.,4b92041057beb669d2e6c528e8268f4d0d1e6421,black-box HTTP,booking,Run the original independent Stage 1 probe on the named Stage 2 service; no earlier pass substitutes for current evidence.,UNVERIFIED,unverified,stage-1.md,yes
TK1-lookup-response-ends_at,8. API / lookup,362,1,"2,3,4",systems-engineer,systems-engineer,independent-verifier,,lookup response carries the correct reservation ends_at.,4b92041057beb669d2e6c528e8268f4d0d1e6421,black-box HTTP,booking,Run the original independent Stage 1 probe on the named Stage 2 service; no earlier pass substitutes for current evidence.,UNVERIFIED,unverified,stage-1.md,yes
TK1-lookup-response-created_at,8. API / lookup,362,1,"2,3,4",systems-engineer,systems-engineer,independent-verifier,,lookup response carries the correct reservation created_at.,4b92041057beb669d2e6c528e8268f4d0d1e6421,black-box HTTP,booking,Run the original independent Stage 1 probe on the named Stage 2 service; no earlier pass substitutes for current evidence.,UNVERIFIED,unverified,stage-1.md,yes
TK1-cancel-response-reservation_id,8. API / cancel,367,1,"2,3,4",systems-engineer,systems-engineer,independent-verifier,,cancel response carries the correct reservation reservation_id.,4b92041057beb669d2e6c528e8268f4d0d1e6421,black-box HTTP,cancel,Run the original independent Stage 1 probe on the named Stage 2 service; no earlier pass substitutes for current evidence.,UNVERIFIED,unverified,stage-1.md,yes
TK1-cancel-response-reference,8. API / cancel,367,1,"2,3,4",systems-engineer,systems-engineer,independent-verifier,,cancel response carries the correct reservation reference.,4b92041057beb669d2e6c528e8268f4d0d1e6421,black-box HTTP,cancel,Run the original independent Stage 1 probe on the named Stage 2 service; no earlier pass substitutes for current evidence.,UNVERIFIED,unverified,stage-1.md,yes
TK1-cancel-response-restaurant_id,8. API / cancel,367,1,"2,3,4",systems-engineer,systems-engineer,independent-verifier,,cancel response carries the correct reservation restaurant_id.,4b92041057beb669d2e6c528e8268f4d0d1e6421,black-box HTTP,cancel,Run the original independent Stage 1 probe on the named Stage 2 service; no earlier pass substitutes for current evidence.,UNVERIFIED,unverified,stage-1.md,yes
TK1-cancel-response-table_id,8. API / cancel,367,1,"2,3,4",systems-engineer,systems-engineer,independent-verifier,,cancel response carries the correct reservation table_id.,4b92041057beb669d2e6c528e8268f4d0d1e6421,black-box HTTP,cancel,Run the original independent Stage 1 probe on the named Stage 2 service; no earlier pass substitutes for current evidence.,UNVERIFIED,unverified,stage-1.md,yes
TK1-cancel-response-party_size,8. API / cancel,367,1,"2,3,4",systems-engineer,systems-engineer,independent-verifier,,cancel response carries the correct reservation party_size.,4b92041057beb669d2e6c528e8268f4d0d1e6421,black-box HTTP,cancel,Run the original independent Stage 1 probe on the named Stage 2 service; no earlier pass substitutes for current evidence.,UNVERIFIED,unverified,stage-1.md,yes
TK1-cancel-response-status,8. API / cancel,367,1,"2,3,4",systems-engineer,systems-engineer,independent-verifier,,cancel response carries the correct reservation status.,4b92041057beb669d2e6c528e8268f4d0d1e6421,black-box HTTP,cancel,Run the original independent Stage 1 probe on the named Stage 2 service; no earlier pass substitutes for current evidence.,UNVERIFIED,unverified,stage-1.md,yes
TK1-cancel-response-starts_at_local,8. API / cancel,367,1,"2,3,4",systems-engineer,systems-engineer,independent-verifier,,cancel response carries the correct reservation starts_at_local.,4b92041057beb669d2e6c528e8268f4d0d1e6421,black-box HTTP,cancel,Run the original independent Stage 1 probe on the named Stage 2 service; no earlier pass substitutes for current evidence.,UNVERIFIED,unverified,stage-1.md,yes
TK1-cancel-response-starts_at,8. API / cancel,367,1,"2,3,4",systems-engineer,systems-engineer,independent-verifier,,cancel response carries the correct reservation starts_at.,4b92041057beb669d2e6c528e8268f4d0d1e6421,black-box HTTP,cancel,Run the original independent Stage 1 probe on the named Stage 2 service; no earlier pass substitutes for current evidence.,UNVERIFIED,unverified,stage-1.md,yes
TK1-cancel-response-ends_at,8. API / cancel,367,1,"2,3,4",systems-engineer,systems-engineer,independent-verifier,,cancel response carries the correct reservation ends_at.,4b92041057beb669d2e6c528e8268f4d0d1e6421,black-box HTTP,cancel,Run the original independent Stage 1 probe on the named Stage 2 service; no earlier pass substitutes for current evidence.,UNVERIFIED,unverified,stage-1.md,yes
TK1-cancel-response-created_at,8. API / cancel,367,1,"2,3,4",systems-engineer,systems-engineer,independent-verifier,,cancel response carries the correct reservation created_at.,4b92041057beb669d2e6c528e8268f4d0d1e6421,black-box HTTP,cancel,Run the original independent Stage 1 probe on the named Stage 2 service; no earlier pass substitutes for current evidence.,UNVERIFIED,unverified,stage-1.md,yes
TK1-patch-response-reservation_id,8. API / patch,382,1,"2,3,4",systems-engineer,systems-engineer,independent-verifier,,patch response carries the correct reservation reservation_id.,4b92041057beb669d2e6c528e8268f4d0d1e6421,black-box HTTP,patch,Run the original independent Stage 1 probe on the named Stage 2 service; no earlier pass substitutes for current evidence.,UNVERIFIED,unverified,stage-1.md,yes
TK1-patch-response-reference,8. API / patch,382,1,"2,3,4",systems-engineer,systems-engineer,independent-verifier,,patch response carries the correct reservation reference.,4b92041057beb669d2e6c528e8268f4d0d1e6421,black-box HTTP,patch,Run the original independent Stage 1 probe on the named Stage 2 service; no earlier pass substitutes for current evidence.,UNVERIFIED,unverified,stage-1.md,yes
TK1-patch-response-restaurant_id,8. API / patch,382,1,"2,3,4",systems-engineer,systems-engineer,independent-verifier,,patch response carries the correct reservation restaurant_id.,4b92041057beb669d2e6c528e8268f4d0d1e6421,black-box HTTP,patch,Run the original independent Stage 1 probe on the named Stage 2 service; no earlier pass substitutes for current evidence.,UNVERIFIED,unverified,stage-1.md,yes
TK1-patch-response-table_id,8. API / patch,382,1,"2,3,4",systems-engineer,systems-engineer,independent-verifier,,patch response carries the correct reservation table_id.,4b92041057beb669d2e6c528e8268f4d0d1e6421,black-box HTTP,patch,Run the original independent Stage 1 probe on the named Stage 2 service; no earlier pass substitutes for current evidence.,UNVERIFIED,unverified,stage-1.md,yes
TK1-patch-response-party_size,8. API / patch,382,1,"2,3,4",systems-engineer,systems-engineer,independent-verifier,,patch response carries the correct reservation party_size.,4b92041057beb669d2e6c528e8268f4d0d1e6421,black-box HTTP,patch,Run the original independent Stage 1 probe on the named Stage 2 service; no earlier pass substitutes for current evidence.,UNVERIFIED,unverified,stage-1.md,yes
TK1-patch-response-status,8. API / patch,382,1,"2,3,4",systems-engineer,systems-engineer,independent-verifier,,patch response carries the correct reservation status.,4b92041057beb669d2e6c528e8268f4d0d1e6421,black-box HTTP,patch,Run the original independent Stage 1 probe on the named Stage 2 service; no earlier pass substitutes for current evidence.,UNVERIFIED,unverified,stage-1.md,yes
TK1-patch-response-starts_at_local,8. API / patch,382,1,"2,3,4",systems-engineer,systems-engineer,independent-verifier,,patch response carries the correct reservation starts_at_local.,4b92041057beb669d2e6c528e8268f4d0d1e6421,black-box HTTP,patch,Run the original independent Stage 1 probe on the named Stage 2 service; no earlier pass substitutes for current evidence.,UNVERIFIED,unverified,stage-1.md,yes
TK1-patch-response-starts_at,8. API / patch,382,1,"2,3,4",systems-engineer,systems-engineer,independent-verifier,,patch response carries the correct reservation starts_at.,4b92041057beb669d2e6c528e8268f4d0d1e6421,black-box HTTP,patch,Run the original independent Stage 1 probe on the named Stage 2 service; no earlier pass substitutes for current evidence.,UNVERIFIED,unverified,stage-1.md,yes
TK1-patch-response-ends_at,8. API / patch,382,1,"2,3,4",systems-engineer,systems-engineer,independent-verifier,,patch response carries the correct reservation ends_at.,4b92041057beb669d2e6c528e8268f4d0d1e6421,black-box HTTP,patch,Run the original independent Stage 1 probe on the named Stage 2 service; no earlier pass substitutes for current evidence.,UNVERIFIED,unverified,stage-1.md,yes
TK1-patch-response-created_at,8. API / patch,382,1,"2,3,4",systems-engineer,systems-engineer,independent-verifier,,patch response carries the correct reservation created_at.,4b92041057beb669d2e6c528e8268f4d0d1e6421,black-box HTTP,patch,Run the original independent Stage 1 probe on the named Stage 2 service; no earlier pass substitutes for current evidence.,UNVERIFIED,unverified,stage-1.md,yes
TK1-batch-response-reservation_id,11. Atomic reservation moves,443,1,"2,3,4",systems-engineer,systems-engineer,independent-verifier,,batch response carries the correct reservation reservation_id.,4b92041057beb669d2e6c528e8268f4d0d1e6421,black-box HTTP,batch,Run the original independent Stage 1 probe on the named Stage 2 service; no earlier pass substitutes for current evidence.,UNVERIFIED,unverified,stage-1.md,yes
TK1-batch-response-reference,11. Atomic reservation moves,443,1,"2,3,4",systems-engineer,systems-engineer,independent-verifier,,batch response carries the correct reservation reference.,4b92041057beb669d2e6c528e8268f4d0d1e6421,black-box HTTP,batch,Run the original independent Stage 1 probe on the named Stage 2 service; no earlier pass substitutes for current evidence.,UNVERIFIED,unverified,stage-1.md,yes
TK1-batch-response-restaurant_id,11. Atomic reservation moves,443,1,"2,3,4",systems-engineer,systems-engineer,independent-verifier,,batch response carries the correct reservation restaurant_id.,4b92041057beb669d2e6c528e8268f4d0d1e6421,black-box HTTP,batch,Run the original independent Stage 1 probe on the named Stage 2 service; no earlier pass substitutes for current evidence.,UNVERIFIED,unverified,stage-1.md,yes
TK1-batch-response-table_id,11. Atomic reservation moves,443,1,"2,3,4",systems-engineer,systems-engineer,independent-verifier,,batch response carries the correct reservation table_id.,4b92041057beb669d2e6c528e8268f4d0d1e6421,black-box HTTP,batch,Run the original independent Stage 1 probe on the named Stage 2 service; no earlier pass substitutes for current evidence.,UNVERIFIED,unverified,stage-1.md,yes
TK1-batch-response-party_size,11. Atomic reservation moves,443,1,"2,3,4",systems-engineer,systems-engineer,independent-verifier,,batch response carries the correct reservation party_size.,4b92041057beb669d2e6c528e8268f4d0d1e6421,black-box HTTP,batch,Run the original independent Stage 1 probe on the named Stage 2 service; no earlier pass substitutes for current evidence.,UNVERIFIED,unverified,stage-1.md,yes
TK1-batch-response-status,11. Atomic reservation moves,443,1,"2,3,4",systems-engineer,systems-engineer,independent-verifier,,batch response carries the correct reservation status.,4b92041057beb669d2e6c528e8268f4d0d1e6421,black-box HTTP,batch,Run the original independent Stage 1 probe on the named Stage 2 service; no earlier pass substitutes for current evidence.,UNVERIFIED,unverified,stage-1.md,yes
TK1-batch-response-starts_at_local,11. Atomic reservation moves,443,1,"2,3,4",systems-engineer,systems-engineer,independent-verifier,,batch response carries the correct reservation starts_at_local.,4b92041057beb669d2e6c528e8268f4d0d1e6421,black-box HTTP,batch,Run the original independent Stage 1 probe on the named Stage 2 service; no earlier pass substitutes for current evidence.,UNVERIFIED,unverified,stage-1.md,yes
TK1-batch-response-starts_at,11. Atomic reservation moves,443,1,"2,3,4",systems-engineer,systems-engineer,independent-verifier,,batch response carries the correct reservation starts_at.,4b92041057beb669d2e6c528e8268f4d0d1e6421,black-box HTTP,batch,Run the original independent Stage 1 probe on the named Stage 2 service; no earlier pass substitutes for current evidence.,UNVERIFIED,unverified,stage-1.md,yes
TK1-batch-response-ends_at,11. Atomic reservation moves,443,1,"2,3,4",systems-engineer,systems-engineer,independent-verifier,,batch response carries the correct reservation ends_at.,4b92041057beb669d2e6c528e8268f4d0d1e6421,black-box HTTP,batch,Run the original independent Stage 1 probe on the named Stage 2 service; no earlier pass substitutes for current evidence.,UNVERIFIED,unverified,stage-1.md,yes
TK1-batch-response-created_at,11. Atomic reservation moves,443,1,"2,3,4",systems-engineer,systems-engineer,independent-verifier,,batch response carries the correct reservation created_at.,4b92041057beb669d2e6c528e8268f4d0d1e6421,black-box HTTP,batch,Run the original independent Stage 1 probe on the named Stage 2 service; no earlier pass substitutes for current evidence.,UNVERIFIED,unverified,stage-1.md,yes
TK1-booking-201,8. POST /reservations,312,1,"2,3,4",systems-engineer,systems-engineer,independent-verifier,,Successful reservation create returns 201.,4b92041057beb669d2e6c528e8268f4d0d1e6421,black-box HTTP,booking,Run the original independent Stage 1 probe on the named Stage 2 service; no earlier pass substitutes for current evidence.,UNVERIFIED,unverified,stage-1.md,yes
TK1-reference-format,8. POST /reservations,312,1,"2,3,4",systems-engineer,systems-engineer,independent-verifier,,Reference uses 6..12 uppercase ASCII A-Z0-9 characters.,4b92041057beb669d2e6c528e8268f4d0d1e6421,black-box HTTP,booking,Run the original independent Stage 1 probe on the named Stage 2 service; no earlier pass substitutes for current evidence.,UNVERIFIED,unverified,stage-1.md,yes
TK1-reference-unique,8. POST /reservations,312,1,"2,3,4",systems-engineer,systems-engineer,independent-verifier,,"References are unique across all reservations, including cancelled ones.",4b92041057beb669d2e6c528e8268f4d0d1e6421,black-box HTTP,booking,Run the original independent Stage 1 probe on the named Stage 2 service; no earlier pass substitutes for current evidence.,UNVERIFIED,unverified,stage-1.md,yes
TK1-booking-overlap,8. POST /reservations,312,1,"2,3,4",systems-engineer,systems-engineer,independent-verifier,,Overlapping confirmed occupancy returns 409 table_unavailable.,4b92041057beb669d2e6c528e8268f4d0d1e6421,black-box HTTP,booking,Run the original independent Stage 1 probe on the named Stage 2 service; no earlier pass substitutes for current evidence.,UNVERIFIED,unverified,stage-1.md,yes
TK1-booking-grid,8. POST /reservations,312,1,"2,3,4",systems-engineer,systems-engineer,independent-verifier,,Off-grid booking returns 422 not_on_slot_grid.,4b92041057beb669d2e6c528e8268f4d0d1e6421,black-box HTTP,booking,Run the original independent Stage 1 probe on the named Stage 2 service; no earlier pass substitutes for current evidence.,UNVERIFIED,unverified,stage-1.md,yes
TK1-booking-before-open,8. POST /reservations,312,1,"2,3,4",systems-engineer,systems-engineer,independent-verifier,,Booking before opening returns 422 outside_opening_hours.,4b92041057beb669d2e6c528e8268f4d0d1e6421,black-box HTTP,booking,Run the original independent Stage 1 probe on the named Stage 2 service; no earlier pass substitutes for current evidence.,UNVERIFIED,unverified,stage-1.md,yes
TK1-booking-after-close,8. POST /reservations,312,1,"2,3,4",systems-engineer,systems-engineer,independent-verifier,,Booking ending after closing returns 422 outside_opening_hours.,4b92041057beb669d2e6c528e8268f4d0d1e6421,black-box HTTP,booking,Run the original independent Stage 1 probe on the named Stage 2 service; no earlier pass substitutes for current evidence.,UNVERIFIED,unverified,stage-1.md,yes
TK1-booking-capacity,8. POST /reservations,312,1,"2,3,4",systems-engineer,systems-engineer,independent-verifier,,Party above table capacity returns 422 party_exceeds_capacity.,4b92041057beb669d2e6c528e8268f4d0d1e6421,black-box HTTP,booking,Run the original independent Stage 1 probe on the named Stage 2 service; no earlier pass substitutes for current evidence.,UNVERIFIED,unverified,stage-1.md,yes
TK1-booking-unknown-restaurant,8. POST /reservations,312,1,"2,3,4",systems-engineer,systems-engineer,independent-verifier,,Unknown restaurant returns 404 not_found.,4b92041057beb669d2e6c528e8268f4d0d1e6421,black-box HTTP,booking,Run the original independent Stage 1 probe on the named Stage 2 service; no earlier pass substitutes for current evidence.,UNVERIFIED,unverified,stage-1.md,yes
TK1-booking-unknown-table,8. POST /reservations,312,1,"2,3,4",systems-engineer,systems-engineer,independent-verifier,,Unknown table returns 404 not_found.,4b92041057beb669d2e6c528e8268f4d0d1e6421,black-box HTTP,booking,Run the original independent Stage 1 probe on the named Stage 2 service; no earlier pass substitutes for current evidence.,UNVERIFIED,unverified,stage-1.md,yes
TK1-booking-other-restaurant-table,8. POST /reservations,312,1,"2,3,4",systems-engineer,systems-engineer,independent-verifier,,Table belonging to another restaurant returns 404 not_found.,4b92041057beb669d2e6c528e8268f4d0d1e6421,black-box HTTP,booking,Run the original independent Stage 1 probe on the named Stage 2 service; no earlier pass substitutes for current evidence.,UNVERIFIED,unverified,stage-1.md,yes
TK1-create-input-restaurant_id,8. POST/PATCH /reservations / 11. Atomic reservation moves,312,1,"2,3,4",systems-engineer,systems-engineer,independent-verifier,,create: restaurant_id enforces its endpoint-specific type and value rules.,4b92041057beb669d2e6c528e8268f4d0d1e6421,black-box HTTP,validation,Run the original independent Stage 1 probe on the named Stage 2 service; no earlier pass substitutes for current evidence.,UNVERIFIED,unverified,stage-1.md,yes
TK1-create-input-table_id,8. POST/PATCH /reservations / 11. Atomic reservation moves,312,1,"2,3,4",systems-engineer,systems-engineer,independent-verifier,,create: table_id enforces its endpoint-specific type and value rules.,4b92041057beb669d2e6c528e8268f4d0d1e6421,black-box HTTP,validation,Run the original independent Stage 1 probe on the named Stage 2 service; no earlier pass substitutes for current evidence.,UNVERIFIED,unverified,stage-1.md,yes
TK1-create-input-starts_at_local,8. POST/PATCH /reservations / 11. Atomic reservation moves,312,1,"2,3,4",systems-engineer,systems-engineer,independent-verifier,,create: starts_at_local enforces its endpoint-specific type and value rules.,4b92041057beb669d2e6c528e8268f4d0d1e6421,black-box HTTP,validation,Run the original independent Stage 1 probe on the named Stage 2 service; no earlier pass substitutes for current evidence.,UNVERIFIED,unverified,stage-1.md,yes
TK1-create-input-party_size,8. POST/PATCH /reservations / 11. Atomic reservation moves,312,1,"2,3,4",systems-engineer,systems-engineer,independent-verifier,,create: party_size enforces its endpoint-specific type and value rules.,4b92041057beb669d2e6c528e8268f4d0d1e6421,black-box HTTP,validation,Run the original independent Stage 1 probe on the named Stage 2 service; no earlier pass substitutes for current evidence.,UNVERIFIED,unverified,stage-1.md,yes
TK1-patch-input-table_id,8. POST/PATCH /reservations / 11. Atomic reservation moves,382,1,"2,3,4",systems-engineer,systems-engineer,independent-verifier,,patch: table_id enforces its endpoint-specific type and value rules.,4b92041057beb669d2e6c528e8268f4d0d1e6421,black-box HTTP,validation,Run the original independent Stage 1 probe on the named Stage 2 service; no earlier pass substitutes for current evidence.,UNVERIFIED,unverified,stage-1.md,yes
TK1-patch-input-starts_at_local,8. POST/PATCH /reservations / 11. Atomic reservation moves,382,1,"2,3,4",systems-engineer,systems-engineer,independent-verifier,,patch: starts_at_local enforces its endpoint-specific type and value rules.,4b92041057beb669d2e6c528e8268f4d0d1e6421,black-box HTTP,validation,Run the original independent Stage 1 probe on the named Stage 2 service; no earlier pass substitutes for current evidence.,UNVERIFIED,unverified,stage-1.md,yes
TK1-patch-input-party_size,8. POST/PATCH /reservations / 11. Atomic reservation moves,382,1,"2,3,4",systems-engineer,systems-engineer,independent-verifier,,patch: party_size enforces its endpoint-specific type and value rules.,4b92041057beb669d2e6c528e8268f4d0d1e6421,black-box HTTP,validation,Run the original independent Stage 1 probe on the named Stage 2 service; no earlier pass substitutes for current evidence.,UNVERIFIED,unverified,stage-1.md,yes
TK1-batch-input-table_id,8. POST/PATCH /reservations / 11. Atomic reservation moves,443,1,"2,3,4",systems-engineer,systems-engineer,independent-verifier,,batch: table_id enforces its endpoint-specific type and value rules.,4b92041057beb669d2e6c528e8268f4d0d1e6421,black-box HTTP,validation,Run the original independent Stage 1 probe on the named Stage 2 service; no earlier pass substitutes for current evidence.,UNVERIFIED,unverified,stage-1.md,yes
TK1-batch-input-starts_at_local,8. POST/PATCH /reservations / 11. Atomic reservation moves,443,1,"2,3,4",systems-engineer,systems-engineer,independent-verifier,,batch: starts_at_local enforces its endpoint-specific type and value rules.,4b92041057beb669d2e6c528e8268f4d0d1e6421,black-box HTTP,validation,Run the original independent Stage 1 probe on the named Stage 2 service; no earlier pass substitutes for current evidence.,UNVERIFIED,unverified,stage-1.md,yes
TK1-batch-input-party_size,8. POST/PATCH /reservations / 11. Atomic reservation moves,443,1,"2,3,4",systems-engineer,systems-engineer,independent-verifier,,batch: party_size enforces its endpoint-specific type and value rules.,4b92041057beb669d2e6c528e8268f4d0d1e6421,black-box HTTP,validation,Run the original independent Stage 1 probe on the named Stage 2 service; no earlier pass substitutes for current evidence.,UNVERIFIED,unverified,stage-1.md,yes
TK1-list-order,8. GET /reservations,356,1,"2,3,4",systems-engineer,systems-engineer,independent-verifier,,Caller reservations are sorted by starts_at descending.,4b92041057beb669d2e6c528e8268f4d0d1e6421,black-box HTTP,booking,Run the original independent Stage 1 probe on the named Stage 2 service; no earlier pass substitutes for current evidence.,UNVERIFIED,unverified,stage-1.md,yes
TK1-list-owner,8. GET /reservations,356,1,"2,3,4",systems-engineer,systems-engineer,independent-verifier,,Caller list includes only that caller's bookings.,4b92041057beb669d2e6c528e8268f4d0d1e6421,black-box HTTP,booking,Run the original independent Stage 1 probe on the named Stage 2 service; no earlier pass substitutes for current evidence.,UNVERIFIED,unverified,stage-1.md,yes
TK1-list-statuses,8. GET /reservations,356,1,"2,3,4",systems-engineer,systems-engineer,independent-verifier,,List includes both confirmed and cancelled records.,4b92041057beb669d2e6c528e8268f4d0d1e6421,black-box HTTP,booking,Run the original independent Stage 1 probe on the named Stage 2 service; no earlier pass substitutes for current evidence.,UNVERIFIED,unverified,stage-1.md,yes
TK1-list-empty,8. GET /reservations,356,1,"2,3,4",systems-engineer,systems-engineer,independent-verifier,,Empty caller list is {reservations: []}.,4b92041057beb669d2e6c528e8268f4d0d1e6421,black-box HTTP,booking,Run the original independent Stage 1 probe on the named Stage 2 service; no earlier pass substitutes for current evidence.,UNVERIFIED,unverified,stage-1.md,yes
TK1-lookup-owner,8. GET /reservations,356,1,"2,3,4",systems-engineer,systems-engineer,independent-verifier,,Another owner's reference returns 404 not_found without revealing its existence.,4b92041057beb669d2e6c528e8268f4d0d1e6421,black-box HTTP,booking,Run the original independent Stage 1 probe on the named Stage 2 service; no earlier pass substitutes for current evidence.,UNVERIFIED,unverified,stage-1.md,yes
TK1-lookup-unknown,8. GET /reservations,356,1,"2,3,4",systems-engineer,systems-engineer,independent-verifier,,Unknown reference returns 404 not_found.,4b92041057beb669d2e6c528e8268f4d0d1e6421,black-box HTTP,booking,Run the original independent Stage 1 probe on the named Stage 2 service; no earlier pass substitutes for current evidence.,UNVERIFIED,unverified,stage-1.md,yes
TK1-cancel-200,8. POST /reservations/{reference}/cancel,367,1,"2,3,4",systems-engineer,systems-engineer,independent-verifier,,Cancellation returns 200 with current cancelled state.,4b92041057beb669d2e6c528e8268f4d0d1e6421,black-box HTTP,cancel,Run the original independent Stage 1 probe on the named Stage 2 service; no earlier pass substitutes for current evidence.,UNVERIFIED,unverified,stage-1.md,yes
TK1-cancel-release,8. POST /reservations/{reference}/cancel,367,1,"2,3,4",systems-engineer,systems-engineer,independent-verifier,,Cancellation immediately releases occupancy in next availability response.,4b92041057beb669d2e6c528e8268f4d0d1e6421,black-box HTTP,cancel,Run the original independent Stage 1 probe on the named Stage 2 service; no earlier pass substitutes for current evidence.,UNVERIFIED,unverified,stage-1.md,yes
TK1-cancel-twice,8. POST /reservations/{reference}/cancel,367,1,"2,3,4",systems-engineer,systems-engineer,independent-verifier,,Repeated cancellation returns current state with 200.,4b92041057beb669d2e6c528e8268f4d0d1e6421,black-box HTTP,cancel,Run the original independent Stage 1 probe on the named Stage 2 service; no earlier pass substitutes for current evidence.,UNVERIFIED,unverified,stage-1.md,yes
TK1-cancel-cutoff,8. POST /reservations/{reference}/cancel,367,1,"2,3,4",systems-engineer,systems-engineer,independent-verifier,,Cancellation within cutoff returns 409 cutoff_passed.,4b92041057beb669d2e6c528e8268f4d0d1e6421,black-box HTTP,cancel,Run the original independent Stage 1 probe on the named Stage 2 service; no earlier pass substitutes for current evidence.,UNVERIFIED,unverified,stage-1.md,yes
TK1-cancel-later,8. POST /reservations/{reference}/cancel,367,1,"2,3,4",systems-engineer,systems-engineer,independent-verifier,,Cancellation at or after start returns 409 cutoff_passed.,4b92041057beb669d2e6c528e8268f4d0d1e6421,black-box HTTP,cancel,Run the original independent Stage 1 probe on the named Stage 2 service; no earlier pass substitutes for current evidence.,UNVERIFIED,unverified,stage-1.md,yes
TK1-cancel-owner,8. POST /reservations/{reference}/cancel,367,1,"2,3,4",systems-engineer,systems-engineer,independent-verifier,,Cancellation of another owner's booking returns 404 not_found.,4b92041057beb669d2e6c528e8268f4d0d1e6421,black-box HTTP,cancel,Run the original independent Stage 1 probe on the named Stage 2 service; no earlier pass substitutes for current evidence.,UNVERIFIED,unverified,stage-1.md,yes
TK1-patch-subsets,8. PATCH /reservations/{reference},382,1,"2,3,4",systems-engineer,systems-engineer,independent-verifier,,"Any subset of table_id, starts_at_local and party_size may be amended.",4b92041057beb669d2e6c528e8268f4d0d1e6421,black-box HTTP,patch,Run the original independent Stage 1 probe on the named Stage 2 service; no earlier pass substitutes for current evidence.,UNVERIFIED,unverified,stage-1.md,yes
TK1-patch-no-key,8. PATCH /reservations/{reference},382,1,"2,3,4",systems-engineer,systems-engineer,independent-verifier,,PATCH needs no idempotency key.,4b92041057beb669d2e6c528e8268f4d0d1e6421,black-box HTTP,patch,Run the original independent Stage 1 probe on the named Stage 2 service; no earlier pass substitutes for current evidence.,UNVERIFIED,unverified,stage-1.md,yes
TK1-patch-retain-omitted,8. PATCH /reservations/{reference},382,1,"2,3,4",systems-engineer,systems-engineer,independent-verifier,,Omitted PATCH fields retain their current values.,4b92041057beb669d2e6c528e8268f4d0d1e6421,black-box HTTP,patch,"[""python3"", ""/verifier/stage-2/api.py"", ""--base"", ""http://independent-verifier-s2-4b92041057be-20261004t020635-source:18309"", ""--peer"", ""http://independent-verifier-s2-4b92041057be-20261004t020635-peer:8080"", ""--candidate"", ""4b92041057beb669d2e6c528e8268f4d0d1e6421"", ""--out"", ""/out/amend-retained"", ""--case"", ""amend-retained""]",/out/amend-retained/assertions.json#TK1-patch-retain-omitted,verified,stage-1.md,yes
TK1-patch-validation,8. PATCH /reservations/{reference},382,1,"2,3,4",systems-engineer,systems-engineer,independent-verifier,,PATCH applies the same grid/opening/capacity/time/resource validation as create.,4b92041057beb669d2e6c528e8268f4d0d1e6421,black-box HTTP,patch,Run the original independent Stage 1 probe on the named Stage 2 service; no earlier pass substitutes for current evidence.,UNVERIFIED,unverified,stage-1.md,yes
TK1-patch-cutoff,8. PATCH /reservations/{reference},382,1,"2,3,4",systems-engineer,systems-engineer,independent-verifier,,PATCH within cutoff returns 409 cutoff_passed.,4b92041057beb669d2e6c528e8268f4d0d1e6421,black-box HTTP,patch,Run the original independent Stage 1 probe on the named Stage 2 service; no earlier pass substitutes for current evidence.,UNVERIFIED,unverified,stage-1.md,yes
TK1-patch-current-cutoff,8. PATCH /reservations/{reference},382,1,"2,3,4",systems-engineer,systems-engineer,independent-verifier,,"PATCH cutoff uses current start, not proposed/original start.",4b92041057beb669d2e6c528e8268f4d0d1e6421,black-box HTTP,patch,Run the original independent Stage 1 probe on the named Stage 2 service; no earlier pass substitutes for current evidence.,UNVERIFIED,unverified,stage-1.md,yes
TK1-patch-cancelled,8. PATCH /reservations/{reference},382,1,"2,3,4",systems-engineer,systems-engineer,independent-verifier,,PATCH of cancelled booking returns 409 reservation_cancelled.,4b92041057beb669d2e6c528e8268f4d0d1e6421,black-box HTTP,patch,Run the original independent Stage 1 probe on the named Stage 2 service; no earlier pass substitutes for current evidence.,UNVERIFIED,unverified,stage-1.md,yes
TK1-patch-atomic,8. PATCH /reservations/{reference},382,1,"2,3,4",systems-engineer,systems-engineer,independent-verifier,,Successful amendment releases old and reserves new occupancy together.,4b92041057beb669d2e6c528e8268f4d0d1e6421,black-box HTTP,patch,Run the original independent Stage 1 probe on the named Stage 2 service; no earlier pass substitutes for current evidence.,UNVERIFIED,unverified,stage-1.md,yes
TK1-patch-failure-record,8. PATCH /reservations/{reference},382,1,"2,3,4",systems-engineer,systems-engineer,independent-verifier,,Failed amendment leaves the original record unchanged.,4b92041057beb669d2e6c528e8268f4d0d1e6421,black-box HTTP,patch,Run the original independent Stage 1 probe on the named Stage 2 service; no earlier pass substitutes for current evidence.,UNVERIFIED,unverified,stage-1.md,yes
TK1-patch-failure-occupancy,8. PATCH /reservations/{reference},382,1,"2,3,4",systems-engineer,systems-engineer,independent-verifier,,Failed amendment leaves original occupancy unchanged.,4b92041057beb669d2e6c528e8268f4d0d1e6421,black-box HTTP,patch,Run the original independent Stage 1 probe on the named Stage 2 service; no earlier pass substitutes for current evidence.,UNVERIFIED,unverified,stage-1.md,yes
TK1-patch-identity,8. PATCH /reservations/{reference},382,1,"2,3,4",systems-engineer,systems-engineer,independent-verifier,,Reservation ID survives amendments.,4b92041057beb669d2e6c528e8268f4d0d1e6421,black-box HTTP,patch,Run the original independent Stage 1 probe on the named Stage 2 service; no earlier pass substitutes for current evidence.,UNVERIFIED,unverified,stage-1.md,yes
TK1-patch-reference,8. PATCH /reservations/{reference},382,1,"2,3,4",systems-engineer,systems-engineer,independent-verifier,,Reference survives amendments.,4b92041057beb669d2e6c528e8268f4d0d1e6421,black-box HTTP,patch,Run the original independent Stage 1 probe on the named Stage 2 service; no earlier pass substitutes for current evidence.,UNVERIFIED,unverified,stage-1.md,yes
TK1-patch-owner,8. PATCH /reservations/{reference},382,1,"2,3,4",systems-engineer,systems-engineer,independent-verifier,,Another owner's reference returns 404 not_found.,4b92041057beb669d2e6c528e8268f4d0d1e6421,black-box HTTP,patch,Run the original independent Stage 1 probe on the named Stage 2 service; no earlier pass substitutes for current evidence.,UNVERIFIED,unverified,stage-1.md,yes
TK1-berlin-spring-absent,9. Time and DST,394,1,"2,3,4",systems-engineer,systems-engineer,independent-verifier,,berlin: 2026-03-29 nonexistent local times do not appear in availability.,4b92041057beb669d2e6c528e8268f4d0d1e6421,black-box HTTP,dst,Run the original independent Stage 1 probe on the named Stage 2 service; no earlier pass substitutes for current evidence.,UNVERIFIED,unverified,stage-1.md,yes
TK1-berlin-spring-error,9. Time and DST,394,1,"2,3,4",systems-engineer,systems-engineer,independent-verifier,,berlin: booking nonexistent local time gives 422 invalid_local_time.,4b92041057beb669d2e6c528e8268f4d0d1e6421,black-box HTTP,dst,Run the original independent Stage 1 probe on the named Stage 2 service; no earlier pass substitutes for current evidence.,UNVERIFIED,unverified,stage-1.md,yes
TK1-berlin-fall-first,9. Time and DST,394,1,"2,3,4",systems-engineer,systems-engineer,independent-verifier,,berlin: 2026-10-25 repeated-hour booking resolves to the first occurrence.,4b92041057beb669d2e6c528e8268f4d0d1e6421,black-box HTTP,dst,Run the original independent Stage 1 probe on the named Stage 2 service; no earlier pass substitutes for current evidence.,UNVERIFIED,unverified,stage-1.md,yes
TK1-berlin-fall-once,9. Time and DST,394,1,"2,3,4",systems-engineer,systems-engineer,independent-verifier,,berlin: repeated-hour availability slot appears once.,4b92041057beb669d2e6c528e8268f4d0d1e6421,black-box HTTP,dst,Run the original independent Stage 1 probe on the named Stage 2 service; no earlier pass substitutes for current evidence.,UNVERIFIED,unverified,stage-1.md,yes
TK1-berlin-fall-second,9. Time and DST,394,1,"2,3,4",systems-engineer,systems-engineer,independent-verifier,,berlin: second occurrence cannot be booked by offset timestamp.,4b92041057beb669d2e6c528e8268f4d0d1e6421,black-box HTTP,dst,Run the original independent Stage 1 probe on the named Stage 2 service; no earlier pass substitutes for current evidence.,UNVERIFIED,unverified,stage-1.md,yes
TK1-berlin-absolute-duration,9. Time and DST,394,1,"2,3,4",systems-engineer,systems-engineer,independent-verifier,,berlin: duration across DST uses elapsed absolute minutes.,4b92041057beb669d2e6c528e8268f4d0d1e6421,black-box HTTP,dst,Run the original independent Stage 1 probe on the named Stage 2 service; no earlier pass substitutes for current evidence.,UNVERIFIED,unverified,stage-1.md,yes
TK1-berlin-offsets,9. Time and DST,394,1,"2,3,4",systems-engineer,systems-engineer,independent-verifier,,berlin: timestamps follow date-specific IANA offsets.,4b92041057beb669d2e6c528e8268f4d0d1e6421,black-box HTTP,dst,Run the original independent Stage 1 probe on the named Stage 2 service; no earlier pass substitutes for current evidence.,UNVERIFIED,unverified,stage-1.md,yes
TK1-new-york-spring-absent,9. Time and DST,394,1,"2,3,4",systems-engineer,systems-engineer,independent-verifier,,new-york: 2026-03-08 nonexistent local times do not appear in availability.,4b92041057beb669d2e6c528e8268f4d0d1e6421,black-box HTTP,dst,Run the original independent Stage 1 probe on the named Stage 2 service; no earlier pass substitutes for current evidence.,UNVERIFIED,unverified,stage-1.md,yes
TK1-new-york-spring-error,9. Time and DST,394,1,"2,3,4",systems-engineer,systems-engineer,independent-verifier,,new-york: booking nonexistent local time gives 422 invalid_local_time.,4b92041057beb669d2e6c528e8268f4d0d1e6421,black-box HTTP,dst,Run the original independent Stage 1 probe on the named Stage 2 service; no earlier pass substitutes for current evidence.,UNVERIFIED,unverified,stage-1.md,yes
TK1-new-york-fall-first,9. Time and DST,394,1,"2,3,4",systems-engineer,systems-engineer,independent-verifier,,new-york: 2026-11-01 repeated-hour booking resolves to the first occurrence.,4b92041057beb669d2e6c528e8268f4d0d1e6421,black-box HTTP,dst,Run the original independent Stage 1 probe on the named Stage 2 service; no earlier pass substitutes for current evidence.,UNVERIFIED,unverified,stage-1.md,yes
TK1-new-york-fall-once,9. Time and DST,394,1,"2,3,4",systems-engineer,systems-engineer,independent-verifier,,new-york: repeated-hour availability slot appears once.,4b92041057beb669d2e6c528e8268f4d0d1e6421,black-box HTTP,dst,Run the original independent Stage 1 probe on the named Stage 2 service; no earlier pass substitutes for current evidence.,UNVERIFIED,unverified,stage-1.md,yes
TK1-new-york-fall-second,9. Time and DST,394,1,"2,3,4",systems-engineer,systems-engineer,independent-verifier,,new-york: second occurrence cannot be booked by offset timestamp.,4b92041057beb669d2e6c528e8268f4d0d1e6421,black-box HTTP,dst,Run the original independent Stage 1 probe on the named Stage 2 service; no earlier pass substitutes for current evidence.,UNVERIFIED,unverified,stage-1.md,yes
TK1-new-york-absolute-duration,9. Time and DST,394,1,"2,3,4",systems-engineer,systems-engineer,independent-verifier,,new-york: duration across DST uses elapsed absolute minutes.,4b92041057beb669d2e6c528e8268f4d0d1e6421,black-box HTTP,dst,Run the original independent Stage 1 probe on the named Stage 2 service; no earlier pass substitutes for current evidence.,UNVERIFIED,unverified,stage-1.md,yes
TK1-new-york-offsets,9. Time and DST,394,1,"2,3,4",systems-engineer,systems-engineer,independent-verifier,,new-york: timestamps follow date-specific IANA offsets.,4b92041057beb669d2e6c528e8268f4d0d1e6421,black-box HTTP,dst,Run the original independent Stage 1 probe on the named Stage 2 service; no earlier pass substitutes for current evidence.,UNVERIFIED,unverified,stage-1.md,yes
TK1-export-public,10. Export and import,418,1,"2,3,4",systems-engineer,systems-engineer,independent-verifier,,Export requires no authentication.,4b92041057beb669d2e6c528e8268f4d0d1e6421,black-box HTTP,export,Run the original independent Stage 1 probe on the named Stage 2 service; no earlier pass substitutes for current evidence.,UNVERIFIED,unverified,stage-1.md,yes
TK1-export-200,10. Export and import,418,1,"2,3,4",systems-engineer,systems-engineer,independent-verifier,,Export returns 200 JSON object.,4b92041057beb669d2e6c528e8268f4d0d1e6421,black-box HTTP,export,Run the original independent Stage 1 probe on the named Stage 2 service; no earlier pass substitutes for current evidence.,UNVERIFIED,unverified,stage-1.md,yes
TK1-export-track,10. Export and import,418,1,"2,3,4",systems-engineer,systems-engineer,independent-verifier,,Export track is tablekeeper.,4b92041057beb669d2e6c528e8268f4d0d1e6421,black-box HTTP,export,Run the original independent Stage 1 probe on the named Stage 2 service; no earlier pass substitutes for current evidence.,UNVERIFIED,unverified,stage-1.md,yes
TK1-export-version,10. Export and import,418,1,"2,3,4",systems-engineer,systems-engineer,independent-verifier,,Export format_version is 1.,4b92041057beb669d2e6c528e8268f4d0d1e6421,black-box HTTP,export,Run the original independent Stage 1 probe on the named Stage 2 service; no earlier pass substitutes for current evidence.,UNVERIFIED,unverified,stage-1.md,yes
TK1-export-state,10. Export and import,418,1,"2,3,4",systems-engineer,systems-engineer,independent-verifier,,Export includes opaque JSON state object.,4b92041057beb669d2e6c528e8268f4d0d1e6421,black-box HTTP,export,Run the original independent Stage 1 probe on the named Stage 2 service; no earlier pass substitutes for current evidence.,UNVERIFIED,unverified,stage-1.md,yes
TK1-import-public,10. Export and import,418,1,"2,3,4",systems-engineer,systems-engineer,independent-verifier,,Import requires no authentication.,4b92041057beb669d2e6c528e8268f4d0d1e6421,black-box HTTP,export,Run the original independent Stage 1 probe on the named Stage 2 service; no earlier pass substitutes for current evidence.,UNVERIFIED,unverified,stage-1.md,yes
TK1-import-204,10. Export and import,418,1,"2,3,4",systems-engineer,systems-engineer,independent-verifier,,Unchanged export imports with 204 and no body.,4b92041057beb669d2e6c528e8268f4d0d1e6421,black-box HTTP,export,Run the original independent Stage 1 probe on the named Stage 2 service; no earlier pass substitutes for current evidence.,UNVERIFIED,unverified,stage-1.md,yes
TK1-import-independent,10. Export and import,418,1,"2,3,4",systems-engineer,systems-engineer,independent-verifier,,Import works in an independent destination process without source volumes or address.,4b92041057beb669d2e6c528e8268f4d0d1e6421,black-box HTTP,export,Run the original independent Stage 1 probe on the named Stage 2 service; no earlier pass substitutes for current evidence.,UNVERIFIED,unverified,stage-1.md,yes
TK1-import-replace-data,10. Export and import,418,1,"2,3,4",systems-engineer,systems-engineer,independent-verifier,,Import removes all pre-existing destination reservations/configuration.,4b92041057beb669d2e6c528e8268f4d0d1e6421,black-box HTTP,export,Run the original independent Stage 1 probe on the named Stage 2 service; no earlier pass substitutes for current evidence.,UNVERIFIED,unverified,stage-1.md,yes
TK1-import-replace-credentials,10. Export and import,418,1,"2,3,4",systems-engineer,systems-engineer,independent-verifier,,Import removes all pre-existing destination accounts/tokens.,4b92041057beb669d2e6c528e8268f4d0d1e6421,black-box HTTP,export,Run the original independent Stage 1 probe on the named Stage 2 service; no earlier pass substitutes for current evidence.,UNVERIFIED,unverified,stage-1.md,yes
TK1-import-repeat,10. Export and import,418,1,"2,3,4",systems-engineer,systems-engineer,independent-verifier,,Repeated import restores exact snapshot without duplicates.,4b92041057beb669d2e6c528e8268f4d0d1e6421,black-box HTTP,export,Run the original independent Stage 1 probe on the named Stage 2 service; no earlier pass substitutes for current evidence.,UNVERIFIED,unverified,stage-1.md,yes
TK1-import-invalid-json,10. Export and import,418,1,"2,3,4",systems-engineer,systems-engineer,independent-verifier,,Unparseable import body returns 400 malformed_request.,4b92041057beb669d2e6c528e8268f4d0d1e6421,black-box HTTP,export,Run the original independent Stage 1 probe on the named Stage 2 service; no earlier pass substitutes for current evidence.,UNVERIFIED,unverified,stage-1.md,yes
TK1-import-missing,10. Export and import,418,1,"2,3,4",systems-engineer,systems-engineer,independent-verifier,,Missing import wrapper fields return 422 validation_failed.,4b92041057beb669d2e6c528e8268f4d0d1e6421,black-box HTTP,export,Run the original independent Stage 1 probe on the named Stage 2 service; no earlier pass substitutes for current evidence.,UNVERIFIED,unverified,stage-1.md,yes
TK1-import-track,10. Export and import,418,1,"2,3,4",systems-engineer,systems-engineer,independent-verifier,,Wrong import track returns 422 validation_failed.,4b92041057beb669d2e6c528e8268f4d0d1e6421,black-box HTTP,export,Run the original independent Stage 1 probe on the named Stage 2 service; no earlier pass substitutes for current evidence.,UNVERIFIED,unverified,stage-1.md,yes
TK1-import-version,10. Export and import,418,1,"2,3,4",systems-engineer,systems-engineer,independent-verifier,,Wrong import version returns 422 validation_failed.,4b92041057beb669d2e6c528e8268f4d0d1e6421,black-box HTTP,export,Run the original independent Stage 1 probe on the named Stage 2 service; no earlier pass substitutes for current evidence.,UNVERIFIED,unverified,stage-1.md,yes
TK1-import-invalid-state,10. Export and import,418,1,"2,3,4",systems-engineer,systems-engineer,independent-verifier,,Invalid import state returns 422 validation_failed.,4b92041057beb669d2e6c528e8268f4d0d1e6421,black-box HTTP,export,Run the original independent Stage 1 probe on the named Stage 2 service; no earlier pass substitutes for current evidence.,UNVERIFIED,unverified,stage-1.md,yes
TK1-import-failure-atomic,10. Export and import,418,1,"2,3,4",systems-engineer,systems-engineer,independent-verifier,,Invalid import leaves all destination state unchanged.,4b92041057beb669d2e6c528e8268f4d0d1e6421,black-box HTTP,export,Run the original independent Stage 1 probe on the named Stage 2 service; no earlier pass substitutes for current evidence.,UNVERIFIED,unverified,stage-1.md,yes
TK1-export-readonly,10. Export and import,418,1,"2,3,4",systems-engineer,systems-engineer,independent-verifier,,Export does not mutate source state.,4b92041057beb669d2e6c528e8268f4d0d1e6421,black-box HTTP,export,Run the original independent Stage 1 probe on the named Stage 2 service; no earlier pass substitutes for current evidence.,UNVERIFIED,unverified,stage-1.md,yes
TK1-export-snapshot,10. Export and import,418,1,"2,3,4",systems-engineer,systems-engineer,independent-verifier,,Later source writes do not alter an earlier export.,4b92041057beb669d2e6c528e8268f4d0d1e6421,black-box HTTP,export,Run the original independent Stage 1 probe on the named Stage 2 service; no earlier pass substitutes for current evidence.,UNVERIFIED,unverified,stage-1.md,yes
TK1-import-accounts,10. Export and import,418,1,"2,3,4",systems-engineer,systems-engineer,independent-verifier,,Import preserves accounts and display identity.,4b92041057beb669d2e6c528e8268f4d0d1e6421,black-box HTTP,export,Run the original independent Stage 1 probe on the named Stage 2 service; no earlier pass substitutes for current evidence.,UNVERIFIED,unverified,stage-1.md,yes
TK1-import-passwords,10. Export and import,418,1,"2,3,4",systems-engineer,systems-engineer,independent-verifier,,Imported hashed passwords still allow login.,4b92041057beb669d2e6c528e8268f4d0d1e6421,black-box HTTP,export,Run the original independent Stage 1 probe on the named Stage 2 service; no earlier pass substitutes for current evidence.,UNVERIFIED,unverified,stage-1.md,yes
TK1-import-tokens,10. Export and import,418,1,"2,3,4",systems-engineer,systems-engineer,independent-verifier,,Existing source bearer tokens remain valid in destination.,4b92041057beb669d2e6c528e8268f4d0d1e6421,black-box HTTP,export,Run the original independent Stage 1 probe on the named Stage 2 service; no earlier pass substitutes for current evidence.,UNVERIFIED,unverified,stage-1.md,yes
TK1-import-fixture,10. Export and import,418,1,"2,3,4",systems-engineer,systems-engineer,independent-verifier,,Import preserves restaurant/table fixture configuration.,4b92041057beb669d2e6c528e8268f4d0d1e6421,black-box HTTP,export,Run the original independent Stage 1 probe on the named Stage 2 service; no earlier pass substitutes for current evidence.,UNVERIFIED,unverified,stage-1.md,yes
TK1-import-reservations,10. Export and import,418,1,"2,3,4",systems-engineer,systems-engineer,independent-verifier,,Import preserves every confirmed and cancelled reservation.,4b92041057beb669d2e6c528e8268f4d0d1e6421,black-box HTTP,export,Run the original independent Stage 1 probe on the named Stage 2 service; no earlier pass substitutes for current evidence.,UNVERIFIED,unverified,stage-1.md,yes
TK1-import-references,10. Export and import,418,1,"2,3,4",systems-engineer,systems-engineer,independent-verifier,,Import preserves references.,4b92041057beb669d2e6c528e8268f4d0d1e6421,black-box HTTP,export,Run the original independent Stage 1 probe on the named Stage 2 service; no earlier pass substitutes for current evidence.,UNVERIFIED,unverified,stage-1.md,yes
TK1-import-identities,10. Export and import,418,1,"2,3,4",systems-engineer,systems-engineer,independent-verifier,,Import preserves reservation IDs.,4b92041057beb669d2e6c528e8268f4d0d1e6421,black-box HTTP,export,Run the original independent Stage 1 probe on the named Stage 2 service; no earlier pass substitutes for current evidence.,UNVERIFIED,unverified,stage-1.md,yes
TK1-import-statuses,10. Export and import,418,1,"2,3,4",systems-engineer,systems-engineer,independent-verifier,,Import preserves reservation statuses.,4b92041057beb669d2e6c528e8268f4d0d1e6421,black-box HTTP,export,Run the original independent Stage 1 probe on the named Stage 2 service; no earlier pass substitutes for current evidence.,UNVERIFIED,unverified,stage-1.md,yes
TK1-import-timestamps,10. Export and import,418,1,"2,3,4",systems-engineer,systems-engineer,independent-verifier,,Import preserves start/end/creation timestamps exactly.,4b92041057beb669d2e6c528e8268f4d0d1e6421,black-box HTTP,export,Run the original independent Stage 1 probe on the named Stage 2 service; no earlier pass substitutes for current evidence.,UNVERIFIED,unverified,stage-1.md,yes
TK1-import-create-receipt,10. Export and import,418,1,"2,3,4",systems-engineer,systems-engineer,independent-verifier,,Import preserves original create response and parsed request identity.,4b92041057beb669d2e6c528e8268f4d0d1e6421,black-box HTTP,export,Run the original independent Stage 1 probe on the named Stage 2 service; no earlier pass substitutes for current evidence.,UNVERIFIED,unverified,stage-1.md,yes
TK1-import-batch-receipt,10. Export and import,418,1,"2,3,4",systems-engineer,systems-engineer,independent-verifier,,Import preserves original batch response and parsed request identity.,4b92041057beb669d2e6c528e8268f4d0d1e6421,black-box HTTP,export,Run the original independent Stage 1 probe on the named Stage 2 service; no earlier pass substitutes for current evidence.,UNVERIFIED,unverified,stage-1.md,yes
TK1-import-failed-create-key,10. Export and import,418,1,"2,3,4",systems-engineer,systems-engineer,independent-verifier,,Failed reservation-create keys remain reusable after import.,4b92041057beb669d2e6c528e8268f4d0d1e6421,black-box HTTP,export,Run the original independent Stage 1 probe on the named Stage 2 service; no earlier pass substitutes for current evidence.,UNVERIFIED,unverified,stage-1.md,yes
TK1-import-failed-batch-key,10. Export and import,418,1,"2,3,4",systems-engineer,systems-engineer,independent-verifier,,Failed batch-move keys remain reusable after import.,4b92041057beb669d2e6c528e8268f4d0d1e6421,black-box HTTP,export,Run the original independent Stage 1 probe on the named Stage 2 service; no earlier pass substitutes for current evidence.,UNVERIFIED,unverified,stage-1.md,yes
TK1-reset-imported,10. Export and import,418,1,"2,3,4",systems-engineer,systems-engineer,independent-verifier,,"Reset clears imported records, credentials, tokens and retry receipts.",4b92041057beb669d2e6c528e8268f4d0d1e6421,black-box HTTP,export,Run the original independent Stage 1 probe on the named Stage 2 service; no earlier pass substitutes for current evidence.,UNVERIFIED,unverified,stage-1.md,yes
TK1-export-atomic,10. Export and import,418,1,"2,3,4",systems-engineer,systems-engineer,independent-verifier,,"Concurrent exports represent complete atomic snapshots, not partial transactions.",4b92041057beb669d2e6c528e8268f4d0d1e6421,black-box HTTP,export,Run the original independent Stage 1 probe on the named Stage 2 service; no earlier pass substitutes for current evidence.,UNVERIFIED,unverified,stage-1.md,yes
TK1-batch-min,11. Atomic reservation moves,443,1,"2,3,4",systems-engineer,systems-engineer,independent-verifier,,Batch accepts 1 move.,4b92041057beb669d2e6c528e8268f4d0d1e6421,black-box HTTP,batch,Run the original independent Stage 1 probe on the named Stage 2 service; no earlier pass substitutes for current evidence.,UNVERIFIED,unverified,stage-1.md,yes
TK1-batch-max,11. Atomic reservation moves,443,1,"2,3,4",systems-engineer,systems-engineer,independent-verifier,,Batch accepts 8 distinct moves.,4b92041057beb669d2e6c528e8268f4d0d1e6421,black-box HTTP,batch,Run the original independent Stage 1 probe on the named Stage 2 service; no earlier pass substitutes for current evidence.,UNVERIFIED,unverified,stage-1.md,yes
TK1-batch-empty,11. Atomic reservation moves,443,1,"2,3,4",systems-engineer,systems-engineer,independent-verifier,,Empty moves returns 422 validation_failed.,4b92041057beb669d2e6c528e8268f4d0d1e6421,black-box HTTP,batch,Run the original independent Stage 1 probe on the named Stage 2 service; no earlier pass substitutes for current evidence.,UNVERIFIED,unverified,stage-1.md,yes
TK1-batch-too-many,11. Atomic reservation moves,443,1,"2,3,4",systems-engineer,systems-engineer,independent-verifier,,9 moves returns 422 validation_failed.,4b92041057beb669d2e6c528e8268f4d0d1e6421,black-box HTTP,batch,Run the original independent Stage 1 probe on the named Stage 2 service; no earlier pass substitutes for current evidence.,UNVERIFIED,unverified,stage-1.md,yes
TK1-batch-shape,11. Atomic reservation moves,443,1,"2,3,4",systems-engineer,systems-engineer,independent-verifier,,Invalid moves shape returns 422 validation_failed.,4b92041057beb669d2e6c528e8268f4d0d1e6421,black-box HTTP,batch,Run the original independent Stage 1 probe on the named Stage 2 service; no earlier pass substitutes for current evidence.,UNVERIFIED,unverified,stage-1.md,yes
TK1-batch-reference-type,11. Atomic reservation moves,443,1,"2,3,4",systems-engineer,systems-engineer,independent-verifier,,Every move reference must be a string; invalid shape returns 422 validation_failed.,4b92041057beb669d2e6c528e8268f4d0d1e6421,black-box HTTP,batch,Run the original independent Stage 1 probe on the named Stage 2 service; no earlier pass substitutes for current evidence.,UNVERIFIED,unverified,stage-1.md,yes
TK1-batch-duplicate,11. Atomic reservation moves,443,1,"2,3,4",systems-engineer,systems-engineer,independent-verifier,,Duplicate move references return 422 validation_failed.,4b92041057beb669d2e6c528e8268f4d0d1e6421,black-box HTTP,batch,Run the original independent Stage 1 probe on the named Stage 2 service; no earlier pass substitutes for current evidence.,UNVERIFIED,unverified,stage-1.md,yes
TK1-batch-owner,11. Atomic reservation moves,443,1,"2,3,4",systems-engineer,systems-engineer,independent-verifier,,Another owner's reference returns 404 not_found.,4b92041057beb669d2e6c528e8268f4d0d1e6421,black-box HTTP,batch,Run the original independent Stage 1 probe on the named Stage 2 service; no earlier pass substitutes for current evidence.,UNVERIFIED,unverified,stage-1.md,yes
TK1-batch-unknown,11. Atomic reservation moves,443,1,"2,3,4",systems-engineer,systems-engineer,independent-verifier,,Unknown reference returns 404 not_found.,4b92041057beb669d2e6c528e8268f4d0d1e6421,black-box HTTP,batch,Run the original independent Stage 1 probe on the named Stage 2 service; no earlier pass substitutes for current evidence.,UNVERIFIED,unverified,stage-1.md,yes
TK1-batch-restaurant,11. Atomic reservation moves,443,1,"2,3,4",systems-engineer,systems-engineer,independent-verifier,,Cross-restaurant moves return 422 validation_failed.,4b92041057beb669d2e6c528e8268f4d0d1e6421,black-box HTTP,batch,Run the original independent Stage 1 probe on the named Stage 2 service; no earlier pass substitutes for current evidence.,UNVERIFIED,unverified,stage-1.md,yes
TK1-batch-fields,11. Atomic reservation moves,443,1,"2,3,4",systems-engineer,systems-engineer,independent-verifier,,Batch accepts all ordinary PATCH fields.,4b92041057beb669d2e6c528e8268f4d0d1e6421,black-box HTTP,batch,Run the original independent Stage 1 probe on the named Stage 2 service; no earlier pass substitutes for current evidence.,UNVERIFIED,unverified,stage-1.md,yes
TK1-batch-omitted,11. Atomic reservation moves,443,1,"2,3,4",systems-engineer,systems-engineer,independent-verifier,,Omitted move fields retain current values.,4b92041057beb669d2e6c528e8268f4d0d1e6421,black-box HTTP,batch,Run the original independent Stage 1 probe on the named Stage 2 service; no earlier pass substitutes for current evidence.,UNVERIFIED,unverified,stage-1.md,yes
TK1-batch-unknown-fields,11. Atomic reservation moves,443,1,"2,3,4",systems-engineer,systems-engineer,independent-verifier,,Unknown move fields are ignored.,4b92041057beb669d2e6c528e8268f4d0d1e6421,black-box HTTP,batch,Run the original independent Stage 1 probe on the named Stage 2 service; no earlier pass substitutes for current evidence.,UNVERIFIED,unverified,stage-1.md,yes
TK1-batch-identity,11. Atomic reservation moves,443,1,"2,3,4",systems-engineer,systems-engineer,independent-verifier,,Batch preserves reservation IDs.,4b92041057beb669d2e6c528e8268f4d0d1e6421,black-box HTTP,batch,Run the original independent Stage 1 probe on the named Stage 2 service; no earlier pass substitutes for current evidence.,UNVERIFIED,unverified,stage-1.md,yes
TK1-batch-owner-preserved,11. Atomic reservation moves,443,1,"2,3,4",systems-engineer,systems-engineer,independent-verifier,,Batch preserves booking owners.,4b92041057beb669d2e6c528e8268f4d0d1e6421,black-box HTTP,batch,Run the original independent Stage 1 probe on the named Stage 2 service; no earlier pass substitutes for current evidence.,UNVERIFIED,unverified,stage-1.md,yes
TK1-batch-created,11. Atomic reservation moves,443,1,"2,3,4",systems-engineer,systems-engineer,independent-verifier,,Batch preserves created_at timestamps.,4b92041057beb669d2e6c528e8268f4d0d1e6421,black-box HTTP,batch,Run the original independent Stage 1 probe on the named Stage 2 service; no earlier pass substitutes for current evidence.,UNVERIFIED,unverified,stage-1.md,yes
TK1-batch-cancelled,11. Atomic reservation moves,443,1,"2,3,4",systems-engineer,systems-engineer,independent-verifier,,Cancelled member returns 409 reservation_cancelled.,4b92041057beb669d2e6c528e8268f4d0d1e6421,black-box HTTP,batch,Run the original independent Stage 1 probe on the named Stage 2 service; no earlier pass substitutes for current evidence.,UNVERIFIED,unverified,stage-1.md,yes
TK1-batch-cutoff,11. Atomic reservation moves,443,1,"2,3,4",systems-engineer,systems-engineer,independent-verifier,,Existing cutoff applies to every member.,4b92041057beb669d2e6c528e8268f4d0d1e6421,black-box HTTP,batch,Run the original independent Stage 1 probe on the named Stage 2 service; no earlier pass substitutes for current evidence.,UNVERIFIED,unverified,stage-1.md,yes
TK1-batch-input-order,11. Atomic reservation moves,443,1,"2,3,4",systems-engineer,systems-engineer,independent-verifier,,First non-occupancy error in input order wins.,4b92041057beb669d2e6c528e8268f4d0d1e6421,black-box HTTP,batch,Run the original independent Stage 1 probe on the named Stage 2 service; no earlier pass substitutes for current evidence.,UNVERIFIED,unverified,stage-1.md,yes
TK1-batch-cutoff-precedence,11. Atomic reservation moves,443,1,"2,3,4",systems-engineer,systems-engineer,independent-verifier,,"For each member, cutoff errors precede proposed field changes.",4b92041057beb669d2e6c528e8268f4d0d1e6421,black-box HTTP,batch,Run the original independent Stage 1 probe on the named Stage 2 service; no earlier pass substitutes for current evidence.,UNVERIFIED,unverified,stage-1.md,yes
TK1-batch-validation-before-overlap,11. Atomic reservation moves,443,1,"2,3,4",systems-engineer,systems-engineer,independent-verifier,,Non-occupancy errors precede all overlap checks.,4b92041057beb669d2e6c528e8268f4d0d1e6421,black-box HTTP,batch,Run the original independent Stage 1 probe on the named Stage 2 service; no earlier pass substitutes for current evidence.,UNVERIFIED,unverified,stage-1.md,yes
TK1-batch-mutual-overlap,11. Atomic reservation moves,443,1,"2,3,4",systems-engineer,systems-engineer,independent-verifier,,Resulting members overlapping each other return 409 table_unavailable.,4b92041057beb669d2e6c528e8268f4d0d1e6421,black-box HTTP,batch,Run the original independent Stage 1 probe on the named Stage 2 service; no earlier pass substitutes for current evidence.,UNVERIFIED,unverified,stage-1.md,yes
TK1-batch-unlisted-overlap,11. Atomic reservation moves,443,1,"2,3,4",systems-engineer,systems-engineer,independent-verifier,,Result overlapping unlisted booking returns 409 table_unavailable.,4b92041057beb669d2e6c528e8268f4d0d1e6421,black-box HTTP,batch,Run the original independent Stage 1 probe on the named Stage 2 service; no earlier pass substitutes for current evidence.,UNVERIFIED,unverified,stage-1.md,yes
TK1-batch-unchanged-occupancy,11. Atomic reservation moves,443,1,"2,3,4",systems-engineer,systems-engineer,independent-verifier,,Unchanged listed members retain occupancy.,4b92041057beb669d2e6c528e8268f4d0d1e6421,black-box HTTP,batch,Run the original independent Stage 1 probe on the named Stage 2 service; no earlier pass substitutes for current evidence.,UNVERIFIED,unverified,stage-1.md,yes
TK1-batch-swap,11. Atomic reservation moves,443,1,"2,3,4",systems-engineer,systems-engineer,independent-verifier,,Occupied-table cyclic swaps succeed atomically.,4b92041057beb669d2e6c528e8268f4d0d1e6421,black-box HTTP,batch,Run the original independent Stage 1 probe on the named Stage 2 service; no earlier pass substitutes for current evidence.,UNVERIFIED,unverified,stage-1.md,yes
TK1-batch-failure-records,11. Atomic reservation moves,443,1,"2,3,4",systems-engineer,systems-engineer,independent-verifier,,Any failed batch leaves every reservation record unchanged.,4b92041057beb669d2e6c528e8268f4d0d1e6421,black-box HTTP,batch,Run the original independent Stage 1 probe on the named Stage 2 service; no earlier pass substitutes for current evidence.,UNVERIFIED,unverified,stage-1.md,yes
TK1-batch-failure-occupancy,11. Atomic reservation moves,443,1,"2,3,4",systems-engineer,systems-engineer,independent-verifier,,Any failed batch leaves all occupancy unchanged.,4b92041057beb669d2e6c528e8268f4d0d1e6421,black-box HTTP,batch,Run the original independent Stage 1 probe on the named Stage 2 service; no earlier pass substitutes for current evidence.,UNVERIFIED,unverified,stage-1.md,yes
TK1-batch-failure-keys,11. Atomic reservation moves,443,1,"2,3,4",systems-engineer,systems-engineer,independent-verifier,,Any failed batch leaves its retry key reusable.,4b92041057beb669d2e6c528e8268f4d0d1e6421,black-box HTTP,batch,Run the original independent Stage 1 probe on the named Stage 2 service; no earlier pass substitutes for current evidence.,UNVERIFIED,unverified,stage-1.md,yes
TK1-batch-response-order,11. Atomic reservation moves,443,1,"2,3,4",systems-engineer,systems-engineer,independent-verifier,,Successful batch returns every member in input order.,4b92041057beb669d2e6c528e8268f4d0d1e6421,black-box HTTP,batch,Run the original independent Stage 1 probe on the named Stage 2 service; no earlier pass substitutes for current evidence.,UNVERIFIED,unverified,stage-1.md,yes
TK1-batch-response-unchanged,11. Atomic reservation moves,443,1,"2,3,4",systems-engineer,systems-engineer,independent-verifier,,Successful batch includes unchanged members.,4b92041057beb669d2e6c528e8268f4d0d1e6421,black-box HTTP,batch,Run the original independent Stage 1 probe on the named Stage 2 service; no earlier pass substitutes for current evidence.,UNVERIFIED,unverified,stage-1.md,yes
TK1-batch-noop,11. Atomic reservation moves,443,1,"2,3,4",systems-engineer,systems-engineer,independent-verifier,,No-op moves retain every existing value.,4b92041057beb669d2e6c528e8268f4d0d1e6421,black-box HTTP,batch,Run the original independent Stage 1 probe on the named Stage 2 service; no earlier pass substitutes for current evidence.,UNVERIFIED,unverified,stage-1.md,yes
TK1-source-provenance,Stage 1 preamble / participant guide,5,1,"2,3,4",systems-engineer,systems-engineer,independent-verifier,,"Implementation derives from supplied requirements, not existing domain-product source/API/schema.",4b92041057beb669d2e6c528e8268f4d0d1e6421,"commit history, room handoff and official isolated harness",provenance,Run the original independent Stage 1 probe on the named Stage 2 service; no earlier pass substitutes for current evidence.,UNVERIFIED,unverified,stage-1.md,yes
TK1-complete-clone,Stage 1 preamble / participant guide,5,1,"2,3,4",systems-engineer,systems-engineer,independent-verifier,,"Deliverable contains all required committed files; no nested Git repos, submodules or escaping symlinks.",4b92041057beb669d2e6c528e8268f4d0d1e6421,"commit history, room handoff and official isolated harness",provenance,Run the original independent Stage 1 probe on the named Stage 2 service; no earlier pass substitutes for current evidence.,UNVERIFIED,unverified,stage-1.md,yes
TK1-two-builders,Stage 1 preamble / participant guide,5,1,"2,3,4",systems-engineer,systems-engineer,independent-verifier,,Both designated builders contribute substantive committed work in the Band room.,4b92041057beb669d2e6c528e8268f4d0d1e6421,"commit history, room handoff and official isolated harness",provenance,Run the original independent Stage 1 probe on the named Stage 2 service; no earlier pass substitutes for current evidence.,UNVERIFIED,unverified,stage-1.md,yes
TK1-history-preserved,Stage 1 preamble / participant guide,5,1,"2,3,4",systems-engineer,systems-engineer,independent-verifier,,Implementation history and failure/repair evidence remain intact without rewriting.,4b92041057beb669d2e6c528e8268f4d0d1e6421,"commit history, room handoff and official isolated harness",provenance,Run the original independent Stage 1 probe on the named Stage 2 service; no earlier pass substitutes for current evidence.,UNVERIFIED,unverified,stage-1.md,yes
TK1-own-stage,Stage 1 preamble / participant guide,5,1,"2,3,4",systems-engineer,systems-engineer,independent-verifier,,Stage 1 implements its own stage; official overshoot does not establish Stage 2.,4b92041057beb669d2e6c528e8268f4d0d1e6421,"commit history, room handoff and official isolated harness",provenance,Run the original independent Stage 1 probe on the named Stage 2 service; no earlier pass substitutes for current evidence.,UNVERIFIED,unverified,stage-1.md,yes
TK1-reset-missing-user-id,4. Fixture format / 5. Errors,109,1,"2,3,4",systems-engineer,systems-engineer,independent-verifier,,Required fixture user.id missing returns 422 validation_failed.,4b92041057beb669d2e6c528e8268f4d0d1e6421,black-box HTTP,extra,Run the original independent Stage 1 probe on the named Stage 2 service; no earlier pass substitutes for current evidence.,UNVERIFIED,unverified,stage-1.md,yes
TK1-reset-type-user-id-number,4. Fixture format / 5. Errors,169,1,"2,3,4",systems-engineer,systems-engineer,independent-verifier,,Fixture user.id of wrong type number returns 400 malformed_request.,4b92041057beb669d2e6c528e8268f4d0d1e6421,black-box HTTP,extra,Run the original independent Stage 1 probe on the named Stage 2 service; no earlier pass substitutes for current evidence.,UNVERIFIED,unverified,stage-1.md,yes
TK1-reset-type-user-id-bool,4. Fixture format / 5. Errors,169,1,"2,3,4",systems-engineer,systems-engineer,independent-verifier,,Fixture user.id of wrong type bool returns 400 malformed_request.,4b92041057beb669d2e6c528e8268f4d0d1e6421,black-box HTTP,extra,Run the original independent Stage 1 probe on the named Stage 2 service; no earlier pass substitutes for current evidence.,UNVERIFIED,unverified,stage-1.md,yes
TK1-reset-type-user-id-array,4. Fixture format / 5. Errors,169,1,"2,3,4",systems-engineer,systems-engineer,independent-verifier,,Fixture user.id of wrong type array returns 400 malformed_request.,4b92041057beb669d2e6c528e8268f4d0d1e6421,black-box HTTP,extra,Run the original independent Stage 1 probe on the named Stage 2 service; no earlier pass substitutes for current evidence.,UNVERIFIED,unverified,stage-1.md,yes
TK1-reset-type-user-id-object,4. Fixture format / 5. Errors,169,1,"2,3,4",systems-engineer,systems-engineer,independent-verifier,,Fixture user.id of wrong type object returns 400 malformed_request.,4b92041057beb669d2e6c528e8268f4d0d1e6421,black-box HTTP,extra,Run the original independent Stage 1 probe on the named Stage 2 service; no earlier pass substitutes for current evidence.,UNVERIFIED,unverified,stage-1.md,yes
TK1-reset-type-user-id-null,4. Fixture format / 5. Errors,169,1,"2,3,4",systems-engineer,systems-engineer,independent-verifier,,Fixture user.id of wrong type null returns 400 malformed_request.,4b92041057beb669d2e6c528e8268f4d0d1e6421,black-box HTTP,extra,Run the original independent Stage 1 probe on the named Stage 2 service; no earlier pass substitutes for current evidence.,UNVERIFIED,unverified,stage-1.md,yes
TK1-reset-missing-user-email,4. Fixture format / 5. Errors,109,1,"2,3,4",systems-engineer,systems-engineer,independent-verifier,,Required fixture user.email missing returns 422 validation_failed.,4b92041057beb669d2e6c528e8268f4d0d1e6421,black-box HTTP,extra,Run the original independent Stage 1 probe on the named Stage 2 service; no earlier pass substitutes for current evidence.,UNVERIFIED,unverified,stage-1.md,yes
TK1-reset-type-user-email-number,4. Fixture format / 5. Errors,169,1,"2,3,4",systems-engineer,systems-engineer,independent-verifier,,Fixture user.email of wrong type number returns 400 malformed_request.,4b92041057beb669d2e6c528e8268f4d0d1e6421,black-box HTTP,extra,Run the original independent Stage 1 probe on the named Stage 2 service; no earlier pass substitutes for current evidence.,UNVERIFIED,unverified,stage-1.md,yes
TK1-reset-type-user-email-bool,4. Fixture format / 5. Errors,169,1,"2,3,4",systems-engineer,systems-engineer,independent-verifier,,Fixture user.email of wrong type bool returns 400 malformed_request.,4b92041057beb669d2e6c528e8268f4d0d1e6421,black-box HTTP,extra,Run the original independent Stage 1 probe on the named Stage 2 service; no earlier pass substitutes for current evidence.,UNVERIFIED,unverified,stage-1.md,yes
TK1-reset-type-user-email-array,4. Fixture format / 5. Errors,169,1,"2,3,4",systems-engineer,systems-engineer,independent-verifier,,Fixture user.email of wrong type array returns 400 malformed_request.,4b92041057beb669d2e6c528e8268f4d0d1e6421,black-box HTTP,extra,Run the original independent Stage 1 probe on the named Stage 2 service; no earlier pass substitutes for current evidence.,UNVERIFIED,unverified,stage-1.md,yes
TK1-reset-type-user-email-object,4. Fixture format / 5. Errors,169,1,"2,3,4",systems-engineer,systems-engineer,independent-verifier,,Fixture user.email of wrong type object returns 400 malformed_request.,4b92041057beb669d2e6c528e8268f4d0d1e6421,black-box HTTP,extra,Run the original independent Stage 1 probe on the named Stage 2 service; no earlier pass substitutes for current evidence.,UNVERIFIED,unverified,stage-1.md,yes
TK1-reset-type-user-email-null,4. Fixture format / 5. Errors,169,1,"2,3,4",systems-engineer,systems-engineer,independent-verifier,,Fixture user.email of wrong type null returns 400 malformed_request.,4b92041057beb669d2e6c528e8268f4d0d1e6421,black-box HTTP,extra,Run the original independent Stage 1 probe on the named Stage 2 service; no earlier pass substitutes for current evidence.,UNVERIFIED,unverified,stage-1.md,yes
TK1-reset-missing-user-password,4. Fixture format / 5. Errors,109,1,"2,3,4",systems-engineer,systems-engineer,independent-verifier,,Required fixture user.password missing returns 422 validation_failed.,4b92041057beb669d2e6c528e8268f4d0d1e6421,black-box HTTP,extra,Run the original independent Stage 1 probe on the named Stage 2 service; no earlier pass substitutes for current evidence.,UNVERIFIED,unverified,stage-1.md,yes
TK1-reset-type-user-password-number,4. Fixture format / 5. Errors,169,1,"2,3,4",systems-engineer,systems-engineer,independent-verifier,,Fixture user.password of wrong type number returns 400 malformed_request.,4b92041057beb669d2e6c528e8268f4d0d1e6421,black-box HTTP,extra,Run the original independent Stage 1 probe on the named Stage 2 service; no earlier pass substitutes for current evidence.,UNVERIFIED,unverified,stage-1.md,yes
TK1-reset-type-user-password-bool,4. Fixture format / 5. Errors,169,1,"2,3,4",systems-engineer,systems-engineer,independent-verifier,,Fixture user.password of wrong type bool returns 400 malformed_request.,4b92041057beb669d2e6c528e8268f4d0d1e6421,black-box HTTP,extra,Run the original independent Stage 1 probe on the named Stage 2 service; no earlier pass substitutes for current evidence.,UNVERIFIED,unverified,stage-1.md,yes
TK1-reset-type-user-password-array,4. Fixture format / 5. Errors,169,1,"2,3,4",systems-engineer,systems-engineer,independent-verifier,,Fixture user.password of wrong type array returns 400 malformed_request.,4b92041057beb669d2e6c528e8268f4d0d1e6421,black-box HTTP,extra,Run the original independent Stage 1 probe on the named Stage 2 service; no earlier pass substitutes for current evidence.,UNVERIFIED,unverified,stage-1.md,yes
TK1-reset-type-user-password-object,4. Fixture format / 5. Errors,169,1,"2,3,4",systems-engineer,systems-engineer,independent-verifier,,Fixture user.password of wrong type object returns 400 malformed_request.,4b92041057beb669d2e6c528e8268f4d0d1e6421,black-box HTTP,extra,Run the original independent Stage 1 probe on the named Stage 2 service; no earlier pass substitutes for current evidence.,UNVERIFIED,unverified,stage-1.md,yes
TK1-reset-type-user-password-null,4. Fixture format / 5. Errors,169,1,"2,3,4",systems-engineer,systems-engineer,independent-verifier,,Fixture user.password of wrong type null returns 400 malformed_request.,4b92041057beb669d2e6c528e8268f4d0d1e6421,black-box HTTP,extra,Run the original independent Stage 1 probe on the named Stage 2 service; no earlier pass substitutes for current evidence.,UNVERIFIED,unverified,stage-1.md,yes
TK1-reset-missing-user-display_name,4. Fixture format / 5. Errors,109,1,"2,3,4",systems-engineer,systems-engineer,independent-verifier,,Required fixture user.display_name missing returns 422 validation_failed.,4b92041057beb669d2e6c528e8268f4d0d1e6421,black-box HTTP,extra,Run the original independent Stage 1 probe on the named Stage 2 service; no earlier pass substitutes for current evidence.,UNVERIFIED,unverified,stage-1.md,yes
TK1-reset-type-user-display_name-number,4. Fixture format / 5. Errors,169,1,"2,3,4",systems-engineer,systems-engineer,independent-verifier,,Fixture user.display_name of wrong type number returns 400 malformed_request.,4b92041057beb669d2e6c528e8268f4d0d1e6421,black-box HTTP,extra,Run the original independent Stage 1 probe on the named Stage 2 service; no earlier pass substitutes for current evidence.,UNVERIFIED,unverified,stage-1.md,yes
TK1-reset-type-user-display_name-bool,4. Fixture format / 5. Errors,169,1,"2,3,4",systems-engineer,systems-engineer,independent-verifier,,Fixture user.display_name of wrong type bool returns 400 malformed_request.,4b92041057beb669d2e6c528e8268f4d0d1e6421,black-box HTTP,extra,Run the original independent Stage 1 probe on the named Stage 2 service; no earlier pass substitutes for current evidence.,UNVERIFIED,unverified,stage-1.md,yes
TK1-reset-type-user-display_name-array,4. Fixture format / 5. Errors,169,1,"2,3,4",systems-engineer,systems-engineer,independent-verifier,,Fixture user.display_name of wrong type array returns 400 malformed_request.,4b92041057beb669d2e6c528e8268f4d0d1e6421,black-box HTTP,extra,Run the original independent Stage 1 probe on the named Stage 2 service; no earlier pass substitutes for current evidence.,UNVERIFIED,unverified,stage-1.md,yes
TK1-reset-type-user-display_name-object,4. Fixture format / 5. Errors,169,1,"2,3,4",systems-engineer,systems-engineer,independent-verifier,,Fixture user.display_name of wrong type object returns 400 malformed_request.,4b92041057beb669d2e6c528e8268f4d0d1e6421,black-box HTTP,extra,Run the original independent Stage 1 probe on the named Stage 2 service; no earlier pass substitutes for current evidence.,UNVERIFIED,unverified,stage-1.md,yes
TK1-reset-type-user-display_name-null,4. Fixture format / 5. Errors,169,1,"2,3,4",systems-engineer,systems-engineer,independent-verifier,,Fixture user.display_name of wrong type null returns 400 malformed_request.,4b92041057beb669d2e6c528e8268f4d0d1e6421,black-box HTTP,extra,Run the original independent Stage 1 probe on the named Stage 2 service; no earlier pass substitutes for current evidence.,UNVERIFIED,unverified,stage-1.md,yes
TK1-reset-missing-restaurant-id,4. Fixture format / 5. Errors,109,1,"2,3,4",systems-engineer,systems-engineer,independent-verifier,,Required fixture restaurant.id missing returns 422 validation_failed.,4b92041057beb669d2e6c528e8268f4d0d1e6421,black-box HTTP,extra,Run the original independent Stage 1 probe on the named Stage 2 service; no earlier pass substitutes for current evidence.,UNVERIFIED,unverified,stage-1.md,yes
TK1-reset-type-restaurant-id-number,4. Fixture format / 5. Errors,169,1,"2,3,4",systems-engineer,systems-engineer,independent-verifier,,Fixture restaurant.id of wrong type number returns 400 malformed_request.,4b92041057beb669d2e6c528e8268f4d0d1e6421,black-box HTTP,extra,Run the original independent Stage 1 probe on the named Stage 2 service; no earlier pass substitutes for current evidence.,UNVERIFIED,unverified,stage-1.md,yes
TK1-reset-type-restaurant-id-bool,4. Fixture format / 5. Errors,169,1,"2,3,4",systems-engineer,systems-engineer,independent-verifier,,Fixture restaurant.id of wrong type bool returns 400 malformed_request.,4b92041057beb669d2e6c528e8268f4d0d1e6421,black-box HTTP,extra,Run the original independent Stage 1 probe on the named Stage 2 service; no earlier pass substitutes for current evidence.,UNVERIFIED,unverified,stage-1.md,yes
TK1-reset-type-restaurant-id-array,4. Fixture format / 5. Errors,169,1,"2,3,4",systems-engineer,systems-engineer,independent-verifier,,Fixture restaurant.id of wrong type array returns 400 malformed_request.,4b92041057beb669d2e6c528e8268f4d0d1e6421,black-box HTTP,extra,Run the original independent Stage 1 probe on the named Stage 2 service; no earlier pass substitutes for current evidence.,UNVERIFIED,unverified,stage-1.md,yes
TK1-reset-type-restaurant-id-object,4. Fixture format / 5. Errors,169,1,"2,3,4",systems-engineer,systems-engineer,independent-verifier,,Fixture restaurant.id of wrong type object returns 400 malformed_request.,4b92041057beb669d2e6c528e8268f4d0d1e6421,black-box HTTP,extra,Run the original independent Stage 1 probe on the named Stage 2 service; no earlier pass substitutes for current evidence.,UNVERIFIED,unverified,stage-1.md,yes
TK1-reset-type-restaurant-id-null,4. Fixture format / 5. Errors,169,1,"2,3,4",systems-engineer,systems-engineer,independent-verifier,,Fixture restaurant.id of wrong type null returns 400 malformed_request.,4b92041057beb669d2e6c528e8268f4d0d1e6421,black-box HTTP,extra,Run the original independent Stage 1 probe on the named Stage 2 service; no earlier pass substitutes for current evidence.,UNVERIFIED,unverified,stage-1.md,yes
TK1-reset-missing-restaurant-name,4. Fixture format / 5. Errors,109,1,"2,3,4",systems-engineer,systems-engineer,independent-verifier,,Required fixture restaurant.name missing returns 422 validation_failed.,4b92041057beb669d2e6c528e8268f4d0d1e6421,black-box HTTP,extra,Run the original independent Stage 1 probe on the named Stage 2 service; no earlier pass substitutes for current evidence.,UNVERIFIED,unverified,stage-1.md,yes
TK1-reset-type-restaurant-name-number,4. Fixture format / 5. Errors,169,1,"2,3,4",systems-engineer,systems-engineer,independent-verifier,,Fixture restaurant.name of wrong type number returns 400 malformed_request.,4b92041057beb669d2e6c528e8268f4d0d1e6421,black-box HTTP,extra,Run the original independent Stage 1 probe on the named Stage 2 service; no earlier pass substitutes for current evidence.,UNVERIFIED,unverified,stage-1.md,yes
TK1-reset-type-restaurant-name-bool,4. Fixture format / 5. Errors,169,1,"2,3,4",systems-engineer,systems-engineer,independent-verifier,,Fixture restaurant.name of wrong type bool returns 400 malformed_request.,4b92041057beb669d2e6c528e8268f4d0d1e6421,black-box HTTP,extra,Run the original independent Stage 1 probe on the named Stage 2 service; no earlier pass substitutes for current evidence.,UNVERIFIED,unverified,stage-1.md,yes
TK1-reset-type-restaurant-name-array,4. Fixture format / 5. Errors,169,1,"2,3,4",systems-engineer,systems-engineer,independent-verifier,,Fixture restaurant.name of wrong type array returns 400 malformed_request.,4b92041057beb669d2e6c528e8268f4d0d1e6421,black-box HTTP,extra,Run the original independent Stage 1 probe on the named Stage 2 service; no earlier pass substitutes for current evidence.,UNVERIFIED,unverified,stage-1.md,yes
TK1-reset-type-restaurant-name-object,4. Fixture format / 5. Errors,169,1,"2,3,4",systems-engineer,systems-engineer,independent-verifier,,Fixture restaurant.name of wrong type object returns 400 malformed_request.,4b92041057beb669d2e6c528e8268f4d0d1e6421,black-box HTTP,extra,Run the original independent Stage 1 probe on the named Stage 2 service; no earlier pass substitutes for current evidence.,UNVERIFIED,unverified,stage-1.md,yes
TK1-reset-type-restaurant-name-null,4. Fixture format / 5. Errors,169,1,"2,3,4",systems-engineer,systems-engineer,independent-verifier,,Fixture restaurant.name of wrong type null returns 400 malformed_request.,4b92041057beb669d2e6c528e8268f4d0d1e6421,black-box HTTP,extra,Run the original independent Stage 1 probe on the named Stage 2 service; no earlier pass substitutes for current evidence.,UNVERIFIED,unverified,stage-1.md,yes
TK1-reset-missing-restaurant-timezone,4. Fixture format / 5. Errors,109,1,"2,3,4",systems-engineer,systems-engineer,independent-verifier,,Required fixture restaurant.timezone missing returns 422 validation_failed.,4b92041057beb669d2e6c528e8268f4d0d1e6421,black-box HTTP,extra,Run the original independent Stage 1 probe on the named Stage 2 service; no earlier pass substitutes for current evidence.,UNVERIFIED,unverified,stage-1.md,yes
TK1-reset-type-restaurant-timezone-number,4. Fixture format / 5. Errors,169,1,"2,3,4",systems-engineer,systems-engineer,independent-verifier,,Fixture restaurant.timezone of wrong type number returns 400 malformed_request.,4b92041057beb669d2e6c528e8268f4d0d1e6421,black-box HTTP,extra,Run the original independent Stage 1 probe on the named Stage 2 service; no earlier pass substitutes for current evidence.,UNVERIFIED,unverified,stage-1.md,yes
TK1-reset-type-restaurant-timezone-bool,4. Fixture format / 5. Errors,169,1,"2,3,4",systems-engineer,systems-engineer,independent-verifier,,Fixture restaurant.timezone of wrong type bool returns 400 malformed_request.,4b92041057beb669d2e6c528e8268f4d0d1e6421,black-box HTTP,extra,Run the original independent Stage 1 probe on the named Stage 2 service; no earlier pass substitutes for current evidence.,UNVERIFIED,unverified,stage-1.md,yes
TK1-reset-type-restaurant-timezone-array,4. Fixture format / 5. Errors,169,1,"2,3,4",systems-engineer,systems-engineer,independent-verifier,,Fixture restaurant.timezone of wrong type array returns 400 malformed_request.,4b92041057beb669d2e6c528e8268f4d0d1e6421,black-box HTTP,extra,Run the original independent Stage 1 probe on the named Stage 2 service; no earlier pass substitutes for current evidence.,UNVERIFIED,unverified,stage-1.md,yes
TK1-reset-type-restaurant-timezone-object,4. Fixture format / 5. Errors,169,1,"2,3,4",systems-engineer,systems-engineer,independent-verifier,,Fixture restaurant.timezone of wrong type object returns 400 malformed_request.,4b92041057beb669d2e6c528e8268f4d0d1e6421,black-box HTTP,extra,Run the original independent Stage 1 probe on the named Stage 2 service; no earlier pass substitutes for current evidence.,UNVERIFIED,unverified,stage-1.md,yes
TK1-reset-type-restaurant-timezone-null,4. Fixture format / 5. Errors,169,1,"2,3,4",systems-engineer,systems-engineer,independent-verifier,,Fixture restaurant.timezone of wrong type null returns 400 malformed_request.,4b92041057beb669d2e6c528e8268f4d0d1e6421,black-box HTTP,extra,Run the original independent Stage 1 probe on the named Stage 2 service; no earlier pass substitutes for current evidence.,UNVERIFIED,unverified,stage-1.md,yes
TK1-reset-missing-restaurant-slot_minutes,4. Fixture format / 5. Errors,109,1,"2,3,4",systems-engineer,systems-engineer,independent-verifier,,Required fixture restaurant.slot_minutes missing returns 422 validation_failed.,4b92041057beb669d2e6c528e8268f4d0d1e6421,black-box HTTP,extra,Run the original independent Stage 1 probe on the named Stage 2 service; no earlier pass substitutes for current evidence.,UNVERIFIED,unverified,stage-1.md,yes
TK1-reset-type-restaurant-slot_minutes-string,4. Fixture format / 5. Errors,169,1,"2,3,4",systems-engineer,systems-engineer,independent-verifier,,Fixture restaurant.slot_minutes of wrong type string returns 400 malformed_request.,4b92041057beb669d2e6c528e8268f4d0d1e6421,black-box HTTP,extra,Run the original independent Stage 1 probe on the named Stage 2 service; no earlier pass substitutes for current evidence.,UNVERIFIED,unverified,stage-1.md,yes
TK1-reset-type-restaurant-slot_minutes-bool,4. Fixture format / 5. Errors,169,1,"2,3,4",systems-engineer,systems-engineer,independent-verifier,,Fixture restaurant.slot_minutes of wrong type bool returns 400 malformed_request.,4b92041057beb669d2e6c528e8268f4d0d1e6421,black-box HTTP,extra,Run the original independent Stage 1 probe on the named Stage 2 service; no earlier pass substitutes for current evidence.,UNVERIFIED,unverified,stage-1.md,yes
TK1-reset-type-restaurant-slot_minutes-array,4. Fixture format / 5. Errors,169,1,"2,3,4",systems-engineer,systems-engineer,independent-verifier,,Fixture restaurant.slot_minutes of wrong type array returns 400 malformed_request.,4b92041057beb669d2e6c528e8268f4d0d1e6421,black-box HTTP,extra,Run the original independent Stage 1 probe on the named Stage 2 service; no earlier pass substitutes for current evidence.,UNVERIFIED,unverified,stage-1.md,yes
TK1-reset-type-restaurant-slot_minutes-object,4. Fixture format / 5. Errors,169,1,"2,3,4",systems-engineer,systems-engineer,independent-verifier,,Fixture restaurant.slot_minutes of wrong type object returns 400 malformed_request.,4b92041057beb669d2e6c528e8268f4d0d1e6421,black-box HTTP,extra,Run the original independent Stage 1 probe on the named Stage 2 service; no earlier pass substitutes for current evidence.,UNVERIFIED,unverified,stage-1.md,yes
TK1-reset-type-restaurant-slot_minutes-null,4. Fixture format / 5. Errors,169,1,"2,3,4",systems-engineer,systems-engineer,independent-verifier,,Fixture restaurant.slot_minutes of wrong type null returns 400 malformed_request.,4b92041057beb669d2e6c528e8268f4d0d1e6421,black-box HTTP,extra,Run the original independent Stage 1 probe on the named Stage 2 service; no earlier pass substitutes for current evidence.,UNVERIFIED,unverified,stage-1.md,yes
TK1-reset-missing-restaurant-reservation_duration_minutes,4. Fixture format / 5. Errors,109,1,"2,3,4",systems-engineer,systems-engineer,independent-verifier,,Required fixture restaurant.reservation_duration_minutes missing returns 422 validation_failed.,4b92041057beb669d2e6c528e8268f4d0d1e6421,black-box HTTP,extra,Run the original independent Stage 1 probe on the named Stage 2 service; no earlier pass substitutes for current evidence.,UNVERIFIED,unverified,stage-1.md,yes
TK1-reset-type-restaurant-reservation_duration_minutes-string,4. Fixture format / 5. Errors,169,1,"2,3,4",systems-engineer,systems-engineer,independent-verifier,,Fixture restaurant.reservation_duration_minutes of wrong type string returns 400 malformed_request.,4b92041057beb669d2e6c528e8268f4d0d1e6421,black-box HTTP,extra,Run the original independent Stage 1 probe on the named Stage 2 service; no earlier pass substitutes for current evidence.,UNVERIFIED,unverified,stage-1.md,yes
TK1-reset-type-restaurant-reservation_duration_minutes-bool,4. Fixture format / 5. Errors,169,1,"2,3,4",systems-engineer,systems-engineer,independent-verifier,,Fixture restaurant.reservation_duration_minutes of wrong type bool returns 400 malformed_request.,4b92041057beb669d2e6c528e8268f4d0d1e6421,black-box HTTP,extra,Run the original independent Stage 1 probe on the named Stage 2 service; no earlier pass substitutes for current evidence.,UNVERIFIED,unverified,stage-1.md,yes
TK1-reset-type-restaurant-reservation_duration_minutes-array,4. Fixture format / 5. Errors,169,1,"2,3,4",systems-engineer,systems-engineer,independent-verifier,,Fixture restaurant.reservation_duration_minutes of wrong type array returns 400 malformed_request.,4b92041057beb669d2e6c528e8268f4d0d1e6421,black-box HTTP,extra,Run the original independent Stage 1 probe on the named Stage 2 service; no earlier pass substitutes for current evidence.,UNVERIFIED,unverified,stage-1.md,yes
TK1-reset-type-restaurant-reservation_duration_minutes-object,4. Fixture format / 5. Errors,169,1,"2,3,4",systems-engineer,systems-engineer,independent-verifier,,Fixture restaurant.reservation_duration_minutes of wrong type object returns 400 malformed_request.,4b92041057beb669d2e6c528e8268f4d0d1e6421,black-box HTTP,extra,Run the original independent Stage 1 probe on the named Stage 2 service; no earlier pass substitutes for current evidence.,UNVERIFIED,unverified,stage-1.md,yes
TK1-reset-type-restaurant-reservation_duration_minutes-null,4. Fixture format / 5. Errors,169,1,"2,3,4",systems-engineer,systems-engineer,independent-verifier,,Fixture restaurant.reservation_duration_minutes of wrong type null returns 400 malformed_request.,4b92041057beb669d2e6c528e8268f4d0d1e6421,black-box HTTP,extra,Run the original independent Stage 1 probe on the named Stage 2 service; no earlier pass substitutes for current evidence.,UNVERIFIED,unverified,stage-1.md,yes
TK1-reset-missing-restaurant-cancellation_cutoff_minutes,4. Fixture format / 5. Errors,109,1,"2,3,4",systems-engineer,systems-engineer,independent-verifier,,Required fixture restaurant.cancellation_cutoff_minutes missing returns 422 validation_failed.,4b92041057beb669d2e6c528e8268f4d0d1e6421,black-box HTTP,extra,Run the original independent Stage 1 probe on the named Stage 2 service; no earlier pass substitutes for current evidence.,UNVERIFIED,unverified,stage-1.md,yes
TK1-reset-type-restaurant-cancellation_cutoff_minutes-string,4. Fixture format / 5. Errors,169,1,"2,3,4",systems-engineer,systems-engineer,independent-verifier,,Fixture restaurant.cancellation_cutoff_minutes of wrong type string returns 400 malformed_request.,4b92041057beb669d2e6c528e8268f4d0d1e6421,black-box HTTP,extra,Run the original independent Stage 1 probe on the named Stage 2 service; no earlier pass substitutes for current evidence.,UNVERIFIED,unverified,stage-1.md,yes
TK1-reset-type-restaurant-cancellation_cutoff_minutes-bool,4. Fixture format / 5. Errors,169,1,"2,3,4",systems-engineer,systems-engineer,independent-verifier,,Fixture restaurant.cancellation_cutoff_minutes of wrong type bool returns 400 malformed_request.,4b92041057beb669d2e6c528e8268f4d0d1e6421,black-box HTTP,extra,Run the original independent Stage 1 probe on the named Stage 2 service; no earlier pass substitutes for current evidence.,UNVERIFIED,unverified,stage-1.md,yes
TK1-reset-type-restaurant-cancellation_cutoff_minutes-array,4. Fixture format / 5. Errors,169,1,"2,3,4",systems-engineer,systems-engineer,independent-verifier,,Fixture restaurant.cancellation_cutoff_minutes of wrong type array returns 400 malformed_request.,4b92041057beb669d2e6c528e8268f4d0d1e6421,black-box HTTP,extra,Run the original independent Stage 1 probe on the named Stage 2 service; no earlier pass substitutes for current evidence.,UNVERIFIED,unverified,stage-1.md,yes
TK1-reset-type-restaurant-cancellation_cutoff_minutes-object,4. Fixture format / 5. Errors,169,1,"2,3,4",systems-engineer,systems-engineer,independent-verifier,,Fixture restaurant.cancellation_cutoff_minutes of wrong type object returns 400 malformed_request.,4b92041057beb669d2e6c528e8268f4d0d1e6421,black-box HTTP,extra,Run the original independent Stage 1 probe on the named Stage 2 service; no earlier pass substitutes for current evidence.,UNVERIFIED,unverified,stage-1.md,yes
TK1-reset-type-restaurant-cancellation_cutoff_minutes-null,4. Fixture format / 5. Errors,169,1,"2,3,4",systems-engineer,systems-engineer,independent-verifier,,Fixture restaurant.cancellation_cutoff_minutes of wrong type null returns 400 malformed_request.,4b92041057beb669d2e6c528e8268f4d0d1e6421,black-box HTTP,extra,Run the original independent Stage 1 probe on the named Stage 2 service; no earlier pass substitutes for current evidence.,UNVERIFIED,unverified,stage-1.md,yes
TK1-reset-missing-hours-weekday,4. Fixture format / 5. Errors,109,1,"2,3,4",systems-engineer,systems-engineer,independent-verifier,,Required fixture hours.weekday missing returns 422 validation_failed.,4b92041057beb669d2e6c528e8268f4d0d1e6421,black-box HTTP,extra,Run the original independent Stage 1 probe on the named Stage 2 service; no earlier pass substitutes for current evidence.,UNVERIFIED,unverified,stage-1.md,yes
TK1-reset-type-hours-weekday-number,4. Fixture format / 5. Errors,169,1,"2,3,4",systems-engineer,systems-engineer,independent-verifier,,Fixture hours.weekday of wrong type number returns 400 malformed_request.,4b92041057beb669d2e6c528e8268f4d0d1e6421,black-box HTTP,extra,Run the original independent Stage 1 probe on the named Stage 2 service; no earlier pass substitutes for current evidence.,UNVERIFIED,unverified,stage-1.md,yes
TK1-reset-type-hours-weekday-bool,4. Fixture format / 5. Errors,169,1,"2,3,4",systems-engineer,systems-engineer,independent-verifier,,Fixture hours.weekday of wrong type bool returns 400 malformed_request.,4b92041057beb669d2e6c528e8268f4d0d1e6421,black-box HTTP,extra,Run the original independent Stage 1 probe on the named Stage 2 service; no earlier pass substitutes for current evidence.,UNVERIFIED,unverified,stage-1.md,yes
TK1-reset-type-hours-weekday-array,4. Fixture format / 5. Errors,169,1,"2,3,4",systems-engineer,systems-engineer,independent-verifier,,Fixture hours.weekday of wrong type array returns 400 malformed_request.,4b92041057beb669d2e6c528e8268f4d0d1e6421,black-box HTTP,extra,Run the original independent Stage 1 probe on the named Stage 2 service; no earlier pass substitutes for current evidence.,UNVERIFIED,unverified,stage-1.md,yes
TK1-reset-type-hours-weekday-object,4. Fixture format / 5. Errors,169,1,"2,3,4",systems-engineer,systems-engineer,independent-verifier,,Fixture hours.weekday of wrong type object returns 400 malformed_request.,4b92041057beb669d2e6c528e8268f4d0d1e6421,black-box HTTP,extra,Run the original independent Stage 1 probe on the named Stage 2 service; no earlier pass substitutes for current evidence.,UNVERIFIED,unverified,stage-1.md,yes
TK1-reset-type-hours-weekday-null,4. Fixture format / 5. Errors,169,1,"2,3,4",systems-engineer,systems-engineer,independent-verifier,,Fixture hours.weekday of wrong type null returns 400 malformed_request.,4b92041057beb669d2e6c528e8268f4d0d1e6421,black-box HTTP,extra,Run the original independent Stage 1 probe on the named Stage 2 service; no earlier pass substitutes for current evidence.,UNVERIFIED,unverified,stage-1.md,yes
TK1-reset-missing-hours-opens,4. Fixture format / 5. Errors,109,1,"2,3,4",systems-engineer,systems-engineer,independent-verifier,,Required fixture hours.opens missing returns 422 validation_failed.,4b92041057beb669d2e6c528e8268f4d0d1e6421,black-box HTTP,extra,Run the original independent Stage 1 probe on the named Stage 2 service; no earlier pass substitutes for current evidence.,UNVERIFIED,unverified,stage-1.md,yes
TK1-reset-type-hours-opens-number,4. Fixture format / 5. Errors,169,1,"2,3,4",systems-engineer,systems-engineer,independent-verifier,,Fixture hours.opens of wrong type number returns 400 malformed_request.,4b92041057beb669d2e6c528e8268f4d0d1e6421,black-box HTTP,extra,Run the original independent Stage 1 probe on the named Stage 2 service; no earlier pass substitutes for current evidence.,UNVERIFIED,unverified,stage-1.md,yes
TK1-reset-type-hours-opens-bool,4. Fixture format / 5. Errors,169,1,"2,3,4",systems-engineer,systems-engineer,independent-verifier,,Fixture hours.opens of wrong type bool returns 400 malformed_request.,4b92041057beb669d2e6c528e8268f4d0d1e6421,black-box HTTP,extra,Run the original independent Stage 1 probe on the named Stage 2 service; no earlier pass substitutes for current evidence.,UNVERIFIED,unverified,stage-1.md,yes
TK1-reset-type-hours-opens-array,4. Fixture format / 5. Errors,169,1,"2,3,4",systems-engineer,systems-engineer,independent-verifier,,Fixture hours.opens of wrong type array returns 400 malformed_request.,4b92041057beb669d2e6c528e8268f4d0d1e6421,black-box HTTP,extra,Run the original independent Stage 1 probe on the named Stage 2 service; no earlier pass substitutes for current evidence.,UNVERIFIED,unverified,stage-1.md,yes
TK1-reset-type-hours-opens-object,4. Fixture format / 5. Errors,169,1,"2,3,4",systems-engineer,systems-engineer,independent-verifier,,Fixture hours.opens of wrong type object returns 400 malformed_request.,4b92041057beb669d2e6c528e8268f4d0d1e6421,black-box HTTP,extra,Run the original independent Stage 1 probe on the named Stage 2 service; no earlier pass substitutes for current evidence.,UNVERIFIED,unverified,stage-1.md,yes
TK1-reset-type-hours-opens-null,4. Fixture format / 5. Errors,169,1,"2,3,4",systems-engineer,systems-engineer,independent-verifier,,Fixture hours.opens of wrong type null returns 400 malformed_request.,4b92041057beb669d2e6c528e8268f4d0d1e6421,black-box HTTP,extra,Run the original independent Stage 1 probe on the named Stage 2 service; no earlier pass substitutes for current evidence.,UNVERIFIED,unverified,stage-1.md,yes
TK1-reset-missing-hours-closes,4. Fixture format / 5. Errors,109,1,"2,3,4",systems-engineer,systems-engineer,independent-verifier,,Required fixture hours.closes missing returns 422 validation_failed.,4b92041057beb669d2e6c528e8268f4d0d1e6421,black-box HTTP,extra,Run the original independent Stage 1 probe on the named Stage 2 service; no earlier pass substitutes for current evidence.,UNVERIFIED,unverified,stage-1.md,yes
TK1-reset-type-hours-closes-number,4. Fixture format / 5. Errors,169,1,"2,3,4",systems-engineer,systems-engineer,independent-verifier,,Fixture hours.closes of wrong type number returns 400 malformed_request.,4b92041057beb669d2e6c528e8268f4d0d1e6421,black-box HTTP,extra,Run the original independent Stage 1 probe on the named Stage 2 service; no earlier pass substitutes for current evidence.,UNVERIFIED,unverified,stage-1.md,yes
TK1-reset-type-hours-closes-bool,4. Fixture format / 5. Errors,169,1,"2,3,4",systems-engineer,systems-engineer,independent-verifier,,Fixture hours.closes of wrong type bool returns 400 malformed_request.,4b92041057beb669d2e6c528e8268f4d0d1e6421,black-box HTTP,extra,Run the original independent Stage 1 probe on the named Stage 2 service; no earlier pass substitutes for current evidence.,UNVERIFIED,unverified,stage-1.md,yes
TK1-reset-type-hours-closes-array,4. Fixture format / 5. Errors,169,1,"2,3,4",systems-engineer,systems-engineer,independent-verifier,,Fixture hours.closes of wrong type array returns 400 malformed_request.,4b92041057beb669d2e6c528e8268f4d0d1e6421,black-box HTTP,extra,Run the original independent Stage 1 probe on the named Stage 2 service; no earlier pass substitutes for current evidence.,UNVERIFIED,unverified,stage-1.md,yes
TK1-reset-type-hours-closes-object,4. Fixture format / 5. Errors,169,1,"2,3,4",systems-engineer,systems-engineer,independent-verifier,,Fixture hours.closes of wrong type object returns 400 malformed_request.,4b92041057beb669d2e6c528e8268f4d0d1e6421,black-box HTTP,extra,Run the original independent Stage 1 probe on the named Stage 2 service; no earlier pass substitutes for current evidence.,UNVERIFIED,unverified,stage-1.md,yes
TK1-reset-type-hours-closes-null,4. Fixture format / 5. Errors,169,1,"2,3,4",systems-engineer,systems-engineer,independent-verifier,,Fixture hours.closes of wrong type null returns 400 malformed_request.,4b92041057beb669d2e6c528e8268f4d0d1e6421,black-box HTTP,extra,Run the original independent Stage 1 probe on the named Stage 2 service; no earlier pass substitutes for current evidence.,UNVERIFIED,unverified,stage-1.md,yes
TK1-reset-missing-table-id,4. Fixture format / 5. Errors,109,1,"2,3,4",systems-engineer,systems-engineer,independent-verifier,,Required fixture table.id missing returns 422 validation_failed.,4b92041057beb669d2e6c528e8268f4d0d1e6421,black-box HTTP,extra,Run the original independent Stage 1 probe on the named Stage 2 service; no earlier pass substitutes for current evidence.,UNVERIFIED,unverified,stage-1.md,yes
TK1-reset-type-table-id-number,4. Fixture format / 5. Errors,169,1,"2,3,4",systems-engineer,systems-engineer,independent-verifier,,Fixture table.id of wrong type number returns 400 malformed_request.,4b92041057beb669d2e6c528e8268f4d0d1e6421,black-box HTTP,extra,Run the original independent Stage 1 probe on the named Stage 2 service; no earlier pass substitutes for current evidence.,UNVERIFIED,unverified,stage-1.md,yes
TK1-reset-type-table-id-bool,4. Fixture format / 5. Errors,169,1,"2,3,4",systems-engineer,systems-engineer,independent-verifier,,Fixture table.id of wrong type bool returns 400 malformed_request.,4b92041057beb669d2e6c528e8268f4d0d1e6421,black-box HTTP,extra,Run the original independent Stage 1 probe on the named Stage 2 service; no earlier pass substitutes for current evidence.,UNVERIFIED,unverified,stage-1.md,yes
TK1-reset-type-table-id-array,4. Fixture format / 5. Errors,169,1,"2,3,4",systems-engineer,systems-engineer,independent-verifier,,Fixture table.id of wrong type array returns 400 malformed_request.,4b92041057beb669d2e6c528e8268f4d0d1e6421,black-box HTTP,extra,Run the original independent Stage 1 probe on the named Stage 2 service; no earlier pass substitutes for current evidence.,UNVERIFIED,unverified,stage-1.md,yes
TK1-reset-type-table-id-object,4. Fixture format / 5. Errors,169,1,"2,3,4",systems-engineer,systems-engineer,independent-verifier,,Fixture table.id of wrong type object returns 400 malformed_request.,4b92041057beb669d2e6c528e8268f4d0d1e6421,black-box HTTP,extra,Run the original independent Stage 1 probe on the named Stage 2 service; no earlier pass substitutes for current evidence.,UNVERIFIED,unverified,stage-1.md,yes
TK1-reset-type-table-id-null,4. Fixture format / 5. Errors,169,1,"2,3,4",systems-engineer,systems-engineer,independent-verifier,,Fixture table.id of wrong type null returns 400 malformed_request.,4b92041057beb669d2e6c528e8268f4d0d1e6421,black-box HTTP,extra,Run the original independent Stage 1 probe on the named Stage 2 service; no earlier pass substitutes for current evidence.,UNVERIFIED,unverified,stage-1.md,yes
TK1-reset-missing-table-label,4. Fixture format / 5. Errors,109,1,"2,3,4",systems-engineer,systems-engineer,independent-verifier,,Required fixture table.label missing returns 422 validation_failed.,4b92041057beb669d2e6c528e8268f4d0d1e6421,black-box HTTP,extra,Run the original independent Stage 1 probe on the named Stage 2 service; no earlier pass substitutes for current evidence.,UNVERIFIED,unverified,stage-1.md,yes
TK1-reset-type-table-label-number,4. Fixture format / 5. Errors,169,1,"2,3,4",systems-engineer,systems-engineer,independent-verifier,,Fixture table.label of wrong type number returns 400 malformed_request.,4b92041057beb669d2e6c528e8268f4d0d1e6421,black-box HTTP,extra,Run the original independent Stage 1 probe on the named Stage 2 service; no earlier pass substitutes for current evidence.,UNVERIFIED,unverified,stage-1.md,yes
TK1-reset-type-table-label-bool,4. Fixture format / 5. Errors,169,1,"2,3,4",systems-engineer,systems-engineer,independent-verifier,,Fixture table.label of wrong type bool returns 400 malformed_request.,4b92041057beb669d2e6c528e8268f4d0d1e6421,black-box HTTP,extra,Run the original independent Stage 1 probe on the named Stage 2 service; no earlier pass substitutes for current evidence.,UNVERIFIED,unverified,stage-1.md,yes
TK1-reset-type-table-label-array,4. Fixture format / 5. Errors,169,1,"2,3,4",systems-engineer,systems-engineer,independent-verifier,,Fixture table.label of wrong type array returns 400 malformed_request.,4b92041057beb669d2e6c528e8268f4d0d1e6421,black-box HTTP,extra,Run the original independent Stage 1 probe on the named Stage 2 service; no earlier pass substitutes for current evidence.,UNVERIFIED,unverified,stage-1.md,yes
TK1-reset-type-table-label-object,4. Fixture format / 5. Errors,169,1,"2,3,4",systems-engineer,systems-engineer,independent-verifier,,Fixture table.label of wrong type object returns 400 malformed_request.,4b92041057beb669d2e6c528e8268f4d0d1e6421,black-box HTTP,extra,Run the original independent Stage 1 probe on the named Stage 2 service; no earlier pass substitutes for current evidence.,UNVERIFIED,unverified,stage-1.md,yes
TK1-reset-type-table-label-null,4. Fixture format / 5. Errors,169,1,"2,3,4",systems-engineer,systems-engineer,independent-verifier,,Fixture table.label of wrong type null returns 400 malformed_request.,4b92041057beb669d2e6c528e8268f4d0d1e6421,black-box HTTP,extra,Run the original independent Stage 1 probe on the named Stage 2 service; no earlier pass substitutes for current evidence.,UNVERIFIED,unverified,stage-1.md,yes
TK1-reset-missing-table-capacity,4. Fixture format / 5. Errors,109,1,"2,3,4",systems-engineer,systems-engineer,independent-verifier,,Required fixture table.capacity missing returns 422 validation_failed.,4b92041057beb669d2e6c528e8268f4d0d1e6421,black-box HTTP,extra,Run the original independent Stage 1 probe on the named Stage 2 service; no earlier pass substitutes for current evidence.,UNVERIFIED,unverified,stage-1.md,yes
TK1-reset-type-table-capacity-string,4. Fixture format / 5. Errors,169,1,"2,3,4",systems-engineer,systems-engineer,independent-verifier,,Fixture table.capacity of wrong type string returns 400 malformed_request.,4b92041057beb669d2e6c528e8268f4d0d1e6421,black-box HTTP,extra,Run the original independent Stage 1 probe on the named Stage 2 service; no earlier pass substitutes for current evidence.,UNVERIFIED,unverified,stage-1.md,yes
TK1-reset-type-table-capacity-bool,4. Fixture format / 5. Errors,169,1,"2,3,4",systems-engineer,systems-engineer,independent-verifier,,Fixture table.capacity of wrong type bool returns 400 malformed_request.,4b92041057beb669d2e6c528e8268f4d0d1e6421,black-box HTTP,extra,Run the original independent Stage 1 probe on the named Stage 2 service; no earlier pass substitutes for current evidence.,UNVERIFIED,unverified,stage-1.md,yes
TK1-reset-type-table-capacity-array,4. Fixture format / 5. Errors,169,1,"2,3,4",systems-engineer,systems-engineer,independent-verifier,,Fixture table.capacity of wrong type array returns 400 malformed_request.,4b92041057beb669d2e6c528e8268f4d0d1e6421,black-box HTTP,extra,Run the original independent Stage 1 probe on the named Stage 2 service; no earlier pass substitutes for current evidence.,UNVERIFIED,unverified,stage-1.md,yes
TK1-reset-type-table-capacity-object,4. Fixture format / 5. Errors,169,1,"2,3,4",systems-engineer,systems-engineer,independent-verifier,,Fixture table.capacity of wrong type object returns 400 malformed_request.,4b92041057beb669d2e6c528e8268f4d0d1e6421,black-box HTTP,extra,Run the original independent Stage 1 probe on the named Stage 2 service; no earlier pass substitutes for current evidence.,UNVERIFIED,unverified,stage-1.md,yes
TK1-reset-type-table-capacity-null,4. Fixture format / 5. Errors,169,1,"2,3,4",systems-engineer,systems-engineer,independent-verifier,,Fixture table.capacity of wrong type null returns 400 malformed_request.,4b92041057beb669d2e6c528e8268f4d0d1e6421,black-box HTTP,extra,Run the original independent Stage 1 probe on the named Stage 2 service; no earlier pass substitutes for current evidence.,UNVERIFIED,unverified,stage-1.md,yes
TK1-reset-missing-reservation-restaurant_id,4. Fixture format / 5. Errors,109,1,"2,3,4",systems-engineer,systems-engineer,independent-verifier,,Required fixture reservation.restaurant_id missing returns 422 validation_failed.,4b92041057beb669d2e6c528e8268f4d0d1e6421,black-box HTTP,extra,Run the original independent Stage 1 probe on the named Stage 2 service; no earlier pass substitutes for current evidence.,UNVERIFIED,unverified,stage-1.md,yes
TK1-reset-type-reservation-restaurant_id-number,4. Fixture format / 5. Errors,169,1,"2,3,4",systems-engineer,systems-engineer,independent-verifier,,Fixture reservation.restaurant_id of wrong type number returns 400 malformed_request.,4b92041057beb669d2e6c528e8268f4d0d1e6421,black-box HTTP,extra,Run the original independent Stage 1 probe on the named Stage 2 service; no earlier pass substitutes for current evidence.,UNVERIFIED,unverified,stage-1.md,yes
TK1-reset-type-reservation-restaurant_id-bool,4. Fixture format / 5. Errors,169,1,"2,3,4",systems-engineer,systems-engineer,independent-verifier,,Fixture reservation.restaurant_id of wrong type bool returns 400 malformed_request.,4b92041057beb669d2e6c528e8268f4d0d1e6421,black-box HTTP,extra,Run the original independent Stage 1 probe on the named Stage 2 service; no earlier pass substitutes for current evidence.,UNVERIFIED,unverified,stage-1.md,yes
TK1-reset-type-reservation-restaurant_id-array,4. Fixture format / 5. Errors,169,1,"2,3,4",systems-engineer,systems-engineer,independent-verifier,,Fixture reservation.restaurant_id of wrong type array returns 400 malformed_request.,4b92041057beb669d2e6c528e8268f4d0d1e6421,black-box HTTP,extra,Run the original independent Stage 1 probe on the named Stage 2 service; no earlier pass substitutes for current evidence.,UNVERIFIED,unverified,stage-1.md,yes
TK1-reset-type-reservation-restaurant_id-object,4. Fixture format / 5. Errors,169,1,"2,3,4",systems-engineer,systems-engineer,independent-verifier,,Fixture reservation.restaurant_id of wrong type object returns 400 malformed_request.,4b92041057beb669d2e6c528e8268f4d0d1e6421,black-box HTTP,extra,Run the original independent Stage 1 probe on the named Stage 2 service; no earlier pass substitutes for current evidence.,UNVERIFIED,unverified,stage-1.md,yes
TK1-reset-type-reservation-restaurant_id-null,4. Fixture format / 5. Errors,169,1,"2,3,4",systems-engineer,systems-engineer,independent-verifier,,Fixture reservation.restaurant_id of wrong type null returns 400 malformed_request.,4b92041057beb669d2e6c528e8268f4d0d1e6421,black-box HTTP,extra,Run the original independent Stage 1 probe on the named Stage 2 service; no earlier pass substitutes for current evidence.,UNVERIFIED,unverified,stage-1.md,yes
TK1-reset-missing-reservation-table_id,4. Fixture format / 5. Errors,109,1,"2,3,4",systems-engineer,systems-engineer,independent-verifier,,Required fixture reservation.table_id missing returns 422 validation_failed.,4b92041057beb669d2e6c528e8268f4d0d1e6421,black-box HTTP,extra,Run the original independent Stage 1 probe on the named Stage 2 service; no earlier pass substitutes for current evidence.,UNVERIFIED,unverified,stage-1.md,yes
TK1-reset-type-reservation-table_id-number,4. Fixture format / 5. Errors,169,1,"2,3,4",systems-engineer,systems-engineer,independent-verifier,,Fixture reservation.table_id of wrong type number returns 400 malformed_request.,4b92041057beb669d2e6c528e8268f4d0d1e6421,black-box HTTP,extra,Run the original independent Stage 1 probe on the named Stage 2 service; no earlier pass substitutes for current evidence.,UNVERIFIED,unverified,stage-1.md,yes
TK1-reset-type-reservation-table_id-bool,4. Fixture format / 5. Errors,169,1,"2,3,4",systems-engineer,systems-engineer,independent-verifier,,Fixture reservation.table_id of wrong type bool returns 400 malformed_request.,4b92041057beb669d2e6c528e8268f4d0d1e6421,black-box HTTP,extra,Run the original independent Stage 1 probe on the named Stage 2 service; no earlier pass substitutes for current evidence.,UNVERIFIED,unverified,stage-1.md,yes
TK1-reset-type-reservation-table_id-array,4. Fixture format / 5. Errors,169,1,"2,3,4",systems-engineer,systems-engineer,independent-verifier,,Fixture reservation.table_id of wrong type array returns 400 malformed_request.,4b92041057beb669d2e6c528e8268f4d0d1e6421,black-box HTTP,extra,Run the original independent Stage 1 probe on the named Stage 2 service; no earlier pass substitutes for current evidence.,UNVERIFIED,unverified,stage-1.md,yes
TK1-reset-type-reservation-table_id-object,4. Fixture format / 5. Errors,169,1,"2,3,4",systems-engineer,systems-engineer,independent-verifier,,Fixture reservation.table_id of wrong type object returns 400 malformed_request.,4b92041057beb669d2e6c528e8268f4d0d1e6421,black-box HTTP,extra,Run the original independent Stage 1 probe on the named Stage 2 service; no earlier pass substitutes for current evidence.,UNVERIFIED,unverified,stage-1.md,yes
TK1-reset-type-reservation-table_id-null,4. Fixture format / 5. Errors,169,1,"2,3,4",systems-engineer,systems-engineer,independent-verifier,,Fixture reservation.table_id of wrong type null returns 400 malformed_request.,4b92041057beb669d2e6c528e8268f4d0d1e6421,black-box HTTP,extra,Run the original independent Stage 1 probe on the named Stage 2 service; no earlier pass substitutes for current evidence.,UNVERIFIED,unverified,stage-1.md,yes
TK1-reset-missing-reservation-starts_at_local,4. Fixture format / 5. Errors,109,1,"2,3,4",systems-engineer,systems-engineer,independent-verifier,,Required fixture reservation.starts_at_local missing returns 422 validation_failed.,4b92041057beb669d2e6c528e8268f4d0d1e6421,black-box HTTP,extra,Run the original independent Stage 1 probe on the named Stage 2 service; no earlier pass substitutes for current evidence.,UNVERIFIED,unverified,stage-1.md,yes
TK1-reset-type-reservation-starts_at_local-number,4. Fixture format / 5. Errors,169,1,"2,3,4",systems-engineer,systems-engineer,independent-verifier,,Fixture reservation.starts_at_local of wrong type number returns 400 malformed_request.,4b92041057beb669d2e6c528e8268f4d0d1e6421,black-box HTTP,extra,Run the original independent Stage 1 probe on the named Stage 2 service; no earlier pass substitutes for current evidence.,UNVERIFIED,unverified,stage-1.md,yes
TK1-reset-type-reservation-starts_at_local-bool,4. Fixture format / 5. Errors,169,1,"2,3,4",systems-engineer,systems-engineer,independent-verifier,,Fixture reservation.starts_at_local of wrong type bool returns 400 malformed_request.,4b92041057beb669d2e6c528e8268f4d0d1e6421,black-box HTTP,extra,Run the original independent Stage 1 probe on the named Stage 2 service; no earlier pass substitutes for current evidence.,UNVERIFIED,unverified,stage-1.md,yes
TK1-reset-type-reservation-starts_at_local-array,4. Fixture format / 5. Errors,169,1,"2,3,4",systems-engineer,systems-engineer,independent-verifier,,Fixture reservation.starts_at_local of wrong type array returns 400 malformed_request.,4b92041057beb669d2e6c528e8268f4d0d1e6421,black-box HTTP,extra,Run the original independent Stage 1 probe on the named Stage 2 service; no earlier pass substitutes for current evidence.,UNVERIFIED,unverified,stage-1.md,yes
TK1-reset-type-reservation-starts_at_local-object,4. Fixture format / 5. Errors,169,1,"2,3,4",systems-engineer,systems-engineer,independent-verifier,,Fixture reservation.starts_at_local of wrong type object returns 400 malformed_request.,4b92041057beb669d2e6c528e8268f4d0d1e6421,black-box HTTP,extra,Run the original independent Stage 1 probe on the named Stage 2 service; no earlier pass substitutes for current evidence.,UNVERIFIED,unverified,stage-1.md,yes
TK1-reset-type-reservation-starts_at_local-null,4. Fixture format / 5. Errors,169,1,"2,3,4",systems-engineer,systems-engineer,independent-verifier,,Fixture reservation.starts_at_local of wrong type null returns 400 malformed_request.,4b92041057beb669d2e6c528e8268f4d0d1e6421,black-box HTTP,extra,Run the original independent Stage 1 probe on the named Stage 2 service; no earlier pass substitutes for current evidence.,UNVERIFIED,unverified,stage-1.md,yes
TK1-reset-missing-reservation-id,4. Fixture format / 5. Errors,109,1,"2,3,4",systems-engineer,systems-engineer,independent-verifier,,Required fixture reservation.id missing returns 422 validation_failed.,4b92041057beb669d2e6c528e8268f4d0d1e6421,black-box HTTP,extra,Run the original independent Stage 1 probe on the named Stage 2 service; no earlier pass substitutes for current evidence.,UNVERIFIED,unverified,stage-1.md,yes
TK1-reset-type-reservation-id-number,4. Fixture format / 5. Errors,169,1,"2,3,4",systems-engineer,systems-engineer,independent-verifier,,Fixture reservation.id of wrong type number returns 400 malformed_request.,4b92041057beb669d2e6c528e8268f4d0d1e6421,black-box HTTP,extra,Run the original independent Stage 1 probe on the named Stage 2 service; no earlier pass substitutes for current evidence.,UNVERIFIED,unverified,stage-1.md,yes
TK1-reset-type-reservation-id-bool,4. Fixture format / 5. Errors,169,1,"2,3,4",systems-engineer,systems-engineer,independent-verifier,,Fixture reservation.id of wrong type bool returns 400 malformed_request.,4b92041057beb669d2e6c528e8268f4d0d1e6421,black-box HTTP,extra,Run the original independent Stage 1 probe on the named Stage 2 service; no earlier pass substitutes for current evidence.,UNVERIFIED,unverified,stage-1.md,yes
TK1-reset-type-reservation-id-array,4. Fixture format / 5. Errors,169,1,"2,3,4",systems-engineer,systems-engineer,independent-verifier,,Fixture reservation.id of wrong type array returns 400 malformed_request.,4b92041057beb669d2e6c528e8268f4d0d1e6421,black-box HTTP,extra,Run the original independent Stage 1 probe on the named Stage 2 service; no earlier pass substitutes for current evidence.,UNVERIFIED,unverified,stage-1.md,yes
TK1-reset-type-reservation-id-object,4. Fixture format / 5. Errors,169,1,"2,3,4",systems-engineer,systems-engineer,independent-verifier,,Fixture reservation.id of wrong type object returns 400 malformed_request.,4b92041057beb669d2e6c528e8268f4d0d1e6421,black-box HTTP,extra,Run the original independent Stage 1 probe on the named Stage 2 service; no earlier pass substitutes for current evidence.,UNVERIFIED,unverified,stage-1.md,yes
TK1-reset-type-reservation-id-null,4. Fixture format / 5. Errors,169,1,"2,3,4",systems-engineer,systems-engineer,independent-verifier,,Fixture reservation.id of wrong type null returns 400 malformed_request.,4b92041057beb669d2e6c528e8268f4d0d1e6421,black-box HTTP,extra,Run the original independent Stage 1 probe on the named Stage 2 service; no earlier pass substitutes for current evidence.,UNVERIFIED,unverified,stage-1.md,yes
TK1-reset-missing-reservation-reference,4. Fixture format / 5. Errors,109,1,"2,3,4",systems-engineer,systems-engineer,independent-verifier,,Required fixture reservation.reference missing returns 422 validation_failed.,4b92041057beb669d2e6c528e8268f4d0d1e6421,black-box HTTP,extra,Run the original independent Stage 1 probe on the named Stage 2 service; no earlier pass substitutes for current evidence.,UNVERIFIED,unverified,stage-1.md,yes
TK1-reset-type-reservation-reference-number,4. Fixture format / 5. Errors,169,1,"2,3,4",systems-engineer,systems-engineer,independent-verifier,,Fixture reservation.reference of wrong type number returns 400 malformed_request.,4b92041057beb669d2e6c528e8268f4d0d1e6421,black-box HTTP,extra,Run the original independent Stage 1 probe on the named Stage 2 service; no earlier pass substitutes for current evidence.,UNVERIFIED,unverified,stage-1.md,yes
TK1-reset-type-reservation-reference-bool,4. Fixture format / 5. Errors,169,1,"2,3,4",systems-engineer,systems-engineer,independent-verifier,,Fixture reservation.reference of wrong type bool returns 400 malformed_request.,4b92041057beb669d2e6c528e8268f4d0d1e6421,black-box HTTP,extra,Run the original independent Stage 1 probe on the named Stage 2 service; no earlier pass substitutes for current evidence.,UNVERIFIED,unverified,stage-1.md,yes
TK1-reset-type-reservation-reference-array,4. Fixture format / 5. Errors,169,1,"2,3,4",systems-engineer,systems-engineer,independent-verifier,,Fixture reservation.reference of wrong type array returns 400 malformed_request.,4b92041057beb669d2e6c528e8268f4d0d1e6421,black-box HTTP,extra,Run the original independent Stage 1 probe on the named Stage 2 service; no earlier pass substitutes for current evidence.,UNVERIFIED,unverified,stage-1.md,yes
TK1-reset-type-reservation-reference-object,4. Fixture format / 5. Errors,169,1,"2,3,4",systems-engineer,systems-engineer,independent-verifier,,Fixture reservation.reference of wrong type object returns 400 malformed_request.,4b92041057beb669d2e6c528e8268f4d0d1e6421,black-box HTTP,extra,Run the original independent Stage 1 probe on the named Stage 2 service; no earlier pass substitutes for current evidence.,UNVERIFIED,unverified,stage-1.md,yes
TK1-reset-type-reservation-reference-null,4. Fixture format / 5. Errors,169,1,"2,3,4",systems-engineer,systems-engineer,independent-verifier,,Fixture reservation.reference of wrong type null returns 400 malformed_request.,4b92041057beb669d2e6c528e8268f4d0d1e6421,black-box HTTP,extra,Run the original independent Stage 1 probe on the named Stage 2 service; no earlier pass substitutes for current evidence.,UNVERIFIED,unverified,stage-1.md,yes
TK1-reset-missing-reservation-user_id,4. Fixture format / 5. Errors,109,1,"2,3,4",systems-engineer,systems-engineer,independent-verifier,,Required fixture reservation.user_id missing returns 422 validation_failed.,4b92041057beb669d2e6c528e8268f4d0d1e6421,black-box HTTP,extra,Run the original independent Stage 1 probe on the named Stage 2 service; no earlier pass substitutes for current evidence.,UNVERIFIED,unverified,stage-1.md,yes
TK1-reset-type-reservation-user_id-number,4. Fixture format / 5. Errors,169,1,"2,3,4",systems-engineer,systems-engineer,independent-verifier,,Fixture reservation.user_id of wrong type number returns 400 malformed_request.,4b92041057beb669d2e6c528e8268f4d0d1e6421,black-box HTTP,extra,Run the original independent Stage 1 probe on the named Stage 2 service; no earlier pass substitutes for current evidence.,UNVERIFIED,unverified,stage-1.md,yes
TK1-reset-type-reservation-user_id-bool,4. Fixture format / 5. Errors,169,1,"2,3,4",systems-engineer,systems-engineer,independent-verifier,,Fixture reservation.user_id of wrong type bool returns 400 malformed_request.,4b92041057beb669d2e6c528e8268f4d0d1e6421,black-box HTTP,extra,Run the original independent Stage 1 probe on the named Stage 2 service; no earlier pass substitutes for current evidence.,UNVERIFIED,unverified,stage-1.md,yes
TK1-reset-type-reservation-user_id-array,4. Fixture format / 5. Errors,169,1,"2,3,4",systems-engineer,systems-engineer,independent-verifier,,Fixture reservation.user_id of wrong type array returns 400 malformed_request.,4b92041057beb669d2e6c528e8268f4d0d1e6421,black-box HTTP,extra,Run the original independent Stage 1 probe on the named Stage 2 service; no earlier pass substitutes for current evidence.,UNVERIFIED,unverified,stage-1.md,yes
TK1-reset-type-reservation-user_id-object,4. Fixture format / 5. Errors,169,1,"2,3,4",systems-engineer,systems-engineer,independent-verifier,,Fixture reservation.user_id of wrong type object returns 400 malformed_request.,4b92041057beb669d2e6c528e8268f4d0d1e6421,black-box HTTP,extra,Run the original independent Stage 1 probe on the named Stage 2 service; no earlier pass substitutes for current evidence.,UNVERIFIED,unverified,stage-1.md,yes
TK1-reset-type-reservation-user_id-null,4. Fixture format / 5. Errors,169,1,"2,3,4",systems-engineer,systems-engineer,independent-verifier,,Fixture reservation.user_id of wrong type null returns 400 malformed_request.,4b92041057beb669d2e6c528e8268f4d0d1e6421,black-box HTTP,extra,Run the original independent Stage 1 probe on the named Stage 2 service; no earlier pass substitutes for current evidence.,UNVERIFIED,unverified,stage-1.md,yes
TK1-reset-missing-reservation-party_size,4. Fixture format / 5. Errors,109,1,"2,3,4",systems-engineer,systems-engineer,independent-verifier,,Required fixture reservation.party_size missing returns 422 validation_failed.,4b92041057beb669d2e6c528e8268f4d0d1e6421,black-box HTTP,extra,Run the original independent Stage 1 probe on the named Stage 2 service; no earlier pass substitutes for current evidence.,UNVERIFIED,unverified,stage-1.md,yes
TK1-reset-type-reservation-party_size-string,4. Fixture format / 5. Errors,169,1,"2,3,4",systems-engineer,systems-engineer,independent-verifier,,Fixture reservation.party_size of wrong type string returns 422 validation_failed.,4b92041057beb669d2e6c528e8268f4d0d1e6421,black-box HTTP,extra,Run the original independent Stage 1 probe on the named Stage 2 service; no earlier pass substitutes for current evidence.,UNVERIFIED,unverified,stage-1.md,yes
TK1-reset-type-reservation-party_size-bool,4. Fixture format / 5. Errors,169,1,"2,3,4",systems-engineer,systems-engineer,independent-verifier,,Fixture reservation.party_size of wrong type bool returns 422 validation_failed.,4b92041057beb669d2e6c528e8268f4d0d1e6421,black-box HTTP,extra,Run the original independent Stage 1 probe on the named Stage 2 service; no earlier pass substitutes for current evidence.,UNVERIFIED,unverified,stage-1.md,yes
TK1-reset-type-reservation-party_size-array,4. Fixture format / 5. Errors,169,1,"2,3,4",systems-engineer,systems-engineer,independent-verifier,,Fixture reservation.party_size of wrong type array returns 422 validation_failed.,4b92041057beb669d2e6c528e8268f4d0d1e6421,black-box HTTP,extra,Run the original independent Stage 1 probe on the named Stage 2 service; no earlier pass substitutes for current evidence.,UNVERIFIED,unverified,stage-1.md,yes
TK1-reset-type-reservation-party_size-object,4. Fixture format / 5. Errors,169,1,"2,3,4",systems-engineer,systems-engineer,independent-verifier,,Fixture reservation.party_size of wrong type object returns 422 validation_failed.,4b92041057beb669d2e6c528e8268f4d0d1e6421,black-box HTTP,extra,Run the original independent Stage 1 probe on the named Stage 2 service; no earlier pass substitutes for current evidence.,UNVERIFIED,unverified,stage-1.md,yes
TK1-reset-type-reservation-party_size-null,4. Fixture format / 5. Errors,169,1,"2,3,4",systems-engineer,systems-engineer,independent-verifier,,Fixture reservation.party_size of wrong type null returns 422 validation_failed.,4b92041057beb669d2e6c528e8268f4d0d1e6421,black-box HTTP,extra,Run the original independent Stage 1 probe on the named Stage 2 service; no earlier pass substitutes for current evidence.,UNVERIFIED,unverified,stage-1.md,yes
TK1-reset-missing-restaurant-opening_hours,4. Fixture format / 5. Errors,109,1,"2,3,4",systems-engineer,systems-engineer,independent-verifier,,Required fixture restaurant.opening_hours missing returns 422 validation_failed.,4b92041057beb669d2e6c528e8268f4d0d1e6421,black-box HTTP,extra,Run the original independent Stage 1 probe on the named Stage 2 service; no earlier pass substitutes for current evidence.,UNVERIFIED,unverified,stage-1.md,yes
TK1-reset-missing-restaurant-tables,4. Fixture format / 5. Errors,109,1,"2,3,4",systems-engineer,systems-engineer,independent-verifier,,Required fixture restaurant.tables missing returns 422 validation_failed.,4b92041057beb669d2e6c528e8268f4d0d1e6421,black-box HTTP,extra,Run the original independent Stage 1 probe on the named Stage 2 service; no earlier pass substitutes for current evidence.,UNVERIFIED,unverified,stage-1.md,yes
TK1-unknown-field-reset,3.4 Conventions,88,1,"2,3,4",systems-engineer,systems-engineer,independent-verifier,,reset ignores unknown request body fields.,4b92041057beb669d2e6c528e8268f4d0d1e6421,black-box HTTP,extra,Run the original independent Stage 1 probe on the named Stage 2 service; no earlier pass substitutes for current evidence.,UNVERIFIED,unverified,stage-1.md,yes
TK1-unknown-field-signup,3.4 Conventions,88,1,"2,3,4",systems-engineer,systems-engineer,independent-verifier,,signup ignores unknown request body fields.,4b92041057beb669d2e6c528e8268f4d0d1e6421,black-box HTTP,extra,Run the original independent Stage 1 probe on the named Stage 2 service; no earlier pass substitutes for current evidence.,UNVERIFIED,unverified,stage-1.md,yes
TK1-unknown-field-login,3.4 Conventions,88,1,"2,3,4",systems-engineer,systems-engineer,independent-verifier,,login ignores unknown request body fields.,4b92041057beb669d2e6c528e8268f4d0d1e6421,black-box HTTP,extra,Run the original independent Stage 1 probe on the named Stage 2 service; no earlier pass substitutes for current evidence.,UNVERIFIED,unverified,stage-1.md,yes
TK1-unknown-field-create,3.4 Conventions,88,1,"2,3,4",systems-engineer,systems-engineer,independent-verifier,,create ignores unknown request body fields.,4b92041057beb669d2e6c528e8268f4d0d1e6421,black-box HTTP,extra,Run the original independent Stage 1 probe on the named Stage 2 service; no earlier pass substitutes for current evidence.,UNVERIFIED,unverified,stage-1.md,yes
TK1-unknown-field-patch,3.4 Conventions,88,1,"2,3,4",systems-engineer,systems-engineer,independent-verifier,,patch ignores unknown request body fields.,4b92041057beb669d2e6c528e8268f4d0d1e6421,black-box HTTP,extra,Run the original independent Stage 1 probe on the named Stage 2 service; no earlier pass substitutes for current evidence.,UNVERIFIED,unverified,stage-1.md,yes
TK1-unknown-field-cancel,3.4 Conventions,88,1,"2,3,4",systems-engineer,systems-engineer,independent-verifier,,cancel ignores unknown request body fields.,4b92041057beb669d2e6c528e8268f4d0d1e6421,black-box HTTP,extra,Run the original independent Stage 1 probe on the named Stage 2 service; no earlier pass substitutes for current evidence.,UNVERIFIED,unverified,stage-1.md,yes
TK1-unknown-field-batch,3.4 Conventions,88,1,"2,3,4",systems-engineer,systems-engineer,independent-verifier,,batch ignores unknown request body fields.,4b92041057beb669d2e6c528e8268f4d0d1e6421,black-box HTTP,extra,Run the original independent Stage 1 probe on the named Stage 2 service; no earlier pass substitutes for current evidence.,UNVERIFIED,unverified,stage-1.md,yes
TK1-unknown-field-import,3.4 Conventions,88,1,"2,3,4",systems-engineer,systems-engineer,independent-verifier,,import ignores unknown request body fields.,4b92041057beb669d2e6c528e8268f4d0d1e6421,black-box HTTP,extra,Run the original independent Stage 1 probe on the named Stage 2 service; no earlier pass substitutes for current evidence.,UNVERIFIED,unverified,stage-1.md,yes
TK1-extra-type-create-party_size-array,5. Errors / 8. POST/PATCH /reservations / 11. Atomic reservation moves,172,1,"2,3,4",systems-engineer,systems-engineer,independent-verifier,,create: array party_size returns 422 validation_failed.,4b92041057beb669d2e6c528e8268f4d0d1e6421,black-box HTTP,extra,Run the original independent Stage 1 probe on the named Stage 2 service; no earlier pass substitutes for current evidence.,UNVERIFIED,unverified,stage-1.md,yes
TK1-extra-type-create-party_size-object,5. Errors / 8. POST/PATCH /reservations / 11. Atomic reservation moves,172,1,"2,3,4",systems-engineer,systems-engineer,independent-verifier,,create: object party_size returns 422 validation_failed.,4b92041057beb669d2e6c528e8268f4d0d1e6421,black-box HTTP,extra,Run the original independent Stage 1 probe on the named Stage 2 service; no earlier pass substitutes for current evidence.,UNVERIFIED,unverified,stage-1.md,yes
TK1-extra-type-create-party_size-null,5. Errors / 8. POST/PATCH /reservations / 11. Atomic reservation moves,172,1,"2,3,4",systems-engineer,systems-engineer,independent-verifier,,create: null party_size returns 422 validation_failed.,4b92041057beb669d2e6c528e8268f4d0d1e6421,black-box HTTP,extra,Run the original independent Stage 1 probe on the named Stage 2 service; no earlier pass substitutes for current evidence.,UNVERIFIED,unverified,stage-1.md,yes
TK1-extra-type-create-starts_at_local-array,5. Errors / 8. POST/PATCH /reservations / 11. Atomic reservation moves,172,1,"2,3,4",systems-engineer,systems-engineer,independent-verifier,,create: array starts_at_local returns 400 malformed_request.,4b92041057beb669d2e6c528e8268f4d0d1e6421,black-box HTTP,extra,Run the original independent Stage 1 probe on the named Stage 2 service; no earlier pass substitutes for current evidence.,UNVERIFIED,unverified,stage-1.md,yes
TK1-extra-type-create-starts_at_local-object,5. Errors / 8. POST/PATCH /reservations / 11. Atomic reservation moves,172,1,"2,3,4",systems-engineer,systems-engineer,independent-verifier,,create: object starts_at_local returns 400 malformed_request.,4b92041057beb669d2e6c528e8268f4d0d1e6421,black-box HTTP,extra,Run the original independent Stage 1 probe on the named Stage 2 service; no earlier pass substitutes for current evidence.,UNVERIFIED,unverified,stage-1.md,yes
TK1-extra-type-create-starts_at_local-null,5. Errors / 8. POST/PATCH /reservations / 11. Atomic reservation moves,172,1,"2,3,4",systems-engineer,systems-engineer,independent-verifier,,create: null starts_at_local returns 400 malformed_request.,4b92041057beb669d2e6c528e8268f4d0d1e6421,black-box HTTP,extra,Run the original independent Stage 1 probe on the named Stage 2 service; no earlier pass substitutes for current evidence.,UNVERIFIED,unverified,stage-1.md,yes
TK1-extra-type-create-starts_at_local-bool,5. Errors / 8. POST/PATCH /reservations / 11. Atomic reservation moves,172,1,"2,3,4",systems-engineer,systems-engineer,independent-verifier,,create: bool starts_at_local returns 400 malformed_request.,4b92041057beb669d2e6c528e8268f4d0d1e6421,black-box HTTP,extra,Run the original independent Stage 1 probe on the named Stage 2 service; no earlier pass substitutes for current evidence.,UNVERIFIED,unverified,stage-1.md,yes
TK1-id-over-create-restaurant_id,3.4 Conventions / 5. Errors,89,1,"2,3,4",systems-engineer,systems-engineer,independent-verifier,,create restaurant_id longer than 64 characters returns 422 validation_failed.,4b92041057beb669d2e6c528e8268f4d0d1e6421,black-box HTTP,extra,Run the original independent Stage 1 probe on the named Stage 2 service; no earlier pass substitutes for current evidence.,UNVERIFIED,unverified,stage-1.md,yes
TK1-id-over-create-table_id,3.4 Conventions / 5. Errors,89,1,"2,3,4",systems-engineer,systems-engineer,independent-verifier,,create table_id longer than 64 characters returns 422 validation_failed.,4b92041057beb669d2e6c528e8268f4d0d1e6421,black-box HTTP,extra,Run the original independent Stage 1 probe on the named Stage 2 service; no earlier pass substitutes for current evidence.,UNVERIFIED,unverified,stage-1.md,yes
TK1-extra-type-patch-party_size-array,5. Errors / 8. POST/PATCH /reservations / 11. Atomic reservation moves,172,1,"2,3,4",systems-engineer,systems-engineer,independent-verifier,,patch: array party_size returns 422 validation_failed.,4b92041057beb669d2e6c528e8268f4d0d1e6421,black-box HTTP,extra,Run the original independent Stage 1 probe on the named Stage 2 service; no earlier pass substitutes for current evidence.,UNVERIFIED,unverified,stage-1.md,yes
TK1-extra-type-patch-party_size-object,5. Errors / 8. POST/PATCH /reservations / 11. Atomic reservation moves,172,1,"2,3,4",systems-engineer,systems-engineer,independent-verifier,,patch: object party_size returns 422 validation_failed.,4b92041057beb669d2e6c528e8268f4d0d1e6421,black-box HTTP,extra,Run the original independent Stage 1 probe on the named Stage 2 service; no earlier pass substitutes for current evidence.,UNVERIFIED,unverified,stage-1.md,yes
TK1-extra-type-patch-party_size-null,5. Errors / 8. POST/PATCH /reservations / 11. Atomic reservation moves,172,1,"2,3,4",systems-engineer,systems-engineer,independent-verifier,,patch: null party_size returns 422 validation_failed.,4b92041057beb669d2e6c528e8268f4d0d1e6421,black-box HTTP,extra,Run the original independent Stage 1 probe on the named Stage 2 service; no earlier pass substitutes for current evidence.,UNVERIFIED,unverified,stage-1.md,yes
TK1-extra-type-patch-starts_at_local-array,5. Errors / 8. POST/PATCH /reservations / 11. Atomic reservation moves,172,1,"2,3,4",systems-engineer,systems-engineer,independent-verifier,,patch: array starts_at_local returns 400 malformed_request.,4b92041057beb669d2e6c528e8268f4d0d1e6421,black-box HTTP,extra,Run the original independent Stage 1 probe on the named Stage 2 service; no earlier pass substitutes for current evidence.,UNVERIFIED,unverified,stage-1.md,yes
TK1-extra-type-patch-starts_at_local-object,5. Errors / 8. POST/PATCH /reservations / 11. Atomic reservation moves,172,1,"2,3,4",systems-engineer,systems-engineer,independent-verifier,,patch: object starts_at_local returns 400 malformed_request.,4b92041057beb669d2e6c528e8268f4d0d1e6421,black-box HTTP,extra,Run the original independent Stage 1 probe on the named Stage 2 service; no earlier pass substitutes for current evidence.,UNVERIFIED,unverified,stage-1.md,yes
TK1-extra-type-patch-starts_at_local-null,5. Errors / 8. POST/PATCH /reservations / 11. Atomic reservation moves,172,1,"2,3,4",systems-engineer,systems-engineer,independent-verifier,,patch: null starts_at_local returns 400 malformed_request.,4b92041057beb669d2e6c528e8268f4d0d1e6421,black-box HTTP,extra,Run the original independent Stage 1 probe on the named Stage 2 service; no earlier pass substitutes for current evidence.,UNVERIFIED,unverified,stage-1.md,yes
TK1-extra-type-patch-starts_at_local-bool,5. Errors / 8. POST/PATCH /reservations / 11. Atomic reservation moves,172,1,"2,3,4",systems-engineer,systems-engineer,independent-verifier,,patch: bool starts_at_local returns 400 malformed_request.,4b92041057beb669d2e6c528e8268f4d0d1e6421,black-box HTTP,extra,Run the original independent Stage 1 probe on the named Stage 2 service; no earlier pass substitutes for current evidence.,UNVERIFIED,unverified,stage-1.md,yes
TK1-id-over-patch-table_id,3.4 Conventions / 5. Errors,89,1,"2,3,4",systems-engineer,systems-engineer,independent-verifier,,patch table_id longer than 64 characters returns 422 validation_failed.,4b92041057beb669d2e6c528e8268f4d0d1e6421,black-box HTTP,extra,Run the original independent Stage 1 probe on the named Stage 2 service; no earlier pass substitutes for current evidence.,UNVERIFIED,unverified,stage-1.md,yes
TK1-extra-type-batch-party_size-array,5. Errors / 8. POST/PATCH /reservations / 11. Atomic reservation moves,172,1,"2,3,4",systems-engineer,systems-engineer,independent-verifier,,batch: array party_size returns 422 validation_failed.,4b92041057beb669d2e6c528e8268f4d0d1e6421,black-box HTTP,extra,Run the original independent Stage 1 probe on the named Stage 2 service; no earlier pass substitutes for current evidence.,UNVERIFIED,unverified,stage-1.md,yes
TK1-extra-type-batch-party_size-object,5. Errors / 8. POST/PATCH /reservations / 11. Atomic reservation moves,172,1,"2,3,4",systems-engineer,systems-engineer,independent-verifier,,batch: object party_size returns 422 validation_failed.,4b92041057beb669d2e6c528e8268f4d0d1e6421,black-box HTTP,extra,Run the original independent Stage 1 probe on the named Stage 2 service; no earlier pass substitutes for current evidence.,UNVERIFIED,unverified,stage-1.md,yes
TK1-extra-type-batch-party_size-null,5. Errors / 8. POST/PATCH /reservations / 11. Atomic reservation moves,172,1,"2,3,4",systems-engineer,systems-engineer,independent-verifier,,batch: null party_size returns 422 validation_failed.,4b92041057beb669d2e6c528e8268f4d0d1e6421,black-box HTTP,extra,Run the original independent Stage 1 probe on the named Stage 2 service; no earlier pass substitutes for current evidence.,UNVERIFIED,unverified,stage-1.md,yes
TK1-extra-type-batch-starts_at_local-array,5. Errors / 8. POST/PATCH /reservations / 11. Atomic reservation moves,172,1,"2,3,4",systems-engineer,systems-engineer,independent-verifier,,batch: array starts_at_local returns 400 malformed_request.,4b92041057beb669d2e6c528e8268f4d0d1e6421,black-box HTTP,extra,Run the original independent Stage 1 probe on the named Stage 2 service; no earlier pass substitutes for current evidence.,UNVERIFIED,unverified,stage-1.md,yes
TK1-extra-type-batch-starts_at_local-object,5. Errors / 8. POST/PATCH /reservations / 11. Atomic reservation moves,172,1,"2,3,4",systems-engineer,systems-engineer,independent-verifier,,batch: object starts_at_local returns 400 malformed_request.,4b92041057beb669d2e6c528e8268f4d0d1e6421,black-box HTTP,extra,Run the original independent Stage 1 probe on the named Stage 2 service; no earlier pass substitutes for current evidence.,UNVERIFIED,unverified,stage-1.md,yes
TK1-extra-type-batch-starts_at_local-null,5. Errors / 8. POST/PATCH /reservations / 11. Atomic reservation moves,172,1,"2,3,4",systems-engineer,systems-engineer,independent-verifier,,batch: null starts_at_local returns 400 malformed_request.,4b92041057beb669d2e6c528e8268f4d0d1e6421,black-box HTTP,extra,Run the original independent Stage 1 probe on the named Stage 2 service; no earlier pass substitutes for current evidence.,UNVERIFIED,unverified,stage-1.md,yes
TK1-extra-type-batch-starts_at_local-bool,5. Errors / 8. POST/PATCH /reservations / 11. Atomic reservation moves,172,1,"2,3,4",systems-engineer,systems-engineer,independent-verifier,,batch: bool starts_at_local returns 400 malformed_request.,4b92041057beb669d2e6c528e8268f4d0d1e6421,black-box HTTP,extra,Run the original independent Stage 1 probe on the named Stage 2 service; no earlier pass substitutes for current evidence.,UNVERIFIED,unverified,stage-1.md,yes
TK1-id-over-batch-table_id,3.4 Conventions / 5. Errors,89,1,"2,3,4",systems-engineer,systems-engineer,independent-verifier,,batch table_id longer than 64 characters returns 422 validation_failed.,4b92041057beb669d2e6c528e8268f4d0d1e6421,black-box HTTP,extra,Run the original independent Stage 1 probe on the named Stage 2 service; no earlier pass substitutes for current evidence.,UNVERIFIED,unverified,stage-1.md,yes
TK1-create-failed-occupancy-key,7. Idempotency,255,1,"2,3,4",systems-engineer,systems-engineer,independent-verifier,,create: an occupancy-failed key can be reused with its original body after the conflicting occupancy is freed.,4b92041057beb669d2e6c528e8268f4d0d1e6421,black-box HTTP,extra,Run the original independent Stage 1 probe on the named Stage 2 service; no earlier pass substitutes for current evidence.,UNVERIFIED,unverified,stage-1.md,yes
TK1-batch-failed-occupancy-key,7. Idempotency,255,1,"2,3,4",systems-engineer,systems-engineer,independent-verifier,,batch: an occupancy-failed key can be reused with its original body after the conflicting occupancy is freed.,4b92041057beb669d2e6c528e8268f4d0d1e6421,black-box HTTP,extra,Run the original independent Stage 1 probe on the named Stage 2 service; no earlier pass substitutes for current evidence.,UNVERIFIED,unverified,stage-1.md,yes
TK1-patch-berlin-skipped-time,8. PATCH /reservations / 9. Time and DST / 11. Atomic reservation moves,385,1,"2,3,4",systems-engineer,systems-engineer,independent-verifier,,patch rejects a nonexistent local time with 422 invalid_local_time.,4b92041057beb669d2e6c528e8268f4d0d1e6421,black-box HTTP,extra,Run the original independent Stage 1 probe on the named Stage 2 service; no earlier pass substitutes for current evidence.,UNVERIFIED,unverified,stage-1.md,yes
TK1-patch-new-york-skipped-time,8. PATCH /reservations / 9. Time and DST / 11. Atomic reservation moves,385,1,"2,3,4",systems-engineer,systems-engineer,independent-verifier,,patch rejects a nonexistent local time with 422 invalid_local_time.,4b92041057beb669d2e6c528e8268f4d0d1e6421,black-box HTTP,extra,Run the original independent Stage 1 probe on the named Stage 2 service; no earlier pass substitutes for current evidence.,UNVERIFIED,unverified,stage-1.md,yes
TK1-batch-berlin-skipped-time,8. PATCH /reservations / 9. Time and DST / 11. Atomic reservation moves,385,1,"2,3,4",systems-engineer,systems-engineer,independent-verifier,,batch rejects a nonexistent local time with 422 invalid_local_time.,4b92041057beb669d2e6c528e8268f4d0d1e6421,black-box HTTP,extra,Run the original independent Stage 1 probe on the named Stage 2 service; no earlier pass substitutes for current evidence.,UNVERIFIED,unverified,stage-1.md,yes
TK1-batch-new-york-skipped-time,8. PATCH /reservations / 9. Time and DST / 11. Atomic reservation moves,385,1,"2,3,4",systems-engineer,systems-engineer,independent-verifier,,batch rejects a nonexistent local time with 422 invalid_local_time.,4b92041057beb669d2e6c528e8268f4d0d1e6421,black-box HTTP,extra,Run the original independent Stage 1 probe on the named Stage 2 service; no earlier pass substitutes for current evidence.,UNVERIFIED,unverified,stage-1.md,yes
TK1-calendar-leap,4. Fixture format / 5. Errors,143,1,"2,3,4",systems-engineer,systems-engineer,independent-verifier,,Legal calendar date 2024-02-29 is accepted without past-date rejection or year-format truncation.,4b92041057beb669d2e6c528e8268f4d0d1e6421,black-box HTTP,extra,Run the original independent Stage 1 probe on the named Stage 2 service; no earlier pass substitutes for current evidence.,UNVERIFIED,unverified,stage-1.md,yes
TK1-calendar-year-one,4. Fixture format / 5. Errors,143,1,"2,3,4",systems-engineer,systems-engineer,independent-verifier,,Legal calendar date 0001-01-01 is accepted without past-date rejection or year-format truncation.,4b92041057beb669d2e6c528e8268f4d0d1e6421,black-box HTTP,extra,Run the original independent Stage 1 probe on the named Stage 2 service; no earlier pass substitutes for current evidence.,UNVERIFIED,unverified,stage-1.md,yes
TK1-calendar-year-max,4. Fixture format / 5. Errors,143,1,"2,3,4",systems-engineer,systems-engineer,independent-verifier,,Legal calendar date 9999-12-31 is accepted without past-date rejection or year-format truncation.,4b92041057beb669d2e6c528e8268f4d0d1e6421,black-box HTTP,extra,Run the original independent Stage 1 probe on the named Stage 2 service; no earlier pass substitutes for current evidence.,UNVERIFIED,unverified,stage-1.md,yes
TK1-patch-closed-day,8. PATCH /reservations / 11. Atomic reservation moves,385,1,"2,3,4",systems-engineer,systems-engineer,independent-verifier,,Amendment to a closed day returns 422 outside_opening_hours with no mutation.,4b92041057beb669d2e6c528e8268f4d0d1e6421,black-box HTTP,extra,Run the original independent Stage 1 probe on the named Stage 2 service; no earlier pass substitutes for current evidence.,UNVERIFIED,unverified,stage-1.md,yes
TK1-batch-closed-day,8. PATCH /reservations / 11. Atomic reservation moves,385,1,"2,3,4",systems-engineer,systems-engineer,independent-verifier,,Batch amendment to a closed day returns 422 outside_opening_hours with no mutation.,4b92041057beb669d2e6c528e8268f4d0d1e6421,black-box HTTP,extra,Run the original independent Stage 1 probe on the named Stage 2 service; no earlier pass substitutes for current evidence.,UNVERIFIED,unverified,stage-1.md,yes
TK1-edge-utc-min-availability,4. Fixture format / 8. API / 9. Time and DST,143,1,"2,3,4",systems-engineer,systems-engineer,independent-verifier,"Coordinator decision: exact IANA instant and original starts_at_local; nearest representable minute wire offset, lower numerical tie. Literal historical subminute wire offset is an explicit interpretation exception; earlier failed observations are preserved.","Calendar boundary 0001-01-01 in UTC returns 200 availability, regardless of UTC representation range.",4b92041057beb669d2e6c528e8268f4d0d1e6421,black-box HTTP,calendar-edges,Run the original independent Stage 1 probe on the named Stage 2 service; no earlier pass substitutes for current evidence.,UNVERIFIED,unverified,stage-1.md,yes
TK1-edge-utc-min-slots,4. Fixture format / 8. API / 9. Time and DST,143,1,"2,3,4",systems-engineer,systems-engineer,independent-verifier,"Coordinator decision: exact IANA instant and original starts_at_local; nearest representable minute wire offset, lower numerical tie. Literal historical subminute wire offset is an explicit interpretation exception; earlier failed observations are preserved.","Calendar boundary 0001-01-01 in UTC offers all eight fitting slots, regardless of UTC representation range.",4b92041057beb669d2e6c528e8268f4d0d1e6421,black-box HTTP,calendar-edges,Run the original independent Stage 1 probe on the named Stage 2 service; no earlier pass substitutes for current evidence.,UNVERIFIED,unverified,stage-1.md,yes
TK1-edge-utc-min-create,4. Fixture format / 8. API / 9. Time and DST,143,1,"2,3,4",systems-engineer,systems-engineer,independent-verifier,"Coordinator decision: exact IANA instant and original starts_at_local; nearest representable minute wire offset, lower numerical tie. Literal historical subminute wire offset is an explicit interpretation exception; earlier failed observations are preserved.","Calendar boundary 0001-01-01 in UTC accepts the last fitting slot with 201, regardless of UTC representation range.",4b92041057beb669d2e6c528e8268f4d0d1e6421,black-box HTTP,calendar-edges,Run the original independent Stage 1 probe on the named Stage 2 service; no earlier pass substitutes for current evidence.,UNVERIFIED,unverified,stage-1.md,yes
TK1-edge-utc-min-start-instant,4. Fixture format / 8. API / 9. Time and DST,143,1,"2,3,4",systems-engineer,systems-engineer,independent-verifier,"Coordinator decision: exact IANA instant and original starts_at_local; nearest representable minute wire offset, lower numerical tie. Literal historical subminute wire offset is an explicit interpretation exception; earlier failed observations are preserved.","Calendar boundary 0001-01-01 in UTC preserves the exact IANA start instant, regardless of UTC representation range.",4b92041057beb669d2e6c528e8268f4d0d1e6421,black-box HTTP,calendar-edges,Run the original independent Stage 1 probe on the named Stage 2 service; no earlier pass substitutes for current evidence.,UNVERIFIED,unverified,stage-1.md,yes
TK1-edge-utc-min-end-instant,4. Fixture format / 8. API / 9. Time and DST,143,1,"2,3,4",systems-engineer,systems-engineer,independent-verifier,"Coordinator decision: exact IANA instant and original starts_at_local; nearest representable minute wire offset, lower numerical tie. Literal historical subminute wire offset is an explicit interpretation exception; earlier failed observations are preserved.","Calendar boundary 0001-01-01 in UTC ends after 90 absolute minutes, regardless of UTC representation range.",4b92041057beb669d2e6c528e8268f4d0d1e6421,black-box HTTP,calendar-edges,Run the original independent Stage 1 probe on the named Stage 2 service; no earlier pass substitutes for current evidence.,UNVERIFIED,unverified,stage-1.md,yes
TK1-edge-utc-min-availability-wires,3.4 Conventions / 9. Time and DST / coordinator timestamp decision,86,1,"2,3,4",systems-engineer,systems-engineer,independent-verifier,"Coordinator decision: exact IANA instant and original starts_at_local; nearest representable minute wire offset, lower numerical tie. Literal historical subminute wire offset is an explicit interpretation exception; earlier failed observations are preserved.","Under the explicitly recorded historic-offset interpretation, 0001-01-01 UTC: availability timestamps equal the independent exact-instant wire oracle.",4b92041057beb669d2e6c528e8268f4d0d1e6421,black-box HTTP,calendar-edges,Run the original independent Stage 1 probe on the named Stage 2 service; no earlier pass substitutes for current evidence.,UNVERIFIED,unverified,stage-1.md,yes
TK1-edge-utc-min-local-retained,3.4 Conventions / 9. Time and DST / coordinator timestamp decision,86,1,"2,3,4",systems-engineer,systems-engineer,independent-verifier,"Coordinator decision: exact IANA instant and original starts_at_local; nearest representable minute wire offset, lower numerical tie. Literal historical subminute wire offset is an explicit interpretation exception; earlier failed observations are preserved.","Under the explicitly recorded historic-offset interpretation, 0001-01-01 UTC: original starts_at_local survives unchanged.",4b92041057beb669d2e6c528e8268f4d0d1e6421,black-box HTTP,calendar-edges,Run the original independent Stage 1 probe on the named Stage 2 service; no earlier pass substitutes for current evidence.,UNVERIFIED,unverified,stage-1.md,yes
TK1-edge-utc-min-start-wire,3.4 Conventions / 9. Time and DST / coordinator timestamp decision,86,1,"2,3,4",systems-engineer,systems-engineer,independent-verifier,"Coordinator decision: exact IANA instant and original starts_at_local; nearest representable minute wire offset, lower numerical tie. Literal historical subminute wire offset is an explicit interpretation exception; earlier failed observations are preserved.","Under the explicitly recorded historic-offset interpretation, 0001-01-01 UTC: start uses the deterministic nearest representable minute offset.",4b92041057beb669d2e6c528e8268f4d0d1e6421,black-box HTTP,calendar-edges,Run the original independent Stage 1 probe on the named Stage 2 service; no earlier pass substitutes for current evidence.,UNVERIFIED,unverified,stage-1.md,yes
TK1-edge-utc-min-end-wire,3.4 Conventions / 9. Time and DST / coordinator timestamp decision,86,1,"2,3,4",systems-engineer,systems-engineer,independent-verifier,"Coordinator decision: exact IANA instant and original starts_at_local; nearest representable minute wire offset, lower numerical tie. Literal historical subminute wire offset is an explicit interpretation exception; earlier failed observations are preserved.","Under the explicitly recorded historic-offset interpretation, 0001-01-01 UTC: end uses that same serialization rule independently.",4b92041057beb669d2e6c528e8268f4d0d1e6421,black-box HTTP,calendar-edges,Run the original independent Stage 1 probe on the named Stage 2 service; no earlier pass substitutes for current evidence.,UNVERIFIED,unverified,stage-1.md,yes
TK1-edge-utc-max-availability,4. Fixture format / 8. API / 9. Time and DST,143,1,"2,3,4",systems-engineer,systems-engineer,independent-verifier,"Coordinator decision: exact IANA instant and original starts_at_local; nearest representable minute wire offset, lower numerical tie. Literal historical subminute wire offset is an explicit interpretation exception; earlier failed observations are preserved.","Calendar boundary 9999-12-31 in UTC returns 200 availability, regardless of UTC representation range.",4b92041057beb669d2e6c528e8268f4d0d1e6421,black-box HTTP,calendar-edges,Run the original independent Stage 1 probe on the named Stage 2 service; no earlier pass substitutes for current evidence.,UNVERIFIED,unverified,stage-1.md,yes
TK1-edge-utc-max-slots,4. Fixture format / 8. API / 9. Time and DST,143,1,"2,3,4",systems-engineer,systems-engineer,independent-verifier,"Coordinator decision: exact IANA instant and original starts_at_local; nearest representable minute wire offset, lower numerical tie. Literal historical subminute wire offset is an explicit interpretation exception; earlier failed observations are preserved.","Calendar boundary 9999-12-31 in UTC offers all eight fitting slots, regardless of UTC representation range.",4b92041057beb669d2e6c528e8268f4d0d1e6421,black-box HTTP,calendar-edges,Run the original independent Stage 1 probe on the named Stage 2 service; no earlier pass substitutes for current evidence.,UNVERIFIED,unverified,stage-1.md,yes
TK1-edge-utc-max-create,4. Fixture format / 8. API / 9. Time and DST,143,1,"2,3,4",systems-engineer,systems-engineer,independent-verifier,"Coordinator decision: exact IANA instant and original starts_at_local; nearest representable minute wire offset, lower numerical tie. Literal historical subminute wire offset is an explicit interpretation exception; earlier failed observations are preserved.","Calendar boundary 9999-12-31 in UTC accepts the last fitting slot with 201, regardless of UTC representation range.",4b92041057beb669d2e6c528e8268f4d0d1e6421,black-box HTTP,calendar-edges,Run the original independent Stage 1 probe on the named Stage 2 service; no earlier pass substitutes for current evidence.,UNVERIFIED,unverified,stage-1.md,yes
TK1-edge-utc-max-start-instant,4. Fixture format / 8. API / 9. Time and DST,143,1,"2,3,4",systems-engineer,systems-engineer,independent-verifier,"Coordinator decision: exact IANA instant and original starts_at_local; nearest representable minute wire offset, lower numerical tie. Literal historical subminute wire offset is an explicit interpretation exception; earlier failed observations are preserved.","Calendar boundary 9999-12-31 in UTC preserves the exact IANA start instant, regardless of UTC representation range.",4b92041057beb669d2e6c528e8268f4d0d1e6421,black-box HTTP,calendar-edges,Run the original independent Stage 1 probe on the named Stage 2 service; no earlier pass substitutes for current evidence.,UNVERIFIED,unverified,stage-1.md,yes
TK1-edge-utc-max-end-instant,4. Fixture format / 8. API / 9. Time and DST,143,1,"2,3,4",systems-engineer,systems-engineer,independent-verifier,"Coordinator decision: exact IANA instant and original starts_at_local; nearest representable minute wire offset, lower numerical tie. Literal historical subminute wire offset is an explicit interpretation exception; earlier failed observations are preserved.","Calendar boundary 9999-12-31 in UTC ends after 90 absolute minutes, regardless of UTC representation range.",4b92041057beb669d2e6c528e8268f4d0d1e6421,black-box HTTP,calendar-edges,Run the original independent Stage 1 probe on the named Stage 2 service; no earlier pass substitutes for current evidence.,UNVERIFIED,unverified,stage-1.md,yes
TK1-edge-utc-max-availability-wires,3.4 Conventions / 9. Time and DST / coordinator timestamp decision,86,1,"2,3,4",systems-engineer,systems-engineer,independent-verifier,"Coordinator decision: exact IANA instant and original starts_at_local; nearest representable minute wire offset, lower numerical tie. Literal historical subminute wire offset is an explicit interpretation exception; earlier failed observations are preserved.","Under the explicitly recorded historic-offset interpretation, 9999-12-31 UTC: availability timestamps equal the independent exact-instant wire oracle.",4b92041057beb669d2e6c528e8268f4d0d1e6421,black-box HTTP,calendar-edges,Run the original independent Stage 1 probe on the named Stage 2 service; no earlier pass substitutes for current evidence.,UNVERIFIED,unverified,stage-1.md,yes
TK1-edge-utc-max-local-retained,3.4 Conventions / 9. Time and DST / coordinator timestamp decision,86,1,"2,3,4",systems-engineer,systems-engineer,independent-verifier,"Coordinator decision: exact IANA instant and original starts_at_local; nearest representable minute wire offset, lower numerical tie. Literal historical subminute wire offset is an explicit interpretation exception; earlier failed observations are preserved.","Under the explicitly recorded historic-offset interpretation, 9999-12-31 UTC: original starts_at_local survives unchanged.",4b92041057beb669d2e6c528e8268f4d0d1e6421,black-box HTTP,calendar-edges,Run the original independent Stage 1 probe on the named Stage 2 service; no earlier pass substitutes for current evidence.,UNVERIFIED,unverified,stage-1.md,yes
TK1-edge-utc-max-start-wire,3.4 Conventions / 9. Time and DST / coordinator timestamp decision,86,1,"2,3,4",systems-engineer,systems-engineer,independent-verifier,"Coordinator decision: exact IANA instant and original starts_at_local; nearest representable minute wire offset, lower numerical tie. Literal historical subminute wire offset is an explicit interpretation exception; earlier failed observations are preserved.","Under the explicitly recorded historic-offset interpretation, 9999-12-31 UTC: start uses the deterministic nearest representable minute offset.",4b92041057beb669d2e6c528e8268f4d0d1e6421,black-box HTTP,calendar-edges,Run the original independent Stage 1 probe on the named Stage 2 service; no earlier pass substitutes for current evidence.,UNVERIFIED,unverified,stage-1.md,yes
TK1-edge-utc-max-end-wire,3.4 Conventions / 9. Time and DST / coordinator timestamp decision,86,1,"2,3,4",systems-engineer,systems-engineer,independent-verifier,"Coordinator decision: exact IANA instant and original starts_at_local; nearest representable minute wire offset, lower numerical tie. Literal historical subminute wire offset is an explicit interpretation exception; earlier failed observations are preserved.","Under the explicitly recorded historic-offset interpretation, 9999-12-31 UTC: end uses that same serialization rule independently.",4b92041057beb669d2e6c528e8268f4d0d1e6421,black-box HTTP,calendar-edges,Run the original independent Stage 1 probe on the named Stage 2 service; no earlier pass substitutes for current evidence.,UNVERIFIED,unverified,stage-1.md,yes
TK1-edge-berlin-min-availability,4. Fixture format / 8. API / 9. Time and DST,143,1,"2,3,4",systems-engineer,systems-engineer,independent-verifier,"Coordinator decision: exact IANA instant and original starts_at_local; nearest representable minute wire offset, lower numerical tie. Literal historical subminute wire offset is an explicit interpretation exception; earlier failed observations are preserved.","Calendar boundary 0001-01-01 in Europe/Berlin returns 200 availability, regardless of UTC representation range.",4b92041057beb669d2e6c528e8268f4d0d1e6421,black-box HTTP,calendar-edges,Run the original independent Stage 1 probe on the named Stage 2 service; no earlier pass substitutes for current evidence.,UNVERIFIED,unverified,stage-1.md,yes
TK1-edge-berlin-min-slots,4. Fixture format / 8. API / 9. Time and DST,143,1,"2,3,4",systems-engineer,systems-engineer,independent-verifier,"Coordinator decision: exact IANA instant and original starts_at_local; nearest representable minute wire offset, lower numerical tie. Literal historical subminute wire offset is an explicit interpretation exception; earlier failed observations are preserved.","Calendar boundary 0001-01-01 in Europe/Berlin offers all eight fitting slots, regardless of UTC representation range.",4b92041057beb669d2e6c528e8268f4d0d1e6421,black-box HTTP,calendar-edges,Run the original independent Stage 1 probe on the named Stage 2 service; no earlier pass substitutes for current evidence.,UNVERIFIED,unverified,stage-1.md,yes
TK1-edge-berlin-min-create,4. Fixture format / 8. API / 9. Time and DST,143,1,"2,3,4",systems-engineer,systems-engineer,independent-verifier,"Coordinator decision: exact IANA instant and original starts_at_local; nearest representable minute wire offset, lower numerical tie. Literal historical subminute wire offset is an explicit interpretation exception; earlier failed observations are preserved.","Calendar boundary 0001-01-01 in Europe/Berlin accepts the last fitting slot with 201, regardless of UTC representation range.",4b92041057beb669d2e6c528e8268f4d0d1e6421,black-box HTTP,calendar-edges,Run the original independent Stage 1 probe on the named Stage 2 service; no earlier pass substitutes for current evidence.,UNVERIFIED,unverified,stage-1.md,yes
TK1-edge-berlin-min-start-instant,4. Fixture format / 8. API / 9. Time and DST,143,1,"2,3,4",systems-engineer,systems-engineer,independent-verifier,"Coordinator decision: exact IANA instant and original starts_at_local; nearest representable minute wire offset, lower numerical tie. Literal historical subminute wire offset is an explicit interpretation exception; earlier failed observations are preserved.","Calendar boundary 0001-01-01 in Europe/Berlin preserves the exact IANA start instant, regardless of UTC representation range.",4b92041057beb669d2e6c528e8268f4d0d1e6421,black-box HTTP,calendar-edges,Run the original independent Stage 1 probe on the named Stage 2 service; no earlier pass substitutes for current evidence.,UNVERIFIED,unverified,stage-1.md,yes
TK1-edge-berlin-min-end-instant,4. Fixture format / 8. API / 9. Time and DST,143,1,"2,3,4",systems-engineer,systems-engineer,independent-verifier,"Coordinator decision: exact IANA instant and original starts_at_local; nearest representable minute wire offset, lower numerical tie. Literal historical subminute wire offset is an explicit interpretation exception; earlier failed observations are preserved.","Calendar boundary 0001-01-01 in Europe/Berlin ends after 90 absolute minutes, regardless of UTC representation range.",4b92041057beb669d2e6c528e8268f4d0d1e6421,black-box HTTP,calendar-edges,Run the original independent Stage 1 probe on the named Stage 2 service; no earlier pass substitutes for current evidence.,UNVERIFIED,unverified,stage-1.md,yes
TK1-edge-berlin-min-availability-wires,3.4 Conventions / 9. Time and DST / coordinator timestamp decision,86,1,"2,3,4",systems-engineer,systems-engineer,independent-verifier,"Coordinator decision: exact IANA instant and original starts_at_local; nearest representable minute wire offset, lower numerical tie. Literal historical subminute wire offset is an explicit interpretation exception; earlier failed observations are preserved.","Under the explicitly recorded historic-offset interpretation, 0001-01-01 Europe/Berlin: availability timestamps equal the independent exact-instant wire oracle.",4b92041057beb669d2e6c528e8268f4d0d1e6421,black-box HTTP,calendar-edges,Run the original independent Stage 1 probe on the named Stage 2 service; no earlier pass substitutes for current evidence.,UNVERIFIED,unverified,stage-1.md,yes
TK1-edge-berlin-min-local-retained,3.4 Conventions / 9. Time and DST / coordinator timestamp decision,86,1,"2,3,4",systems-engineer,systems-engineer,independent-verifier,"Coordinator decision: exact IANA instant and original starts_at_local; nearest representable minute wire offset, lower numerical tie. Literal historical subminute wire offset is an explicit interpretation exception; earlier failed observations are preserved.","Under the explicitly recorded historic-offset interpretation, 0001-01-01 Europe/Berlin: original starts_at_local survives unchanged.",4b92041057beb669d2e6c528e8268f4d0d1e6421,black-box HTTP,calendar-edges,Run the original independent Stage 1 probe on the named Stage 2 service; no earlier pass substitutes for current evidence.,UNVERIFIED,unverified,stage-1.md,yes
TK1-edge-berlin-min-start-wire,3.4 Conventions / 9. Time and DST / coordinator timestamp decision,86,1,"2,3,4",systems-engineer,systems-engineer,independent-verifier,"Coordinator decision: exact IANA instant and original starts_at_local; nearest representable minute wire offset, lower numerical tie. Literal historical subminute wire offset is an explicit interpretation exception; earlier failed observations are preserved.","Under the explicitly recorded historic-offset interpretation, 0001-01-01 Europe/Berlin: start uses the deterministic nearest representable minute offset.",4b92041057beb669d2e6c528e8268f4d0d1e6421,black-box HTTP,calendar-edges,Run the original independent Stage 1 probe on the named Stage 2 service; no earlier pass substitutes for current evidence.,UNVERIFIED,unverified,stage-1.md,yes
TK1-edge-berlin-min-end-wire,3.4 Conventions / 9. Time and DST / coordinator timestamp decision,86,1,"2,3,4",systems-engineer,systems-engineer,independent-verifier,"Coordinator decision: exact IANA instant and original starts_at_local; nearest representable minute wire offset, lower numerical tie. Literal historical subminute wire offset is an explicit interpretation exception; earlier failed observations are preserved.","Under the explicitly recorded historic-offset interpretation, 0001-01-01 Europe/Berlin: end uses that same serialization rule independently.",4b92041057beb669d2e6c528e8268f4d0d1e6421,black-box HTTP,calendar-edges,Run the original independent Stage 1 probe on the named Stage 2 service; no earlier pass substitutes for current evidence.,UNVERIFIED,unverified,stage-1.md,yes
TK1-edge-berlin-min-rfc3339,3.4 Conventions / 9. Time and DST,86,1,"2,3,4",systems-engineer,systems-engineer,independent-verifier,"Coordinator decision: exact IANA instant and original starts_at_local; nearest representable minute wire offset, lower numerical tie. Literal historical subminute wire offset is an explicit interpretation exception; earlier failed observations are preserved.",Historic Europe/Berlin reservation response timestamps are RFC3339 with explicit offsets.,4b92041057beb669d2e6c528e8268f4d0d1e6421,black-box HTTP,calendar-edges,Run the original independent Stage 1 probe on the named Stage 2 service; no earlier pass substitutes for current evidence.,UNVERIFIED,unverified,stage-1.md,yes
TK1-edge-berlin-max-availability,4. Fixture format / 8. API / 9. Time and DST,143,1,"2,3,4",systems-engineer,systems-engineer,independent-verifier,"Coordinator decision: exact IANA instant and original starts_at_local; nearest representable minute wire offset, lower numerical tie. Literal historical subminute wire offset is an explicit interpretation exception; earlier failed observations are preserved.","Calendar boundary 9999-12-31 in Europe/Berlin returns 200 availability, regardless of UTC representation range.",4b92041057beb669d2e6c528e8268f4d0d1e6421,black-box HTTP,calendar-edges,Run the original independent Stage 1 probe on the named Stage 2 service; no earlier pass substitutes for current evidence.,UNVERIFIED,unverified,stage-1.md,yes
TK1-edge-berlin-max-slots,4. Fixture format / 8. API / 9. Time and DST,143,1,"2,3,4",systems-engineer,systems-engineer,independent-verifier,"Coordinator decision: exact IANA instant and original starts_at_local; nearest representable minute wire offset, lower numerical tie. Literal historical subminute wire offset is an explicit interpretation exception; earlier failed observations are preserved.","Calendar boundary 9999-12-31 in Europe/Berlin offers all eight fitting slots, regardless of UTC representation range.",4b92041057beb669d2e6c528e8268f4d0d1e6421,black-box HTTP,calendar-edges,Run the original independent Stage 1 probe on the named Stage 2 service; no earlier pass substitutes for current evidence.,UNVERIFIED,unverified,stage-1.md,yes
TK1-edge-berlin-max-create,4. Fixture format / 8. API / 9. Time and DST,143,1,"2,3,4",systems-engineer,systems-engineer,independent-verifier,"Coordinator decision: exact IANA instant and original starts_at_local; nearest representable minute wire offset, lower numerical tie. Literal historical subminute wire offset is an explicit interpretation exception; earlier failed observations are preserved.","Calendar boundary 9999-12-31 in Europe/Berlin accepts the last fitting slot with 201, regardless of UTC representation range.",4b92041057beb669d2e6c528e8268f4d0d1e6421,black-box HTTP,calendar-edges,Run the original independent Stage 1 probe on the named Stage 2 service; no earlier pass substitutes for current evidence.,UNVERIFIED,unverified,stage-1.md,yes
TK1-edge-berlin-max-start-instant,4. Fixture format / 8. API / 9. Time and DST,143,1,"2,3,4",systems-engineer,systems-engineer,independent-verifier,"Coordinator decision: exact IANA instant and original starts_at_local; nearest representable minute wire offset, lower numerical tie. Literal historical subminute wire offset is an explicit interpretation exception; earlier failed observations are preserved.","Calendar boundary 9999-12-31 in Europe/Berlin preserves the exact IANA start instant, regardless of UTC representation range.",4b92041057beb669d2e6c528e8268f4d0d1e6421,black-box HTTP,calendar-edges,Run the original independent Stage 1 probe on the named Stage 2 service; no earlier pass substitutes for current evidence.,UNVERIFIED,unverified,stage-1.md,yes
TK1-edge-berlin-max-end-instant,4. Fixture format / 8. API / 9. Time and DST,143,1,"2,3,4",systems-engineer,systems-engineer,independent-verifier,"Coordinator decision: exact IANA instant and original starts_at_local; nearest representable minute wire offset, lower numerical tie. Literal historical subminute wire offset is an explicit interpretation exception; earlier failed observations are preserved.","Calendar boundary 9999-12-31 in Europe/Berlin ends after 90 absolute minutes, regardless of UTC representation range.",4b92041057beb669d2e6c528e8268f4d0d1e6421,black-box HTTP,calendar-edges,Run the original independent Stage 1 probe on the named Stage 2 service; no earlier pass substitutes for current evidence.,UNVERIFIED,unverified,stage-1.md,yes
TK1-edge-berlin-max-availability-wires,3.4 Conventions / 9. Time and DST / coordinator timestamp decision,86,1,"2,3,4",systems-engineer,systems-engineer,independent-verifier,"Coordinator decision: exact IANA instant and original starts_at_local; nearest representable minute wire offset, lower numerical tie. Literal historical subminute wire offset is an explicit interpretation exception; earlier failed observations are preserved.","Under the explicitly recorded historic-offset interpretation, 9999-12-31 Europe/Berlin: availability timestamps equal the independent exact-instant wire oracle.",4b92041057beb669d2e6c528e8268f4d0d1e6421,black-box HTTP,calendar-edges,Run the original independent Stage 1 probe on the named Stage 2 service; no earlier pass substitutes for current evidence.,UNVERIFIED,unverified,stage-1.md,yes
TK1-edge-berlin-max-local-retained,3.4 Conventions / 9. Time and DST / coordinator timestamp decision,86,1,"2,3,4",systems-engineer,systems-engineer,independent-verifier,"Coordinator decision: exact IANA instant and original starts_at_local; nearest representable minute wire offset, lower numerical tie. Literal historical subminute wire offset is an explicit interpretation exception; earlier failed observations are preserved.","Under the explicitly recorded historic-offset interpretation, 9999-12-31 Europe/Berlin: original starts_at_local survives unchanged.",4b92041057beb669d2e6c528e8268f4d0d1e6421,black-box HTTP,calendar-edges,Run the original independent Stage 1 probe on the named Stage 2 service; no earlier pass substitutes for current evidence.,UNVERIFIED,unverified,stage-1.md,yes
TK1-edge-berlin-max-start-wire,3.4 Conventions / 9. Time and DST / coordinator timestamp decision,86,1,"2,3,4",systems-engineer,systems-engineer,independent-verifier,"Coordinator decision: exact IANA instant and original starts_at_local; nearest representable minute wire offset, lower numerical tie. Literal historical subminute wire offset is an explicit interpretation exception; earlier failed observations are preserved.","Under the explicitly recorded historic-offset interpretation, 9999-12-31 Europe/Berlin: start uses the deterministic nearest representable minute offset.",4b92041057beb669d2e6c528e8268f4d0d1e6421,black-box HTTP,calendar-edges,Run the original independent Stage 1 probe on the named Stage 2 service; no earlier pass substitutes for current evidence.,UNVERIFIED,unverified,stage-1.md,yes
TK1-edge-berlin-max-end-wire,3.4 Conventions / 9. Time and DST / coordinator timestamp decision,86,1,"2,3,4",systems-engineer,systems-engineer,independent-verifier,"Coordinator decision: exact IANA instant and original starts_at_local; nearest representable minute wire offset, lower numerical tie. Literal historical subminute wire offset is an explicit interpretation exception; earlier failed observations are preserved.","Under the explicitly recorded historic-offset interpretation, 9999-12-31 Europe/Berlin: end uses that same serialization rule independently.",4b92041057beb669d2e6c528e8268f4d0d1e6421,black-box HTTP,calendar-edges,Run the original independent Stage 1 probe on the named Stage 2 service; no earlier pass substitutes for current evidence.,UNVERIFIED,unverified,stage-1.md,yes
TK1-edge-new-york-min-availability,4. Fixture format / 8. API / 9. Time and DST,143,1,"2,3,4",systems-engineer,systems-engineer,independent-verifier,"Coordinator decision: exact IANA instant and original starts_at_local; nearest representable minute wire offset, lower numerical tie. Literal historical subminute wire offset is an explicit interpretation exception; earlier failed observations are preserved.","Calendar boundary 0001-01-01 in America/New_York returns 200 availability, regardless of UTC representation range.",4b92041057beb669d2e6c528e8268f4d0d1e6421,black-box HTTP,calendar-edges,Run the original independent Stage 1 probe on the named Stage 2 service; no earlier pass substitutes for current evidence.,UNVERIFIED,unverified,stage-1.md,yes
TK1-edge-new-york-min-slots,4. Fixture format / 8. API / 9. Time and DST,143,1,"2,3,4",systems-engineer,systems-engineer,independent-verifier,"Coordinator decision: exact IANA instant and original starts_at_local; nearest representable minute wire offset, lower numerical tie. Literal historical subminute wire offset is an explicit interpretation exception; earlier failed observations are preserved.","Calendar boundary 0001-01-01 in America/New_York offers all eight fitting slots, regardless of UTC representation range.",4b92041057beb669d2e6c528e8268f4d0d1e6421,black-box HTTP,calendar-edges,Run the original independent Stage 1 probe on the named Stage 2 service; no earlier pass substitutes for current evidence.,UNVERIFIED,unverified,stage-1.md,yes
TK1-edge-new-york-min-create,4. Fixture format / 8. API / 9. Time and DST,143,1,"2,3,4",systems-engineer,systems-engineer,independent-verifier,"Coordinator decision: exact IANA instant and original starts_at_local; nearest representable minute wire offset, lower numerical tie. Literal historical subminute wire offset is an explicit interpretation exception; earlier failed observations are preserved.","Calendar boundary 0001-01-01 in America/New_York accepts the last fitting slot with 201, regardless of UTC representation range.",4b92041057beb669d2e6c528e8268f4d0d1e6421,black-box HTTP,calendar-edges,Run the original independent Stage 1 probe on the named Stage 2 service; no earlier pass substitutes for current evidence.,UNVERIFIED,unverified,stage-1.md,yes
TK1-edge-new-york-min-start-instant,4. Fixture format / 8. API / 9. Time and DST,143,1,"2,3,4",systems-engineer,systems-engineer,independent-verifier,"Coordinator decision: exact IANA instant and original starts_at_local; nearest representable minute wire offset, lower numerical tie. Literal historical subminute wire offset is an explicit interpretation exception; earlier failed observations are preserved.","Calendar boundary 0001-01-01 in America/New_York preserves the exact IANA start instant, regardless of UTC representation range.",4b92041057beb669d2e6c528e8268f4d0d1e6421,black-box HTTP,calendar-edges,Run the original independent Stage 1 probe on the named Stage 2 service; no earlier pass substitutes for current evidence.,UNVERIFIED,unverified,stage-1.md,yes
TK1-edge-new-york-min-end-instant,4. Fixture format / 8. API / 9. Time and DST,143,1,"2,3,4",systems-engineer,systems-engineer,independent-verifier,"Coordinator decision: exact IANA instant and original starts_at_local; nearest representable minute wire offset, lower numerical tie. Literal historical subminute wire offset is an explicit interpretation exception; earlier failed observations are preserved.","Calendar boundary 0001-01-01 in America/New_York ends after 90 absolute minutes, regardless of UTC representation range.",4b92041057beb669d2e6c528e8268f4d0d1e6421,black-box HTTP,calendar-edges,Run the original independent Stage 1 probe on the named Stage 2 service; no earlier pass substitutes for current evidence.,UNVERIFIED,unverified,stage-1.md,yes
TK1-edge-new-york-min-availability-wires,3.4 Conventions / 9. Time and DST / coordinator timestamp decision,86,1,"2,3,4",systems-engineer,systems-engineer,independent-verifier,"Coordinator decision: exact IANA instant and original starts_at_local; nearest representable minute wire offset, lower numerical tie. Literal historical subminute wire offset is an explicit interpretation exception; earlier failed observations are preserved.","Under the explicitly recorded historic-offset interpretation, 0001-01-01 America/New_York: availability timestamps equal the independent exact-instant wire oracle.",4b92041057beb669d2e6c528e8268f4d0d1e6421,black-box HTTP,calendar-edges,Run the original independent Stage 1 probe on the named Stage 2 service; no earlier pass substitutes for current evidence.,UNVERIFIED,unverified,stage-1.md,yes
TK1-edge-new-york-min-local-retained,3.4 Conventions / 9. Time and DST / coordinator timestamp decision,86,1,"2,3,4",systems-engineer,systems-engineer,independent-verifier,"Coordinator decision: exact IANA instant and original starts_at_local; nearest representable minute wire offset, lower numerical tie. Literal historical subminute wire offset is an explicit interpretation exception; earlier failed observations are preserved.","Under the explicitly recorded historic-offset interpretation, 0001-01-01 America/New_York: original starts_at_local survives unchanged.",4b92041057beb669d2e6c528e8268f4d0d1e6421,black-box HTTP,calendar-edges,Run the original independent Stage 1 probe on the named Stage 2 service; no earlier pass substitutes for current evidence.,UNVERIFIED,unverified,stage-1.md,yes
TK1-edge-new-york-min-start-wire,3.4 Conventions / 9. Time and DST / coordinator timestamp decision,86,1,"2,3,4",systems-engineer,systems-engineer,independent-verifier,"Coordinator decision: exact IANA instant and original starts_at_local; nearest representable minute wire offset, lower numerical tie. Literal historical subminute wire offset is an explicit interpretation exception; earlier failed observations are preserved.","Under the explicitly recorded historic-offset interpretation, 0001-01-01 America/New_York: start uses the deterministic nearest representable minute offset.",4b92041057beb669d2e6c528e8268f4d0d1e6421,black-box HTTP,calendar-edges,Run the original independent Stage 1 probe on the named Stage 2 service; no earlier pass substitutes for current evidence.,UNVERIFIED,unverified,stage-1.md,yes
TK1-edge-new-york-min-end-wire,3.4 Conventions / 9. Time and DST / coordinator timestamp decision,86,1,"2,3,4",systems-engineer,systems-engineer,independent-verifier,"Coordinator decision: exact IANA instant and original starts_at_local; nearest representable minute wire offset, lower numerical tie. Literal historical subminute wire offset is an explicit interpretation exception; earlier failed observations are preserved.","Under the explicitly recorded historic-offset interpretation, 0001-01-01 America/New_York: end uses that same serialization rule independently.",4b92041057beb669d2e6c528e8268f4d0d1e6421,black-box HTTP,calendar-edges,Run the original independent Stage 1 probe on the named Stage 2 service; no earlier pass substitutes for current evidence.,UNVERIFIED,unverified,stage-1.md,yes
TK1-edge-new-york-min-rfc3339,3.4 Conventions / 9. Time and DST,86,1,"2,3,4",systems-engineer,systems-engineer,independent-verifier,"Coordinator decision: exact IANA instant and original starts_at_local; nearest representable minute wire offset, lower numerical tie. Literal historical subminute wire offset is an explicit interpretation exception; earlier failed observations are preserved.",Historic America/New_York reservation response timestamps are RFC3339 with explicit offsets.,4b92041057beb669d2e6c528e8268f4d0d1e6421,black-box HTTP,calendar-edges,Run the original independent Stage 1 probe on the named Stage 2 service; no earlier pass substitutes for current evidence.,UNVERIFIED,unverified,stage-1.md,yes
TK1-edge-new-york-max-availability,4. Fixture format / 8. API / 9. Time and DST,143,1,"2,3,4",systems-engineer,systems-engineer,independent-verifier,"Coordinator decision: exact IANA instant and original starts_at_local; nearest representable minute wire offset, lower numerical tie. Literal historical subminute wire offset is an explicit interpretation exception; earlier failed observations are preserved.","Calendar boundary 9999-12-31 in America/New_York returns 200 availability, regardless of UTC representation range.",4b92041057beb669d2e6c528e8268f4d0d1e6421,black-box HTTP,calendar-edges,Run the original independent Stage 1 probe on the named Stage 2 service; no earlier pass substitutes for current evidence.,UNVERIFIED,unverified,stage-1.md,yes
TK1-edge-new-york-max-slots,4. Fixture format / 8. API / 9. Time and DST,143,1,"2,3,4",systems-engineer,systems-engineer,independent-verifier,"Coordinator decision: exact IANA instant and original starts_at_local; nearest representable minute wire offset, lower numerical tie. Literal historical subminute wire offset is an explicit interpretation exception; earlier failed observations are preserved.","Calendar boundary 9999-12-31 in America/New_York offers all eight fitting slots, regardless of UTC representation range.",4b92041057beb669d2e6c528e8268f4d0d1e6421,black-box HTTP,calendar-edges,Run the original independent Stage 1 probe on the named Stage 2 service; no earlier pass substitutes for current evidence.,UNVERIFIED,unverified,stage-1.md,yes
TK1-edge-new-york-max-create,4. Fixture format / 8. API / 9. Time and DST,143,1,"2,3,4",systems-engineer,systems-engineer,independent-verifier,"Coordinator decision: exact IANA instant and original starts_at_local; nearest representable minute wire offset, lower numerical tie. Literal historical subminute wire offset is an explicit interpretation exception; earlier failed observations are preserved.","Calendar boundary 9999-12-31 in America/New_York accepts the last fitting slot with 201, regardless of UTC representation range.",4b92041057beb669d2e6c528e8268f4d0d1e6421,black-box HTTP,calendar-edges,Run the original independent Stage 1 probe on the named Stage 2 service; no earlier pass substitutes for current evidence.,UNVERIFIED,unverified,stage-1.md,yes
TK1-edge-new-york-max-start-instant,4. Fixture format / 8. API / 9. Time and DST,143,1,"2,3,4",systems-engineer,systems-engineer,independent-verifier,"Coordinator decision: exact IANA instant and original starts_at_local; nearest representable minute wire offset, lower numerical tie. Literal historical subminute wire offset is an explicit interpretation exception; earlier failed observations are preserved.","Calendar boundary 9999-12-31 in America/New_York preserves the exact IANA start instant, regardless of UTC representation range.",4b92041057beb669d2e6c528e8268f4d0d1e6421,black-box HTTP,calendar-edges,Run the original independent Stage 1 probe on the named Stage 2 service; no earlier pass substitutes for current evidence.,UNVERIFIED,unverified,stage-1.md,yes
TK1-edge-new-york-max-end-instant,4. Fixture format / 8. API / 9. Time and DST,143,1,"2,3,4",systems-engineer,systems-engineer,independent-verifier,"Coordinator decision: exact IANA instant and original starts_at_local; nearest representable minute wire offset, lower numerical tie. Literal historical subminute wire offset is an explicit interpretation exception; earlier failed observations are preserved.","Calendar boundary 9999-12-31 in America/New_York ends after 90 absolute minutes, regardless of UTC representation range.",4b92041057beb669d2e6c528e8268f4d0d1e6421,black-box HTTP,calendar-edges,Run the original independent Stage 1 probe on the named Stage 2 service; no earlier pass substitutes for current evidence.,UNVERIFIED,unverified,stage-1.md,yes
TK1-edge-new-york-max-availability-wires,3.4 Conventions / 9. Time and DST / coordinator timestamp decision,86,1,"2,3,4",systems-engineer,systems-engineer,independent-verifier,"Coordinator decision: exact IANA instant and original starts_at_local; nearest representable minute wire offset, lower numerical tie. Literal historical subminute wire offset is an explicit interpretation exception; earlier failed observations are preserved.","Under the explicitly recorded historic-offset interpretation, 9999-12-31 America/New_York: availability timestamps equal the independent exact-instant wire oracle.",4b92041057beb669d2e6c528e8268f4d0d1e6421,black-box HTTP,calendar-edges,Run the original independent Stage 1 probe on the named Stage 2 service; no earlier pass substitutes for current evidence.,UNVERIFIED,unverified,stage-1.md,yes
TK1-edge-new-york-max-local-retained,3.4 Conventions / 9. Time and DST / coordinator timestamp decision,86,1,"2,3,4",systems-engineer,systems-engineer,independent-verifier,"Coordinator decision: exact IANA instant and original starts_at_local; nearest representable minute wire offset, lower numerical tie. Literal historical subminute wire offset is an explicit interpretation exception; earlier failed observations are preserved.","Under the explicitly recorded historic-offset interpretation, 9999-12-31 America/New_York: original starts_at_local survives unchanged.",4b92041057beb669d2e6c528e8268f4d0d1e6421,black-box HTTP,calendar-edges,Run the original independent Stage 1 probe on the named Stage 2 service; no earlier pass substitutes for current evidence.,UNVERIFIED,unverified,stage-1.md,yes
TK1-edge-new-york-max-start-wire,3.4 Conventions / 9. Time and DST / coordinator timestamp decision,86,1,"2,3,4",systems-engineer,systems-engineer,independent-verifier,"Coordinator decision: exact IANA instant and original starts_at_local; nearest representable minute wire offset, lower numerical tie. Literal historical subminute wire offset is an explicit interpretation exception; earlier failed observations are preserved.","Under the explicitly recorded historic-offset interpretation, 9999-12-31 America/New_York: start uses the deterministic nearest representable minute offset.",4b92041057beb669d2e6c528e8268f4d0d1e6421,black-box HTTP,calendar-edges,Run the original independent Stage 1 probe on the named Stage 2 service; no earlier pass substitutes for current evidence.,UNVERIFIED,unverified,stage-1.md,yes
TK1-edge-new-york-max-end-wire,3.4 Conventions / 9. Time and DST / coordinator timestamp decision,86,1,"2,3,4",systems-engineer,systems-engineer,independent-verifier,"Coordinator decision: exact IANA instant and original starts_at_local; nearest representable minute wire offset, lower numerical tie. Literal historical subminute wire offset is an explicit interpretation exception; earlier failed observations are preserved.","Under the explicitly recorded historic-offset interpretation, 9999-12-31 America/New_York: end uses that same serialization rule independently.",4b92041057beb669d2e6c528e8268f4d0d1e6421,black-box HTTP,calendar-edges,Run the original independent Stage 1 probe on the named Stage 2 service; no earlier pass substitutes for current evidence.,UNVERIFIED,unverified,stage-1.md,yes
TK1-edge-berlin-min-midnight-availability,4. Fixture format / 8. API / 9. Time and DST,143,1,"2,3,4",systems-engineer,systems-engineer,independent-verifier,"Coordinator decision: exact IANA instant and original starts_at_local; nearest representable minute wire offset, lower numerical tie. Literal historical subminute wire offset is an explicit interpretation exception; earlier failed observations are preserved.","A fitting midnight slot at 0001-01-01 Europe/Berlin is accepted by availability, even before the UTC calendar minimum.",4b92041057beb669d2e6c528e8268f4d0d1e6421,black-box HTTP,calendar-edges,Run the original independent Stage 1 probe on the named Stage 2 service; no earlier pass substitutes for current evidence.,UNVERIFIED,unverified,stage-1.md,yes
TK1-edge-berlin-min-midnight-create,4. Fixture format / 8. API / 9. Time and DST,143,1,"2,3,4",systems-engineer,systems-engineer,independent-verifier,"Coordinator decision: exact IANA instant and original starts_at_local; nearest representable minute wire offset, lower numerical tie. Literal historical subminute wire offset is an explicit interpretation exception; earlier failed observations are preserved.","A fitting midnight slot at 0001-01-01 Europe/Berlin is accepted by create, even before the UTC calendar minimum.",4b92041057beb669d2e6c528e8268f4d0d1e6421,black-box HTTP,calendar-edges,Run the original independent Stage 1 probe on the named Stage 2 service; no earlier pass substitutes for current evidence.,UNVERIFIED,unverified,stage-1.md,yes
TK1-edge-berlin-min-midnight-wire,3.4 / 7. / 9. / 10. / coordinator timestamp decision,86,1,"2,3,4",systems-engineer,systems-engineer,independent-verifier,"Coordinator decision: exact IANA instant and original starts_at_local; nearest representable minute wire offset, lower numerical tie. Literal historical subminute wire offset is an explicit interpretation exception; earlier failed observations are preserved.","Berlin minimum-date midnight uses the nearest RFC3339 minute offset that yields a representable clock, preserving the exact instant.",4b92041057beb669d2e6c528e8268f4d0d1e6421,black-box HTTP,calendar-edges,Run the original independent Stage 1 probe on the named Stage 2 service; no earlier pass substitutes for current evidence.,UNVERIFIED,unverified,stage-1.md,yes
TK1-edge-berlin-min-midnight-local-retained,3.4 / 7. / 9. / 10. / coordinator timestamp decision,86,1,"2,3,4",systems-engineer,systems-engineer,independent-verifier,"Coordinator decision: exact IANA instant and original starts_at_local; nearest representable minute wire offset, lower numerical tie. Literal historical subminute wire offset is an explicit interpretation exception; earlier failed observations are preserved.",Minimum-date historic serialization retains the original starts_at_local field.,4b92041057beb669d2e6c528e8268f4d0d1e6421,black-box HTTP,calendar-edges,Run the original independent Stage 1 probe on the named Stage 2 service; no earlier pass substitutes for current evidence.,UNVERIFIED,unverified,stage-1.md,yes
TK1-edge-historic-replay,3.4 / 7. / 9. / 10. / coordinator timestamp decision,86,1,"2,3,4",systems-engineer,systems-engineer,independent-verifier,"Coordinator decision: exact IANA instant and original starts_at_local; nearest representable minute wire offset, lower numerical tie. Literal historical subminute wire offset is an explicit interpretation exception; earlier failed observations are preserved.",A successful historic receipt replays with identical original JSON and 200.,4b92041057beb669d2e6c528e8268f4d0d1e6421,black-box HTTP,calendar-edges,Run the original independent Stage 1 probe on the named Stage 2 service; no earlier pass substitutes for current evidence.,UNVERIFIED,unverified,stage-1.md,yes
TK1-edge-historic-import,3.4 / 7. / 9. / 10. / coordinator timestamp decision,86,1,"2,3,4",systems-engineer,systems-engineer,independent-verifier,"Coordinator decision: exact IANA instant and original starts_at_local; nearest representable minute wire offset, lower numerical tie. Literal historical subminute wire offset is an explicit interpretation exception; earlier failed observations are preserved.","Historic timestamps, local fields, sessions and receipts survive independent-process export/import exactly.",4b92041057beb669d2e6c528e8268f4d0d1e6421,black-box HTTP,calendar-edges,Run the original independent Stage 1 probe on the named Stage 2 service; no earlier pass substitutes for current evidence.,UNVERIFIED,unverified,stage-1.md,yes
TK1-edge-historic-replay-imported,3.4 / 7. / 9. / 10. / coordinator timestamp decision,86,1,"2,3,4",systems-engineer,systems-engineer,independent-verifier,"Coordinator decision: exact IANA instant and original starts_at_local; nearest representable minute wire offset, lower numerical tie. Literal historical subminute wire offset is an explicit interpretation exception; earlier failed observations are preserved.",An imported historic create key replays its unchanged original receipt.,4b92041057beb669d2e6c528e8268f4d0d1e6421,black-box HTTP,calendar-edges,Run the original independent Stage 1 probe on the named Stage 2 service; no earlier pass substitutes for current evidence.,UNVERIFIED,unverified,stage-1.md,yes
TK1-edge-wire-tie,3.4 / 7. / 9. / 10. / coordinator timestamp decision,86,1,"2,3,4",systems-engineer,systems-engineer,independent-verifier,"Coordinator decision: exact IANA instant and original starts_at_local; nearest representable minute wire offset, lower numerical tie. Literal historical subminute wire offset is an explicit interpretation exception; earlier failed observations are preserved.",Historic half-minute IANA offset ties choose the lower numerical representable wire offset without rounding the instant.,4b92041057beb669d2e6c528e8268f4d0d1e6421,black-box HTTP,calendar-edges,Run the original independent Stage 1 probe on the named Stage 2 service; no earlier pass substitutes for current evidence.,UNVERIFIED,unverified,stage-1.md,yes
TK1-legacy-source-genuine,7. Idempotency / 10. Export and import / coordinator legacy-preservation decision,436,1,"2,3,4",systems-engineer,systems-engineer,independent-verifier,"Explicit backward-preservation exception: successful original record/receipt strings, including historical offset seconds, are immutable. New writes use the recorded representation interpretation.",Historical old-format receipt/export is produced by a genuine exact-revision earlier HTTP process.,4b92041057beb669d2e6c528e8268f4d0d1e6421,black-box HTTP,legacy-receipts,Run the original independent Stage 1 probe on the named Stage 2 service; no earlier pass substitutes for current evidence.,UNVERIFIED,unverified,stage-1.md,yes
TK1-legacy-import,7. Idempotency / 10. Export and import / coordinator legacy-preservation decision,436,1,"2,3,4",systems-engineer,systems-engineer,independent-verifier,"Explicit backward-preservation exception: successful original record/receipt strings, including historical offset seconds, are immutable. New writes use the recorded representation interpretation.",Current service accepts a genuine old historical export from another process.,4b92041057beb669d2e6c528e8268f4d0d1e6421,black-box HTTP,legacy-receipts,Run the original independent Stage 1 probe on the named Stage 2 service; no earlier pass substitutes for current evidence.,UNVERIFIED,unverified,stage-1.md,yes
TK1-legacy-export-equality,7. Idempotency / 10. Export and import / coordinator legacy-preservation decision,436,1,"2,3,4",systems-engineer,systems-engineer,independent-verifier,"Explicit backward-preservation exception: successful original record/receipt strings, including historical offset seconds, are immutable. New writes use the recorded representation interpretation.",Import retains all original accounts/configuration/tokens/records/receipts and timestamps exactly.,4b92041057beb669d2e6c528e8268f4d0d1e6421,black-box HTTP,legacy-receipts,Run the original independent Stage 1 probe on the named Stage 2 service; no earlier pass substitutes for current evidence.,UNVERIFIED,unverified,stage-1.md,yes
TK1-legacy-replacement,7. Idempotency / 10. Export and import / coordinator legacy-preservation decision,436,1,"2,3,4",systems-engineer,systems-engineer,independent-verifier,"Explicit backward-preservation exception: successful original record/receipt strings, including historical offset seconds, are immutable. New writes use the recorded representation interpretation.",Legacy import removes the destination's earlier session and state.,4b92041057beb669d2e6c528e8268f4d0d1e6421,black-box HTTP,legacy-receipts,Run the original independent Stage 1 probe on the named Stage 2 service; no earlier pass substitutes for current evidence.,UNVERIFIED,unverified,stage-1.md,yes
TK1-legacy-record-immutable,7. Idempotency / 10. Export and import / coordinator legacy-preservation decision,436,1,"2,3,4",systems-engineer,systems-engineer,independent-verifier,"Explicit backward-preservation exception: successful original record/receipt strings, including historical offset seconds, are immutable. New writes use the recorded representation interpretation.","Imported original historic record strings, identity and timestamps remain unchanged on lookup.",4b92041057beb669d2e6c528e8268f4d0d1e6421,black-box HTTP,legacy-receipts,Run the original independent Stage 1 probe on the named Stage 2 service; no earlier pass substitutes for current evidence.,UNVERIFIED,unverified,stage-1.md,yes
TK1-legacy-original-receipt,7. Idempotency / 10. Export and import / coordinator legacy-preservation decision,436,1,"2,3,4",systems-engineer,systems-engineer,independent-verifier,"Explicit backward-preservation exception: successful original record/receipt strings, including historical offset seconds, are immutable. New writes use the recorded representation interpretation.","Original legacy create receipts replay unchanged, including old historical strings and receipts for now-cancelled records.",4b92041057beb669d2e6c528e8268f4d0d1e6421,black-box HTTP,legacy-receipts,Run the original independent Stage 1 probe on the named Stage 2 service; no earlier pass substitutes for current evidence.,UNVERIFIED,unverified,stage-1.md,yes
TK1-legacy-batch-original,7. Idempotency / 10. Export and import / coordinator legacy-preservation decision,436,1,"2,3,4",systems-engineer,systems-engineer,independent-verifier,"Explicit backward-preservation exception: successful original record/receipt strings, including historical offset seconds, are immutable. New writes use the recorded representation interpretation.","Original legacy batch receipt survives later cancellation, import and replay unchanged.",4b92041057beb669d2e6c528e8268f4d0d1e6421,black-box HTTP,legacy-receipts,Run the original independent Stage 1 probe on the named Stage 2 service; no earlier pass substitutes for current evidence.,UNVERIFIED,unverified,stage-1.md,yes
TK1-legacy-cancelled,7. Idempotency / 10. Export and import / coordinator legacy-preservation decision,436,1,"2,3,4",systems-engineer,systems-engineer,independent-verifier,"Explicit backward-preservation exception: successful original record/receipt strings, including historical offset seconds, are immutable. New writes use the recorded representation interpretation.",Legacy cancelled records remain cancelled with original identity and timestamps after import.,4b92041057beb669d2e6c528e8268f4d0d1e6421,black-box HTTP,legacy-receipts,Run the original independent Stage 1 probe on the named Stage 2 service; no earlier pass substitutes for current evidence.,UNVERIFIED,unverified,stage-1.md,yes
TK1-legacy-new-write,7. Idempotency / 10. Export and import / coordinator legacy-preservation decision,436,1,"2,3,4",systems-engineer,systems-engineer,independent-verifier,"Explicit backward-preservation exception: successful original record/receipt strings, including historical offset seconds, are immutable. New writes use the recorded representation interpretation.",A new historic booking in an imported legacy state follows the new exact-instant serialization interpretation.,4b92041057beb669d2e6c528e8268f4d0d1e6421,black-box HTTP,legacy-receipts,Run the original independent Stage 1 probe on the named Stage 2 service; no earlier pass substitutes for current evidence.,UNVERIFIED,unverified,stage-1.md,yes
TK1-legacy-mixed-transfer,7. Idempotency / 10. Export and import / coordinator legacy-preservation decision,436,1,"2,3,4",systems-engineer,systems-engineer,independent-verifier,"Explicit backward-preservation exception: successful original record/receipt strings, including historical offset seconds, are immutable. New writes use the recorded representation interpretation.",Mixed old/new historic state atomically transfers into another current process without rewriting old strings.,4b92041057beb669d2e6c528e8268f4d0d1e6421,black-box HTTP,legacy-receipts,Run the original independent Stage 1 probe on the named Stage 2 service; no earlier pass substitutes for current evidence.,UNVERIFIED,unverified,stage-1.md,yes
TK1-legacy-peer-original-receipt,7. Idempotency / 10. Export and import / coordinator legacy-preservation decision,436,1,"2,3,4",systems-engineer,systems-engineer,independent-verifier,"Explicit backward-preservation exception: successful original record/receipt strings, including historical offset seconds, are immutable. New writes use the recorded representation interpretation.","Old tokens, references and original receipts remain valid after a second mixed-state process transfer.",4b92041057beb669d2e6c528e8268f4d0d1e6421,black-box HTTP,legacy-receipts,Run the original independent Stage 1 probe on the named Stage 2 service; no earlier pass substitutes for current evidence.,UNVERIFIED,unverified,stage-1.md,yes
TK1-large-slot_minutes-reset,3.3 Reset / 4. Model / 5. Errors / 10. Export and import,102,1,"2,3,4",systems-engineer,systems-engineer,independent-verifier,,A positive slot_minutes count of 10^18 is a valid fixture value; no Stage 1 upper maximum is published.,4b92041057beb669d2e6c528e8268f4d0d1e6421,black-box HTTP,large-minutes,Run the original independent Stage 1 probe on the named Stage 2 service; no earlier pass substitutes for current evidence.,UNVERIFIED,unverified,stage-1.md,yes
TK1-large-slot_minutes-detail,3.3 Reset / 4. Model / 5. Errors / 10. Export and import,102,1,"2,3,4",systems-engineer,systems-engineer,independent-verifier,,Restaurant detail retains slot_minutes=10^18 exactly.,4b92041057beb669d2e6c528e8268f4d0d1e6421,black-box HTTP,large-minutes,Run the original independent Stage 1 probe on the named Stage 2 service; no earlier pass substitutes for current evidence.,UNVERIFIED,unverified,stage-1.md,yes
TK1-large-slot_minutes-import,3.3 Reset / 4. Model / 5. Errors / 10. Export and import,102,1,"2,3,4",systems-engineer,systems-engineer,independent-verifier,,Export/import preserves slot_minutes=10^18 exactly without rejecting a valid value solely due to datetime representation limits.,4b92041057beb669d2e6c528e8268f4d0d1e6421,black-box HTTP,large-minutes,Run the original independent Stage 1 probe on the named Stage 2 service; no earlier pass substitutes for current evidence.,UNVERIFIED,unverified,stage-1.md,yes
TK1-large-reservation_duration_minutes-reset,3.3 Reset / 4. Model / 5. Errors / 10. Export and import,102,1,"2,3,4",systems-engineer,systems-engineer,independent-verifier,,A positive reservation_duration_minutes count of 10^18 is a valid fixture value; no Stage 1 upper maximum is published.,4b92041057beb669d2e6c528e8268f4d0d1e6421,black-box HTTP,large-minutes,Run the original independent Stage 1 probe on the named Stage 2 service; no earlier pass substitutes for current evidence.,UNVERIFIED,unverified,stage-1.md,yes
TK1-large-reservation_duration_minutes-detail,3.3 Reset / 4. Model / 5. Errors / 10. Export and import,102,1,"2,3,4",systems-engineer,systems-engineer,independent-verifier,,Restaurant detail retains reservation_duration_minutes=10^18 exactly.,4b92041057beb669d2e6c528e8268f4d0d1e6421,black-box HTTP,large-minutes,Run the original independent Stage 1 probe on the named Stage 2 service; no earlier pass substitutes for current evidence.,UNVERIFIED,unverified,stage-1.md,yes
TK1-large-reservation_duration_minutes-import,3.3 Reset / 4. Model / 5. Errors / 10. Export and import,102,1,"2,3,4",systems-engineer,systems-engineer,independent-verifier,,Export/import preserves reservation_duration_minutes=10^18 exactly without rejecting a valid value solely due to datetime representation limits.,4b92041057beb669d2e6c528e8268f4d0d1e6421,black-box HTTP,large-minutes,Run the original independent Stage 1 probe on the named Stage 2 service; no earlier pass substitutes for current evidence.,UNVERIFIED,unverified,stage-1.md,yes
TK1-large-cancellation_cutoff_minutes-reset,3.3 Reset / 4. Model / 5. Errors / 10. Export and import,102,1,"2,3,4",systems-engineer,systems-engineer,independent-verifier,,A positive cancellation_cutoff_minutes count of 10^18 is a valid fixture value; no Stage 1 upper maximum is published.,4b92041057beb669d2e6c528e8268f4d0d1e6421,black-box HTTP,large-minutes,Run the original independent Stage 1 probe on the named Stage 2 service; no earlier pass substitutes for current evidence.,UNVERIFIED,unverified,stage-1.md,yes
TK1-large-cancellation_cutoff_minutes-detail,3.3 Reset / 4. Model / 5. Errors / 10. Export and import,102,1,"2,3,4",systems-engineer,systems-engineer,independent-verifier,,Restaurant detail retains cancellation_cutoff_minutes=10^18 exactly.,4b92041057beb669d2e6c528e8268f4d0d1e6421,black-box HTTP,large-minutes,Run the original independent Stage 1 probe on the named Stage 2 service; no earlier pass substitutes for current evidence.,UNVERIFIED,unverified,stage-1.md,yes
TK1-large-cancellation_cutoff_minutes-import,3.3 Reset / 4. Model / 5. Errors / 10. Export and import,102,1,"2,3,4",systems-engineer,systems-engineer,independent-verifier,,Export/import preserves cancellation_cutoff_minutes=10^18 exactly without rejecting a valid value solely due to datetime representation limits.,4b92041057beb669d2e6c528e8268f4d0d1e6421,black-box HTTP,large-minutes,Run the original independent Stage 1 probe on the named Stage 2 service; no earlier pass substitutes for current evidence.,UNVERIFIED,unverified,stage-1.md,yes
TK1-large-grid-availability,4. Model / 8. Availability and create,102,1,"2,3,4",systems-engineer,systems-engineer,independent-verifier,,Availability with a positive 10^18-minute grid returns 200 for a small valid opening window.,4b92041057beb669d2e6c528e8268f4d0d1e6421,black-box HTTP,large-minutes,Run the original independent Stage 1 probe on the named Stage 2 service; no earlier pass substitutes for current evidence.,UNVERIFIED,unverified,stage-1.md,yes
TK1-large-grid-one-opening-slot,4. Model / 8. Availability and create,102,1,"2,3,4",systems-engineer,systems-engineer,independent-verifier,,A grid step larger than the small opening window offers exactly the fitting opening slot.,4b92041057beb669d2e6c528e8268f4d0d1e6421,black-box HTTP,large-minutes,Run the original independent Stage 1 probe on the named Stage 2 service; no earlier pass substitutes for current evidence.,UNVERIFIED,unverified,stage-1.md,yes
TK1-large-grid-create,4. Model / 8. Availability and create,102,1,"2,3,4",systems-engineer,systems-engineer,independent-verifier,,A fitting opening-slot booking succeeds with a 10^18-minute grid.,4b92041057beb669d2e6c528e8268f4d0d1e6421,black-box HTTP,large-minutes,Run the original independent Stage 1 probe on the named Stage 2 service; no earlier pass substitutes for current evidence.,UNVERIFIED,unverified,stage-1.md,yes
TK1-large-grid-late,4. Model / 8. Availability and create,102,1,"2,3,4",systems-engineer,systems-engineer,independent-verifier,,A non-opening time off a huge grid gives 422 not_on_slot_grid.,4b92041057beb669d2e6c528e8268f4d0d1e6421,black-box HTTP,large-minutes,Run the original independent Stage 1 probe on the named Stage 2 service; no earlier pass substitutes for current evidence.,UNVERIFIED,unverified,stage-1.md,yes
TK1-large-duration-availability,4. Model / 8. Availability and create,102,1,"2,3,4",systems-engineer,systems-engineer,independent-verifier,,Availability with a positive 10^18-minute duration returns 200 rather than rejecting its fixture value.,4b92041057beb669d2e6c528e8268f4d0d1e6421,black-box HTTP,large-minutes,Run the original independent Stage 1 probe on the named Stage 2 service; no earlier pass substitutes for current evidence.,UNVERIFIED,unverified,stage-1.md,yes
TK1-large-duration-no-fitting-slot,4. Model / 8. Availability and create,102,1,"2,3,4",systems-engineer,systems-engineer,independent-verifier,,A duration larger than the opening window returns no fitting slots.,4b92041057beb669d2e6c528e8268f4d0d1e6421,black-box HTTP,large-minutes,Run the original independent Stage 1 probe on the named Stage 2 service; no earlier pass substitutes for current evidence.,UNVERIFIED,unverified,stage-1.md,yes
TK1-large-duration-create,4. Model / 8. Availability and create,102,1,"2,3,4",systems-engineer,systems-engineer,independent-verifier,,A booking whose huge absolute duration cannot fit gives 422 outside_opening_hours.,4b92041057beb669d2e6c528e8268f4d0d1e6421,black-box HTTP,large-minutes,Run the original independent Stage 1 probe on the named Stage 2 service; no earlier pass substitutes for current evidence.,UNVERIFIED,unverified,stage-1.md,yes
TK1-large-cutoff-create,4. Model / 8. Cancel and PATCH / 11. Atomic moves,105,1,"2,3,4",systems-engineer,systems-engineer,independent-verifier,,A future fitting booking may be created with a positive 10^18-minute cutoff.,4b92041057beb669d2e6c528e8268f4d0d1e6421,black-box HTTP,large-minutes,Run the original independent Stage 1 probe on the named Stage 2 service; no earlier pass substitutes for current evidence.,UNVERIFIED,unverified,stage-1.md,yes
TK1-large-cutoff-cancel,4. Model / 8. Cancel and PATCH / 11. Atomic moves,105,1,"2,3,4",systems-engineer,systems-engineer,independent-verifier,,Cancel within a 10^18-minute current-start cutoff gives 409 cutoff_passed.,4b92041057beb669d2e6c528e8268f4d0d1e6421,black-box HTTP,large-minutes,Run the original independent Stage 1 probe on the named Stage 2 service; no earlier pass substitutes for current evidence.,UNVERIFIED,unverified,stage-1.md,yes
TK1-large-cutoff-patch,4. Model / 8. Cancel and PATCH / 11. Atomic moves,105,1,"2,3,4",systems-engineer,systems-engineer,independent-verifier,,Amendment within a 10^18-minute current-start cutoff gives 409 cutoff_passed.,4b92041057beb669d2e6c528e8268f4d0d1e6421,black-box HTTP,large-minutes,Run the original independent Stage 1 probe on the named Stage 2 service; no earlier pass substitutes for current evidence.,UNVERIFIED,unverified,stage-1.md,yes
TK1-large-cutoff-moves,4. Model / 8. Cancel and PATCH / 11. Atomic moves,105,1,"2,3,4",systems-engineer,systems-engineer,independent-verifier,,Batch move within a 10^18-minute current-start cutoff gives 409 cutoff_passed.,4b92041057beb669d2e6c528e8268f4d0d1e6421,black-box HTTP,large-minutes,Run the original independent Stage 1 probe on the named Stage 2 service; no earlier pass substitutes for current evidence.,UNVERIFIED,unverified,stage-1.md,yes
TK1-large-cutoff-rollback,4. Model / 8. Cancel and PATCH / 11. Atomic moves,105,1,"2,3,4",systems-engineer,systems-engineer,independent-verifier,,"Huge-cutoff refusals leave records, occupancy and retry keys unchanged.",4b92041057beb669d2e6c528e8268f4d0d1e6421,black-box HTTP,large-minutes,Run the original independent Stage 1 probe on the named Stage 2 service; no earlier pass substitutes for current evidence.,UNVERIFIED,unverified,stage-1.md,yes
TK1-large-grid-original-receipt,7. Idempotency / 10. Export and import,240,1,"2,3,4",systems-engineer,systems-engineer,independent-verifier,,A huge-grid original create receipt replays with 200 and unchanged JSON after an accepted amendment.,4b92041057beb669d2e6c528e8268f4d0d1e6421,black-box HTTP,large-minutes,Run the original independent Stage 1 probe on the named Stage 2 service; no earlier pass substitutes for current evidence.,UNVERIFIED,unverified,stage-1.md,yes
TK1-large-grid-imported-receipt,7. Idempotency / 10. Export and import,240,1,"2,3,4",systems-engineer,systems-engineer,independent-verifier,,A huge-grid original create receipt and token survive independent-process import and replay unchanged.,4b92041057beb669d2e6c528e8268f4d0d1e6421,black-box HTTP,large-minutes,Run the original independent Stage 1 probe on the named Stage 2 service; no earlier pass substitutes for current evidence.,UNVERIFIED,unverified,stage-1.md,yes
TK1-large-cutoff-original-receipt,7. Idempotency / 10. Export and import,240,1,"2,3,4",systems-engineer,systems-engineer,independent-verifier,,A huge-cutoff original create receipt replays unchanged after refused cancel/amend/batch operations.,4b92041057beb669d2e6c528e8268f4d0d1e6421,black-box HTTP,large-minutes,Run the original independent Stage 1 probe on the named Stage 2 service; no earlier pass substitutes for current evidence.,UNVERIFIED,unverified,stage-1.md,yes
TK1-large-cutoff-imported-receipt,7. Idempotency / 10. Export and import,240,1,"2,3,4",systems-engineer,systems-engineer,independent-verifier,,A huge-cutoff original create receipt and token survive independent-process import and replay unchanged.,4b92041057beb669d2e6c528e8268f4d0d1e6421,black-box HTTP,large-minutes,Run the original independent Stage 1 probe on the named Stage 2 service; no earlier pass substitutes for current evidence.,UNVERIFIED,unverified,stage-1.md,yes
TK2-frozen-stage1,Inheritance and sequential delivery,3,2,"2,3,4",interface-engineer,interface-engineer,independent-verifier,,Accepted Stage 1 remains byte-identical to the published freeze manifest.,4b92041057beb669d2e6c528e8268f4d0d1e6421,fresh-clone/history/source audit plus constrained HTTP,runtime,python3 evidence/independent-verifier/stage-2/api.py --case runtime --candidate FULL_REVISION --out NEW_DIRECTORY,UNVERIFIED,unverified,stage-2.md,no
TK2-copied-base,Inheritance and sequential delivery,3,2,"2,3,4",interface-engineer,interface-engineer,independent-verifier,,"Stage 2 extends a complete accepted Stage 1 copy, with preserved source history.",4b92041057beb669d2e6c528e8268f4d0d1e6421,fresh-clone/history/source audit plus constrained HTTP,runtime,python3 evidence/independent-verifier/stage-2/api.py --case runtime --candidate FULL_REVISION --out NEW_DIRECTORY,UNVERIFIED,unverified,stage-2.md,no
TK2-stage2-delivery,Inheritance and sequential delivery,3,2,"2,3,4",interface-engineer,interface-engineer,independent-verifier,,"Stage 2 has its own complete independent service, Dockerfile and reviewed RUN.md.",4b92041057beb669d2e6c528e8268f4d0d1e6421,fresh-clone/history/source audit plus constrained HTTP,runtime,python3 evidence/independent-verifier/stage-2/api.py --case runtime --candidate FULL_REVISION --out NEW_DIRECTORY,UNVERIFIED,unverified,stage-2.md,no
TK2-stage2-source,Inheritance and sequential delivery,3,2,"2,3,4",interface-engineer,interface-engineer,independent-verifier,,Current-stage authored history and source-input declarations support permitted source provenance.,4b92041057beb669d2e6c528e8268f4d0d1e6421,fresh-clone/history/source audit plus constrained HTTP,runtime,python3 evidence/independent-verifier/stage-2/api.py --case runtime --candidate FULL_REVISION --out NEW_DIRECTORY,UNVERIFIED,unverified,stage-2.md,no
TK2-route-search,Required routes,9,2,"2,3,4",interface-engineer,interface-engineer,independent-verifier,,/ loads its specified screen directly by URL.,4b92041057beb669d2e6c528e8268f4d0d1e6421,browser navigation/DOM,routes,python3 evidence/independent-verifier/stage-2/browser.py --case routes --candidate FULL_REVISION --out NEW_DIRECTORY,UNVERIFIED,unverified,stage-2.md,no
TK2-route-html-search,Required routes,9,2,"2,3,4",interface-engineer,interface-engineer,independent-verifier,,/ returns HTML rather than the API JSON envelope.,4b92041057beb669d2e6c528e8268f4d0d1e6421,browser navigation/DOM,routes,python3 evidence/independent-verifier/stage-2/browser.py --case routes --candidate FULL_REVISION --out NEW_DIRECTORY,UNVERIFIED,unverified,stage-2.md,no
TK2-current-user-search,Required routes,9,2,"2,3,4",interface-engineer,interface-engineer,independent-verifier,,Signed-in display name is visibly present on /.,4b92041057beb669d2e6c528e8268f4d0d1e6421,browser navigation/DOM,routes,python3 evidence/independent-verifier/stage-2/browser.py --case routes --candidate FULL_REVISION --out NEW_DIRECTORY,UNVERIFIED,unverified,stage-2.md,no
TK2-route-signup,Required routes,9,2,"2,3,4",interface-engineer,interface-engineer,independent-verifier,,/signup loads its specified screen directly by URL.,4b92041057beb669d2e6c528e8268f4d0d1e6421,browser navigation/DOM,routes,python3 evidence/independent-verifier/stage-2/browser.py --case routes --candidate FULL_REVISION --out NEW_DIRECTORY,UNVERIFIED,unverified,stage-2.md,no
TK2-route-html-signup,Required routes,9,2,"2,3,4",interface-engineer,interface-engineer,independent-verifier,,/signup returns HTML rather than the API JSON envelope.,4b92041057beb669d2e6c528e8268f4d0d1e6421,browser navigation/DOM,routes,python3 evidence/independent-verifier/stage-2/browser.py --case routes --candidate FULL_REVISION --out NEW_DIRECTORY,UNVERIFIED,unverified,stage-2.md,no
TK2-current-user-signup,Required routes,9,2,"2,3,4",interface-engineer,interface-engineer,independent-verifier,,Signed-in display name is visibly present on /signup.,4b92041057beb669d2e6c528e8268f4d0d1e6421,browser navigation/DOM,routes,python3 evidence/independent-verifier/stage-2/browser.py --case routes --candidate FULL_REVISION --out NEW_DIRECTORY,UNVERIFIED,unverified,stage-2.md,no
TK2-route-login,Required routes,9,2,"2,3,4",interface-engineer,interface-engineer,independent-verifier,,/login loads its specified screen directly by URL.,4b92041057beb669d2e6c528e8268f4d0d1e6421,browser navigation/DOM,routes,python3 evidence/independent-verifier/stage-2/browser.py --case routes --candidate FULL_REVISION --out NEW_DIRECTORY,UNVERIFIED,unverified,stage-2.md,no
TK2-route-html-login,Required routes,9,2,"2,3,4",interface-engineer,interface-engineer,independent-verifier,,/login returns HTML rather than the API JSON envelope.,4b92041057beb669d2e6c528e8268f4d0d1e6421,browser navigation/DOM,routes,python3 evidence/independent-verifier/stage-2/browser.py --case routes --candidate FULL_REVISION --out NEW_DIRECTORY,UNVERIFIED,unverified,stage-2.md,no
TK2-current-user-login,Required routes,9,2,"2,3,4",interface-engineer,interface-engineer,independent-verifier,,Signed-in display name is visibly present on /login.,4b92041057beb669d2e6c528e8268f4d0d1e6421,browser navigation/DOM,routes,python3 evidence/independent-verifier/stage-2/browser.py --case routes --candidate FULL_REVISION --out NEW_DIRECTORY,UNVERIFIED,unverified,stage-2.md,no
TK2-route-lookup,Required routes,9,2,"2,3,4",interface-engineer,interface-engineer,independent-verifier,,/lookup loads its specified screen directly by URL.,4b92041057beb669d2e6c528e8268f4d0d1e6421,browser navigation/DOM,routes,python3 evidence/independent-verifier/stage-2/browser.py --case routes --candidate FULL_REVISION --out NEW_DIRECTORY,UNVERIFIED,unverified,stage-2.md,no
TK2-route-html-lookup,Required routes,9,2,"2,3,4",interface-engineer,interface-engineer,independent-verifier,,/lookup returns HTML rather than the API JSON envelope.,4b92041057beb669d2e6c528e8268f4d0d1e6421,browser navigation/DOM,routes,python3 evidence/independent-verifier/stage-2/browser.py --case routes --candidate FULL_REVISION --out NEW_DIRECTORY,UNVERIFIED,unverified,stage-2.md,no
TK2-current-user-lookup,Required routes,9,2,"2,3,4",interface-engineer,interface-engineer,independent-verifier,,Signed-in display name is visibly present on /lookup.,4b92041057beb669d2e6c528e8268f4d0d1e6421,browser navigation/DOM,routes,python3 evidence/independent-verifier/stage-2/browser.py --case routes --candidate FULL_REVISION --out NEW_DIRECTORY,UNVERIFIED,unverified,stage-2.md,no
TK2-single-stale-grid,Competing clients and uncertain outcomes,26,2,"2,3,4",interface-engineer,interface-engineer,independent-verifier,,Delayed search A completing after B cannot replace B's grid.,4b92041057beb669d2e6c528e8268f4d0d1e6421,browser with actual API delivery gates and a competing HTTP client,race-single,python3 evidence/independent-verifier/stage-2/browser.py --case race-single --candidate FULL_REVISION --out NEW_DIRECTORY,UNVERIFIED,unverified,stage-2.md,no
TK2-single-stale-labels,Competing clients and uncertain outcomes,26,2,"2,3,4",interface-engineer,interface-engineer,independent-verifier,,Delayed A cannot replace the current restaurant/table labels from B.,4b92041057beb669d2e6c528e8268f4d0d1e6421,browser with actual API delivery gates and a competing HTTP client,race-single,python3 evidence/independent-verifier/stage-2/browser.py --case race-single --candidate FULL_REVISION --out NEW_DIRECTORY,UNVERIFIED,unverified,stage-2.md,no
TK2-single-stale-form,Competing clients and uncertain outcomes,26,2,"2,3,4",interface-engineer,interface-engineer,independent-verifier,,Delayed A cannot replace the selected B form or its local time/party values.,4b92041057beb669d2e6c528e8268f4d0d1e6421,browser with actual API delivery gates and a competing HTTP client,race-single,python3 evidence/independent-verifier/stage-2/browser.py --case race-single --candidate FULL_REVISION --out NEW_DIRECTORY,UNVERIFIED,unverified,stage-2.md,no
TK2-single-race-error,Competing clients and uncertain outcomes,26,2,"2,3,4",interface-engineer,interface-engineer,independent-verifier,,A competing client's occupancy refusal displays booking-error.,4b92041057beb669d2e6c528e8268f4d0d1e6421,browser with actual API delivery gates and a competing HTTP client,race-single,python3 evidence/independent-verifier/stage-2/browser.py --case race-single --candidate FULL_REVISION --out NEW_DIRECTORY,UNVERIFIED,unverified,stage-2.md,no
TK2-single-race-refresh,Competing clients and uncertain outcomes,26,2,"2,3,4",interface-engineer,interface-engineer,independent-verifier,,A confirmed occupancy refusal refreshes authoritative availability.,4b92041057beb669d2e6c528e8268f4d0d1e6421,browser with actual API delivery gates and a competing HTTP client,race-single,python3 evidence/independent-verifier/stage-2/browser.py --case race-single --candidate FULL_REVISION --out NEW_DIRECTORY,UNVERIFIED,unverified,stage-2.md,no
TK2-single-race-form,Competing clients and uncertain outcomes,26,2,"2,3,4",interface-engineer,interface-engineer,independent-verifier,,A confirmed occupancy refusal retains the selected booking form.,4b92041057beb669d2e6c528e8268f4d0d1e6421,browser with actual API delivery gates and a competing HTTP client,race-single,python3 evidence/independent-verifier/stage-2/browser.py --case race-single --candidate FULL_REVISION --out NEW_DIRECTORY,UNVERIFIED,unverified,stage-2.md,no
TK2-single-race-inputs,Competing clients and uncertain outcomes,26,2,"2,3,4",interface-engineer,interface-engineer,independent-verifier,,A confirmed occupancy refusal retains the form inputs.,4b92041057beb669d2e6c528e8268f4d0d1e6421,browser with actual API delivery gates and a competing HTTP client,race-single,python3 evidence/independent-verifier/stage-2/browser.py --case race-single --candidate FULL_REVISION --out NEW_DIRECTORY,UNVERIFIED,unverified,stage-2.md,no
TK2-single-race-no-confirmation,Competing clients and uncertain outcomes,26,2,"2,3,4",interface-engineer,interface-engineer,independent-verifier,,A refused attempt never displays a new confirmation.,4b92041057beb669d2e6c528e8268f4d0d1e6421,browser with actual API delivery gates and a competing HTTP client,race-single,python3 evidence/independent-verifier/stage-2/browser.py --case race-single --candidate FULL_REVISION --out NEW_DIRECTORY,UNVERIFIED,unverified,stage-2.md,no
TK2-single-race-change-choice,Competing clients and uncertain outcomes,26,2,"2,3,4",interface-engineer,interface-engineer,independent-verifier,,After a refusal the diner can select a different available option.,4b92041057beb669d2e6c528e8268f4d0d1e6421,browser with actual API delivery gates and a competing HTTP client,race-single,python3 evidence/independent-verifier/stage-2/browser.py --case race-single --candidate FULL_REVISION --out NEW_DIRECTORY,UNVERIFIED,unverified,stage-2.md,no
TK2-single-precommit-uncertain,Competing clients and uncertain outcomes,31,2,"2,3,4",interface-engineer,interface-engineer,independent-verifier,,A precommit lost response displays nonempty booking-uncertain text.,4b92041057beb669d2e6c528e8268f4d0d1e6421,browser request fault plus authoritative HTTP state,lost-single,python3 evidence/independent-verifier/stage-2/browser.py --case lost-single --candidate FULL_REVISION --out NEW_DIRECTORY,UNVERIFIED,unverified,stage-2.md,no
TK2-single-precommit-no-error,Competing clients and uncertain outcomes,31,2,"2,3,4",interface-engineer,interface-engineer,independent-verifier,,A lost response shows no confirmed booking-error.,4b92041057beb669d2e6c528e8268f4d0d1e6421,browser request fault plus authoritative HTTP state,lost-single,python3 evidence/independent-verifier/stage-2/browser.py --case lost-single --candidate FULL_REVISION --out NEW_DIRECTORY,UNVERIFIED,unverified,stage-2.md,no
TK2-single-precommit-no-confirmation,Competing clients and uncertain outcomes,31,2,"2,3,4",interface-engineer,interface-engineer,independent-verifier,,A lost response shows no new success confirmation.,4b92041057beb669d2e6c528e8268f4d0d1e6421,browser request fault plus authoritative HTTP state,lost-single,python3 evidence/independent-verifier/stage-2/browser.py --case lost-single --candidate FULL_REVISION --out NEW_DIRECTORY,UNVERIFIED,unverified,stage-2.md,no
TK2-single-precommit-same-key,Competing clients and uncertain outcomes,31,2,"2,3,4",interface-engineer,interface-engineer,independent-verifier,,An unchanged uncertain form retries with the exact original Idempotency-Key.,4b92041057beb669d2e6c528e8268f4d0d1e6421,browser request fault plus authoritative HTTP state,lost-single,python3 evidence/independent-verifier/stage-2/browser.py --case lost-single --candidate FULL_REVISION --out NEW_DIRECTORY,UNVERIFIED,unverified,stage-2.md,no
TK2-single-precommit-same-body,Competing clients and uncertain outcomes,31,2,"2,3,4",interface-engineer,interface-engineer,independent-verifier,,An unchanged uncertain form retries with the same parsed JSON body.,4b92041057beb669d2e6c528e8268f4d0d1e6421,browser request fault plus authoritative HTTP state,lost-single,python3 evidence/independent-verifier/stage-2/browser.py --case lost-single --candidate FULL_REVISION --out NEW_DIRECTORY,UNVERIFIED,unverified,stage-2.md,no
TK2-single-precommit-retry-reference,Competing clients and uncertain outcomes,31,2,"2,3,4",interface-engineer,interface-engineer,independent-verifier,,Successful retry displays the actual successful original reference.,4b92041057beb669d2e6c528e8268f4d0d1e6421,browser request fault plus authoritative HTTP state,lost-single,python3 evidence/independent-verifier/stage-2/browser.py --case lost-single --candidate FULL_REVISION --out NEW_DIRECTORY,UNVERIFIED,unverified,stage-2.md,no
TK2-single-precommit-clear-uncertainty,Competing clients and uncertain outcomes,31,2,"2,3,4",interface-engineer,interface-engineer,independent-verifier,,Successful retry removes the uncertainty element.,4b92041057beb669d2e6c528e8268f4d0d1e6421,browser request fault plus authoritative HTTP state,lost-single,python3 evidence/independent-verifier/stage-2/browser.py --case lost-single --candidate FULL_REVISION --out NEW_DIRECTORY,UNVERIFIED,unverified,stage-2.md,no
TK2-single-precommit-clear-error,Competing clients and uncertain outcomes,31,2,"2,3,4",interface-engineer,interface-engineer,independent-verifier,,Successful retry has no booking-error element.,4b92041057beb669d2e6c528e8268f4d0d1e6421,browser request fault plus authoritative HTTP state,lost-single,python3 evidence/independent-verifier/stage-2/browser.py --case lost-single --candidate FULL_REVISION --out NEW_DIRECTORY,UNVERIFIED,unverified,stage-2.md,no
TK2-single-precommit-one-record,Competing clients and uncertain outcomes,31,2,"2,3,4",interface-engineer,interface-engineer,independent-verifier,,A lost-response retry creates exactly one confirmed reservation.,4b92041057beb669d2e6c528e8268f4d0d1e6421,browser request fault plus authoritative HTTP state,lost-single,python3 evidence/independent-verifier/stage-2/browser.py --case lost-single --candidate FULL_REVISION --out NEW_DIRECTORY,UNVERIFIED,unverified,stage-2.md,no
TK2-single-postcommit-uncertain,Competing clients and uncertain outcomes,31,2,"2,3,4",interface-engineer,interface-engineer,independent-verifier,,A postcommit lost response displays nonempty booking-uncertain text.,4b92041057beb669d2e6c528e8268f4d0d1e6421,browser request fault plus authoritative HTTP state,lost-single,python3 evidence/independent-verifier/stage-2/browser.py --case lost-single --candidate FULL_REVISION --out NEW_DIRECTORY,UNVERIFIED,unverified,stage-2.md,no
TK2-single-postcommit-no-error,Competing clients and uncertain outcomes,31,2,"2,3,4",interface-engineer,interface-engineer,independent-verifier,,A lost response shows no confirmed booking-error.,4b92041057beb669d2e6c528e8268f4d0d1e6421,browser request fault plus authoritative HTTP state,lost-single,python3 evidence/independent-verifier/stage-2/browser.py --case lost-single --candidate FULL_REVISION --out NEW_DIRECTORY,UNVERIFIED,unverified,stage-2.md,no
TK2-single-postcommit-no-confirmation,Competing clients and uncertain outcomes,31,2,"2,3,4",interface-engineer,interface-engineer,independent-verifier,,A lost response shows no new success confirmation.,4b92041057beb669d2e6c528e8268f4d0d1e6421,browser request fault plus authoritative HTTP state,lost-single,python3 evidence/independent-verifier/stage-2/browser.py --case lost-single --candidate FULL_REVISION --out NEW_DIRECTORY,UNVERIFIED,unverified,stage-2.md,no
TK2-single-postcommit-same-key,Competing clients and uncertain outcomes,31,2,"2,3,4",interface-engineer,interface-engineer,independent-verifier,,An unchanged uncertain form retries with the exact original Idempotency-Key.,4b92041057beb669d2e6c528e8268f4d0d1e6421,browser request fault plus authoritative HTTP state,lost-single,python3 evidence/independent-verifier/stage-2/browser.py --case lost-single --candidate FULL_REVISION --out NEW_DIRECTORY,UNVERIFIED,unverified,stage-2.md,no
TK2-single-postcommit-same-body,Competing clients and uncertain outcomes,31,2,"2,3,4",interface-engineer,interface-engineer,independent-verifier,,An unchanged uncertain form retries with the same parsed JSON body.,4b92041057beb669d2e6c528e8268f4d0d1e6421,browser request fault plus authoritative HTTP state,lost-single,python3 evidence/independent-verifier/stage-2/browser.py --case lost-single --candidate FULL_REVISION --out NEW_DIRECTORY,UNVERIFIED,unverified,stage-2.md,no
TK2-single-postcommit-retry-reference,Competing clients and uncertain outcomes,31,2,"2,3,4",interface-engineer,interface-engineer,independent-verifier,,Successful retry displays the actual successful original reference.,4b92041057beb669d2e6c528e8268f4d0d1e6421,browser request fault plus authoritative HTTP state,lost-single,python3 evidence/independent-verifier/stage-2/browser.py --case lost-single --candidate FULL_REVISION --out NEW_DIRECTORY,UNVERIFIED,unverified,stage-2.md,no
TK2-single-postcommit-clear-uncertainty,Competing clients and uncertain outcomes,31,2,"2,3,4",interface-engineer,interface-engineer,independent-verifier,,Successful retry removes the uncertainty element.,4b92041057beb669d2e6c528e8268f4d0d1e6421,browser request fault plus authoritative HTTP state,lost-single,python3 evidence/independent-verifier/stage-2/browser.py --case lost-single --candidate FULL_REVISION --out NEW_DIRECTORY,UNVERIFIED,unverified,stage-2.md,no
TK2-single-postcommit-clear-error,Competing clients and uncertain outcomes,31,2,"2,3,4",interface-engineer,interface-engineer,independent-verifier,,Successful retry has no booking-error element.,4b92041057beb669d2e6c528e8268f4d0d1e6421,browser request fault plus authoritative HTTP state,lost-single,python3 evidence/independent-verifier/stage-2/browser.py --case lost-single --candidate FULL_REVISION --out NEW_DIRECTORY,UNVERIFIED,unverified,stage-2.md,no
TK2-single-postcommit-one-record,Competing clients and uncertain outcomes,31,2,"2,3,4",interface-engineer,interface-engineer,independent-verifier,,A lost-response retry creates exactly one confirmed reservation.,4b92041057beb669d2e6c528e8268f4d0d1e6421,browser request fault plus authoritative HTTP state,lost-single,python3 evidence/independent-verifier/stage-2/browser.py --case lost-single --candidate FULL_REVISION --out NEW_DIRECTORY,UNVERIFIED,unverified,stage-2.md,no
TK2-single-form-summary,Booking form / confirmation,95,2,"2,3,4",interface-engineer,interface-engineer,independent-verifier,,Booking summary contains every selected human table label and local start.,4b92041057beb669d2e6c528e8268f4d0d1e6421,browser DOM/request identity plus HTTP state,booking-single,python3 evidence/independent-verifier/stage-2/browser.py --case booking-single --candidate FULL_REVISION --out NEW_DIRECTORY,UNVERIFIED,unverified,stage-2.md,no
TK2-single-form-party,Booking form / confirmation,95,2,"2,3,4",interface-engineer,interface-engineer,independent-verifier,,Booking party input is prefilled from the searched party size.,4b92041057beb669d2e6c528e8268f4d0d1e6421,browser DOM/request identity plus HTTP state,booking-single,python3 evidence/independent-verifier/stage-2/browser.py --case booking-single --candidate FULL_REVISION --out NEW_DIRECTORY,UNVERIFIED,unverified,stage-2.md,no
TK2-single-form-retained,Booking form / confirmation,95,2,"2,3,4",interface-engineer,interface-engineer,independent-verifier,,The booking form remains visible after successful submission.,4b92041057beb669d2e6c528e8268f4d0d1e6421,browser DOM/request identity plus HTTP state,booking-single,python3 evidence/independent-verifier/stage-2/browser.py --case booking-single --candidate FULL_REVISION --out NEW_DIRECTORY,UNVERIFIED,unverified,stage-2.md,no
TK2-single-repeat-reference,Booking form / confirmation,95,2,"2,3,4",interface-engineer,interface-engineer,independent-verifier,,Unchanged resubmission returns the same confirmation reference.,4b92041057beb669d2e6c528e8268f4d0d1e6421,browser DOM/request identity plus HTTP state,booking-single,python3 evidence/independent-verifier/stage-2/browser.py --case booking-single --candidate FULL_REVISION --out NEW_DIRECTORY,UNVERIFIED,unverified,stage-2.md,no
TK2-single-repeat-no-error,Booking form / confirmation,95,2,"2,3,4",interface-engineer,interface-engineer,independent-verifier,,Unchanged successful resubmission has no booking-error.,4b92041057beb669d2e6c528e8268f4d0d1e6421,browser DOM/request identity plus HTTP state,booking-single,python3 evidence/independent-verifier/stage-2/browser.py --case booking-single --candidate FULL_REVISION --out NEW_DIRECTORY,UNVERIFIED,unverified,stage-2.md,no
TK2-single-repeat-one-record,Booking form / confirmation,95,2,"2,3,4",interface-engineer,interface-engineer,independent-verifier,,Unchanged successful resubmission does not create a duplicate.,4b92041057beb669d2e6c528e8268f4d0d1e6421,browser DOM/request identity plus HTTP state,booking-single,python3 evidence/independent-verifier/stage-2/browser.py --case booking-single --candidate FULL_REVISION --out NEW_DIRECTORY,UNVERIFIED,unverified,stage-2.md,no
TK2-single-edited-request,Booking form / confirmation,95,2,"2,3,4",interface-engineer,interface-engineer,independent-verifier,,A real field-value change produces a new request identity.,4b92041057beb669d2e6c528e8268f4d0d1e6421,browser DOM/request identity plus HTTP state,booking-single,python3 evidence/independent-verifier/stage-2/browser.py --case booking-single --candidate FULL_REVISION --out NEW_DIRECTORY,UNVERIFIED,unverified,stage-2.md,no
TK2-single-same-value-request,Booking form / confirmation,95,2,"2,3,4",interface-engineer,interface-engineer,independent-verifier,,An unchanged value retains the retry identity despite an input event.,4b92041057beb669d2e6c528e8268f4d0d1e6421,browser DOM/request identity plus HTTP state,booking-single,python3 evidence/independent-verifier/stage-2/browser.py --case booking-single --candidate FULL_REVISION --out NEW_DIRECTORY,UNVERIFIED,unverified,stage-2.md,no
TK2-single-confirmation,Booking form / confirmation,95,2,"2,3,4",interface-engineer,interface-engineer,independent-verifier,,A successful server response displays the confirmation container.,4b92041057beb669d2e6c528e8268f4d0d1e6421,browser DOM/request identity plus HTTP state,booking-single,python3 evidence/independent-verifier/stage-2/browser.py --case booking-single --candidate FULL_REVISION --out NEW_DIRECTORY,UNVERIFIED,unverified,stage-2.md,no
TK2-single-reference-exact,Booking form / confirmation,95,2,"2,3,4",interface-engineer,interface-engineer,independent-verifier,,confirmation-reference text is exactly the actual reference.,4b92041057beb669d2e6c528e8268f4d0d1e6421,browser DOM/request identity plus HTTP state,booking-single,python3 evidence/independent-verifier/stage-2/browser.py --case booking-single --candidate FULL_REVISION --out NEW_DIRECTORY,UNVERIFIED,unverified,stage-2.md,no
TK2-single-confirmation-details,Booking form / confirmation,95,2,"2,3,4",interface-engineer,interface-engineer,independent-verifier,,"Confirmation details contain restaurant, human table labels and local start.",4b92041057beb669d2e6c528e8268f4d0d1e6421,browser DOM/request identity plus HTTP state,booking-single,python3 evidence/independent-verifier/stage-2/browser.py --case booking-single --candidate FULL_REVISION --out NEW_DIRECTORY,UNVERIFIED,unverified,stage-2.md,no
TK2-pair-stale-grid,Competing clients and uncertain outcomes,26,2,"2,3,4",interface-engineer,interface-engineer,independent-verifier,,Delayed search A completing after B cannot replace B's grid.,4b92041057beb669d2e6c528e8268f4d0d1e6421,browser with actual API delivery gates and a competing HTTP client,race-pair,python3 evidence/independent-verifier/stage-2/browser.py --case race-pair --candidate FULL_REVISION --out NEW_DIRECTORY,UNVERIFIED,unverified,stage-2.md,no
TK2-pair-stale-labels,Competing clients and uncertain outcomes,26,2,"2,3,4",interface-engineer,interface-engineer,independent-verifier,,Delayed A cannot replace the current restaurant/table labels from B.,4b92041057beb669d2e6c528e8268f4d0d1e6421,browser with actual API delivery gates and a competing HTTP client,race-pair,python3 evidence/independent-verifier/stage-2/browser.py --case race-pair --candidate FULL_REVISION --out NEW_DIRECTORY,UNVERIFIED,unverified,stage-2.md,no
TK2-pair-stale-form,Competing clients and uncertain outcomes,26,2,"2,3,4",interface-engineer,interface-engineer,independent-verifier,,Delayed A cannot replace the selected B form or its local time/party values.,4b92041057beb669d2e6c528e8268f4d0d1e6421,browser with actual API delivery gates and a competing HTTP client,race-pair,python3 evidence/independent-verifier/stage-2/browser.py --case race-pair --candidate FULL_REVISION --out NEW_DIRECTORY,UNVERIFIED,unverified,stage-2.md,no
TK2-pair-race-error,Competing clients and uncertain outcomes,26,2,"2,3,4",interface-engineer,interface-engineer,independent-verifier,,A competing client's occupancy refusal displays booking-error.,4b92041057beb669d2e6c528e8268f4d0d1e6421,browser with actual API delivery gates and a competing HTTP client,race-pair,python3 evidence/independent-verifier/stage-2/browser.py --case race-pair --candidate FULL_REVISION --out NEW_DIRECTORY,UNVERIFIED,unverified,stage-2.md,no
TK2-pair-race-refresh,Competing clients and uncertain outcomes,26,2,"2,3,4",interface-engineer,interface-engineer,independent-verifier,,A confirmed occupancy refusal refreshes authoritative availability.,4b92041057beb669d2e6c528e8268f4d0d1e6421,browser with actual API delivery gates and a competing HTTP client,race-pair,python3 evidence/independent-verifier/stage-2/browser.py --case race-pair --candidate FULL_REVISION --out NEW_DIRECTORY,UNVERIFIED,unverified,stage-2.md,no
TK2-pair-race-form,Competing clients and uncertain outcomes,26,2,"2,3,4",interface-engineer,interface-engineer,independent-verifier,,A confirmed occupancy refusal retains the selected booking form.,4b92041057beb669d2e6c528e8268f4d0d1e6421,browser with actual API delivery gates and a competing HTTP client,race-pair,python3 evidence/independent-verifier/stage-2/browser.py --case race-pair --candidate FULL_REVISION --out NEW_DIRECTORY,UNVERIFIED,unverified,stage-2.md,no
TK2-pair-race-inputs,Competing clients and uncertain outcomes,26,2,"2,3,4",interface-engineer,interface-engineer,independent-verifier,,A confirmed occupancy refusal retains the form inputs.,4b92041057beb669d2e6c528e8268f4d0d1e6421,browser with actual API delivery gates and a competing HTTP client,race-pair,python3 evidence/independent-verifier/stage-2/browser.py --case race-pair --candidate FULL_REVISION --out NEW_DIRECTORY,UNVERIFIED,unverified,stage-2.md,no
TK2-pair-race-no-confirmation,Competing clients and uncertain outcomes,26,2,"2,3,4",interface-engineer,interface-engineer,independent-verifier,,A refused attempt never displays a new confirmation.,4b92041057beb669d2e6c528e8268f4d0d1e6421,browser with actual API delivery gates and a competing HTTP client,race-pair,python3 evidence/independent-verifier/stage-2/browser.py --case race-pair --candidate FULL_REVISION --out NEW_DIRECTORY,UNVERIFIED,unverified,stage-2.md,no
TK2-pair-race-change-choice,Competing clients and uncertain outcomes,26,2,"2,3,4",interface-engineer,interface-engineer,independent-verifier,,After a refusal the diner can select a different available option.,4b92041057beb669d2e6c528e8268f4d0d1e6421,browser with actual API delivery gates and a competing HTTP client,race-pair,python3 evidence/independent-verifier/stage-2/browser.py --case race-pair --candidate FULL_REVISION --out NEW_DIRECTORY,UNVERIFIED,unverified,stage-2.md,no
TK2-pair-precommit-uncertain,Competing clients and uncertain outcomes,31,2,"2,3,4",interface-engineer,interface-engineer,independent-verifier,,A precommit lost response displays nonempty booking-uncertain text.,4b92041057beb669d2e6c528e8268f4d0d1e6421,browser request fault plus authoritative HTTP state,lost-pair,python3 evidence/independent-verifier/stage-2/browser.py --case lost-pair --candidate FULL_REVISION --out NEW_DIRECTORY,UNVERIFIED,unverified,stage-2.md,no
TK2-pair-precommit-no-error,Competing clients and uncertain outcomes,31,2,"2,3,4",interface-engineer,interface-engineer,independent-verifier,,A lost response shows no confirmed booking-error.,4b92041057beb669d2e6c528e8268f4d0d1e6421,browser request fault plus authoritative HTTP state,lost-pair,python3 evidence/independent-verifier/stage-2/browser.py --case lost-pair --candidate FULL_REVISION --out NEW_DIRECTORY,UNVERIFIED,unverified,stage-2.md,no
TK2-pair-precommit-no-confirmation,Competing clients and uncertain outcomes,31,2,"2,3,4",interface-engineer,interface-engineer,independent-verifier,,A lost response shows no new success confirmation.,4b92041057beb669d2e6c528e8268f4d0d1e6421,browser request fault plus authoritative HTTP state,lost-pair,python3 evidence/independent-verifier/stage-2/browser.py --case lost-pair --candidate FULL_REVISION --out NEW_DIRECTORY,UNVERIFIED,unverified,stage-2.md,no
TK2-pair-precommit-same-key,Competing clients and uncertain outcomes,31,2,"2,3,4",interface-engineer,interface-engineer,independent-verifier,,An unchanged uncertain form retries with the exact original Idempotency-Key.,4b92041057beb669d2e6c528e8268f4d0d1e6421,browser request fault plus authoritative HTTP state,lost-pair,python3 evidence/independent-verifier/stage-2/browser.py --case lost-pair --candidate FULL_REVISION --out NEW_DIRECTORY,UNVERIFIED,unverified,stage-2.md,no
TK2-pair-precommit-same-body,Competing clients and uncertain outcomes,31,2,"2,3,4",interface-engineer,interface-engineer,independent-verifier,,An unchanged uncertain form retries with the same parsed JSON body.,4b92041057beb669d2e6c528e8268f4d0d1e6421,browser request fault plus authoritative HTTP state,lost-pair,python3 evidence/independent-verifier/stage-2/browser.py --case lost-pair --candidate FULL_REVISION --out NEW_DIRECTORY,UNVERIFIED,unverified,stage-2.md,no
TK2-pair-precommit-retry-reference,Competing clients and uncertain outcomes,31,2,"2,3,4",interface-engineer,interface-engineer,independent-verifier,,Successful retry displays the actual successful original reference.,4b92041057beb669d2e6c528e8268f4d0d1e6421,browser request fault plus authoritative HTTP state,lost-pair,python3 evidence/independent-verifier/stage-2/browser.py --case lost-pair --candidate FULL_REVISION --out NEW_DIRECTORY,UNVERIFIED,unverified,stage-2.md,no
TK2-pair-precommit-clear-uncertainty,Competing clients and uncertain outcomes,31,2,"2,3,4",interface-engineer,interface-engineer,independent-verifier,,Successful retry removes the uncertainty element.,4b92041057beb669d2e6c528e8268f4d0d1e6421,browser request fault plus authoritative HTTP state,lost-pair,python3 evidence/independent-verifier/stage-2/browser.py --case lost-pair --candidate FULL_REVISION --out NEW_DIRECTORY,UNVERIFIED,unverified,stage-2.md,no
TK2-pair-precommit-clear-error,Competing clients and uncertain outcomes,31,2,"2,3,4",interface-engineer,interface-engineer,independent-verifier,,Successful retry has no booking-error element.,4b92041057beb669d2e6c528e8268f4d0d1e6421,browser request fault plus authoritative HTTP state,lost-pair,python3 evidence/independent-verifier/stage-2/browser.py --case lost-pair --candidate FULL_REVISION --out NEW_DIRECTORY,UNVERIFIED,unverified,stage-2.md,no
TK2-pair-precommit-one-record,Competing clients and uncertain outcomes,31,2,"2,3,4",interface-engineer,interface-engineer,independent-verifier,,A lost-response retry creates exactly one confirmed reservation.,4b92041057beb669d2e6c528e8268f4d0d1e6421,browser request fault plus authoritative HTTP state,lost-pair,python3 evidence/independent-verifier/stage-2/browser.py --case lost-pair --candidate FULL_REVISION --out NEW_DIRECTORY,UNVERIFIED,unverified,stage-2.md,no
TK2-pair-postcommit-uncertain,Competing clients and uncertain outcomes,31,2,"2,3,4",interface-engineer,interface-engineer,independent-verifier,,A postcommit lost response displays nonempty booking-uncertain text.,4b92041057beb669d2e6c528e8268f4d0d1e6421,browser request fault plus authoritative HTTP state,lost-pair,python3 evidence/independent-verifier/stage-2/browser.py --case lost-pair --candidate FULL_REVISION --out NEW_DIRECTORY,UNVERIFIED,unverified,stage-2.md,no
TK2-pair-postcommit-no-error,Competing clients and uncertain outcomes,31,2,"2,3,4",interface-engineer,interface-engineer,independent-verifier,,A lost response shows no confirmed booking-error.,4b92041057beb669d2e6c528e8268f4d0d1e6421,browser request fault plus authoritative HTTP state,lost-pair,python3 evidence/independent-verifier/stage-2/browser.py --case lost-pair --candidate FULL_REVISION --out NEW_DIRECTORY,UNVERIFIED,unverified,stage-2.md,no
TK2-pair-postcommit-no-confirmation,Competing clients and uncertain outcomes,31,2,"2,3,4",interface-engineer,interface-engineer,independent-verifier,,A lost response shows no new success confirmation.,4b92041057beb669d2e6c528e8268f4d0d1e6421,browser request fault plus authoritative HTTP state,lost-pair,python3 evidence/independent-verifier/stage-2/browser.py --case lost-pair --candidate FULL_REVISION --out NEW_DIRECTORY,UNVERIFIED,unverified,stage-2.md,no
TK2-pair-postcommit-same-key,Competing clients and uncertain outcomes,31,2,"2,3,4",interface-engineer,interface-engineer,independent-verifier,,An unchanged uncertain form retries with the exact original Idempotency-Key.,4b92041057beb669d2e6c528e8268f4d0d1e6421,browser request fault plus authoritative HTTP state,lost-pair,python3 evidence/independent-verifier/stage-2/browser.py --case lost-pair --candidate FULL_REVISION --out NEW_DIRECTORY,UNVERIFIED,unverified,stage-2.md,no
TK2-pair-postcommit-same-body,Competing clients and uncertain outcomes,31,2,"2,3,4",interface-engineer,interface-engineer,independent-verifier,,An unchanged uncertain form retries with the same parsed JSON body.,4b92041057beb669d2e6c528e8268f4d0d1e6421,browser request fault plus authoritative HTTP state,lost-pair,python3 evidence/independent-verifier/stage-2/browser.py --case lost-pair --candidate FULL_REVISION --out NEW_DIRECTORY,UNVERIFIED,unverified,stage-2.md,no
TK2-pair-postcommit-retry-reference,Competing clients and uncertain outcomes,31,2,"2,3,4",interface-engineer,interface-engineer,independent-verifier,,Successful retry displays the actual successful original reference.,4b92041057beb669d2e6c528e8268f4d0d1e6421,browser request fault plus authoritative HTTP state,lost-pair,python3 evidence/independent-verifier/stage-2/browser.py --case lost-pair --candidate FULL_REVISION --out NEW_DIRECTORY,UNVERIFIED,unverified,stage-2.md,no
TK2-pair-postcommit-clear-uncertainty,Competing clients and uncertain outcomes,31,2,"2,3,4",interface-engineer,interface-engineer,independent-verifier,,Successful retry removes the uncertainty element.,4b92041057beb669d2e6c528e8268f4d0d1e6421,browser request fault plus authoritative HTTP state,lost-pair,python3 evidence/independent-verifier/stage-2/browser.py --case lost-pair --candidate FULL_REVISION --out NEW_DIRECTORY,UNVERIFIED,unverified,stage-2.md,no
TK2-pair-postcommit-clear-error,Competing clients and uncertain outcomes,31,2,"2,3,4",interface-engineer,interface-engineer,independent-verifier,,Successful retry has no booking-error element.,4b92041057beb669d2e6c528e8268f4d0d1e6421,browser request fault plus authoritative HTTP state,lost-pair,python3 evidence/independent-verifier/stage-2/browser.py --case lost-pair --candidate FULL_REVISION --out NEW_DIRECTORY,UNVERIFIED,unverified,stage-2.md,no
TK2-pair-postcommit-one-record,Competing clients and uncertain outcomes,31,2,"2,3,4",interface-engineer,interface-engineer,independent-verifier,,A lost-response retry creates exactly one confirmed reservation.,4b92041057beb669d2e6c528e8268f4d0d1e6421,browser request fault plus authoritative HTTP state,lost-pair,python3 evidence/independent-verifier/stage-2/browser.py --case lost-pair --candidate FULL_REVISION --out NEW_DIRECTORY,UNVERIFIED,unverified,stage-2.md,no
TK2-pair-form-summary,Booking form / confirmation,95,2,"2,3,4",interface-engineer,interface-engineer,independent-verifier,,Booking summary contains every selected human table label and local start.,4b92041057beb669d2e6c528e8268f4d0d1e6421,browser DOM/request identity plus HTTP state,booking-pair,python3 evidence/independent-verifier/stage-2/browser.py --case booking-pair --candidate FULL_REVISION --out NEW_DIRECTORY,UNVERIFIED,unverified,stage-2.md,no
TK2-pair-form-party,Booking form / confirmation,95,2,"2,3,4",interface-engineer,interface-engineer,independent-verifier,,Booking party input is prefilled from the searched party size.,4b92041057beb669d2e6c528e8268f4d0d1e6421,browser DOM/request identity plus HTTP state,booking-pair,python3 evidence/independent-verifier/stage-2/browser.py --case booking-pair --candidate FULL_REVISION --out NEW_DIRECTORY,UNVERIFIED,unverified,stage-2.md,no
TK2-pair-form-retained,Booking form / confirmation,95,2,"2,3,4",interface-engineer,interface-engineer,independent-verifier,,The booking form remains visible after successful submission.,4b92041057beb669d2e6c528e8268f4d0d1e6421,browser DOM/request identity plus HTTP state,booking-pair,python3 evidence/independent-verifier/stage-2/browser.py --case booking-pair --candidate FULL_REVISION --out NEW_DIRECTORY,UNVERIFIED,unverified,stage-2.md,no
TK2-pair-repeat-reference,Booking form / confirmation,95,2,"2,3,4",interface-engineer,interface-engineer,independent-verifier,,Unchanged resubmission returns the same confirmation reference.,4b92041057beb669d2e6c528e8268f4d0d1e6421,browser DOM/request identity plus HTTP state,booking-pair,python3 evidence/independent-verifier/stage-2/browser.py --case booking-pair --candidate FULL_REVISION --out NEW_DIRECTORY,UNVERIFIED,unverified,stage-2.md,no
TK2-pair-repeat-no-error,Booking form / confirmation,95,2,"2,3,4",interface-engineer,interface-engineer,independent-verifier,,Unchanged successful resubmission has no booking-error.,4b92041057beb669d2e6c528e8268f4d0d1e6421,browser DOM/request identity plus HTTP state,booking-pair,python3 evidence/independent-verifier/stage-2/browser.py --case booking-pair --candidate FULL_REVISION --out NEW_DIRECTORY,UNVERIFIED,unverified,stage-2.md,no
TK2-pair-repeat-one-record,Booking form / confirmation,95,2,"2,3,4",interface-engineer,interface-engineer,independent-verifier,,Unchanged successful resubmission does not create a duplicate.,4b92041057beb669d2e6c528e8268f4d0d1e6421,browser DOM/request identity plus HTTP state,booking-pair,python3 evidence/independent-verifier/stage-2/browser.py --case booking-pair --candidate FULL_REVISION --out NEW_DIRECTORY,UNVERIFIED,unverified,stage-2.md,no
TK2-pair-edited-request,Booking form / confirmation,95,2,"2,3,4",interface-engineer,interface-engineer,independent-verifier,,A real field-value change produces a new request identity.,4b92041057beb669d2e6c528e8268f4d0d1e6421,browser DOM/request identity plus HTTP state,booking-pair,python3 evidence/independent-verifier/stage-2/browser.py --case booking-pair --candidate FULL_REVISION --out NEW_DIRECTORY,UNVERIFIED,unverified,stage-2.md,no
TK2-pair-same-value-request,Booking form / confirmation,95,2,"2,3,4",interface-engineer,interface-engineer,independent-verifier,,An unchanged value retains the retry identity despite an input event.,4b92041057beb669d2e6c528e8268f4d0d1e6421,browser DOM/request identity plus HTTP state,booking-pair,python3 evidence/independent-verifier/stage-2/browser.py --case booking-pair --candidate FULL_REVISION --out NEW_DIRECTORY,UNVERIFIED,unverified,stage-2.md,no
TK2-pair-confirmation,Booking form / confirmation,95,2,"2,3,4",interface-engineer,interface-engineer,independent-verifier,,A successful server response displays the confirmation container.,4b92041057beb669d2e6c528e8268f4d0d1e6421,browser DOM/request identity plus HTTP state,booking-pair,python3 evidence/independent-verifier/stage-2/browser.py --case booking-pair --candidate FULL_REVISION --out NEW_DIRECTORY,UNVERIFIED,unverified,stage-2.md,no
TK2-pair-reference-exact,Booking form / confirmation,95,2,"2,3,4",interface-engineer,interface-engineer,independent-verifier,,confirmation-reference text is exactly the actual reference.,4b92041057beb669d2e6c528e8268f4d0d1e6421,browser DOM/request identity plus HTTP state,booking-pair,python3 evidence/independent-verifier/stage-2/browser.py --case booking-pair --candidate FULL_REVISION --out NEW_DIRECTORY,UNVERIFIED,unverified,stage-2.md,no
TK2-pair-confirmation-details,Booking form / confirmation,95,2,"2,3,4",interface-engineer,interface-engineer,independent-verifier,,"Confirmation details contain restaurant, human table labels and local start.",4b92041057beb669d2e6c528e8268f4d0d1e6421,browser DOM/request identity plus HTTP state,booking-pair,python3 evidence/independent-verifier/stage-2/browser.py --case booking-pair --candidate FULL_REVISION --out NEW_DIRECTORY,UNVERIFIED,unverified,stage-2.md,no
TK2-testid-signup-email,UI data-testid contract,65,2,"2,3,4",interface-engineer,interface-engineer,independent-verifier,,The specified signup-email element exposes its exact data-testid.,4b92041057beb669d2e6c528e8268f4d0d1e6421,browser DOM,contract,python3 evidence/independent-verifier/stage-2/browser.py --case contract --candidate FULL_REVISION --out NEW_DIRECTORY,UNVERIFIED,unverified,stage-2.md,no
TK2-testid-signup-password,UI data-testid contract,65,2,"2,3,4",interface-engineer,interface-engineer,independent-verifier,,The specified signup-password element exposes its exact data-testid.,4b92041057beb669d2e6c528e8268f4d0d1e6421,browser DOM,contract,python3 evidence/independent-verifier/stage-2/browser.py --case contract --candidate FULL_REVISION --out NEW_DIRECTORY,UNVERIFIED,unverified,stage-2.md,no
TK2-testid-signup-display-name,UI data-testid contract,65,2,"2,3,4",interface-engineer,interface-engineer,independent-verifier,,The specified signup-display-name element exposes its exact data-testid.,4b92041057beb669d2e6c528e8268f4d0d1e6421,browser DOM,contract,python3 evidence/independent-verifier/stage-2/browser.py --case contract --candidate FULL_REVISION --out NEW_DIRECTORY,UNVERIFIED,unverified,stage-2.md,no
TK2-testid-signup-submit,UI data-testid contract,65,2,"2,3,4",interface-engineer,interface-engineer,independent-verifier,,The specified signup-submit element exposes its exact data-testid.,4b92041057beb669d2e6c528e8268f4d0d1e6421,browser DOM,contract,python3 evidence/independent-verifier/stage-2/browser.py --case contract --candidate FULL_REVISION --out NEW_DIRECTORY,UNVERIFIED,unverified,stage-2.md,no
TK2-testid-login-email,UI data-testid contract,65,2,"2,3,4",interface-engineer,interface-engineer,independent-verifier,,The specified login-email element exposes its exact data-testid.,4b92041057beb669d2e6c528e8268f4d0d1e6421,browser DOM,contract,python3 evidence/independent-verifier/stage-2/browser.py --case contract --candidate FULL_REVISION --out NEW_DIRECTORY,UNVERIFIED,unverified,stage-2.md,no
TK2-testid-login-password,UI data-testid contract,65,2,"2,3,4",interface-engineer,interface-engineer,independent-verifier,,The specified login-password element exposes its exact data-testid.,4b92041057beb669d2e6c528e8268f4d0d1e6421,browser DOM,contract,python3 evidence/independent-verifier/stage-2/browser.py --case contract --candidate FULL_REVISION --out NEW_DIRECTORY,UNVERIFIED,unverified,stage-2.md,no
TK2-testid-login-submit,UI data-testid contract,65,2,"2,3,4",interface-engineer,interface-engineer,independent-verifier,,The specified login-submit element exposes its exact data-testid.,4b92041057beb669d2e6c528e8268f4d0d1e6421,browser DOM,contract,python3 evidence/independent-verifier/stage-2/browser.py --case contract --candidate FULL_REVISION --out NEW_DIRECTORY,UNVERIFIED,unverified,stage-2.md,no
TK2-testid-logout-button,UI data-testid contract,65,2,"2,3,4",interface-engineer,interface-engineer,independent-verifier,,The specified logout-button element exposes its exact data-testid.,4b92041057beb669d2e6c528e8268f4d0d1e6421,browser DOM,contract,python3 evidence/independent-verifier/stage-2/browser.py --case contract --candidate FULL_REVISION --out NEW_DIRECTORY,UNVERIFIED,unverified,stage-2.md,no
TK2-testid-restaurant-select,UI data-testid contract,65,2,"2,3,4",interface-engineer,interface-engineer,independent-verifier,,The specified restaurant-select element exposes its exact data-testid.,4b92041057beb669d2e6c528e8268f4d0d1e6421,browser DOM,contract,python3 evidence/independent-verifier/stage-2/browser.py --case contract --candidate FULL_REVISION --out NEW_DIRECTORY,UNVERIFIED,unverified,stage-2.md,no
TK2-testid-date-input,UI data-testid contract,65,2,"2,3,4",interface-engineer,interface-engineer,independent-verifier,,The specified date-input element exposes its exact data-testid.,4b92041057beb669d2e6c528e8268f4d0d1e6421,browser DOM,contract,python3 evidence/independent-verifier/stage-2/browser.py --case contract --candidate FULL_REVISION --out NEW_DIRECTORY,UNVERIFIED,unverified,stage-2.md,no
TK2-testid-party-size-input,UI data-testid contract,65,2,"2,3,4",interface-engineer,interface-engineer,independent-verifier,,The specified party-size-input element exposes its exact data-testid.,4b92041057beb669d2e6c528e8268f4d0d1e6421,browser DOM,contract,python3 evidence/independent-verifier/stage-2/browser.py --case contract --candidate FULL_REVISION --out NEW_DIRECTORY,UNVERIFIED,unverified,stage-2.md,no
TK2-testid-search-button,UI data-testid contract,65,2,"2,3,4",interface-engineer,interface-engineer,independent-verifier,,The specified search-button element exposes its exact data-testid.,4b92041057beb669d2e6c528e8268f4d0d1e6421,browser DOM,contract,python3 evidence/independent-verifier/stage-2/browser.py --case contract --candidate FULL_REVISION --out NEW_DIRECTORY,UNVERIFIED,unverified,stage-2.md,no
TK2-testid-availability-grid,UI data-testid contract,65,2,"2,3,4",interface-engineer,interface-engineer,independent-verifier,,The specified availability-grid element exposes its exact data-testid.,4b92041057beb669d2e6c528e8268f4d0d1e6421,browser DOM,contract,python3 evidence/independent-verifier/stage-2/browser.py --case contract --candidate FULL_REVISION --out NEW_DIRECTORY,UNVERIFIED,unverified,stage-2.md,no
TK2-testid-booking-form,UI data-testid contract,65,2,"2,3,4",interface-engineer,interface-engineer,independent-verifier,,The specified booking-form element exposes its exact data-testid.,4b92041057beb669d2e6c528e8268f4d0d1e6421,browser DOM,contract,python3 evidence/independent-verifier/stage-2/browser.py --case contract --candidate FULL_REVISION --out NEW_DIRECTORY,UNVERIFIED,unverified,stage-2.md,no
TK2-testid-booking-summary,UI data-testid contract,65,2,"2,3,4",interface-engineer,interface-engineer,independent-verifier,,The specified booking-summary element exposes its exact data-testid.,4b92041057beb669d2e6c528e8268f4d0d1e6421,browser DOM,contract,python3 evidence/independent-verifier/stage-2/browser.py --case contract --candidate FULL_REVISION --out NEW_DIRECTORY,UNVERIFIED,unverified,stage-2.md,no
TK2-testid-booking-party-size,UI data-testid contract,65,2,"2,3,4",interface-engineer,interface-engineer,independent-verifier,,The specified booking-party-size element exposes its exact data-testid.,4b92041057beb669d2e6c528e8268f4d0d1e6421,browser DOM,contract,python3 evidence/independent-verifier/stage-2/browser.py --case contract --candidate FULL_REVISION --out NEW_DIRECTORY,UNVERIFIED,unverified,stage-2.md,no
TK2-testid-booking-submit,UI data-testid contract,65,2,"2,3,4",interface-engineer,interface-engineer,independent-verifier,,The specified booking-submit element exposes its exact data-testid.,4b92041057beb669d2e6c528e8268f4d0d1e6421,browser DOM,contract,python3 evidence/independent-verifier/stage-2/browser.py --case contract --candidate FULL_REVISION --out NEW_DIRECTORY,UNVERIFIED,unverified,stage-2.md,no
TK2-testid-confirmation,UI data-testid contract,65,2,"2,3,4",interface-engineer,interface-engineer,independent-verifier,,The specified confirmation element exposes its exact data-testid.,4b92041057beb669d2e6c528e8268f4d0d1e6421,browser DOM,contract,python3 evidence/independent-verifier/stage-2/browser.py --case contract --candidate FULL_REVISION --out NEW_DIRECTORY,UNVERIFIED,unverified,stage-2.md,no
TK2-testid-confirmation-reference,UI data-testid contract,65,2,"2,3,4",interface-engineer,interface-engineer,independent-verifier,,The specified confirmation-reference element exposes its exact data-testid.,4b92041057beb669d2e6c528e8268f4d0d1e6421,browser DOM,contract,python3 evidence/independent-verifier/stage-2/browser.py --case contract --candidate FULL_REVISION --out NEW_DIRECTORY,UNVERIFIED,unverified,stage-2.md,no
TK2-testid-confirmation-details,UI data-testid contract,65,2,"2,3,4",interface-engineer,interface-engineer,independent-verifier,,The specified confirmation-details element exposes its exact data-testid.,4b92041057beb669d2e6c528e8268f4d0d1e6421,browser DOM,contract,python3 evidence/independent-verifier/stage-2/browser.py --case contract --candidate FULL_REVISION --out NEW_DIRECTORY,UNVERIFIED,unverified,stage-2.md,no
TK2-testid-lookup-reference-input,UI data-testid contract,65,2,"2,3,4",interface-engineer,interface-engineer,independent-verifier,,The specified lookup-reference-input element exposes its exact data-testid.,4b92041057beb669d2e6c528e8268f4d0d1e6421,browser DOM,contract,python3 evidence/independent-verifier/stage-2/browser.py --case contract --candidate FULL_REVISION --out NEW_DIRECTORY,UNVERIFIED,unverified,stage-2.md,no
TK2-testid-lookup-submit,UI data-testid contract,65,2,"2,3,4",interface-engineer,interface-engineer,independent-verifier,,The specified lookup-submit element exposes its exact data-testid.,4b92041057beb669d2e6c528e8268f4d0d1e6421,browser DOM,contract,python3 evidence/independent-verifier/stage-2/browser.py --case contract --candidate FULL_REVISION --out NEW_DIRECTORY,UNVERIFIED,unverified,stage-2.md,no
TK2-testid-reservation-detail,UI data-testid contract,65,2,"2,3,4",interface-engineer,interface-engineer,independent-verifier,,The specified reservation-detail element exposes its exact data-testid.,4b92041057beb669d2e6c528e8268f4d0d1e6421,browser DOM,contract,python3 evidence/independent-verifier/stage-2/browser.py --case contract --candidate FULL_REVISION --out NEW_DIRECTORY,UNVERIFIED,unverified,stage-2.md,no
TK2-testid-reservation-status,UI data-testid contract,65,2,"2,3,4",interface-engineer,interface-engineer,independent-verifier,,The specified reservation-status element exposes its exact data-testid.,4b92041057beb669d2e6c528e8268f4d0d1e6421,browser DOM,contract,python3 evidence/independent-verifier/stage-2/browser.py --case contract --candidate FULL_REVISION --out NEW_DIRECTORY,UNVERIFIED,unverified,stage-2.md,no
TK2-signup-flow,Signup and login,65,2,"2,3,4",interface-engineer,interface-engineer,independent-verifier,,Signup through the actual UI creates an account and displays signed-in identity.,4b92041057beb669d2e6c528e8268f4d0d1e6421,browser with actual authentication API,auth,python3 evidence/independent-verifier/stage-2/browser.py --case auth --candidate FULL_REVISION --out NEW_DIRECTORY,UNVERIFIED,unverified,stage-2.md,no
TK2-login-flow,Signup and login,65,2,"2,3,4",interface-engineer,interface-engineer,independent-verifier,,Login through the actual UI authenticates the account and displays identity.,4b92041057beb669d2e6c528e8268f4d0d1e6421,browser with actual authentication API,auth,python3 evidence/independent-verifier/stage-2/browser.py --case auth --candidate FULL_REVISION --out NEW_DIRECTORY,UNVERIFIED,unverified,stage-2.md,no
TK2-auth-error-present,Signup and login,65,2,"2,3,4",interface-engineer,interface-engineer,independent-verifier,,A confirmed authentication refusal displays auth-error.,4b92041057beb669d2e6c528e8268f4d0d1e6421,browser with actual authentication API,auth,python3 evidence/independent-verifier/stage-2/browser.py --case auth --candidate FULL_REVISION --out NEW_DIRECTORY,UNVERIFIED,unverified,stage-2.md,no
TK2-auth-error-absent,Signup and login,65,2,"2,3,4",interface-engineer,interface-engineer,independent-verifier,,auth-error is absent when there is no authentication error.,4b92041057beb669d2e6c528e8268f4d0d1e6421,browser with actual authentication API,auth,python3 evidence/independent-verifier/stage-2/browser.py --case auth --candidate FULL_REVISION --out NEW_DIRECTORY,UNVERIFIED,unverified,stage-2.md,no
TK2-logout-state,Signup and login,65,2,"2,3,4",interface-engineer,interface-engineer,independent-verifier,,Logout returns the browser to signed-out identity and booking requires authentication again.,4b92041057beb669d2e6c528e8268f4d0d1e6421,browser with actual authentication API,auth,python3 evidence/independent-verifier/stage-2/browser.py --case auth --candidate FULL_REVISION --out NEW_DIRECTORY,UNVERIFIED,unverified,stage-2.md,no
TK2-restaurant-values,Search and availability,80,2,"2,3,4",interface-engineer,interface-engineer,independent-verifier,,Restaurant select option values are the actual restaurant IDs.,4b92041057beb669d2e6c528e8268f4d0d1e6421,browser versus independently fetched API,grid,python3 evidence/independent-verifier/stage-2/browser.py --case grid --candidate FULL_REVISION --out NEW_DIRECTORY,UNVERIFIED,unverified,stage-2.md,no
TK2-date-value,Search and availability,80,2,"2,3,4",interface-engineer,interface-engineer,independent-verifier,,The date input value is a bare YYYY-MM-DD calendar date.,4b92041057beb669d2e6c528e8268f4d0d1e6421,browser versus independently fetched API,grid,python3 evidence/independent-verifier/stage-2/browser.py --case grid --candidate FULL_REVISION --out NEW_DIRECTORY,UNVERIFIED,unverified,stage-2.md,no
TK2-party-input,Search and availability,80,2,"2,3,4",interface-engineer,interface-engineer,independent-verifier,,Search party size uses a number input.,4b92041057beb669d2e6c528e8268f4d0d1e6421,browser versus independently fetched API,grid,python3 evidence/independent-verifier/stage-2/browser.py --case grid --candidate FULL_REVISION --out NEW_DIRECTORY,UNVERIFIED,unverified,stage-2.md,no
TK2-search-runs,Search and availability,80,2,"2,3,4",interface-engineer,interface-engineer,independent-verifier,,Search triggers availability for the actual selected restaurant/date/party.,4b92041057beb669d2e6c528e8268f4d0d1e6421,browser versus independently fetched API,grid,python3 evidence/independent-verifier/stage-2/browser.py --case grid --candidate FULL_REVISION --out NEW_DIRECTORY,UNVERIFIED,unverified,stage-2.md,no
TK2-single-cells,Search and availability,80,2,"2,3,4",interface-engineer,interface-engineer,independent-verifier,,The grid has one correctly named cell per table per slot.,4b92041057beb669d2e6c528e8268f4d0d1e6421,browser versus independently fetched API,grid,python3 evidence/independent-verifier/stage-2/browser.py --case grid --candidate FULL_REVISION --out NEW_DIRECTORY,UNVERIFIED,unverified,stage-2.md,no
TK2-cell-true,Search and availability,80,2,"2,3,4",interface-engineer,interface-engineer,independent-verifier,,A single cell has data-available=true exactly when its table is in available_table_ids.,4b92041057beb669d2e6c528e8268f4d0d1e6421,browser versus independently fetched API,grid,python3 evidence/independent-verifier/stage-2/browser.py --case grid --candidate FULL_REVISION --out NEW_DIRECTORY,UNVERIFIED,unverified,stage-2.md,no
TK2-cell-false,Search and availability,80,2,"2,3,4",interface-engineer,interface-engineer,independent-verifier,,A single cell outside available_table_ids has data-available=false.,4b92041057beb669d2e6c528e8268f4d0d1e6421,browser versus independently fetched API,grid,python3 evidence/independent-verifier/stage-2/browser.py --case grid --candidate FULL_REVISION --out NEW_DIRECTORY,UNVERIFIED,unverified,stage-2.md,no
TK2-available-click,Search and availability,80,2,"2,3,4",interface-engineer,interface-engineer,independent-verifier,,An available single cell opens the matching booking form.,4b92041057beb669d2e6c528e8268f4d0d1e6421,browser versus independently fetched API,grid,python3 evidence/independent-verifier/stage-2/browser.py --case grid --candidate FULL_REVISION --out NEW_DIRECTORY,UNVERIFIED,unverified,stage-2.md,no
TK2-unavailable-click,Search and availability,80,2,"2,3,4",interface-engineer,interface-engineer,independent-verifier,,Clicking an unavailable cell does nothing.,4b92041057beb669d2e6c528e8268f4d0d1e6421,browser versus independently fetched API,grid,python3 evidence/independent-verifier/stage-2/browser.py --case grid --candidate FULL_REVISION --out NEW_DIRECTORY,UNVERIFIED,unverified,stage-2.md,no
TK2-signed-out-click,Search and availability,80,2,"2,3,4",interface-engineer,interface-engineer,independent-verifier,,Signed-out available-cell selection shows auth-error or navigates to login.,4b92041057beb669d2e6c528e8268f4d0d1e6421,browser versus independently fetched API,grid,python3 evidence/independent-verifier/stage-2/browser.py --case grid --candidate FULL_REVISION --out NEW_DIRECTORY,UNVERIFIED,unverified,stage-2.md,no
TK2-no-slots,Search and availability,80,2,"2,3,4",interface-engineer,interface-engineer,independent-verifier,,A day without slots shows no-slots instead of the availability grid.,4b92041057beb669d2e6c528e8268f4d0d1e6421,browser versus independently fetched API,grid,python3 evidence/independent-verifier/stage-2/browser.py --case grid --candidate FULL_REVISION --out NEW_DIRECTORY,UNVERIFIED,unverified,stage-2.md,no
TK2-lookup-found,Lookup,119,2,"2,3,4",interface-engineer,interface-engineer,independent-verifier,,An owned reference displays reservation-detail.,4b92041057beb669d2e6c528e8268f4d0d1e6421,browser and authoritative HTTP state,lookup,python3 evidence/independent-verifier/stage-2/browser.py --case lookup --candidate FULL_REVISION --out NEW_DIRECTORY,UNVERIFIED,unverified,stage-2.md,no
TK2-lookup-confirmed-exact,Lookup,119,2,"2,3,4",interface-engineer,interface-engineer,independent-verifier,,An active reservation's status text is exactly confirmed.,4b92041057beb669d2e6c528e8268f4d0d1e6421,browser and authoritative HTTP state,lookup,python3 evidence/independent-verifier/stage-2/browser.py --case lookup --candidate FULL_REVISION --out NEW_DIRECTORY,UNVERIFIED,unverified,stage-2.md,no
TK2-lookup-cancelled-exact,Lookup,119,2,"2,3,4",interface-engineer,interface-engineer,independent-verifier,,A cancelled reservation's status text is exactly cancelled.,4b92041057beb669d2e6c528e8268f4d0d1e6421,browser and authoritative HTTP state,lookup,python3 evidence/independent-verifier/stage-2/browser.py --case lookup --candidate FULL_REVISION --out NEW_DIRECTORY,UNVERIFIED,unverified,stage-2.md,no
TK2-lookup-cancel-button,Lookup,119,2,"2,3,4",interface-engineer,interface-engineer,independent-verifier,,An active booking exposes reservation-cancel-button.,4b92041057beb669d2e6c528e8268f4d0d1e6421,browser and authoritative HTTP state,lookup,python3 evidence/independent-verifier/stage-2/browser.py --case lookup --candidate FULL_REVISION --out NEW_DIRECTORY,UNVERIFIED,unverified,stage-2.md,no
TK2-lookup-cancel,Lookup,119,2,"2,3,4",interface-engineer,interface-engineer,independent-verifier,,The actual lookup cancellation releases occupancy and displays cancellation.,4b92041057beb669d2e6c528e8268f4d0d1e6421,browser and authoritative HTTP state,lookup,python3 evidence/independent-verifier/stage-2/browser.py --case lookup --candidate FULL_REVISION --out NEW_DIRECTORY,UNVERIFIED,unverified,stage-2.md,no
TK2-lookup-cancel-absent,Lookup,119,2,"2,3,4",interface-engineer,interface-engineer,independent-verifier,,The cancellation button is absent once the booking is cancelled.,4b92041057beb669d2e6c528e8268f4d0d1e6421,browser and authoritative HTTP state,lookup,python3 evidence/independent-verifier/stage-2/browser.py --case lookup --candidate FULL_REVISION --out NEW_DIRECTORY,UNVERIFIED,unverified,stage-2.md,no
TK2-lookup-not-found,Lookup,119,2,"2,3,4",interface-engineer,interface-engineer,independent-verifier,,Unknown/other-owner lookup displays reservation-error without leaking details.,4b92041057beb669d2e6c528e8268f4d0d1e6421,browser and authoritative HTTP state,lookup,python3 evidence/independent-verifier/stage-2/browser.py --case lookup --candidate FULL_REVISION --out NEW_DIRECTORY,UNVERIFIED,unverified,stage-2.md,no
TK2-lookup-cutoff,Lookup,119,2,"2,3,4",interface-engineer,interface-engineer,independent-verifier,,A confirmed cutoff refusal displays reservation-error and retains current reservation truth.,4b92041057beb669d2e6c528e8268f4d0d1e6421,browser and authoritative HTTP state,lookup,python3 evidence/independent-verifier/stage-2/browser.py --case lookup --candidate FULL_REVISION --out NEW_DIRECTORY,UNVERIFIED,unverified,stage-2.md,no
TK2-visual-375-search-usable,Product and visual direction,45,2,"2,3,4",interface-engineer,interface-engineer,independent-verifier,,The required search flow is clear and usable at 375 CSS pixels.,4b92041057beb669d2e6c528e8268f4d0d1e6421,browser screenshot/keyboard/computed-style review,visual,python3 evidence/independent-verifier/stage-2/browser.py --case visual --candidate FULL_REVISION --out NEW_DIRECTORY,UNVERIFIED,unverified,stage-2.md,no
TK2-visual-375-search-no-scroll,Product and visual direction,45,2,"2,3,4",interface-engineer,interface-engineer,independent-verifier,,The search page has no horizontal page scrolling at 375 CSS pixels.,4b92041057beb669d2e6c528e8268f4d0d1e6421,browser screenshot/keyboard/computed-style review,visual,python3 evidence/independent-verifier/stage-2/browser.py --case visual --candidate FULL_REVISION --out NEW_DIRECTORY,UNVERIFIED,unverified,stage-2.md,no
TK2-visual-375-search-labels,Product and visual direction,45,2,"2,3,4",interface-engineer,interface-engineer,independent-verifier,,search inputs have visible labels at 375 CSS pixels.,4b92041057beb669d2e6c528e8268f4d0d1e6421,browser screenshot/keyboard/computed-style review,visual,python3 evidence/independent-verifier/stage-2/browser.py --case visual --candidate FULL_REVISION --out NEW_DIRECTORY,UNVERIFIED,unverified,stage-2.md,no
TK2-visual-375-search-focus,Product and visual direction,45,2,"2,3,4",interface-engineer,interface-engineer,independent-verifier,,Keyboard focus is apparent in the search flow at 375 CSS pixels.,4b92041057beb669d2e6c528e8268f4d0d1e6421,browser screenshot/keyboard/computed-style review,visual,python3 evidence/independent-verifier/stage-2/browser.py --case visual --candidate FULL_REVISION --out NEW_DIRECTORY,UNVERIFIED,unverified,stage-2.md,no
TK2-visual-375-search-contrast,Product and visual direction,45,2,"2,3,4",interface-engineer,interface-engineer,independent-verifier,,search text and controls have sufficient contrast at 375 CSS pixels.,4b92041057beb669d2e6c528e8268f4d0d1e6421,browser screenshot/keyboard/computed-style review,visual,python3 evidence/independent-verifier/stage-2/browser.py --case visual --candidate FULL_REVISION --out NEW_DIRECTORY,UNVERIFIED,unverified,stage-2.md,no
TK2-visual-375-signup-usable,Product and visual direction,45,2,"2,3,4",interface-engineer,interface-engineer,independent-verifier,,The required signup flow is clear and usable at 375 CSS pixels.,4b92041057beb669d2e6c528e8268f4d0d1e6421,browser screenshot/keyboard/computed-style review,visual,python3 evidence/independent-verifier/stage-2/browser.py --case visual --candidate FULL_REVISION --out NEW_DIRECTORY,UNVERIFIED,unverified,stage-2.md,no
TK2-visual-375-signup-no-scroll,Product and visual direction,45,2,"2,3,4",interface-engineer,interface-engineer,independent-verifier,,The signup page has no horizontal page scrolling at 375 CSS pixels.,4b92041057beb669d2e6c528e8268f4d0d1e6421,browser screenshot/keyboard/computed-style review,visual,python3 evidence/independent-verifier/stage-2/browser.py --case visual --candidate FULL_REVISION --out NEW_DIRECTORY,UNVERIFIED,unverified,stage-2.md,no
TK2-visual-375-signup-labels,Product and visual direction,45,2,"2,3,4",interface-engineer,interface-engineer,independent-verifier,,signup inputs have visible labels at 375 CSS pixels.,4b92041057beb669d2e6c528e8268f4d0d1e6421,browser screenshot/keyboard/computed-style review,visual,python3 evidence/independent-verifier/stage-2/browser.py --case visual --candidate FULL_REVISION --out NEW_DIRECTORY,UNVERIFIED,unverified,stage-2.md,no
TK2-visual-375-signup-focus,Product and visual direction,45,2,"2,3,4",interface-engineer,interface-engineer,independent-verifier,,Keyboard focus is apparent in the signup flow at 375 CSS pixels.,4b92041057beb669d2e6c528e8268f4d0d1e6421,browser screenshot/keyboard/computed-style review,visual,python3 evidence/independent-verifier/stage-2/browser.py --case visual --candidate FULL_REVISION --out NEW_DIRECTORY,UNVERIFIED,unverified,stage-2.md,no
TK2-visual-375-signup-contrast,Product and visual direction,45,2,"2,3,4",interface-engineer,interface-engineer,independent-verifier,,signup text and controls have sufficient contrast at 375 CSS pixels.,4b92041057beb669d2e6c528e8268f4d0d1e6421,browser screenshot/keyboard/computed-style review,visual,python3 evidence/independent-verifier/stage-2/browser.py --case visual --candidate FULL_REVISION --out NEW_DIRECTORY,UNVERIFIED,unverified,stage-2.md,no
TK2-visual-375-login-usable,Product and visual direction,45,2,"2,3,4",interface-engineer,interface-engineer,independent-verifier,,The required login flow is clear and usable at 375 CSS pixels.,4b92041057beb669d2e6c528e8268f4d0d1e6421,browser screenshot/keyboard/computed-style review,visual,python3 evidence/independent-verifier/stage-2/browser.py --case visual --candidate FULL_REVISION --out NEW_DIRECTORY,UNVERIFIED,unverified,stage-2.md,no
TK2-visual-375-login-no-scroll,Product and visual direction,45,2,"2,3,4",interface-engineer,interface-engineer,independent-verifier,,The login page has no horizontal page scrolling at 375 CSS pixels.,4b92041057beb669d2e6c528e8268f4d0d1e6421,browser screenshot/keyboard/computed-style review,visual,python3 evidence/independent-verifier/stage-2/browser.py --case visual --candidate FULL_REVISION --out NEW_DIRECTORY,UNVERIFIED,unverified,stage-2.md,no
TK2-visual-375-login-labels,Product and visual direction,45,2,"2,3,4",interface-engineer,interface-engineer,independent-verifier,,login inputs have visible labels at 375 CSS pixels.,4b92041057beb669d2e6c528e8268f4d0d1e6421,browser screenshot/keyboard/computed-style review,visual,python3 evidence/independent-verifier/stage-2/browser.py --case visual --candidate FULL_REVISION --out NEW_DIRECTORY,UNVERIFIED,unverified,stage-2.md,no
TK2-visual-375-login-focus,Product and visual direction,45,2,"2,3,4",interface-engineer,interface-engineer,independent-verifier,,Keyboard focus is apparent in the login flow at 375 CSS pixels.,4b92041057beb669d2e6c528e8268f4d0d1e6421,browser screenshot/keyboard/computed-style review,visual,python3 evidence/independent-verifier/stage-2/browser.py --case visual --candidate FULL_REVISION --out NEW_DIRECTORY,UNVERIFIED,unverified,stage-2.md,no
TK2-visual-375-login-contrast,Product and visual direction,45,2,"2,3,4",interface-engineer,interface-engineer,independent-verifier,,login text and controls have sufficient contrast at 375 CSS pixels.,4b92041057beb669d2e6c528e8268f4d0d1e6421,browser screenshot/keyboard/computed-style review,visual,python3 evidence/independent-verifier/stage-2/browser.py --case visual --candidate FULL_REVISION --out NEW_DIRECTORY,UNVERIFIED,unverified,stage-2.md,no
TK2-visual-375-lookup-usable,Product and visual direction,45,2,"2,3,4",interface-engineer,interface-engineer,independent-verifier,,The required lookup flow is clear and usable at 375 CSS pixels.,4b92041057beb669d2e6c528e8268f4d0d1e6421,browser screenshot/keyboard/computed-style review,visual,python3 evidence/independent-verifier/stage-2/browser.py --case visual --candidate FULL_REVISION --out NEW_DIRECTORY,UNVERIFIED,unverified,stage-2.md,no
TK2-visual-375-lookup-no-scroll,Product and visual direction,45,2,"2,3,4",interface-engineer,interface-engineer,independent-verifier,,The lookup page has no horizontal page scrolling at 375 CSS pixels.,4b92041057beb669d2e6c528e8268f4d0d1e6421,browser screenshot/keyboard/computed-style review,visual,python3 evidence/independent-verifier/stage-2/browser.py --case visual --candidate FULL_REVISION --out NEW_DIRECTORY,UNVERIFIED,unverified,stage-2.md,no
TK2-visual-375-lookup-labels,Product and visual direction,45,2,"2,3,4",interface-engineer,interface-engineer,independent-verifier,,lookup inputs have visible labels at 375 CSS pixels.,4b92041057beb669d2e6c528e8268f4d0d1e6421,browser screenshot/keyboard/computed-style review,visual,python3 evidence/independent-verifier/stage-2/browser.py --case visual --candidate FULL_REVISION --out NEW_DIRECTORY,UNVERIFIED,unverified,stage-2.md,no
TK2-visual-375-lookup-focus,Product and visual direction,45,2,"2,3,4",interface-engineer,interface-engineer,independent-verifier,,Keyboard focus is apparent in the lookup flow at 375 CSS pixels.,4b92041057beb669d2e6c528e8268f4d0d1e6421,browser screenshot/keyboard/computed-style review,visual,python3 evidence/independent-verifier/stage-2/browser.py --case visual --candidate FULL_REVISION --out NEW_DIRECTORY,UNVERIFIED,unverified,stage-2.md,no
TK2-visual-375-lookup-contrast,Product and visual direction,45,2,"2,3,4",interface-engineer,interface-engineer,independent-verifier,,lookup text and controls have sufficient contrast at 375 CSS pixels.,4b92041057beb669d2e6c528e8268f4d0d1e6421,browser screenshot/keyboard/computed-style review,visual,python3 evidence/independent-verifier/stage-2/browser.py --case visual --candidate FULL_REVISION --out NEW_DIRECTORY,UNVERIFIED,unverified,stage-2.md,no
TK2-visual-1280-search-usable,Product and visual direction,45,2,"2,3,4",interface-engineer,interface-engineer,independent-verifier,,The required search flow is clear and usable at 1280 CSS pixels.,4b92041057beb669d2e6c528e8268f4d0d1e6421,browser screenshot/keyboard/computed-style review,visual,python3 evidence/independent-verifier/stage-2/browser.py --case visual --candidate FULL_REVISION --out NEW_DIRECTORY,UNVERIFIED,unverified,stage-2.md,no
TK2-visual-1280-search-no-scroll,Product and visual direction,45,2,"2,3,4",interface-engineer,interface-engineer,independent-verifier,,The search page has no horizontal page scrolling at 1280 CSS pixels.,4b92041057beb669d2e6c528e8268f4d0d1e6421,browser screenshot/keyboard/computed-style review,visual,python3 evidence/independent-verifier/stage-2/browser.py --case visual --candidate FULL_REVISION --out NEW_DIRECTORY,UNVERIFIED,unverified,stage-2.md,no
TK2-visual-1280-search-labels,Product and visual direction,45,2,"2,3,4",interface-engineer,interface-engineer,independent-verifier,,search inputs have visible labels at 1280 CSS pixels.,4b92041057beb669d2e6c528e8268f4d0d1e6421,browser screenshot/keyboard/computed-style review,visual,python3 evidence/independent-verifier/stage-2/browser.py --case visual --candidate FULL_REVISION --out NEW_DIRECTORY,UNVERIFIED,unverified,stage-2.md,no
TK2-visual-1280-search-focus,Product and visual direction,45,2,"2,3,4",interface-engineer,interface-engineer,independent-verifier,,Keyboard focus is apparent in the search flow at 1280 CSS pixels.,4b92041057beb669d2e6c528e8268f4d0d1e6421,browser screenshot/keyboard/computed-style review,visual,python3 evidence/independent-verifier/stage-2/browser.py --case visual --candidate FULL_REVISION --out NEW_DIRECTORY,UNVERIFIED,unverified,stage-2.md,no
TK2-visual-1280-search-contrast,Product and visual direction,45,2,"2,3,4",interface-engineer,interface-engineer,independent-verifier,,search text and controls have sufficient contrast at 1280 CSS pixels.,4b92041057beb669d2e6c528e8268f4d0d1e6421,browser screenshot/keyboard/computed-style review,visual,python3 evidence/independent-verifier/stage-2/browser.py --case visual --candidate FULL_REVISION --out NEW_DIRECTORY,UNVERIFIED,unverified,stage-2.md,no
TK2-visual-1280-signup-usable,Product and visual direction,45,2,"2,3,4",interface-engineer,interface-engineer,independent-verifier,,The required signup flow is clear and usable at 1280 CSS pixels.,4b92041057beb669d2e6c528e8268f4d0d1e6421,browser screenshot/keyboard/computed-style review,visual,python3 evidence/independent-verifier/stage-2/browser.py --case visual --candidate FULL_REVISION --out NEW_DIRECTORY,UNVERIFIED,unverified,stage-2.md,no
TK2-visual-1280-signup-no-scroll,Product and visual direction,45,2,"2,3,4",interface-engineer,interface-engineer,independent-verifier,,The signup page has no horizontal page scrolling at 1280 CSS pixels.,4b92041057beb669d2e6c528e8268f4d0d1e6421,browser screenshot/keyboard/computed-style review,visual,python3 evidence/independent-verifier/stage-2/browser.py --case visual --candidate FULL_REVISION --out NEW_DIRECTORY,UNVERIFIED,unverified,stage-2.md,no
TK2-visual-1280-signup-labels,Product and visual direction,45,2,"2,3,4",interface-engineer,interface-engineer,independent-verifier,,signup inputs have visible labels at 1280 CSS pixels.,4b92041057beb669d2e6c528e8268f4d0d1e6421,browser screenshot/keyboard/computed-style review,visual,python3 evidence/independent-verifier/stage-2/browser.py --case visual --candidate FULL_REVISION --out NEW_DIRECTORY,UNVERIFIED,unverified,stage-2.md,no
TK2-visual-1280-signup-focus,Product and visual direction,45,2,"2,3,4",interface-engineer,interface-engineer,independent-verifier,,Keyboard focus is apparent in the signup flow at 1280 CSS pixels.,4b92041057beb669d2e6c528e8268f4d0d1e6421,browser screenshot/keyboard/computed-style review,visual,python3 evidence/independent-verifier/stage-2/browser.py --case visual --candidate FULL_REVISION --out NEW_DIRECTORY,UNVERIFIED,unverified,stage-2.md,no
TK2-visual-1280-signup-contrast,Product and visual direction,45,2,"2,3,4",interface-engineer,interface-engineer,independent-verifier,,signup text and controls have sufficient contrast at 1280 CSS pixels.,4b92041057beb669d2e6c528e8268f4d0d1e6421,browser screenshot/keyboard/computed-style review,visual,python3 evidence/independent-verifier/stage-2/browser.py --case visual --candidate FULL_REVISION --out NEW_DIRECTORY,UNVERIFIED,unverified,stage-2.md,no
TK2-visual-1280-login-usable,Product and visual direction,45,2,"2,3,4",interface-engineer,interface-engineer,independent-verifier,,The required login flow is clear and usable at 1280 CSS pixels.,4b92041057beb669d2e6c528e8268f4d0d1e6421,browser screenshot/keyboard/computed-style review,visual,python3 evidence/independent-verifier/stage-2/browser.py --case visual --candidate FULL_REVISION --out NEW_DIRECTORY,UNVERIFIED,unverified,stage-2.md,no
TK2-visual-1280-login-no-scroll,Product and visual direction,45,2,"2,3,4",interface-engineer,interface-engineer,independent-verifier,,The login page has no horizontal page scrolling at 1280 CSS pixels.,4b92041057beb669d2e6c528e8268f4d0d1e6421,browser screenshot/keyboard/computed-style review,visual,python3 evidence/independent-verifier/stage-2/browser.py --case visual --candidate FULL_REVISION --out NEW_DIRECTORY,UNVERIFIED,unverified,stage-2.md,no
TK2-visual-1280-login-labels,Product and visual direction,45,2,"2,3,4",interface-engineer,interface-engineer,independent-verifier,,login inputs have visible labels at 1280 CSS pixels.,4b92041057beb669d2e6c528e8268f4d0d1e6421,browser screenshot/keyboard/computed-style review,visual,python3 evidence/independent-verifier/stage-2/browser.py --case visual --candidate FULL_REVISION --out NEW_DIRECTORY,UNVERIFIED,unverified,stage-2.md,no
TK2-visual-1280-login-focus,Product and visual direction,45,2,"2,3,4",interface-engineer,interface-engineer,independent-verifier,,Keyboard focus is apparent in the login flow at 1280 CSS pixels.,4b92041057beb669d2e6c528e8268f4d0d1e6421,browser screenshot/keyboard/computed-style review,visual,python3 evidence/independent-verifier/stage-2/browser.py --case visual --candidate FULL_REVISION --out NEW_DIRECTORY,UNVERIFIED,unverified,stage-2.md,no
TK2-visual-1280-login-contrast,Product and visual direction,45,2,"2,3,4",interface-engineer,interface-engineer,independent-verifier,,login text and controls have sufficient contrast at 1280 CSS pixels.,4b92041057beb669d2e6c528e8268f4d0d1e6421,browser screenshot/keyboard/computed-style review,visual,python3 evidence/independent-verifier/stage-2/browser.py --case visual --candidate FULL_REVISION --out NEW_DIRECTORY,UNVERIFIED,unverified,stage-2.md,no
TK2-visual-1280-lookup-usable,Product and visual direction,45,2,"2,3,4",interface-engineer,interface-engineer,independent-verifier,,The required lookup flow is clear and usable at 1280 CSS pixels.,4b92041057beb669d2e6c528e8268f4d0d1e6421,browser screenshot/keyboard/computed-style review,visual,python3 evidence/independent-verifier/stage-2/browser.py --case visual --candidate FULL_REVISION --out NEW_DIRECTORY,UNVERIFIED,unverified,stage-2.md,no
TK2-visual-1280-lookup-no-scroll,Product and visual direction,45,2,"2,3,4",interface-engineer,interface-engineer,independent-verifier,,The lookup page has no horizontal page scrolling at 1280 CSS pixels.,4b92041057beb669d2e6c528e8268f4d0d1e6421,browser screenshot/keyboard/computed-style review,visual,python3 evidence/independent-verifier/stage-2/browser.py --case visual --candidate FULL_REVISION --out NEW_DIRECTORY,UNVERIFIED,unverified,stage-2.md,no
TK2-visual-1280-lookup-labels,Product and visual direction,45,2,"2,3,4",interface-engineer,interface-engineer,independent-verifier,,lookup inputs have visible labels at 1280 CSS pixels.,4b92041057beb669d2e6c528e8268f4d0d1e6421,browser screenshot/keyboard/computed-style review,visual,python3 evidence/independent-verifier/stage-2/browser.py --case visual --candidate FULL_REVISION --out NEW_DIRECTORY,UNVERIFIED,unverified,stage-2.md,no
TK2-visual-1280-lookup-focus,Product and visual direction,45,2,"2,3,4",interface-engineer,interface-engineer,independent-verifier,,Keyboard focus is apparent in the lookup flow at 1280 CSS pixels.,4b92041057beb669d2e6c528e8268f4d0d1e6421,browser screenshot/keyboard/computed-style review,visual,python3 evidence/independent-verifier/stage-2/browser.py --case visual --candidate FULL_REVISION --out NEW_DIRECTORY,UNVERIFIED,unverified,stage-2.md,no
TK2-visual-1280-lookup-contrast,Product and visual direction,45,2,"2,3,4",interface-engineer,interface-engineer,independent-verifier,,lookup text and controls have sufficient contrast at 1280 CSS pixels.,4b92041057beb669d2e6c528e8268f4d0d1e6421,browser screenshot/keyboard/computed-style review,visual,python3 evidence/independent-verifier/stage-2/browser.py --case visual --candidate FULL_REVISION --out NEW_DIRECTORY,UNVERIFIED,unverified,stage-2.md,no
TK2-visual-state-available,Product and visual direction,53,2,"2,3,4",interface-engineer,interface-engineer,independent-verifier,,The actual available state has distinct considered visual feedback.,4b92041057beb669d2e6c528e8268f4d0d1e6421,browser screenshots and observed DOM states,visual,python3 evidence/independent-verifier/stage-2/browser.py --case visual --candidate FULL_REVISION --out NEW_DIRECTORY,UNVERIFIED,unverified,stage-2.md,no
TK2-visual-state-unavailable,Product and visual direction,53,2,"2,3,4",interface-engineer,interface-engineer,independent-verifier,,The actual unavailable state has distinct considered visual feedback.,4b92041057beb669d2e6c528e8268f4d0d1e6421,browser screenshots and observed DOM states,visual,python3 evidence/independent-verifier/stage-2/browser.py --case visual --candidate FULL_REVISION --out NEW_DIRECTORY,UNVERIFIED,unverified,stage-2.md,no
TK2-visual-state-selected,Product and visual direction,53,2,"2,3,4",interface-engineer,interface-engineer,independent-verifier,,The actual selected state has distinct considered visual feedback.,4b92041057beb669d2e6c528e8268f4d0d1e6421,browser screenshots and observed DOM states,visual,python3 evidence/independent-verifier/stage-2/browser.py --case visual --candidate FULL_REVISION --out NEW_DIRECTORY,UNVERIFIED,unverified,stage-2.md,no
TK2-visual-state-loading,Product and visual direction,53,2,"2,3,4",interface-engineer,interface-engineer,independent-verifier,,The actual loading state has distinct considered visual feedback.,4b92041057beb669d2e6c528e8268f4d0d1e6421,browser screenshots and observed DOM states,visual,python3 evidence/independent-verifier/stage-2/browser.py --case visual --candidate FULL_REVISION --out NEW_DIRECTORY,UNVERIFIED,unverified,stage-2.md,no
TK2-visual-state-successful,Product and visual direction,53,2,"2,3,4",interface-engineer,interface-engineer,independent-verifier,,The actual successful state has distinct considered visual feedback.,4b92041057beb669d2e6c528e8268f4d0d1e6421,browser screenshots and observed DOM states,visual,python3 evidence/independent-verifier/stage-2/browser.py --case visual --candidate FULL_REVISION --out NEW_DIRECTORY,UNVERIFIED,unverified,stage-2.md,no
TK2-visual-state-refused,Product and visual direction,53,2,"2,3,4",interface-engineer,interface-engineer,independent-verifier,,The actual refused state has distinct considered visual feedback.,4b92041057beb669d2e6c528e8268f4d0d1e6421,browser screenshots and observed DOM states,visual,python3 evidence/independent-verifier/stage-2/browser.py --case visual --candidate FULL_REVISION --out NEW_DIRECTORY,UNVERIFIED,unverified,stage-2.md,no
TK2-visual-state-uncertain,Product and visual direction,53,2,"2,3,4",interface-engineer,interface-engineer,independent-verifier,,The actual uncertain state has distinct considered visual feedback.,4b92041057beb669d2e6c528e8268f4d0d1e6421,browser screenshots and observed DOM states,visual,python3 evidence/independent-verifier/stage-2/browser.py --case visual --candidate FULL_REVISION --out NEW_DIRECTORY,UNVERIFIED,unverified,stage-2.md,no
TK2-visual-state-empty,Product and visual direction,53,2,"2,3,4",interface-engineer,interface-engineer,independent-verifier,,The actual empty state has distinct considered visual feedback.,4b92041057beb669d2e6c528e8268f4d0d1e6421,browser screenshots and observed DOM states,visual,python3 evidence/independent-verifier/stage-2/browser.py --case visual --candidate FULL_REVISION --out NEW_DIRECTORY,UNVERIFIED,unverified,stage-2.md,no
TK2-visual-coherent,Product and visual direction,47,2,"2,3,4",interface-engineer,interface-engineer,independent-verifier,,"Warm hospitality presentation, hierarchy and typography/spacing/colour/control/feedback form a coherent product.",4b92041057beb669d2e6c528e8268f4d0d1e6421,browser screenshots/network and content review,visual,python3 evidence/independent-verifier/stage-2/browser.py --case visual --candidate FULL_REVISION --out NEW_DIRECTORY,UNVERIFIED,unverified,stage-2.md,no
TK2-visual-human-labels,Product and visual direction,47,2,"2,3,4",interface-engineer,interface-engineer,independent-verifier,,Human restaurant/table labels are prominent and combined options read as intentional seating.,4b92041057beb669d2e6c528e8268f4d0d1e6421,browser screenshots/network and content review,visual,python3 evidence/independent-verifier/stage-2/browser.py --case visual --candidate FULL_REVISION --out NEW_DIRECTORY,UNVERIFIED,unverified,stage-2.md,no
TK2-visual-actions,Product and visual direction,47,2,"2,3,4",interface-engineer,interface-engineer,independent-verifier,,Primary actions are easy to identify.,4b92041057beb669d2e6c528e8268f4d0d1e6421,browser screenshots/network and content review,visual,python3 evidence/independent-verifier/stage-2/browser.py --case visual --candidate FULL_REVISION --out NEW_DIRECTORY,UNVERIFIED,unverified,stage-2.md,no
TK2-visual-navigation,Product and visual direction,47,2,"2,3,4",interface-engineer,interface-engineer,independent-verifier,,Navigation is consistent across required routes.,4b92041057beb669d2e6c528e8268f4d0d1e6421,browser screenshots/network and content review,visual,python3 evidence/independent-verifier/stage-2/browser.py --case visual --candidate FULL_REVISION --out NEW_DIRECTORY,UNVERIFIED,unverified,stage-2.md,no
TK2-visual-no-invented-facts,Product and visual direction,47,2,"2,3,4",interface-engineer,interface-engineer,independent-verifier,,"Product does not invent reviews, ratings, restaurant photos, usage counts or unsupported establishment claims.",4b92041057beb669d2e6c528e8268f4d0d1e6421,browser screenshots/network and content review,visual,python3 evidence/independent-verifier/stage-2/browser.py --case visual --candidate FULL_REVISION --out NEW_DIRECTORY,UNVERIFIED,unverified,stage-2.md,no
TK2-visual-offline-assets,Product and visual direction,47,2,"2,3,4",interface-engineer,interface-engineer,independent-verifier,,All browser fonts/assets/scripts/styles work from packaged runtime resources.,4b92041057beb669d2e6c528e8268f4d0d1e6421,browser screenshots/network and content review,visual,python3 evidence/independent-verifier/stage-2/browser.py --case visual --candidate FULL_REVISION --out NEW_DIRECTORY,UNVERIFIED,unverified,stage-2.md,no
TK2-stage1-genuine-export,Existing clients after an upgrade,129,2,"2,3,4",interface-engineer,interface-engineer,independent-verifier,,The frozen accepted Stage 1 process independently produces the imported export.,4b92041057beb669d2e6c528e8268f4d0d1e6421,browser plus actual frozen/current HTTP processes and in-memory exports,upgrade,python3 evidence/independent-verifier/stage-2/browser.py --case upgrade --candidate FULL_REVISION --out NEW_DIRECTORY,UNVERIFIED,unverified,stage-2.md,no
TK2-stage1-import,Existing clients after an upgrade,129,2,"2,3,4",interface-engineer,interface-engineer,independent-verifier,,Stage 2 accepts the genuine earlier-service state.,4b92041057beb669d2e6c528e8268f4d0d1e6421,browser plus actual frozen/current HTTP processes and in-memory exports,upgrade,python3 evidence/independent-verifier/stage-2/browser.py --case upgrade --candidate FULL_REVISION --out NEW_DIRECTORY,UNVERIFIED,unverified,stage-2.md,no
TK2-stage1-original-create,Existing clients after an upgrade,129,2,"2,3,4",interface-engineer,interface-engineer,independent-verifier,Pending coordinator receipt-shape interpretation: preserve successful original Stage 1 JSON even when it predates table_ids. This row is unverified until decision and actual replay evidence exist.,Imported Stage 1 successful create receipts retain original JSON on replay.,4b92041057beb669d2e6c528e8268f4d0d1e6421,browser plus actual frozen/current HTTP processes and in-memory exports,upgrade,python3 evidence/independent-verifier/stage-2/browser.py --case upgrade --candidate FULL_REVISION --out NEW_DIRECTORY,UNVERIFIED,unverified,stage-2.md,no
TK2-stage1-original-batch,Existing clients after an upgrade,129,2,"2,3,4",interface-engineer,interface-engineer,independent-verifier,Pending coordinator receipt-shape interpretation: preserve successful original Stage 1 JSON even when it predates table_ids. This row is unverified until decision and actual replay evidence exist.,Imported Stage 1 successful batch receipts retain original JSON on replay.,4b92041057beb669d2e6c528e8268f4d0d1e6421,browser plus actual frozen/current HTTP processes and in-memory exports,upgrade,python3 evidence/independent-verifier/stage-2/browser.py --case upgrade --candidate FULL_REVISION --out NEW_DIRECTORY,UNVERIFIED,unverified,stage-2.md,no
TK2-upgrade-browser-identity,Existing clients after an upgrade,129,2,"2,3,4",interface-engineer,interface-engineer,independent-verifier,,The already signed-in browser remains signed in through import.,4b92041057beb669d2e6c528e8268f4d0d1e6421,browser plus actual frozen/current HTTP processes and in-memory exports,upgrade,python3 evidence/independent-verifier/stage-2/browser.py --case upgrade --candidate FULL_REVISION --out NEW_DIRECTORY,UNVERIFIED,unverified,stage-2.md,no
TK2-upgrade-browser-lookup,Existing clients after an upgrade,129,2,"2,3,4",interface-engineer,interface-engineer,independent-verifier,,The retained original reference still works in the lookup screen.,4b92041057beb669d2e6c528e8268f4d0d1e6421,browser plus actual frozen/current HTTP processes and in-memory exports,upgrade,python3 evidence/independent-verifier/stage-2/browser.py --case upgrade --candidate FULL_REVISION --out NEW_DIRECTORY,UNVERIFIED,unverified,stage-2.md,no
TK2-upgrade-browser-form,Existing clients after an upgrade,129,2,"2,3,4",interface-engineer,interface-engineer,independent-verifier,,The open form and values survive import without reload.,4b92041057beb669d2e6c528e8268f4d0d1e6421,browser plus actual frozen/current HTTP processes and in-memory exports,upgrade,python3 evidence/independent-verifier/stage-2/browser.py --case upgrade --candidate FULL_REVISION --out NEW_DIRECTORY,UNVERIFIED,unverified,stage-2.md,no
TK2-upgrade-browser-key,Existing clients after an upgrade,129,2,"2,3,4",interface-engineer,interface-engineer,independent-verifier,,The pending request retains its original key through import.,4b92041057beb669d2e6c528e8268f4d0d1e6421,browser plus actual frozen/current HTTP processes and in-memory exports,upgrade,python3 evidence/independent-verifier/stage-2/browser.py --case upgrade --candidate FULL_REVISION --out NEW_DIRECTORY,UNVERIFIED,unverified,stage-2.md,no
TK2-upgrade-browser-body,Existing clients after an upgrade,129,2,"2,3,4",interface-engineer,interface-engineer,independent-verifier,,The pending request retains its original parsed body through import.,4b92041057beb669d2e6c528e8268f4d0d1e6421,browser plus actual frozen/current HTTP processes and in-memory exports,upgrade,python3 evidence/independent-verifier/stage-2/browser.py --case upgrade --candidate FULL_REVISION --out NEW_DIRECTORY,UNVERIFIED,unverified,stage-2.md,no
TK2-upgrade-browser-original,Existing clients after an upgrade,129,2,"2,3,4",interface-engineer,interface-engineer,independent-verifier,,The uncertain retry recovers the original server confirmation after import.,4b92041057beb669d2e6c528e8268f4d0d1e6421,browser plus actual frozen/current HTTP processes and in-memory exports,upgrade,python3 evidence/independent-verifier/stage-2/browser.py --case upgrade --candidate FULL_REVISION --out NEW_DIRECTORY,UNVERIFIED,unverified,stage-2.md,no
TK2-fixture-combinable,Combined tables / Model,139,2,"2,3,4",systems-engineer,systems-engineer,independent-verifier,,Restaurant configuration preserves declared combinable pairs in fixture order.,4b92041057beb669d2e6c528e8268f4d0d1e6421,black-box HTTP,model,python3 evidence/independent-verifier/stage-2/api.py --case model --candidate FULL_REVISION --out NEW_DIRECTORY,UNVERIFIED,unverified,stage-2.md,no
TK2-fixture-absent-combinable,Combined tables / Model,139,2,"2,3,4",systems-engineer,systems-engineer,independent-verifier,,Inherited fixtures without combinable retain supported single-table behavior.,4b92041057beb669d2e6c528e8268f4d0d1e6421,black-box HTTP,model,python3 evidence/independent-verifier/stage-2/api.py --case model --candidate FULL_REVISION --out NEW_DIRECTORY,UNVERIFIED,unverified,stage-2.md,no
TK2-pair-unordered,Combined tables / Model,139,2,"2,3,4",systems-engineer,systems-engineer,independent-verifier,,Reversed input order identifies the same declared pair.,4b92041057beb669d2e6c528e8268f4d0d1e6421,black-box HTTP,model,python3 evidence/independent-verifier/stage-2/api.py --case model --candidate FULL_REVISION --out NEW_DIRECTORY,UNVERIFIED,unverified,stage-2.md,no
TK2-pair-capacity,Combined tables / Model,139,2,"2,3,4",systems-engineer,systems-engineer,independent-verifier,,Pair capacity is the sum of both member capacities.,4b92041057beb669d2e6c528e8268f4d0d1e6421,black-box HTTP,model,python3 evidence/independent-verifier/stage-2/api.py --case model --candidate FULL_REVISION --out NEW_DIRECTORY,UNVERIFIED,unverified,stage-2.md,no
TK2-pair-no-transitive,Combined tables / Model,139,2,"2,3,4",systems-engineer,systems-engineer,independent-verifier,,Transitive undeclared pairs cannot be booked even when their capacities fit.,4b92041057beb669d2e6c528e8268f4d0d1e6421,black-box HTTP,model,python3 evidence/independent-verifier/stage-2/api.py --case model --candidate FULL_REVISION --out NEW_DIRECTORY,UNVERIFIED,unverified,stage-2.md,no
TK2-pair-full-duration,Combined tables / Model,139,2,"2,3,4",systems-engineer,systems-engineer,independent-verifier,,A confirmed pair occupies both members for the full absolute duration.,4b92041057beb669d2e6c528e8268f4d0d1e6421,black-box HTTP,model,python3 evidence/independent-verifier/stage-2/api.py --case model --candidate FULL_REVISION --out NEW_DIRECTORY,UNVERIFIED,unverified,stage-2.md,no
TK2-seed-single-legacy,Combined tables / Model,139,2,"2,3,4",systems-engineer,systems-engineer,independent-verifier,,Seeded legacy table_id bookings remain accepted.,4b92041057beb669d2e6c528e8268f4d0d1e6421,black-box HTTP,model,python3 evidence/independent-verifier/stage-2/api.py --case model --candidate FULL_REVISION --out NEW_DIRECTORY,UNVERIFIED,unverified,stage-2.md,no
TK2-seed-single-array,Combined tables / Model,139,2,"2,3,4",systems-engineer,systems-engineer,independent-verifier,,Seeded one-member table_ids bookings remain accepted.,4b92041057beb669d2e6c528e8268f4d0d1e6421,black-box HTTP,model,python3 evidence/independent-verifier/stage-2/api.py --case model --candidate FULL_REVISION --out NEW_DIRECTORY,UNVERIFIED,unverified,stage-2.md,no
TK2-seed-pair,Combined tables / Model,139,2,"2,3,4",systems-engineer,systems-engineer,independent-verifier,,Seeded table_ids pair bookings occupy both members.,4b92041057beb669d2e6c528e8268f4d0d1e6421,black-box HTTP,model,python3 evidence/independent-verifier/stage-2/api.py --case model --candidate FULL_REVISION --out NEW_DIRECTORY,UNVERIFIED,unverified,stage-2.md,no
TK2-seed-default-status,Combined tables / Model,139,2,"2,3,4",systems-engineer,systems-engineer,independent-verifier,,A seeded booking without status is confirmed.,4b92041057beb669d2e6c528e8268f4d0d1e6421,black-box HTTP,model,python3 evidence/independent-verifier/stage-2/api.py --case model --candidate FULL_REVISION --out NEW_DIRECTORY,UNVERIFIED,unverified,stage-2.md,no
TK2-seed-cancelled-status,Combined tables / Model,139,2,"2,3,4",systems-engineer,systems-engineer,independent-verifier,,A seeded cancelled booking is retained and does not occupy tables.,4b92041057beb669d2e6c528e8268f4d0d1e6421,black-box HTTP,model,python3 evidence/independent-verifier/stage-2/api.py --case model --candidate FULL_REVISION --out NEW_DIRECTORY,UNVERIFIED,unverified,stage-2.md,no
TK2-available-options,GET /availability,170,2,"2,3,4",systems-engineer,systems-engineer,independent-verifier,,Every slot includes available_options.,4b92041057beb669d2e6c528e8268f4d0d1e6421,black-box HTTP,availability,python3 evidence/independent-verifier/stage-2/api.py --case availability --candidate FULL_REVISION --out NEW_DIRECTORY,UNVERIFIED,unverified,stage-2.md,no
TK2-available-options-table-ids,GET /availability,170,2,"2,3,4",systems-engineer,systems-engineer,independent-verifier,,Each option carries its canonical table_ids.,4b92041057beb669d2e6c528e8268f4d0d1e6421,black-box HTTP,availability,python3 evidence/independent-verifier/stage-2/api.py --case availability --candidate FULL_REVISION --out NEW_DIRECTORY,UNVERIFIED,unverified,stage-2.md,no
TK2-available-options-capacity,GET /availability,170,2,"2,3,4",systems-engineer,systems-engineer,independent-verifier,,Each option carries its actual single/summed capacity.,4b92041057beb669d2e6c528e8268f4d0d1e6421,black-box HTTP,availability,python3 evidence/independent-verifier/stage-2/api.py --case availability --candidate FULL_REVISION --out NEW_DIRECTORY,UNVERIFIED,unverified,stage-2.md,no
TK2-available-options-singles,GET /availability,170,2,"2,3,4",systems-engineer,systems-engineer,independent-verifier,,available_table_ids retains its original single-table-only meaning.,4b92041057beb669d2e6c528e8268f4d0d1e6421,black-box HTTP,availability,python3 evidence/independent-verifier/stage-2/api.py --case availability --candidate FULL_REVISION --out NEW_DIRECTORY,UNVERIFIED,unverified,stage-2.md,no
TK2-available-options-capacity-filter,GET /availability,170,2,"2,3,4",systems-engineer,systems-engineer,independent-verifier,,Every available option has capacity at least the searched party size.,4b92041057beb669d2e6c528e8268f4d0d1e6421,black-box HTTP,availability,python3 evidence/independent-verifier/stage-2/api.py --case availability --candidate FULL_REVISION --out NEW_DIRECTORY,UNVERIFIED,unverified,stage-2.md,no
TK2-available-options-member-filter,GET /availability,170,2,"2,3,4",systems-engineer,systems-engineer,independent-verifier,,Any occupied member excludes the entire pair option.,4b92041057beb669d2e6c528e8268f4d0d1e6421,black-box HTTP,availability,python3 evidence/independent-verifier/stage-2/api.py --case availability --candidate FULL_REVISION --out NEW_DIRECTORY,UNVERIFIED,unverified,stage-2.md,no
TK2-available-options-complete,GET /availability,170,2,"2,3,4",systems-engineer,systems-engineer,independent-verifier,,Every qualifying free single and declared pair appears.,4b92041057beb669d2e6c528e8268f4d0d1e6421,black-box HTTP,availability,python3 evidence/independent-verifier/stage-2/api.py --case availability --candidate FULL_REVISION --out NEW_DIRECTORY,UNVERIFIED,unverified,stage-2.md,no
TK2-available-options-single-order,GET /availability,170,2,"2,3,4",systems-engineer,systems-engineer,independent-verifier,,Singles appear first in fixture order.,4b92041057beb669d2e6c528e8268f4d0d1e6421,black-box HTTP,availability,python3 evidence/independent-verifier/stage-2/api.py --case availability --candidate FULL_REVISION --out NEW_DIRECTORY,UNVERIFIED,unverified,stage-2.md,no
TK2-available-options-pair-order,GET /availability,170,2,"2,3,4",systems-engineer,systems-engineer,independent-verifier,,Pairs then appear in combinable declaration order.,4b92041057beb669d2e6c528e8268f4d0d1e6421,black-box HTTP,availability,python3 evidence/independent-verifier/stage-2/api.py --case availability --candidate FULL_REVISION --out NEW_DIRECTORY,UNVERIFIED,unverified,stage-2.md,no
TK2-available-options-member-order,GET /availability,170,2,"2,3,4",systems-engineer,systems-engineer,independent-verifier,,Pair members appear in their declaration order.,4b92041057beb669d2e6c528e8268f4d0d1e6421,black-box HTTP,availability,python3 evidence/independent-verifier/stage-2/api.py --case availability --candidate FULL_REVISION --out NEW_DIRECTORY,UNVERIFIED,unverified,stage-2.md,no
TK2-available-options-empty,GET /availability,170,2,"2,3,4",systems-engineer,systems-engineer,independent-verifier,,A slot with no qualifying/free options still exists with an empty options list.,4b92041057beb669d2e6c528e8268f4d0d1e6421,black-box HTTP,availability,python3 evidence/independent-verifier/stage-2/api.py --case availability --candidate FULL_REVISION --out NEW_DIRECTORY,UNVERIFIED,unverified,stage-2.md,no
TK2-pair-half-open,GET /availability,170,2,"2,3,4",systems-engineer,systems-engineer,independent-verifier,,Pair occupancy ending exactly at a later start does not exclude that later option.,4b92041057beb669d2e6c528e8268f4d0d1e6421,black-box HTTP,availability,python3 evidence/independent-verifier/stage-2/api.py --case availability --candidate FULL_REVISION --out NEW_DIRECTORY,UNVERIFIED,unverified,stage-2.md,no
TK2-create-legacy-single,POST /reservations / PATCH / Atomic moves,203,2,"2,3,4",systems-engineer,systems-engineer,independent-verifier,,Legacy table_id means a one-member set and remains accepted.,4b92041057beb669d2e6c528e8268f4d0d1e6421,black-box HTTP,validation,python3 evidence/independent-verifier/stage-2/api.py --case validation --candidate FULL_REVISION --out NEW_DIRECTORY,UNVERIFIED,unverified,stage-2.md,no
TK2-create-array-single,POST /reservations / PATCH / Atomic moves,203,2,"2,3,4",systems-engineer,systems-engineer,independent-verifier,,A one-member table_ids set is accepted.,4b92041057beb669d2e6c528e8268f4d0d1e6421,black-box HTTP,validation,python3 evidence/independent-verifier/stage-2/api.py --case validation --candidate FULL_REVISION --out NEW_DIRECTORY,UNVERIFIED,unverified,stage-2.md,no
TK2-create-array-pair,POST /reservations / PATCH / Atomic moves,203,2,"2,3,4",systems-engineer,systems-engineer,independent-verifier,,A declared two-member table_ids set is accepted.,4b92041057beb669d2e6c528e8268f4d0d1e6421,black-box HTTP,validation,python3 evidence/independent-verifier/stage-2/api.py --case validation --candidate FULL_REVISION --out NEW_DIRECTORY,UNVERIFIED,unverified,stage-2.md,no
TK2-create-both-fields,POST /reservations / PATCH / Atomic moves,203,2,"2,3,4",systems-engineer,systems-engineer,independent-verifier,,Supplying table_id and table_ids together gives 422 validation_failed.,4b92041057beb669d2e6c528e8268f4d0d1e6421,black-box HTTP,validation,python3 evidence/independent-verifier/stage-2/api.py --case validation --candidate FULL_REVISION --out NEW_DIRECTORY,UNVERIFIED,unverified,stage-2.md,no
TK2-create-unlisted-pair,POST /reservations / PATCH / Atomic moves,203,2,"2,3,4",systems-engineer,systems-engineer,independent-verifier,,An undeclared two-member pair gives 422 combination_not_allowed.,4b92041057beb669d2e6c528e8268f4d0d1e6421,black-box HTTP,validation,python3 evidence/independent-verifier/stage-2/api.py --case validation --candidate FULL_REVISION --out NEW_DIRECTORY,UNVERIFIED,unverified,stage-2.md,no
TK2-create-transitive-pair,POST /reservations / PATCH / Atomic moves,203,2,"2,3,4",systems-engineer,systems-engineer,independent-verifier,,A transitive but undeclared pair gives 422 combination_not_allowed.,4b92041057beb669d2e6c528e8268f4d0d1e6421,black-box HTTP,validation,python3 evidence/independent-verifier/stage-2/api.py --case validation --candidate FULL_REVISION --out NEW_DIRECTORY,UNVERIFIED,unverified,stage-2.md,no
TK2-create-too-many,POST /reservations / PATCH / Atomic moves,203,2,"2,3,4",systems-engineer,systems-engineer,independent-verifier,,More than two table IDs gives 422 combination_not_allowed.,4b92041057beb669d2e6c528e8268f4d0d1e6421,black-box HTTP,validation,python3 evidence/independent-verifier/stage-2/api.py --case validation --candidate FULL_REVISION --out NEW_DIRECTORY,UNVERIFIED,unverified,stage-2.md,no
TK2-create-duplicate,POST /reservations / PATCH / Atomic moves,203,2,"2,3,4",systems-engineer,systems-engineer,independent-verifier,,Repeated table IDs give 422 validation_failed.,4b92041057beb669d2e6c528e8268f4d0d1e6421,black-box HTTP,validation,python3 evidence/independent-verifier/stage-2/api.py --case validation --candidate FULL_REVISION --out NEW_DIRECTORY,UNVERIFIED,unverified,stage-2.md,no
TK2-create-taken-first,POST /reservations / PATCH / Atomic moves,203,2,"2,3,4",systems-engineer,systems-engineer,independent-verifier,,An occupied first pair member gives 409 table_unavailable.,4b92041057beb669d2e6c528e8268f4d0d1e6421,black-box HTTP,validation,python3 evidence/independent-verifier/stage-2/api.py --case validation --candidate FULL_REVISION --out NEW_DIRECTORY,UNVERIFIED,unverified,stage-2.md,no
TK2-create-taken-second,POST /reservations / PATCH / Atomic moves,203,2,"2,3,4",systems-engineer,systems-engineer,independent-verifier,,An occupied second pair member gives 409 table_unavailable.,4b92041057beb669d2e6c528e8268f4d0d1e6421,black-box HTTP,validation,python3 evidence/independent-verifier/stage-2/api.py --case validation --candidate FULL_REVISION --out NEW_DIRECTORY,UNVERIFIED,unverified,stage-2.md,no
TK2-create-capacity,POST /reservations / PATCH / Atomic moves,203,2,"2,3,4",systems-engineer,systems-engineer,independent-verifier,,Party size above the summed pair capacity gives 422 party_exceeds_capacity.,4b92041057beb669d2e6c528e8268f4d0d1e6421,black-box HTTP,validation,python3 evidence/independent-verifier/stage-2/api.py --case validation --candidate FULL_REVISION --out NEW_DIRECTORY,UNVERIFIED,unverified,stage-2.md,no
TK2-create-wrong-array-type,POST /reservations / PATCH / Atomic moves,203,2,"2,3,4",systems-engineer,systems-engineer,independent-verifier,,A non-array table_ids field is 400 malformed_request under inherited type rules.,4b92041057beb669d2e6c528e8268f4d0d1e6421,black-box HTTP,validation,python3 evidence/independent-verifier/stage-2/api.py --case validation --candidate FULL_REVISION --out NEW_DIRECTORY,UNVERIFIED,unverified,stage-2.md,no
TK2-create-wrong-member-type,POST /reservations / PATCH / Atomic moves,203,2,"2,3,4",systems-engineer,systems-engineer,independent-verifier,,A non-string table ID is 400 malformed_request under inherited type rules.,4b92041057beb669d2e6c528e8268f4d0d1e6421,black-box HTTP,validation,python3 evidence/independent-verifier/stage-2/api.py --case validation --candidate FULL_REVISION --out NEW_DIRECTORY,UNVERIFIED,unverified,stage-2.md,no
TK2-create-empty-array,POST /reservations / PATCH / Atomic moves,203,2,"2,3,4",systems-engineer,systems-engineer,independent-verifier,,An empty table_ids set violates the required selection and gives 422 validation_failed.,4b92041057beb669d2e6c528e8268f4d0d1e6421,black-box HTTP,validation,python3 evidence/independent-verifier/stage-2/api.py --case validation --candidate FULL_REVISION --out NEW_DIRECTORY,UNVERIFIED,unverified,stage-2.md,no
TK2-create-unknown-table,POST /reservations / PATCH / Atomic moves,203,2,"2,3,4",systems-engineer,systems-engineer,independent-verifier,,An unknown table ID retains inherited 404 not_found behavior.,4b92041057beb669d2e6c528e8268f4d0d1e6421,black-box HTTP,validation,python3 evidence/independent-verifier/stage-2/api.py --case validation --candidate FULL_REVISION --out NEW_DIRECTORY,UNVERIFIED,unverified,stage-2.md,no
TK2-create-foreign-table,POST /reservations / PATCH / Atomic moves,203,2,"2,3,4",systems-engineer,systems-engineer,independent-verifier,,A table from another restaurant retains inherited 404 not_found behavior.,4b92041057beb669d2e6c528e8268f4d0d1e6421,black-box HTTP,validation,python3 evidence/independent-verifier/stage-2/api.py --case validation --candidate FULL_REVISION --out NEW_DIRECTORY,UNVERIFIED,unverified,stage-2.md,no
TK2-create-rollback,POST /reservations / PATCH / Atomic moves,203,2,"2,3,4",systems-engineer,systems-engineer,independent-verifier,,An invalid pair operation leaves records and occupancy unchanged.,4b92041057beb669d2e6c528e8268f4d0d1e6421,black-box HTTP,validation,python3 evidence/independent-verifier/stage-2/api.py --case validation --candidate FULL_REVISION --out NEW_DIRECTORY,UNVERIFIED,unverified,stage-2.md,no
TK2-patch-legacy-single,POST /reservations / PATCH / Atomic moves,203,2,"2,3,4",systems-engineer,systems-engineer,independent-verifier,,Legacy table_id means a one-member set and remains accepted.,4b92041057beb669d2e6c528e8268f4d0d1e6421,black-box HTTP,validation,python3 evidence/independent-verifier/stage-2/api.py --case validation --candidate FULL_REVISION --out NEW_DIRECTORY,UNVERIFIED,unverified,stage-2.md,no
TK2-patch-array-single,POST /reservations / PATCH / Atomic moves,203,2,"2,3,4",systems-engineer,systems-engineer,independent-verifier,,A one-member table_ids set is accepted.,4b92041057beb669d2e6c528e8268f4d0d1e6421,black-box HTTP,validation,python3 evidence/independent-verifier/stage-2/api.py --case validation --candidate FULL_REVISION --out NEW_DIRECTORY,UNVERIFIED,unverified,stage-2.md,no
TK2-patch-array-pair,POST /reservations / PATCH / Atomic moves,203,2,"2,3,4",systems-engineer,systems-engineer,independent-verifier,,A declared two-member table_ids set is accepted.,4b92041057beb669d2e6c528e8268f4d0d1e6421,black-box HTTP,validation,python3 evidence/independent-verifier/stage-2/api.py --case validation --candidate FULL_REVISION --out NEW_DIRECTORY,UNVERIFIED,unverified,stage-2.md,no
TK2-patch-both-fields,POST /reservations / PATCH / Atomic moves,203,2,"2,3,4",systems-engineer,systems-engineer,independent-verifier,,Supplying table_id and table_ids together gives 422 validation_failed.,4b92041057beb669d2e6c528e8268f4d0d1e6421,black-box HTTP,validation,python3 evidence/independent-verifier/stage-2/api.py --case validation --candidate FULL_REVISION --out NEW_DIRECTORY,UNVERIFIED,unverified,stage-2.md,no
TK2-patch-unlisted-pair,POST /reservations / PATCH / Atomic moves,203,2,"2,3,4",systems-engineer,systems-engineer,independent-verifier,,An undeclared two-member pair gives 422 combination_not_allowed.,4b92041057beb669d2e6c528e8268f4d0d1e6421,black-box HTTP,validation,python3 evidence/independent-verifier/stage-2/api.py --case validation --candidate FULL_REVISION --out NEW_DIRECTORY,UNVERIFIED,unverified,stage-2.md,no
TK2-patch-transitive-pair,POST /reservations / PATCH / Atomic moves,203,2,"2,3,4",systems-engineer,systems-engineer,independent-verifier,,A transitive but undeclared pair gives 422 combination_not_allowed.,4b92041057beb669d2e6c528e8268f4d0d1e6421,black-box HTTP,validation,python3 evidence/independent-verifier/stage-2/api.py --case validation --candidate FULL_REVISION --out NEW_DIRECTORY,UNVERIFIED,unverified,stage-2.md,no
TK2-patch-too-many,POST /reservations / PATCH / Atomic moves,203,2,"2,3,4",systems-engineer,systems-engineer,independent-verifier,,More than two table IDs gives 422 combination_not_allowed.,4b92041057beb669d2e6c528e8268f4d0d1e6421,black-box HTTP,validation,python3 evidence/independent-verifier/stage-2/api.py --case validation --candidate FULL_REVISION --out NEW_DIRECTORY,UNVERIFIED,unverified,stage-2.md,no
TK2-patch-duplicate,POST /reservations / PATCH / Atomic moves,203,2,"2,3,4",systems-engineer,systems-engineer,independent-verifier,,Repeated table IDs give 422 validation_failed.,4b92041057beb669d2e6c528e8268f4d0d1e6421,black-box HTTP,validation,python3 evidence/independent-verifier/stage-2/api.py --case validation --candidate FULL_REVISION --out NEW_DIRECTORY,UNVERIFIED,unverified,stage-2.md,no
TK2-patch-taken-first,POST /reservations / PATCH / Atomic moves,203,2,"2,3,4",systems-engineer,systems-engineer,independent-verifier,,An occupied first pair member gives 409 table_unavailable.,4b92041057beb669d2e6c528e8268f4d0d1e6421,black-box HTTP,validation,python3 evidence/independent-verifier/stage-2/api.py --case validation --candidate FULL_REVISION --out NEW_DIRECTORY,UNVERIFIED,unverified,stage-2.md,no
TK2-patch-taken-second,POST /reservations / PATCH / Atomic moves,203,2,"2,3,4",systems-engineer,systems-engineer,independent-verifier,,An occupied second pair member gives 409 table_unavailable.,4b92041057beb669d2e6c528e8268f4d0d1e6421,black-box HTTP,validation,python3 evidence/independent-verifier/stage-2/api.py --case validation --candidate FULL_REVISION --out NEW_DIRECTORY,UNVERIFIED,unverified,stage-2.md,no
TK2-patch-capacity,POST /reservations / PATCH / Atomic moves,203,2,"2,3,4",systems-engineer,systems-engineer,independent-verifier,,Party size above the summed pair capacity gives 422 party_exceeds_capacity.,4b92041057beb669d2e6c528e8268f4d0d1e6421,black-box HTTP,validation,python3 evidence/independent-verifier/stage-2/api.py --case validation --candidate FULL_REVISION --out NEW_DIRECTORY,UNVERIFIED,unverified,stage-2.md,no
TK2-patch-wrong-array-type,POST /reservations / PATCH / Atomic moves,203,2,"2,3,4",systems-engineer,systems-engineer,independent-verifier,,A non-array table_ids field is 400 malformed_request under inherited type rules.,4b92041057beb669d2e6c528e8268f4d0d1e6421,black-box HTTP,validation,python3 evidence/independent-verifier/stage-2/api.py --case validation --candidate FULL_REVISION --out NEW_DIRECTORY,UNVERIFIED,unverified,stage-2.md,no
TK2-patch-wrong-member-type,POST /reservations / PATCH / Atomic moves,203,2,"2,3,4",systems-engineer,systems-engineer,independent-verifier,,A non-string table ID is 400 malformed_request under inherited type rules.,4b92041057beb669d2e6c528e8268f4d0d1e6421,black-box HTTP,validation,python3 evidence/independent-verifier/stage-2/api.py --case validation --candidate FULL_REVISION --out NEW_DIRECTORY,UNVERIFIED,unverified,stage-2.md,no
TK2-patch-empty-array,POST /reservations / PATCH / Atomic moves,203,2,"2,3,4",systems-engineer,systems-engineer,independent-verifier,,An empty table_ids set violates the required selection and gives 422 validation_failed.,4b92041057beb669d2e6c528e8268f4d0d1e6421,black-box HTTP,validation,python3 evidence/independent-verifier/stage-2/api.py --case validation --candidate FULL_REVISION --out NEW_DIRECTORY,UNVERIFIED,unverified,stage-2.md,no
TK2-patch-unknown-table,POST /reservations / PATCH / Atomic moves,203,2,"2,3,4",systems-engineer,systems-engineer,independent-verifier,,An unknown table ID retains inherited 404 not_found behavior.,4b92041057beb669d2e6c528e8268f4d0d1e6421,black-box HTTP,validation,python3 evidence/independent-verifier/stage-2/api.py --case validation --candidate FULL_REVISION --out NEW_DIRECTORY,UNVERIFIED,unverified,stage-2.md,no
TK2-patch-foreign-table,POST /reservations / PATCH / Atomic moves,203,2,"2,3,4",systems-engineer,systems-engineer,independent-verifier,,A table from another restaurant retains inherited 404 not_found behavior.,4b92041057beb669d2e6c528e8268f4d0d1e6421,black-box HTTP,validation,python3 evidence/independent-verifier/stage-2/api.py --case validation --candidate FULL_REVISION --out NEW_DIRECTORY,UNVERIFIED,unverified,stage-2.md,no
TK2-patch-rollback,POST /reservations / PATCH / Atomic moves,203,2,"2,3,4",systems-engineer,systems-engineer,independent-verifier,,An invalid pair operation leaves records and occupancy unchanged.,4b92041057beb669d2e6c528e8268f4d0d1e6421,black-box HTTP,validation,python3 evidence/independent-verifier/stage-2/api.py --case validation --candidate FULL_REVISION --out NEW_DIRECTORY,UNVERIFIED,unverified,stage-2.md,no
TK2-moves-legacy-single,POST /reservations / PATCH / Atomic moves,203,2,"2,3,4",systems-engineer,systems-engineer,independent-verifier,,Legacy table_id means a one-member set and remains accepted.,4b92041057beb669d2e6c528e8268f4d0d1e6421,black-box HTTP,validation,python3 evidence/independent-verifier/stage-2/api.py --case validation --candidate FULL_REVISION --out NEW_DIRECTORY,UNVERIFIED,unverified,stage-2.md,no
TK2-moves-array-single,POST /reservations / PATCH / Atomic moves,203,2,"2,3,4",systems-engineer,systems-engineer,independent-verifier,,A one-member table_ids set is accepted.,4b92041057beb669d2e6c528e8268f4d0d1e6421,black-box HTTP,validation,python3 evidence/independent-verifier/stage-2/api.py --case validation --candidate FULL_REVISION --out NEW_DIRECTORY,UNVERIFIED,unverified,stage-2.md,no
TK2-moves-array-pair,POST /reservations / PATCH / Atomic moves,203,2,"2,3,4",systems-engineer,systems-engineer,independent-verifier,,A declared two-member table_ids set is accepted.,4b92041057beb669d2e6c528e8268f4d0d1e6421,black-box HTTP,validation,python3 evidence/independent-verifier/stage-2/api.py --case validation --candidate FULL_REVISION --out NEW_DIRECTORY,UNVERIFIED,unverified,stage-2.md,no
TK2-moves-both-fields,POST /reservations / PATCH / Atomic moves,203,2,"2,3,4",systems-engineer,systems-engineer,independent-verifier,,Supplying table_id and table_ids together gives 422 validation_failed.,4b92041057beb669d2e6c528e8268f4d0d1e6421,black-box HTTP,validation,python3 evidence/independent-verifier/stage-2/api.py --case validation --candidate FULL_REVISION --out NEW_DIRECTORY,UNVERIFIED,unverified,stage-2.md,no
TK2-moves-unlisted-pair,POST /reservations / PATCH / Atomic moves,203,2,"2,3,4",systems-engineer,systems-engineer,independent-verifier,,An undeclared two-member pair gives 422 combination_not_allowed.,4b92041057beb669d2e6c528e8268f4d0d1e6421,black-box HTTP,validation,python3 evidence/independent-verifier/stage-2/api.py --case validation --candidate FULL_REVISION --out NEW_DIRECTORY,UNVERIFIED,unverified,stage-2.md,no
TK2-moves-transitive-pair,POST /reservations / PATCH / Atomic moves,203,2,"2,3,4",systems-engineer,systems-engineer,independent-verifier,,A transitive but undeclared pair gives 422 combination_not_allowed.,4b92041057beb669d2e6c528e8268f4d0d1e6421,black-box HTTP,validation,python3 evidence/independent-verifier/stage-2/api.py --case validation --candidate FULL_REVISION --out NEW_DIRECTORY,UNVERIFIED,unverified,stage-2.md,no
TK2-moves-too-many,POST /reservations / PATCH / Atomic moves,203,2,"2,3,4",systems-engineer,systems-engineer,independent-verifier,,More than two table IDs gives 422 combination_not_allowed.,4b92041057beb669d2e6c528e8268f4d0d1e6421,black-box HTTP,validation,python3 evidence/independent-verifier/stage-2/api.py --case validation --candidate FULL_REVISION --out NEW_DIRECTORY,UNVERIFIED,unverified,stage-2.md,no
TK2-moves-duplicate,POST /reservations / PATCH / Atomic moves,203,2,"2,3,4",systems-engineer,systems-engineer,independent-verifier,,Repeated table IDs give 422 validation_failed.,4b92041057beb669d2e6c528e8268f4d0d1e6421,black-box HTTP,validation,python3 evidence/independent-verifier/stage-2/api.py --case validation --candidate FULL_REVISION --out NEW_DIRECTORY,UNVERIFIED,unverified,stage-2.md,no
TK2-moves-taken-first,POST /reservations / PATCH / Atomic moves,203,2,"2,3,4",systems-engineer,systems-engineer,independent-verifier,,An occupied first pair member gives 409 table_unavailable.,4b92041057beb669d2e6c528e8268f4d0d1e6421,black-box HTTP,validation,python3 evidence/independent-verifier/stage-2/api.py --case validation --candidate FULL_REVISION --out NEW_DIRECTORY,UNVERIFIED,unverified,stage-2.md,no
TK2-moves-taken-second,POST /reservations / PATCH / Atomic moves,203,2,"2,3,4",systems-engineer,systems-engineer,independent-verifier,,An occupied second pair member gives 409 table_unavailable.,4b92041057beb669d2e6c528e8268f4d0d1e6421,black-box HTTP,validation,python3 evidence/independent-verifier/stage-2/api.py --case validation --candidate FULL_REVISION --out NEW_DIRECTORY,UNVERIFIED,unverified,stage-2.md,no
TK2-moves-capacity,POST /reservations / PATCH / Atomic moves,203,2,"2,3,4",systems-engineer,systems-engineer,independent-verifier,,Party size above the summed pair capacity gives 422 party_exceeds_capacity.,4b92041057beb669d2e6c528e8268f4d0d1e6421,black-box HTTP,validation,python3 evidence/independent-verifier/stage-2/api.py --case validation --candidate FULL_REVISION --out NEW_DIRECTORY,UNVERIFIED,unverified,stage-2.md,no
TK2-moves-wrong-array-type,POST /reservations / PATCH / Atomic moves,203,2,"2,3,4",systems-engineer,systems-engineer,independent-verifier,,A non-array table_ids field is 400 malformed_request under inherited type rules.,4b92041057beb669d2e6c528e8268f4d0d1e6421,black-box HTTP,validation,python3 evidence/independent-verifier/stage-2/api.py --case validation --candidate FULL_REVISION --out NEW_DIRECTORY,UNVERIFIED,unverified,stage-2.md,no
TK2-moves-wrong-member-type,POST /reservations / PATCH / Atomic moves,203,2,"2,3,4",systems-engineer,systems-engineer,independent-verifier,,A non-string table ID is 400 malformed_request under inherited type rules.,4b92041057beb669d2e6c528e8268f4d0d1e6421,black-box HTTP,validation,python3 evidence/independent-verifier/stage-2/api.py --case validation --candidate FULL_REVISION --out NEW_DIRECTORY,UNVERIFIED,unverified,stage-2.md,no
TK2-moves-empty-array,POST /reservations / PATCH / Atomic moves,203,2,"2,3,4",systems-engineer,systems-engineer,independent-verifier,,An empty table_ids set violates the required selection and gives 422 validation_failed.,4b92041057beb669d2e6c528e8268f4d0d1e6421,black-box HTTP,validation,python3 evidence/independent-verifier/stage-2/api.py --case validation --candidate FULL_REVISION --out NEW_DIRECTORY,UNVERIFIED,unverified,stage-2.md,no
TK2-moves-unknown-table,POST /reservations / PATCH / Atomic moves,203,2,"2,3,4",systems-engineer,systems-engineer,independent-verifier,,An unknown table ID retains inherited 404 not_found behavior.,4b92041057beb669d2e6c528e8268f4d0d1e6421,black-box HTTP,validation,python3 evidence/independent-verifier/stage-2/api.py --case validation --candidate FULL_REVISION --out NEW_DIRECTORY,UNVERIFIED,unverified,stage-2.md,no
TK2-moves-foreign-table,POST /reservations / PATCH / Atomic moves,203,2,"2,3,4",systems-engineer,systems-engineer,independent-verifier,,A table from another restaurant retains inherited 404 not_found behavior.,4b92041057beb669d2e6c528e8268f4d0d1e6421,black-box HTTP,validation,python3 evidence/independent-verifier/stage-2/api.py --case validation --candidate FULL_REVISION --out NEW_DIRECTORY,UNVERIFIED,unverified,stage-2.md,no
TK2-moves-rollback,POST /reservations / PATCH / Atomic moves,203,2,"2,3,4",systems-engineer,systems-engineer,independent-verifier,,An invalid pair operation leaves records and occupancy unchanged.,4b92041057beb669d2e6c528e8268f4d0d1e6421,black-box HTTP,validation,python3 evidence/independent-verifier/stage-2/api.py --case validation --candidate FULL_REVISION --out NEW_DIRECTORY,UNVERIFIED,unverified,stage-2.md,no
TK2-create-single-table-ids,Response shapes,205,2,"2,3,4",systems-engineer,systems-engineer,independent-verifier,,Current singleton responses carry table_ids with their sole member.,4b92041057beb669d2e6c528e8268f4d0d1e6421,black-box HTTP,responses,python3 evidence/independent-verifier/stage-2/api.py --case responses --candidate FULL_REVISION --out NEW_DIRECTORY,UNVERIFIED,unverified,stage-2.md,no
TK2-create-single-table-id,Response shapes,205,2,"2,3,4",systems-engineer,systems-engineer,independent-verifier,,Current singleton responses also carry the legacy table_id.,4b92041057beb669d2e6c528e8268f4d0d1e6421,black-box HTTP,responses,python3 evidence/independent-verifier/stage-2/api.py --case responses --candidate FULL_REVISION --out NEW_DIRECTORY,UNVERIFIED,unverified,stage-2.md,no
TK2-create-pair-table-ids,Response shapes,205,2,"2,3,4",systems-engineer,systems-engineer,independent-verifier,,Current pair responses carry canonical table_ids in declared order.,4b92041057beb669d2e6c528e8268f4d0d1e6421,black-box HTTP,responses,python3 evidence/independent-verifier/stage-2/api.py --case responses --candidate FULL_REVISION --out NEW_DIRECTORY,UNVERIFIED,unverified,stage-2.md,no
TK2-create-pair-no-table-id,Response shapes,205,2,"2,3,4",systems-engineer,systems-engineer,independent-verifier,,Current pair responses omit table_id.,4b92041057beb669d2e6c528e8268f4d0d1e6421,black-box HTTP,responses,python3 evidence/independent-verifier/stage-2/api.py --case responses --candidate FULL_REVISION --out NEW_DIRECTORY,UNVERIFIED,unverified,stage-2.md,no
TK2-lookup-single-table-ids,Response shapes,205,2,"2,3,4",systems-engineer,systems-engineer,independent-verifier,,Current singleton responses carry table_ids with their sole member.,4b92041057beb669d2e6c528e8268f4d0d1e6421,black-box HTTP,responses,python3 evidence/independent-verifier/stage-2/api.py --case responses --candidate FULL_REVISION --out NEW_DIRECTORY,UNVERIFIED,unverified,stage-2.md,no
TK2-lookup-single-table-id,Response shapes,205,2,"2,3,4",systems-engineer,systems-engineer,independent-verifier,,Current singleton responses also carry the legacy table_id.,4b92041057beb669d2e6c528e8268f4d0d1e6421,black-box HTTP,responses,python3 evidence/independent-verifier/stage-2/api.py --case responses --candidate FULL_REVISION --out NEW_DIRECTORY,UNVERIFIED,unverified,stage-2.md,no
TK2-lookup-pair-table-ids,Response shapes,205,2,"2,3,4",systems-engineer,systems-engineer,independent-verifier,,Current pair responses carry canonical table_ids in declared order.,4b92041057beb669d2e6c528e8268f4d0d1e6421,black-box HTTP,responses,python3 evidence/independent-verifier/stage-2/api.py --case responses --candidate FULL_REVISION --out NEW_DIRECTORY,UNVERIFIED,unverified,stage-2.md,no
TK2-lookup-pair-no-table-id,Response shapes,205,2,"2,3,4",systems-engineer,systems-engineer,independent-verifier,,Current pair responses omit table_id.,4b92041057beb669d2e6c528e8268f4d0d1e6421,black-box HTTP,responses,python3 evidence/independent-verifier/stage-2/api.py --case responses --candidate FULL_REVISION --out NEW_DIRECTORY,UNVERIFIED,unverified,stage-2.md,no
TK2-list-single-table-ids,Response shapes,205,2,"2,3,4",systems-engineer,systems-engineer,independent-verifier,,Current singleton responses carry table_ids with their sole member.,4b92041057beb669d2e6c528e8268f4d0d1e6421,black-box HTTP,responses,python3 evidence/independent-verifier/stage-2/api.py --case responses --candidate FULL_REVISION --out NEW_DIRECTORY,UNVERIFIED,unverified,stage-2.md,no
TK2-list-single-table-id,Response shapes,205,2,"2,3,4",systems-engineer,systems-engineer,independent-verifier,,Current singleton responses also carry the legacy table_id.,4b92041057beb669d2e6c528e8268f4d0d1e6421,black-box HTTP,responses,python3 evidence/independent-verifier/stage-2/api.py --case responses --candidate FULL_REVISION --out NEW_DIRECTORY,UNVERIFIED,unverified,stage-2.md,no
TK2-list-pair-table-ids,Response shapes,205,2,"2,3,4",systems-engineer,systems-engineer,independent-verifier,,Current pair responses carry canonical table_ids in declared order.,4b92041057beb669d2e6c528e8268f4d0d1e6421,black-box HTTP,responses,python3 evidence/independent-verifier/stage-2/api.py --case responses --candidate FULL_REVISION --out NEW_DIRECTORY,UNVERIFIED,unverified,stage-2.md,no
TK2-list-pair-no-table-id,Response shapes,205,2,"2,3,4",systems-engineer,systems-engineer,independent-verifier,,Current pair responses omit table_id.,4b92041057beb669d2e6c528e8268f4d0d1e6421,black-box HTTP,responses,python3 evidence/independent-verifier/stage-2/api.py --case responses --candidate FULL_REVISION --out NEW_DIRECTORY,UNVERIFIED,unverified,stage-2.md,no
TK2-cancel-single-table-ids,Response shapes,205,2,"2,3,4",systems-engineer,systems-engineer,independent-verifier,,Current singleton responses carry table_ids with their sole member.,4b92041057beb669d2e6c528e8268f4d0d1e6421,black-box HTTP,responses,python3 evidence/independent-verifier/stage-2/api.py --case responses --candidate FULL_REVISION --out NEW_DIRECTORY,UNVERIFIED,unverified,stage-2.md,no
TK2-cancel-single-table-id,Response shapes,205,2,"2,3,4",systems-engineer,systems-engineer,independent-verifier,,Current singleton responses also carry the legacy table_id.,4b92041057beb669d2e6c528e8268f4d0d1e6421,black-box HTTP,responses,python3 evidence/independent-verifier/stage-2/api.py --case responses --candidate FULL_REVISION --out NEW_DIRECTORY,UNVERIFIED,unverified,stage-2.md,no
TK2-cancel-pair-table-ids,Response shapes,205,2,"2,3,4",systems-engineer,systems-engineer,independent-verifier,,Current pair responses carry canonical table_ids in declared order.,4b92041057beb669d2e6c528e8268f4d0d1e6421,black-box HTTP,responses,python3 evidence/independent-verifier/stage-2/api.py --case responses --candidate FULL_REVISION --out NEW_DIRECTORY,UNVERIFIED,unverified,stage-2.md,no
TK2-cancel-pair-no-table-id,Response shapes,205,2,"2,3,4",systems-engineer,systems-engineer,independent-verifier,,Current pair responses omit table_id.,4b92041057beb669d2e6c528e8268f4d0d1e6421,black-box HTTP,responses,python3 evidence/independent-verifier/stage-2/api.py --case responses --candidate FULL_REVISION --out NEW_DIRECTORY,UNVERIFIED,unverified,stage-2.md,no
TK2-patch-single-table-ids,Response shapes,205,2,"2,3,4",systems-engineer,systems-engineer,independent-verifier,,Current singleton responses carry table_ids with their sole member.,4b92041057beb669d2e6c528e8268f4d0d1e6421,black-box HTTP,responses,python3 evidence/independent-verifier/stage-2/api.py --case responses --candidate FULL_REVISION --out NEW_DIRECTORY,UNVERIFIED,unverified,stage-2.md,no
TK2-patch-single-table-id,Response shapes,205,2,"2,3,4",systems-engineer,systems-engineer,independent-verifier,,Current singleton responses also carry the legacy table_id.,4b92041057beb669d2e6c528e8268f4d0d1e6421,black-box HTTP,responses,python3 evidence/independent-verifier/stage-2/api.py --case responses --candidate FULL_REVISION --out NEW_DIRECTORY,UNVERIFIED,unverified,stage-2.md,no
TK2-patch-pair-table-ids,Response shapes,205,2,"2,3,4",systems-engineer,systems-engineer,independent-verifier,,Current pair responses carry canonical table_ids in declared order.,4b92041057beb669d2e6c528e8268f4d0d1e6421,black-box HTTP,responses,python3 evidence/independent-verifier/stage-2/api.py --case responses --candidate FULL_REVISION --out NEW_DIRECTORY,UNVERIFIED,unverified,stage-2.md,no
TK2-patch-pair-no-table-id,Response shapes,205,2,"2,3,4",systems-engineer,systems-engineer,independent-verifier,,Current pair responses omit table_id.,4b92041057beb669d2e6c528e8268f4d0d1e6421,black-box HTTP,responses,python3 evidence/independent-verifier/stage-2/api.py --case responses --candidate FULL_REVISION --out NEW_DIRECTORY,UNVERIFIED,unverified,stage-2.md,no
TK2-moves-single-table-ids,Response shapes,205,2,"2,3,4",systems-engineer,systems-engineer,independent-verifier,,Current singleton responses carry table_ids with their sole member.,4b92041057beb669d2e6c528e8268f4d0d1e6421,black-box HTTP,responses,python3 evidence/independent-verifier/stage-2/api.py --case responses --candidate FULL_REVISION --out NEW_DIRECTORY,UNVERIFIED,unverified,stage-2.md,no
TK2-moves-single-table-id,Response shapes,205,2,"2,3,4",systems-engineer,systems-engineer,independent-verifier,,Current singleton responses also carry the legacy table_id.,4b92041057beb669d2e6c528e8268f4d0d1e6421,black-box HTTP,responses,python3 evidence/independent-verifier/stage-2/api.py --case responses --candidate FULL_REVISION --out NEW_DIRECTORY,UNVERIFIED,unverified,stage-2.md,no
TK2-moves-pair-table-ids,Response shapes,205,2,"2,3,4",systems-engineer,systems-engineer,independent-verifier,,Current pair responses carry canonical table_ids in declared order.,4b92041057beb669d2e6c528e8268f4d0d1e6421,black-box HTTP,responses,python3 evidence/independent-verifier/stage-2/api.py --case responses --candidate FULL_REVISION --out NEW_DIRECTORY,UNVERIFIED,unverified,stage-2.md,no
TK2-moves-pair-no-table-id,Response shapes,205,2,"2,3,4",systems-engineer,systems-engineer,independent-verifier,,Current pair responses omit table_id.,4b92041057beb669d2e6c528e8268f4d0d1e6421,black-box HTTP,responses,python3 evidence/independent-verifier/stage-2/api.py --case responses --candidate FULL_REVISION --out NEW_DIRECTORY,UNVERIFIED,unverified,stage-2.md,no
TK2-patch-single-to-pair,PATCH / cancel / Atomic moves,216,2,"2,3,4",systems-engineer,systems-engineer,independent-verifier,,An amendment atomically switches a single to a declared pair.,4b92041057beb669d2e6c528e8268f4d0d1e6421,black-box HTTP,transactions,python3 evidence/independent-verifier/stage-2/api.py --case transactions --candidate FULL_REVISION --out NEW_DIRECTORY,UNVERIFIED,unverified,stage-2.md,no
TK2-patch-pair-to-single,PATCH / cancel / Atomic moves,216,2,"2,3,4",systems-engineer,systems-engineer,independent-verifier,,An amendment atomically switches a pair to a single.,4b92041057beb669d2e6c528e8268f4d0d1e6421,black-box HTTP,transactions,python3 evidence/independent-verifier/stage-2/api.py --case transactions --candidate FULL_REVISION --out NEW_DIRECTORY,UNVERIFIED,unverified,stage-2.md,no
TK2-patch-pair-to-pair,PATCH / cancel / Atomic moves,216,2,"2,3,4",systems-engineer,systems-engineer,independent-verifier,,An amendment atomically moves a pair to another pair with a shared member.,4b92041057beb669d2e6c528e8268f4d0d1e6421,black-box HTTP,transactions,python3 evidence/independent-verifier/stage-2/api.py --case transactions --candidate FULL_REVISION --out NEW_DIRECTORY,UNVERIFIED,unverified,stage-2.md,no
TK2-cancel-pair-all-members,PATCH / cancel / Atomic moves,216,2,"2,3,4",systems-engineer,systems-engineer,independent-verifier,,Cancellation immediately releases every pair member.,4b92041057beb669d2e6c528e8268f4d0d1e6421,black-box HTTP,transactions,python3 evidence/independent-verifier/stage-2/api.py --case transactions --candidate FULL_REVISION --out NEW_DIRECTORY,UNVERIFIED,unverified,stage-2.md,no
TK2-moves-pair-swap,PATCH / cancel / Atomic moves,216,2,"2,3,4",systems-engineer,systems-engineer,independent-verifier,,Several occupied pair/single assignments can swap atomically.,4b92041057beb669d2e6c528e8268f4d0d1e6421,black-box HTTP,transactions,python3 evidence/independent-verifier/stage-2/api.py --case transactions --candidate FULL_REVISION --out NEW_DIRECTORY,UNVERIFIED,unverified,stage-2.md,no
TK2-moves-result-overlap,PATCH / cancel / Atomic moves,216,2,"2,3,4",systems-engineer,systems-engineer,independent-verifier,,Overlapping resulting pair/single assignments give table_unavailable.,4b92041057beb669d2e6c528e8268f4d0d1e6421,black-box HTTP,transactions,python3 evidence/independent-verifier/stage-2/api.py --case transactions --candidate FULL_REVISION --out NEW_DIRECTORY,UNVERIFIED,unverified,stage-2.md,no
TK2-moves-unlisted-overlap,PATCH / cancel / Atomic moves,216,2,"2,3,4",systems-engineer,systems-engineer,independent-verifier,,A resulting pair overlapping an unlisted booking gives table_unavailable.,4b92041057beb669d2e6c528e8268f4d0d1e6421,black-box HTTP,transactions,python3 evidence/independent-verifier/stage-2/api.py --case transactions --candidate FULL_REVISION --out NEW_DIRECTORY,UNVERIFIED,unverified,stage-2.md,no
TK2-moves-unchanged-occupancy,PATCH / cancel / Atomic moves,216,2,"2,3,4",systems-engineer,systems-engineer,independent-verifier,,An unchanged listed pair still occupies both members during transaction validation.,4b92041057beb669d2e6c528e8268f4d0d1e6421,black-box HTTP,transactions,python3 evidence/independent-verifier/stage-2/api.py --case transactions --candidate FULL_REVISION --out NEW_DIRECTORY,UNVERIFIED,unverified,stage-2.md,no
TK2-moves-pair-order-errors,PATCH / cancel / Atomic moves,216,2,"2,3,4",systems-engineer,systems-engineer,independent-verifier,,Pair batch non-occupancy errors retain inherited input-order and cutoff precedence.,4b92041057beb669d2e6c528e8268f4d0d1e6421,black-box HTTP,transactions,python3 evidence/independent-verifier/stage-2/api.py --case transactions --candidate FULL_REVISION --out NEW_DIRECTORY,UNVERIFIED,unverified,stage-2.md,no
TK2-pair-create-receipt,PATCH / cancel / Atomic moves,216,2,"2,3,4",systems-engineer,systems-engineer,independent-verifier,,Pair create replays return the exact original receipt after amendments/cancellation/import.,4b92041057beb669d2e6c528e8268f4d0d1e6421,black-box HTTP,transactions,python3 evidence/independent-verifier/stage-2/api.py --case transactions --candidate FULL_REVISION --out NEW_DIRECTORY,UNVERIFIED,unverified,stage-2.md,no
TK2-pair-move-receipt,PATCH / cancel / Atomic moves,216,2,"2,3,4",systems-engineer,systems-engineer,independent-verifier,,Pair batch replays return the exact original receipt after amendments/cancellation/import.,4b92041057beb669d2e6c528e8268f4d0d1e6421,black-box HTTP,transactions,python3 evidence/independent-verifier/stage-2/api.py --case transactions --candidate FULL_REVISION --out NEW_DIRECTORY,UNVERIFIED,unverified,stage-2.md,no
TK2-pair-reversed-key-conflict,PATCH / cancel / Atomic moves,216,2,"2,3,4",systems-engineer,systems-engineer,independent-verifier,,Reversed member-array JSON is a different parsed body for an already successful key.,4b92041057beb669d2e6c528e8268f4d0d1e6421,black-box HTTP,transactions,python3 evidence/independent-verifier/stage-2/api.py --case transactions --candidate FULL_REVISION --out NEW_DIRECTORY,UNVERIFIED,unverified,stage-2.md,no
TK2-pair-key-validation-priority,PATCH / cancel / Atomic moves,216,2,"2,3,4",systems-engineer,systems-engineer,independent-verifier,,A used pair key with a different invalid body conflicts before pair/resource validation.,4b92041057beb669d2e6c528e8268f4d0d1e6421,black-box HTTP,transactions,python3 evidence/independent-verifier/stage-2/api.py --case transactions --candidate FULL_REVISION --out NEW_DIRECTORY,UNVERIFIED,unverified,stage-2.md,no
TK2-pair-failed-key-reusable,PATCH / cancel / Atomic moves,216,2,"2,3,4",systems-engineer,systems-engineer,independent-verifier,,Rejected pair create/batch keys remain reusable.,4b92041057beb669d2e6c528e8268f4d0d1e6421,black-box HTTP,transactions,python3 evidence/independent-verifier/stage-2/api.py --case transactions --candidate FULL_REVISION --out NEW_DIRECTORY,UNVERIFIED,unverified,stage-2.md,no
TK2-pair-cell-testid,Combined table UI,219,2,"2,3,4",interface-engineer,interface-engineer,independent-verifier,,Available pair cells use slot-ta+tb-HH:MM in declaration order.,4b92041057beb669d2e6c528e8268f4d0d1e6421,browser DOM against actual API,pairs-ui,python3 evidence/independent-verifier/stage-2/browser.py --case pairs-ui --candidate FULL_REVISION --out NEW_DIRECTORY,UNVERIFIED,unverified,stage-2.md,no
TK2-pair-cell-availability,Combined table UI,219,2,"2,3,4",interface-engineer,interface-engineer,independent-verifier,,Pair cells' availability agrees with authoritative available_options.,4b92041057beb669d2e6c528e8268f4d0d1e6421,browser DOM against actual API,pairs-ui,python3 evidence/independent-verifier/stage-2/browser.py --case pairs-ui --candidate FULL_REVISION --out NEW_DIRECTORY,UNVERIFIED,unverified,stage-2.md,no
TK2-pair-cell-opens,Combined table UI,219,2,"2,3,4",interface-engineer,interface-engineer,independent-verifier,,An available pair cell opens the corresponding pair booking form.,4b92041057beb669d2e6c528e8268f4d0d1e6421,browser DOM against actual API,pairs-ui,python3 evidence/independent-verifier/stage-2/browser.py --case pairs-ui --candidate FULL_REVISION --out NEW_DIRECTORY,UNVERIFIED,unverified,stage-2.md,no
TK2-pair-summary-labels,Combined table UI,219,2,"2,3,4",interface-engineer,interface-engineer,independent-verifier,,Pair booking-summary names every selected human table label.,4b92041057beb669d2e6c528e8268f4d0d1e6421,browser DOM against actual API,pairs-ui,python3 evidence/independent-verifier/stage-2/browser.py --case pairs-ui --candidate FULL_REVISION --out NEW_DIRECTORY,UNVERIFIED,unverified,stage-2.md,no
TK2-pair-confirmation-labels,Combined table UI,219,2,"2,3,4",interface-engineer,interface-engineer,independent-verifier,,confirmation-tables contains every booked human table label.,4b92041057beb669d2e6c528e8268f4d0d1e6421,browser DOM against actual API,pairs-ui,python3 evidence/independent-verifier/stage-2/browser.py --case pairs-ui --candidate FULL_REVISION --out NEW_DIRECTORY,UNVERIFIED,unverified,stage-2.md,no
TK2-pair-lookup-labels,Combined table UI,219,2,"2,3,4",interface-engineer,interface-engineer,independent-verifier,,reservation-tables contains every pair member's human table label.,4b92041057beb669d2e6c528e8268f4d0d1e6421,browser DOM against actual API,pairs-ui,python3 evidence/independent-verifier/stage-2/browser.py --case pairs-ui --candidate FULL_REVISION --out NEW_DIRECTORY,UNVERIFIED,unverified,stage-2.md,no
TK2-single-ui-unchanged,Combined table UI,219,2,"2,3,4",interface-engineer,interface-engineer,independent-verifier,,"Single cell IDs, confirmation and lookup retain the inherited required behavior.",4b92041057beb669d2e6c528e8268f4d0d1e6421,browser DOM against actual API,pairs-ui,python3 evidence/independent-verifier/stage-2/browser.py --case pairs-ui --candidate FULL_REVISION --out NEW_DIRECTORY,UNVERIFIED,unverified,stage-2.md,no
TK2-pair-race-50,Concurrent bookings and amendments,237,2,"2,3,4",systems-engineer,systems-engineer,independent-verifier,,Fifty competing pair/single creates sharing a member yield one occupant and no partial booking.,4b92041057beb669d2e6c528e8268f4d0d1e6421,black-box HTTP,concurrency,python3 evidence/independent-verifier/stage-2/api.py --case concurrency --candidate FULL_REVISION --out NEW_DIRECTORY,UNVERIFIED,unverified,stage-2.md,no
TK2-pair-retry-50,Concurrent bookings and amendments,237,2,"2,3,4",systems-engineer,systems-engineer,independent-verifier,,Fifty identical unused pair-key requests yield exactly one 201 and forty-nine identical 200 receipts.,4b92041057beb669d2e6c528e8268f4d0d1e6421,black-box HTTP,concurrency,python3 evidence/independent-verifier/stage-2/api.py --case concurrency --candidate FULL_REVISION --out NEW_DIRECTORY,UNVERIFIED,unverified,stage-2.md,no
TK2-pair-create-patch-serial,Concurrent bookings and amendments,237,2,"2,3,4",systems-engineer,systems-engineer,independent-verifier,,Concurrent pair create/amend/read observations admit a serial order respecting real-time completion.,4b92041057beb669d2e6c528e8268f4d0d1e6421,black-box HTTP,concurrency,python3 evidence/independent-verifier/stage-2/api.py --case concurrency --candidate FULL_REVISION --out NEW_DIRECTORY,UNVERIFIED,unverified,stage-2.md,no
TK2-pair-move-cancel-serial,Concurrent bookings and amendments,237,2,"2,3,4",systems-engineer,systems-engineer,independent-verifier,,Concurrent pair moves/cancel/read observations admit a serial order respecting real-time completion.,4b92041057beb669d2e6c528e8268f4d0d1e6421,black-box HTTP,concurrency,python3 evidence/independent-verifier/stage-2/api.py --case concurrency --candidate FULL_REVISION --out NEW_DIRECTORY,UNVERIFIED,unverified,stage-2.md,no
TK2-pair-reads-atomic,Concurrent bookings and amendments,237,2,"2,3,4",systems-engineer,systems-engineer,independent-verifier,,Every availability/list/export read observes intact pair occupancy without partial transitions.,4b92041057beb669d2e6c528e8268f4d0d1e6421,black-box HTTP,concurrency,python3 evidence/independent-verifier/stage-2/api.py --case concurrency --candidate FULL_REVISION --out NEW_DIRECTORY,UNVERIFIED,unverified,stage-2.md,no
TK2-pair-random-oracle,Concurrent bookings and amendments,237,2,"2,3,4",systems-engineer,systems-engineer,independent-verifier,,Deterministic saved mixed single/pair operation traces agree with an independent occupancy oracle.,4b92041057beb669d2e6c528e8268f4d0d1e6421,black-box HTTP,concurrency,python3 evidence/independent-verifier/stage-2/api.py --case concurrency --candidate FULL_REVISION --out NEW_DIRECTORY,UNVERIFIED,unverified,stage-2.md,no
TK2-stage1-record-reservation_id,Existing clients after an upgrade / inherited export/import,131,2,"2,3,4",systems-engineer,systems-engineer,independent-verifier,,An imported genuine Stage 1 reservation retains its original reservation_id.,4b92041057beb669d2e6c528e8268f4d0d1e6421,black-box HTTP,upgrade,python3 evidence/independent-verifier/stage-2/api.py --case upgrade --candidate FULL_REVISION --out NEW_DIRECTORY,UNVERIFIED,unverified,stage-2.md,no
TK2-stage1-record-reference,Existing clients after an upgrade / inherited export/import,131,2,"2,3,4",systems-engineer,systems-engineer,independent-verifier,,An imported genuine Stage 1 reservation retains its original reference.,4b92041057beb669d2e6c528e8268f4d0d1e6421,black-box HTTP,upgrade,python3 evidence/independent-verifier/stage-2/api.py --case upgrade --candidate FULL_REVISION --out NEW_DIRECTORY,UNVERIFIED,unverified,stage-2.md,no
TK2-stage1-record-user_id,Existing clients after an upgrade / inherited export/import,131,2,"2,3,4",systems-engineer,systems-engineer,independent-verifier,,An imported genuine Stage 1 reservation retains its original user_id.,4b92041057beb669d2e6c528e8268f4d0d1e6421,black-box HTTP,upgrade,python3 evidence/independent-verifier/stage-2/api.py --case upgrade --candidate FULL_REVISION --out NEW_DIRECTORY,UNVERIFIED,unverified,stage-2.md,no
TK2-stage1-record-created_at,Existing clients after an upgrade / inherited export/import,131,2,"2,3,4",systems-engineer,systems-engineer,independent-verifier,,An imported genuine Stage 1 reservation retains its original created_at.,4b92041057beb669d2e6c528e8268f4d0d1e6421,black-box HTTP,upgrade,python3 evidence/independent-verifier/stage-2/api.py --case upgrade --candidate FULL_REVISION --out NEW_DIRECTORY,UNVERIFIED,unverified,stage-2.md,no
TK2-stage1-record-starts_at,Existing clients after an upgrade / inherited export/import,131,2,"2,3,4",systems-engineer,systems-engineer,independent-verifier,,An imported genuine Stage 1 reservation retains its original starts_at.,4b92041057beb669d2e6c528e8268f4d0d1e6421,black-box HTTP,upgrade,python3 evidence/independent-verifier/stage-2/api.py --case upgrade --candidate FULL_REVISION --out NEW_DIRECTORY,UNVERIFIED,unverified,stage-2.md,no
TK2-stage1-record-ends_at,Existing clients after an upgrade / inherited export/import,131,2,"2,3,4",systems-engineer,systems-engineer,independent-verifier,,An imported genuine Stage 1 reservation retains its original ends_at.,4b92041057beb669d2e6c528e8268f4d0d1e6421,black-box HTTP,upgrade,python3 evidence/independent-verifier/stage-2/api.py --case upgrade --candidate FULL_REVISION --out NEW_DIRECTORY,UNVERIFIED,unverified,stage-2.md,no
TK2-stage1-record-status,Existing clients after an upgrade / inherited export/import,131,2,"2,3,4",systems-engineer,systems-engineer,independent-verifier,,An imported genuine Stage 1 reservation retains its original status.,4b92041057beb669d2e6c528e8268f4d0d1e6421,black-box HTTP,upgrade,python3 evidence/independent-verifier/stage-2/api.py --case upgrade --candidate FULL_REVISION --out NEW_DIRECTORY,UNVERIFIED,unverified,stage-2.md,no
TK2-stage1-token,Existing clients after an upgrade,131,2,"2,3,4",systems-engineer,systems-engineer,independent-verifier,,Genuine Stage 1 bearer tokens remain valid after Stage 2 import.,4b92041057beb669d2e6c528e8268f4d0d1e6421,black-box HTTP,upgrade,python3 evidence/independent-verifier/stage-2/api.py --case upgrade --candidate FULL_REVISION --out NEW_DIRECTORY,UNVERIFIED,unverified,stage-2.md,no
TK2-stage1-password,Existing clients after an upgrade,131,2,"2,3,4",systems-engineer,systems-engineer,independent-verifier,,Imported Stage 1 hashed-password accounts remain able to log in.,4b92041057beb669d2e6c528e8268f4d0d1e6421,black-box HTTP,upgrade,python3 evidence/independent-verifier/stage-2/api.py --case upgrade --candidate FULL_REVISION --out NEW_DIRECTORY,UNVERIFIED,unverified,stage-2.md,no
TK2-patch-retained-reservation_id,PATCH / inherited amendment identity,216,2,"2,3,4",systems-engineer,systems-engineer,independent-verifier,,Pair amendments retain original reservation_id.,4b92041057beb669d2e6c528e8268f4d0d1e6421,black-box HTTP,transactions,python3 evidence/independent-verifier/stage-2/api.py --case transactions --candidate FULL_REVISION --out NEW_DIRECTORY,UNVERIFIED,unverified,stage-2.md,no
TK2-patch-retained-reference,PATCH / inherited amendment identity,216,2,"2,3,4",systems-engineer,systems-engineer,independent-verifier,,Pair amendments retain original reference.,4b92041057beb669d2e6c528e8268f4d0d1e6421,black-box HTTP,transactions,python3 evidence/independent-verifier/stage-2/api.py --case transactions --candidate FULL_REVISION --out NEW_DIRECTORY,UNVERIFIED,unverified,stage-2.md,no
TK2-patch-retained-user_id,PATCH / inherited amendment identity,216,2,"2,3,4",systems-engineer,systems-engineer,independent-verifier,,Pair amendments retain original user_id.,4b92041057beb669d2e6c528e8268f4d0d1e6421,black-box HTTP,transactions,python3 evidence/independent-verifier/stage-2/api.py --case transactions --candidate FULL_REVISION --out NEW_DIRECTORY,UNVERIFIED,unverified,stage-2.md,no
TK2-patch-retained-created_at,PATCH / inherited amendment identity,216,2,"2,3,4",systems-engineer,systems-engineer,independent-verifier,,Pair amendments retain original created_at.,4b92041057beb669d2e6c528e8268f4d0d1e6421,black-box HTTP,transactions,python3 evidence/independent-verifier/stage-2/api.py --case transactions --candidate FULL_REVISION --out NEW_DIRECTORY,UNVERIFIED,unverified,stage-2.md,no
TK2-pair-import-occupancy,Inherited export/import of combined records,233,2,"2,3,4",systems-engineer,systems-engineer,independent-verifier,,Independent-process export/import preserves pair occupancy.,4b92041057beb669d2e6c528e8268f4d0d1e6421,black-box HTTP,transactions,python3 evidence/independent-verifier/stage-2/api.py --case transactions --candidate FULL_REVISION --out NEW_DIRECTORY,UNVERIFIED,unverified,stage-2.md,no
TK2-pair-import-configuration,Inherited export/import of combined records,233,2,"2,3,4",systems-engineer,systems-engineer,independent-verifier,,Independent-process export/import preserves pair configuration.,4b92041057beb669d2e6c528e8268f4d0d1e6421,black-box HTTP,transactions,python3 evidence/independent-verifier/stage-2/api.py --case transactions --candidate FULL_REVISION --out NEW_DIRECTORY,UNVERIFIED,unverified,stage-2.md,no
TK2-pair-import-records,Inherited export/import of combined records,233,2,"2,3,4",systems-engineer,systems-engineer,independent-verifier,,Independent-process export/import preserves pair records.,4b92041057beb669d2e6c528e8268f4d0d1e6421,black-box HTTP,transactions,python3 evidence/independent-verifier/stage-2/api.py --case transactions --candidate FULL_REVISION --out NEW_DIRECTORY,UNVERIFIED,unverified,stage-2.md,no
TK2-pair-import-tokens,Inherited export/import of combined records,233,2,"2,3,4",systems-engineer,systems-engineer,independent-verifier,,Independent-process export/import preserves pair tokens.,4b92041057beb669d2e6c528e8268f4d0d1e6421,black-box HTTP,transactions,python3 evidence/independent-verifier/stage-2/api.py --case transactions --candidate FULL_REVISION --out NEW_DIRECTORY,UNVERIFIED,unverified,stage-2.md,no
TK2-pair-import-original-receipts,Inherited export/import of combined records,233,2,"2,3,4",systems-engineer,systems-engineer,independent-verifier,,Independent-process export/import preserves pair original-receipts.,4b92041057beb669d2e6c528e8268f4d0d1e6421,black-box HTTP,transactions,python3 evidence/independent-verifier/stage-2/api.py --case transactions --candidate FULL_REVISION --out NEW_DIRECTORY,UNVERIFIED,unverified,stage-2.md,no
TK2-pair-berlin-gap-availability,Combined duration / inherited Time and DST,141,2,"2,3,4",systems-engineer,systems-engineer,independent-verifier,,Skipped-hour starts are absent from berlin pair availability on 2026-03-29.,4b92041057beb669d2e6c528e8268f4d0d1e6421,black-box HTTP,dst,python3 evidence/independent-verifier/stage-2/api.py --case dst --candidate FULL_REVISION --out NEW_DIRECTORY,UNVERIFIED,unverified,stage-2.md,no
TK2-pair-berlin-gap-create,Combined duration / inherited Time and DST,141,2,"2,3,4",systems-engineer,systems-engineer,independent-verifier,,Pair create for a nonexistent berlin local time gives 422 invalid_local_time.,4b92041057beb669d2e6c528e8268f4d0d1e6421,black-box HTTP,dst,python3 evidence/independent-verifier/stage-2/api.py --case dst --candidate FULL_REVISION --out NEW_DIRECTORY,UNVERIFIED,unverified,stage-2.md,no
TK2-pair-berlin-repeat-first,Combined duration / inherited Time and DST,141,2,"2,3,4",systems-engineer,systems-engineer,independent-verifier,,Pair starts in the berlin repeated hour resolve to the first occurrence on 2026-10-25.,4b92041057beb669d2e6c528e8268f4d0d1e6421,black-box HTTP,dst,python3 evidence/independent-verifier/stage-2/api.py --case dst --candidate FULL_REVISION --out NEW_DIRECTORY,UNVERIFIED,unverified,stage-2.md,no
TK2-pair-berlin-repeat-once,Combined duration / inherited Time and DST,141,2,"2,3,4",systems-engineer,systems-engineer,independent-verifier,,Repeated local slots appear only once in berlin availability.,4b92041057beb669d2e6c528e8268f4d0d1e6421,black-box HTTP,dst,python3 evidence/independent-verifier/stage-2/api.py --case dst --candidate FULL_REVISION --out NEW_DIRECTORY,UNVERIFIED,unverified,stage-2.md,no
TK2-pair-berlin-absolute-duration,Combined duration / inherited Time and DST,141,2,"2,3,4",systems-engineer,systems-engineer,independent-verifier,,Pair duration is absolute time across the berlin fall-back transition.,4b92041057beb669d2e6c528e8268f4d0d1e6421,black-box HTTP,dst,python3 evidence/independent-verifier/stage-2/api.py --case dst --candidate FULL_REVISION --out NEW_DIRECTORY,UNVERIFIED,unverified,stage-2.md,no
TK2-pair-new-york-gap-availability,Combined duration / inherited Time and DST,141,2,"2,3,4",systems-engineer,systems-engineer,independent-verifier,,Skipped-hour starts are absent from new-york pair availability on 2026-03-08.,4b92041057beb669d2e6c528e8268f4d0d1e6421,black-box HTTP,dst,python3 evidence/independent-verifier/stage-2/api.py --case dst --candidate FULL_REVISION --out NEW_DIRECTORY,UNVERIFIED,unverified,stage-2.md,no
TK2-pair-new-york-gap-create,Combined duration / inherited Time and DST,141,2,"2,3,4",systems-engineer,systems-engineer,independent-verifier,,Pair create for a nonexistent new-york local time gives 422 invalid_local_time.,4b92041057beb669d2e6c528e8268f4d0d1e6421,black-box HTTP,dst,python3 evidence/independent-verifier/stage-2/api.py --case dst --candidate FULL_REVISION --out NEW_DIRECTORY,UNVERIFIED,unverified,stage-2.md,no
TK2-pair-new-york-repeat-first,Combined duration / inherited Time and DST,141,2,"2,3,4",systems-engineer,systems-engineer,independent-verifier,,Pair starts in the new-york repeated hour resolve to the first occurrence on 2026-11-01.,4b92041057beb669d2e6c528e8268f4d0d1e6421,black-box HTTP,dst,python3 evidence/independent-verifier/stage-2/api.py --case dst --candidate FULL_REVISION --out NEW_DIRECTORY,UNVERIFIED,unverified,stage-2.md,no
TK2-pair-new-york-repeat-once,Combined duration / inherited Time and DST,141,2,"2,3,4",systems-engineer,systems-engineer,independent-verifier,,Repeated local slots appear only once in new-york availability.,4b92041057beb669d2e6c528e8268f4d0d1e6421,black-box HTTP,dst,python3 evidence/independent-verifier/stage-2/api.py --case dst --candidate FULL_REVISION --out NEW_DIRECTORY,UNVERIFIED,unverified,stage-2.md,no
TK2-pair-new-york-absolute-duration,Combined duration / inherited Time and DST,141,2,"2,3,4",systems-engineer,systems-engineer,independent-verifier,,Pair duration is absolute time across the new-york fall-back transition.,4b92041057beb669d2e6c528e8268f4d0d1e6421,black-box HTTP,dst,python3 evidence/independent-verifier/stage-2/api.py --case dst --candidate FULL_REVISION --out NEW_DIRECTORY,UNVERIFIED,unverified,stage-2.md,no
TK2-fixture-pair-outer-string,Combinable fixture model / inherited type rules,157,2,"2,3,4",systems-engineer,systems-engineer,independent-verifier,,Reset rejects a string combinable field with 400 malformed_request.,4b92041057beb669d2e6c528e8268f4d0d1e6421,black-box HTTP,fixture,python3 evidence/independent-verifier/stage-2/api.py --case fixture --candidate FULL_REVISION --out NEW_DIRECTORY,UNVERIFIED,unverified,stage-2.md,no
TK2-fixture-pair-entry-string,Combinable fixture model / inherited type rules,157,2,"2,3,4",systems-engineer,systems-engineer,independent-verifier,,Reset rejects a string pair entry with 400 malformed_request.,4b92041057beb669d2e6c528e8268f4d0d1e6421,black-box HTTP,fixture,python3 evidence/independent-verifier/stage-2/api.py --case fixture --candidate FULL_REVISION --out NEW_DIRECTORY,UNVERIFIED,unverified,stage-2.md,no
TK2-fixture-pair-member-number,Combinable fixture model / inherited type rules,157,2,"2,3,4",systems-engineer,systems-engineer,independent-verifier,,Reset rejects a nonstring pair member with 400 malformed_request.,4b92041057beb669d2e6c528e8268f4d0d1e6421,black-box HTTP,fixture,python3 evidence/independent-verifier/stage-2/api.py --case fixture --candidate FULL_REVISION --out NEW_DIRECTORY,UNVERIFIED,unverified,stage-2.md,no
TK2-fixture-pair-one-member,Combinable fixture model / inherited value rules,157,2,"2,3,4",systems-engineer,systems-engineer,independent-verifier,,Reset rejects a one-member combinable entry violating an in-restaurant two-member pair with 422 validation_failed.,4b92041057beb669d2e6c528e8268f4d0d1e6421,black-box HTTP,fixture,python3 evidence/independent-verifier/stage-2/api.py --case fixture --candidate FULL_REVISION --out NEW_DIRECTORY,UNVERIFIED,unverified,stage-2.md,no
TK2-fixture-pair-three-members,Combinable fixture model / inherited value rules,157,2,"2,3,4",systems-engineer,systems-engineer,independent-verifier,,Reset rejects a three-members combinable entry violating an in-restaurant two-member pair with 422 validation_failed.,4b92041057beb669d2e6c528e8268f4d0d1e6421,black-box HTTP,fixture,python3 evidence/independent-verifier/stage-2/api.py --case fixture --candidate FULL_REVISION --out NEW_DIRECTORY,UNVERIFIED,unverified,stage-2.md,no
TK2-fixture-pair-same-member-twice,Combinable fixture model / inherited value rules,157,2,"2,3,4",systems-engineer,systems-engineer,independent-verifier,,Reset rejects a same-member-twice combinable entry violating an in-restaurant two-member pair with 422 validation_failed.,4b92041057beb669d2e6c528e8268f4d0d1e6421,black-box HTTP,fixture,python3 evidence/independent-verifier/stage-2/api.py --case fixture --candidate FULL_REVISION --out NEW_DIRECTORY,UNVERIFIED,unverified,stage-2.md,no
TK2-fixture-pair-unknown-member,Combinable fixture model / inherited value rules,157,2,"2,3,4",systems-engineer,systems-engineer,independent-verifier,,Reset rejects a unknown-member combinable entry violating an in-restaurant two-member pair with 422 validation_failed.,4b92041057beb669d2e6c528e8268f4d0d1e6421,black-box HTTP,fixture,python3 evidence/independent-verifier/stage-2/api.py --case fixture --candidate FULL_REVISION --out NEW_DIRECTORY,UNVERIFIED,unverified,stage-2.md,no
TK2-fixture-pair-foreign-member,Combinable fixture model / inherited value rules,157,2,"2,3,4",systems-engineer,systems-engineer,independent-verifier,,Reset rejects a foreign-member combinable entry violating an in-restaurant two-member pair with 422 validation_failed.,4b92041057beb669d2e6c528e8268f4d0d1e6421,black-box HTTP,fixture,python3 evidence/independent-verifier/stage-2/api.py --case fixture --candidate FULL_REVISION --out NEW_DIRECTORY,UNVERIFIED,unverified,stage-2.md,no
TK2-integer-single-unsafe-reset,"Inherited Stage 1 §§4,5,8 / Search, Booking form and Combined tables",95,2,"2,3,4",interface-engineer,interface-engineer,independent-verifier,"Stage 1 fixture capacity and positive party_size have no stated maximum. Later policy limits do not restrict the base fixture. Query decimal spelling is mandatory; JSON body evidence is checked by exact numeric value, not host floating point.",A fitting base fixture with a positive integer capacity beyond 2^53 is accepted without an unstated numeric ceiling.,4b92041057beb669d2e6c528e8268f4d0d1e6421,browser raw wire capture plus exact Python/Decimal HTTP oracle,integer-boundary,python3 evidence/independent-verifier/stage-2/browser.py --case integer-boundary --candidate FULL_REVISION --out NEW_DIRECTORY,UNVERIFIED,unverified,stage-2.md,no
TK2-integer-single-unsafe-api-control,"Inherited Stage 1 §§4,5,8 / Search, Booking form and Combined tables",95,2,"2,3,4",interface-engineer,interface-engineer,independent-verifier,"Stage 1 fixture capacity and positive party_size have no stated maximum. Later policy limits do not restrict the base fixture. Query decimal spelling is mandatory; JSON body evidence is checked by exact numeric value, not host floating point.",The exact plain-digit party-size API control offers the fitting singleton or declared pair.,4b92041057beb669d2e6c528e8268f4d0d1e6421,browser raw wire capture plus exact Python/Decimal HTTP oracle,integer-boundary,python3 evidence/independent-verifier/stage-2/browser.py --case integer-boundary --candidate FULL_REVISION --out NEW_DIRECTORY,UNVERIFIED,unverified,stage-2.md,no
TK2-integer-single-unsafe-search-input,"Inherited Stage 1 §§4,5,8 / Search, Booking form and Combined tables",95,2,"2,3,4",interface-engineer,interface-engineer,independent-verifier,"Stage 1 fixture capacity and positive party_size have no stated maximum. Later policy limits do not restrict the base fixture. Query decimal spelling is mandatory; JSON body evidence is checked by exact numeric value, not host floating point.",The actual browser search input retains the entered plain-digit positive integer.,4b92041057beb669d2e6c528e8268f4d0d1e6421,browser raw wire capture plus exact Python/Decimal HTTP oracle,integer-boundary,python3 evidence/independent-verifier/stage-2/browser.py --case integer-boundary --candidate FULL_REVISION --out NEW_DIRECTORY,UNVERIFIED,unverified,stage-2.md,no
TK2-integer-single-unsafe-query,"Inherited Stage 1 §§4,5,8 / Search, Booking form and Combined tables",95,2,"2,3,4",interface-engineer,interface-engineer,independent-verifier,"Stage 1 fixture capacity and positive party_size have no stated maximum. Later policy limits do not restrict the base fixture. Query decimal spelling is mandatory; JSON body evidence is checked by exact numeric value, not host floating point.","The actual browser emits that exact value as plain decimal query digits, without rounding or exponent notation.",4b92041057beb669d2e6c528e8268f4d0d1e6421,browser raw wire capture plus exact Python/Decimal HTTP oracle,integer-boundary,python3 evidence/independent-verifier/stage-2/browser.py --case integer-boundary --candidate FULL_REVISION --out NEW_DIRECTORY,UNVERIFIED,unverified,stage-2.md,no
TK2-integer-single-unsafe-grid,"Inherited Stage 1 §§4,5,8 / Search, Booking form and Combined tables",95,2,"2,3,4",interface-engineer,interface-engineer,independent-verifier,"Stage 1 fixture capacity and positive party_size have no stated maximum. Later policy limits do not restrict the base fixture. Query decimal spelling is mandatory; JSON body evidence is checked by exact numeric value, not host floating point.",The fitting singleton/pair cell is available for the exact searched party size.,4b92041057beb669d2e6c528e8268f4d0d1e6421,browser raw wire capture plus exact Python/Decimal HTTP oracle,integer-boundary,python3 evidence/independent-verifier/stage-2/browser.py --case integer-boundary --candidate FULL_REVISION --out NEW_DIRECTORY,UNVERIFIED,unverified,stage-2.md,no
TK2-integer-single-unsafe-prefill,"Inherited Stage 1 §§4,5,8 / Search, Booking form and Combined tables",95,2,"2,3,4",interface-engineer,interface-engineer,independent-verifier,"Stage 1 fixture capacity and positive party_size have no stated maximum. Later policy limits do not restrict the base fixture. Query decimal spelling is mandatory; JSON body evidence is checked by exact numeric value, not host floating point.","The booking party input is prefilled with the exact searched integer, without Number rounding.",4b92041057beb669d2e6c528e8268f4d0d1e6421,browser raw wire capture plus exact Python/Decimal HTTP oracle,integer-boundary,python3 evidence/independent-verifier/stage-2/browser.py --case integer-boundary --candidate FULL_REVISION --out NEW_DIRECTORY,UNVERIFIED,unverified,stage-2.md,no
TK2-integer-single-unsafe-body,"Inherited Stage 1 §§4,5,8 / Search, Booking form and Combined tables",95,2,"2,3,4",interface-engineer,interface-engineer,independent-verifier,"Stage 1 fixture capacity and positive party_size have no stated maximum. Later policy limits do not restrict the base fixture. Query decimal spelling is mandatory; JSON body evidence is checked by exact numeric value, not host floating point.","The emitted request party_size is a JSON numeric value equal to the exact entered integer, not a rounded value or string.",4b92041057beb669d2e6c528e8268f4d0d1e6421,browser raw wire capture plus exact Python/Decimal HTTP oracle,integer-boundary,python3 evidence/independent-verifier/stage-2/browser.py --case integer-boundary --candidate FULL_REVISION --out NEW_DIRECTORY,UNVERIFIED,unverified,stage-2.md,no
TK2-integer-single-unsafe-success,"Inherited Stage 1 §§4,5,8 / Search, Booking form and Combined tables",95,2,"2,3,4",interface-engineer,interface-engineer,independent-verifier,"Stage 1 fixture capacity and positive party_size have no stated maximum. Later policy limits do not restrict the base fixture. Query decimal spelling is mandatory; JSON body evidence is checked by exact numeric value, not host floating point.",The valid fitting exact-party request receives successful authoritative confirmation.,4b92041057beb669d2e6c528e8268f4d0d1e6421,browser raw wire capture plus exact Python/Decimal HTTP oracle,integer-boundary,python3 evidence/independent-verifier/stage-2/browser.py --case integer-boundary --candidate FULL_REVISION --out NEW_DIRECTORY,UNVERIFIED,unverified,stage-2.md,no
TK2-integer-single-unsafe-stored,"Inherited Stage 1 §§4,5,8 / Search, Booking form and Combined tables",95,2,"2,3,4",interface-engineer,interface-engineer,independent-verifier,"Stage 1 fixture capacity and positive party_size have no stated maximum. Later policy limits do not restrict the base fixture. Query decimal spelling is mandatory; JSON body evidence is checked by exact numeric value, not host floating point.",The server's reservation lookup preserves the exact integer party_size.,4b92041057beb669d2e6c528e8268f4d0d1e6421,browser raw wire capture plus exact Python/Decimal HTTP oracle,integer-boundary,python3 evidence/independent-verifier/stage-2/browser.py --case integer-boundary --candidate FULL_REVISION --out NEW_DIRECTORY,UNVERIFIED,unverified,stage-2.md,no
TK2-integer-single-unsafe-repeat-identity,"Inherited Stage 1 §§4,5,8 / Search, Booking form and Combined tables",95,2,"2,3,4",interface-engineer,interface-engineer,independent-verifier,"Stage 1 fixture capacity and positive party_size have no stated maximum. Later policy limits do not restrict the base fixture. Query decimal spelling is mandatory; JSON body evidence is checked by exact numeric value, not host floating point.",Unchanged large-integer resubmission retains the exact parsed JSON value and idempotency key; key order and whitespace remain immaterial.,4b92041057beb669d2e6c528e8268f4d0d1e6421,browser raw wire capture plus exact Python/Decimal HTTP oracle,integer-boundary,python3 evidence/independent-verifier/stage-2/browser.py --case integer-boundary --candidate FULL_REVISION --out NEW_DIRECTORY,UNVERIFIED,unverified,stage-2.md,no
TK2-integer-single-unsafe-repeat-reference,"Inherited Stage 1 §§4,5,8 / Search, Booking form and Combined tables",95,2,"2,3,4",interface-engineer,interface-engineer,independent-verifier,"Stage 1 fixture capacity and positive party_size have no stated maximum. Later policy limits do not restrict the base fixture. Query decimal spelling is mandatory; JSON body evidence is checked by exact numeric value, not host floating point.",Unchanged large-integer resubmission recovers the same original reference with 200.,4b92041057beb669d2e6c528e8268f4d0d1e6421,browser raw wire capture plus exact Python/Decimal HTTP oracle,integer-boundary,python3 evidence/independent-verifier/stage-2/browser.py --case integer-boundary --candidate FULL_REVISION --out NEW_DIRECTORY,UNVERIFIED,unverified,stage-2.md,no
TK2-integer-single-unsafe-one-record,"Inherited Stage 1 §§4,5,8 / Search, Booking form and Combined tables",95,2,"2,3,4",interface-engineer,interface-engineer,independent-verifier,"Stage 1 fixture capacity and positive party_size have no stated maximum. Later policy limits do not restrict the base fixture. Query decimal spelling is mandatory; JSON body evidence is checked by exact numeric value, not host floating point.",An unchanged large-integer resubmission leaves exactly one owned reservation.,4b92041057beb669d2e6c528e8268f4d0d1e6421,browser raw wire capture plus exact Python/Decimal HTTP oracle,integer-boundary,python3 evidence/independent-verifier/stage-2/browser.py --case integer-boundary --candidate FULL_REVISION --out NEW_DIRECTORY,UNVERIFIED,unverified,stage-2.md,no
TK2-integer-single-scientific-reset,"Inherited Stage 1 §§4,5,8 / Search, Booking form and Combined tables",95,2,"2,3,4",interface-engineer,interface-engineer,independent-verifier,"Stage 1 fixture capacity and positive party_size have no stated maximum. Later policy limits do not restrict the base fixture. Query decimal spelling is mandatory; JSON body evidence is checked by exact numeric value, not host floating point.",A fitting base fixture with a positive integer capacity beyond 2^53 is accepted without an unstated numeric ceiling.,4b92041057beb669d2e6c528e8268f4d0d1e6421,browser raw wire capture plus exact Python/Decimal HTTP oracle,integer-boundary,python3 evidence/independent-verifier/stage-2/browser.py --case integer-boundary --candidate FULL_REVISION --out NEW_DIRECTORY,UNVERIFIED,unverified,stage-2.md,no
TK2-integer-single-scientific-api-control,"Inherited Stage 1 §§4,5,8 / Search, Booking form and Combined tables",95,2,"2,3,4",interface-engineer,interface-engineer,independent-verifier,"Stage 1 fixture capacity and positive party_size have no stated maximum. Later policy limits do not restrict the base fixture. Query decimal spelling is mandatory; JSON body evidence is checked by exact numeric value, not host floating point.",The exact plain-digit party-size API control offers the fitting singleton or declared pair.,4b92041057beb669d2e6c528e8268f4d0d1e6421,browser raw wire capture plus exact Python/Decimal HTTP oracle,integer-boundary,python3 evidence/independent-verifier/stage-2/browser.py --case integer-boundary --candidate FULL_REVISION --out NEW_DIRECTORY,UNVERIFIED,unverified,stage-2.md,no
TK2-integer-single-scientific-search-input,"Inherited Stage 1 §§4,5,8 / Search, Booking form and Combined tables",95,2,"2,3,4",interface-engineer,interface-engineer,independent-verifier,"Stage 1 fixture capacity and positive party_size have no stated maximum. Later policy limits do not restrict the base fixture. Query decimal spelling is mandatory; JSON body evidence is checked by exact numeric value, not host floating point.",The actual browser search input retains the entered plain-digit positive integer.,4b92041057beb669d2e6c528e8268f4d0d1e6421,browser raw wire capture plus exact Python/Decimal HTTP oracle,integer-boundary,python3 evidence/independent-verifier/stage-2/browser.py --case integer-boundary --candidate FULL_REVISION --out NEW_DIRECTORY,UNVERIFIED,unverified,stage-2.md,no
TK2-integer-single-scientific-query,"Inherited Stage 1 §§4,5,8 / Search, Booking form and Combined tables",95,2,"2,3,4",interface-engineer,interface-engineer,independent-verifier,"Stage 1 fixture capacity and positive party_size have no stated maximum. Later policy limits do not restrict the base fixture. Query decimal spelling is mandatory; JSON body evidence is checked by exact numeric value, not host floating point.","The actual browser emits that exact value as plain decimal query digits, without rounding or exponent notation.",4b92041057beb669d2e6c528e8268f4d0d1e6421,browser raw wire capture plus exact Python/Decimal HTTP oracle,integer-boundary,python3 evidence/independent-verifier/stage-2/browser.py --case integer-boundary --candidate FULL_REVISION --out NEW_DIRECTORY,UNVERIFIED,unverified,stage-2.md,no
TK2-integer-single-scientific-grid,"Inherited Stage 1 §§4,5,8 / Search, Booking form and Combined tables",95,2,"2,3,4",interface-engineer,interface-engineer,independent-verifier,"Stage 1 fixture capacity and positive party_size have no stated maximum. Later policy limits do not restrict the base fixture. Query decimal spelling is mandatory; JSON body evidence is checked by exact numeric value, not host floating point.",The fitting singleton/pair cell is available for the exact searched party size.,4b92041057beb669d2e6c528e8268f4d0d1e6421,browser raw wire capture plus exact Python/Decimal HTTP oracle,integer-boundary,python3 evidence/independent-verifier/stage-2/browser.py --case integer-boundary --candidate FULL_REVISION --out NEW_DIRECTORY,UNVERIFIED,unverified,stage-2.md,no
TK2-integer-single-scientific-prefill,"Inherited Stage 1 §§4,5,8 / Search, Booking form and Combined tables",95,2,"2,3,4",interface-engineer,interface-engineer,independent-verifier,"Stage 1 fixture capacity and positive party_size have no stated maximum. Later policy limits do not restrict the base fixture. Query decimal spelling is mandatory; JSON body evidence is checked by exact numeric value, not host floating point.","The booking party input is prefilled with the exact searched integer, without Number rounding.",4b92041057beb669d2e6c528e8268f4d0d1e6421,browser raw wire capture plus exact Python/Decimal HTTP oracle,integer-boundary,python3 evidence/independent-verifier/stage-2/browser.py --case integer-boundary --candidate FULL_REVISION --out NEW_DIRECTORY,UNVERIFIED,unverified,stage-2.md,no
TK2-integer-single-scientific-body,"Inherited Stage 1 §§4,5,8 / Search, Booking form and Combined tables",95,2,"2,3,4",interface-engineer,interface-engineer,independent-verifier,"Stage 1 fixture capacity and positive party_size have no stated maximum. Later policy limits do not restrict the base fixture. Query decimal spelling is mandatory; JSON body evidence is checked by exact numeric value, not host floating point.","The emitted request party_size is a JSON numeric value equal to the exact entered integer, not a rounded value or string.",4b92041057beb669d2e6c528e8268f4d0d1e6421,browser raw wire capture plus exact Python/Decimal HTTP oracle,integer-boundary,python3 evidence/independent-verifier/stage-2/browser.py --case integer-boundary --candidate FULL_REVISION --out NEW_DIRECTORY,UNVERIFIED,unverified,stage-2.md,no
TK2-integer-single-scientific-success,"Inherited Stage 1 §§4,5,8 / Search, Booking form and Combined tables",95,2,"2,3,4",interface-engineer,interface-engineer,independent-verifier,"Stage 1 fixture capacity and positive party_size have no stated maximum. Later policy limits do not restrict the base fixture. Query decimal spelling is mandatory; JSON body evidence is checked by exact numeric value, not host floating point.",The valid fitting exact-party request receives successful authoritative confirmation.,4b92041057beb669d2e6c528e8268f4d0d1e6421,browser raw wire capture plus exact Python/Decimal HTTP oracle,integer-boundary,python3 evidence/independent-verifier/stage-2/browser.py --case integer-boundary --candidate FULL_REVISION --out NEW_DIRECTORY,UNVERIFIED,unverified,stage-2.md,no
TK2-integer-single-scientific-stored,"Inherited Stage 1 §§4,5,8 / Search, Booking form and Combined tables",95,2,"2,3,4",interface-engineer,interface-engineer,independent-verifier,"Stage 1 fixture capacity and positive party_size have no stated maximum. Later policy limits do not restrict the base fixture. Query decimal spelling is mandatory; JSON body evidence is checked by exact numeric value, not host floating point.",The server's reservation lookup preserves the exact integer party_size.,4b92041057beb669d2e6c528e8268f4d0d1e6421,browser raw wire capture plus exact Python/Decimal HTTP oracle,integer-boundary,python3 evidence/independent-verifier/stage-2/browser.py --case integer-boundary --candidate FULL_REVISION --out NEW_DIRECTORY,UNVERIFIED,unverified,stage-2.md,no
TK2-integer-single-scientific-repeat-identity,"Inherited Stage 1 §§4,5,8 / Search, Booking form and Combined tables",95,2,"2,3,4",interface-engineer,interface-engineer,independent-verifier,"Stage 1 fixture capacity and positive party_size have no stated maximum. Later policy limits do not restrict the base fixture. Query decimal spelling is mandatory; JSON body evidence is checked by exact numeric value, not host floating point.",Unchanged large-integer resubmission retains the exact parsed JSON value and idempotency key; key order and whitespace remain immaterial.,4b92041057beb669d2e6c528e8268f4d0d1e6421,browser raw wire capture plus exact Python/Decimal HTTP oracle,integer-boundary,python3 evidence/independent-verifier/stage-2/browser.py --case integer-boundary --candidate FULL_REVISION --out NEW_DIRECTORY,UNVERIFIED,unverified,stage-2.md,no
TK2-integer-single-scientific-repeat-reference,"Inherited Stage 1 §§4,5,8 / Search, Booking form and Combined tables",95,2,"2,3,4",interface-engineer,interface-engineer,independent-verifier,"Stage 1 fixture capacity and positive party_size have no stated maximum. Later policy limits do not restrict the base fixture. Query decimal spelling is mandatory; JSON body evidence is checked by exact numeric value, not host floating point.",Unchanged large-integer resubmission recovers the same original reference with 200.,4b92041057beb669d2e6c528e8268f4d0d1e6421,browser raw wire capture plus exact Python/Decimal HTTP oracle,integer-boundary,python3 evidence/independent-verifier/stage-2/browser.py --case integer-boundary --candidate FULL_REVISION --out NEW_DIRECTORY,UNVERIFIED,unverified,stage-2.md,no
TK2-integer-single-scientific-one-record,"Inherited Stage 1 §§4,5,8 / Search, Booking form and Combined tables",95,2,"2,3,4",interface-engineer,interface-engineer,independent-verifier,"Stage 1 fixture capacity and positive party_size have no stated maximum. Later policy limits do not restrict the base fixture. Query decimal spelling is mandatory; JSON body evidence is checked by exact numeric value, not host floating point.",An unchanged large-integer resubmission leaves exactly one owned reservation.,4b92041057beb669d2e6c528e8268f4d0d1e6421,browser raw wire capture plus exact Python/Decimal HTTP oracle,integer-boundary,python3 evidence/independent-verifier/stage-2/browser.py --case integer-boundary --candidate FULL_REVISION --out NEW_DIRECTORY,UNVERIFIED,unverified,stage-2.md,no
TK2-integer-pair-unsafe-reset,"Inherited Stage 1 §§4,5,8 / Search, Booking form and Combined tables",95,2,"2,3,4",interface-engineer,interface-engineer,independent-verifier,"Stage 1 fixture capacity and positive party_size have no stated maximum. Later policy limits do not restrict the base fixture. Query decimal spelling is mandatory; JSON body evidence is checked by exact numeric value, not host floating point.",A fitting base fixture with a positive integer capacity beyond 2^53 is accepted without an unstated numeric ceiling.,4b92041057beb669d2e6c528e8268f4d0d1e6421,browser raw wire capture plus exact Python/Decimal HTTP oracle,integer-boundary,python3 evidence/independent-verifier/stage-2/browser.py --case integer-boundary --candidate FULL_REVISION --out NEW_DIRECTORY,UNVERIFIED,unverified,stage-2.md,no
TK2-integer-pair-unsafe-api-control,"Inherited Stage 1 §§4,5,8 / Search, Booking form and Combined tables",95,2,"2,3,4",interface-engineer,interface-engineer,independent-verifier,"Stage 1 fixture capacity and positive party_size have no stated maximum. Later policy limits do not restrict the base fixture. Query decimal spelling is mandatory; JSON body evidence is checked by exact numeric value, not host floating point.",The exact plain-digit party-size API control offers the fitting singleton or declared pair.,4b92041057beb669d2e6c528e8268f4d0d1e6421,browser raw wire capture plus exact Python/Decimal HTTP oracle,integer-boundary,python3 evidence/independent-verifier/stage-2/browser.py --case integer-boundary --candidate FULL_REVISION --out NEW_DIRECTORY,UNVERIFIED,unverified,stage-2.md,no
TK2-integer-pair-unsafe-search-input,"Inherited Stage 1 §§4,5,8 / Search, Booking form and Combined tables",95,2,"2,3,4",interface-engineer,interface-engineer,independent-verifier,"Stage 1 fixture capacity and positive party_size have no stated maximum. Later policy limits do not restrict the base fixture. Query decimal spelling is mandatory; JSON body evidence is checked by exact numeric value, not host floating point.",The actual browser search input retains the entered plain-digit positive integer.,4b92041057beb669d2e6c528e8268f4d0d1e6421,browser raw wire capture plus exact Python/Decimal HTTP oracle,integer-boundary,python3 evidence/independent-verifier/stage-2/browser.py --case integer-boundary --candidate FULL_REVISION --out NEW_DIRECTORY,UNVERIFIED,unverified,stage-2.md,no
TK2-integer-pair-unsafe-query,"Inherited Stage 1 §§4,5,8 / Search, Booking form and Combined tables",95,2,"2,3,4",interface-engineer,interface-engineer,independent-verifier,"Stage 1 fixture capacity and positive party_size have no stated maximum. Later policy limits do not restrict the base fixture. Query decimal spelling is mandatory; JSON body evidence is checked by exact numeric value, not host floating point.","The actual browser emits that exact value as plain decimal query digits, without rounding or exponent notation.",4b92041057beb669d2e6c528e8268f4d0d1e6421,browser raw wire capture plus exact Python/Decimal HTTP oracle,integer-boundary,python3 evidence/independent-verifier/stage-2/browser.py --case integer-boundary --candidate FULL_REVISION --out NEW_DIRECTORY,UNVERIFIED,unverified,stage-2.md,no
TK2-integer-pair-unsafe-grid,"Inherited Stage 1 §§4,5,8 / Search, Booking form and Combined tables",95,2,"2,3,4",interface-engineer,interface-engineer,independent-verifier,"Stage 1 fixture capacity and positive party_size have no stated maximum. Later policy limits do not restrict the base fixture. Query decimal spelling is mandatory; JSON body evidence is checked by exact numeric value, not host floating point.",The fitting singleton/pair cell is available for the exact searched party size.,4b92041057beb669d2e6c528e8268f4d0d1e6421,browser raw wire capture plus exact Python/Decimal HTTP oracle,integer-boundary,python3 evidence/independent-verifier/stage-2/browser.py --case integer-boundary --candidate FULL_REVISION --out NEW_DIRECTORY,UNVERIFIED,unverified,stage-2.md,no
TK2-integer-pair-unsafe-prefill,"Inherited Stage 1 §§4,5,8 / Search, Booking form and Combined tables",95,2,"2,3,4",interface-engineer,interface-engineer,independent-verifier,"Stage 1 fixture capacity and positive party_size have no stated maximum. Later policy limits do not restrict the base fixture. Query decimal spelling is mandatory; JSON body evidence is checked by exact numeric value, not host floating point.","The booking party input is prefilled with the exact searched integer, without Number rounding.",4b92041057beb669d2e6c528e8268f4d0d1e6421,browser raw wire capture plus exact Python/Decimal HTTP oracle,integer-boundary,python3 evidence/independent-verifier/stage-2/browser.py --case integer-boundary --candidate FULL_REVISION --out NEW_DIRECTORY,UNVERIFIED,unverified,stage-2.md,no
TK2-integer-pair-unsafe-body,"Inherited Stage 1 §§4,5,8 / Search, Booking form and Combined tables",95,2,"2,3,4",interface-engineer,interface-engineer,independent-verifier,"Stage 1 fixture capacity and positive party_size have no stated maximum. Later policy limits do not restrict the base fixture. Query decimal spelling is mandatory; JSON body evidence is checked by exact numeric value, not host floating point.","The emitted request party_size is a JSON numeric value equal to the exact entered integer, not a rounded value or string.",4b92041057beb669d2e6c528e8268f4d0d1e6421,browser raw wire capture plus exact Python/Decimal HTTP oracle,integer-boundary,python3 evidence/independent-verifier/stage-2/browser.py --case integer-boundary --candidate FULL_REVISION --out NEW_DIRECTORY,UNVERIFIED,unverified,stage-2.md,no
TK2-integer-pair-unsafe-success,"Inherited Stage 1 §§4,5,8 / Search, Booking form and Combined tables",95,2,"2,3,4",interface-engineer,interface-engineer,independent-verifier,"Stage 1 fixture capacity and positive party_size have no stated maximum. Later policy limits do not restrict the base fixture. Query decimal spelling is mandatory; JSON body evidence is checked by exact numeric value, not host floating point.",The valid fitting exact-party request receives successful authoritative confirmation.,4b92041057beb669d2e6c528e8268f4d0d1e6421,browser raw wire capture plus exact Python/Decimal HTTP oracle,integer-boundary,python3 evidence/independent-verifier/stage-2/browser.py --case integer-boundary --candidate FULL_REVISION --out NEW_DIRECTORY,UNVERIFIED,unverified,stage-2.md,no
TK2-integer-pair-unsafe-stored,"Inherited Stage 1 §§4,5,8 / Search, Booking form and Combined tables",95,2,"2,3,4",interface-engineer,interface-engineer,independent-verifier,"Stage 1 fixture capacity and positive party_size have no stated maximum. Later policy limits do not restrict the base fixture. Query decimal spelling is mandatory; JSON body evidence is checked by exact numeric value, not host floating point.",The server's reservation lookup preserves the exact integer party_size.,4b92041057beb669d2e6c528e8268f4d0d1e6421,browser raw wire capture plus exact Python/Decimal HTTP oracle,integer-boundary,python3 evidence/independent-verifier/stage-2/browser.py --case integer-boundary --candidate FULL_REVISION --out NEW_DIRECTORY,UNVERIFIED,unverified,stage-2.md,no
TK2-integer-pair-unsafe-repeat-identity,"Inherited Stage 1 §§4,5,8 / Search, Booking form and Combined tables",95,2,"2,3,4",interface-engineer,interface-engineer,independent-verifier,"Stage 1 fixture capacity and positive party_size have no stated maximum. Later policy limits do not restrict the base fixture. Query decimal spelling is mandatory; JSON body evidence is checked by exact numeric value, not host floating point.",Unchanged large-integer resubmission retains the exact parsed JSON value and idempotency key; key order and whitespace remain immaterial.,4b92041057beb669d2e6c528e8268f4d0d1e6421,browser raw wire capture plus exact Python/Decimal HTTP oracle,integer-boundary,python3 evidence/independent-verifier/stage-2/browser.py --case integer-boundary --candidate FULL_REVISION --out NEW_DIRECTORY,UNVERIFIED,unverified,stage-2.md,no
TK2-integer-pair-unsafe-repeat-reference,"Inherited Stage 1 §§4,5,8 / Search, Booking form and Combined tables",95,2,"2,3,4",interface-engineer,interface-engineer,independent-verifier,"Stage 1 fixture capacity and positive party_size have no stated maximum. Later policy limits do not restrict the base fixture. Query decimal spelling is mandatory; JSON body evidence is checked by exact numeric value, not host floating point.",Unchanged large-integer resubmission recovers the same original reference with 200.,4b92041057beb669d2e6c528e8268f4d0d1e6421,browser raw wire capture plus exact Python/Decimal HTTP oracle,integer-boundary,python3 evidence/independent-verifier/stage-2/browser.py --case integer-boundary --candidate FULL_REVISION --out NEW_DIRECTORY,UNVERIFIED,unverified,stage-2.md,no
TK2-integer-pair-unsafe-one-record,"Inherited Stage 1 §§4,5,8 / Search, Booking form and Combined tables",95,2,"2,3,4",interface-engineer,interface-engineer,independent-verifier,"Stage 1 fixture capacity and positive party_size have no stated maximum. Later policy limits do not restrict the base fixture. Query decimal spelling is mandatory; JSON body evidence is checked by exact numeric value, not host floating point.",An unchanged large-integer resubmission leaves exactly one owned reservation.,4b92041057beb669d2e6c528e8268f4d0d1e6421,browser raw wire capture plus exact Python/Decimal HTTP oracle,integer-boundary,python3 evidence/independent-verifier/stage-2/browser.py --case integer-boundary --candidate FULL_REVISION --out NEW_DIRECTORY,UNVERIFIED,unverified,stage-2.md,no
TK2-integer-pair-scientific-reset,"Inherited Stage 1 §§4,5,8 / Search, Booking form and Combined tables",95,2,"2,3,4",interface-engineer,interface-engineer,independent-verifier,"Stage 1 fixture capacity and positive party_size have no stated maximum. Later policy limits do not restrict the base fixture. Query decimal spelling is mandatory; JSON body evidence is checked by exact numeric value, not host floating point.",A fitting base fixture with a positive integer capacity beyond 2^53 is accepted without an unstated numeric ceiling.,4b92041057beb669d2e6c528e8268f4d0d1e6421,browser raw wire capture plus exact Python/Decimal HTTP oracle,integer-boundary,python3 evidence/independent-verifier/stage-2/browser.py --case integer-boundary --candidate FULL_REVISION --out NEW_DIRECTORY,UNVERIFIED,unverified,stage-2.md,no
TK2-integer-pair-scientific-api-control,"Inherited Stage 1 §§4,5,8 / Search, Booking form and Combined tables",95,2,"2,3,4",interface-engineer,interface-engineer,independent-verifier,"Stage 1 fixture capacity and positive party_size have no stated maximum. Later policy limits do not restrict the base fixture. Query decimal spelling is mandatory; JSON body evidence is checked by exact numeric value, not host floating point.",The exact plain-digit party-size API control offers the fitting singleton or declared pair.,4b92041057beb669d2e6c528e8268f4d0d1e6421,browser raw wire capture plus exact Python/Decimal HTTP oracle,integer-boundary,python3 evidence/independent-verifier/stage-2/browser.py --case integer-boundary --candidate FULL_REVISION --out NEW_DIRECTORY,UNVERIFIED,unverified,stage-2.md,no
TK2-integer-pair-scientific-search-input,"Inherited Stage 1 §§4,5,8 / Search, Booking form and Combined tables",95,2,"2,3,4",interface-engineer,interface-engineer,independent-verifier,"Stage 1 fixture capacity and positive party_size have no stated maximum. Later policy limits do not restrict the base fixture. Query decimal spelling is mandatory; JSON body evidence is checked by exact numeric value, not host floating point.",The actual browser search input retains the entered plain-digit positive integer.,4b92041057beb669d2e6c528e8268f4d0d1e6421,browser raw wire capture plus exact Python/Decimal HTTP oracle,integer-boundary,python3 evidence/independent-verifier/stage-2/browser.py --case integer-boundary --candidate FULL_REVISION --out NEW_DIRECTORY,UNVERIFIED,unverified,stage-2.md,no
TK2-integer-pair-scientific-query,"Inherited Stage 1 §§4,5,8 / Search, Booking form and Combined tables",95,2,"2,3,4",interface-engineer,interface-engineer,independent-verifier,"Stage 1 fixture capacity and positive party_size have no stated maximum. Later policy limits do not restrict the base fixture. Query decimal spelling is mandatory; JSON body evidence is checked by exact numeric value, not host floating point.","The actual browser emits that exact value as plain decimal query digits, without rounding or exponent notation.",4b92041057beb669d2e6c528e8268f4d0d1e6421,browser raw wire capture plus exact Python/Decimal HTTP oracle,integer-boundary,python3 evidence/independent-verifier/stage-2/browser.py --case integer-boundary --candidate FULL_REVISION --out NEW_DIRECTORY,UNVERIFIED,unverified,stage-2.md,no
TK2-integer-pair-scientific-grid,"Inherited Stage 1 §§4,5,8 / Search, Booking form and Combined tables",95,2,"2,3,4",interface-engineer,interface-engineer,independent-verifier,"Stage 1 fixture capacity and positive party_size have no stated maximum. Later policy limits do not restrict the base fixture. Query decimal spelling is mandatory; JSON body evidence is checked by exact numeric value, not host floating point.",The fitting singleton/pair cell is available for the exact searched party size.,4b92041057beb669d2e6c528e8268f4d0d1e6421,browser raw wire capture plus exact Python/Decimal HTTP oracle,integer-boundary,python3 evidence/independent-verifier/stage-2/browser.py --case integer-boundary --candidate FULL_REVISION --out NEW_DIRECTORY,UNVERIFIED,unverified,stage-2.md,no
TK2-integer-pair-scientific-prefill,"Inherited Stage 1 §§4,5,8 / Search, Booking form and Combined tables",95,2,"2,3,4",interface-engineer,interface-engineer,independent-verifier,"Stage 1 fixture capacity and positive party_size have no stated maximum. Later policy limits do not restrict the base fixture. Query decimal spelling is mandatory; JSON body evidence is checked by exact numeric value, not host floating point.","The booking party input is prefilled with the exact searched integer, without Number rounding.",4b92041057beb669d2e6c528e8268f4d0d1e6421,browser raw wire capture plus exact Python/Decimal HTTP oracle,integer-boundary,python3 evidence/independent-verifier/stage-2/browser.py --case integer-boundary --candidate FULL_REVISION --out NEW_DIRECTORY,UNVERIFIED,unverified,stage-2.md,no
TK2-integer-pair-scientific-body,"Inherited Stage 1 §§4,5,8 / Search, Booking form and Combined tables",95,2,"2,3,4",interface-engineer,interface-engineer,independent-verifier,"Stage 1 fixture capacity and positive party_size have no stated maximum. Later policy limits do not restrict the base fixture. Query decimal spelling is mandatory; JSON body evidence is checked by exact numeric value, not host floating point.","The emitted request party_size is a JSON numeric value equal to the exact entered integer, not a rounded value or string.",4b92041057beb669d2e6c528e8268f4d0d1e6421,browser raw wire capture plus exact Python/Decimal HTTP oracle,integer-boundary,python3 evidence/independent-verifier/stage-2/browser.py --case integer-boundary --candidate FULL_REVISION --out NEW_DIRECTORY,UNVERIFIED,unverified,stage-2.md,no
TK2-integer-pair-scientific-success,"Inherited Stage 1 §§4,5,8 / Search, Booking form and Combined tables",95,2,"2,3,4",interface-engineer,interface-engineer,independent-verifier,"Stage 1 fixture capacity and positive party_size have no stated maximum. Later policy limits do not restrict the base fixture. Query decimal spelling is mandatory; JSON body evidence is checked by exact numeric value, not host floating point.",The valid fitting exact-party request receives successful authoritative confirmation.,4b92041057beb669d2e6c528e8268f4d0d1e6421,browser raw wire capture plus exact Python/Decimal HTTP oracle,integer-boundary,python3 evidence/independent-verifier/stage-2/browser.py --case integer-boundary --candidate FULL_REVISION --out NEW_DIRECTORY,UNVERIFIED,unverified,stage-2.md,no
TK2-integer-pair-scientific-stored,"Inherited Stage 1 §§4,5,8 / Search, Booking form and Combined tables",95,2,"2,3,4",interface-engineer,interface-engineer,independent-verifier,"Stage 1 fixture capacity and positive party_size have no stated maximum. Later policy limits do not restrict the base fixture. Query decimal spelling is mandatory; JSON body evidence is checked by exact numeric value, not host floating point.",The server's reservation lookup preserves the exact integer party_size.,4b92041057beb669d2e6c528e8268f4d0d1e6421,browser raw wire capture plus exact Python/Decimal HTTP oracle,integer-boundary,python3 evidence/independent-verifier/stage-2/browser.py --case integer-boundary --candidate FULL_REVISION --out NEW_DIRECTORY,UNVERIFIED,unverified,stage-2.md,no
TK2-integer-pair-scientific-repeat-identity,"Inherited Stage 1 §§4,5,8 / Search, Booking form and Combined tables",95,2,"2,3,4",interface-engineer,interface-engineer,independent-verifier,"Stage 1 fixture capacity and positive party_size have no stated maximum. Later policy limits do not restrict the base fixture. Query decimal spelling is mandatory; JSON body evidence is checked by exact numeric value, not host floating point.",Unchanged large-integer resubmission retains the exact parsed JSON value and idempotency key; key order and whitespace remain immaterial.,4b92041057beb669d2e6c528e8268f4d0d1e6421,browser raw wire capture plus exact Python/Decimal HTTP oracle,integer-boundary,python3 evidence/independent-verifier/stage-2/browser.py --case integer-boundary --candidate FULL_REVISION --out NEW_DIRECTORY,UNVERIFIED,unverified,stage-2.md,no
TK2-integer-pair-scientific-repeat-reference,"Inherited Stage 1 §§4,5,8 / Search, Booking form and Combined tables",95,2,"2,3,4",interface-engineer,interface-engineer,independent-verifier,"Stage 1 fixture capacity and positive party_size have no stated maximum. Later policy limits do not restrict the base fixture. Query decimal spelling is mandatory; JSON body evidence is checked by exact numeric value, not host floating point.",Unchanged large-integer resubmission recovers the same original reference with 200.,4b92041057beb669d2e6c528e8268f4d0d1e6421,browser raw wire capture plus exact Python/Decimal HTTP oracle,integer-boundary,python3 evidence/independent-verifier/stage-2/browser.py --case integer-boundary --candidate FULL_REVISION --out NEW_DIRECTORY,UNVERIFIED,unverified,stage-2.md,no
TK2-integer-pair-scientific-one-record,"Inherited Stage 1 §§4,5,8 / Search, Booking form and Combined tables",95,2,"2,3,4",interface-engineer,interface-engineer,independent-verifier,"Stage 1 fixture capacity and positive party_size have no stated maximum. Later policy limits do not restrict the base fixture. Query decimal spelling is mandatory; JSON body evidence is checked by exact numeric value, not host floating point.",An unchanged large-integer resubmission leaves exactly one owned reservation.,4b92041057beb669d2e6c528e8268f4d0d1e6421,browser raw wire capture plus exact Python/Decimal HTTP oracle,integer-boundary,python3 evidence/independent-verifier/stage-2/browser.py --case integer-boundary --candidate FULL_REVISION --out NEW_DIRECTORY,UNVERIFIED,unverified,stage-2.md,no
